pred,ref,image_path
La pasta del formaggio presenta una fessura e una piccola occhiatura.,La pasta del formaggio è disidratata.,data/data/images_flat/2020-2021_Trentingrana__VI bimestre__29°Seduta_07-04-2021__P5_TN_326_555_A_FETTA.bmp
La pasta del formaggio non è omogenea.,La pasta del formaggio presenta un aspetto a scaglie.,data/data/images_flat/2020-2021_Trentingrana__VI bimestre__29°Seduta_07-04-2021__P1_TN_302_851_B_FETTA.bmp
La pasta del formaggio presenta striature al centro e avvallamenti da spacco.,La pasta del formaggio presenta una frattura centrale di ampiezza pronunciata.,data/data/images_flat/2020-2021_Trentingrana__III bimestre__16°Seduta_18-12-2020__P4_TN323_813_FETTA_A.bmp
La pasta del formaggio presenta una frattura molto regolare e leggere striature al centro.,La pasta del formaggio presenta una grossa fessura centrale.,data/data/images_flat/2020-2021_Trentingrana__III bimestre__16°Seduta_18-12-2020__P4_TN323_813_FETTA_A.bmp
"La pasta del formaggio è granulosa con frattura non omogenea, rade occhiature e fratture.",La pasta del formaggio presenta una frattura evidente.,data/data/images_flat/2020-2021_Trentingrana__III bimestre__16°Seduta_18-12-2020__P4_TN323_813_FETTA_A.bmp
"La pasta del formaggio è stirata, piatta con microocchiature.",La pasta del formaggio presenta una fessura pronunciata al centro.,data/data/images_flat/2020-2021_Trentingrana__III bimestre__16°Seduta_18-12-2020__P4_TN323_813_FETTA_A.bmp
La pasta del formaggio presenta una leggera microocchiatura non diffusa.,La pasta del formaggio presenta una leggera microocchiatura.,data/data/images_flat/2020-2021_Trentingrana__III bimestre__14°Seduta_09-12-2020__P6_TN_330_435_FETTA_B.bmp
La pasta del formaggio è granulosa e regolare.,La pasta del formaggio presenta una microocchiatura appena visibile.,data/data/images_flat/2020-2021_Trentingrana__III bimestre__14°Seduta_09-12-2020__P6_TN_330_435_FETTA_B.bmp
La pasta del formaggio è di tipo sbrinz.,La pasta del formaggio è disomogenea e non compiuta nella struttura.,data/data/images_flat/2020-2021_Trentingrana__III bimestre__11°Seduta_19-11-2020__P4_TN319_793b_fetta.bmp
La pasta del formaggio è stirata al centro.,La pasta del formaggio presenta una piccola fessura.,data/data/images_flat/2020-2021_Trentingrana__III bimestre__11°Seduta_19-11-2020__P4_TN319_793b_fetta.bmp
La pasta del formaggio presenta una poca grana.,"La pasta del formaggio è a tratti quasi fine, in altri punti con grana non sviluppata e una fessura.",data/data/images_flat/2020-2021_Trentingrana__III bimestre__12°Seduta_25-11-2020___P5_TN328_182_FETTA_B.bmp
"La pasta del formaggio presenta tre grane diverse, quella centrale anomala.",La pasta del formaggio presenta una microocchiatura.,data/data/images_flat/2020-2021_Trentingrana__III bimestre__12°Seduta_25-11-2020___P6_TN330_714_FETTA_A.bmp
"La pasta del formaggio è stirata con bocciatura in zona centrale ampia, non uniformemente formata.",La pasta del formaggio presenta una microocchiatura diffusa.,data/data/images_flat/2020-2021_Trentingrana__III bimestre__12°Seduta_25-11-2020___P6_TN330_714_FETTA_A.bmp
"La pasta del formaggio presenta una microocchiatura concentrata su un lato, grandiosa ma con striature.",La pasta del formaggio presenta una zona a grana grossolana.,data/data/images_flat/2020-2021_Trentingrana__III bimestre__12°Seduta_25-11-2020___P6_TN330_714_FETTA_A.bmp
"La pasta del formaggio presenta una frattura irregolare, struttura eterogenea e stirata al centro.",La pasta del formaggio presenta una fessura e crepe in corrispondenza del segno esterno dell'ago.,data/data/images_flat/2020-2021_Trentingrana__III bimestre__15°Seduta_16-12-2020__P3_TN314_525_FETTA_A.bmp
"La pasta del formaggio presenta una frattura irregolare, struttura disomogenea e aree tendenti allo stirato.",La pasta del formaggio è a tratti non sviluppata e piatta.,data/data/images_flat/2020-2021_Trentingrana__III bimestre__15°Seduta_16-12-2020__P3_TN314_525_FETTA_A.bmp
"La pasta del formaggio è compatta con grana inesistente, asciutta e impastata, con cristalli poco percepibili.",La pasta del formaggio presenta fessurazione pronunciata.,data/data/images_flat/2020-2021_Trentingrana__III bimestre__15°Seduta_16-12-2020__P3_TN314_525_FETTA_A.bmp
"La pasta del formaggio presenta una frattura abbastanza regolare e grana visibile, senza occhiatura.",La pasta del formaggio presenta uno spacco ampio e ramificato.,data/data/images_flat/2020-2021_Trentingrana__III bimestre__15°Seduta_16-12-2020__P3_TN314_525_FETTA_A.bmp
"La pasta del formaggio presenta una grana grossa e struttura omogenea, leggera stiratura.",La pasta del formaggio presenta una grossa frattura interna.,data/data/images_flat/2020-2021_Trentingrana__III bimestre__15°Seduta_16-12-2020__P3_TN314_525_FETTA_A.bmp
"La pasta del formaggio non è omogenea, con area centrale tendente allo stirato e grossolana.",La pasta del formaggio presenta una fessura molto evidente.,data/data/images_flat/2020-2021_Trentingrana__III bimestre__15°Seduta_16-12-2020__P3_TN314_525_FETTA_A.bmp
"La pasta del formaggio presenta un'occhiatura fine e macchie bagnate nella metà della forma, grana fine; l'altra metà presenta grana più grossolana.","La pasta del formaggio presenta una grossa fessura piena di cristalli, circondata da zone con microocchiatura.",data/data/images_flat/2020-2021_Trentingrana__III bimestre__15°Seduta_16-12-2020__P3_TN314_525_FETTA_A.bmp
"La pasta del formaggio presenta una frattura regolare, microocchiatura prevalente al centro e occhio di dimensione medio-grande al centro.",La pasta del formaggio presenta un'area centrale dalla struttura ruvida.,data/data/images_flat/2020-2021_Trentingrana__IV bimestre__21°Seduta_10-02-2021__P5_TN323_892_FETTA_B.bmp
La pasta del formaggio è leggermente stirata.,"La pasta del formaggio presenta una bella struttura, grana omogenea e frattura netta, microocchiatura diffusa molto fine.",data/data/images_flat/2020-2021_Trentingrana__IV bimestre__21°Seduta_10-02-2021__P5_TN323_892_FETTA_B.bmp
La pasta del formaggio è dall'aspetto asciutto.,La pasta del formaggio presenta una microocchiatura diffusa.,data/data/images_flat/2020-2021_Trentingrana__IV bimestre__21°Seduta_10-02-2021__P5_TN323_892_FETTA_B.bmp
"La pasta del formaggio presenta una frattura abbastanza regolare e microocchiatura molto diffusa, estremamente sottile.",La pasta del formaggio presenta ampia e diffusa occhiatura al centro.,data/data/images_flat/2020-2021_Trentingrana__IV bimestre__21°Seduta_10-02-2021__P5_TN323_892_FETTA_B.bmp
La pasta del formaggio è rocciosa.,"La pasta del formaggio presenta una frattura irregolare, molto legata e compatta.",data/data/images_flat/2020-2021_Trentingrana__IV bimestre__21°Seduta_10-02-2021__P6_TN338_211_FETTA_B.bmp
"La pasta del formaggio presenta crepa, striature e spugnatura.",La pasta del formaggio presenta una struttura diversa tra il cuore e la periferia.,data/data/images_flat/2020-2021_Trentingrana__IV bimestre__21°Seduta_10-02-2021__P6_TN338_211_FETTA_B.bmp
"La pasta del formaggio presenta una frattura regolare, grana poco profilata con andamenti striati e lieve occhiatura.",La pasta del formaggio presenta una grana ben presente ma irregolare.,data/data/images_flat/2020-2021_Trentingrana__IV bimestre__21°Seduta_10-02-2021__P6_TN338_211_FETTA_B.bmp
La pasta del formaggio non è omogenea con cristalli e perle.,La pasta del formaggio presenta una fessura profonda al centro.,data/data/images_flat/2020-2021_Trentingrana__IV bimestre__17°Seduta_13-01-2021__P3_TN314_726_FETTA_A.bmp
"La pasta del formaggio presenta una frattura regolare, grana abbastanza fine, microocchiatura diffusa e presenza di un occhio di medio diametro.","La pasta del formaggio presenta una bella grana, una grossa fessura e occhiatura in zona d'angolo.",data/data/images_flat/2020-2021_Trentingrana__IV bimestre__17°Seduta_13-01-2021__P3_TN314_726_FETTA_A.bmp
"La pasta del formaggio non è omogenea, con area centrale tendente allo stirato e grossolana.",La pasta del formaggio presenta una fessura pronunciata.,data/data/images_flat/2020-2021_Trentingrana__IV bimestre__17°Seduta_13-01-2021__P3_TN314_726_FETTA_A.bmp
La pasta del formaggio presenta alcune aree stirate e frattura media.,La pasta del formaggio presenta una fessura consistente.,data/data/images_flat/2020-2021_Trentingrana__IV bimestre__17°Seduta_13-01-2021__P3_TN314_726_FETTA_A.bmp
La pasta del formaggio presenta molte piccole fratture al centro e sotto la superficie.,"La pasta del formaggio è compatta con struttura irregolare in diverse zone, non grandiosa.",data/data/images_flat/2020-2021_Trentingrana__I bimestre__16-09-2020_3° Seduta__P1a_TN304_Fetta.bmp
"La pasta del formaggio presenta una frattura abbastanza regolare, grana omogenea, cristalli su un lato e leggera microocchiatura.",La pasta del formaggio presenta qualche piccola fessura.,data/data/images_flat/2020-2021_Trentingrana__I bimestre__16-09-2020_3° Seduta__P1a_TN304_Fetta.bmp
La pasta del formaggio presenta qualche microocchiatura e alcune fenditure.,La pasta del formaggio presenta due fessure di dimensioni pronunciate.,data/data/images_flat/2020-2021_Trentingrana__I bimestre__16-09-2020_3° Seduta__P1a_TN304_Fetta.bmp
La pasta del formaggio presenta un alone centrale.,La pasta del formaggio presenta una grana grassa.,data/data/images_flat/2020-2021_Trentingrana__I bimestre__16-09-2020_3° Seduta__P5a_TN323_Fetta.bmp
"La pasta del formaggio è leggermente granulosa, stirata, con microocchiatura poco diffusa.",La pasta del formaggio presenta un'occhiatura e ristagno di siero.,data/data/images_flat/2020-2021_Trentingrana__I bimestre__16-09-2020_3° Seduta__P5a_TN323_Fetta.bmp
"La pasta del formaggio è stirata al centro con occhio grande, microocchiatura in zone, grana presente.",La pasta del formaggio presenta due piccole fessure.,data/data/images_flat/2020-2021_Trentingrana__I bimestre__16-09-2020_3° Seduta__P5a_TN323_Fetta.bmp
La pasta del formaggio è stirata e spugnosa.,La pasta del formaggio presenta una fessura molto fine.,data/data/images_flat/2020-2021_Trentingrana__I bimestre__09-09-2020_2° Seduta__P3b_TN307_Fetta.bmp
La pasta del formaggio è irregolare con stiratura nella parte centrale.,La pasta del formaggio è dall'aspetto molto asciutto.,data/data/images_flat/2020-2021_Trentingrana__I bimestre__09-09-2020_2° Seduta__P3b_TN307_Fetta.bmp
La pasta del formaggio presenta strappi e zona disomogenea sotto un'area compatta.,La pasta del formaggio presenta un taglio superficiale al centro.,data/data/images_flat/2020-2021_Trentingrana__I bimestre__09-09-2020_2° Seduta__P3b_TN307_Fetta.bmp
La pasta del formaggio presenta una microocchiatura.,La pasta del formaggio presenta una fessura molto fine.,data/data/images_flat/2020-2021_Trentingrana__I bimestre__09-09-2020_2° Seduta__P3a_TN307_Fetta.bmp
"La pasta del formaggio presenta una bella struttura fine al centro, grandiosa verso l'esterno.",La pasta del formaggio è dall'aspetto molto asciutto.,data/data/images_flat/2020-2021_Trentingrana__I bimestre__09-09-2020_2° Seduta__P3a_TN307_Fetta.bmp
La pasta del formaggio presenta una frattura regolare e bella grana regolare.,La pasta del formaggio presenta un taglio superficiale al centro.,data/data/images_flat/2020-2021_Trentingrana__I bimestre__09-09-2020_2° Seduta__P3a_TN307_Fetta.bmp
La pasta del formaggio presenta un'occhiatura e ristagno di siero.,La pasta del formaggio presenta fratture sotto una superficie piatta.,data/data/images_flat/2020-2021_Trentingrana__II bimestre__09-10-2020_6°Seduta__P4B_TN316_278 FETTA.bmp
La pasta del formaggio presenta una fessura sotto la frattura.,La pasta del formaggio presenta una bella struttura e microocchiatura diffusa.,data/data/images_flat/2020-2021_Trentingrana__II bimestre__09-10-2020_6°Seduta__P4B_TN316_278 FETTA.bmp
La pasta del formaggio presenta una frattura abbastanza regolare.,La pasta del formaggio presenta due zone a grappoli di occhiatura e piccoli ammassi bianchi.,data/data/images_flat/2020-2021_Trentingrana__II bimestre__09-10-2020_6°Seduta__P1B_TN305_584 FETTA.bmp
La pasta del formaggio presenta una microocchiatura e tagli.,La pasta del formaggio presenta un'occhiatura irregolare e problematica.,data/data/images_flat/2020-2021_Trentingrana__II bimestre__09-10-2020_6°Seduta__P1B_TN305_584 FETTA.bmp
La pasta del formaggio è granulosa.,La pasta del formaggio presenta un occhio di grande dimensione e microocchiatura diffusa.,data/data/images_flat/2020-2021_Trentingrana__II bimestre__09-10-2020_6°Seduta__P1B_TN305_584 FETTA.bmp
La pasta del formaggio è leggermente stirata con microocchiatura.,"La pasta del formaggio presenta un'occhiatura di medie dimensioni contenente siero e cristalli, accompagnata da un insieme di piccole occhiature unite al taglio centrale.",data/data/images_flat/2020-2021_Trentingrana__II bimestre__09-10-2020_6°Seduta__P1B_TN305_584 FETTA.bmp
La pasta del formaggio presenta una grana ben presente e microocchiature elevate.,La pasta del formaggio è ruvida.,data/data/images_flat/2020-2021_Trentingrana__II bimestre__10°Seduta_04-11-2020__P2A_TN306_735_fetta.bmp
"La pasta del formaggio presenta una bella grana, ma con una fessura.",La pasta del formaggio presenta una microocchiatura ridotta.,data/data/images_flat/2020-2021_Trentingrana__II bimestre__10°Seduta_04-11-2020__P2A_TN306_735_fetta.bmp
"La pasta del formaggio presenta una frattura regolare, grana grossolana al centro e due grandi fratture.",La pasta del formaggio è leggermente poco regolare.,data/data/images_flat/2020-2021_Trentingrana__II bimestre__28-10-2020_9°Seduta__P1A_TN302_527_FETTA.bmp
La pasta del formaggio presenta una frattura disomogenea e granulosa.,La pasta del formaggio presenta una microocchiatura in zone molto limitate.,data/data/images_flat/2020-2021_Trentingrana__II bimestre__21-10-2020_8°Seduta__P6B_TN330_165FETTA.bmp
La pasta del formaggio presenta macchie.,La pasta del formaggio presenta una microocchiatura raggruppata al centro e più distanziata nel resto della forma.,data/data/images_flat/2020-2021_Trentingrana__II bimestre__21-10-2020_8°Seduta__P6B_TN330_165FETTA.bmp
La pasta del formaggio presenta una frattura.,La pasta del formaggio presenta una grana meno sviluppata in zone limitate.,data/data/images_flat/2020-2021_Trentingrana__II bimestre__21-10-2020_8°Seduta__P5A_TN328_354FETTA.bmp
"La pasta del formaggio è leggermente disomogenea tra le due metà, con leggera stiratura.",La pasta del formaggio presenta due aree spaccate di dimensioni rilevanti.,data/data/images_flat/2020-2021_Trentingrana__II bimestre__21-10-2020_8°Seduta__P5A_TN328_354FETTA.bmp
La pasta del formaggio presenta una microocchiatura e frattura centrale.,La pasta del formaggio presenta un grande occhio localizzato subito sotto la superficie.,data/data/images_flat/2020-2021_Trentingrana__II bimestre__21-10-2020_8°Seduta__P4A_TN323_443FETTA.bmp
La pasta del formaggio è a grana grossa.,La pasta del formaggio presenta una grande cavità centrale.,data/data/images_flat/2020-2021_Trentingrana__II bimestre__21-10-2020_8°Seduta__P4A_TN323_443FETTA.bmp
La pasta del formaggio è granulosa omogenea.,La pasta del formaggio presenta un grosso occhio contenente siero.,data/data/images_flat/2020-2021_Trentingrana__II bimestre__21-10-2020_8°Seduta__P4A_TN323_443FETTA.bmp
La pasta del formaggio presenta una microocchiatura concentrata al centro.,La pasta del formaggio presenta un ampio occhio centrale molto profondo circondato da un'estesa zona spugnosa.,data/data/images_flat/2020-2021_Trentingrana__II bimestre__21-10-2020_8°Seduta__P4A_TN323_443FETTA.bmp
La pasta del formaggio presenta un'bella occhiatura leggera.,La pasta del formaggio presenta un grande occhio centrale.,data/data/images_flat/2020-2021_Trentingrana__II bimestre__21-10-2020_8°Seduta__P4A_TN323_443FETTA.bmp
"La pasta del formaggio presenta una frattura regolare, grana presente e ben definita.",La pasta del formaggio è stirata con microocchiature centrali e frattura arrotondata.,data/data/images_flat/2018-2019_Trentingrana__2019-01-16__P4a_319_fetta.bmp
"La pasta del formaggio presenta scaglie, struttura piatta nella zona inferiore.",La pasta del formaggio è nettamente stirata al centro con occhiatura centrale di una certa dimensione e frattura buona.,data/data/images_flat/2018-2019_Trentingrana__2019-01-16__P4a_319_fetta.bmp
La pasta del formaggio è granulosa e omogenea.,La pasta del formaggio è stirata.,data/data/images_flat/2018-2019_Trentingrana__2019-01-16__P4a_319_fetta.bmp
La pasta del formaggio è abbastanza regolare con cristalli bianchi.,La pasta del formaggio presenta una frattura irregolare e microocchiatura localizzata.,data/data/images_flat/2018-2019_Trentingrana__2019-01-16__P4a_319_fetta.bmp
La pasta del formaggio presenta un taglio.,La pasta del formaggio presenta una microocchiatura e zone stirate.,data/data/images_flat/2018-2019_Trentingrana__2019-01-16__P4a_319_fetta.bmp
"La pasta del formaggio è disomogenea con occhiatura e spacchi, grana grossa.","La pasta del formaggio è stirata soprattutto al centro, con microocchiatura in una zona.",data/data/images_flat/2018-2019_Trentingrana__2019-01-16__P4a_319_fetta.bmp
La pasta del formaggio presenta un'occhiatura centrale di diametro medio.,"La pasta del formaggio è stirata al centro, con leggera occhiatura e frattura abbastanza regolare.",data/data/images_flat/2018-2019_Trentingrana__2019-01-16__P4a_319_fetta.bmp
La pasta del formaggio presenta una frattura grossolana e bella grana.,La pasta del formaggio è stirata in una grande area con occhiatura non trascurabile.,data/data/images_flat/2018-2019_Trentingrana__2019-01-16__P4a_319_fetta.bmp
"La pasta del formaggio presenta una frattura irregolare, grana poco disomogenea, piccoli cristalli bianchi, una piccola occhiatura e microocchiatura.",La pasta del formaggio è visibilmente stirata con microocchiatura a tratti.,data/data/images_flat/2018-2019_Trentingrana__2019-01-16__P4a_319_fetta.bmp
"La pasta del formaggio è grossolana e fine, omogenea, con bella frattura.","La pasta del formaggio è stirata fortemente al centro con abbondante occhiatura, anche grossa, nella zona centrale.",data/data/images_flat/2018-2019_Trentingrana__2019-01-16__P4a_319_fetta.bmp
La pasta del formaggio è stirata con fratture profonde.,"La pasta del formaggio presenta una frattura irregolare, impugnatura evidente al centro e bocciatura media grossolana.",data/data/images_flat/2018-2019_Trentingrana__2019-01-16__P4a_319_fetta.bmp
"La pasta del formaggio presenta una frattura irregolare, zona sottostante piatta che si sgretola, con leggero strappo.","La pasta del formaggio è abbastanza fine con striature, uno strappo, cristalli ben visibili e qualche perla.",data/data/images_flat/2018-2019_Trentingrana__2019-01-16__P3a_316_fetta.bmp
La pasta del formaggio presenta qualche microocchiatura al centro e bella grana.,"La pasta del formaggio presenta uno spacco, buona grana fine e fibre centrali discretamente orientate.",data/data/images_flat/2018-2019_Trentingrana__2019-01-16__P3a_316_fetta.bmp
La pasta del formaggio è omogenea e granulosa con frattura regolare.,La pasta del formaggio presenta una frattura regolare e una crepa interna.,data/data/images_flat/2018-2019_Trentingrana__2019-01-16__P3a_316_fetta.bmp
La pasta del formaggio presenta una frattura irregolare e struttura regolare.,La pasta del formaggio presenta uno spacco.,data/data/images_flat/2018-2019_Trentingrana__2019-01-16__P3a_316_fetta.bmp
La pasta del formaggio presenta una grana poco sviluppata.,"La pasta del formaggio presenta una frattura regolare, compatta e poco grandiosa, con una fessura.",data/data/images_flat/2018-2019_Trentingrana__2019-01-16__P3a_316_fetta.bmp
La pasta del formaggio presenta una fessura grande e grana fine con tendenza a piccoli granuli.,La pasta del formaggio presenta strappo evidente.,data/data/images_flat/2018-2019_Trentingrana__2019-01-16__P3a_316_fetta.bmp
La pasta del formaggio è granulosa.,"La pasta del formaggio presenta una frattura regolare ma presenza di spacco, grana non molto profilata.",data/data/images_flat/2018-2019_Trentingrana__2019-01-16__P3a_316_fetta.bmp
La pasta del formaggio presenta una fessura pronunciata al centro.,"La pasta del formaggio presenta una grossa fessura, grana poco formata e stiratura.",data/data/images_flat/2018-2019_Trentingrana__2019-01-16__P3a_316_fetta.bmp
"La pasta del formaggio presenta una microocchiatura diffusa ma rada, sottile e disomogenea, con piccoli strappi e struttura granulosa e grossolana.",La pasta del formaggio presenta una frattura regolare e sfogliatura evidente.,data/data/images_flat/2018-2019_Trentingrana__2019-01-16__P3a_316_fetta.bmp
La pasta del formaggio è irregolare con zona centrale caratterizzata da strappi fitti e piccoli.,"La pasta del formaggio presenta una frattura irregolare, grana fine e microocchiatura molto fitta anche sotto crosta.",data/data/images_flat/2018-2019_Trentingrana__2019-01-16__P2b_313_fetta.bmp
"La pasta del formaggio presenta una frattura irregolare caratterizzata da profondi avvallamenti, uno strappo e microocchiatura fitta al centro.","La pasta del formaggio presenta un'occhiatura nel terzo centrale, buona frattura e grana non omogenea per discrezionalità al centro; il rimanente non è fine.",data/data/images_flat/2018-2019_Trentingrana__2019-01-16__P2b_313_fetta.bmp
"La pasta del formaggio è stirata, spinosa, con occhiatura e fratture.",La pasta del formaggio è stirata con numerosa occhiatura.,data/data/images_flat/2018-2019_Trentingrana__2019-01-16__P2b_313_fetta.bmp
"La pasta del formaggio presenta una grana regolare e poco grossa, una piccola frattura al centro.",La pasta del formaggio presenta una frattura irregolare e microocchiatura diffusa.,data/data/images_flat/2018-2019_Trentingrana__2019-01-16__P2b_313_fetta.bmp
La pasta del formaggio presenta una microocchiatura estesa.,"La pasta del formaggio presenta una microocchiatura diffusa, zone stirate e occhiatura di notevoli dimensioni in prossimità della sottocrosta.",data/data/images_flat/2018-2019_Trentingrana__2019-01-16__P2b_313_fetta.bmp
La pasta del formaggio presenta una microocchiatura diffusa.,La pasta del formaggio è in parte stirata e non omogenea.,data/data/images_flat/2018-2019_Trentingrana__2019-01-16__P2b_313_fetta.bmp
La pasta del formaggio è molto grossolana con spaccatura evidente e leggera stiratura.,"La pasta del formaggio è spinosa, non regolare con occhiatura diffusa.",data/data/images_flat/2018-2019_Trentingrana__2019-01-16__P2b_313_fetta.bmp
La pasta del formaggio è regolare con un occhio al centro.,"La pasta del formaggio è stirata, con occhiatura diffusa soprattutto in una metà della forma e sotto un piatto nell'altra metà.",data/data/images_flat/2018-2019_Trentingrana__2019-01-16__P2b_313_fetta.bmp
La pasta del formaggio è grossolana con zone caratterizzate da micro fratture e microocchiature.,"La pasta del formaggio è difettosa, stirata, con zona con microocchiatura diffusa.",data/data/images_flat/2018-2019_Trentingrana__2019-01-16__P2b_313_fetta.bmp
"La pasta del formaggio presenta una frattura regolare, granulosa, priva di occhiatura.","La pasta del formaggio presenta una frattura evidente e striature, struttura assente.",data/data/images_flat/2018-2019_Trentingrana__2019-01-16__P2b_313_fetta.bmp
La pasta del formaggio presenta una microocchiatura abbondante tendente allo spugnoso e sfumatura centrale.,"La pasta del formaggio presenta un lato spugnoso e struttura disomogenea, colore paglierino carico.",data/data/images_flat/2018-2019_Trentingrana__2019-01-16__P2b_313_fetta.bmp
La pasta del formaggio presenta rade microocchiature e qualche zona stirata.,"La pasta del formaggio è irregolare e gessata, non dovuta a macchie di umidità.",data/data/images_flat/2018-2019_Trentingrana__2018-10-03__P6b_330_fetta.bmp
La pasta del formaggio è leggermente stirata con qualche spacco.,La pasta del formaggio è irregolare con zona centrale caratterizzata da strappi fitti e piccoli.,data/data/images_flat/2018-2019_Trentingrana__2018-10-03__P6b_330_fetta.bmp
La pasta del formaggio presenta striature pronunciate.,"La pasta del formaggio è grandiosa e leggermente grossolana, con lieve struttura centrale e frattura ottima.",data/data/images_flat/2018-2019_Trentingrana__2018-10-03__P6b_330_fetta.bmp
La pasta del formaggio presenta una bella grana fine.,La pasta del formaggio è omogenea.,data/data/images_flat/2018-2019_Trentingrana__2018-10-03__P6b_330_fetta.bmp
La pasta del formaggio è parzialmente stirata.,"La pasta del formaggio presenta zone umide e più chiare, leggera frattura su un piatto.",data/data/images_flat/2018-2019_Trentingrana__2018-10-03__P6b_330_fetta.bmp
La pasta del formaggio è rocciosa.,La pasta del formaggio è sfogliata e gessata.,data/data/images_flat/2018-2019_Trentingrana__2018-10-03__P6b_330_fetta.bmp
La pasta del formaggio è granulosa.,"La pasta del formaggio presenta rigeneratrice nel senso del piatto, altrimenti grana omogenea.",data/data/images_flat/2018-2019_Trentingrana__2018-10-03__P6b_330_fetta.bmp
"La pasta del formaggio presenta una frattura irregolare caratterizzata da profondi avvallamenti, uno strappo e microocchiatura fitta al centro.",La pasta del formaggio presenta piccoli spacchi e grana non bella.,data/data/images_flat/2018-2019_Trentingrana__2018-10-03__P6b_330_fetta.bmp
La pasta del formaggio è stirata con occhiatura poco formata.,La pasta del formaggio è stirata al centro con diversi micro strappi e disomogenea.,data/data/images_flat/2018-2019_Trentingrana__2018-10-03__P6b_330_fetta.bmp
"La pasta del formaggio presenta una frattura regolare, granulosa, priva di occhiatura.","La pasta del formaggio presenta una bella frattura e grana presente, zona tendente allo stirato e alla foglia, aree umide quasi gessate.",data/data/images_flat/2018-2019_Trentingrana__2018-10-03__P6b_330_fetta.bmp
La pasta del formaggio presenta una grana grossolana.,La pasta del formaggio è grandiosa e grossolana.,data/data/images_flat/2018-2019_Trentingrana__2018-10-03__P6b_330_fetta.bmp
La pasta del formaggio non è omogenea con microocchiatura diffusa e un occhio di dimensioni medie.,La pasta del formaggio non è omogenea con aree stirate.,data/data/images_flat/2018-2019_Trentingrana__2018-10-03__P2b_305_fetta.bmp
La pasta del formaggio presenta una grana grossa ma omogenea e frattura regolare.,La pasta del formaggio è stirata con frattura circolare e microocchiatura fine.,data/data/images_flat/2018-2019_Trentingrana__2018-10-03__P2b_305_fetta.bmp
"La pasta del formaggio è tendente a sgretolarsi e disidratata verso l'esterno, con microocchiature inferiori.","La pasta del formaggio è a tratti poco evoluta e leggermente stirata, con frattura buona.",data/data/images_flat/2018-2019_Trentingrana__2018-10-03__P2b_305_fetta.bmp
La pasta del formaggio presenta una fitta microocchiatura.,La pasta del formaggio presenta cristalli e occhiatura centrale.,data/data/images_flat/2018-2019_Trentingrana__2018-10-03__P2b_305_fetta.bmp
La pasta del formaggio presenta una microocchiatura diffusa e aspetto leggermente gessato.,"La pasta del formaggio è stirata con microocchiatura al centro, disomogenea e gessata.",data/data/images_flat/2018-2019_Trentingrana__2018-10-03__P2b_305_fetta.bmp
"La pasta del formaggio presenta una frattura irregolare, grana pronunciata e ben distribuita.",La pasta del formaggio presenta una microocchiatura centrale.,data/data/images_flat/2018-2019_Trentingrana__2018-10-03__P2b_305_fetta.bmp
La pasta del formaggio presenta un paio di spacchi e qualche microocchiatura.,"La pasta del formaggio presenta qualche frattura, microocchiatura diffusa e leggera stiratura, disomogenea.",data/data/images_flat/2018-2019_Trentingrana__2018-10-03__P2b_305_fetta.bmp
"La pasta del formaggio presenta una microocchiatura fine e rada, struttura fine, tendente a essere più asciutta verso una zona.","La pasta del formaggio presenta una frattura regolare, stiratura a tratti e micro occhiatura.",data/data/images_flat/2018-2019_Trentingrana__2018-10-03__P2b_305_fetta.bmp
"La pasta del formaggio presenta una frattura abbastanza regolare, struttura granulosa con leggera microocchiatura diffusa ma rada.",La pasta del formaggio è leggermente stirata con poco agglomerato congelato.,data/data/images_flat/2018-2019_Trentingrana__2018-10-03__P2b_305_fetta.bmp
"La pasta del formaggio presenta una frattura a grana non omogenea, striature e microocchiature.",La pasta del formaggio non è omogenea con aree stirate.,data/data/images_flat/2018-2019_Trentingrana__2018-10-03__P2a_305_fetta.bmp
La pasta del formaggio presenta una grana poco grossa e frattura poco irregolare.,La pasta del formaggio è stirata con frattura circolare e microocchiatura fine.,data/data/images_flat/2018-2019_Trentingrana__2018-10-03__P2a_305_fetta.bmp
La pasta del formaggio è granulosa relativamente omogenea con spaccature e leggera stiratura al centro.,"La pasta del formaggio è a tratti poco evoluta e leggermente stirata, con frattura buona.",data/data/images_flat/2018-2019_Trentingrana__2018-10-03__P2a_305_fetta.bmp
La pasta del formaggio presenta una struttura tendente al pratomagno.,La pasta del formaggio presenta cristalli e occhiatura centrale.,data/data/images_flat/2018-2019_Trentingrana__2018-10-03__P2a_305_fetta.bmp
La pasta del formaggio è granulosa.,"La pasta del formaggio è stirata con microocchiatura al centro, disomogenea e gessata.",data/data/images_flat/2018-2019_Trentingrana__2018-10-03__P2a_305_fetta.bmp
La pasta del formaggio presenta una frattura regolare e struttura granulare omogenea.,La pasta del formaggio presenta una microocchiatura centrale.,data/data/images_flat/2018-2019_Trentingrana__2018-10-03__P2a_305_fetta.bmp
La pasta del formaggio presenta un ampio occhio centrale molto profondo circondato da un'estesa zona spugnosa.,"La pasta del formaggio presenta qualche frattura, microocchiatura diffusa e leggera stiratura, disomogenea.",data/data/images_flat/2018-2019_Trentingrana__2018-10-03__P2a_305_fetta.bmp
La pasta del formaggio è leggermente microocchiata con zone leggermente stirate.,"La pasta del formaggio presenta una frattura regolare, stiratura a tratti e micro occhiatura.",data/data/images_flat/2018-2019_Trentingrana__2018-10-03__P2a_305_fetta.bmp
"La pasta del formaggio presenta una grana grossolana, occhiatura frequente ma piccola, e frattura media omogenea.",La pasta del formaggio è leggermente stirata con poco agglomerato congelato.,data/data/images_flat/2018-2019_Trentingrana__2018-10-03__P2a_305_fetta.bmp
La pasta del formaggio presenta una struttura grandiosa e regolare.,"La pasta del formaggio presenta una microocchiatura diffusa, non regolare.",data/data/images_flat/2018-2019_Trentingrana__2019-02-06__P3b_306_fetta.bmp
"La pasta del formaggio presenta una buona frattura, microocchiatura diffusa anche di grandi dimensioni, grana omogenea e fine.",La pasta del formaggio è leggermente disomogenea con fitta microocchiatura nella parte centrale.,data/data/images_flat/2018-2019_Trentingrana__2019-02-06__P3b_306_fetta.bmp
"La pasta del formaggio presenta un'occhiatura, anche di dimensioni pronunciate, presente prevalentemente su un lato.",La pasta del formaggio presenta una bella grana fine e microocchiatura di scarso rilievo.,data/data/images_flat/2018-2019_Trentingrana__2019-02-06__P3b_306_fetta.bmp
"La pasta del formaggio presenta una frattura regolare in una metà caratterizzata da piccoli strappi, uno centrale, e nell'altra metà bella grana.",La pasta del formaggio è leggermente stirata.,data/data/images_flat/2018-2019_Trentingrana__2019-02-06__P3b_306_fetta.bmp
La pasta del formaggio presenta una microocchiatura limitata.,La pasta del formaggio presenta striature e microocchiature al centro.,data/data/images_flat/2018-2019_Trentingrana__2019-02-06__P3b_306_fetta.bmp
"La pasta del formaggio non è omogenea ma granulosa, con frattura irregolare.",La pasta del formaggio presenta una microocchiatura.,data/data/images_flat/2018-2019_Trentingrana__2019-02-06__P3b_306_fetta.bmp
"La pasta del formaggio presenta una frattura irregolare, stirata al centro.",La pasta del formaggio è granulare con stiratura centrale e microocchiatura.,data/data/images_flat/2018-2019_Trentingrana__2019-02-06__P3b_306_fetta.bmp
La pasta del formaggio è sottile sui piatti.,"La pasta del formaggio presenta sfoglia e microocchiature centrali, grana leggermente arrotondata.",data/data/images_flat/2018-2019_Trentingrana__2019-02-06__P3b_306_fetta.bmp
La pasta del formaggio presenta una frattura regolare ma spacco e disidratazione centrale.,La pasta del formaggio presenta una microocchiatura centrale che compromette leggermente una struttura altrimenti buona.,data/data/images_flat/2018-2019_Trentingrana__2019-02-06__P3b_306_fetta.bmp
La pasta del formaggio presenta due grosse fessure e grana tendente al fine.,La pasta del formaggio è omogenea con bella grana fine e frattura regolare.,data/data/images_flat/2018-2019_Trentingrana__2019-02-06__P3b_306_fetta.bmp
La pasta del formaggio presenta una fessura e una piccola occhiatura.,La pasta del formaggio è a grana fine con ampia zona occhiata.,data/data/images_flat/2018-2019_Trentingrana__2019-02-06__P3b_306_fetta.bmp
"La pasta del formaggio presenta fessure, grande occhiatura, due zone spugnose.",La pasta del formaggio presenta una frattura regolare e grana grossolana.,data/data/images_flat/2018-2019_Trentingrana__2019-02-06__P3b_306_fetta.bmp
La pasta del formaggio presenta una frattura regolare e impugnatura presente e diffusa.,"La pasta del formaggio presenta una microocchiatura diffusa circa metà forma, stirata, non omogenea e non regolare.",data/data/images_flat/2018-2019_Trentingrana__2019-03-06__P5a_319_fetta.bmp
La pasta del formaggio è stirata.,La pasta del formaggio presenta una microocchiatura fitta e grana stirata in parte.,data/data/images_flat/2018-2019_Trentingrana__2019-03-06__P5a_319_fetta.bmp
"La pasta del formaggio presenta una frattura irregolare, vuoto centrale e disomogeneità; la parte centrale è grossolanamente stirata.","La pasta del formaggio presenta una microocchiatura anche grossa in ampia area e struttura non omogenea, con centro non definito.",data/data/images_flat/2018-2019_Trentingrana__2019-03-06__P5a_319_fetta.bmp
La pasta del formaggio presenta una microocchiatura nella fascia centrale che la rende spugnosa.,La pasta del formaggio presenta una frattura regolare ma occhiatura importante diffusa.,data/data/images_flat/2018-2019_Trentingrana__2019-03-06__P5a_319_fetta.bmp
"La pasta del formaggio è disomogenea, fine e granulosa.","La pasta del formaggio non è omogenea, in parte stirata con occhiatura piccola e media, aspetto spugnoso al centro.",data/data/images_flat/2018-2019_Trentingrana__2019-03-06__P5a_319_fetta.bmp
"La pasta del formaggio è granulosa con frattura non omogenea, rade occhiature e fratture.","La pasta del formaggio presenta una frattura abbastanza regolare, struttura stirata e compatta, microocchiatura diffusa su tutta la superficie.",data/data/images_flat/2018-2019_Trentingrana__2019-03-06__P5a_319_fetta.bmp
La pasta del formaggio è a scaglie sotto la zona appiattita.,La pasta del formaggio è quasi stirata con microocchiatura diffusa.,data/data/images_flat/2018-2019_Trentingrana__2019-03-06__P5a_319_fetta.bmp
La pasta del formaggio presenta una bella grana e frattura regolare.,"La pasta del formaggio presenta una microocchiatura presente anche di dimensioni medie, grana media e fine, frattura irregolare.",data/data/images_flat/2018-2019_Trentingrana__2019-03-06__P5a_319_fetta.bmp
La pasta del formaggio è stirata e spugnosa.,La pasta del formaggio presenta una grana poco formata e grandi occhiature.,data/data/images_flat/2018-2019_Trentingrana__2019-03-06__P5a_319_fetta.bmp
La pasta del formaggio presenta zone stirate.,La pasta del formaggio è a frattura regolare.,data/data/images_flat/2018-2019_Trentingrana__2019-03-06__P6b_323_fetta.bmp
"La pasta del formaggio è sfatta, disunita e sabbiosa.","La pasta del formaggio presenta una frattura leggermente irregolare, grana fine e microocchiatura diffusa.",data/data/images_flat/2018-2019_Trentingrana__2019-03-06__P6b_323_fetta.bmp
La pasta del formaggio è leggermente stirata con occhiature nella zona centrale.,La pasta del formaggio presenta una frattura regolare e grana fine.,data/data/images_flat/2018-2019_Trentingrana__2019-03-06__P6b_323_fetta.bmp
La pasta del formaggio è meno evoluta verso i piatti.,La pasta del formaggio presenta una frattura regolare e struttura granulare omogenea.,data/data/images_flat/2018-2019_Trentingrana__2019-03-06__P6b_323_fetta.bmp
La pasta del formaggio presenta una frattura regolare ma occhiatura importante diffusa.,La pasta del formaggio presenta una frattura regolare e bella grana.,data/data/images_flat/2018-2019_Trentingrana__2019-03-06__P6b_323_fetta.bmp
La pasta del formaggio presenta zone leggermente stirate.,La pasta del formaggio presenta una bella grana fine e frattura regolare.,data/data/images_flat/2018-2019_Trentingrana__2019-03-06__P6b_323_fetta.bmp
La pasta del formaggio è disidratata.,La pasta del formaggio è di bella struttura senza difetti.,data/data/images_flat/2018-2019_Trentingrana__2019-03-06__P6b_323_fetta.bmp
La pasta del formaggio è stirata con frattura a arco fitta e microocchiatura diffusa.,La pasta del formaggio presenta una grana grossolana.,data/data/images_flat/2018-2019_Trentingrana__2018-11-21__P1a_302_fetta.bmp
"La pasta del formaggio presenta una frattura regolare, leggermente stirata al centro.",La pasta del formaggio è leggermente stirata.,data/data/images_flat/2018-2019_Trentingrana__2018-11-21__P1a_302_fetta.bmp
La pasta del formaggio presenta un difetto strutturale su un lato.,La pasta del formaggio presenta una grana molto omogenea.,data/data/images_flat/2018-2019_Trentingrana__2018-11-21__P1a_302_fetta.bmp
La pasta del formaggio presenta un taglio regolare ma con una grande zona centrale spinosa e fratturata.,"La pasta del formaggio è nebulosa, abbastanza regolare.",data/data/images_flat/2018-2019_Trentingrana__2018-11-21__P1a_302_fetta.bmp
"La pasta del formaggio presenta una grana grossolana, qualche occhiatura e frattura media.",La pasta del formaggio presenta una parte stirata ma altra zona a grana bella.,data/data/images_flat/2018-2019_Trentingrana__2018-11-21__P1a_302_fetta.bmp
"La pasta del formaggio presenta una frattura irregolare, striature e microocchiature.","La pasta del formaggio è molto granulosa, tendente a grossolana.",data/data/images_flat/2018-2019_Trentingrana__2018-11-21__P1a_302_fetta.bmp
La pasta del formaggio è granulosa.,"La pasta del formaggio presenta una grana grossolana, frattura variabile e molti cristalli.",data/data/images_flat/2018-2019_Trentingrana__2018-11-21__P1a_302_fetta.bmp
La pasta del formaggio è granulosa con microocchiatura e disomogenea.,"La pasta del formaggio presenta una bella grana leggermente stirata, qualche occhiatura grossa e frattura irregolare.",data/data/images_flat/2018-2019_Trentingrana__2018-11-21__P1a_302_fetta.bmp
La pasta del formaggio è mista ma regolare.,"La pasta del formaggio presenta una microocchiatura diffusa, mista e ruvida.",data/data/images_flat/2018-2019_Trentingrana__2018-11-21__P6a_323_fetta.bmp
"La pasta del formaggio presenta una microocchiatura fine in diversi punti, striature accennate a diversi versi e fratture.",La pasta del formaggio presenta una microocchiatura diffusa.,data/data/images_flat/2018-2019_Trentingrana__2018-11-21__P6a_323_fetta.bmp
La pasta del formaggio presenta un'ampia area spugnosa.,La pasta del formaggio presenta una microocchiatura molto diffusa e qualche bolla.,data/data/images_flat/2018-2019_Trentingrana__2018-11-21__P6a_323_fetta.bmp
La pasta del formaggio è a grana grossolana.,La pasta del formaggio presenta una microocchiatura.,data/data/images_flat/2018-2019_Trentingrana__2018-11-21__P6a_323_fetta.bmp
La pasta del formaggio presenta punti lisci e disomogeneità.,La pasta del formaggio presenta una microocchiatura diffusa.,data/data/images_flat/2018-2019_Trentingrana__2018-11-21__P6a_323_fetta.bmp
La pasta del formaggio è leggermente stirata.,La pasta del formaggio presenta microocchiature nella parte centrale e grana abbastanza bella.,data/data/images_flat/2018-2019_Trentingrana__2018-11-21__P6a_323_fetta.bmp
"La pasta del formaggio presenta un'occhiatura di medie dimensioni, struttura molto grossolana ma abbastanza regolare.",La pasta del formaggio presenta una buona granulosità e microocchiatura diffusa al centro.,data/data/images_flat/2018-2019_Trentingrana__2018-11-21__P6a_323_fetta.bmp
"La pasta del formaggio presenta una microocchiatura, una fessura e struttura grossolana.",La pasta del formaggio presenta una bella grana fine e frattura omogenea.,data/data/images_flat/2018-2019_Trentingrana__2018-11-21__P6a_323_fetta.bmp
"La pasta del formaggio presenta piccole fratture regolari, leggermente disomogenea e granulosa.",La pasta del formaggio presenta una grana grossolana e ampia zona di occhiatura.,data/data/images_flat/2018-2019_Trentingrana__2018-11-21__P6a_323_fetta.bmp
La pasta del formaggio presenta microocchiature centrali e striatura nella parte centrale.,La pasta del formaggio è stirata.,data/data/images_flat/2018-2019_Trentingrana__2018-09-12__P4b_314_fetta.bmp
La pasta del formaggio è abbastanza regolare con cristalli bianchi.,La pasta del formaggio è tendente allo stirato con qualche occhiatura.,data/data/images_flat/2018-2019_Trentingrana__2018-09-12__P4b_314_fetta.bmp
La pasta del formaggio presenta una disidratazione più presente nei piatti.,"La pasta del formaggio presenta una frattura omogenea, struttura ruvida e grossolana che tende a farsi più fine verso il centro.",data/data/images_flat/2018-2019_Trentingrana__2018-09-12__P4b_314_fetta.bmp
La pasta del formaggio presenta numerose fessure diffuse su tutta la superficie e grana grossolana in alcuni punti.,La pasta del formaggio è leggermente stirata al centro.,data/data/images_flat/2018-2019_Trentingrana__2018-09-12__P4b_314_fetta.bmp
La pasta del formaggio presenta un'occhiatura al centro.,"La pasta del formaggio è a tratti stirata, compatta e poco granulosa.",data/data/images_flat/2018-2019_Trentingrana__2018-09-12__P4b_314_fetta.bmp
La pasta del formaggio presenta una grana ben presente e microocchiature elevate.,La pasta del formaggio è regolare e omogenea.,data/data/images_flat/2018-2019_Trentingrana__2018-09-12__P4b_314_fetta.bmp
"La pasta del formaggio presenta una frattura caratterizzata da grossi avvallamenti, metà forma granulosa e metà quasi stirata.",La pasta del formaggio non è omogenea con qualche microocchiatura al centro.,data/data/images_flat/2018-2019_Trentingrana__2018-09-12__P1a_304_fetta.bmp
La pasta del formaggio presenta una frattura centrale e microocchiatura.,"La pasta del formaggio è a grana fine e regolare, leggermente stirata al centro.",data/data/images_flat/2018-2019_Trentingrana__2018-09-12__P1a_304_fetta.bmp
"La pasta del formaggio presenta una struttura grossolana, frattura grossolana e microocchiatura.","La pasta del formaggio presenta poche e piccole microocchiature, bella frattura e grana regolare.",data/data/images_flat/2018-2019_Trentingrana__2018-09-12__P1a_304_fetta.bmp
La pasta del formaggio è disomogenea con qualche strappo e frattura irregolare.,La pasta del formaggio presenta una microocchiatura sporadica e qualche zona stirata.,data/data/images_flat/2018-2019_Trentingrana__2018-09-12__P1a_304_fetta.bmp
La pasta del formaggio è omogenea.,La pasta del formaggio è granulosa fine.,data/data/images_flat/2018-2019_Trentingrana__2018-09-12__P1a_304_fetta.bmp
La pasta del formaggio presenta una frattura irregolare e striature.,La pasta del formaggio è disomogenea con microocchiatura al centro.,data/data/images_flat/2018-2019_Trentingrana__2018-09-12__P1a_304_fetta.bmp
La pasta del formaggio è granulosa non omogenea.,"La pasta del formaggio è disomogenea, grossolana al centro e fine verso l'esterno, ma non ottimale.",data/data/images_flat/2018-2019_Trentingrana__2019-04-03__P2b_314_fetta.bmp
La pasta del formaggio è tendente al ruvido nell'area centrale.,"La pasta del formaggio presenta una frattura e grana regolari, cristalli evidenti.",data/data/images_flat/2018-2019_Trentingrana__2019-04-03__P2b_314_fetta.bmp
"La pasta del formaggio presenta un lato spugnoso e struttura disomogenea, colore paglierino carico.",La pasta del formaggio è a struttura fine.,data/data/images_flat/2018-2019_Trentingrana__2019-04-03__P2b_314_fetta.bmp
"La pasta del formaggio presenta qualche disomogeneità tra il centro e le zone periferiche, con verso nella grana che non giunge a stiratura.","La pasta del formaggio presenta una frattura regolare, grana fine e leggera microocchiatura.",data/data/images_flat/2018-2019_Trentingrana__2019-04-03__P2b_314_fetta.bmp
La pasta del formaggio è granulosa.,La pasta del formaggio è grossolana ma regolare.,data/data/images_flat/2018-2019_Trentingrana__2019-04-03__P2b_314_fetta.bmp
La pasta del formaggio presenta una grana di dimensioni variabili.,"La pasta del formaggio presenta una frattura regolare, struttura granulare e aspetto compatto.",data/data/images_flat/2018-2019_Trentingrana__2019-04-03__P2b_314_fetta.bmp
"La pasta del formaggio presenta una microocchiatura diffusa, frattura irregolare e disomogenea.",La pasta del formaggio è scagliosa con grana leggermente arrotondata e occhiature presenti su un angolo.,data/data/images_flat/2018-2019_Trentingrana__2019-04-03__P2b_314_fetta.bmp
La pasta del formaggio presenta qualche frattura.,La pasta del formaggio presenta una frattura regolare e bella grana regolare.,data/data/images_flat/2018-2019_Trentingrana__2019-04-03__P2b_314_fetta.bmp
La pasta del formaggio presenta un'occhiatura diffusa anche grossolana e frattura evidente.,"La pasta del formaggio presenta una frattura molto regolare, assenza di impugnatura eccetto in un'area ristretta, presenza di cristalli grossi e grana grossa.",data/data/images_flat/2018-2019_Trentingrana__2019-04-03__P2b_314_fetta.bmp
La pasta del formaggio presenta una frattura regolare e bella grana.,"La pasta del formaggio è disomogenea, fine e granulosa.",data/data/images_flat/2018-2019_Trentingrana__2019-04-03__P4a_323_fetta.bmp
La pasta del formaggio presenta un'area spugnosa centrale.,"La pasta del formaggio presenta una frattura regolare, grana evidente al centro e grossi cristalli.",data/data/images_flat/2018-2019_Trentingrana__2019-04-03__P4a_323_fetta.bmp
La pasta del formaggio è stirata con occhio centrale.,"La pasta del formaggio presenta fratture interne, buona grana tendente al fine e omogenea.",data/data/images_flat/2018-2019_Trentingrana__2019-04-03__P4a_323_fetta.bmp
"La pasta del formaggio è stirata con grana non tipica, occhiature piccole e microocchiatura rada.","La pasta del formaggio presenta una frattura irregolare a scaglie, presenza di cristalli e grana fine.",data/data/images_flat/2018-2019_Trentingrana__2019-04-03__P4a_323_fetta.bmp
La pasta del formaggio presenta profondi avvallamenti per frattura molto irregolare.,La pasta del formaggio presenta una frattura abbastanza irregolare e zone stirate.,data/data/images_flat/2018-2019_Trentingrana__2019-04-03__P4a_323_fetta.bmp
"La pasta del formaggio presenta vari spacci, indice di struttura slegata.",La pasta del formaggio è a grana fine con frattura regolare.,data/data/images_flat/2018-2019_Trentingrana__2019-04-03__P4a_323_fetta.bmp
La pasta del formaggio presenta una macchia bianca simile a muffa.,"La pasta del formaggio presenta una frattura abbastanza regolare, qualche avvallamento, struttura granulare e compatta.",data/data/images_flat/2018-2019_Trentingrana__2019-04-03__P4a_323_fetta.bmp
La pasta del formaggio presenta una leggera microocchiatura non diffusa.,La pasta del formaggio è scagliosa con striature localizzate e grana localmente abbastanza bella.,data/data/images_flat/2018-2019_Trentingrana__2019-04-03__P4a_323_fetta.bmp
"La pasta del formaggio presenta una frattura regolare e assenza di impugnatura, a eccezione di uno spigolo.",La pasta del formaggio presenta una frattura abbastanza regolare e grana abbastanza omogenea.,data/data/images_flat/2018-2019_Trentingrana__2019-04-03__P4a_323_fetta.bmp
La pasta del formaggio presenta uno spacco.,La pasta del formaggio è abbastanza regolare con grana grossolana.,data/data/images_flat/2018-2019_Trentingrana__2019-04-03__P4a_323_fetta.bmp
La pasta del formaggio è granulosa e grossolana.,"La pasta del formaggio presenta una frattura regolare, fitta microocchiatura, qualche piccolo strappo, cristalli e un'occhiatura.",data/data/images_flat/2018-2019_Trentingrana__2019-03-13__P6a_330_fetta.bmp
La pasta del formaggio presenta numerose piccole spaccature nei pressi dello scalzo.,"La pasta del formaggio presenta una microocchiatura centrale, grana grossa e omogenea.",data/data/images_flat/2018-2019_Trentingrana__2019-03-13__P6a_330_fetta.bmp
La pasta del formaggio presenta una frattura abbastanza regolare e grana grossolana.,La pasta del formaggio presenta un'occhiatura evidente al centro.,data/data/images_flat/2018-2019_Trentingrana__2019-03-13__P6a_330_fetta.bmp
La pasta del formaggio presenta una grossa fessura.,La pasta del formaggio è a frattura regolare con microocchiature diffuse e un'occhiatura al centro.,data/data/images_flat/2018-2019_Trentingrana__2019-03-13__P6a_330_fetta.bmp
La pasta del formaggio presenta un'occhiatura a effetto spugna al centro.,"La pasta del formaggio presenta una microocchiatura diffusa, una bolla e diverse fenditure.",data/data/images_flat/2018-2019_Trentingrana__2019-03-13__P6a_330_fetta.bmp
"La pasta del formaggio presenta una spaccatura centrale, bella grana e struttura abbastanza fine.","La pasta del formaggio è disomogenea con occhiatura e spacchi, grana grossa.",data/data/images_flat/2018-2019_Trentingrana__2019-03-13__P6a_330_fetta.bmp
"La pasta del formaggio è granulosa con frattura regolare, ma con occhiatura diffusa.","La pasta del formaggio presenta una frattura regolare, microocchiatura prevalente al centro e occhio di dimensione medio-grande al centro.",data/data/images_flat/2018-2019_Trentingrana__2019-03-13__P6a_330_fetta.bmp
"La pasta del formaggio presenta una frattura abbastanza bella, qualche occhiatura di media dimensione e bella grana.","La pasta del formaggio è granulosa con microocchiatura a tratti, piccoli spacchi e un occhio centrale di grandi dimensioni.",data/data/images_flat/2018-2019_Trentingrana__2019-03-13__P6a_330_fetta.bmp
La pasta del formaggio è media grossolana ma omogenea con microocchiatura diffusa.,La pasta del formaggio presenta una grana grossolana e occhiatura anche grande.,data/data/images_flat/2018-2019_Trentingrana__2019-03-13__P6a_330_fetta.bmp
La pasta del formaggio presenta una fessura grossa.,"La pasta del formaggio presenta un'occhiatura anche grande, grana grossolana e una fessura.",data/data/images_flat/2018-2019_Trentingrana__2019-03-13__P6a_330_fetta.bmp
La pasta del formaggio presenta qualche piccola occhiatura nell'area centrale stirata.,"La pasta del formaggio presenta una frattura regolare, grana fine e diffusa, con un'occhiatura al centro.",data/data/images_flat/2018-2019_Trentingrana__2019-03-13__P6a_330_fetta.bmp
"La pasta del formaggio presenta una frattura irregolare, grana a tratti discreta e in altri tratti quasi stirata, con microocchiatura diffusa.","La pasta del formaggio presenta una frattura regolare, grana grossolana e qualche cristallo.",data/data/images_flat/2018-2019_Trentingrana__2019-03-13__P3b_307_fetta.bmp
"La pasta del formaggio presenta una frattura non regolare, stirata al centro con microocchiatura diffusa.",La pasta del formaggio è granulosa e omogenea.,data/data/images_flat/2018-2019_Trentingrana__2019-03-13__P3b_307_fetta.bmp
La pasta del formaggio è disomogenea con qualche strappo e frattura irregolare.,La pasta del formaggio presenta una frattura regolare e grana fine.,data/data/images_flat/2018-2019_Trentingrana__2019-03-13__P3b_307_fetta.bmp
"La pasta del formaggio è disomogenea, con area sottostante al piatto stirata.",La pasta del formaggio è granulosa e regolare.,data/data/images_flat/2018-2019_Trentingrana__2019-03-13__P3b_307_fetta.bmp
"La pasta del formaggio presenta un'occhiatura diffusa e bella grana, stirata, con un occhio pronunciato.",La pasta del formaggio presenta una frattura regolare e grana media.,data/data/images_flat/2018-2019_Trentingrana__2019-03-13__P3b_307_fetta.bmp
La pasta del formaggio è grossolana con qualche microocchiatura.,La pasta del formaggio presenta una frattura regolare.,data/data/images_flat/2018-2019_Trentingrana__2019-03-13__P3b_307_fetta.bmp
"La pasta del formaggio presenta una fascia di microocchiatura e occhiatura grossetta, frattura buona, struttura abbastanza omogenea e non fine.",La pasta del formaggio presenta una frattura regolare e grana abbastanza profilata.,data/data/images_flat/2018-2019_Trentingrana__2019-03-13__P3b_307_fetta.bmp
La pasta del formaggio presenta una microocchiatura limitata.,La pasta del formaggio è a grana fine con frattura circa omogenea.,data/data/images_flat/2018-2019_Trentingrana__2019-03-13__P3b_307_fetta.bmp
La pasta del formaggio è abbastanza regolare con grana ben presente.,La pasta del formaggio presenta una bella grana e assenza di difetti.,data/data/images_flat/2018-2019_Trentingrana__2019-03-13__P3b_307_fetta.bmp
"La pasta del formaggio è granulosa con leggere venature centrali, non stirata, frattura regolare e microocchiatura finissima diffusa.","La pasta del formaggio presenta una frattura regolare, pochi cristalli bianchi grossi e ben visibili.",data/data/images_flat/2018-2019_Trentingrana__2019-03-13__P3b_307_fetta.bmp
La pasta del formaggio presenta una frattura non omogenea e striature evidenti localizzate su un lato.,La pasta del formaggio è mista con grandiosa occhiatura e aree stirate.,data/data/images_flat/2018-2019_Trentingrana__2018-11-28__P1b_302_fetta.bmp
La pasta del formaggio presenta una grana omogenea e grossolana.,La pasta del formaggio presenta una frattura irregolare su un lato e zona stirata.,data/data/images_flat/2018-2019_Trentingrana__2018-11-28__P1b_302_fetta.bmp
"La pasta del formaggio presenta una frattura regolare e grana fine, ma microocchiatura diffusa.",La pasta del formaggio è grossolana con frattura a roccia.,data/data/images_flat/2018-2019_Trentingrana__2018-11-28__P1b_302_fetta.bmp
La pasta del formaggio è grossolana con frattura media e qualche spaccatura.,"La pasta del formaggio è granulosa e abbastanza omogenea, con una frattura che attraversa buona parte della sezione, e taglio poco netto.",data/data/images_flat/2018-2019_Trentingrana__2018-11-28__P1b_302_fetta.bmp
"La pasta del formaggio è a grana molto fine, con buona frammentazione e scaglie grosse, striature presenti.","La pasta del formaggio presenta una struttura irregolare, striature e occhiatura.",data/data/images_flat/2018-2019_Trentingrana__2018-11-28__P1b_302_fetta.bmp
"La pasta del formaggio presenta dittatura evidente, grande spacco e grana piatta.",La pasta del formaggio è parzialmente stirata.,data/data/images_flat/2018-2019_Trentingrana__2018-11-28__P1b_302_fetta.bmp
"La pasta del formaggio è saponea e stirata, con frattura irregolare.","La pasta del formaggio presenta un'occhiatura piccola, leggermente stirata, grana grossolana e qualche piccola fessura.",data/data/images_flat/2018-2019_Trentingrana__2018-11-28__P1b_302_fetta.bmp
La pasta del formaggio presenta numerosi piccoli strappi e bella grana.,La pasta del formaggio è ruvida con uno strappo e un'occhiatura di media grandezza.,data/data/images_flat/2018-2019_Trentingrana__2018-10-10__P3b_310_fetta.bmp
"La pasta del formaggio è a grana molto fine con microocchiatura rada, leggermente schiacciata.","La pasta del formaggio presenta una grana grossolana, una frattura e un'occhiatura di medie dimensioni.",data/data/images_flat/2018-2019_Trentingrana__2018-10-10__P3b_310_fetta.bmp
"La pasta del formaggio è leggermente disomogenea tra le due metà, con leggera stiratura.",La pasta del formaggio presenta una grana grossa ma abbastanza omogenea e frattura buona.,data/data/images_flat/2018-2019_Trentingrana__2018-10-10__P3b_310_fetta.bmp
La pasta del formaggio presenta una bella grana fine e frattura regolare.,La pasta del formaggio presenta una grossa occhiatura e una crepa.,data/data/images_flat/2018-2019_Trentingrana__2018-10-10__P3b_310_fetta.bmp
La pasta del formaggio è stirata con fratture profonde.,"La pasta del formaggio presenta un'occhiatura di medie dimensioni, struttura molto grossolana ma abbastanza regolare.",data/data/images_flat/2018-2019_Trentingrana__2018-10-10__P3b_310_fetta.bmp
La pasta del formaggio presenta molte microocchiature.,La pasta del formaggio presenta una grossa occhiatura al centro e frattura irregolare.,data/data/images_flat/2018-2019_Trentingrana__2018-10-10__P3b_310_fetta.bmp
La pasta del formaggio è bella ma disomogenea con una grossa parte microocchiata.,"La pasta del formaggio presenta una frattura irregolare, occhiatura di medie dimensioni e grana grossolana.",data/data/images_flat/2018-2019_Trentingrana__2018-10-10__P3b_310_fetta.bmp
"La pasta del formaggio presenta un'occhiatura centrale, occhi di medie dimensioni su un lato.",La pasta del formaggio presenta un'piccola occhiatura e leggera sfogliatura.,data/data/images_flat/2018-2019_Trentingrana__2018-10-10__P3b_310_fetta.bmp
La pasta del formaggio presenta una fitta microocchiatura centrale dall'effetto spugnoso.,"La pasta del formaggio presenta una molta grana, grossolana.",data/data/images_flat/2018-2019_Trentingrana__2018-10-10__P3b_310_fetta.bmp
"La pasta del formaggio è a tratti con struttura appena accennata, a tratti grandiosa, complessivamente discreta.","La pasta del formaggio presenta qualche piccola frattura, grana poco grossa e regolare.",data/data/images_flat/2018-2019_Trentingrana__2018-10-10__P6a_330_fetta.bmp
La pasta del formaggio è poco grandiosa con qualche zona di microocchiatura.,"La pasta del formaggio presenta una frattura regolare, grana omogenea e granulosa.",data/data/images_flat/2018-2019_Trentingrana__2018-10-10__P6a_330_fetta.bmp
"La pasta del formaggio presenta una frattura irregolare, alcune microocchiature e grana grandiosa omogenea.",La pasta del formaggio è molto regolare e omogenea.,data/data/images_flat/2018-2019_Trentingrana__2018-10-10__P6a_330_fetta.bmp
La pasta del formaggio presenta zone stirate.,"La pasta del formaggio presenta una bella grana a zone, in altre aree qualche strappetto e piccola occhiatura micro o più marcata.",data/data/images_flat/2018-2019_Trentingrana__2018-10-10__P6a_330_fetta.bmp
"La pasta del formaggio presenta una bella grana, frattura regolare e qualche occhiatura.","La pasta del formaggio presenta una bella frattura e grana ben evidente, qualche zona meno regolare.",data/data/images_flat/2018-2019_Trentingrana__2018-10-10__P6a_330_fetta.bmp
La pasta del formaggio presenta una frattura irregolare e granulosa.,La pasta del formaggio presenta una grana fine.,data/data/images_flat/2018-2019_Trentingrana__2018-10-10__P6a_330_fetta.bmp
La pasta del formaggio è omogenea con grana sia grossolana che fine.,"La pasta del formaggio presenta qualche piccola occhiatura, struttura regolare e grossolana.",data/data/images_flat/2018-2019_Trentingrana__2018-10-10__P2a_307_fetta.bmp
La pasta del formaggio presenta una grana non sviluppata in una zona della sezione.,"La pasta del formaggio presenta una grana fine, tendente a striature centrali e frattura a scaglie.",data/data/images_flat/2018-2019_Trentingrana__2018-10-10__P2a_307_fetta.bmp
"La pasta del formaggio presenta una frattura irregolare e interna, grana omogenea ma grumosa.","La pasta del formaggio presenta una microocchiatura diffusa e discreta, grana lievemente disomogenea e leggera stiratura al centro.",data/data/images_flat/2018-2019_Trentingrana__2018-10-10__P2a_307_fetta.bmp
La pasta del formaggio presenta molte occhiature e spacco.,La pasta del formaggio presenta spugnosità più evidente su un lato.,data/data/images_flat/2018-2019_Trentingrana__2018-10-10__P2a_307_fetta.bmp
La pasta del formaggio presenta leggere striature.,La pasta del formaggio presenta zone leggermente stirate e microocchiatura in una zona.,data/data/images_flat/2018-2019_Trentingrana__2018-10-10__P2a_307_fetta.bmp
"La pasta del formaggio presenta un'occhiatura diffusa di varia dimensione, stiratura centrale, granulosa e frattura discreta.","La pasta del formaggio è grandiosa, abbastanza regolare, con presenza di microocchiature.",data/data/images_flat/2018-2019_Trentingrana__2018-10-10__P2a_307_fetta.bmp
"La pasta del formaggio presenta macchie di siero al centro, occhiatura leggera, grana non uniforme e stiratura centrale.",La pasta del formaggio presenta qualche occhiatura in metà forma e area centrale leggermente stirata.,data/data/images_flat/2018-2019_Trentingrana__2018-10-10__P2a_307_fetta.bmp
La pasta del formaggio presenta una grana grossa ma omogenea e frattura regolare.,"La pasta del formaggio presenta una bella frattura, grana non omogenea e stirata a tratti.",data/data/images_flat/2018-2019_Trentingrana__2018-10-10__P2a_307_fetta.bmp
La pasta del formaggio presenta una microocchiatura fine.,La pasta del formaggio presenta una microocchiatura molto pronunciata e leggermente stirata.,data/data/images_flat/2018-2019_Trentingrana__2018-10-10__P2a_307_fetta.bmp
La pasta del formaggio presenta microocchiature centrali e striatura nella parte centrale.,"La pasta del formaggio non è omogenea, con area centrale tendente allo stirato e grossolana.",data/data/images_flat/2018-2019_Trentingrana__2019-02-13__P6b_330_fetta.bmp
La pasta del formaggio presenta una microocchiatura centrale molto diffusa che conferisce aspetto spugnoso.,"La pasta del formaggio presenta una frattura a scaglie, grana non omogenea al centro con striature, microocchiature esterne e grana più grossa.",data/data/images_flat/2018-2019_Trentingrana__2019-02-13__P6b_330_fetta.bmp
"La pasta del formaggio presenta una frattura abbastanza regolare, poco granulosa, leggera microocchiatura.",La pasta del formaggio presenta una grana omogenea nella sua incompiutezza.,data/data/images_flat/2018-2019_Trentingrana__2019-02-13__P6b_330_fetta.bmp
La pasta del formaggio è leggermente grossolana ma uniforme.,La pasta del formaggio presenta leggera striatura.,data/data/images_flat/2018-2019_Trentingrana__2019-02-13__P6b_330_fetta.bmp
"La pasta del formaggio presenta una frattura regolare, grana eterogenea, a tratti bella a tratti quasi eccessiva.",La pasta del formaggio è leggermente stirata in parte.,data/data/images_flat/2018-2019_Trentingrana__2019-02-13__P6b_330_fetta.bmp
La pasta del formaggio è granulosa fine.,"La pasta del formaggio presenta una frattura abbastanza regolare, leggera microocchiatura e leggera stiratura in una piccola zona.",data/data/images_flat/2018-2019_Trentingrana__2019-02-13__P6b_330_fetta.bmp
La pasta del formaggio è granulosa.,"La pasta del formaggio è leggermente stirata, non omogenea.",data/data/images_flat/2018-2019_Trentingrana__2019-02-13__P6b_330_fetta.bmp
La pasta del formaggio presenta una grande area spagnola al centro.,"La pasta del formaggio presenta un'occhiatura al centro, struttura leggermente disomogenea e frattura regolare.",data/data/images_flat/2018-2019_Trentingrana__2019-02-13__P6b_330_fetta.bmp
La pasta del formaggio presenta alcune micro occhiature e fratture sotto uno strato superficiale.,"La pasta del formaggio presenta una frattura regolare, leggermente stirata al centro.",data/data/images_flat/2018-2019_Trentingrana__2019-02-13__P6b_330_fetta.bmp
La pasta del formaggio presenta un'occhiatura centrale dall'effetto spugnoso e occhio lucido.,La pasta del formaggio presenta una frattura disomogenea e granulosa.,data/data/images_flat/2018-2019_Trentingrana__2019-02-13__P4a_311_fetta.bmp
La pasta del formaggio è stirata.,La pasta del formaggio presenta una frattura irregolare e grana poco grossolana.,data/data/images_flat/2018-2019_Trentingrana__2019-02-13__P4a_311_fetta.bmp
"La pasta del formaggio è stirata con qualche occhiatura, non omogenea.","La pasta del formaggio presenta una frattura irregolare, struttura omogenea e granulosa.",data/data/images_flat/2018-2019_Trentingrana__2019-02-13__P4a_311_fetta.bmp
La pasta del formaggio è ruvida con microocchiatura centrale.,"La pasta del formaggio presenta una frattura irregolare, grana fine e cristalli visibili.",data/data/images_flat/2018-2019_Trentingrana__2019-02-13__P4a_311_fetta.bmp
La pasta del formaggio presenta una fessura.,La pasta del formaggio presenta una grana grossa omogenea.,data/data/images_flat/2018-2019_Trentingrana__2019-02-13__P4a_311_fetta.bmp
La pasta del formaggio è grossolana a grano di riso.,La pasta del formaggio presenta una frattura non regolare e struttura poco granulare.,data/data/images_flat/2018-2019_Trentingrana__2019-02-13__P4a_311_fetta.bmp
"La pasta del formaggio presenta una frattura abbastanza regolare, grana grossa al centro e più fine verso i piatti.",La pasta del formaggio presenta una frattura leggermente irregolare e granulosità più fine al centro.,data/data/images_flat/2018-2019_Trentingrana__2019-02-13__P4a_311_fetta.bmp
"La pasta del formaggio è granulosa con leggere venature centrali, non stirata, frattura regolare e microocchiatura finissima diffusa.",La pasta del formaggio presenta una frattura grossolana e bella grana.,data/data/images_flat/2018-2019_Trentingrana__2019-02-13__P4a_311_fetta.bmp
"La pasta del formaggio presenta una frattura abbastanza regolare, struttura grossolana e microocchiatura centrale con occhi piccoli.",La pasta del formaggio presenta una grana grandiosa e frattura irregolare.,data/data/images_flat/2018-2019_Trentingrana__2019-02-13__P4a_311_fetta.bmp
La pasta del formaggio è fine con buona struttura e spaccature nel cuore.,La pasta del formaggio non è omogenea con aree stirate.,data/data/images_flat/2018-2019_Trentingrana__2019-02-13__P2b_305_fetta.bmp
La pasta del formaggio presenta zone quasi spugnose e una bolla pronunciata.,La pasta del formaggio è stirata con fratture profonde.,data/data/images_flat/2018-2019_Trentingrana__2019-02-13__P2b_305_fetta.bmp
"La pasta del formaggio è stirata in zone, con microocchiature e struttura granulosa.",La pasta del formaggio presenta evidenti fratture centrali e stirata.,data/data/images_flat/2018-2019_Trentingrana__2019-02-13__P2b_305_fetta.bmp
"La pasta del formaggio è molto irregolare, con struttura che varia dal fine al grossolano.",La pasta del formaggio presenta striature e presenza di crepe.,data/data/images_flat/2018-2019_Trentingrana__2019-02-13__P2b_305_fetta.bmp
"La pasta del formaggio è difettosa, stirata, con zona con microocchiatura diffusa.","La pasta del formaggio è stirata in varie parti con spacchi, non granulosa.",data/data/images_flat/2018-2019_Trentingrana__2019-02-13__P2b_305_fetta.bmp
"La pasta del formaggio presenta una fitta microocchiatura diffusa al centro, su fondo rosato con una zona biancastra.","La pasta del formaggio non è granulosa, compatta e stirata, con fessura interna.",data/data/images_flat/2018-2019_Trentingrana__2019-02-13__P2b_305_fetta.bmp
"La pasta del formaggio presenta un'occhiatura di medie dimensioni, struttura molto grossolana ma abbastanza regolare.",La pasta del formaggio è stirata con fratture.,data/data/images_flat/2018-2019_Trentingrana__2019-02-13__P2b_305_fetta.bmp
"La pasta del formaggio presenta una frattura regolare, bella grana a tratti, leggermente stirata in alcuni punti, con area spugnosa sotto lo scalzo.",La pasta del formaggio presenta grandi fessure e stiratura.,data/data/images_flat/2018-2019_Trentingrana__2019-02-13__P2b_305_fetta.bmp
La pasta del formaggio presenta una frattura irregolare e grana poco grossolana.,"La pasta del formaggio presenta distribuzione omogenea, tra paglierino carico e dorato.",data/data/images_flat/2018-2019_Trentingrana__2019-02-13__P2b_305_fetta.bmp
"La pasta del formaggio presenta una microocchiatura, frattura irregolare e struttura grandiosa, con aree tendente allo stirato.",La pasta del formaggio è mista con parte centrale stirata.,data/data/images_flat/2018-2019_Trentingrana__2018-10-31__P5a_323_fetta.bmp
La pasta del formaggio presenta uno strappo al centro.,La pasta del formaggio presenta una frattura regolare ma struttura disomogenea e zone stirate.,data/data/images_flat/2018-2019_Trentingrana__2018-10-31__P5a_323_fetta.bmp
La pasta del formaggio presenta una microocchiatura limitata.,La pasta del formaggio è disomogenea con stiratura al centro e struttura assente in alcuni punti.,data/data/images_flat/2018-2019_Trentingrana__2018-10-31__P5a_323_fetta.bmp
"La pasta del formaggio presenta una zona sottostante a struttura fitta, microocchiatura diffusa e striature al centro.",La pasta del formaggio è molto stirata con scarsa grana.,data/data/images_flat/2018-2019_Trentingrana__2018-10-31__P5a_323_fetta.bmp
"La pasta del formaggio è leggermente stirata, fratturata sotto il piatto con frattura abbastanza regolare.",La pasta del formaggio è stirata.,data/data/images_flat/2018-2019_Trentingrana__2018-10-31__P5a_323_fetta.bmp
La pasta del formaggio è a grana fine con zona centrale abbastanza diffusa.,"La pasta del formaggio è spinosa e stirata, senza grana.",data/data/images_flat/2018-2019_Trentingrana__2018-10-31__P5a_323_fetta.bmp
La pasta del formaggio presenta una frattura abbastanza regolare e stirata al centro.,La pasta del formaggio è stirata e poca grana a tratti.,data/data/images_flat/2018-2019_Trentingrana__2018-10-31__P5a_323_fetta.bmp
La pasta del formaggio è a grana grossolana con frattura regolare.,La pasta del formaggio è stirata e difettosa.,data/data/images_flat/2018-2019_Trentingrana__2018-10-31__P5a_323_fetta.bmp
La pasta del formaggio è gessata in zona sottocrosta.,La pasta del formaggio è leggermente stirata con grana grossolana.,data/data/images_flat/2018-2019_Trentingrana__2018-10-31__P5a_323_fetta.bmp
"La pasta del formaggio è grandiosa e leggermente grossolana, con lieve struttura centrale e frattura ottima.","La pasta del formaggio è stirata poco presente, con pochi occhi.",data/data/images_flat/2018-2019_Trentingrana__2018-10-31__P5a_323_fetta.bmp
"La pasta del formaggio presenta una microocchiatura e occhio, spacchi e frattura regolare, grana regolare seppur non fine.",La pasta del formaggio è mista con parte centrale stirata.,data/data/images_flat/2018-2019_Trentingrana__2018-10-31__P5b_323_fetta.bmp
"La pasta del formaggio presenta una frattura profonda, occhiatura di medie dimensioni e altre fratture più piccole, zona con cristalli piatta.",La pasta del formaggio presenta una frattura regolare ma struttura disomogenea e zone stirate.,data/data/images_flat/2018-2019_Trentingrana__2018-10-31__P5b_323_fetta.bmp
La pasta del formaggio presenta una microocchiatura diffusa e frattura regolare.,La pasta del formaggio è disomogenea con stiratura al centro e struttura assente in alcuni punti.,data/data/images_flat/2018-2019_Trentingrana__2018-10-31__P5b_323_fetta.bmp
"La pasta del formaggio presenta una frattura regolare, grana a tratti ben strutturata e a tratti grossolana.",La pasta del formaggio è molto stirata con scarsa grana.,data/data/images_flat/2018-2019_Trentingrana__2018-10-31__P5b_323_fetta.bmp
La pasta del formaggio è irregolare e spugnosa al centro.,La pasta del formaggio è stirata.,data/data/images_flat/2018-2019_Trentingrana__2018-10-31__P5b_323_fetta.bmp
La pasta del formaggio è priva di granulosità.,"La pasta del formaggio è spinosa e stirata, senza grana.",data/data/images_flat/2018-2019_Trentingrana__2018-10-31__P5b_323_fetta.bmp
"La pasta del formaggio è stirata in parte, con frattura profonda dall'altra.",La pasta del formaggio è stirata e poca grana a tratti.,data/data/images_flat/2018-2019_Trentingrana__2018-10-31__P5b_323_fetta.bmp
"La pasta del formaggio presenta un enorme occhio e spaccatura, grana poco formata e non uniforme, leggera occhiatura e alcune fessure.",La pasta del formaggio è stirata e difettosa.,data/data/images_flat/2018-2019_Trentingrana__2018-10-31__P5b_323_fetta.bmp
"La pasta del formaggio è compatta, quasi gommosa e deformabile, non friabile.",La pasta del formaggio è leggermente stirata con grana grossolana.,data/data/images_flat/2018-2019_Trentingrana__2018-10-31__P5b_323_fetta.bmp
"La pasta del formaggio presenta una microocchiatura diffusa, stirata e grana grossolana.","La pasta del formaggio è stirata poco presente, con pochi occhi.",data/data/images_flat/2018-2019_Trentingrana__2018-10-31__P5b_323_fetta.bmp
La pasta del formaggio presenta una frattura molto regolare e leggere striature al centro.,La pasta del formaggio presenta una frattura mista tra regolare e simil stirata al centro.,data/data/images_flat/2018-2019_Trentingrana__2018-10-31__P6a_330_fetta.bmp
"La pasta del formaggio presenta micro e macroocchiature, fessurazioni e zone stirate.","La pasta del formaggio presenta una frattura regolare, microocchiatura inferiore, struttura irregolare al centro con stiratura, zona spugnosa sotto lo scalzo e qualche frattura.",data/data/images_flat/2018-2019_Trentingrana__2018-10-31__P6a_330_fetta.bmp
La pasta del formaggio presenta una parte centrale non strutturata.,La pasta del formaggio è stirata al centro con fasci grossi.,data/data/images_flat/2018-2019_Trentingrana__2018-10-31__P6a_330_fetta.bmp
"La pasta del formaggio presenta una frattura regolare, grana grossolana al centro e due grandi fratture.",La pasta del formaggio è poco strutturata e molto pressata.,data/data/images_flat/2018-2019_Trentingrana__2018-10-31__P6a_330_fetta.bmp
La pasta del formaggio presenta una microocchiatura.,La pasta del formaggio presenta striature centrali e microocchiatura.,data/data/images_flat/2018-2019_Trentingrana__2018-10-31__P6a_330_fetta.bmp
La pasta del formaggio presenta due fessure.,La pasta del formaggio è dall'aspetto setato.,data/data/images_flat/2018-2019_Trentingrana__2018-10-31__P6a_330_fetta.bmp
"La pasta del formaggio presenta una frattura irregolare e stirata, caratterizzata da piccoli strappi a raggio.",La pasta del formaggio è stirata e fratturata.,data/data/images_flat/2018-2019_Trentingrana__2018-10-31__P6a_330_fetta.bmp
La pasta del formaggio presenta un grave difetto centrale caratterizzato da vivi e crepa profonda.,"La pasta del formaggio presenta una frattura regolare, bella grana a tratti, leggermente stirata in alcuni punti, con area spugnosa sotto lo scalzo.",data/data/images_flat/2018-2019_Trentingrana__2018-10-31__P6a_330_fetta.bmp
La pasta del formaggio presenta una frattura irregolare e granulosa.,"La pasta del formaggio presenta piccola sfoglia, grana poco profilata e struttura stirata al centro.",data/data/images_flat/2018-2019_Trentingrana__2018-10-31__P6a_330_fetta.bmp
"La pasta del formaggio è spugnosa al centro, dalla struttura granulosa.","La pasta del formaggio è stirata con grana grossa, frattura omogenea e spaccatura.",data/data/images_flat/2018-2019_Trentingrana__2018-10-31__P6a_330_fetta.bmp
La pasta del formaggio presenta una grana grandiosa e regolare.,"La pasta del formaggio è stirata con grana grossolana, occhi fini, fessura al centro e zona spugnosa su un lato.",data/data/images_flat/2018-2019_Trentingrana__2018-10-31__P6a_330_fetta.bmp
La pasta del formaggio presenta una grana grossolana.,"La pasta del formaggio è cedevole, umida, poco granulosa.",data/data/images_flat/2018-2019_Trentingrana__2019-01-23__P3a_310_fetta.bmp
La pasta del formaggio presenta numerose fessure.,La pasta del formaggio è compatta con grana fine e pochi cristalli.,data/data/images_flat/2018-2019_Trentingrana__2019-01-23__P3a_310_fetta.bmp
La pasta del formaggio presenta una microocchiatura diffusa.,La pasta del formaggio presenta una grana e cristalli abbastanza evidenti.,data/data/images_flat/2018-2019_Trentingrana__2019-01-23__P3a_310_fetta.bmp
"La pasta del formaggio presenta una bella frattura, microocchiatura a tratti diffusa e grana non molto profilata.",La pasta del formaggio è dura e poco friabile.,data/data/images_flat/2018-2019_Trentingrana__2019-01-23__P3a_310_fetta.bmp
La pasta del formaggio presenta strappo evidente.,"La pasta del formaggio presenta granuli di tirosina moderati, leggermente gommosa e con leggera friabilità e solubilità.",data/data/images_flat/2018-2019_Trentingrana__2019-01-23__P3a_310_fetta.bmp
"La pasta del formaggio presenta una frattura regolare, leggermente stirata al centro.",La pasta del formaggio è compatta e poco friabile.,data/data/images_flat/2018-2019_Trentingrana__2019-01-23__P3a_310_fetta.bmp
La pasta del formaggio presenta una bella grana fine.,La pasta del formaggio è friabile con cristalli presenti.,data/data/images_flat/2018-2019_Trentingrana__2019-01-23__P3a_310_fetta.bmp
La pasta del formaggio è granulosa e omogenea con pochissima microocchiatura.,"La pasta del formaggio è secca e farinosa, con cristalli evidenti.",data/data/images_flat/2018-2019_Trentingrana__2019-01-23__P3a_310_fetta.bmp
La pasta del formaggio è granulosa.,"La pasta del formaggio è asciutta e granulosa, con pochi microcristalli.",data/data/images_flat/2018-2019_Trentingrana__2019-01-23__P1a_302_fetta.bmp
La pasta del formaggio è disomogenea con qualche strappo e frattura irregolare.,"La pasta del formaggio è consistente con grana fine ma percepibile, poco friabile, leggera asciuttezza e cristalli sensibili.",data/data/images_flat/2018-2019_Trentingrana__2019-01-23__P1a_302_fetta.bmp
La pasta del formaggio presenta piccoli strappi sotto una zona piatta.,"La pasta del formaggio è granulosa, tendente a impastare, con cristalli evidenti.",data/data/images_flat/2018-2019_Trentingrana__2019-01-23__P1a_302_fetta.bmp
"La pasta del formaggio non è omogenea e granulosa, con occhiatura e microocchiatura concentrate su metà della forma e frattura abbastanza omogenea.",La pasta del formaggio presenta una poca grana.,data/data/images_flat/2018-2019_Trentingrana__2019-01-23__P1a_302_fetta.bmp
"La pasta del formaggio presenta una struttura irregolare al centro, microocchiatura simile a quella spugnosa.",La pasta del formaggio è pastosa con pochi cristalli.,data/data/images_flat/2018-2019_Trentingrana__2019-01-23__P1a_302_fetta.bmp
La pasta del formaggio presenta abbondante fessurazione.,"La pasta del formaggio è leggermente cedevole, mediamente granulosa, con pochi microcristalli.",data/data/images_flat/2018-2019_Trentingrana__2019-01-23__P2b_305_fetta.bmp
La pasta del formaggio presenta grandi spacchi e tratti stirati.,La pasta del formaggio è friabile con grana grossolana e cristalli ben percepibili.,data/data/images_flat/2018-2019_Trentingrana__2019-01-23__P2b_305_fetta.bmp
La pasta del formaggio presenta un'ossidazione interna.,"La pasta del formaggio è granulosa che tende a impastare, con residuo polveroso e alcuni cristalli.",data/data/images_flat/2018-2019_Trentingrana__2019-01-23__P2b_305_fetta.bmp
"La pasta del formaggio presenta tre grane diverse, quella centrale anomala.",La pasta del formaggio presenta qualche cristallo.,data/data/images_flat/2018-2019_Trentingrana__2019-01-23__P2b_305_fetta.bmp
La pasta del formaggio presenta una struttura non omogenea e frattura irregolare.,"La pasta del formaggio è compatta, poco granulosa e con pochi cristalli.",data/data/images_flat/2018-2019_Trentingrana__2019-01-23__P2b_305_fetta.bmp
La pasta del formaggio presenta una frattura non regolare.,La pasta del formaggio presenta pochi cristalli.,data/data/images_flat/2018-2019_Trentingrana__2019-01-23__P2b_305_fetta.bmp
La pasta del formaggio è leggermente scollata in una zona parziale.,La pasta del formaggio è che si frattura in microstruttura grossolana con cristalli presenti.,data/data/images_flat/2018-2019_Trentingrana__2019-01-23__P2b_305_fetta.bmp
La pasta del formaggio presenta una frattura abbastanza regolare e struttura granulare.,"La pasta del formaggio è cedevole, poco granulosa, con pochi microcristalli.",data/data/images_flat/2018-2019_Trentingrana__2019-01-23__P6b_323_fetta.bmp
"La pasta del formaggio presenta una frattura buona e struttura granulosa molto regolare, ma con microocchiatura su una porzione.","La pasta del formaggio è compatta, poco friabile, con grana finissima.",data/data/images_flat/2018-2019_Trentingrana__2019-01-23__P6b_323_fetta.bmp
"La pasta del formaggio è leggermente disomogenea tra le due metà, con leggera stiratura.",La pasta del formaggio è granulosa con cristalli evidenti.,data/data/images_flat/2018-2019_Trentingrana__2019-01-23__P6b_323_fetta.bmp
"La pasta del formaggio presenta una frattura regolare, microocchiatura prevalente al centro e occhio di dimensione medio-grande al centro.","La pasta del formaggio è compatta, quasi gommosa e deformabile, non friabile.",data/data/images_flat/2018-2019_Trentingrana__2019-01-23__P6b_323_fetta.bmp
La pasta del formaggio presenta striature localizzate e grana non bella.,"La pasta del formaggio non è fine, priva di cristalli percettibili.",data/data/images_flat/2018-2019_Trentingrana__2019-01-23__P6b_323_fetta.bmp
"La pasta del formaggio presenta una frattura regolare, striata e una piccola occhiatura.",La pasta del formaggio presenta una microstruttura scarsa ma nel complesso solubile.,data/data/images_flat/2018-2019_Trentingrana__2019-01-23__P6b_323_fetta.bmp
"La pasta del formaggio presenta una frattura regolare, leggermente striata e microocchiatura.",La pasta del formaggio è disomogenea.,data/data/images_flat/2018-2019_Trentingrana__2019-03-26__P1a_302_fetta.bmp
"La pasta del formaggio presenta una frattura regolare, granulosa, priva di occhiatura.","La pasta del formaggio presenta una frattura abbastanza regolare ma disomogenea nelle due metà, grana che forma striature al centro.",data/data/images_flat/2018-2019_Trentingrana__2019-03-26__P1a_302_fetta.bmp
La pasta del formaggio presenta una frattura estesa.,"La pasta del formaggio presenta una frattura discreta e grana abbastanza omogenea, fine.",data/data/images_flat/2018-2019_Trentingrana__2019-03-26__P1a_302_fetta.bmp
"La pasta del formaggio è nebulosa, abbastanza regolare.","La pasta del formaggio presenta una frattura irregolare, stirata al centro.",data/data/images_flat/2018-2019_Trentingrana__2019-03-26__P1a_302_fetta.bmp
"La pasta del formaggio è a grana molto fine, con buona frammentazione e scaglie grosse, striature presenti.","La pasta del formaggio presenta una frattura caratterizzata da dosso e cunetta, struttura granulosa.",data/data/images_flat/2018-2019_Trentingrana__2019-03-26__P1a_302_fetta.bmp
La pasta del formaggio presenta una frattura pronunciata.,"La pasta del formaggio presenta una frattura irregolare, grana presente ma con evidenti striature.",data/data/images_flat/2018-2019_Trentingrana__2019-03-26__P1a_302_fetta.bmp
"La pasta del formaggio non è omogenea con un'area dubbia, tendente allo stirato, e una zona sottostante tendente al demoralizzato.",La pasta del formaggio presenta grandi striature al centro e grana grossolana.,data/data/images_flat/2018-2019_Trentingrana__2019-03-26__P1a_302_fetta.bmp
"La pasta del formaggio presenta una frattura grossolana, grandi occhiature sparse e tracce di siero.",La pasta del formaggio presenta una grana grandiosa e regolare.,data/data/images_flat/2018-2019_Trentingrana__2019-03-26__P3b_307_fetta.bmp
La pasta del formaggio è fine con buona struttura e spaccature nel cuore.,"La pasta del formaggio presenta una frattura abbastanza regolare, grana omogenea, cristalli su un lato e leggera microocchiatura.",data/data/images_flat/2018-2019_Trentingrana__2019-03-26__P3b_307_fetta.bmp
La pasta del formaggio è friabile con cristalli percepiti.,"La pasta del formaggio presenta una frattura buona e struttura granulosa molto regolare, ma con microocchiatura su una porzione.",data/data/images_flat/2018-2019_Trentingrana__2019-03-26__P3b_307_fetta.bmp
La pasta del formaggio presenta un taglio.,"La pasta del formaggio presenta una frattura abbastanza regolare, grana fine e microocchiatura su un lato.",data/data/images_flat/2018-2019_Trentingrana__2019-03-26__P3b_307_fetta.bmp
La pasta del formaggio presenta una leggera stiratura al centro e microocchiatura.,"La pasta del formaggio presenta una frattura abbastanza regolare, struttura granulosa con leggera microocchiatura diffusa ma rada.",data/data/images_flat/2018-2019_Trentingrana__2019-03-26__P3b_307_fetta.bmp
La pasta del formaggio è grossolana a grano di riso.,"La pasta del formaggio presenta una frattura irregolare, grana abbastanza evidente ma grossolana, e piccola zona con microocchiatura.",data/data/images_flat/2018-2019_Trentingrana__2019-03-26__P3b_307_fetta.bmp
La pasta del formaggio è grassa.,La pasta del formaggio presenta un'occhiatura grossolana su un lato.,data/data/images_flat/2018-2019_Trentingrana__2019-03-26__P3b_307_fetta.bmp
La pasta del formaggio è stirata con grana grossolana.,La pasta del formaggio è fine con uno strappo da gonfiore clostridico.,data/data/images_flat/2018-2019_Trentingrana__2018-11-14__P3b_314_fetta.bmp
La pasta del formaggio non è omogenea con zona demineralizzata e strappi.,"La pasta del formaggio presenta una grana media, qualche microocchiatura fine e frattura leggermente irregolare.",data/data/images_flat/2018-2019_Trentingrana__2018-11-14__P3b_314_fetta.bmp
"La pasta del formaggio è stirata con bocciatura in zona centrale ampia, non uniformemente formata.",La pasta del formaggio è stirata.,data/data/images_flat/2018-2019_Trentingrana__2018-11-14__P3b_314_fetta.bmp
La pasta del formaggio presenta una microocchiatura minima.,La pasta del formaggio è bella ma leggermente arrotondata.,data/data/images_flat/2018-2019_Trentingrana__2018-11-14__P3b_314_fetta.bmp
"La pasta del formaggio è stirata in zone, con microocchiature e struttura granulosa.",La pasta del formaggio presenta una bella grana e uno strappo.,data/data/images_flat/2018-2019_Trentingrana__2018-11-14__P3b_314_fetta.bmp
La pasta del formaggio è grossolana con zone caratterizzate da micro fratture e microocchiature.,"La pasta del formaggio non è del tutto strutturata, con occhiatura sparsa e fratture pronunciate.",data/data/images_flat/2018-2019_Trentingrana__2018-11-14__P3b_314_fetta.bmp
La pasta del formaggio presenta una fessura grossa.,La pasta del formaggio presenta una frattura poco irregolare e qualche microocchiatura.,data/data/images_flat/2018-2019_Trentingrana__2018-09-19__P5a_323_fetta.bmp
"La pasta del formaggio è sfatta, disunita e sabbiosa.",La pasta del formaggio è granulosa.,data/data/images_flat/2018-2019_Trentingrana__2018-09-19__P5a_323_fetta.bmp
"La pasta del formaggio è difettosa, stirata, con zona con microocchiatura diffusa.",La pasta del formaggio è granulosa e regolare.,data/data/images_flat/2018-2019_Trentingrana__2018-09-19__P5a_323_fetta.bmp
"La pasta del formaggio presenta una grana irregolare, striature evidenti e qualche microocchiatura.",La pasta del formaggio presenta microocchiature e dittatura al centro.,data/data/images_flat/2018-2019_Trentingrana__2018-09-19__P5a_323_fetta.bmp
La pasta del formaggio presenta un occhio e piccole fessure.,La pasta del formaggio è bella ma non del tutto omogenea.,data/data/images_flat/2018-2019_Trentingrana__2018-09-19__P5a_323_fetta.bmp
La pasta del formaggio presenta una frattura irregolare e struttura abbastanza omogenea.,"La pasta del formaggio presenta una grana grossolana e assenza di grana fine, occhiatura assente e frattura media.",data/data/images_flat/2018-2019_Trentingrana__2018-09-19__P5a_323_fetta.bmp
La pasta del formaggio è liscia con poca grana e occhiature anche grandi.,La pasta del formaggio è regolare con grana abbastanza fine.,data/data/images_flat/2018-2019_Trentingrana__2018-09-26__P1b_302_fetta.bmp
"La pasta del formaggio presenta una frattura irregolare, grana grossa esternamente e più liscia al centro.","La pasta del formaggio è grossolana, pronunciata e omogenea.",data/data/images_flat/2018-2019_Trentingrana__2018-09-26__P1b_302_fetta.bmp
La pasta del formaggio è a frattura regolare.,La pasta del formaggio è grandiosa con discreto taglio.,data/data/images_flat/2018-2019_Trentingrana__2018-09-26__P1b_302_fetta.bmp
La pasta del formaggio presenta cristalli evidenti e struttura regolare.,La pasta del formaggio non è omogenea.,data/data/images_flat/2018-2019_Trentingrana__2018-09-26__P1b_302_fetta.bmp
La pasta del formaggio presenta una grana tipo parmigiano con fratture irregolari.,La pasta del formaggio è grossolana con qualche microocchiatura.,data/data/images_flat/2018-2019_Trentingrana__2018-09-26__P1b_302_fetta.bmp
"La pasta del formaggio è secca e farinosa, con cristalli evidenti.",La pasta del formaggio presenta microocchiature e grana piatta.,data/data/images_flat/2018-2019_Trentingrana__2018-09-26__P1b_302_fetta.bmp
La pasta del formaggio presenta una frattura grossolana e bella grana.,La pasta del formaggio è omogenea con qualche piccola occhiatura.,data/data/images_flat/2018-2019_Trentingrana__2018-09-26__P1b_302_fetta.bmp
La pasta del formaggio è leggermente stirata.,"La pasta del formaggio presenta una frattura regolare, poco granulosa e tendente allo stirato.",data/data/images_flat/2018-2019_Trentingrana__2018-09-26__P1b_302_fetta.bmp
La pasta del formaggio presenta molte piccole fratture nella zona sottostante.,La pasta del formaggio è piuttosto grossolana con frattura media.,data/data/images_flat/2018-2019_Trentingrana__2018-09-26__P1b_302_fetta.bmp
"La pasta del formaggio presenta una bella grana e occhiatura diffusa, anche grossi occhi.","La pasta del formaggio presenta una microocchiatura, agglomerati bianchi evidenti e striature centrali leggibili.",data/data/images_flat/2018-2019_Trentingrana__2018-09-26__P1b_302_fetta.bmp
La pasta del formaggio è granulosa con buona frattura.,La pasta del formaggio presenta un'occhiatura fitta.,data/data/images_flat/2018-2019_Trentingrana__2019-03-20__P5b_316_fetta.bmp
La pasta del formaggio non è regolare e stirata.,La pasta del formaggio è striata e spugnosa.,data/data/images_flat/2018-2019_Trentingrana__2019-03-20__P5b_316_fetta.bmp
La pasta del formaggio presenta una frattura e grana regolare.,La pasta del formaggio presenta una microocchiatura diffusa e piccole zone stirate.,data/data/images_flat/2018-2019_Trentingrana__2019-03-20__P5b_316_fetta.bmp
La pasta del formaggio presenta una lieve microocchiatura diffusa e stirata al centro.,La pasta del formaggio è stirata con microocchiatura centrale che conferisce aspetto spugnoso.,data/data/images_flat/2018-2019_Trentingrana__2019-03-20__P5b_316_fetta.bmp
"La pasta del formaggio presenta una grana regolare, strappi multipli e piccoli strappi su un lato dove la grana tende al gessato.",La pasta del formaggio presenta una microocchiatura diffusa.,data/data/images_flat/2018-2019_Trentingrana__2019-03-20__P5b_316_fetta.bmp
La pasta del formaggio presenta una grana non sviluppata in una zona della sezione.,La pasta del formaggio è spugnosa a tratti e stirata.,data/data/images_flat/2018-2019_Trentingrana__2019-03-20__P5b_316_fetta.bmp
La pasta del formaggio presenta striature e una crepa centrale.,"La pasta del formaggio è stirata con bocciatura in zona centrale ampia, non uniformemente formata.",data/data/images_flat/2018-2019_Trentingrana__2019-03-20__P5b_316_fetta.bmp
"La pasta del formaggio presenta una bella frattura, grana non sempre ben profilata.","La pasta del formaggio presenta una frattura profonda, occhiatura di medie dimensioni e altre fratture più piccole, zona con cristalli piatta.",data/data/images_flat/2018-2019_Trentingrana__2019-03-20__P1a_302_fetta.bmp
"La pasta del formaggio presenta una frattura regolare, grana poco definita tendente alla stiratura, con microocchiatura a tratti.",La pasta del formaggio presenta un grave difetto centrale caratterizzato da vivi e crepa profonda.,data/data/images_flat/2018-2019_Trentingrana__2019-03-20__P1a_302_fetta.bmp
"La pasta del formaggio presenta un'occhiatura piccola e diffusa, bella grana e fessura pronunciata.",La pasta del formaggio presenta una frattura irregolare e disomogenea.,data/data/images_flat/2018-2019_Trentingrana__2019-03-20__P1a_302_fetta.bmp
La pasta del formaggio presenta un aspetto a scaglie.,La pasta del formaggio non è omogenea.,data/data/images_flat/2018-2019_Trentingrana__2019-03-20__P1a_302_fetta.bmp
La pasta del formaggio presenta una fessura pronunciata.,La pasta del formaggio è stirata con uno strappo grosso e un'occhiatura.,data/data/images_flat/2018-2019_Trentingrana__2019-03-20__P1a_302_fetta.bmp
La pasta del formaggio presenta leggera striatura nella zona sottostante il piatto.,"La pasta del formaggio presenta una bella frattura e bella grana, con piccole sfoglie e una zona cavernosa.",data/data/images_flat/2018-2019_Trentingrana__2019-03-20__P1a_302_fetta.bmp
La pasta del formaggio è granulare fine e piuttosto omogenea.,"La pasta del formaggio presenta un enorme occhio e spaccatura, grana poco formata e non uniforme, leggera occhiatura e alcune fessure.",data/data/images_flat/2018-2019_Trentingrana__2019-03-20__P1a_302_fetta.bmp
La pasta del formaggio presenta una microocchiatura molto diffusa.,La pasta del formaggio è finissima con microocchiatura e struttura regolare.,data/data/images_flat/2018-2019_Trentingrana__2019-02-27__P5a_319_fetta.bmp
"La pasta del formaggio è stirata soprattutto al centro, con microocchiatura in una zona.","La pasta del formaggio è tendente a sgretolarsi e disidratata verso l'esterno, con microocchiature inferiori.",data/data/images_flat/2018-2019_Trentingrana__2019-02-27__P5a_319_fetta.bmp
La pasta del formaggio presenta una grana grassa.,"La pasta del formaggio presenta una microocchiatura fine e rada, struttura fine, tendente a essere più asciutta verso una zona.",data/data/images_flat/2018-2019_Trentingrana__2019-02-27__P5a_319_fetta.bmp
"La pasta del formaggio è stirata con occhiatura, non granulosa.",La pasta del formaggio presenta una leggera microocchiatura.,data/data/images_flat/2018-2019_Trentingrana__2019-02-27__P5a_319_fetta.bmp
"La pasta del formaggio presenta una grana irregolare, striature evidenti e qualche microocchiatura.","La pasta del formaggio presenta una frattura abbastanza regolare e microocchiatura molto diffusa, estremamente sottile.",data/data/images_flat/2018-2019_Trentingrana__2019-02-27__P5a_319_fetta.bmp
"La pasta del formaggio presenta una microocchiatura molto fine e diffusa, uno strappo centrale, grana fine e striature.","La pasta del formaggio presenta una frattura regolare, microocchiatura a tratti e grana poco profilata.",data/data/images_flat/2018-2019_Trentingrana__2019-02-27__P5a_319_fetta.bmp
"La pasta del formaggio presenta una bella frattura, grana non sempre ben profilata.","La pasta del formaggio presenta una frattura regolare e impugnatura centrale, superficie molto asciutta.",data/data/images_flat/2018-2019_Trentingrana__2019-02-27__P5a_319_fetta.bmp
La pasta del formaggio presenta microocchiature centrali e striatura nella parte centrale.,La pasta del formaggio presenta una microocchiatura e aspetto ruvido.,data/data/images_flat/2018-2019_Trentingrana__2019-02-27__P3a_307_fetta.bmp
La pasta del formaggio presenta una grana molto presente e frattura media.,La pasta del formaggio presenta una grana grossolana e occhiatura fitta dall'effetto spugnoso.,data/data/images_flat/2018-2019_Trentingrana__2019-02-27__P3a_307_fetta.bmp
La pasta del formaggio è granulosa e regolare.,"La pasta del formaggio presenta una microocchiatura diffusa in vasta zona, anche di grosse dimensioni, nonostante la grana omogenea e fine.",data/data/images_flat/2018-2019_Trentingrana__2019-02-27__P3a_307_fetta.bmp
La pasta del formaggio è irregolare.,La pasta del formaggio presenta una microocchiatura evidente.,data/data/images_flat/2018-2019_Trentingrana__2019-02-27__P3a_307_fetta.bmp
"La pasta del formaggio presenta una grana grossolana e grandiosa, difforme tra il piatto e lo scalzo, qualche piccolo strappo e microocchiatura centrale.","La pasta del formaggio presenta una struttura anomala, non granulosa, con occhiatura.",data/data/images_flat/2018-2019_Trentingrana__2019-02-27__P3a_307_fetta.bmp
La pasta del formaggio presenta una microocchiatura minima.,La pasta del formaggio presenta una granulosità decisa e occhiatura medio-grande soprattutto in mezza forma.,data/data/images_flat/2018-2019_Trentingrana__2019-02-27__P3a_307_fetta.bmp
La pasta del formaggio è di tipo sbrinz.,"La pasta del formaggio presenta una grana evidente e grani grossi, occhiatura diffusa a tratti.",data/data/images_flat/2018-2019_Trentingrana__2019-02-27__P3a_307_fetta.bmp
La pasta del formaggio è stirata e spugnosa.,"La pasta del formaggio presenta una frattura regolare, occhiatura diffusa su tutta la superficie con occhi di piccole dimensioni.",data/data/images_flat/2018-2019_Trentingrana__2019-02-27__P3a_307_fetta.bmp
La pasta del formaggio presenta striature localizzate e grana non bella.,La pasta del formaggio presenta una frattura irregolare e striature nella grana.,data/data/images_flat/2018-2019_Trentingrana__2019-02-20__P1a_310_fetta.bmp
La pasta del formaggio presenta cristalli concentrati nella metà della forma.,"La pasta del formaggio presenta una frattura irregolare e grana grandiosav, tendente a una direzione delle fibre al centro, non stirata.",data/data/images_flat/2018-2019_Trentingrana__2019-02-20__P1a_310_fetta.bmp
"La pasta del formaggio presenta una frattura a blocchi, stirata, fitta di microocchiature e piccoli strappi sotto una zona piatta.",La pasta del formaggio presenta una frattura irregolare e striature centrali.,data/data/images_flat/2018-2019_Trentingrana__2019-02-20__P1a_310_fetta.bmp
"La pasta del formaggio è granulosa, più fine al centro.",La pasta del formaggio è stirata.,data/data/images_flat/2018-2019_Trentingrana__2019-02-20__P1a_310_fetta.bmp
La pasta del formaggio è compromessa da fessurazioni profonde.,"La pasta del formaggio presenta una frattura non regolare, leggermente stirata al centro.",data/data/images_flat/2018-2019_Trentingrana__2019-02-20__P1a_310_fetta.bmp
"La pasta del formaggio è disomogenea con frattura sottile e bella grana a tratti, stiratura sotto lo scalzo e avvallamento.","La pasta del formaggio presenta una frattura abbastanza regolare, granulosa e con evidenti andamenti striati.",data/data/images_flat/2018-2019_Trentingrana__2019-02-20__P1a_310_fetta.bmp
La pasta del formaggio è granulosa non omogenea.,La pasta del formaggio presenta striature e grana grossolana.,data/data/images_flat/2018-2019_Trentingrana__2019-02-20__P1a_310_fetta.bmp
"La pasta del formaggio presenta una microocchiatura diffusa ma rada, sottile e disomogenea, con piccoli strappi e struttura granulosa e grossolana.","La pasta del formaggio non è molto regolare, grossolana e priva di occhiatura.",data/data/images_flat/2018-2019_Trentingrana__2019-02-20__P1a_310_fetta.bmp
"La pasta del formaggio è a grana fine e omogenea, con frattura irregolare.",La pasta del formaggio è stirata.,data/data/images_flat/2018-2019_Trentingrana__2018-10-24__P5a_326_fetta.bmp
"La pasta del formaggio presenta una buona struttura fine al centro e diversa ai bordi, frattura irregolare.","La pasta del formaggio presenta una frattura pronunciata, altre più piccole, tendente allo stirato, cristalli e microocchiatura.",data/data/images_flat/2018-2019_Trentingrana__2018-10-24__P5a_326_fetta.bmp
La pasta del formaggio presenta una leggera microocchiatura.,La pasta del formaggio è stirata al centro.,data/data/images_flat/2018-2019_Trentingrana__2018-10-24__P5a_326_fetta.bmp
La pasta del formaggio presenta un'occhiatura localizzata di piccole dimensioni.,La pasta del formaggio presenta spaccature.,data/data/images_flat/2018-2019_Trentingrana__2018-10-24__P5a_326_fetta.bmp
"La pasta del formaggio è grossolana, non ben sviluppata e disomogenea.",La pasta del formaggio presenta sporadiche occhiature e ampie zone stirate.,data/data/images_flat/2018-2019_Trentingrana__2018-10-24__P5a_326_fetta.bmp
"La pasta del formaggio presenta una leggera microocchiatura, frattura quasi regolare e grana regolare verso l'esterno; al centro tende alla stiratura con andamento ondulato.",La pasta del formaggio è stirata con grana piatta.,data/data/images_flat/2018-2019_Trentingrana__2018-10-24__P5a_326_fetta.bmp
La pasta del formaggio è slegata e disomogenea con uno spacco.,"La pasta del formaggio è stirata, con strappo evidente e altri minori, leggera microocchiatura.",data/data/images_flat/2018-2019_Trentingrana__2018-10-24__P5a_326_fetta.bmp
La pasta del formaggio è priva di struttura.,La pasta del formaggio è stirata con fessurazioni.,data/data/images_flat/2018-2019_Trentingrana__2018-10-24__P5a_326_fetta.bmp
"La pasta del formaggio è stirata e compatta con zona centrale tendente al gessato, microocchiature concentrate al centro.","La pasta del formaggio presenta spaccature, solchi netti e struttura poco compatta.",data/data/images_flat/2018-2019_Trentingrana__2018-10-24__P5a_326_fetta.bmp
La pasta del formaggio presenta una fessura grossa.,La pasta del formaggio presenta una frattura regolare non perfetta.,data/data/images_flat/2018-2019_Trentingrana__2018-10-24__P1a_304_fetta.bmp
La pasta del formaggio presenta una frattura irregolare e microocchiatura localizzata.,La pasta del formaggio è a grana media con frattura leggermente irregolare e cristalli evidenti.,data/data/images_flat/2018-2019_Trentingrana__2018-10-24__P1a_304_fetta.bmp
"La pasta del formaggio presenta spugnatura centrale, crepa e occhiatura di media dimensione.",La pasta del formaggio presenta una frattura disomogenea e grana uniforme granulosa.,data/data/images_flat/2018-2019_Trentingrana__2018-10-24__P1a_304_fetta.bmp
La pasta del formaggio presenta una grana scarsa.,La pasta del formaggio presenta una frattura regolare e sporadica microocchiatura.,data/data/images_flat/2018-2019_Trentingrana__2018-10-24__P1a_304_fetta.bmp
La pasta del formaggio è stirata al centro.,La pasta del formaggio è granulosa con frattura abbastanza regolare.,data/data/images_flat/2018-2019_Trentingrana__2018-10-24__P1a_304_fetta.bmp
La pasta del formaggio presenta una microocchiatura molto diffusa.,La pasta del formaggio presenta microocchiature e grana leggermente scagliosa.,data/data/images_flat/2018-2019_Trentingrana__2018-10-24__P1a_304_fetta.bmp
La pasta del formaggio presenta una frattura.,"La pasta del formaggio presenta una grana grossolana e grandiosa, difforme tra il piatto e lo scalzo, qualche piccolo strappo e microocchiatura centrale.",data/data/images_flat/2018-2019_Trentingrana__2018-10-24__P1a_304_fetta.bmp
"La pasta del formaggio presenta una frattura abbastanza regolare, grana grossa al centro e più fine verso i piatti.",La pasta del formaggio presenta una bella grana grossa e frattura media.,data/data/images_flat/2018-2019_Trentingrana__2018-10-24__P1a_304_fetta.bmp
"La pasta del formaggio presenta una grana grossolana, una frattura e un'occhiatura di medie dimensioni.","La pasta del formaggio presenta una bella grana tendente a grossolana nella zona bagnata, con occhiature.",data/data/images_flat/2018-2019_Trentingrana__2018-10-24__P1a_304_fetta.bmp
La pasta del formaggio è stirata con occhiatura poco formata.,"La pasta del formaggio presenta una frattura a scaglie, grana con striature e piccoli strappi.",data/data/images_flat/2018-2019_Trentingrana__2019-01-30__P6a_330_fetta.bmp
La pasta del formaggio è stirata.,"La pasta del formaggio presenta una frattura regolare, granulosa, presenza di fratture interne, tendenza a scagliare e area con microocchiatura.",data/data/images_flat/2018-2019_Trentingrana__2019-01-30__P6a_330_fetta.bmp
"La pasta del formaggio presenta una frattura regolare, grana a tratti ben strutturata e a tratti grossolana.",La pasta del formaggio presenta una frattura irregolare e leggere striature.,data/data/images_flat/2018-2019_Trentingrana__2019-01-30__P6a_330_fetta.bmp
La pasta del formaggio presenta microocchiature in striatura sottile.,La pasta del formaggio è molto grossolana con sporadiche microocchiature e piccole zone stirate.,data/data/images_flat/2018-2019_Trentingrana__2019-01-30__P6a_330_fetta.bmp
La pasta del formaggio presenta una frattura molto irregolare e zone stirate.,La pasta del formaggio presenta una bella grana ma struttura slegata e numerosi piccoli spacchi.,data/data/images_flat/2018-2019_Trentingrana__2019-01-30__P6a_330_fetta.bmp
La pasta del formaggio presenta piccole aree spaccate al centro.,La pasta del formaggio presenta frequenti spacchi e microocchiatura centrale.,data/data/images_flat/2018-2019_Trentingrana__2019-01-30__P6a_330_fetta.bmp
La pasta del formaggio presenta una frattura irregolare e grana grossolana.,La pasta del formaggio presenta un'occhiatura poco presente e frattura irregolare.,data/data/images_flat/2018-2019_Trentingrana__2019-01-30__P6a_330_fetta.bmp
La pasta del formaggio è stirata con microocchiatura e una piccola occhiatura.,"La pasta del formaggio presenta una microocchiatura non fitta, qualche occhio di dimensioni medie, cristalli evidenti e grana fine.",data/data/images_flat/2018-2019_Trentingrana__2019-01-30__P4a_307_fetta.bmp
La pasta del formaggio è granulosa.,"La pasta del formaggio presenta tre occhiature visibili di dimensioni grandi, altre più piccole diffuse, grana omogenea con leggera stiratura in zone limitate.",data/data/images_flat/2018-2019_Trentingrana__2019-01-30__P4a_307_fetta.bmp
"La pasta del formaggio presenta una frattura irregolare, bella struttura ma con zona sfogliata.",La pasta del formaggio presenta occhiature numerose e cristalli evidenti.,data/data/images_flat/2018-2019_Trentingrana__2019-01-30__P4a_307_fetta.bmp
La pasta del formaggio è stirata in una grande area con occhiatura non trascurabile.,La pasta del formaggio presenta striature e occhiatura pronunciata.,data/data/images_flat/2018-2019_Trentingrana__2019-01-30__P4a_307_fetta.bmp
La pasta del formaggio presenta una fessura grande e grana fine con tendenza a piccoli granuli.,La pasta del formaggio presenta una microocchiatura e occhiatura di grandi dimensioni.,data/data/images_flat/2018-2019_Trentingrana__2019-01-30__P4a_307_fetta.bmp
La pasta del formaggio è ruvida al centro.,"La pasta del formaggio non è omogenea, in parte stirata, con occhiatura da emmentaler.",data/data/images_flat/2018-2019_Trentingrana__2019-01-30__P4a_307_fetta.bmp
"La pasta del formaggio non è uniformemente fine, con zone meno evolute.",La pasta del formaggio presenta un'occhiatura di piccole dimensioni distribuita abbastanza uniformemente e zona di stiratura.,data/data/images_flat/2018-2019_Trentingrana__2019-01-30__P4a_307_fetta.bmp
"La pasta del formaggio presenta una metà stirata e poco strutturata, con qualche occhiatura, zona angolo spugnosa.","La pasta del formaggio presenta un'occhiatura più concentrata su un piatto e uno scalzo, prevalentemente di grandi dimensioni.",data/data/images_flat/2018-2019_Trentingrana__2019-01-30__P4a_307_fetta.bmp
La pasta del formaggio presenta spugnatura grossa diffusa in tutta la sezione.,"La pasta del formaggio presenta una microocchiatura non fitta, qualche occhio di dimensioni medie, cristalli evidenti e grana fine.",data/data/images_flat/2018-2019_Trentingrana__2019-01-30__P4b_307_fetta.bmp
"La pasta del formaggio presenta micro e macroocchiature, fessurazioni e zone stirate.","La pasta del formaggio presenta tre occhiature visibili di dimensioni grandi, altre più piccole diffuse, grana omogenea con leggera stiratura in zone limitate.",data/data/images_flat/2018-2019_Trentingrana__2019-01-30__P4b_307_fetta.bmp
La pasta del formaggio presenta una frattura abbastanza regolare e struttura granulare.,La pasta del formaggio presenta occhiature numerose e cristalli evidenti.,data/data/images_flat/2018-2019_Trentingrana__2019-01-30__P4b_307_fetta.bmp
"La pasta del formaggio presenta una bella grana uniforme, qualche fessura verso un piatto.",La pasta del formaggio presenta striature e occhiatura pronunciata.,data/data/images_flat/2018-2019_Trentingrana__2019-01-30__P4b_307_fetta.bmp
La pasta del formaggio presenta una struttura spugnosa al centro e regolare.,La pasta del formaggio presenta una microocchiatura e occhiatura di grandi dimensioni.,data/data/images_flat/2018-2019_Trentingrana__2019-01-30__P4b_307_fetta.bmp
La pasta del formaggio presenta una microocchiatura centrale.,"La pasta del formaggio non è omogenea, in parte stirata, con occhiatura da emmentaler.",data/data/images_flat/2018-2019_Trentingrana__2019-01-30__P4b_307_fetta.bmp
La pasta del formaggio presenta una microocchiatura diffusa.,La pasta del formaggio presenta un'occhiatura di piccole dimensioni distribuita abbastanza uniformemente e zona di stiratura.,data/data/images_flat/2018-2019_Trentingrana__2019-01-30__P4b_307_fetta.bmp
La pasta del formaggio presenta macchie rosa.,"La pasta del formaggio presenta un'occhiatura più concentrata su un piatto e uno scalzo, prevalentemente di grandi dimensioni.",data/data/images_flat/2018-2019_Trentingrana__2019-01-30__P4b_307_fetta.bmp
"La pasta del formaggio non è fine, priva di cristalli percettibili.",La pasta del formaggio presenta una fessura sottile.,data/data/images_flat/2019-2020_Trentingrana__III bimestre__18-12-2019_17° Seduta__P1a_TN302_Fetta.bmp
"La pasta del formaggio presenta un'occhiatura, cristalli, grana grossolana e struttura media.",La pasta del formaggio presenta una grossa fessura.,data/data/images_flat/2019-2020_Trentingrana__III bimestre__18-12-2019_17° Seduta__P1a_TN302_Fetta.bmp
La pasta del formaggio presenta tante piccole fessure nella zona centrale e aspetto sgretolato.,La pasta del formaggio è senza grana.,data/data/images_flat/2019-2020_Trentingrana__III bimestre__11-12-2019_16° Seduta__P6b_TN326_Fetta.bmp
La pasta del formaggio presenta una piccola zona striata in periferia.,La pasta del formaggio presenta diverse zone quasi lisce.,data/data/images_flat/2019-2020_Trentingrana__III bimestre__11-12-2019_16° Seduta__P6b_TN326_Fetta.bmp
"La pasta del formaggio è disomogenea con frattura sottile e bella grana a tratti, stiratura sotto lo scalzo e avvallamento.",La pasta del formaggio presenta tante piccole fratture.,data/data/images_flat/2019-2020_Trentingrana__IV bimestre__08-01-2020_18° Seduta__P4a_TN328_Fetta.bmp
La pasta del formaggio presenta molti piccoli occhi prevalentemente su una metà della forma.,La pasta del formaggio presenta una presenza di fessure abbondanti.,data/data/images_flat/2019-2020_Trentingrana__IV bimestre__08-01-2020_18° Seduta__P4a_TN328_Fetta.bmp
"La pasta del formaggio è a grana molto fine con microocchiatura rada, leggermente schiacciata.",La pasta del formaggio presenta tante piccole fratture.,data/data/images_flat/2019-2020_Trentingrana__IV bimestre__08-01-2020_18° Seduta__P4b_TN328_Fetta.bmp
"La pasta del formaggio presenta una frattura abbastanza regolare, grana fine e microocchiatura su un lato.",La pasta del formaggio presenta una presenza di fessure abbondanti.,data/data/images_flat/2019-2020_Trentingrana__IV bimestre__08-01-2020_18° Seduta__P4b_TN328_Fetta.bmp
"La pasta del formaggio presenta una frattura irregolare, grana fine e microocchiatura molto fitta anche sotto crosta.",La pasta del formaggio è disidratata sotto gli scalzi.,data/data/images_flat/2019-2020_Trentingrana__IV bimestre__19-02-2020_24° Seduta__P6a_TN319_Fetta.bmp
"La pasta del formaggio presenta una grana nella struttura centrale, occhiatura centrale e frattura regolare; macchia rosa presente.",La pasta del formaggio presenta zone disidratate sottocroste e zona disidratata secca.,data/data/images_flat/2019-2020_Trentingrana__IV bimestre__19-02-2020_24° Seduta__P6a_TN319_Fetta.bmp
La pasta del formaggio è stirata con microocchiatura.,La pasta del formaggio presenta un difetto strutturale su un lato.,data/data/images_flat/2019-2020_Trentingrana__IV bimestre__19-02-2020_24° Seduta__P6a_TN319_Fetta.bmp
La pasta del formaggio presenta numerose fessure diffuse su tutta la superficie e grana grossolana in alcuni punti.,La pasta del formaggio presenta un'anomalia di muffa sullo scalzo.,data/data/images_flat/2019-2020_Trentingrana__IV bimestre__19-02-2020_24° Seduta__P6a_TN319_Fetta.bmp
"La pasta del formaggio presenta una spaccatura e frattura grossa, stirata, priva di grana.",La pasta del formaggio presenta una muffa sotto lo scalzo.,data/data/images_flat/2019-2020_Trentingrana__IV bimestre__19-02-2020_24° Seduta__P6a_TN319_Fetta.bmp
La pasta del formaggio presenta una frattura irregolare e granulosa.,La pasta del formaggio è sporca e in parte bruciata.,data/data/images_flat/2019-2020_Trentingrana__IV bimestre__19-02-2020_24° Seduta__P6a_TN319_Fetta.bmp
La pasta del formaggio è a grana grossa.,La pasta del formaggio presenta una fessura.,data/data/images_flat/2019-2020_Trentingrana__IV bimestre__15-01-2020_19° Seduta__P2a_TN306_Fetta.bmp
"La pasta del formaggio presenta una frattura irregolare, occhiatura di medie dimensioni e grana grossolana.",La pasta del formaggio è stirata al centro.,data/data/images_flat/2019-2020_Trentingrana__IV bimestre__15-01-2020_19° Seduta__P4a_TN311_Fetta.bmp
La pasta del formaggio presenta leggerissima spugnatura centrale appena visibile.,La pasta del formaggio presenta una microocchiatura centrale.,data/data/images_flat/2019-2020_Trentingrana__IV bimestre__05-02-2020_22° Seduta__P1b_TN305_Fetta.bmp
La pasta del formaggio presenta una zona centrale quasi spugnosa.,La pasta del formaggio presenta una frattura radiale diffusa al centro e due fessure.,data/data/images_flat/2019-2020_Trentingrana__IV bimestre__29-01-2020_21° Seduta__P5b_TN323_Fetta.bmp
La pasta del formaggio presenta qualche frattura.,La pasta del formaggio presenta una zona spugnosa vicino alla fessura e stirata in prossimità del taglio.,data/data/images_flat/2019-2020_Trentingrana__IV bimestre__29-01-2020_21° Seduta__P5b_TN323_Fetta.bmp
La pasta del formaggio è stirata al centro con frattura irregolare.,La pasta del formaggio presenta un'area centrale tendente allo stirato.,data/data/images_flat/2019-2020_Trentingrana__IV bimestre__29-01-2020_21° Seduta__P2b_TN305_Fetta.bmp
La pasta del formaggio è leggermente disomogenea con fitta microocchiatura nella parte centrale.,La pasta del formaggio presenta piccoli strappi nella zona sottostante al piatto.,data/data/images_flat/2019-2020_Trentingrana__I bimestre__02-10-2019_5°Seduta__P6a_TN326_Fetta.bmp
La pasta del formaggio presenta una microocchiatura scarsa.,La pasta del formaggio è stirata al centro.,data/data/images_flat/2019-2020_Trentingrana__I bimestre__25-09-2019_4°Seduta__P6b_TN338_Fetta.bmp
La pasta del formaggio presenta una bella frattura e presenza di uno spacco.,La pasta del formaggio presenta assenza di grana.,data/data/images_flat/2019-2020_Trentingrana__I bimestre__25-09-2019_4°Seduta__P6b_TN338_Fetta.bmp
"La pasta del formaggio presenta una frattura regolare, grana a tratti ben strutturata e a tratti grossolana.",La pasta del formaggio presenta tante piccole fessure nella zona centrale e aspetto sgretolato.,data/data/images_flat/2019-2020_Trentingrana__II bimestre__30-10-2019_9°Seduta__P5a_TN328_Fetta.bmp
"La pasta del formaggio presenta una frattura irregolare, alcune microocchiature e grana grandiosa omogenea.",La pasta del formaggio è slegata.,data/data/images_flat/2019-2020_Trentingrana__II bimestre__30-10-2019_9°Seduta__P5a_TN328_Fetta.bmp
"La pasta del formaggio presenta una frattura irregolare, struttura omogenea e granulosa.",La pasta del formaggio presenta piccole fratture al di sotto di un piatto.,data/data/images_flat/2021-2022_Trentingrana__20° Seduta_16-03-2022__P1a_TN302_226_fetta.bmp
"La pasta del formaggio presenta una grana nella struttura centrale, occhiatura centrale e frattura regolare; macchia rosa presente.",La pasta del formaggio presenta numerose piccole spaccature nei pressi dello scalzo.,data/data/images_flat/2021-2022_Trentingrana__20° Seduta_16-03-2022__P2a_TN305_928_fetta.bmp
"La pasta del formaggio presenta una frattura irregolare, grana a tratti discreta e in altri tratti quasi stirata, con microocchiatura diffusa.","La pasta del formaggio presenta una grana grossolana, non perfettamente omogenea.",data/data/images_flat/2021-2022_Trentingrana__13° Seduta_19-01-2022__P5b_TN330_782_fetta.bmp
La pasta del formaggio presenta un'occhiatura.,La pasta del formaggio presenta una bella struttura nella metà della forma.,data/data/images_flat/2021-2022_Trentingrana__13° Seduta_19-01-2022__P4b_TN326_152_fetta.bmp
La pasta del formaggio è priva di struttura.,La pasta del formaggio presenta una bella struttura nella metà della forma.,data/data/images_flat/2021-2022_Trentingrana__13° Seduta_19-01-2022__P4a_TN326_152_fetta.bmp
La pasta del formaggio è stirata e difettosa.,La pasta del formaggio è slegata.,data/data/images_flat/2021-2022_Trentingrana__7° Seduta_17-11-2021__P3a_TN311_215_Fetta.bmp
La pasta del formaggio presenta numerose fessure diffuse su tutta la superficie e grana grossolana in alcuni punti.,La pasta del formaggio è molto umida.,data/data/images_flat/2021-2022_Trentingrana__7° Seduta_17-11-2021__P3a_TN311_215_Fetta.bmp
La pasta del formaggio è stirata.,"La pasta del formaggio presenta vistose spaccature, altre più piccole, e piccola occhiatura.",data/data/images_flat/2021-2022_Trentingrana__7° Seduta_17-11-2021__P5b_TN326_891_Fetta.bmp
"La pasta del formaggio presenta una frattura regolare, striata e una piccola occhiatura.","La pasta del formaggio presenta una microocchiatura molto fitta e aspetto spugnoso al centro, grana fine con perle verso l'esterno.",data/data/images_flat/2021-2022_Trentingrana__21° Seduta_23-03-2022__P1b_TN310_375_fetta.bmp
"La pasta del formaggio è grandiosa abbastanza regolare, ma con frattura a salti.",La pasta del formaggio è a grana grossa.,data/data/images_flat/2021-2022_Trentingrana__21° Seduta_23-03-2022__P5a_TN330_961_fetta.bmp
La pasta del formaggio non è omogenea e stirata in parte.,La pasta del formaggio è scagliosa con zona superficiale piatta.,data/data/images_flat/2021-2022_Trentingrana__17° Seduta_16-02-2022__P4a_TN314_437_fetta.bmp
La pasta del formaggio è stirata con fratture profonde.,La pasta del formaggio presenta qualche piccolo occhio e microocchiatura in una piccola area della forma.,data/data/images_flat/2021-2022_Trentingrana__3° Seduta_13-10-2021__P1a_TN307_902_Fetta.bmp
"La pasta del formaggio presenta una microocchiatura diffusa circa metà forma, stirata, non omogenea e non regolare.",La pasta del formaggio presenta due grane diverse compresenti.,data/data/images_flat/2021-2022_Trentingrana__10° Seduta_07-12-2021__P1b_TN302_849_Fetta.bmp
La pasta del formaggio è abbastanza regolare con cristalli bianchi.,La pasta del formaggio è scagliosa nella zona sottostante.,data/data/images_flat/2021-2022_Trentingrana__30° Seduta_22-06-2022__P2a_TN305_727_Fetta.bmp
La pasta del formaggio è striata e spugnosa.,"La pasta del formaggio è omogenea al centro, diversa in periferia.",data/data/images_flat/2021-2022_Trentingrana__30° Seduta_22-06-2022__P3b_TN307_911_Fetta.bmp
"La pasta del formaggio presenta una frattura irregolare, blocchi marcati e cristalli evidenti.",La pasta del formaggio è ruvida.,data/data/images_flat/2021-2022_Trentingrana__30° Seduta_22-06-2022__P3b_TN307_911_Fetta.bmp
La pasta del formaggio è leggermente stirata e con grana molto grossolana.,"La pasta del formaggio presenta una struttura strana, falsamente granulosa e compatta.",data/data/images_flat/2021-2022_Trentingrana__30° Seduta_22-06-2022__P3b_TN307_911_Fetta.bmp
