pred,ref,image_path
"La pasta del formaggio presenta un'abbondante microocchiatura, anche di dimensioni considerevoli, e disidratata.",La pasta del formaggio è disidratata.,data/data/images_flat/2020-2021_Trentingrana__VI bimestre__29°Seduta_07-04-2021__P5_TN_326_555_A_FETTA.bmp
La pasta del formaggio presenta una frattura irregolare e grana bella.,La pasta del formaggio presenta un aspetto a scaglie.,data/data/images_flat/2020-2021_Trentingrana__VI bimestre__29°Seduta_07-04-2021__P1_TN_302_851_B_FETTA.bmp
"La pasta del formaggio presenta una vaga presenza di microocchiatura, leggermente grossolana.",La pasta del formaggio presenta una frattura centrale di ampiezza pronunciata.,data/data/images_flat/2020-2021_Trentingrana__III bimestre__16°Seduta_18-12-2020__P4_TN323_813_FETTA_A.bmp
La pasta del formaggio è spugnosa nella parte centrale.,La pasta del formaggio presenta una grossa fessura centrale.,data/data/images_flat/2020-2021_Trentingrana__III bimestre__16°Seduta_18-12-2020__P4_TN323_813_FETTA_A.bmp
La pasta del formaggio presenta una fessura.,La pasta del formaggio presenta una frattura evidente.,data/data/images_flat/2020-2021_Trentingrana__III bimestre__16°Seduta_18-12-2020__P4_TN323_813_FETTA_A.bmp
La pasta del formaggio presenta cristalli evidenti e struttura regolare.,La pasta del formaggio presenta una fessura pronunciata al centro.,data/data/images_flat/2020-2021_Trentingrana__III bimestre__16°Seduta_18-12-2020__P4_TN323_813_FETTA_A.bmp
La pasta del formaggio presenta microocchiature in striatura sottile.,La pasta del formaggio presenta una leggera microocchiatura.,data/data/images_flat/2020-2021_Trentingrana__III bimestre__14°Seduta_09-12-2020__P6_TN_330_435_FETTA_B.bmp
La pasta del formaggio presenta una frattura radiale e serratura a piccole scaglie.,La pasta del formaggio presenta una microocchiatura appena visibile.,data/data/images_flat/2020-2021_Trentingrana__III bimestre__14°Seduta_09-12-2020__P6_TN_330_435_FETTA_B.bmp
La pasta del formaggio è di tipo sbrinz.,La pasta del formaggio è disomogenea e non compiuta nella struttura.,data/data/images_flat/2020-2021_Trentingrana__III bimestre__11°Seduta_19-11-2020__P4_TN319_793b_fetta.bmp
La pasta del formaggio presenta una microocchiatura e qualche strappo.,La pasta del formaggio presenta una piccola fessura.,data/data/images_flat/2020-2021_Trentingrana__III bimestre__11°Seduta_19-11-2020__P4_TN319_793b_fetta.bmp
"La pasta del formaggio presenta una bella frattura, grana omogenea e tendente al fine.","La pasta del formaggio è a tratti quasi fine, in altri punti con grana non sviluppata e una fessura.",data/data/images_flat/2020-2021_Trentingrana__III bimestre__12°Seduta_25-11-2020___P5_TN328_182_FETTA_B.bmp
"La pasta del formaggio presenta una frattura abbastanza regolare ma disomogenea nelle due metà, grana che forma striature al centro.",La pasta del formaggio presenta una microocchiatura.,data/data/images_flat/2020-2021_Trentingrana__III bimestre__12°Seduta_25-11-2020___P6_TN330_714_FETTA_A.bmp
La pasta del formaggio è stirata in ampia zona centrale con microocchiatura diffusa.,La pasta del formaggio presenta una microocchiatura diffusa.,data/data/images_flat/2020-2021_Trentingrana__III bimestre__12°Seduta_25-11-2020___P6_TN330_714_FETTA_A.bmp
"La pasta del formaggio è irregolare e gessata, non dovuta a macchie di umidità.",La pasta del formaggio presenta una zona a grana grossolana.,data/data/images_flat/2020-2021_Trentingrana__III bimestre__12°Seduta_25-11-2020___P6_TN330_714_FETTA_A.bmp
La pasta del formaggio presenta un'area spugnosa marcata al centro.,La pasta del formaggio presenta una fessura e crepe in corrispondenza del segno esterno dell'ago.,data/data/images_flat/2020-2021_Trentingrana__III bimestre__15°Seduta_16-12-2020__P3_TN314_525_FETTA_A.bmp
"La pasta del formaggio presenta una frattura evidente, leggera fessura e grana grossolana.",La pasta del formaggio è a tratti non sviluppata e piatta.,data/data/images_flat/2020-2021_Trentingrana__III bimestre__15°Seduta_16-12-2020__P3_TN314_525_FETTA_A.bmp
La pasta del formaggio presenta una bella grana sia grossolana che fine e frattura omogenea.,La pasta del formaggio presenta fessurazione pronunciata.,data/data/images_flat/2020-2021_Trentingrana__III bimestre__15°Seduta_16-12-2020__P3_TN314_525_FETTA_A.bmp
La pasta del formaggio non è omogenea ma granulosa.,La pasta del formaggio presenta uno spacco ampio e ramificato.,data/data/images_flat/2020-2021_Trentingrana__III bimestre__15°Seduta_16-12-2020__P3_TN314_525_FETTA_A.bmp
"La pasta del formaggio presenta una microocchiatura diffusa, non regolare.",La pasta del formaggio presenta una grossa frattura interna.,data/data/images_flat/2020-2021_Trentingrana__III bimestre__15°Seduta_16-12-2020__P3_TN314_525_FETTA_A.bmp
La pasta del formaggio presenta una grana regolare tendente al fine.,La pasta del formaggio presenta una fessura molto evidente.,data/data/images_flat/2020-2021_Trentingrana__III bimestre__15°Seduta_16-12-2020__P3_TN314_525_FETTA_A.bmp
La pasta del formaggio presenta un singolo occhio di piccole dimensioni.,"La pasta del formaggio presenta una grossa fessura piena di cristalli, circondata da zone con microocchiatura.",data/data/images_flat/2020-2021_Trentingrana__III bimestre__15°Seduta_16-12-2020__P3_TN314_525_FETTA_A.bmp
"La pasta del formaggio presenta una grana uniforme e granulosa, frattura con cratere.",La pasta del formaggio presenta un'area centrale dalla struttura ruvida.,data/data/images_flat/2020-2021_Trentingrana__IV bimestre__21°Seduta_10-02-2021__P5_TN323_892_FETTA_B.bmp
La pasta del formaggio è molto grossolana con sporadiche microocchiature e piccole zone stirate.,"La pasta del formaggio presenta una bella struttura, grana omogenea e frattura netta, microocchiatura diffusa molto fine.",data/data/images_flat/2020-2021_Trentingrana__IV bimestre__21°Seduta_10-02-2021__P5_TN323_892_FETTA_B.bmp
"La pasta del formaggio presenta una frattura leggermente affossata, struttura granulare e piccola zona con occhiatura, alcuni occhi di medie dimensioni.",La pasta del formaggio presenta una microocchiatura diffusa.,data/data/images_flat/2020-2021_Trentingrana__IV bimestre__21°Seduta_10-02-2021__P5_TN323_892_FETTA_B.bmp
"La pasta del formaggio presenta enormi spacchi, slegata e con microocchiatura.",La pasta del formaggio presenta ampia e diffusa occhiatura al centro.,data/data/images_flat/2020-2021_Trentingrana__IV bimestre__21°Seduta_10-02-2021__P5_TN323_892_FETTA_B.bmp
"La pasta del formaggio non è uniformemente fine, con zone meno evolute.","La pasta del formaggio presenta una frattura irregolare, molto legata e compatta.",data/data/images_flat/2020-2021_Trentingrana__IV bimestre__21°Seduta_10-02-2021__P6_TN338_211_FETTA_B.bmp
La pasta del formaggio è leggermente stirata con struttura presente.,La pasta del formaggio presenta una struttura diversa tra il cuore e la periferia.,data/data/images_flat/2020-2021_Trentingrana__IV bimestre__21°Seduta_10-02-2021__P6_TN338_211_FETTA_B.bmp
La pasta del formaggio non è omogenea.,La pasta del formaggio presenta una grana ben presente ma irregolare.,data/data/images_flat/2020-2021_Trentingrana__IV bimestre__21°Seduta_10-02-2021__P6_TN338_211_FETTA_B.bmp
La pasta del formaggio presenta un'bella occhiatura leggera.,La pasta del formaggio presenta una fessura profonda al centro.,data/data/images_flat/2020-2021_Trentingrana__IV bimestre__17°Seduta_13-01-2021__P3_TN314_726_FETTA_A.bmp
"La pasta del formaggio presenta una frattura regolare, una crepa e grana omogenea grossolana.","La pasta del formaggio presenta una bella grana, una grossa fessura e occhiatura in zona d'angolo.",data/data/images_flat/2020-2021_Trentingrana__IV bimestre__17°Seduta_13-01-2021__P3_TN314_726_FETTA_A.bmp
La pasta del formaggio presenta una grana di diversa granulosità.,La pasta del formaggio presenta una fessura pronunciata.,data/data/images_flat/2020-2021_Trentingrana__IV bimestre__17°Seduta_13-01-2021__P3_TN314_726_FETTA_A.bmp
La pasta del formaggio è granulosa con frattura abbastanza regolare.,La pasta del formaggio presenta una fessura consistente.,data/data/images_flat/2020-2021_Trentingrana__IV bimestre__17°Seduta_13-01-2021__P3_TN314_726_FETTA_A.bmp
La pasta del formaggio presenta un taglio regolare ma con una grande zona centrale spinosa e fratturata.,"La pasta del formaggio è compatta con struttura irregolare in diverse zone, non grandiosa.",data/data/images_flat/2020-2021_Trentingrana__I bimestre__16-09-2020_3° Seduta__P1a_TN304_Fetta.bmp
"La pasta del formaggio presenta una bella frattura, grana omogenea e tendente al fine.",La pasta del formaggio presenta qualche piccola fessura.,data/data/images_flat/2020-2021_Trentingrana__I bimestre__16-09-2020_3° Seduta__P1a_TN304_Fetta.bmp
"La pasta del formaggio presenta una frattura abbastanza regolare, leggermente stirata al centro con una crepa.",La pasta del formaggio presenta due fessure di dimensioni pronunciate.,data/data/images_flat/2020-2021_Trentingrana__I bimestre__16-09-2020_3° Seduta__P1a_TN304_Fetta.bmp
La pasta del formaggio presenta un'occhiatura centrale di diametro medio.,La pasta del formaggio presenta una grana grassa.,data/data/images_flat/2020-2021_Trentingrana__I bimestre__16-09-2020_3° Seduta__P5a_TN323_Fetta.bmp
La pasta del formaggio è leggermente disidratata.,La pasta del formaggio presenta un'occhiatura e ristagno di siero.,data/data/images_flat/2020-2021_Trentingrana__I bimestre__16-09-2020_3° Seduta__P5a_TN323_Fetta.bmp
"La pasta del formaggio presenta una frattura abbastanza regolare, zone spugnose con occhiatura fitta e presenza di una grossa bolla.",La pasta del formaggio presenta due piccole fessure.,data/data/images_flat/2020-2021_Trentingrana__I bimestre__16-09-2020_3° Seduta__P5a_TN323_Fetta.bmp
La pasta del formaggio è granulosa con frattura irregolare e struttura compatta.,La pasta del formaggio presenta una fessura molto fine.,data/data/images_flat/2020-2021_Trentingrana__I bimestre__09-09-2020_2° Seduta__P3b_TN307_Fetta.bmp
La pasta del formaggio è leggermente stirata con occhiature nella zona centrale.,La pasta del formaggio è dall'aspetto molto asciutto.,data/data/images_flat/2020-2021_Trentingrana__I bimestre__09-09-2020_2° Seduta__P3b_TN307_Fetta.bmp
La pasta del formaggio presenta una grana scarsa.,La pasta del formaggio presenta un taglio superficiale al centro.,data/data/images_flat/2020-2021_Trentingrana__I bimestre__09-09-2020_2° Seduta__P3b_TN307_Fetta.bmp
La pasta del formaggio presenta una frattura regolare ma occhiatura importante diffusa.,La pasta del formaggio presenta una fessura molto fine.,data/data/images_flat/2020-2021_Trentingrana__I bimestre__09-09-2020_2° Seduta__P3a_TN307_Fetta.bmp
"La pasta del formaggio presenta tre fratture profonde, altre più piccole e segno dell'ago, di colore rosato con cristallini.",La pasta del formaggio è dall'aspetto molto asciutto.,data/data/images_flat/2020-2021_Trentingrana__I bimestre__09-09-2020_2° Seduta__P3a_TN307_Fetta.bmp
La pasta del formaggio presenta un'area spugnosa centrale.,La pasta del formaggio presenta un taglio superficiale al centro.,data/data/images_flat/2020-2021_Trentingrana__I bimestre__09-09-2020_2° Seduta__P3a_TN307_Fetta.bmp
"La pasta del formaggio presenta una microocchiatura anche grossa in ampia area e struttura non omogenea, con centro non definito.",La pasta del formaggio presenta fratture sotto una superficie piatta.,data/data/images_flat/2020-2021_Trentingrana__II bimestre__09-10-2020_6°Seduta__P4B_TN316_278 FETTA.bmp
"La pasta del formaggio è stirata soprattutto al centro, con microocchiatura in una zona.",La pasta del formaggio presenta una bella struttura e microocchiatura diffusa.,data/data/images_flat/2020-2021_Trentingrana__II bimestre__09-10-2020_6°Seduta__P4B_TN316_278 FETTA.bmp
La pasta del formaggio presenta punti lisci e disomogeneità.,La pasta del formaggio presenta due zone a grappoli di occhiatura e piccoli ammassi bianchi.,data/data/images_flat/2020-2021_Trentingrana__II bimestre__09-10-2020_6°Seduta__P1B_TN305_584 FETTA.bmp
La pasta del formaggio è spugnosa con striature.,La pasta del formaggio presenta un'occhiatura irregolare e problematica.,data/data/images_flat/2020-2021_Trentingrana__II bimestre__09-10-2020_6°Seduta__P1B_TN305_584 FETTA.bmp
"La pasta del formaggio presenta una frattura regolare, una crepa e grana omogenea grossolana.",La pasta del formaggio presenta un occhio di grande dimensione e microocchiatura diffusa.,data/data/images_flat/2020-2021_Trentingrana__II bimestre__09-10-2020_6°Seduta__P1B_TN305_584 FETTA.bmp
"La pasta del formaggio presenta una frattura regolare, leggermente stirata al centro.","La pasta del formaggio presenta un'occhiatura di medie dimensioni contenente siero e cristalli, accompagnata da un insieme di piccole occhiature unite al taglio centrale.",data/data/images_flat/2020-2021_Trentingrana__II bimestre__09-10-2020_6°Seduta__P1B_TN305_584 FETTA.bmp
La pasta del formaggio presenta una grana non sviluppata in una zona della sezione.,La pasta del formaggio è ruvida.,data/data/images_flat/2020-2021_Trentingrana__II bimestre__10°Seduta_04-11-2020__P2A_TN306_735_fetta.bmp
La pasta del formaggio è stirata.,La pasta del formaggio presenta una microocchiatura ridotta.,data/data/images_flat/2020-2021_Trentingrana__II bimestre__10°Seduta_04-11-2020__P2A_TN306_735_fetta.bmp
La pasta del formaggio presenta una frattura irregolare e abbastanza omogenea.,La pasta del formaggio è leggermente poco regolare.,data/data/images_flat/2020-2021_Trentingrana__II bimestre__28-10-2020_9°Seduta__P1A_TN302_527_FETTA.bmp
"La pasta del formaggio presenta un'occhiatura centrale, granulosa e tendente allo stirato.",La pasta del formaggio presenta una microocchiatura in zone molto limitate.,data/data/images_flat/2020-2021_Trentingrana__II bimestre__21-10-2020_8°Seduta__P6B_TN330_165FETTA.bmp
La pasta del formaggio presenta una piccola zona striata in periferia.,La pasta del formaggio presenta una microocchiatura raggruppata al centro e più distanziata nel resto della forma.,data/data/images_flat/2020-2021_Trentingrana__II bimestre__21-10-2020_8°Seduta__P6B_TN330_165FETTA.bmp
La pasta del formaggio presenta una frattura poco regolare.,La pasta del formaggio presenta una grana meno sviluppata in zone limitate.,data/data/images_flat/2020-2021_Trentingrana__II bimestre__21-10-2020_8°Seduta__P5A_TN328_354FETTA.bmp
La pasta del formaggio è striata e spugnosa.,La pasta del formaggio presenta due aree spaccate di dimensioni rilevanti.,data/data/images_flat/2020-2021_Trentingrana__II bimestre__21-10-2020_8°Seduta__P5A_TN328_354FETTA.bmp
"La pasta del formaggio presenta una microocchiatura centrale, zone lisce e altre più granulose.",La pasta del formaggio presenta un grande occhio localizzato subito sotto la superficie.,data/data/images_flat/2020-2021_Trentingrana__II bimestre__21-10-2020_8°Seduta__P4A_TN323_443FETTA.bmp
"La pasta del formaggio presenta una frattura regolare, leggermente stirata al centro.",La pasta del formaggio presenta una grande cavità centrale.,data/data/images_flat/2020-2021_Trentingrana__II bimestre__21-10-2020_8°Seduta__P4A_TN323_443FETTA.bmp
La pasta del formaggio è stirata con microocchiatura.,La pasta del formaggio presenta un grosso occhio contenente siero.,data/data/images_flat/2020-2021_Trentingrana__II bimestre__21-10-2020_8°Seduta__P4A_TN323_443FETTA.bmp
La pasta del formaggio presenta striature e occhiature al centro.,La pasta del formaggio presenta un ampio occhio centrale molto profondo circondato da un'estesa zona spugnosa.,data/data/images_flat/2020-2021_Trentingrana__II bimestre__21-10-2020_8°Seduta__P4A_TN323_443FETTA.bmp
"La pasta del formaggio presenta una frattura bella, grana abbastanza ben profilata e presenza di un piccolo spacco.",La pasta del formaggio presenta un grande occhio centrale.,data/data/images_flat/2020-2021_Trentingrana__II bimestre__21-10-2020_8°Seduta__P4A_TN323_443FETTA.bmp
La pasta del formaggio presenta spugnositá centrale.,La pasta del formaggio è stirata con microocchiature centrali e frattura arrotondata.,data/data/images_flat/2018-2019_Trentingrana__2019-01-16__P4a_319_fetta.bmp
La pasta del formaggio presenta qualche piccolissimo occhio.,La pasta del formaggio è nettamente stirata al centro con occhiatura centrale di una certa dimensione e frattura buona.,data/data/images_flat/2018-2019_Trentingrana__2019-01-16__P4a_319_fetta.bmp
"La pasta del formaggio presenta una frattura regolare, granulosa, priva di occhiatura.",La pasta del formaggio è stirata.,data/data/images_flat/2018-2019_Trentingrana__2019-01-16__P4a_319_fetta.bmp
"La pasta del formaggio presenta una frattura regolare, grana eterogenea, a tratti bella a tratti quasi eccessiva.",La pasta del formaggio presenta una frattura irregolare e microocchiatura localizzata.,data/data/images_flat/2018-2019_Trentingrana__2019-01-16__P4a_319_fetta.bmp
"La pasta del formaggio presenta una microocchiatura diffusa molto impattante, struttura grandiosa e regolare.",La pasta del formaggio presenta una microocchiatura e zone stirate.,data/data/images_flat/2018-2019_Trentingrana__2019-01-16__P4a_319_fetta.bmp
La pasta del formaggio presenta una microocchiatura fine al centro e leggere striature centrali che rendono la grana disomogenea; grana ben presente nel resto della pasta.,"La pasta del formaggio è stirata soprattutto al centro, con microocchiatura in una zona.",data/data/images_flat/2018-2019_Trentingrana__2019-01-16__P4a_319_fetta.bmp
La pasta del formaggio presenta una microocchiatura.,"La pasta del formaggio è stirata al centro, con leggera occhiatura e frattura abbastanza regolare.",data/data/images_flat/2018-2019_Trentingrana__2019-01-16__P4a_319_fetta.bmp
La pasta del formaggio presenta una grana scarsa.,La pasta del formaggio è stirata in una grande area con occhiatura non trascurabile.,data/data/images_flat/2018-2019_Trentingrana__2019-01-16__P4a_319_fetta.bmp
"La pasta del formaggio è a grana fine e omogenea, con frattura irregolare.",La pasta del formaggio è visibilmente stirata con microocchiatura a tratti.,data/data/images_flat/2018-2019_Trentingrana__2019-01-16__P4a_319_fetta.bmp
"La pasta del formaggio presenta una grana grossolana, qualche occhiatura e frattura media.","La pasta del formaggio è stirata fortemente al centro con abbondante occhiatura, anche grossa, nella zona centrale.",data/data/images_flat/2018-2019_Trentingrana__2019-01-16__P4a_319_fetta.bmp
"La pasta del formaggio presenta una grana grossolana, frattura variabile e molti cristalli.","La pasta del formaggio presenta una frattura irregolare, impugnatura evidente al centro e bocciatura media grossolana.",data/data/images_flat/2018-2019_Trentingrana__2019-01-16__P4a_319_fetta.bmp
"La pasta del formaggio è omogenea e grandiosa, frattura regolare.","La pasta del formaggio è abbastanza fine con striature, uno strappo, cristalli ben visibili e qualche perla.",data/data/images_flat/2018-2019_Trentingrana__2019-01-16__P3a_316_fetta.bmp
La pasta del formaggio presenta zone stirate.,"La pasta del formaggio presenta uno spacco, buona grana fine e fibre centrali discretamente orientate.",data/data/images_flat/2018-2019_Trentingrana__2019-01-16__P3a_316_fetta.bmp
La pasta del formaggio è dall'aspetto grandioso con qualche piccola occhiatura sparsa e cristalli.,La pasta del formaggio presenta una frattura regolare e una crepa interna.,data/data/images_flat/2018-2019_Trentingrana__2019-01-16__P3a_316_fetta.bmp
La pasta del formaggio presenta un taglio irregolare e leggermente stirata al centro.,La pasta del formaggio presenta uno spacco.,data/data/images_flat/2018-2019_Trentingrana__2019-01-16__P3a_316_fetta.bmp
"La pasta del formaggio è stirata, piatta con microocchiature.","La pasta del formaggio presenta una frattura regolare, compatta e poco grandiosa, con una fessura.",data/data/images_flat/2018-2019_Trentingrana__2019-01-16__P3a_316_fetta.bmp
La pasta del formaggio è poco grandiosa con qualche zona di microocchiatura.,La pasta del formaggio presenta strappo evidente.,data/data/images_flat/2018-2019_Trentingrana__2019-01-16__P3a_316_fetta.bmp
La pasta del formaggio presenta effetto radiale.,"La pasta del formaggio presenta una frattura regolare ma presenza di spacco, grana non molto profilata.",data/data/images_flat/2018-2019_Trentingrana__2019-01-16__P3a_316_fetta.bmp
La pasta del formaggio è liscia con poca grana e occhiature anche grandi.,"La pasta del formaggio presenta una grossa fessura, grana poco formata e stiratura.",data/data/images_flat/2018-2019_Trentingrana__2019-01-16__P3a_316_fetta.bmp
"La pasta del formaggio presenta una microocchiatura diffusa ma rada, sottile e disomogenea, con piccoli strappi e struttura granulosa e grossolana.",La pasta del formaggio presenta una frattura regolare e sfogliatura evidente.,data/data/images_flat/2018-2019_Trentingrana__2019-01-16__P3a_316_fetta.bmp
"La pasta del formaggio è stirata, con occhiatura diffusa soprattutto in una metà della forma e sotto un piatto nell'altra metà.","La pasta del formaggio presenta una frattura irregolare, grana fine e microocchiatura molto fitta anche sotto crosta.",data/data/images_flat/2018-2019_Trentingrana__2019-01-16__P2b_313_fetta.bmp
La pasta del formaggio presenta una bella frattura e presenza di uno spacco.,"La pasta del formaggio presenta un'occhiatura nel terzo centrale, buona frattura e grana non omogenea per discrezionalità al centro; il rimanente non è fine.",data/data/images_flat/2018-2019_Trentingrana__2019-01-16__P2b_313_fetta.bmp
La pasta del formaggio è a grana grossolana.,La pasta del formaggio è stirata con numerosa occhiatura.,data/data/images_flat/2018-2019_Trentingrana__2019-01-16__P2b_313_fetta.bmp
La pasta del formaggio è parzialmente stirata.,La pasta del formaggio presenta una frattura irregolare e microocchiatura diffusa.,data/data/images_flat/2018-2019_Trentingrana__2019-01-16__P2b_313_fetta.bmp
La pasta del formaggio è slegata.,"La pasta del formaggio presenta una microocchiatura diffusa, zone stirate e occhiatura di notevoli dimensioni in prossimità della sottocrosta.",data/data/images_flat/2018-2019_Trentingrana__2019-01-16__P2b_313_fetta.bmp
La pasta del formaggio è spugnosa a tratti e stirata.,La pasta del formaggio è in parte stirata e non omogenea.,data/data/images_flat/2018-2019_Trentingrana__2019-01-16__P2b_313_fetta.bmp
"La pasta del formaggio presenta una bella frattura e bella grana, con piccole sfoglie e una zona cavernosa.","La pasta del formaggio è spinosa, non regolare con occhiatura diffusa.",data/data/images_flat/2018-2019_Trentingrana__2019-01-16__P2b_313_fetta.bmp
La pasta del formaggio presenta zone quasi spugnose e una bolla pronunciata.,"La pasta del formaggio è stirata, con occhiatura diffusa soprattutto in una metà della forma e sotto un piatto nell'altra metà.",data/data/images_flat/2018-2019_Trentingrana__2019-01-16__P2b_313_fetta.bmp
"La pasta del formaggio è grossolana e non omogenea nel sottocrosta, con avvallamento deciso alla rottura.","La pasta del formaggio è difettosa, stirata, con zona con microocchiatura diffusa.",data/data/images_flat/2018-2019_Trentingrana__2019-01-16__P2b_313_fetta.bmp
La pasta del formaggio presenta una singola occhiatura di medie dimensioni.,"La pasta del formaggio presenta una frattura evidente e striature, struttura assente.",data/data/images_flat/2018-2019_Trentingrana__2019-01-16__P2b_313_fetta.bmp
La pasta del formaggio presenta un'occhiatura a effetto spugna al centro.,"La pasta del formaggio presenta un lato spugnoso e struttura disomogenea, colore paglierino carico.",data/data/images_flat/2018-2019_Trentingrana__2019-01-16__P2b_313_fetta.bmp
La pasta del formaggio presenta striature.,"La pasta del formaggio è irregolare e gessata, non dovuta a macchie di umidità.",data/data/images_flat/2018-2019_Trentingrana__2018-10-03__P6b_330_fetta.bmp
La pasta del formaggio è irregolare e spugnosa al centro.,La pasta del formaggio è irregolare con zona centrale caratterizzata da strappi fitti e piccoli.,data/data/images_flat/2018-2019_Trentingrana__2018-10-03__P6b_330_fetta.bmp
"La pasta del formaggio presenta una frattura regolare, grana grossolana e piccoli cristalli.","La pasta del formaggio è grandiosa e leggermente grossolana, con lieve struttura centrale e frattura ottima.",data/data/images_flat/2018-2019_Trentingrana__2018-10-03__P6b_330_fetta.bmp
"La pasta del formaggio presenta una frattura ad arco, stirata, microocchiatura diffusa, fascia esterna biancastra dall'aspetto disidratato.",La pasta del formaggio è omogenea.,data/data/images_flat/2018-2019_Trentingrana__2018-10-03__P6b_330_fetta.bmp
La pasta del formaggio presenta una frattura regolare e bella grana.,"La pasta del formaggio presenta zone umide e più chiare, leggera frattura su un piatto.",data/data/images_flat/2018-2019_Trentingrana__2018-10-03__P6b_330_fetta.bmp
La pasta del formaggio è grossolana con qualche microocchiatura.,La pasta del formaggio è sfogliata e gessata.,data/data/images_flat/2018-2019_Trentingrana__2018-10-03__P6b_330_fetta.bmp
"La pasta del formaggio presenta una frattura regolare, grana poco profilata con andamenti striati e lieve occhiatura.","La pasta del formaggio presenta rigeneratrice nel senso del piatto, altrimenti grana omogenea.",data/data/images_flat/2018-2019_Trentingrana__2018-10-03__P6b_330_fetta.bmp
La pasta del formaggio è pastosa.,La pasta del formaggio presenta piccoli spacchi e grana non bella.,data/data/images_flat/2018-2019_Trentingrana__2018-10-03__P6b_330_fetta.bmp
"La pasta del formaggio presenta tre fratture profonde, altre più piccole e segno dell'ago, di colore rosato con cristallini.",La pasta del formaggio è stirata al centro con diversi micro strappi e disomogenea.,data/data/images_flat/2018-2019_Trentingrana__2018-10-03__P6b_330_fetta.bmp
"La pasta del formaggio non è omogenea, granulosa con aree tendenti allo stirato.","La pasta del formaggio presenta una bella frattura e grana presente, zona tendente allo stirato e alla foglia, aree umide quasi gessate.",data/data/images_flat/2018-2019_Trentingrana__2018-10-03__P6b_330_fetta.bmp
"La pasta del formaggio presenta una bella grana tendente a grossolana nella zona bagnata, con occhiature.",La pasta del formaggio è grandiosa e grossolana.,data/data/images_flat/2018-2019_Trentingrana__2018-10-03__P6b_330_fetta.bmp
La pasta del formaggio presenta un grosso spacco centrale.,La pasta del formaggio non è omogenea con aree stirate.,data/data/images_flat/2018-2019_Trentingrana__2018-10-03__P2b_305_fetta.bmp
La pasta del formaggio presenta leggera striatura nella zona sottostante il piatto.,La pasta del formaggio è stirata con frattura circolare e microocchiatura fine.,data/data/images_flat/2018-2019_Trentingrana__2018-10-03__P2b_305_fetta.bmp
La pasta del formaggio è granulosa non omogenea.,"La pasta del formaggio è a tratti poco evoluta e leggermente stirata, con frattura buona.",data/data/images_flat/2018-2019_Trentingrana__2018-10-03__P2b_305_fetta.bmp
La pasta del formaggio è grossolana non omogenea.,La pasta del formaggio presenta cristalli e occhiatura centrale.,data/data/images_flat/2018-2019_Trentingrana__2018-10-03__P2b_305_fetta.bmp
La pasta del formaggio presenta una frattura non regolare.,"La pasta del formaggio è stirata con microocchiatura al centro, disomogenea e gessata.",data/data/images_flat/2018-2019_Trentingrana__2018-10-03__P2b_305_fetta.bmp
La pasta del formaggio presenta una frattura mista tra regolare e simil stirata al centro.,La pasta del formaggio presenta una microocchiatura centrale.,data/data/images_flat/2018-2019_Trentingrana__2018-10-03__P2b_305_fetta.bmp
"La pasta del formaggio presenta una frattura poco irregolare e struttura non molto bella, con qualche zona tendente allo stirato.","La pasta del formaggio presenta qualche frattura, microocchiatura diffusa e leggera stiratura, disomogenea.",data/data/images_flat/2018-2019_Trentingrana__2018-10-03__P2b_305_fetta.bmp
La pasta del formaggio presenta una grana nella parte centrale.,"La pasta del formaggio presenta una frattura regolare, stiratura a tratti e micro occhiatura.",data/data/images_flat/2018-2019_Trentingrana__2018-10-03__P2b_305_fetta.bmp
La pasta del formaggio presenta un paio di spacchi e qualche microocchiatura.,La pasta del formaggio è leggermente stirata con poco agglomerato congelato.,data/data/images_flat/2018-2019_Trentingrana__2018-10-03__P2b_305_fetta.bmp
La pasta del formaggio è granulosa con struttura regolare.,La pasta del formaggio non è omogenea con aree stirate.,data/data/images_flat/2018-2019_Trentingrana__2018-10-03__P2a_305_fetta.bmp
La pasta del formaggio presenta due piccole fessure.,La pasta del formaggio è stirata con frattura circolare e microocchiatura fine.,data/data/images_flat/2018-2019_Trentingrana__2018-10-03__P2a_305_fetta.bmp
"La pasta del formaggio è a tratti stirata, compatta e poco granulosa.","La pasta del formaggio è a tratti poco evoluta e leggermente stirata, con frattura buona.",data/data/images_flat/2018-2019_Trentingrana__2018-10-03__P2a_305_fetta.bmp
La pasta del formaggio presenta una parte centrale non strutturata.,La pasta del formaggio presenta cristalli e occhiatura centrale.,data/data/images_flat/2018-2019_Trentingrana__2018-10-03__P2a_305_fetta.bmp
"La pasta del formaggio presenta una fitta microocchiatura diffusa al centro, su fondo rosato con una zona biancastra.","La pasta del formaggio è stirata con microocchiatura al centro, disomogenea e gessata.",data/data/images_flat/2018-2019_Trentingrana__2018-10-03__P2a_305_fetta.bmp
"La pasta del formaggio presenta una bella grana, frattura omogenea e qualche taglio.",La pasta del formaggio presenta una microocchiatura centrale.,data/data/images_flat/2018-2019_Trentingrana__2018-10-03__P2a_305_fetta.bmp
La pasta del formaggio è stirata con microocchiature.,"La pasta del formaggio presenta qualche frattura, microocchiatura diffusa e leggera stiratura, disomogenea.",data/data/images_flat/2018-2019_Trentingrana__2018-10-03__P2a_305_fetta.bmp
"La pasta del formaggio presenta una frattura abbastanza regolare e grana media, più grossa e leggermente spugnosa su un lato.","La pasta del formaggio presenta una frattura regolare, stiratura a tratti e micro occhiatura.",data/data/images_flat/2018-2019_Trentingrana__2018-10-03__P2a_305_fetta.bmp
La pasta del formaggio presenta una frattura regolare e grana media.,La pasta del formaggio è leggermente stirata con poco agglomerato congelato.,data/data/images_flat/2018-2019_Trentingrana__2018-10-03__P2a_305_fetta.bmp
La pasta del formaggio è stirata con qualche microocchiatura.,"La pasta del formaggio presenta una microocchiatura diffusa, non regolare.",data/data/images_flat/2018-2019_Trentingrana__2019-02-06__P3b_306_fetta.bmp
La pasta del formaggio è regolare e granulosa con microocchiatura.,La pasta del formaggio è leggermente disomogenea con fitta microocchiatura nella parte centrale.,data/data/images_flat/2018-2019_Trentingrana__2019-02-06__P3b_306_fetta.bmp
La pasta del formaggio è leggermente stirata.,La pasta del formaggio presenta una bella grana fine e microocchiatura di scarso rilievo.,data/data/images_flat/2018-2019_Trentingrana__2019-02-06__P3b_306_fetta.bmp
"La pasta del formaggio presenta una frattura buona, grana omogenea e non particolarmente fine.",La pasta del formaggio è leggermente stirata.,data/data/images_flat/2018-2019_Trentingrana__2019-02-06__P3b_306_fetta.bmp
"La pasta del formaggio è spugnosa con fessura, stirata e grana poco formata.",La pasta del formaggio presenta striature e microocchiature al centro.,data/data/images_flat/2018-2019_Trentingrana__2019-02-06__P3b_306_fetta.bmp
La pasta del formaggio presenta una frattura irregolare e grana grossolana.,La pasta del formaggio presenta una microocchiatura.,data/data/images_flat/2018-2019_Trentingrana__2019-02-06__P3b_306_fetta.bmp
La pasta del formaggio presenta un'occhiatura evidente al centro.,La pasta del formaggio è granulare con stiratura centrale e microocchiatura.,data/data/images_flat/2018-2019_Trentingrana__2019-02-06__P3b_306_fetta.bmp
"La pasta del formaggio presenta una bella grana, divisa a metà.","La pasta del formaggio presenta sfoglia e microocchiature centrali, grana leggermente arrotondata.",data/data/images_flat/2018-2019_Trentingrana__2019-02-06__P3b_306_fetta.bmp
La pasta del formaggio presenta una frattura irregolare e leggere striature.,La pasta del formaggio presenta una microocchiatura centrale che compromette leggermente una struttura altrimenti buona.,data/data/images_flat/2018-2019_Trentingrana__2019-02-06__P3b_306_fetta.bmp
La pasta del formaggio è stirata con piccole occhiature sparse.,La pasta del formaggio è omogenea con bella grana fine e frattura regolare.,data/data/images_flat/2018-2019_Trentingrana__2019-02-06__P3b_306_fetta.bmp
La pasta del formaggio presenta qualche piccola occhiatura e frattura regolare.,La pasta del formaggio è a grana fine con ampia zona occhiata.,data/data/images_flat/2018-2019_Trentingrana__2019-02-06__P3b_306_fetta.bmp
"La pasta del formaggio presenta una bella frattura e microocchiatura presente su più zone, leggermente disomogenea.",La pasta del formaggio presenta una frattura regolare e grana grossolana.,data/data/images_flat/2018-2019_Trentingrana__2019-02-06__P3b_306_fetta.bmp
"La pasta del formaggio presenta una frattura molto irregolare, grana disomogenea e grossa scaglia.","La pasta del formaggio presenta una microocchiatura diffusa circa metà forma, stirata, non omogenea e non regolare.",data/data/images_flat/2018-2019_Trentingrana__2019-03-06__P5a_319_fetta.bmp
La pasta del formaggio è a grana grossolana.,La pasta del formaggio presenta una microocchiatura fitta e grana stirata in parte.,data/data/images_flat/2018-2019_Trentingrana__2019-03-06__P5a_319_fetta.bmp
"La pasta del formaggio presenta una frattura abbastanza regolare, granulosa e con evidenti andamenti striati.","La pasta del formaggio presenta una microocchiatura anche grossa in ampia area e struttura non omogenea, con centro non definito.",data/data/images_flat/2018-2019_Trentingrana__2019-03-06__P5a_319_fetta.bmp
La pasta del formaggio è tendenzialmente stirata con evidente crepa.,La pasta del formaggio presenta una frattura regolare ma occhiatura importante diffusa.,data/data/images_flat/2018-2019_Trentingrana__2019-03-06__P5a_319_fetta.bmp
La pasta del formaggio presenta una fine microocchiatura trascurabile.,"La pasta del formaggio non è omogenea, in parte stirata con occhiatura piccola e media, aspetto spugnoso al centro.",data/data/images_flat/2018-2019_Trentingrana__2019-03-06__P5a_319_fetta.bmp
La pasta del formaggio è stirata con qualche microocchiatura.,"La pasta del formaggio presenta una frattura abbastanza regolare, struttura stirata e compatta, microocchiatura diffusa su tutta la superficie.",data/data/images_flat/2018-2019_Trentingrana__2019-03-06__P5a_319_fetta.bmp
La pasta del formaggio presenta una microocchiatura e grana grossolana.,La pasta del formaggio è quasi stirata con microocchiatura diffusa.,data/data/images_flat/2018-2019_Trentingrana__2019-03-06__P5a_319_fetta.bmp
La pasta del formaggio presenta una frattura omogenea e grana grossolana.,"La pasta del formaggio presenta una microocchiatura presente anche di dimensioni medie, grana media e fine, frattura irregolare.",data/data/images_flat/2018-2019_Trentingrana__2019-03-06__P5a_319_fetta.bmp
La pasta del formaggio è grandiosa con discreto taglio.,La pasta del formaggio presenta una grana poco formata e grandi occhiature.,data/data/images_flat/2018-2019_Trentingrana__2019-03-06__P5a_319_fetta.bmp
La pasta del formaggio non è omogenea e stirata.,La pasta del formaggio è a frattura regolare.,data/data/images_flat/2018-2019_Trentingrana__2019-03-06__P6b_323_fetta.bmp
"La pasta del formaggio presenta una frattura a grana regolare, occhiatura fitta, microocchiature diffuse al centro e alcuni strappi.","La pasta del formaggio presenta una frattura leggermente irregolare, grana fine e microocchiatura diffusa.",data/data/images_flat/2018-2019_Trentingrana__2019-03-06__P6b_323_fetta.bmp
La pasta del formaggio è disomogenea con centro striato.,La pasta del formaggio presenta una frattura regolare e grana fine.,data/data/images_flat/2018-2019_Trentingrana__2019-03-06__P6b_323_fetta.bmp
La pasta del formaggio è grandiosa con frattura regolare.,La pasta del formaggio presenta una frattura regolare e struttura granulare omogenea.,data/data/images_flat/2018-2019_Trentingrana__2019-03-06__P6b_323_fetta.bmp
La pasta del formaggio presenta grandi spacchi e tratti stirati.,La pasta del formaggio presenta una frattura regolare e bella grana.,data/data/images_flat/2018-2019_Trentingrana__2019-03-06__P6b_323_fetta.bmp
La pasta del formaggio presenta una frattura irregolare e grana bella.,La pasta del formaggio presenta una bella grana fine e frattura regolare.,data/data/images_flat/2018-2019_Trentingrana__2019-03-06__P6b_323_fetta.bmp
La pasta del formaggio è a grana grossolana.,La pasta del formaggio è di bella struttura senza difetti.,data/data/images_flat/2018-2019_Trentingrana__2019-03-06__P6b_323_fetta.bmp
La pasta del formaggio è stirata al centro con diversi micro strappi e disomogenea.,La pasta del formaggio presenta una grana grossolana.,data/data/images_flat/2018-2019_Trentingrana__2018-11-21__P1a_302_fetta.bmp
La pasta del formaggio presenta striature e presenza di crepe.,La pasta del formaggio è leggermente stirata.,data/data/images_flat/2018-2019_Trentingrana__2018-11-21__P1a_302_fetta.bmp
"La pasta del formaggio presenta una frattura regolare, leggermente stirata al centro.",La pasta del formaggio presenta una grana molto omogenea.,data/data/images_flat/2018-2019_Trentingrana__2018-11-21__P1a_302_fetta.bmp
La pasta del formaggio presenta una bella grana sia grossolana che fine e frattura omogenea.,"La pasta del formaggio è nebulosa, abbastanza regolare.",data/data/images_flat/2018-2019_Trentingrana__2018-11-21__P1a_302_fetta.bmp
La pasta del formaggio non è granulosa.,La pasta del formaggio presenta una parte stirata ma altra zona a grana bella.,data/data/images_flat/2018-2019_Trentingrana__2018-11-21__P1a_302_fetta.bmp
"La pasta del formaggio presenta una microocchiatura diffusa, stirata e grana grossolana.","La pasta del formaggio è molto granulosa, tendente a grossolana.",data/data/images_flat/2018-2019_Trentingrana__2018-11-21__P1a_302_fetta.bmp
La pasta del formaggio è dall'aspetto grandioso con qualche piccola occhiatura sparsa e cristalli.,"La pasta del formaggio presenta una grana grossolana, frattura variabile e molti cristalli.",data/data/images_flat/2018-2019_Trentingrana__2018-11-21__P1a_302_fetta.bmp
La pasta del formaggio è spugnosa.,"La pasta del formaggio presenta una bella grana leggermente stirata, qualche occhiatura grossa e frattura irregolare.",data/data/images_flat/2018-2019_Trentingrana__2018-11-21__P1a_302_fetta.bmp
"La pasta del formaggio presenta scaglie, struttura piatta nella zona inferiore.","La pasta del formaggio presenta una microocchiatura diffusa, mista e ruvida.",data/data/images_flat/2018-2019_Trentingrana__2018-11-21__P6a_323_fetta.bmp
La pasta del formaggio è meno evoluta verso i piatti.,La pasta del formaggio presenta una microocchiatura diffusa.,data/data/images_flat/2018-2019_Trentingrana__2018-11-21__P6a_323_fetta.bmp
La pasta del formaggio è granulosa e regolare.,La pasta del formaggio presenta una microocchiatura molto diffusa e qualche bolla.,data/data/images_flat/2018-2019_Trentingrana__2018-11-21__P6a_323_fetta.bmp
La pasta del formaggio è granulosa con leggera sabbiosità e microcristalli diffusi.,La pasta del formaggio presenta una microocchiatura.,data/data/images_flat/2018-2019_Trentingrana__2018-11-21__P6a_323_fetta.bmp
La pasta del formaggio non è omogenea con zona demineralizzata e strappi.,La pasta del formaggio presenta una microocchiatura diffusa.,data/data/images_flat/2018-2019_Trentingrana__2018-11-21__P6a_323_fetta.bmp
La pasta del formaggio presenta una microocchiatura diffusa.,La pasta del formaggio presenta microocchiature nella parte centrale e grana abbastanza bella.,data/data/images_flat/2018-2019_Trentingrana__2018-11-21__P6a_323_fetta.bmp
La pasta del formaggio non è regolare e stirata.,La pasta del formaggio presenta una buona granulosità e microocchiatura diffusa al centro.,data/data/images_flat/2018-2019_Trentingrana__2018-11-21__P6a_323_fetta.bmp
"La pasta del formaggio presenta una bella frattura, grana omogenea e tendente al fine.",La pasta del formaggio presenta una bella grana fine e frattura omogenea.,data/data/images_flat/2018-2019_Trentingrana__2018-11-21__P6a_323_fetta.bmp
"La pasta del formaggio presenta sfoglia e microocchiature centrali, grana leggermente arrotondata.",La pasta del formaggio presenta una grana grossolana e ampia zona di occhiatura.,data/data/images_flat/2018-2019_Trentingrana__2018-11-21__P6a_323_fetta.bmp
La pasta del formaggio presenta uno spacco centrale.,La pasta del formaggio è stirata.,data/data/images_flat/2018-2019_Trentingrana__2018-09-12__P4b_314_fetta.bmp
La pasta del formaggio presenta un'vistosa area spugnosa e occhi molto grandi.,La pasta del formaggio è tendente allo stirato con qualche occhiatura.,data/data/images_flat/2018-2019_Trentingrana__2018-09-12__P4b_314_fetta.bmp
La pasta del formaggio presenta numerosi piccoli strappi e bella grana.,"La pasta del formaggio presenta una frattura omogenea, struttura ruvida e grossolana che tende a farsi più fine verso il centro.",data/data/images_flat/2018-2019_Trentingrana__2018-09-12__P4b_314_fetta.bmp
La pasta del formaggio presenta una microocchiatura diffusa nella zona centrale e altri occhi in periferia.,La pasta del formaggio è leggermente stirata al centro.,data/data/images_flat/2018-2019_Trentingrana__2018-09-12__P4b_314_fetta.bmp
"La pasta del formaggio presenta una frattura pronunciata, grana versus un piatto poco formato e striature con aspetto di bocciatura.","La pasta del formaggio è a tratti stirata, compatta e poco granulosa.",data/data/images_flat/2018-2019_Trentingrana__2018-09-12__P4b_314_fetta.bmp
"La pasta del formaggio è granulosa ma compatta, con frattura regolare e una fessura interna.",La pasta del formaggio è regolare e omogenea.,data/data/images_flat/2018-2019_Trentingrana__2018-09-12__P4b_314_fetta.bmp
La pasta del formaggio è bella ma non del tutto omogenea.,La pasta del formaggio non è omogenea con qualche microocchiatura al centro.,data/data/images_flat/2018-2019_Trentingrana__2018-09-12__P1a_304_fetta.bmp
La pasta del formaggio è a grana fine e omogenea.,"La pasta del formaggio è a grana fine e regolare, leggermente stirata al centro.",data/data/images_flat/2018-2019_Trentingrana__2018-09-12__P1a_304_fetta.bmp
La pasta del formaggio non è omogenea.,"La pasta del formaggio presenta poche e piccole microocchiature, bella frattura e grana regolare.",data/data/images_flat/2018-2019_Trentingrana__2018-09-12__P1a_304_fetta.bmp
La pasta del formaggio presenta una grana poco grossa e frattura poco irregolare.,La pasta del formaggio presenta una microocchiatura sporadica e qualche zona stirata.,data/data/images_flat/2018-2019_Trentingrana__2018-09-12__P1a_304_fetta.bmp
La pasta del formaggio presenta piccole fratture al di sotto di un piatto.,La pasta del formaggio è granulosa fine.,data/data/images_flat/2018-2019_Trentingrana__2018-09-12__P1a_304_fetta.bmp
"La pasta del formaggio è tendente alla stiratura al centro, con frattura discreta.",La pasta del formaggio è disomogenea con microocchiatura al centro.,data/data/images_flat/2018-2019_Trentingrana__2018-09-12__P1a_304_fetta.bmp
La pasta del formaggio presenta occhiature di media e piccola dimensione.,"La pasta del formaggio è disomogenea, grossolana al centro e fine verso l'esterno, ma non ottimale.",data/data/images_flat/2018-2019_Trentingrana__2019-04-03__P2b_314_fetta.bmp
"La pasta del formaggio presenta un'occhiatura al centro, struttura leggermente disomogenea e frattura regolare.","La pasta del formaggio presenta una frattura e grana regolari, cristalli evidenti.",data/data/images_flat/2018-2019_Trentingrana__2019-04-03__P2b_314_fetta.bmp
"La pasta del formaggio presenta una frattura abbastanza regolare, grana abbastanza omogenea, con un'area leggermente più secca.",La pasta del formaggio è a struttura fine.,data/data/images_flat/2018-2019_Trentingrana__2019-04-03__P2b_314_fetta.bmp
La pasta del formaggio è disomogenea con numerosi spacchi.,"La pasta del formaggio presenta una frattura regolare, grana fine e leggera microocchiatura.",data/data/images_flat/2018-2019_Trentingrana__2019-04-03__P2b_314_fetta.bmp
"La pasta del formaggio presenta un'occhiatura, cristalli, grana grossolana e struttura media.",La pasta del formaggio è grossolana ma regolare.,data/data/images_flat/2018-2019_Trentingrana__2019-04-03__P2b_314_fetta.bmp
La pasta del formaggio presenta numerosi spacchi.,"La pasta del formaggio presenta una frattura regolare, struttura granulare e aspetto compatto.",data/data/images_flat/2018-2019_Trentingrana__2019-04-03__P2b_314_fetta.bmp
"La pasta del formaggio è leggermente granulosa, stirata, con microocchiatura poco diffusa.",La pasta del formaggio è scagliosa con grana leggermente arrotondata e occhiature presenti su un angolo.,data/data/images_flat/2018-2019_Trentingrana__2019-04-03__P2b_314_fetta.bmp
La pasta del formaggio è regolare e abbastanza fine.,La pasta del formaggio presenta una frattura regolare e bella grana regolare.,data/data/images_flat/2018-2019_Trentingrana__2019-04-03__P2b_314_fetta.bmp
La pasta del formaggio presenta una fessura.,"La pasta del formaggio presenta una frattura molto regolare, assenza di impugnatura eccetto in un'area ristretta, presenza di cristalli grossi e grana grossa.",data/data/images_flat/2018-2019_Trentingrana__2019-04-03__P2b_314_fetta.bmp
La pasta del formaggio presenta un aspetto a scaglie.,"La pasta del formaggio è disomogenea, fine e granulosa.",data/data/images_flat/2018-2019_Trentingrana__2019-04-03__P4a_323_fetta.bmp
"La pasta del formaggio è compatta e stirata, senza grana.","La pasta del formaggio presenta una frattura regolare, grana evidente al centro e grossi cristalli.",data/data/images_flat/2018-2019_Trentingrana__2019-04-03__P4a_323_fetta.bmp
La pasta del formaggio è regolare con grana abbastanza fine.,"La pasta del formaggio presenta fratture interne, buona grana tendente al fine e omogenea.",data/data/images_flat/2018-2019_Trentingrana__2019-04-03__P4a_323_fetta.bmp
"La pasta del formaggio è stirata con qualche occhiatura, non omogenea.","La pasta del formaggio presenta una frattura irregolare a scaglie, presenza di cristalli e grana fine.",data/data/images_flat/2018-2019_Trentingrana__2019-04-03__P4a_323_fetta.bmp
La pasta del formaggio presenta una grana poco sviluppata.,La pasta del formaggio presenta una frattura abbastanza irregolare e zone stirate.,data/data/images_flat/2018-2019_Trentingrana__2019-04-03__P4a_323_fetta.bmp
La pasta del formaggio è a grana fine con ampia zona occhiata.,La pasta del formaggio è a grana fine con frattura regolare.,data/data/images_flat/2018-2019_Trentingrana__2019-04-03__P4a_323_fetta.bmp
La pasta del formaggio presenta una frattura irregolare e grana ben strutturata.,"La pasta del formaggio presenta una frattura abbastanza regolare, qualche avvallamento, struttura granulare e compatta.",data/data/images_flat/2018-2019_Trentingrana__2019-04-03__P4a_323_fetta.bmp
La pasta del formaggio presenta molte piccole fratture nella zona sottostante.,La pasta del formaggio è scagliosa con striature localizzate e grana localmente abbastanza bella.,data/data/images_flat/2018-2019_Trentingrana__2019-04-03__P4a_323_fetta.bmp
La pasta del formaggio presenta spaccature e occhiatura grossolana diversa tra le due metà.,La pasta del formaggio presenta una frattura abbastanza regolare e grana abbastanza omogenea.,data/data/images_flat/2018-2019_Trentingrana__2019-04-03__P4a_323_fetta.bmp
"La pasta del formaggio presenta una microocchiatura diffusa, una bolla e diverse fenditure.",La pasta del formaggio è abbastanza regolare con grana grossolana.,data/data/images_flat/2018-2019_Trentingrana__2019-04-03__P4a_323_fetta.bmp
La pasta del formaggio è a grana media.,"La pasta del formaggio presenta una frattura regolare, fitta microocchiatura, qualche piccolo strappo, cristalli e un'occhiatura.",data/data/images_flat/2018-2019_Trentingrana__2019-03-13__P6a_330_fetta.bmp
"La pasta del formaggio presenta bocciatura centrale, piccola frattura e microocchiatura.","La pasta del formaggio presenta una microocchiatura centrale, grana grossa e omogenea.",data/data/images_flat/2018-2019_Trentingrana__2019-03-13__P6a_330_fetta.bmp
La pasta del formaggio presenta profonda fessurazione al centro e altre minori su un lato.,La pasta del formaggio presenta un'occhiatura evidente al centro.,data/data/images_flat/2018-2019_Trentingrana__2019-03-13__P6a_330_fetta.bmp
La pasta del formaggio presenta un'occhiatura poco presente e frattura irregolare.,La pasta del formaggio è a frattura regolare con microocchiature diffuse e un'occhiatura al centro.,data/data/images_flat/2018-2019_Trentingrana__2019-03-13__P6a_330_fetta.bmp
La pasta del formaggio presenta zone quasi spugnose e una bolla pronunciata.,"La pasta del formaggio presenta una microocchiatura diffusa, una bolla e diverse fenditure.",data/data/images_flat/2018-2019_Trentingrana__2019-03-13__P6a_330_fetta.bmp
La pasta del formaggio presenta una frattura irregolare e grana grossolana.,"La pasta del formaggio è disomogenea con occhiatura e spacchi, grana grossa.",data/data/images_flat/2018-2019_Trentingrana__2019-03-13__P6a_330_fetta.bmp
La pasta del formaggio è ruvida.,"La pasta del formaggio presenta una frattura regolare, microocchiatura prevalente al centro e occhio di dimensione medio-grande al centro.",data/data/images_flat/2018-2019_Trentingrana__2019-03-13__P6a_330_fetta.bmp
La pasta del formaggio è granulosa e grossolana.,"La pasta del formaggio è granulosa con microocchiatura a tratti, piccoli spacchi e un occhio centrale di grandi dimensioni.",data/data/images_flat/2018-2019_Trentingrana__2019-03-13__P6a_330_fetta.bmp
La pasta del formaggio presenta fessure.,La pasta del formaggio presenta una grana grossolana e occhiatura anche grande.,data/data/images_flat/2018-2019_Trentingrana__2019-03-13__P6a_330_fetta.bmp
La pasta del formaggio è stirata al centro con microocchiatura.,"La pasta del formaggio presenta un'occhiatura anche grande, grana grossolana e una fessura.",data/data/images_flat/2018-2019_Trentingrana__2019-03-13__P6a_330_fetta.bmp
La pasta del formaggio presenta una grana poco sviluppata.,"La pasta del formaggio presenta una frattura regolare, grana fine e diffusa, con un'occhiatura al centro.",data/data/images_flat/2018-2019_Trentingrana__2019-03-13__P6a_330_fetta.bmp
La pasta del formaggio è grossolana con un lato stirato e frattura gravemente irregolare.,"La pasta del formaggio presenta una frattura regolare, grana grossolana e qualche cristallo.",data/data/images_flat/2018-2019_Trentingrana__2019-03-13__P3b_307_fetta.bmp
La pasta del formaggio è senza grana.,La pasta del formaggio è granulosa e omogenea.,data/data/images_flat/2018-2019_Trentingrana__2019-03-13__P3b_307_fetta.bmp
La pasta del formaggio presenta qualche piccola occhiatura e frattura regolare.,La pasta del formaggio presenta una frattura regolare e grana fine.,data/data/images_flat/2018-2019_Trentingrana__2019-03-13__P3b_307_fetta.bmp
La pasta del formaggio presenta una grana non sviluppata in una zona della sezione.,La pasta del formaggio è granulosa e regolare.,data/data/images_flat/2018-2019_Trentingrana__2019-03-13__P3b_307_fetta.bmp
La pasta del formaggio presenta una frattura irregolare e microocchiatura localizzata.,La pasta del formaggio presenta una frattura regolare e grana media.,data/data/images_flat/2018-2019_Trentingrana__2019-03-13__P3b_307_fetta.bmp
La pasta del formaggio è sfogliata.,La pasta del formaggio presenta una frattura regolare.,data/data/images_flat/2018-2019_Trentingrana__2019-03-13__P3b_307_fetta.bmp
La pasta del formaggio è liscia non grandiosa con numerosi occhi di medie dimensioni e una lunga frattura.,La pasta del formaggio presenta una frattura regolare e grana abbastanza profilata.,data/data/images_flat/2018-2019_Trentingrana__2019-03-13__P3b_307_fetta.bmp
La pasta del formaggio presenta fessure.,La pasta del formaggio è a grana fine con frattura circa omogenea.,data/data/images_flat/2018-2019_Trentingrana__2019-03-13__P3b_307_fetta.bmp
La pasta del formaggio presenta leggera striatura.,La pasta del formaggio presenta una bella grana e assenza di difetti.,data/data/images_flat/2018-2019_Trentingrana__2019-03-13__P3b_307_fetta.bmp
"La pasta del formaggio presenta una frattura irregolare, stirata al centro.","La pasta del formaggio presenta una frattura regolare, pochi cristalli bianchi grossi e ben visibili.",data/data/images_flat/2018-2019_Trentingrana__2019-03-13__P3b_307_fetta.bmp
"La pasta del formaggio presenta una microocchiatura fine e grana abbastanza fine, con lievi andamenti di verso.",La pasta del formaggio è mista con grandiosa occhiatura e aree stirate.,data/data/images_flat/2018-2019_Trentingrana__2018-11-28__P1b_302_fetta.bmp
La pasta del formaggio è irregolare e spugnosa al centro.,La pasta del formaggio presenta una frattura irregolare su un lato e zona stirata.,data/data/images_flat/2018-2019_Trentingrana__2018-11-28__P1b_302_fetta.bmp
La pasta del formaggio è stirata al centro con frattura irregolare.,La pasta del formaggio è grossolana con frattura a roccia.,data/data/images_flat/2018-2019_Trentingrana__2018-11-28__P1b_302_fetta.bmp
La pasta del formaggio è stirata con microocchiatura e vasca centrale al taglio.,"La pasta del formaggio è granulosa e abbastanza omogenea, con una frattura che attraversa buona parte della sezione, e taglio poco netto.",data/data/images_flat/2018-2019_Trentingrana__2018-11-28__P1b_302_fetta.bmp
La pasta del formaggio è granulosa con grana non sempre ben definita e presenza di spacco centrale.,"La pasta del formaggio presenta una struttura irregolare, striature e occhiatura.",data/data/images_flat/2018-2019_Trentingrana__2018-11-28__P1b_302_fetta.bmp
"La pasta del formaggio presenta una grana leggermente grossolana, frattura irregolare con gobbe e avvallamenti, microocchiatura diffusa in una zona, qualche occhiatura più grande e piccoli cristalli.",La pasta del formaggio è parzialmente stirata.,data/data/images_flat/2018-2019_Trentingrana__2018-11-28__P1b_302_fetta.bmp
La pasta del formaggio è stirata con qualche piccola occhiatura sparsa.,"La pasta del formaggio presenta un'occhiatura piccola, leggermente stirata, grana grossolana e qualche piccola fessura.",data/data/images_flat/2018-2019_Trentingrana__2018-11-28__P1b_302_fetta.bmp
La pasta del formaggio è a grana grossolana.,La pasta del formaggio è ruvida con uno strappo e un'occhiatura di media grandezza.,data/data/images_flat/2018-2019_Trentingrana__2018-10-10__P3b_310_fetta.bmp
La pasta del formaggio non è regolare e stirata.,"La pasta del formaggio presenta una grana grossolana, una frattura e un'occhiatura di medie dimensioni.",data/data/images_flat/2018-2019_Trentingrana__2018-10-10__P3b_310_fetta.bmp
"La pasta del formaggio presenta una frattura regolare, grana a tratti ben strutturata e a tratti grossolana.",La pasta del formaggio presenta una grana grossa ma abbastanza omogenea e frattura buona.,data/data/images_flat/2018-2019_Trentingrana__2018-10-10__P3b_310_fetta.bmp
La pasta del formaggio è granulosa e regolare.,La pasta del formaggio presenta una grossa occhiatura e una crepa.,data/data/images_flat/2018-2019_Trentingrana__2018-10-10__P3b_310_fetta.bmp
"La pasta del formaggio presenta una frattura regolare, leggermente stirata al centro.","La pasta del formaggio presenta un'occhiatura di medie dimensioni, struttura molto grossolana ma abbastanza regolare.",data/data/images_flat/2018-2019_Trentingrana__2018-10-10__P3b_310_fetta.bmp
La pasta del formaggio presenta una microocchiatura diffusa e aspetto leggermente gessato.,La pasta del formaggio presenta una grossa occhiatura al centro e frattura irregolare.,data/data/images_flat/2018-2019_Trentingrana__2018-10-10__P3b_310_fetta.bmp
La pasta del formaggio è a grana media con frattura leggermente irregolare e cristalli evidenti.,"La pasta del formaggio presenta una frattura irregolare, occhiatura di medie dimensioni e grana grossolana.",data/data/images_flat/2018-2019_Trentingrana__2018-10-10__P3b_310_fetta.bmp
"La pasta del formaggio presenta grossa dittatura centrale, vistoso spacco e caverna.",La pasta del formaggio presenta un'piccola occhiatura e leggera sfogliatura.,data/data/images_flat/2018-2019_Trentingrana__2018-10-10__P3b_310_fetta.bmp
La pasta del formaggio presenta una frattura grossa e grana positiva.,"La pasta del formaggio presenta una molta grana, grossolana.",data/data/images_flat/2018-2019_Trentingrana__2018-10-10__P3b_310_fetta.bmp
La pasta del formaggio presenta una frattura irregolare e microocchiatura localizzata.,"La pasta del formaggio presenta qualche piccola frattura, grana poco grossa e regolare.",data/data/images_flat/2018-2019_Trentingrana__2018-10-10__P6a_330_fetta.bmp
"La pasta del formaggio presenta una frattura e grana regolari, uno strappo di entità limitata.","La pasta del formaggio presenta una frattura regolare, grana omogenea e granulosa.",data/data/images_flat/2018-2019_Trentingrana__2018-10-10__P6a_330_fetta.bmp
La pasta del formaggio presenta una microocchiatura a zone.,La pasta del formaggio è molto regolare e omogenea.,data/data/images_flat/2018-2019_Trentingrana__2018-10-10__P6a_330_fetta.bmp
La pasta del formaggio è granulosa.,"La pasta del formaggio presenta una bella grana a zone, in altre aree qualche strappetto e piccola occhiatura micro o più marcata.",data/data/images_flat/2018-2019_Trentingrana__2018-10-10__P6a_330_fetta.bmp
La pasta del formaggio non è granulosa.,"La pasta del formaggio presenta una bella frattura e grana ben evidente, qualche zona meno regolare.",data/data/images_flat/2018-2019_Trentingrana__2018-10-10__P6a_330_fetta.bmp
"La pasta del formaggio presenta sfoglia e microocchiature centrali, grana leggermente arrotondata.",La pasta del formaggio presenta una grana fine.,data/data/images_flat/2018-2019_Trentingrana__2018-10-10__P6a_330_fetta.bmp
La pasta del formaggio presenta una microocchiatura raggruppata al centro e più distanziata nel resto della forma.,"La pasta del formaggio presenta qualche piccola occhiatura, struttura regolare e grossolana.",data/data/images_flat/2018-2019_Trentingrana__2018-10-10__P2a_307_fetta.bmp
La pasta del formaggio presenta qualche frattura.,"La pasta del formaggio presenta una grana fine, tendente a striature centrali e frattura a scaglie.",data/data/images_flat/2018-2019_Trentingrana__2018-10-10__P2a_307_fetta.bmp
"La pasta del formaggio presenta spacchi, occhiature sparse anche grosse e stirata.","La pasta del formaggio presenta una microocchiatura diffusa e discreta, grana lievemente disomogenea e leggera stiratura al centro.",data/data/images_flat/2018-2019_Trentingrana__2018-10-10__P2a_307_fetta.bmp
La pasta del formaggio presenta una grana ben presente e microocchiature elevate.,La pasta del formaggio presenta spugnosità più evidente su un lato.,data/data/images_flat/2018-2019_Trentingrana__2018-10-10__P2a_307_fetta.bmp
"La pasta del formaggio presenta una frattura regolare, struttura granulare e aspetto compatto.",La pasta del formaggio presenta zone leggermente stirate e microocchiatura in una zona.,data/data/images_flat/2018-2019_Trentingrana__2018-10-10__P2a_307_fetta.bmp
"La pasta del formaggio presenta un'occhiatura centrale, occhi di medie dimensioni su un lato.","La pasta del formaggio è grandiosa, abbastanza regolare, con presenza di microocchiature.",data/data/images_flat/2018-2019_Trentingrana__2018-10-10__P2a_307_fetta.bmp
La pasta del formaggio è a grana fine con microocchiature diffuse e un'occhiatura grossolana.,La pasta del formaggio presenta qualche occhiatura in metà forma e area centrale leggermente stirata.,data/data/images_flat/2018-2019_Trentingrana__2018-10-10__P2a_307_fetta.bmp
"La pasta del formaggio presenta una frattura regolare, struttura omogenea e grana fine.","La pasta del formaggio presenta una bella frattura, grana non omogenea e stirata a tratti.",data/data/images_flat/2018-2019_Trentingrana__2018-10-10__P2a_307_fetta.bmp
La pasta del formaggio presenta una frattura a grana media nella zona sottostante il piatto.,La pasta del formaggio presenta una microocchiatura molto pronunciata e leggermente stirata.,data/data/images_flat/2018-2019_Trentingrana__2018-10-10__P2a_307_fetta.bmp
"La pasta del formaggio presenta una microocchiatura, leggermente disomogenea.","La pasta del formaggio non è omogenea, con area centrale tendente allo stirato e grossolana.",data/data/images_flat/2018-2019_Trentingrana__2019-02-13__P6b_330_fetta.bmp
La pasta del formaggio è grossolana ma regolare.,"La pasta del formaggio presenta una frattura a scaglie, grana non omogenea al centro con striature, microocchiature esterne e grana più grossa.",data/data/images_flat/2018-2019_Trentingrana__2019-02-13__P6b_330_fetta.bmp
La pasta del formaggio presenta una frattura irregolare e zone stirate.,La pasta del formaggio presenta una grana omogenea nella sua incompiutezza.,data/data/images_flat/2018-2019_Trentingrana__2019-02-13__P6b_330_fetta.bmp
"La pasta del formaggio presenta una frattura abbastanza regolare, poco granulosa, leggera microocchiatura.",La pasta del formaggio presenta leggera striatura.,data/data/images_flat/2018-2019_Trentingrana__2019-02-13__P6b_330_fetta.bmp
La pasta del formaggio è stirata con grana grossolana.,La pasta del formaggio è leggermente stirata in parte.,data/data/images_flat/2018-2019_Trentingrana__2019-02-13__P6b_330_fetta.bmp
La pasta del formaggio è bella e abbastanza regolare.,"La pasta del formaggio presenta una frattura abbastanza regolare, leggera microocchiatura e leggera stiratura in una piccola zona.",data/data/images_flat/2018-2019_Trentingrana__2019-02-13__P6b_330_fetta.bmp
"La pasta del formaggio presenta una struttura fine e diffusa, occhiatura abbondante.","La pasta del formaggio è leggermente stirata, non omogenea.",data/data/images_flat/2018-2019_Trentingrana__2019-02-13__P6b_330_fetta.bmp
La pasta del formaggio presenta striature e una crepa centrale.,"La pasta del formaggio presenta un'occhiatura al centro, struttura leggermente disomogenea e frattura regolare.",data/data/images_flat/2018-2019_Trentingrana__2019-02-13__P6b_330_fetta.bmp
La pasta del formaggio è a frattura regolare.,"La pasta del formaggio presenta una frattura regolare, leggermente stirata al centro.",data/data/images_flat/2018-2019_Trentingrana__2019-02-13__P6b_330_fetta.bmp
La pasta del formaggio presenta una frattura molto irregolare e zone stirate.,La pasta del formaggio presenta una frattura disomogenea e granulosa.,data/data/images_flat/2018-2019_Trentingrana__2019-02-13__P4a_311_fetta.bmp
"La pasta del formaggio presenta avvallamenti, leggera stiratura e disomogenea, a tratti bella.",La pasta del formaggio presenta una frattura irregolare e grana poco grossolana.,data/data/images_flat/2018-2019_Trentingrana__2019-02-13__P4a_311_fetta.bmp
"La pasta del formaggio presenta zone umide e più chiare, leggera frattura su un piatto.","La pasta del formaggio presenta una frattura irregolare, struttura omogenea e granulosa.",data/data/images_flat/2018-2019_Trentingrana__2019-02-13__P4a_311_fetta.bmp
"La pasta del formaggio presenta striature e spugnosità al centro, con occhiatura di medie dimensioni.","La pasta del formaggio presenta una frattura irregolare, grana fine e cristalli visibili.",data/data/images_flat/2018-2019_Trentingrana__2019-02-13__P4a_311_fetta.bmp
La pasta del formaggio presenta una frattura irregolare e grana grossolana.,La pasta del formaggio presenta una grana grossa omogenea.,data/data/images_flat/2018-2019_Trentingrana__2019-02-13__P4a_311_fetta.bmp
La pasta del formaggio presenta una poca grana.,La pasta del formaggio presenta una frattura non regolare e struttura poco granulare.,data/data/images_flat/2018-2019_Trentingrana__2019-02-13__P4a_311_fetta.bmp
La pasta del formaggio è quasi grossolana con strappo evidente.,La pasta del formaggio presenta una frattura leggermente irregolare e granulosità più fine al centro.,data/data/images_flat/2018-2019_Trentingrana__2019-02-13__P4a_311_fetta.bmp
"La pasta del formaggio presenta una frattura abbastanza regolare e struttura granulosa, senza particolari difetti.",La pasta del formaggio presenta una frattura grossolana e bella grana.,data/data/images_flat/2018-2019_Trentingrana__2019-02-13__P4a_311_fetta.bmp
La pasta del formaggio presenta una frattura irregolare e grana ben strutturata.,La pasta del formaggio presenta una grana grandiosa e frattura irregolare.,data/data/images_flat/2018-2019_Trentingrana__2019-02-13__P4a_311_fetta.bmp
La pasta del formaggio è disomogenea con frattura irregolare.,La pasta del formaggio non è omogenea con aree stirate.,data/data/images_flat/2018-2019_Trentingrana__2019-02-13__P2b_305_fetta.bmp
La pasta del formaggio è a grana grossolana.,La pasta del formaggio è stirata con fratture profonde.,data/data/images_flat/2018-2019_Trentingrana__2019-02-13__P2b_305_fetta.bmp
La pasta del formaggio presenta una frattura irregolare.,La pasta del formaggio presenta evidenti fratture centrali e stirata.,data/data/images_flat/2018-2019_Trentingrana__2019-02-13__P2b_305_fetta.bmp
La pasta del formaggio presenta cristalli concentrati nella metà della forma.,La pasta del formaggio presenta striature e presenza di crepe.,data/data/images_flat/2018-2019_Trentingrana__2019-02-13__P2b_305_fetta.bmp
La pasta del formaggio è stirata al centro.,"La pasta del formaggio è stirata in varie parti con spacchi, non granulosa.",data/data/images_flat/2018-2019_Trentingrana__2019-02-13__P2b_305_fetta.bmp
"La pasta del formaggio presenta una frattura molto irregolare, grana disomogenea e grossa scaglia.","La pasta del formaggio non è granulosa, compatta e stirata, con fessura interna.",data/data/images_flat/2018-2019_Trentingrana__2019-02-13__P2b_305_fetta.bmp
"La pasta del formaggio presenta una grana regolare, strappi multipli e piccoli strappi su un lato dove la grana tende al gessato.",La pasta del formaggio è stirata con fratture.,data/data/images_flat/2018-2019_Trentingrana__2019-02-13__P2b_305_fetta.bmp
La pasta del formaggio presenta un'evidente stiratura e microocchiatura.,La pasta del formaggio presenta grandi fessure e stiratura.,data/data/images_flat/2018-2019_Trentingrana__2019-02-13__P2b_305_fetta.bmp
"La pasta del formaggio è saponea e stirata, con frattura irregolare.","La pasta del formaggio presenta distribuzione omogenea, tra paglierino carico e dorato.",data/data/images_flat/2018-2019_Trentingrana__2019-02-13__P2b_305_fetta.bmp
La pasta del formaggio è abbastanza bella con area spugnosa al centro e occhio di medie dimensioni.,La pasta del formaggio è mista con parte centrale stirata.,data/data/images_flat/2018-2019_Trentingrana__2018-10-31__P5a_323_fetta.bmp
"La pasta del formaggio è disomogenea con occhiatura e spacchi, grana grossa.",La pasta del formaggio presenta una frattura regolare ma struttura disomogenea e zone stirate.,data/data/images_flat/2018-2019_Trentingrana__2018-10-31__P5a_323_fetta.bmp
La pasta del formaggio presenta una grana grossolana e ampia zona di occhiatura.,La pasta del formaggio è disomogenea con stiratura al centro e struttura assente in alcuni punti.,data/data/images_flat/2018-2019_Trentingrana__2018-10-31__P5a_323_fetta.bmp
La pasta del formaggio è leggermente stirata.,La pasta del formaggio è molto stirata con scarsa grana.,data/data/images_flat/2018-2019_Trentingrana__2018-10-31__P5a_323_fetta.bmp
La pasta del formaggio presenta una frattura.,La pasta del formaggio è stirata.,data/data/images_flat/2018-2019_Trentingrana__2018-10-31__P5a_323_fetta.bmp
La pasta del formaggio è stirata con grana grossolana.,"La pasta del formaggio è spinosa e stirata, senza grana.",data/data/images_flat/2018-2019_Trentingrana__2018-10-31__P5a_323_fetta.bmp
"La pasta del formaggio è stirata al centro, con tendenza allo spacco e grana abbastanza bella.",La pasta del formaggio è stirata e poca grana a tratti.,data/data/images_flat/2018-2019_Trentingrana__2018-10-31__P5a_323_fetta.bmp
La pasta del formaggio non è omogenea e stirata.,La pasta del formaggio è stirata e difettosa.,data/data/images_flat/2018-2019_Trentingrana__2018-10-31__P5a_323_fetta.bmp
La pasta del formaggio è regolare e granulosa con microocchiatura.,La pasta del formaggio è leggermente stirata con grana grossolana.,data/data/images_flat/2018-2019_Trentingrana__2018-10-31__P5a_323_fetta.bmp
La pasta del formaggio è grassa.,"La pasta del formaggio è stirata poco presente, con pochi occhi.",data/data/images_flat/2018-2019_Trentingrana__2018-10-31__P5a_323_fetta.bmp
La pasta del formaggio è regolare e abbastanza fine.,La pasta del formaggio è mista con parte centrale stirata.,data/data/images_flat/2018-2019_Trentingrana__2018-10-31__P5b_323_fetta.bmp
La pasta del formaggio presenta tante grosse fratture e grana poco formata.,La pasta del formaggio presenta una frattura regolare ma struttura disomogenea e zone stirate.,data/data/images_flat/2018-2019_Trentingrana__2018-10-31__P5b_323_fetta.bmp
La pasta del formaggio presenta un'occhiatura evidente al centro.,La pasta del formaggio è disomogenea con stiratura al centro e struttura assente in alcuni punti.,data/data/images_flat/2018-2019_Trentingrana__2018-10-31__P5b_323_fetta.bmp
"La pasta del formaggio presenta una frattura abbastanza regolare, struttura stirata e compatta, microocchiatura diffusa su tutta la superficie.",La pasta del formaggio è molto stirata con scarsa grana.,data/data/images_flat/2018-2019_Trentingrana__2018-10-31__P5b_323_fetta.bmp
La pasta del formaggio è stirata al centro.,La pasta del formaggio è stirata.,data/data/images_flat/2018-2019_Trentingrana__2018-10-31__P5b_323_fetta.bmp
La pasta del formaggio è stirata con qualche piccola occhiatura sparsa.,"La pasta del formaggio è spinosa e stirata, senza grana.",data/data/images_flat/2018-2019_Trentingrana__2018-10-31__P5b_323_fetta.bmp
La pasta del formaggio presenta una grana molto grossolana.,La pasta del formaggio è stirata e poca grana a tratti.,data/data/images_flat/2018-2019_Trentingrana__2018-10-31__P5b_323_fetta.bmp
La pasta del formaggio presenta una leggera stiratura al centro e microocchiatura.,La pasta del formaggio è stirata e difettosa.,data/data/images_flat/2018-2019_Trentingrana__2018-10-31__P5b_323_fetta.bmp
La pasta del formaggio presenta una frattura mista tra regolare e simil stirata al centro.,La pasta del formaggio è leggermente stirata con grana grossolana.,data/data/images_flat/2018-2019_Trentingrana__2018-10-31__P5b_323_fetta.bmp
La pasta del formaggio presenta un'ampia zona centrale spugnosa.,"La pasta del formaggio è stirata poco presente, con pochi occhi.",data/data/images_flat/2018-2019_Trentingrana__2018-10-31__P5b_323_fetta.bmp
"La pasta del formaggio presenta una frattura regolare ma presenza di spacco, grana non molto profilata.",La pasta del formaggio presenta una frattura mista tra regolare e simil stirata al centro.,data/data/images_flat/2018-2019_Trentingrana__2018-10-31__P6a_330_fetta.bmp
La pasta del formaggio presenta spacchi sotto un piatto.,"La pasta del formaggio presenta una frattura regolare, microocchiatura inferiore, struttura irregolare al centro con stiratura, zona spugnosa sotto lo scalzo e qualche frattura.",data/data/images_flat/2018-2019_Trentingrana__2018-10-31__P6a_330_fetta.bmp
"La pasta del formaggio presenta una frattura non omogenea, sfogliata e granulosa.",La pasta del formaggio è stirata al centro con fasci grossi.,data/data/images_flat/2018-2019_Trentingrana__2018-10-31__P6a_330_fetta.bmp
La pasta del formaggio presenta micro fratture piccolissime.,La pasta del formaggio è poco strutturata e molto pressata.,data/data/images_flat/2018-2019_Trentingrana__2018-10-31__P6a_330_fetta.bmp
La pasta del formaggio presenta uno spacco.,La pasta del formaggio presenta striature centrali e microocchiatura.,data/data/images_flat/2018-2019_Trentingrana__2018-10-31__P6a_330_fetta.bmp
La pasta del formaggio è sottile sui piatti.,La pasta del formaggio è dall'aspetto setato.,data/data/images_flat/2018-2019_Trentingrana__2018-10-31__P6a_330_fetta.bmp
La pasta del formaggio presenta una grana grossolana e frattura variabile.,La pasta del formaggio è stirata e fratturata.,data/data/images_flat/2018-2019_Trentingrana__2018-10-31__P6a_330_fetta.bmp
La pasta del formaggio presenta una frattura abbastanza regolare e grana fine.,"La pasta del formaggio presenta una frattura regolare, bella grana a tratti, leggermente stirata in alcuni punti, con area spugnosa sotto lo scalzo.",data/data/images_flat/2018-2019_Trentingrana__2018-10-31__P6a_330_fetta.bmp
"La pasta del formaggio è stirata con bocciatura in zona centrale ampia, non uniformemente formata.","La pasta del formaggio presenta piccola sfoglia, grana poco profilata e struttura stirata al centro.",data/data/images_flat/2018-2019_Trentingrana__2018-10-31__P6a_330_fetta.bmp
"La pasta del formaggio presenta una certa direzionalità al centro, fine e nel complesso buona.","La pasta del formaggio è stirata con grana grossa, frattura omogenea e spaccatura.",data/data/images_flat/2018-2019_Trentingrana__2018-10-31__P6a_330_fetta.bmp
La pasta del formaggio presenta una frattura irregolare e leggera microocchiatura.,"La pasta del formaggio è stirata con grana grossolana, occhi fini, fessura al centro e zona spugnosa su un lato.",data/data/images_flat/2018-2019_Trentingrana__2018-10-31__P6a_330_fetta.bmp
"La pasta del formaggio non è omogenea, granulosa con aree tendenti allo stirato.","La pasta del formaggio è cedevole, umida, poco granulosa.",data/data/images_flat/2018-2019_Trentingrana__2019-01-23__P3a_310_fetta.bmp
"La pasta del formaggio presenta una frattura regolare, leggermente stirata al centro.",La pasta del formaggio è compatta con grana fine e pochi cristalli.,data/data/images_flat/2018-2019_Trentingrana__2019-01-23__P3a_310_fetta.bmp
La pasta del formaggio è disomogenea e granulosa.,La pasta del formaggio presenta una grana e cristalli abbastanza evidenti.,data/data/images_flat/2018-2019_Trentingrana__2019-01-23__P3a_310_fetta.bmp
"La pasta del formaggio presenta una frattura regolare e grandiosa, cristalli piccoli e frequenti, microocchiatura fitta al centro e su un lato.",La pasta del formaggio è dura e poco friabile.,data/data/images_flat/2018-2019_Trentingrana__2019-01-23__P3a_310_fetta.bmp
La pasta del formaggio presenta qualche frattura.,"La pasta del formaggio presenta granuli di tirosina moderati, leggermente gommosa e con leggera friabilità e solubilità.",data/data/images_flat/2018-2019_Trentingrana__2019-01-23__P3a_310_fetta.bmp
"La pasta del formaggio presenta una frattura regolare, grana poco definita tendente alla stiratura, con microocchiatura a tratti.",La pasta del formaggio è compatta e poco friabile.,data/data/images_flat/2018-2019_Trentingrana__2019-01-23__P3a_310_fetta.bmp
"La pasta del formaggio presenta una frattura a vasca, microocchiatura diffusa, leggermente stirata e poco granulosa.",La pasta del formaggio è friabile con cristalli presenti.,data/data/images_flat/2018-2019_Trentingrana__2019-01-23__P3a_310_fetta.bmp
"La pasta del formaggio presenta una microocchiatura prevalente al centro dall'effetto spugnoso, alcune occhiature più grandi e lucide, e spacchi notevoli.","La pasta del formaggio è secca e farinosa, con cristalli evidenti.",data/data/images_flat/2018-2019_Trentingrana__2019-01-23__P3a_310_fetta.bmp
"La pasta del formaggio è a frattura regolare, con aspetto tendente allo stirato ma struttura compatta.","La pasta del formaggio è asciutta e granulosa, con pochi microcristalli.",data/data/images_flat/2018-2019_Trentingrana__2019-01-23__P1a_302_fetta.bmp
"La pasta del formaggio presenta una grana arrotondata, microocchiatura centrale e spacco.","La pasta del formaggio è consistente con grana fine ma percepibile, poco friabile, leggera asciuttezza e cristalli sensibili.",data/data/images_flat/2018-2019_Trentingrana__2019-01-23__P1a_302_fetta.bmp
La pasta del formaggio presenta un'occhiatura di media dimensione e struttura non omogenea.,"La pasta del formaggio è granulosa, tendente a impastare, con cristalli evidenti.",data/data/images_flat/2018-2019_Trentingrana__2019-01-23__P1a_302_fetta.bmp
"La pasta del formaggio presenta una microocchiatura fine e rada, struttura fine, tendente a essere più asciutta verso una zona.",La pasta del formaggio presenta una poca grana.,data/data/images_flat/2018-2019_Trentingrana__2019-01-23__P1a_302_fetta.bmp
La pasta del formaggio è granulosa con leggera sabbiosità e microcristalli diffusi.,La pasta del formaggio è pastosa con pochi cristalli.,data/data/images_flat/2018-2019_Trentingrana__2019-01-23__P1a_302_fetta.bmp
La pasta del formaggio è leggermente stirata con una crepa al centro.,"La pasta del formaggio è leggermente cedevole, mediamente granulosa, con pochi microcristalli.",data/data/images_flat/2018-2019_Trentingrana__2019-01-23__P2b_305_fetta.bmp
"La pasta del formaggio è stirata in zone, con microocchiature e struttura granulosa.",La pasta del formaggio è friabile con grana grossolana e cristalli ben percepibili.,data/data/images_flat/2018-2019_Trentingrana__2019-01-23__P2b_305_fetta.bmp
"La pasta del formaggio presenta una grana nella struttura centrale, occhiatura centrale e frattura regolare; macchia rosa presente.","La pasta del formaggio è granulosa che tende a impastare, con residuo polveroso e alcuni cristalli.",data/data/images_flat/2018-2019_Trentingrana__2019-01-23__P2b_305_fetta.bmp
"La pasta del formaggio presenta una frattura grossolana, grana poco formata, qualche sfumatura al centro e verso lo scalzo.",La pasta del formaggio presenta qualche cristallo.,data/data/images_flat/2018-2019_Trentingrana__2019-01-23__P2b_305_fetta.bmp
La pasta del formaggio presenta una zona sfogliata e grana fine.,"La pasta del formaggio è compatta, poco granulosa e con pochi cristalli.",data/data/images_flat/2018-2019_Trentingrana__2019-01-23__P2b_305_fetta.bmp
La pasta del formaggio presenta una frattura irregolare e microocchiatura localizzata.,La pasta del formaggio presenta pochi cristalli.,data/data/images_flat/2018-2019_Trentingrana__2019-01-23__P2b_305_fetta.bmp
La pasta del formaggio è stirata in alcune zone e spinosa in altre per grana e microocchiature.,La pasta del formaggio è che si frattura in microstruttura grossolana con cristalli presenti.,data/data/images_flat/2018-2019_Trentingrana__2019-01-23__P2b_305_fetta.bmp
La pasta del formaggio presenta una frattura regolare e grana media non omogenea.,"La pasta del formaggio è cedevole, poco granulosa, con pochi microcristalli.",data/data/images_flat/2018-2019_Trentingrana__2019-01-23__P6b_323_fetta.bmp
La pasta del formaggio è spugnosa con striature.,"La pasta del formaggio è compatta, poco friabile, con grana finissima.",data/data/images_flat/2018-2019_Trentingrana__2019-01-23__P6b_323_fetta.bmp
La pasta del formaggio presenta un'occhiatura di media dimensione.,La pasta del formaggio è granulosa con cristalli evidenti.,data/data/images_flat/2018-2019_Trentingrana__2019-01-23__P6b_323_fetta.bmp
La pasta del formaggio presenta una grana nella parte centrale.,"La pasta del formaggio è compatta, quasi gommosa e deformabile, non friabile.",data/data/images_flat/2018-2019_Trentingrana__2019-01-23__P6b_323_fetta.bmp
La pasta del formaggio presenta una piccola occhiatura sotto la superficie di taglio.,"La pasta del formaggio non è fine, priva di cristalli percettibili.",data/data/images_flat/2018-2019_Trentingrana__2019-01-23__P6b_323_fetta.bmp
"La pasta del formaggio presenta una frattura regolare e assenza di impugnatura, a eccezione di uno spigolo.",La pasta del formaggio presenta una microstruttura scarsa ma nel complesso solubile.,data/data/images_flat/2018-2019_Trentingrana__2019-01-23__P6b_323_fetta.bmp
La pasta del formaggio presenta una leggera microocchiatura non diffusa.,La pasta del formaggio è disomogenea.,data/data/images_flat/2018-2019_Trentingrana__2019-03-26__P1a_302_fetta.bmp
"La pasta del formaggio presenta una bella grana non del tutto uniforme, occhiatura diffusa e grossolana diffusa anche in altre zone.","La pasta del formaggio presenta una frattura abbastanza regolare ma disomogenea nelle due metà, grana che forma striature al centro.",data/data/images_flat/2018-2019_Trentingrana__2019-03-26__P1a_302_fetta.bmp
La pasta del formaggio presenta una fessura.,"La pasta del formaggio presenta una frattura discreta e grana abbastanza omogenea, fine.",data/data/images_flat/2018-2019_Trentingrana__2019-03-26__P1a_302_fetta.bmp
La pasta del formaggio presenta una zona centrale quasi spugnosa.,"La pasta del formaggio presenta una frattura irregolare, stirata al centro.",data/data/images_flat/2018-2019_Trentingrana__2019-03-26__P1a_302_fetta.bmp
La pasta del formaggio è stirata con qualche microocchiatura.,"La pasta del formaggio presenta una frattura caratterizzata da dosso e cunetta, struttura granulosa.",data/data/images_flat/2018-2019_Trentingrana__2019-03-26__P1a_302_fetta.bmp
La pasta del formaggio è bella ma non del tutto omogenea.,"La pasta del formaggio presenta una frattura irregolare, grana presente ma con evidenti striature.",data/data/images_flat/2018-2019_Trentingrana__2019-03-26__P1a_302_fetta.bmp
La pasta del formaggio presenta una bella grana fine e frattura regolare.,La pasta del formaggio presenta grandi striature al centro e grana grossolana.,data/data/images_flat/2018-2019_Trentingrana__2019-03-26__P1a_302_fetta.bmp
La pasta del formaggio presenta striature e grana grossolana.,La pasta del formaggio presenta una grana grandiosa e regolare.,data/data/images_flat/2018-2019_Trentingrana__2019-03-26__P3b_307_fetta.bmp
La pasta del formaggio presenta una frattura regolare e una crepa interna.,"La pasta del formaggio presenta una frattura abbastanza regolare, grana omogenea, cristalli su un lato e leggera microocchiatura.",data/data/images_flat/2018-2019_Trentingrana__2019-03-26__P3b_307_fetta.bmp
La pasta del formaggio presenta una frattura irregolare e crepe.,"La pasta del formaggio presenta una frattura buona e struttura granulosa molto regolare, ma con microocchiatura su una porzione.",data/data/images_flat/2018-2019_Trentingrana__2019-03-26__P3b_307_fetta.bmp
La pasta del formaggio è disidratata con piccole fessure.,"La pasta del formaggio presenta una frattura abbastanza regolare, grana fine e microocchiatura su un lato.",data/data/images_flat/2018-2019_Trentingrana__2019-03-26__P3b_307_fetta.bmp
La pasta del formaggio è leggermente poco regolare.,"La pasta del formaggio presenta una frattura abbastanza regolare, struttura granulosa con leggera microocchiatura diffusa ma rada.",data/data/images_flat/2018-2019_Trentingrana__2019-03-26__P3b_307_fetta.bmp
La pasta del formaggio presenta una bella grana e uno spacco.,"La pasta del formaggio presenta una frattura irregolare, grana abbastanza evidente ma grossolana, e piccola zona con microocchiatura.",data/data/images_flat/2018-2019_Trentingrana__2019-03-26__P3b_307_fetta.bmp
La pasta del formaggio presenta screpolature ai piatti.,La pasta del formaggio presenta un'occhiatura grossolana su un lato.,data/data/images_flat/2018-2019_Trentingrana__2019-03-26__P3b_307_fetta.bmp
"La pasta del formaggio è a grana fine, omogenea.",La pasta del formaggio è fine con uno strappo da gonfiore clostridico.,data/data/images_flat/2018-2019_Trentingrana__2018-11-14__P3b_314_fetta.bmp
La pasta del formaggio presenta una fessura.,"La pasta del formaggio presenta una grana media, qualche microocchiatura fine e frattura leggermente irregolare.",data/data/images_flat/2018-2019_Trentingrana__2018-11-14__P3b_314_fetta.bmp
"La pasta del formaggio presenta una frattura a blocchi, stirata, fitta di microocchiature e piccoli strappi sotto una zona piatta.",La pasta del formaggio è stirata.,data/data/images_flat/2018-2019_Trentingrana__2018-11-14__P3b_314_fetta.bmp
La pasta del formaggio presenta una grossa fessura.,La pasta del formaggio è bella ma leggermente arrotondata.,data/data/images_flat/2018-2019_Trentingrana__2018-11-14__P3b_314_fetta.bmp
La pasta del formaggio presenta spugnositá centrale.,La pasta del formaggio presenta una bella grana e uno strappo.,data/data/images_flat/2018-2019_Trentingrana__2018-11-14__P3b_314_fetta.bmp
La pasta del formaggio è stirata con occhiatura centrale.,"La pasta del formaggio non è del tutto strutturata, con occhiatura sparsa e fratture pronunciate.",data/data/images_flat/2018-2019_Trentingrana__2018-11-14__P3b_314_fetta.bmp
"La pasta del formaggio presenta una bella frattura, grana non sempre ben profilata.",La pasta del formaggio presenta una frattura poco irregolare e qualche microocchiatura.,data/data/images_flat/2018-2019_Trentingrana__2018-09-19__P5a_323_fetta.bmp
La pasta del formaggio presenta una frattura caratterizzata da tagli.,La pasta del formaggio è granulosa.,data/data/images_flat/2018-2019_Trentingrana__2018-09-19__P5a_323_fetta.bmp
La pasta del formaggio presenta una struttura non riuscita.,La pasta del formaggio è granulosa e regolare.,data/data/images_flat/2018-2019_Trentingrana__2018-09-19__P5a_323_fetta.bmp
La pasta del formaggio presenta un ampio occhio centrale molto profondo circondato da un'estesa zona spugnosa.,La pasta del formaggio presenta microocchiature e dittatura al centro.,data/data/images_flat/2018-2019_Trentingrana__2018-09-19__P5a_323_fetta.bmp
"La pasta del formaggio è regolare, omogenea, non setata, con grana leggermente grossolana.",La pasta del formaggio è bella ma non del tutto omogenea.,data/data/images_flat/2018-2019_Trentingrana__2018-09-19__P5a_323_fetta.bmp
La pasta del formaggio presenta spaccature e occhiatura grossolana diversa tra le due metà.,"La pasta del formaggio presenta una grana grossolana e assenza di grana fine, occhiatura assente e frattura media.",data/data/images_flat/2018-2019_Trentingrana__2018-09-19__P5a_323_fetta.bmp
"La pasta del formaggio è poco granulosa, dall'aspetto ceroso.",La pasta del formaggio è regolare con grana abbastanza fine.,data/data/images_flat/2018-2019_Trentingrana__2018-09-26__P1b_302_fetta.bmp
La pasta del formaggio è granulosa con frattura regolare.,"La pasta del formaggio è grossolana, pronunciata e omogenea.",data/data/images_flat/2018-2019_Trentingrana__2018-09-26__P1b_302_fetta.bmp
La pasta del formaggio è grossolana con qualche microocchiatura.,La pasta del formaggio è grandiosa con discreto taglio.,data/data/images_flat/2018-2019_Trentingrana__2018-09-26__P1b_302_fetta.bmp
La pasta del formaggio presenta una frattura regolare e bella grana.,La pasta del formaggio non è omogenea.,data/data/images_flat/2018-2019_Trentingrana__2018-09-26__P1b_302_fetta.bmp
La pasta del formaggio presenta molte microocchiature.,La pasta del formaggio è grossolana con qualche microocchiatura.,data/data/images_flat/2018-2019_Trentingrana__2018-09-26__P1b_302_fetta.bmp
La pasta del formaggio presenta una microocchiatura diffusa e aspetto leggermente gessato.,La pasta del formaggio presenta microocchiature e grana piatta.,data/data/images_flat/2018-2019_Trentingrana__2018-09-26__P1b_302_fetta.bmp
La pasta del formaggio presenta una microocchiatura fine.,La pasta del formaggio è omogenea con qualche piccola occhiatura.,data/data/images_flat/2018-2019_Trentingrana__2018-09-26__P1b_302_fetta.bmp
La pasta del formaggio presenta un'occhiatura piccola e grana leggermente rotondeggiante.,"La pasta del formaggio presenta una frattura regolare, poco granulosa e tendente allo stirato.",data/data/images_flat/2018-2019_Trentingrana__2018-09-26__P1b_302_fetta.bmp
"La pasta del formaggio presenta una struttura irregolare al centro, microocchiatura simile a quella spugnosa.",La pasta del formaggio è piuttosto grossolana con frattura media.,data/data/images_flat/2018-2019_Trentingrana__2018-09-26__P1b_302_fetta.bmp
"La pasta del formaggio presenta distribuzione omogenea, tra paglierino carico e dorato.","La pasta del formaggio presenta una microocchiatura, agglomerati bianchi evidenti e striature centrali leggibili.",data/data/images_flat/2018-2019_Trentingrana__2018-09-26__P1b_302_fetta.bmp
La pasta del formaggio presenta una frattura leggermente irregolare.,La pasta del formaggio presenta un'occhiatura fitta.,data/data/images_flat/2018-2019_Trentingrana__2019-03-20__P5b_316_fetta.bmp
La pasta del formaggio presenta una frattura regolare e granulosa.,La pasta del formaggio è striata e spugnosa.,data/data/images_flat/2018-2019_Trentingrana__2019-03-20__P5b_316_fetta.bmp
"La pasta del formaggio presenta una frattura irregolare, striature e occhiatura diffusa.",La pasta del formaggio presenta una microocchiatura diffusa e piccole zone stirate.,data/data/images_flat/2018-2019_Trentingrana__2019-03-20__P5b_316_fetta.bmp
La pasta del formaggio è stirata con microocchiatura e occhiatura di media grandezza.,La pasta del formaggio è stirata con microocchiatura centrale che conferisce aspetto spugnoso.,data/data/images_flat/2018-2019_Trentingrana__2019-03-20__P5b_316_fetta.bmp
La pasta del formaggio presenta un grave difetto centrale caratterizzato da vivi e crepa profonda.,La pasta del formaggio presenta una microocchiatura diffusa.,data/data/images_flat/2018-2019_Trentingrana__2019-03-20__P5b_316_fetta.bmp
La pasta del formaggio presenta una frattura non molto bella e grana a tratti leggermente schiacciata.,La pasta del formaggio è spugnosa a tratti e stirata.,data/data/images_flat/2018-2019_Trentingrana__2019-03-20__P5b_316_fetta.bmp
La pasta del formaggio è bella ma non del tutto omogenea.,"La pasta del formaggio è stirata con bocciatura in zona centrale ampia, non uniformemente formata.",data/data/images_flat/2018-2019_Trentingrana__2019-03-20__P5b_316_fetta.bmp
La pasta del formaggio presenta una frattura abbastanza regolare e stirata al centro.,"La pasta del formaggio presenta una frattura profonda, occhiatura di medie dimensioni e altre fratture più piccole, zona con cristalli piatta.",data/data/images_flat/2018-2019_Trentingrana__2019-03-20__P1a_302_fetta.bmp
"La pasta del formaggio presenta una metà stirata e poco strutturata, con qualche occhiatura, zona angolo spugnosa.",La pasta del formaggio presenta un grave difetto centrale caratterizzato da vivi e crepa profonda.,data/data/images_flat/2018-2019_Trentingrana__2019-03-20__P1a_302_fetta.bmp
La pasta del formaggio presenta una bella struttura a tratti.,La pasta del formaggio presenta una frattura irregolare e disomogenea.,data/data/images_flat/2018-2019_Trentingrana__2019-03-20__P1a_302_fetta.bmp
"La pasta del formaggio presenta una frattura regolare, grana eterogenea, a tratti bella a tratti quasi eccessiva.",La pasta del formaggio non è omogenea.,data/data/images_flat/2018-2019_Trentingrana__2019-03-20__P1a_302_fetta.bmp
"La pasta del formaggio presenta una grana grossolana e assenza di grana fine, occhiatura assente e frattura media.",La pasta del formaggio è stirata con uno strappo grosso e un'occhiatura.,data/data/images_flat/2018-2019_Trentingrana__2019-03-20__P1a_302_fetta.bmp
La pasta del formaggio è a tratti con grana non sviluppata.,"La pasta del formaggio presenta una bella frattura e bella grana, con piccole sfoglie e una zona cavernosa.",data/data/images_flat/2018-2019_Trentingrana__2019-03-20__P1a_302_fetta.bmp
La pasta del formaggio presenta una frattura regolare ma spacco e disidratazione centrale.,"La pasta del formaggio presenta un enorme occhio e spaccatura, grana poco formata e non uniforme, leggera occhiatura e alcune fessure.",data/data/images_flat/2018-2019_Trentingrana__2019-03-20__P1a_302_fetta.bmp
"La pasta del formaggio presenta una frattura regolare e grana tendente grossolana, con microocchiatura fine al centro.",La pasta del formaggio è finissima con microocchiatura e struttura regolare.,data/data/images_flat/2018-2019_Trentingrana__2019-02-27__P5a_319_fetta.bmp
La pasta del formaggio presenta un'occhiatura di dimensioni medie e una fessura pronunciata.,"La pasta del formaggio è tendente a sgretolarsi e disidratata verso l'esterno, con microocchiature inferiori.",data/data/images_flat/2018-2019_Trentingrana__2019-02-27__P5a_319_fetta.bmp
La pasta del formaggio presenta una fascia sottile di struttura più fine rispetto al resto.,"La pasta del formaggio presenta una microocchiatura fine e rada, struttura fine, tendente a essere più asciutta verso una zona.",data/data/images_flat/2018-2019_Trentingrana__2019-02-27__P5a_319_fetta.bmp
La pasta del formaggio presenta una grana grossa ma omogenea e frattura regolare.,La pasta del formaggio presenta una leggera microocchiatura.,data/data/images_flat/2018-2019_Trentingrana__2019-02-27__P5a_319_fetta.bmp
La pasta del formaggio è granulosa con frattura regolare.,"La pasta del formaggio presenta una frattura abbastanza regolare e microocchiatura molto diffusa, estremamente sottile.",data/data/images_flat/2018-2019_Trentingrana__2019-02-27__P5a_319_fetta.bmp
La pasta del formaggio presenta una bella grana fine e frattura omogenea.,"La pasta del formaggio presenta una frattura regolare, microocchiatura a tratti e grana poco profilata.",data/data/images_flat/2018-2019_Trentingrana__2019-02-27__P5a_319_fetta.bmp
La pasta del formaggio è gessata.,"La pasta del formaggio presenta una frattura regolare e impugnatura centrale, superficie molto asciutta.",data/data/images_flat/2018-2019_Trentingrana__2019-02-27__P5a_319_fetta.bmp
La pasta del formaggio presenta una grana poco sviluppata.,La pasta del formaggio presenta una microocchiatura e aspetto ruvido.,data/data/images_flat/2018-2019_Trentingrana__2019-02-27__P3a_307_fetta.bmp
La pasta del formaggio presenta una bella frattura e struttura granulosa a tratti meno definita.,La pasta del formaggio presenta una grana grossolana e occhiatura fitta dall'effetto spugnoso.,data/data/images_flat/2018-2019_Trentingrana__2019-02-27__P3a_307_fetta.bmp
La pasta del formaggio presenta una frattura omogenea leggermente stirata.,"La pasta del formaggio presenta una microocchiatura diffusa in vasta zona, anche di grosse dimensioni, nonostante la grana omogenea e fine.",data/data/images_flat/2018-2019_Trentingrana__2019-02-27__P3a_307_fetta.bmp
La pasta del formaggio è ruvida.,La pasta del formaggio presenta una microocchiatura evidente.,data/data/images_flat/2018-2019_Trentingrana__2019-02-27__P3a_307_fetta.bmp
La pasta del formaggio presenta una frattura irregolare e zone stirate.,"La pasta del formaggio presenta una struttura anomala, non granulosa, con occhiatura.",data/data/images_flat/2018-2019_Trentingrana__2019-02-27__P3a_307_fetta.bmp
"La pasta del formaggio presenta rigeneratrice nel senso del piatto, altrimenti grana omogenea.",La pasta del formaggio presenta una granulosità decisa e occhiatura medio-grande soprattutto in mezza forma.,data/data/images_flat/2018-2019_Trentingrana__2019-02-27__P3a_307_fetta.bmp
"La pasta del formaggio presenta una microocchiatura centrale non fitta, frattura centrale radiale e piccoli cristalli visibili.","La pasta del formaggio presenta una grana evidente e grani grossi, occhiatura diffusa a tratti.",data/data/images_flat/2018-2019_Trentingrana__2019-02-27__P3a_307_fetta.bmp
La pasta del formaggio presenta un'occhiatura fitta.,"La pasta del formaggio presenta una frattura regolare, occhiatura diffusa su tutta la superficie con occhi di piccole dimensioni.",data/data/images_flat/2018-2019_Trentingrana__2019-02-27__P3a_307_fetta.bmp
La pasta del formaggio presenta una fitta microocchiatura centrale dall'effetto spugnoso.,La pasta del formaggio presenta una frattura irregolare e striature nella grana.,data/data/images_flat/2018-2019_Trentingrana__2019-02-20__P1a_310_fetta.bmp
"La pasta del formaggio presenta una leggera microocchiatura, frattura quasi regolare e grana regolare verso l'esterno; al centro tende alla stiratura con andamento ondulato.","La pasta del formaggio presenta una frattura irregolare e grana grandiosav, tendente a una direzione delle fibre al centro, non stirata.",data/data/images_flat/2018-2019_Trentingrana__2019-02-20__P1a_310_fetta.bmp
La pasta del formaggio è friabile.,La pasta del formaggio presenta una frattura irregolare e striature centrali.,data/data/images_flat/2018-2019_Trentingrana__2019-02-20__P1a_310_fetta.bmp
La pasta del formaggio presenta molte fratture sotto una superficie piatta.,La pasta del formaggio è stirata.,data/data/images_flat/2018-2019_Trentingrana__2019-02-20__P1a_310_fetta.bmp
La pasta del formaggio è disidratata.,"La pasta del formaggio presenta una frattura non regolare, leggermente stirata al centro.",data/data/images_flat/2018-2019_Trentingrana__2019-02-20__P1a_310_fetta.bmp
La pasta del formaggio è omogeneamente stirata in tutta la struttura.,"La pasta del formaggio presenta una frattura abbastanza regolare, granulosa e con evidenti andamenti striati.",data/data/images_flat/2018-2019_Trentingrana__2019-02-20__P1a_310_fetta.bmp
"La pasta del formaggio presenta strappo e microocchiatura centrale, grana complessivamente regolare.",La pasta del formaggio presenta striature e grana grossolana.,data/data/images_flat/2018-2019_Trentingrana__2019-02-20__P1a_310_fetta.bmp
La pasta del formaggio è ruvida e grossolana.,"La pasta del formaggio non è molto regolare, grossolana e priva di occhiatura.",data/data/images_flat/2018-2019_Trentingrana__2019-02-20__P1a_310_fetta.bmp
"La pasta del formaggio presenta una frattura caratterizzata da avvallamenti, struttura compatta e poco granulare, leggermente stirata.",La pasta del formaggio è stirata.,data/data/images_flat/2018-2019_Trentingrana__2018-10-24__P5a_326_fetta.bmp
La pasta del formaggio è granulosa e regolare.,"La pasta del formaggio presenta una frattura pronunciata, altre più piccole, tendente allo stirato, cristalli e microocchiatura.",data/data/images_flat/2018-2019_Trentingrana__2018-10-24__P5a_326_fetta.bmp
La pasta del formaggio presenta due grane diverse compresenti.,La pasta del formaggio è stirata al centro.,data/data/images_flat/2018-2019_Trentingrana__2018-10-24__P5a_326_fetta.bmp
"La pasta del formaggio presenta una microocchiatura centrale, frattura regolare, zone compatte e stirata.",La pasta del formaggio presenta spaccature.,data/data/images_flat/2018-2019_Trentingrana__2018-10-24__P5a_326_fetta.bmp
La pasta del formaggio presenta una frattura regolare e grana media.,La pasta del formaggio presenta sporadiche occhiature e ampie zone stirate.,data/data/images_flat/2018-2019_Trentingrana__2018-10-24__P5a_326_fetta.bmp
La pasta del formaggio è parzialmente stirata.,La pasta del formaggio è stirata con grana piatta.,data/data/images_flat/2018-2019_Trentingrana__2018-10-24__P5a_326_fetta.bmp
"La pasta del formaggio non è granulosa, compatta e stirata, con fessura interna.","La pasta del formaggio è stirata, con strappo evidente e altri minori, leggera microocchiatura.",data/data/images_flat/2018-2019_Trentingrana__2018-10-24__P5a_326_fetta.bmp
La pasta del formaggio presenta una microocchiatura.,La pasta del formaggio è stirata con fessurazioni.,data/data/images_flat/2018-2019_Trentingrana__2018-10-24__P5a_326_fetta.bmp
La pasta del formaggio presenta un'occhiatura localizzata di piccole dimensioni.,"La pasta del formaggio presenta spaccature, solchi netti e struttura poco compatta.",data/data/images_flat/2018-2019_Trentingrana__2018-10-24__P5a_326_fetta.bmp
La pasta del formaggio presenta una frattura abbastanza regolare.,La pasta del formaggio presenta una frattura regolare non perfetta.,data/data/images_flat/2018-2019_Trentingrana__2018-10-24__P1a_304_fetta.bmp
La pasta del formaggio presenta una microocchiatura fitta al centro e fessure con grappoli di occhi.,La pasta del formaggio è a grana media con frattura leggermente irregolare e cristalli evidenti.,data/data/images_flat/2018-2019_Trentingrana__2018-10-24__P1a_304_fetta.bmp
La pasta del formaggio presenta un occhio e piccole fessure.,La pasta del formaggio presenta una frattura disomogenea e grana uniforme granulosa.,data/data/images_flat/2018-2019_Trentingrana__2018-10-24__P1a_304_fetta.bmp
La pasta del formaggio è compatta con grana fine e pochi cristalli.,La pasta del formaggio presenta una frattura regolare e sporadica microocchiatura.,data/data/images_flat/2018-2019_Trentingrana__2018-10-24__P1a_304_fetta.bmp
La pasta del formaggio è stirata con frattura a arco fitta e microocchiatura diffusa.,La pasta del formaggio è granulosa con frattura abbastanza regolare.,data/data/images_flat/2018-2019_Trentingrana__2018-10-24__P1a_304_fetta.bmp
La pasta del formaggio presenta una microocchiatura diffusa.,La pasta del formaggio presenta microocchiature e grana leggermente scagliosa.,data/data/images_flat/2018-2019_Trentingrana__2018-10-24__P1a_304_fetta.bmp
La pasta del formaggio è stirata.,"La pasta del formaggio presenta una grana grossolana e grandiosa, difforme tra il piatto e lo scalzo, qualche piccolo strappo e microocchiatura centrale.",data/data/images_flat/2018-2019_Trentingrana__2018-10-24__P1a_304_fetta.bmp
La pasta del formaggio è stirata al centro.,La pasta del formaggio presenta una bella grana grossa e frattura media.,data/data/images_flat/2018-2019_Trentingrana__2018-10-24__P1a_304_fetta.bmp
La pasta del formaggio presenta una grana ben presente e microocchiature elevate.,"La pasta del formaggio presenta una bella grana tendente a grossolana nella zona bagnata, con occhiature.",data/data/images_flat/2018-2019_Trentingrana__2018-10-24__P1a_304_fetta.bmp
"La pasta del formaggio presenta una frattura regolare, compatta e poco grandiosa, con una fessura.","La pasta del formaggio presenta una frattura a scaglie, grana con striature e piccoli strappi.",data/data/images_flat/2018-2019_Trentingrana__2019-01-30__P6a_330_fetta.bmp
"La pasta del formaggio presenta zone grasse, fratture piccole e microocchiatura diffusa sottostante un'area piatta.","La pasta del formaggio presenta una frattura regolare, granulosa, presenza di fratture interne, tendenza a scagliare e area con microocchiatura.",data/data/images_flat/2018-2019_Trentingrana__2019-01-30__P6a_330_fetta.bmp
La pasta del formaggio presenta una microocchiatura molto diffusa e qualche bolla.,La pasta del formaggio presenta una frattura irregolare e leggere striature.,data/data/images_flat/2018-2019_Trentingrana__2019-01-30__P6a_330_fetta.bmp
La pasta del formaggio presenta una frattura irregolare.,La pasta del formaggio è molto grossolana con sporadiche microocchiature e piccole zone stirate.,data/data/images_flat/2018-2019_Trentingrana__2019-01-30__P6a_330_fetta.bmp
La pasta del formaggio presenta una frattura regolare e una crepa interna.,La pasta del formaggio presenta una bella grana ma struttura slegata e numerosi piccoli spacchi.,data/data/images_flat/2018-2019_Trentingrana__2019-01-30__P6a_330_fetta.bmp
"La pasta del formaggio presenta una frattura irregolare, stirata al centro.",La pasta del formaggio presenta frequenti spacchi e microocchiatura centrale.,data/data/images_flat/2018-2019_Trentingrana__2019-01-30__P6a_330_fetta.bmp
La pasta del formaggio presenta numerosi spacchi.,La pasta del formaggio presenta un'occhiatura poco presente e frattura irregolare.,data/data/images_flat/2018-2019_Trentingrana__2019-01-30__P6a_330_fetta.bmp
La pasta del formaggio presenta una microocchiatura appena percettibile.,"La pasta del formaggio presenta una microocchiatura non fitta, qualche occhio di dimensioni medie, cristalli evidenti e grana fine.",data/data/images_flat/2018-2019_Trentingrana__2019-01-30__P4a_307_fetta.bmp
La pasta del formaggio presenta una frattura regolare e struttura granulare omogenea.,"La pasta del formaggio presenta tre occhiature visibili di dimensioni grandi, altre più piccole diffuse, grana omogenea con leggera stiratura in zone limitate.",data/data/images_flat/2018-2019_Trentingrana__2019-01-30__P4a_307_fetta.bmp
La pasta del formaggio è leggermente stirata.,La pasta del formaggio presenta occhiature numerose e cristalli evidenti.,data/data/images_flat/2018-2019_Trentingrana__2019-01-30__P4a_307_fetta.bmp
La pasta del formaggio presenta una microocchiatura estesa.,La pasta del formaggio presenta striature e occhiatura pronunciata.,data/data/images_flat/2018-2019_Trentingrana__2019-01-30__P4a_307_fetta.bmp
La pasta del formaggio presenta una microocchiatura centrale.,La pasta del formaggio presenta una microocchiatura e occhiatura di grandi dimensioni.,data/data/images_flat/2018-2019_Trentingrana__2019-01-30__P4a_307_fetta.bmp
La pasta del formaggio è abbastanza bella con area spugnosa al centro e occhio di medie dimensioni.,"La pasta del formaggio non è omogenea, in parte stirata, con occhiatura da emmentaler.",data/data/images_flat/2018-2019_Trentingrana__2019-01-30__P4a_307_fetta.bmp
La pasta del formaggio presenta irregolarità di frattura.,La pasta del formaggio presenta un'occhiatura di piccole dimensioni distribuita abbastanza uniformemente e zona di stiratura.,data/data/images_flat/2018-2019_Trentingrana__2019-01-30__P4a_307_fetta.bmp
La pasta del formaggio presenta una frattura regolare e impugnatura presente e diffusa.,"La pasta del formaggio presenta un'occhiatura più concentrata su un piatto e uno scalzo, prevalentemente di grandi dimensioni.",data/data/images_flat/2018-2019_Trentingrana__2019-01-30__P4a_307_fetta.bmp
La pasta del formaggio presenta una grana grossolana e ampia zona di occhiatura.,"La pasta del formaggio presenta una microocchiatura non fitta, qualche occhio di dimensioni medie, cristalli evidenti e grana fine.",data/data/images_flat/2018-2019_Trentingrana__2019-01-30__P4b_307_fetta.bmp
"La pasta del formaggio presenta una frattura profonda, occhiatura di medie dimensioni e altre fratture più piccole, zona con cristalli piatta.","La pasta del formaggio presenta tre occhiature visibili di dimensioni grandi, altre più piccole diffuse, grana omogenea con leggera stiratura in zone limitate.",data/data/images_flat/2018-2019_Trentingrana__2019-01-30__P4b_307_fetta.bmp
La pasta del formaggio è a scaglie sotto la zona appiattita.,La pasta del formaggio presenta occhiature numerose e cristalli evidenti.,data/data/images_flat/2018-2019_Trentingrana__2019-01-30__P4b_307_fetta.bmp
La pasta del formaggio presenta pochissime piccole fratture.,La pasta del formaggio presenta striature e occhiatura pronunciata.,data/data/images_flat/2018-2019_Trentingrana__2019-01-30__P4b_307_fetta.bmp
La pasta del formaggio presenta una frattura regolare e granulosa.,La pasta del formaggio presenta una microocchiatura e occhiatura di grandi dimensioni.,data/data/images_flat/2018-2019_Trentingrana__2019-01-30__P4b_307_fetta.bmp
"La pasta del formaggio presenta un'area ruvida, più che gessata.","La pasta del formaggio non è omogenea, in parte stirata, con occhiatura da emmentaler.",data/data/images_flat/2018-2019_Trentingrana__2019-01-30__P4b_307_fetta.bmp
La pasta del formaggio è disidratata sotto gli scalzi.,La pasta del formaggio presenta un'occhiatura di piccole dimensioni distribuita abbastanza uniformemente e zona di stiratura.,data/data/images_flat/2018-2019_Trentingrana__2019-01-30__P4b_307_fetta.bmp
La pasta del formaggio è stirata con occhiatura di piccole e medie dimensioni.,"La pasta del formaggio presenta un'occhiatura più concentrata su un piatto e uno scalzo, prevalentemente di grandi dimensioni.",data/data/images_flat/2018-2019_Trentingrana__2019-01-30__P4b_307_fetta.bmp
La pasta del formaggio presenta una frattura irregolare.,La pasta del formaggio presenta una fessura sottile.,data/data/images_flat/2019-2020_Trentingrana__III bimestre__18-12-2019_17° Seduta__P1a_TN302_Fetta.bmp
"La pasta del formaggio presenta una frattura a blocchi, stirata, fitta di microocchiature e piccoli strappi sotto una zona piatta.",La pasta del formaggio presenta una grossa fessura.,data/data/images_flat/2019-2020_Trentingrana__III bimestre__18-12-2019_17° Seduta__P1a_TN302_Fetta.bmp
La pasta del formaggio è leggermente stirata.,La pasta del formaggio è senza grana.,data/data/images_flat/2019-2020_Trentingrana__III bimestre__11-12-2019_16° Seduta__P6b_TN326_Fetta.bmp
La pasta del formaggio presenta una grana fine e una fessura pronunciata.,La pasta del formaggio presenta diverse zone quasi lisce.,data/data/images_flat/2019-2020_Trentingrana__III bimestre__11-12-2019_16° Seduta__P6b_TN326_Fetta.bmp
La pasta del formaggio presenta un'area spugnosa circoscritta.,La pasta del formaggio presenta tante piccole fratture.,data/data/images_flat/2019-2020_Trentingrana__IV bimestre__08-01-2020_18° Seduta__P4a_TN328_Fetta.bmp
La pasta del formaggio presenta una fessura pronunciata al centro.,La pasta del formaggio presenta una presenza di fessure abbondanti.,data/data/images_flat/2019-2020_Trentingrana__IV bimestre__08-01-2020_18° Seduta__P4a_TN328_Fetta.bmp
La pasta del formaggio è stirata e difettosa.,La pasta del formaggio presenta tante piccole fratture.,data/data/images_flat/2019-2020_Trentingrana__IV bimestre__08-01-2020_18° Seduta__P4b_TN328_Fetta.bmp
La pasta del formaggio presenta un alone centrale.,La pasta del formaggio presenta una presenza di fessure abbondanti.,data/data/images_flat/2019-2020_Trentingrana__IV bimestre__08-01-2020_18° Seduta__P4b_TN328_Fetta.bmp
La pasta del formaggio è disidratata sotto gli scalzi.,La pasta del formaggio è disidratata sotto gli scalzi.,data/data/images_flat/2019-2020_Trentingrana__IV bimestre__19-02-2020_24° Seduta__P6a_TN319_Fetta.bmp
La pasta del formaggio presenta un'occhiatura fitta.,La pasta del formaggio presenta zone disidratate sottocroste e zona disidratata secca.,data/data/images_flat/2019-2020_Trentingrana__IV bimestre__19-02-2020_24° Seduta__P6a_TN319_Fetta.bmp
La pasta del formaggio è tendente alla stiratura.,La pasta del formaggio presenta un difetto strutturale su un lato.,data/data/images_flat/2019-2020_Trentingrana__IV bimestre__19-02-2020_24° Seduta__P6a_TN319_Fetta.bmp
"La pasta del formaggio presenta una frattura irregolare da bombardamento, grana fine e piuttosto omogenea.",La pasta del formaggio presenta un'anomalia di muffa sullo scalzo.,data/data/images_flat/2019-2020_Trentingrana__IV bimestre__19-02-2020_24° Seduta__P6a_TN319_Fetta.bmp
La pasta del formaggio è stirata con occhiatura centrale.,La pasta del formaggio presenta una muffa sotto lo scalzo.,data/data/images_flat/2019-2020_Trentingrana__IV bimestre__19-02-2020_24° Seduta__P6a_TN319_Fetta.bmp
La pasta del formaggio presenta striature centrali e frattura non omogenea.,La pasta del formaggio è sporca e in parte bruciata.,data/data/images_flat/2019-2020_Trentingrana__IV bimestre__19-02-2020_24° Seduta__P6a_TN319_Fetta.bmp
La pasta del formaggio presenta una bella grana e uno spacco.,La pasta del formaggio presenta una fessura.,data/data/images_flat/2019-2020_Trentingrana__IV bimestre__15-01-2020_19° Seduta__P2a_TN306_Fetta.bmp
La pasta del formaggio è irregolare e spugnosa al centro.,La pasta del formaggio è stirata al centro.,data/data/images_flat/2019-2020_Trentingrana__IV bimestre__15-01-2020_19° Seduta__P4a_TN311_Fetta.bmp
La pasta del formaggio presenta una frattura centrale e microocchiatura.,La pasta del formaggio presenta una microocchiatura centrale.,data/data/images_flat/2019-2020_Trentingrana__IV bimestre__05-02-2020_22° Seduta__P1b_TN305_Fetta.bmp
"La pasta del formaggio presenta tre fratture profonde, altre più piccole e segno dell'ago, di colore rosato con cristallini.",La pasta del formaggio presenta una frattura radiale diffusa al centro e due fessure.,data/data/images_flat/2019-2020_Trentingrana__IV bimestre__29-01-2020_21° Seduta__P5b_TN323_Fetta.bmp
"La pasta del formaggio non è regolare, granulosa.",La pasta del formaggio presenta una zona spugnosa vicino alla fessura e stirata in prossimità del taglio.,data/data/images_flat/2019-2020_Trentingrana__IV bimestre__29-01-2020_21° Seduta__P5b_TN323_Fetta.bmp
La pasta del formaggio presenta una grana irregolare e non uniformemente distribuita.,La pasta del formaggio presenta un'area centrale tendente allo stirato.,data/data/images_flat/2019-2020_Trentingrana__IV bimestre__29-01-2020_21° Seduta__P2b_TN305_Fetta.bmp
La pasta del formaggio presenta una frattura non molto bella e grana a tratti leggermente schiacciata.,La pasta del formaggio presenta piccoli strappi nella zona sottostante al piatto.,data/data/images_flat/2019-2020_Trentingrana__I bimestre__02-10-2019_5°Seduta__P6a_TN326_Fetta.bmp
"La pasta del formaggio presenta una frattura irregolare, grana abbastanza omogenea e granulosa.",La pasta del formaggio è stirata al centro.,data/data/images_flat/2019-2020_Trentingrana__I bimestre__25-09-2019_4°Seduta__P6b_TN338_Fetta.bmp
"La pasta del formaggio presenta una frattura irregolare, alcune microocchiature e grana grandiosa omogenea.",La pasta del formaggio presenta assenza di grana.,data/data/images_flat/2019-2020_Trentingrana__I bimestre__25-09-2019_4°Seduta__P6b_TN338_Fetta.bmp
"La pasta del formaggio presenta una microocchiatura e occhio, spacchi e frattura regolare, grana regolare seppur non fine.",La pasta del formaggio presenta tante piccole fessure nella zona centrale e aspetto sgretolato.,data/data/images_flat/2019-2020_Trentingrana__II bimestre__30-10-2019_9°Seduta__P5a_TN328_Fetta.bmp
La pasta del formaggio è granulosa con frattura regolare.,La pasta del formaggio è slegata.,data/data/images_flat/2019-2020_Trentingrana__II bimestre__30-10-2019_9°Seduta__P5a_TN328_Fetta.bmp
La pasta del formaggio presenta uno spacco.,La pasta del formaggio presenta piccole fratture al di sotto di un piatto.,data/data/images_flat/2021-2022_Trentingrana__20° Seduta_16-03-2022__P1a_TN302_226_fetta.bmp
"La pasta del formaggio è sfogliata e stirata leggermente al centro, con microocchiature centrali.",La pasta del formaggio presenta numerose piccole spaccature nei pressi dello scalzo.,data/data/images_flat/2021-2022_Trentingrana__20° Seduta_16-03-2022__P2a_TN305_928_fetta.bmp
La pasta del formaggio è stirata e spugnosa.,"La pasta del formaggio presenta una grana grossolana, non perfettamente omogenea.",data/data/images_flat/2021-2022_Trentingrana__13° Seduta_19-01-2022__P5b_TN330_782_fetta.bmp
La pasta del formaggio presenta striature centrali e crepa vicino allo scalzo.,La pasta del formaggio presenta una bella struttura nella metà della forma.,data/data/images_flat/2021-2022_Trentingrana__13° Seduta_19-01-2022__P4b_TN326_152_fetta.bmp
La pasta del formaggio è leggermente occhiata su metà forma.,La pasta del formaggio presenta una bella struttura nella metà della forma.,data/data/images_flat/2021-2022_Trentingrana__13° Seduta_19-01-2022__P4a_TN326_152_fetta.bmp
"La pasta del formaggio presenta una frattura regolare, granulosa, priva di occhiatura.",La pasta del formaggio è slegata.,data/data/images_flat/2021-2022_Trentingrana__7° Seduta_17-11-2021__P3a_TN311_215_Fetta.bmp
"La pasta del formaggio presenta una frattura regolare, grana abbastanza fine, microocchiatura diffusa e presenza di un occhio di medio diametro.",La pasta del formaggio è molto umida.,data/data/images_flat/2021-2022_Trentingrana__7° Seduta_17-11-2021__P3a_TN311_215_Fetta.bmp
"La pasta del formaggio presenta una grana grossolana, qualche occhiatura e frattura media.","La pasta del formaggio presenta vistose spaccature, altre più piccole, e piccola occhiatura.",data/data/images_flat/2021-2022_Trentingrana__7° Seduta_17-11-2021__P5b_TN326_891_Fetta.bmp
La pasta del formaggio presenta una grana omogenea e grossolana.,"La pasta del formaggio presenta una microocchiatura molto fitta e aspetto spugnoso al centro, grana fine con perle verso l'esterno.",data/data/images_flat/2021-2022_Trentingrana__21° Seduta_23-03-2022__P1b_TN310_375_fetta.bmp
La pasta del formaggio presenta una bella frattura e struttura granulosa a tratti meno definita.,La pasta del formaggio è a grana grossa.,data/data/images_flat/2021-2022_Trentingrana__21° Seduta_23-03-2022__P5a_TN330_961_fetta.bmp
La pasta del formaggio presenta un'vistosa area spugnosa e occhi molto grandi.,La pasta del formaggio è scagliosa con zona superficiale piatta.,data/data/images_flat/2021-2022_Trentingrana__17° Seduta_16-02-2022__P4a_TN314_437_fetta.bmp
La pasta del formaggio presenta una microocchiatura diffusa.,La pasta del formaggio presenta qualche piccolo occhio e microocchiatura in una piccola area della forma.,data/data/images_flat/2021-2022_Trentingrana__3° Seduta_13-10-2021__P1a_TN307_902_Fetta.bmp
La pasta del formaggio presenta una microocchiatura diffusa e aspetto leggermente gessato.,La pasta del formaggio presenta due grane diverse compresenti.,data/data/images_flat/2021-2022_Trentingrana__10° Seduta_07-12-2021__P1b_TN302_849_Fetta.bmp
"La pasta del formaggio presenta una microocchiatura e occhio, spacchi e frattura regolare, grana regolare seppur non fine.",La pasta del formaggio è scagliosa nella zona sottostante.,data/data/images_flat/2021-2022_Trentingrana__30° Seduta_22-06-2022__P2a_TN305_727_Fetta.bmp
"La pasta del formaggio presenta una grana grossa, qualche strappo e frattura irregolare.","La pasta del formaggio è omogenea al centro, diversa in periferia.",data/data/images_flat/2021-2022_Trentingrana__30° Seduta_22-06-2022__P3b_TN307_911_Fetta.bmp
La pasta del formaggio è stirata con occhiatura centrale.,La pasta del formaggio è ruvida.,data/data/images_flat/2021-2022_Trentingrana__30° Seduta_22-06-2022__P3b_TN307_911_Fetta.bmp
La pasta del formaggio presenta spugnositá centrale.,"La pasta del formaggio presenta una struttura strana, falsamente granulosa e compatta.",data/data/images_flat/2021-2022_Trentingrana__30° Seduta_22-06-2022__P3b_TN307_911_Fetta.bmp
