image_path,attribute,caption,caption_sentence
data/images_flat/2020-2021_Trentingrana__VI bimestre__27°Seduta_24-03-2021__P2_TN_305_337_B_GRANA.bmp,Aroma,Aroma di yogurt.,Il formaggio ha un aroma di yogurt.
data/images_flat/2020-2021_Trentingrana__VI bimestre__27°Seduta_24-03-2021__P3_TN_307_155_B_FETTA.bmp,Aroma,"Aroma di burro fresco con note lattiche prevalenti, poco complesso.","Il formaggio ha un aroma di burro fresco con note lattiche prevalenti, poco complesso."
data/images_flat/2020-2021_Trentingrana__VI bimestre__27°Seduta_24-03-2021__P4_TN_311_873_A_FETTA.bmp,Aroma,Aroma di grana abbastanza giovane.,Il formaggio ha un aroma di grana abbastanza giovane.
data/images_flat/2020-2021_Trentingrana__VI bimestre__27°Seduta_24-03-2021__P5_TN_319_691_B_GRANA.bmp,Aroma,Aroma di malga.,Il formaggio ha un aroma di malga.
data/images_flat/2020-2021_Trentingrana__VI bimestre__27°Seduta_24-03-2021__P5_TN_319_691_B_GRANA.bmp,Aroma,Aroma non piacevole con persistenza elevata.,Il formaggio ha un aroma non piacevole con persistenza elevata.
data/images_flat/2020-2021_Trentingrana__VI bimestre__27°Seduta_24-03-2021__P3_TN_307_155_A_GRANA.bmp,Aroma,"Aroma di burro fresco con note lattiche prevalenti, poco complesso.","Il formaggio ha un aroma di burro fresco con note lattiche prevalenti, poco complesso."
data/images_flat/2020-2021_Trentingrana__VI bimestre__27°Seduta_24-03-2021__P2_TN_305_337_A_FETTA.bmp,Aroma,Aroma di yogurt.,Il formaggio ha un aroma di yogurt.
data/images_flat/2020-2021_Trentingrana__VI bimestre__27°Seduta_24-03-2021__P4_TN_311_873_B_GRANA.bmp,Aroma,Aroma di grana abbastanza giovane.,Il formaggio ha un aroma di grana abbastanza giovane.
data/images_flat/2020-2021_Trentingrana__VI bimestre__27°Seduta_24-03-2021__P5_TN_319_691_A_FETTA.bmp,Aroma,Aroma di malga.,Il formaggio ha un aroma di malga.
data/images_flat/2020-2021_Trentingrana__VI bimestre__27°Seduta_24-03-2021__P5_TN_319_691_A_FETTA.bmp,Aroma,Aroma non piacevole con persistenza elevata.,Il formaggio ha un aroma non piacevole con persistenza elevata.
data/images_flat/2020-2021_Trentingrana__VI bimestre__27°Seduta_24-03-2021__P3_TN_307_155_B_GRANA.bmp,Aroma,"Aroma di burro fresco con note lattiche prevalenti, poco complesso.","Il formaggio ha un aroma di burro fresco con note lattiche prevalenti, poco complesso."
data/images_flat/2020-2021_Trentingrana__VI bimestre__27°Seduta_24-03-2021__P2_TN_305_337_B_FETTA.bmp,Aroma,Aroma di yogurt.,Il formaggio ha un aroma di yogurt.
data/images_flat/2020-2021_Trentingrana__VI bimestre__27°Seduta_24-03-2021__P5_TN_319_691_B_FETTA.bmp,Aroma,Aroma di malga.,Il formaggio ha un aroma di malga.
data/images_flat/2020-2021_Trentingrana__VI bimestre__27°Seduta_24-03-2021__P5_TN_319_691_B_FETTA.bmp,Aroma,Aroma non piacevole con persistenza elevata.,Il formaggio ha un aroma non piacevole con persistenza elevata.
data/images_flat/2020-2021_Trentingrana__VI bimestre__27°Seduta_24-03-2021__P4_TN_311_873_A_GRANA.bmp,Aroma,Aroma di grana abbastanza giovane.,Il formaggio ha un aroma di grana abbastanza giovane.
data/images_flat/2020-2021_Trentingrana__VI bimestre__27°Seduta_24-03-2021__P2_TN_305_337_A_GRANA.bmp,Aroma,Aroma di yogurt.,Il formaggio ha un aroma di yogurt.
data/images_flat/2020-2021_Trentingrana__VI bimestre__27°Seduta_24-03-2021__P3_TN_307_155_A_FETTA.bmp,Aroma,"Aroma di burro fresco con note lattiche prevalenti, poco complesso.","Il formaggio ha un aroma di burro fresco con note lattiche prevalenti, poco complesso."
data/images_flat/2020-2021_Trentingrana__VI bimestre__27°Seduta_24-03-2021__P5_TN_319_691_A_GRANA.bmp,Aroma,Aroma di malga.,Il formaggio ha un aroma di malga.
data/images_flat/2020-2021_Trentingrana__VI bimestre__27°Seduta_24-03-2021__P5_TN_319_691_A_GRANA.bmp,Aroma,Aroma non piacevole con persistenza elevata.,Il formaggio ha un aroma non piacevole con persistenza elevata.
data/images_flat/2020-2021_Trentingrana__VI bimestre__27°Seduta_24-03-2021__P4_TN_311_873_B_FETTA.bmp,Aroma,Aroma di grana abbastanza giovane.,Il formaggio ha un aroma di grana abbastanza giovane.
data/images_flat/2020-2021_Trentingrana__VI bimestre__29°Seduta_07-04-2021__P3_TN_307_759_A_FETTA.bmp,Aroma,Aroma molto leggero.,Il formaggio ha un aroma molto leggero.
data/images_flat/2020-2021_Trentingrana__VI bimestre__29°Seduta_07-04-2021__P3_TN_307_759_A_FETTA.bmp,Aroma,"Aroma di dado, molto concentrato.","Il formaggio ha un aroma di dado, molto concentrato."
data/images_flat/2020-2021_Trentingrana__VI bimestre__29°Seduta_07-04-2021__P2_TN_304_963_A_FETTA.bmp,Aroma,Aroma di intensità bassa.,Il formaggio ha un aroma di intensità bassa.
data/images_flat/2020-2021_Trentingrana__VI bimestre__29°Seduta_07-04-2021__P1_TN_302_851_A_GRANA.bmp,Aroma,Aroma poco intenso.,Il formaggio ha un aroma poco intenso.
data/images_flat/2020-2021_Trentingrana__VI bimestre__29°Seduta_07-04-2021__P1_TN_302_851_B_FETTA.bmp,Aroma,Aroma poco intenso.,Il formaggio ha un aroma poco intenso.
data/images_flat/2020-2021_Trentingrana__VI bimestre__29°Seduta_07-04-2021__P2_TN_304_963_B_GRANA.bmp,Aroma,Aroma di intensità bassa.,Il formaggio ha un aroma di intensità bassa.
data/images_flat/2020-2021_Trentingrana__VI bimestre__29°Seduta_07-04-2021__P3_TN_307_759_B_GRANA.bmp,Aroma,Aroma molto leggero.,Il formaggio ha un aroma molto leggero.
data/images_flat/2020-2021_Trentingrana__VI bimestre__29°Seduta_07-04-2021__P3_TN_307_759_B_GRANA.bmp,Aroma,"Aroma di dado, molto concentrato.","Il formaggio ha un aroma di dado, molto concentrato."
data/images_flat/2020-2021_Trentingrana__VI bimestre__29°Seduta_07-04-2021__P1_TN_302_851_A_FETTA.bmp,Aroma,Aroma poco intenso.,Il formaggio ha un aroma poco intenso.
data/images_flat/2020-2021_Trentingrana__VI bimestre__29°Seduta_07-04-2021__P2_TN_304_963_A_GRANA.bmp,Aroma,Aroma di intensità bassa.,Il formaggio ha un aroma di intensità bassa.
data/images_flat/2020-2021_Trentingrana__VI bimestre__29°Seduta_07-04-2021__P3_TN_307_759_A_GRANA.bmp,Aroma,Aroma molto leggero.,Il formaggio ha un aroma molto leggero.
data/images_flat/2020-2021_Trentingrana__VI bimestre__29°Seduta_07-04-2021__P3_TN_307_759_A_GRANA.bmp,Aroma,"Aroma di dado, molto concentrato.","Il formaggio ha un aroma di dado, molto concentrato."
data/images_flat/2020-2021_Trentingrana__VI bimestre__29°Seduta_07-04-2021__P3_TN_307_759_B_FETTA.bmp,Aroma,Aroma molto leggero.,Il formaggio ha un aroma molto leggero.
data/images_flat/2020-2021_Trentingrana__VI bimestre__29°Seduta_07-04-2021__P3_TN_307_759_B_FETTA.bmp,Aroma,"Aroma di dado, molto concentrato.","Il formaggio ha un aroma di dado, molto concentrato."
data/images_flat/2020-2021_Trentingrana__VI bimestre__29°Seduta_07-04-2021__P2_TN_304_963_B_FETTA.bmp,Aroma,Aroma di intensità bassa.,Il formaggio ha un aroma di intensità bassa.
data/images_flat/2020-2021_Trentingrana__VI bimestre__29°Seduta_07-04-2021__P1_TN_302_851_B_GRANA.bmp,Aroma,Aroma poco intenso.,Il formaggio ha un aroma poco intenso.
data/images_flat/2020-2021_Trentingrana__VI bimestre__26°Seduta_17-03-2021__P2_TN_310_437_FETTA_A.bmp,Aroma,Aroma con leggero sentore finale di stalla.,Il formaggio ha un aroma con leggero sentore finale di stalla.
data/images_flat/2020-2021_Trentingrana__VI bimestre__26°Seduta_17-03-2021__P2_TN_310_437_FETTA_B.bmp,Aroma,Aroma con leggero sentore finale di stalla.,Il formaggio ha un aroma con leggero sentore finale di stalla.
data/images_flat/2020-2021_Trentingrana__VI bimestre__26°Seduta_17-03-2021__P6_TN_338_214_GRANA_B.bmp,Aroma,Aroma di farmacia.,Il formaggio ha un aroma di farmacia.
data/images_flat/2020-2021_Trentingrana__VI bimestre__26°Seduta_17-03-2021__P6_TN_338_214_GRANA_A.bmp,Aroma,Aroma di farmacia.,Il formaggio ha un aroma di farmacia.
data/images_flat/2020-2021_Trentingrana__VI bimestre__26°Seduta_17-03-2021__P3_TN_313_256_GRANA_B.bmp,Aroma,Aroma di burro cotto.,Il formaggio ha un aroma di burro cotto.
data/images_flat/2020-2021_Trentingrana__VI bimestre__26°Seduta_17-03-2021__P3_TN_313_256_GRANA_B.bmp,Aroma,Aroma persistente.,Il formaggio ha un aroma persistente.
data/images_flat/2020-2021_Trentingrana__VI bimestre__26°Seduta_17-03-2021__P3_TN_313_256_GRANA_A.bmp,Aroma,Aroma di burro cotto.,Il formaggio ha un aroma di burro cotto.
data/images_flat/2020-2021_Trentingrana__VI bimestre__26°Seduta_17-03-2021__P3_TN_313_256_GRANA_A.bmp,Aroma,Aroma persistente.,Il formaggio ha un aroma persistente.
data/images_flat/2020-2021_Trentingrana__VI bimestre__26°Seduta_17-03-2021__P3_TN_313_256_FETTA_B.bmp,Aroma,Aroma di burro cotto.,Il formaggio ha un aroma di burro cotto.
data/images_flat/2020-2021_Trentingrana__VI bimestre__26°Seduta_17-03-2021__P3_TN_313_256_FETTA_B.bmp,Aroma,Aroma persistente.,Il formaggio ha un aroma persistente.
data/images_flat/2020-2021_Trentingrana__VI bimestre__26°Seduta_17-03-2021__P3_TN_313_256_FETTA_A.bmp,Aroma,Aroma di burro cotto.,Il formaggio ha un aroma di burro cotto.
data/images_flat/2020-2021_Trentingrana__VI bimestre__26°Seduta_17-03-2021__P3_TN_313_256_FETTA_A.bmp,Aroma,Aroma persistente.,Il formaggio ha un aroma persistente.
data/images_flat/2020-2021_Trentingrana__VI bimestre__26°Seduta_17-03-2021__P6_TN_338_214_FETTA_B.bmp,Aroma,Aroma di farmacia.,Il formaggio ha un aroma di farmacia.
data/images_flat/2020-2021_Trentingrana__VI bimestre__26°Seduta_17-03-2021__P6_TN_338_214_FETTA_A.bmp,Aroma,Aroma di farmacia.,Il formaggio ha un aroma di farmacia.
data/images_flat/2020-2021_Trentingrana__VI bimestre__26°Seduta_17-03-2021__P2_TN_310_437_GRANA_A.bmp,Aroma,Aroma con leggero sentore finale di stalla.,Il formaggio ha un aroma con leggero sentore finale di stalla.
data/images_flat/2020-2021_Trentingrana__VI bimestre__26°Seduta_17-03-2021__P2_TN_310_437_GRANA_B.bmp,Aroma,Aroma con leggero sentore finale di stalla.,Il formaggio ha un aroma con leggero sentore finale di stalla.
data/images_flat/2020-2021_Trentingrana__VI bimestre__28° Seduta_31-03-2021__P6_TN_330_326_FETTA_B.bmp,Aroma,Aroma aggressivo e persistente.,Il formaggio ha un aroma aggressivo e persistente.
data/images_flat/2020-2021_Trentingrana__VI bimestre__28° Seduta_31-03-2021__P6_TN_330_326_FETTA_A.bmp,Aroma,Aroma aggressivo e persistente.,Il formaggio ha un aroma aggressivo e persistente.
data/images_flat/2020-2021_Trentingrana__VI bimestre__28° Seduta_31-03-2021__P4_TN_319_123_FETTA_A.bmp,Aroma,Aroma di crosta cotta.,Il formaggio ha un aroma di crosta cotta.
data/images_flat/2020-2021_Trentingrana__VI bimestre__28° Seduta_31-03-2021__P4_TN_319_123_FETTA_A.bmp,Aroma,Aroma non equilibrato.,Il formaggio ha un aroma non equilibrato.
data/images_flat/2020-2021_Trentingrana__VI bimestre__28° Seduta_31-03-2021__P3_TN_314_456_FETTA_B.bmp,Aroma,Aroma con leggera ossidazione.,Il formaggio ha un aroma con leggera ossidazione.
data/images_flat/2020-2021_Trentingrana__VI bimestre__28° Seduta_31-03-2021__P4_TN_319_123_FETTA_B.bmp,Aroma,Aroma di crosta cotta.,Il formaggio ha un aroma di crosta cotta.
data/images_flat/2020-2021_Trentingrana__VI bimestre__28° Seduta_31-03-2021__P4_TN_319_123_FETTA_B.bmp,Aroma,Aroma non equilibrato.,Il formaggio ha un aroma non equilibrato.
data/images_flat/2020-2021_Trentingrana__VI bimestre__28° Seduta_31-03-2021__P3_TN_314_456_FETTA_A.bmp,Aroma,Aroma con leggera ossidazione.,Il formaggio ha un aroma con leggera ossidazione.
data/images_flat/2020-2021_Trentingrana__VI bimestre__28° Seduta_31-03-2021__P4_TN_319_123_GRANA_A.bmp,Aroma,Aroma di crosta cotta.,Il formaggio ha un aroma di crosta cotta.
data/images_flat/2020-2021_Trentingrana__VI bimestre__28° Seduta_31-03-2021__P4_TN_319_123_GRANA_A.bmp,Aroma,Aroma non equilibrato.,Il formaggio ha un aroma non equilibrato.
data/images_flat/2020-2021_Trentingrana__VI bimestre__28° Seduta_31-03-2021__P3_TN_314_456_GRANA_B.bmp,Aroma,Aroma con leggera ossidazione.,Il formaggio ha un aroma con leggera ossidazione.
data/images_flat/2020-2021_Trentingrana__VI bimestre__28° Seduta_31-03-2021__P4_TN_319_123_GRANA_B.bmp,Aroma,Aroma di crosta cotta.,Il formaggio ha un aroma di crosta cotta.
data/images_flat/2020-2021_Trentingrana__VI bimestre__28° Seduta_31-03-2021__P4_TN_319_123_GRANA_B.bmp,Aroma,Aroma non equilibrato.,Il formaggio ha un aroma non equilibrato.
data/images_flat/2020-2021_Trentingrana__VI bimestre__28° Seduta_31-03-2021__P3_TN_314_456_GRANA_A.bmp,Aroma,Aroma con leggera ossidazione.,Il formaggio ha un aroma con leggera ossidazione.
data/images_flat/2020-2021_Trentingrana__VI bimestre__28° Seduta_31-03-2021__P6_TN_330_326_GRANA_B.bmp,Aroma,Aroma aggressivo e persistente.,Il formaggio ha un aroma aggressivo e persistente.
data/images_flat/2020-2021_Trentingrana__VI bimestre__28° Seduta_31-03-2021__P6_TN_330_326_GRANA_A.bmp,Aroma,Aroma aggressivo e persistente.,Il formaggio ha un aroma aggressivo e persistente.
data/images_flat/2020-2021_Trentingrana__VI bimestre__26°Seduta_17-03-2021__Cambio colore grana__P2_TN_310_437_GRANA_B_2.bmp,Aroma,Aroma con leggero sentore finale di stalla.,Il formaggio ha un aroma con leggero sentore finale di stalla.
data/images_flat/2020-2021_Trentingrana__VI bimestre__26°Seduta_17-03-2021__Cambio colore grana__P2_TN_310_437_GRANA_B_1.bmp,Aroma,Aroma con leggero sentore finale di stalla.,Il formaggio ha un aroma con leggero sentore finale di stalla.
data/images_flat/2020-2021_Trentingrana__VI bimestre__26°Seduta_17-03-2021__Cambio colore grana__P2_TN_310_437_GRANA_A_2.bmp,Aroma,Aroma con leggero sentore finale di stalla.,Il formaggio ha un aroma con leggero sentore finale di stalla.
data/images_flat/2020-2021_Trentingrana__VI bimestre__26°Seduta_17-03-2021__Cambio colore grana__P2_TN_310_437_GRANA_A_1.bmp,Aroma,Aroma con leggero sentore finale di stalla.,Il formaggio ha un aroma con leggero sentore finale di stalla.
data/images_flat/2020-2021_Trentingrana__III bimestre__16°Seduta_18-12-2020__P4_TN323_813_GRANA_A.bmp,Aroma,Aroma persistente.,Il formaggio ha un aroma persistente.
data/images_flat/2020-2021_Trentingrana__III bimestre__16°Seduta_18-12-2020__P4_TN323_813_GRANA_B.bmp,Aroma,Aroma persistente.,Il formaggio ha un aroma persistente.
data/images_flat/2020-2021_Trentingrana__III bimestre__16°Seduta_18-12-2020__P3_TN319_637_FETTA_A.bmp,Aroma,Aroma non piacevole e persistente.,Il formaggio ha un aroma non piacevole e persistente.
data/images_flat/2020-2021_Trentingrana__III bimestre__16°Seduta_18-12-2020__P3_TN319_637_FETTA_B.bmp,Aroma,Aroma non piacevole e persistente.,Il formaggio ha un aroma non piacevole e persistente.
data/images_flat/2020-2021_Trentingrana__III bimestre__16°Seduta_18-12-2020__P3_TN319_637_GRANA_A.bmp,Aroma,Aroma non piacevole e persistente.,Il formaggio ha un aroma non piacevole e persistente.
data/images_flat/2020-2021_Trentingrana__III bimestre__16°Seduta_18-12-2020__P3_TN319_637_GRANA_B.bmp,Aroma,Aroma non piacevole e persistente.,Il formaggio ha un aroma non piacevole e persistente.
data/images_flat/2020-2021_Trentingrana__III bimestre__16°Seduta_18-12-2020__P4_TN323_813_FETTA_A.bmp,Aroma,Aroma persistente.,Il formaggio ha un aroma persistente.
data/images_flat/2020-2021_Trentingrana__III bimestre__16°Seduta_18-12-2020__P4_TN323_813_FETTA_B.bmp,Aroma,Aroma persistente.,Il formaggio ha un aroma persistente.
data/images_flat/2020-2021_Trentingrana__III bimestre__14°Seduta_09-12-2020__P1_TN302_390_GRANA_A.bmp,Aroma,Aroma molto leggero.,Il formaggio ha un aroma molto leggero.
data/images_flat/2020-2021_Trentingrana__III bimestre__14°Seduta_09-12-2020__P1_TN302_390_GRANA_B.bmp,Aroma,Aroma molto leggero.,Il formaggio ha un aroma molto leggero.
data/images_flat/2020-2021_Trentingrana__III bimestre__14°Seduta_09-12-2020__P3_TN311_554_FETTA_A.bmp,Aroma,Aroma con nota citrica.,Il formaggio ha un aroma con nota citrica.
data/images_flat/2020-2021_Trentingrana__III bimestre__14°Seduta_09-12-2020__P3_TN311_554_FETTA_A.bmp,Aroma,Aroma di cioccolata.,Il formaggio ha un aroma di cioccolata.
data/images_flat/2020-2021_Trentingrana__III bimestre__14°Seduta_09-12-2020__P4_TN319_236_FETTA_B.bmp,Aroma,Aroma di nocciola piacevole.,Il formaggio ha un aroma di nocciola piacevole.
data/images_flat/2020-2021_Trentingrana__III bimestre__14°Seduta_09-12-2020__P3_TN311_554_FETTA_B.bmp,Aroma,Aroma con nota citrica.,Il formaggio ha un aroma con nota citrica.
data/images_flat/2020-2021_Trentingrana__III bimestre__14°Seduta_09-12-2020__P3_TN311_554_FETTA_B.bmp,Aroma,Aroma di cioccolata.,Il formaggio ha un aroma di cioccolata.
data/images_flat/2020-2021_Trentingrana__III bimestre__14°Seduta_09-12-2020__P4_TN319_236_FETTA_A.bmp,Aroma,Aroma di nocciola piacevole.,Il formaggio ha un aroma di nocciola piacevole.
data/images_flat/2020-2021_Trentingrana__III bimestre__14°Seduta_09-12-2020__P2_TN305_463_GRANA_B.bmp,Aroma,Aroma molto leggero.,Il formaggio ha un aroma molto leggero.
data/images_flat/2020-2021_Trentingrana__III bimestre__14°Seduta_09-12-2020__P2_TN305_463_GRANA_A.bmp,Aroma,Aroma molto leggero.,Il formaggio ha un aroma molto leggero.
data/images_flat/2020-2021_Trentingrana__III bimestre__14°Seduta_09-12-2020__P5_TN323_718_FETTA_B.bmp,Aroma,"Aroma di funghi, non gradevole e lieve.","Il formaggio ha un aroma di funghi, non gradevole e lieve."
data/images_flat/2020-2021_Trentingrana__III bimestre__14°Seduta_09-12-2020__P5_TN323_718_FETTA_B.bmp,Aroma,Aroma medio.,Il formaggio ha un aroma medio.
data/images_flat/2020-2021_Trentingrana__III bimestre__14°Seduta_09-12-2020__P6_TN_330_435_FETTA_B.bmp,Aroma,Aroma lieve.,Il formaggio ha un aroma lieve.
data/images_flat/2020-2021_Trentingrana__III bimestre__14°Seduta_09-12-2020__P5_TN323_718_FETTA_A.bmp,Aroma,"Aroma di funghi, non gradevole e lieve.","Il formaggio ha un aroma di funghi, non gradevole e lieve."
data/images_flat/2020-2021_Trentingrana__III bimestre__14°Seduta_09-12-2020__P5_TN323_718_FETTA_A.bmp,Aroma,Aroma medio.,Il formaggio ha un aroma medio.
data/images_flat/2020-2021_Trentingrana__III bimestre__14°Seduta_09-12-2020__P6_TN_330_435_FETTA_A.bmp,Aroma,Aroma lieve.,Il formaggio ha un aroma lieve.
data/images_flat/2020-2021_Trentingrana__III bimestre__14°Seduta_09-12-2020__P5_TN323_718_GRANA_B.bmp,Aroma,"Aroma di funghi, non gradevole e lieve.","Il formaggio ha un aroma di funghi, non gradevole e lieve."
data/images_flat/2020-2021_Trentingrana__III bimestre__14°Seduta_09-12-2020__P5_TN323_718_GRANA_B.bmp,Aroma,Aroma medio.,Il formaggio ha un aroma medio.
data/images_flat/2020-2021_Trentingrana__III bimestre__14°Seduta_09-12-2020__P6_TN_330_435_GRANA_B.bmp,Aroma,Aroma lieve.,Il formaggio ha un aroma lieve.
data/images_flat/2020-2021_Trentingrana__III bimestre__14°Seduta_09-12-2020__P5_TN323_718_GRANA_A.bmp,Aroma,"Aroma di funghi, non gradevole e lieve.","Il formaggio ha un aroma di funghi, non gradevole e lieve."
data/images_flat/2020-2021_Trentingrana__III bimestre__14°Seduta_09-12-2020__P5_TN323_718_GRANA_A.bmp,Aroma,Aroma medio.,Il formaggio ha un aroma medio.
data/images_flat/2020-2021_Trentingrana__III bimestre__14°Seduta_09-12-2020__P6_TN_330_435_GRANA_A.bmp,Aroma,Aroma lieve.,Il formaggio ha un aroma lieve.
data/images_flat/2020-2021_Trentingrana__III bimestre__14°Seduta_09-12-2020__P2_TN305_463_FETTA_B.bmp,Aroma,Aroma molto leggero.,Il formaggio ha un aroma molto leggero.
data/images_flat/2020-2021_Trentingrana__III bimestre__14°Seduta_09-12-2020__P2_TN305_463_FETTA_A.bmp,Aroma,Aroma molto leggero.,Il formaggio ha un aroma molto leggero.
data/images_flat/2020-2021_Trentingrana__III bimestre__14°Seduta_09-12-2020__P3_TN311_554_GRANA_A.bmp,Aroma,Aroma con nota citrica.,Il formaggio ha un aroma con nota citrica.
data/images_flat/2020-2021_Trentingrana__III bimestre__14°Seduta_09-12-2020__P3_TN311_554_GRANA_A.bmp,Aroma,Aroma di cioccolata.,Il formaggio ha un aroma di cioccolata.
data/images_flat/2020-2021_Trentingrana__III bimestre__14°Seduta_09-12-2020__P4_TN319_236_GRANA_B.bmp,Aroma,Aroma di nocciola piacevole.,Il formaggio ha un aroma di nocciola piacevole.
data/images_flat/2020-2021_Trentingrana__III bimestre__14°Seduta_09-12-2020__P3_TN311_554_GRANA_B.bmp,Aroma,Aroma con nota citrica.,Il formaggio ha un aroma con nota citrica.
data/images_flat/2020-2021_Trentingrana__III bimestre__14°Seduta_09-12-2020__P3_TN311_554_GRANA_B.bmp,Aroma,Aroma di cioccolata.,Il formaggio ha un aroma di cioccolata.
data/images_flat/2020-2021_Trentingrana__III bimestre__14°Seduta_09-12-2020__P4_TN319_236_GRANA_A.bmp,Aroma,Aroma di nocciola piacevole.,Il formaggio ha un aroma di nocciola piacevole.
data/images_flat/2020-2021_Trentingrana__III bimestre__14°Seduta_09-12-2020__P1_TN302_390_FETTA_A.bmp,Aroma,Aroma molto leggero.,Il formaggio ha un aroma molto leggero.
data/images_flat/2020-2021_Trentingrana__III bimestre__14°Seduta_09-12-2020__P1_TN302_390_FETTA_B.bmp,Aroma,Aroma molto leggero.,Il formaggio ha un aroma molto leggero.
data/images_flat/2020-2021_Trentingrana__III bimestre__11°Seduta_19-11-2020__P5_TN323_961a_Grana.bmp,Aroma,Aroma di polvere.,Il formaggio ha un aroma di polvere.
data/images_flat/2020-2021_Trentingrana__III bimestre__11°Seduta_19-11-2020__P2_TN305_337b_Grana.bmp,Aroma,Aroma di frutta secca con nota di mandorla amara.,Il formaggio ha un aroma di frutta secca con nota di mandorla amara.
data/images_flat/2020-2021_Trentingrana__III bimestre__11°Seduta_19-11-2020__P4_TN319_793a_Grana.bmp,Aroma,"Aroma con sentore non tipico del grana, simile a gorgonzola.","Il formaggio ha un aroma con sentore non tipico del grana, simile a gorgonzola."
data/images_flat/2020-2021_Trentingrana__III bimestre__11°Seduta_19-11-2020__P1_TN302_159b_fetta.bmp,Aroma,Aroma di acciuga e salamoia leggeri.,Il formaggio ha un aroma di acciuga e salamoia leggeri.
data/images_flat/2020-2021_Trentingrana__III bimestre__11°Seduta_19-11-2020__P2_TN305_337a_fetta.bmp,Aroma,Aroma di frutta secca con nota di mandorla amara.,Il formaggio ha un aroma di frutta secca con nota di mandorla amara.
data/images_flat/2020-2021_Trentingrana__III bimestre__11°Seduta_19-11-2020__P5_TN323_961b_fetta.bmp,Aroma,Aroma di polvere.,Il formaggio ha un aroma di polvere.
data/images_flat/2020-2021_Trentingrana__III bimestre__11°Seduta_19-11-2020__P1_TN302_159a_Grana.bmp,Aroma,Aroma di acciuga e salamoia leggeri.,Il formaggio ha un aroma di acciuga e salamoia leggeri.
data/images_flat/2020-2021_Trentingrana__III bimestre__11°Seduta_19-11-2020__P4_TN319_793b_fetta.bmp,Aroma,"Aroma con sentore non tipico del grana, simile a gorgonzola.","Il formaggio ha un aroma con sentore non tipico del grana, simile a gorgonzola."
data/images_flat/2020-2021_Trentingrana__III bimestre__11°Seduta_19-11-2020__P2_TN305_337b_fetta.bmp,Aroma,Aroma di frutta secca con nota di mandorla amara.,Il formaggio ha un aroma di frutta secca con nota di mandorla amara.
data/images_flat/2020-2021_Trentingrana__III bimestre__11°Seduta_19-11-2020__P5_TN323_961a_fetta.bmp,Aroma,Aroma di polvere.,Il formaggio ha un aroma di polvere.
data/images_flat/2020-2021_Trentingrana__III bimestre__11°Seduta_19-11-2020__P1_TN302_159b_Grana.bmp,Aroma,Aroma di acciuga e salamoia leggeri.,Il formaggio ha un aroma di acciuga e salamoia leggeri.
data/images_flat/2020-2021_Trentingrana__III bimestre__11°Seduta_19-11-2020__P4_TN319_793a_fetta.bmp,Aroma,"Aroma con sentore non tipico del grana, simile a gorgonzola.","Il formaggio ha un aroma con sentore non tipico del grana, simile a gorgonzola."
data/images_flat/2020-2021_Trentingrana__III bimestre__11°Seduta_19-11-2020__P5_TN323_961b_Grana.bmp,Aroma,Aroma di polvere.,Il formaggio ha un aroma di polvere.
data/images_flat/2020-2021_Trentingrana__III bimestre__11°Seduta_19-11-2020__P2_TN305_337a_Grana.bmp,Aroma,Aroma di frutta secca con nota di mandorla amara.,Il formaggio ha un aroma di frutta secca con nota di mandorla amara.
data/images_flat/2020-2021_Trentingrana__III bimestre__11°Seduta_19-11-2020__P4_TN319_793b_Grana.bmp,Aroma,"Aroma con sentore non tipico del grana, simile a gorgonzola.","Il formaggio ha un aroma con sentore non tipico del grana, simile a gorgonzola."
data/images_flat/2020-2021_Trentingrana__III bimestre__11°Seduta_19-11-2020__P1_TN302_159a_fetta.bmp,Aroma,Aroma di acciuga e salamoia leggeri.,Il formaggio ha un aroma di acciuga e salamoia leggeri.
data/images_flat/2020-2021_Trentingrana__III bimestre__12°Seduta_25-11-2020___P1_TN305_909_FETTA_A.bmp,Aroma,Aroma di buona intensità.,Il formaggio ha un aroma di buona intensità.
data/images_flat/2020-2021_Trentingrana__III bimestre__12°Seduta_25-11-2020___P1_TN305_909_FETTA_B.bmp,Aroma,Aroma di buona intensità.,Il formaggio ha un aroma di buona intensità.
data/images_flat/2020-2021_Trentingrana__III bimestre__12°Seduta_25-11-2020___P1_TN305_909_GRANA_A.bmp,Aroma,Aroma di buona intensità.,Il formaggio ha un aroma di buona intensità.
data/images_flat/2020-2021_Trentingrana__III bimestre__12°Seduta_25-11-2020___P1_TN305_909_GRANA_B.bmp,Aroma,Aroma di buona intensità.,Il formaggio ha un aroma di buona intensità.
data/images_flat/2020-2021_Trentingrana__III bimestre__15°Seduta_16-12-2020__P1_TN304_481_FETTA_B.bmp,Aroma,Aroma con sentore sgradevole.,Il formaggio ha un aroma con sentore sgradevole.
data/images_flat/2020-2021_Trentingrana__III bimestre__15°Seduta_16-12-2020__P1_TN304_481_FETTA_A.bmp,Aroma,Aroma con sentore sgradevole.,Il formaggio ha un aroma con sentore sgradevole.
data/images_flat/2020-2021_Trentingrana__III bimestre__15°Seduta_16-12-2020__P6_TN338_643_GRANA_B.bmp,Aroma,Aroma dolciastro indefinibile e sgradevole.,Il formaggio ha un aroma dolciastro indefinibile e sgradevole.
data/images_flat/2020-2021_Trentingrana__III bimestre__15°Seduta_16-12-2020__P6_TN338_643_GRANA_B.bmp,Aroma,Aroma di dado e glutammato.,Il formaggio ha un aroma di dado e glutammato.
data/images_flat/2020-2021_Trentingrana__III bimestre__15°Seduta_16-12-2020__P6_TN338_643_GRANA_B.bmp,Aroma,Aroma di caramello.,Il formaggio ha un aroma di caramello.
data/images_flat/2020-2021_Trentingrana__III bimestre__15°Seduta_16-12-2020__P6_TN338_643_GRANA_B.bmp,Aroma,Aroma non tipico del grana.,Il formaggio ha un aroma non tipico del grana.
data/images_flat/2020-2021_Trentingrana__III bimestre__15°Seduta_16-12-2020__P6_TN338_643_GRANA_A.bmp,Aroma,Aroma dolciastro indefinibile e sgradevole.,Il formaggio ha un aroma dolciastro indefinibile e sgradevole.
data/images_flat/2020-2021_Trentingrana__III bimestre__15°Seduta_16-12-2020__P6_TN338_643_GRANA_A.bmp,Aroma,Aroma di dado e glutammato.,Il formaggio ha un aroma di dado e glutammato.
data/images_flat/2020-2021_Trentingrana__III bimestre__15°Seduta_16-12-2020__P6_TN338_643_GRANA_A.bmp,Aroma,Aroma di caramello.,Il formaggio ha un aroma di caramello.
data/images_flat/2020-2021_Trentingrana__III bimestre__15°Seduta_16-12-2020__P6_TN338_643_GRANA_A.bmp,Aroma,Aroma non tipico del grana.,Il formaggio ha un aroma non tipico del grana.
data/images_flat/2020-2021_Trentingrana__III bimestre__15°Seduta_16-12-2020__P5_TN328_169_GRANA_B.bmp,Aroma,Aroma amaro.,Il formaggio ha un aroma amaro.
data/images_flat/2020-2021_Trentingrana__III bimestre__15°Seduta_16-12-2020__P3_TN314_525_FETTA_A.bmp,Aroma,Aroma non piacevole con persistenza.,Il formaggio ha un aroma non piacevole con persistenza.
data/images_flat/2020-2021_Trentingrana__III bimestre__15°Seduta_16-12-2020__P2_TN311_203_GRANA_B.bmp,Aroma,Aroma leggermente acido.,Il formaggio ha un aroma leggermente acido.
data/images_flat/2020-2021_Trentingrana__III bimestre__15°Seduta_16-12-2020__P2_TN311_203_GRANA_B.bmp,Aroma,Aroma bruciato.,Il formaggio ha un aroma bruciato.
data/images_flat/2020-2021_Trentingrana__III bimestre__15°Seduta_16-12-2020__P5_TN328_169_GRANA_A.bmp,Aroma,Aroma amaro.,Il formaggio ha un aroma amaro.
data/images_flat/2020-2021_Trentingrana__III bimestre__15°Seduta_16-12-2020__P3_TN314_525_GRANA+FETTA_B.bmp,Aroma,Aroma non piacevole con persistenza.,Il formaggio ha un aroma non piacevole con persistenza.
data/images_flat/2020-2021_Trentingrana__III bimestre__15°Seduta_16-12-2020__P3_TN314_525_FETTA_B.bmp,Aroma,Aroma non piacevole con persistenza.,Il formaggio ha un aroma non piacevole con persistenza.
data/images_flat/2020-2021_Trentingrana__III bimestre__15°Seduta_16-12-2020__P2_TN311_203_GRANA_A.bmp,Aroma,Aroma leggermente acido.,Il formaggio ha un aroma leggermente acido.
data/images_flat/2020-2021_Trentingrana__III bimestre__15°Seduta_16-12-2020__P2_TN311_203_GRANA_A.bmp,Aroma,Aroma bruciato.,Il formaggio ha un aroma bruciato.
data/images_flat/2020-2021_Trentingrana__III bimestre__15°Seduta_16-12-2020__P5_TN328_169_FETTA_B.bmp,Aroma,Aroma amaro.,Il formaggio ha un aroma amaro.
data/images_flat/2020-2021_Trentingrana__III bimestre__15°Seduta_16-12-2020__P3_TN314_525_GRANA_A.bmp,Aroma,Aroma non piacevole con persistenza.,Il formaggio ha un aroma non piacevole con persistenza.
data/images_flat/2020-2021_Trentingrana__III bimestre__15°Seduta_16-12-2020__P2_TN311_203_FETTA_B.bmp,Aroma,Aroma leggermente acido.,Il formaggio ha un aroma leggermente acido.
data/images_flat/2020-2021_Trentingrana__III bimestre__15°Seduta_16-12-2020__P2_TN311_203_FETTA_B.bmp,Aroma,Aroma bruciato.,Il formaggio ha un aroma bruciato.
data/images_flat/2020-2021_Trentingrana__III bimestre__15°Seduta_16-12-2020__P5_TN328_169_FETTA_A.bmp,Aroma,Aroma amaro.,Il formaggio ha un aroma amaro.
data/images_flat/2020-2021_Trentingrana__III bimestre__15°Seduta_16-12-2020__P3_TN314_525_GRANA_B.bmp,Aroma,Aroma non piacevole con persistenza.,Il formaggio ha un aroma non piacevole con persistenza.
data/images_flat/2020-2021_Trentingrana__III bimestre__15°Seduta_16-12-2020__P2_TN311_203_FETTA_A.bmp,Aroma,Aroma leggermente acido.,Il formaggio ha un aroma leggermente acido.
data/images_flat/2020-2021_Trentingrana__III bimestre__15°Seduta_16-12-2020__P2_TN311_203_FETTA_A.bmp,Aroma,Aroma bruciato.,Il formaggio ha un aroma bruciato.
data/images_flat/2020-2021_Trentingrana__III bimestre__15°Seduta_16-12-2020__P6_TN338_643_FETTA_B.bmp,Aroma,Aroma dolciastro indefinibile e sgradevole.,Il formaggio ha un aroma dolciastro indefinibile e sgradevole.
data/images_flat/2020-2021_Trentingrana__III bimestre__15°Seduta_16-12-2020__P6_TN338_643_FETTA_B.bmp,Aroma,Aroma di dado e glutammato.,Il formaggio ha un aroma di dado e glutammato.
data/images_flat/2020-2021_Trentingrana__III bimestre__15°Seduta_16-12-2020__P6_TN338_643_FETTA_B.bmp,Aroma,Aroma di caramello.,Il formaggio ha un aroma di caramello.
data/images_flat/2020-2021_Trentingrana__III bimestre__15°Seduta_16-12-2020__P6_TN338_643_FETTA_B.bmp,Aroma,Aroma non tipico del grana.,Il formaggio ha un aroma non tipico del grana.
data/images_flat/2020-2021_Trentingrana__III bimestre__15°Seduta_16-12-2020__P6_TN338_643_FETTA_A.bmp,Aroma,Aroma dolciastro indefinibile e sgradevole.,Il formaggio ha un aroma dolciastro indefinibile e sgradevole.
data/images_flat/2020-2021_Trentingrana__III bimestre__15°Seduta_16-12-2020__P6_TN338_643_FETTA_A.bmp,Aroma,Aroma di dado e glutammato.,Il formaggio ha un aroma di dado e glutammato.
data/images_flat/2020-2021_Trentingrana__III bimestre__15°Seduta_16-12-2020__P6_TN338_643_FETTA_A.bmp,Aroma,Aroma di caramello.,Il formaggio ha un aroma di caramello.
data/images_flat/2020-2021_Trentingrana__III bimestre__15°Seduta_16-12-2020__P6_TN338_643_FETTA_A.bmp,Aroma,Aroma non tipico del grana.,Il formaggio ha un aroma non tipico del grana.
data/images_flat/2020-2021_Trentingrana__III bimestre__15°Seduta_16-12-2020__P1_TN304_481_GRANA_B.bmp,Aroma,Aroma con sentore sgradevole.,Il formaggio ha un aroma con sentore sgradevole.
data/images_flat/2020-2021_Trentingrana__III bimestre__15°Seduta_16-12-2020__P1_TN304_481_GRANA_A.bmp,Aroma,Aroma con sentore sgradevole.,Il formaggio ha un aroma con sentore sgradevole.
data/images_flat/2020-2021_Trentingrana__IV bimestre__19°Seduta_27-01-2021__P6_TN328_961_FETTA_A.bmp,Aroma,Aroma di castagne.,Il formaggio ha un aroma di castagne.
data/images_flat/2020-2021_Trentingrana__IV bimestre__19°Seduta_27-01-2021__P6_TN328_961_FETTA_B.bmp,Aroma,Aroma di castagne.,Il formaggio ha un aroma di castagne.
data/images_flat/2020-2021_Trentingrana__IV bimestre__19°Seduta_27-01-2021__P2_TN307_123_FETTA_B.bmp,Aroma,Aroma con nota di sapone strana.,Il formaggio ha un aroma con nota di sapone strana.
data/images_flat/2020-2021_Trentingrana__IV bimestre__19°Seduta_27-01-2021__P2_TN307_123_FETTA_A.bmp,Aroma,Aroma con nota di sapone strana.,Il formaggio ha un aroma con nota di sapone strana.
data/images_flat/2020-2021_Trentingrana__IV bimestre__19°Seduta_27-01-2021__P4_TN319_369_FETTA_A.bmp,Aroma,Aroma di ananas e banana non tipici.,Il formaggio ha un aroma di ananas e banana non tipici.
data/images_flat/2020-2021_Trentingrana__IV bimestre__19°Seduta_27-01-2021__P4_TN319_369_FETTA_A.bmp,Aroma,Aroma di burro fuso.,Il formaggio ha un aroma di burro fuso.
data/images_flat/2020-2021_Trentingrana__IV bimestre__19°Seduta_27-01-2021__P4_TN319_369_FETTA_B.bmp,Aroma,Aroma di ananas e banana non tipici.,Il formaggio ha un aroma di ananas e banana non tipici.
data/images_flat/2020-2021_Trentingrana__IV bimestre__19°Seduta_27-01-2021__P4_TN319_369_FETTA_B.bmp,Aroma,Aroma di burro fuso.,Il formaggio ha un aroma di burro fuso.
data/images_flat/2020-2021_Trentingrana__IV bimestre__19°Seduta_27-01-2021__P4_TN319_369_GRANA_A.bmp,Aroma,Aroma di ananas e banana non tipici.,Il formaggio ha un aroma di ananas e banana non tipici.
data/images_flat/2020-2021_Trentingrana__IV bimestre__19°Seduta_27-01-2021__P4_TN319_369_GRANA_A.bmp,Aroma,Aroma di burro fuso.,Il formaggio ha un aroma di burro fuso.
data/images_flat/2020-2021_Trentingrana__IV bimestre__19°Seduta_27-01-2021__P4_TN319_369_GRANA_B.bmp,Aroma,Aroma di ananas e banana non tipici.,Il formaggio ha un aroma di ananas e banana non tipici.
data/images_flat/2020-2021_Trentingrana__IV bimestre__19°Seduta_27-01-2021__P4_TN319_369_GRANA_B.bmp,Aroma,Aroma di burro fuso.,Il formaggio ha un aroma di burro fuso.
data/images_flat/2020-2021_Trentingrana__IV bimestre__19°Seduta_27-01-2021__P2_TN307_123_GRANA_B.bmp,Aroma,Aroma con nota di sapone strana.,Il formaggio ha un aroma con nota di sapone strana.
data/images_flat/2020-2021_Trentingrana__IV bimestre__19°Seduta_27-01-2021__P2_TN307_123_GRANA_A.bmp,Aroma,Aroma con nota di sapone strana.,Il formaggio ha un aroma con nota di sapone strana.
data/images_flat/2020-2021_Trentingrana__IV bimestre__19°Seduta_27-01-2021__P6_TN328_961_GRANA_A.bmp,Aroma,Aroma di castagne.,Il formaggio ha un aroma di castagne.
data/images_flat/2020-2021_Trentingrana__IV bimestre__19°Seduta_27-01-2021__P6_TN328_961_GRANA_B.bmp,Aroma,Aroma di castagne.,Il formaggio ha un aroma di castagne.
data/images_flat/2020-2021_Trentingrana__IV bimestre__21°Seduta_10-02-2021__P3_TN307_156_GRANA_B.bmp,Aroma,Aroma grasso.,Il formaggio ha un aroma grasso.
data/images_flat/2020-2021_Trentingrana__IV bimestre__21°Seduta_10-02-2021__P3_TN307_156_GRANA_A.bmp,Aroma,Aroma grasso.,Il formaggio ha un aroma grasso.
data/images_flat/2020-2021_Trentingrana__IV bimestre__21°Seduta_10-02-2021__P3_TN307_156_FETTA_B.bmp,Aroma,Aroma grasso.,Il formaggio ha un aroma grasso.
data/images_flat/2020-2021_Trentingrana__IV bimestre__21°Seduta_10-02-2021__P3_TN307_156_FETTA_A.bmp,Aroma,Aroma grasso.,Il formaggio ha un aroma grasso.
data/images_flat/2020-2021_Trentingrana__IV bimestre__20° Seduta_03-02-2021__P4_TN316_885_FETTA_B.bmp,Aroma,Aroma di burro cotto.,Il formaggio ha un aroma di burro cotto.
data/images_flat/2020-2021_Trentingrana__IV bimestre__20° Seduta_03-02-2021__P5_TN323_413_GRANA_B.bmp,Aroma,Aroma di buona intensità.,Il formaggio ha un aroma di buona intensità.
data/images_flat/2020-2021_Trentingrana__IV bimestre__20° Seduta_03-02-2021__P4_TN316_885_FETTA_A.bmp,Aroma,Aroma di burro cotto.,Il formaggio ha un aroma di burro cotto.
data/images_flat/2020-2021_Trentingrana__IV bimestre__20° Seduta_03-02-2021__P5_TN323_413_GRANA_A.bmp,Aroma,Aroma di buona intensità.,Il formaggio ha un aroma di buona intensità.
data/images_flat/2020-2021_Trentingrana__IV bimestre__20° Seduta_03-02-2021__P5_TN323_413_FETTA_B.bmp,Aroma,Aroma di buona intensità.,Il formaggio ha un aroma di buona intensità.
data/images_flat/2020-2021_Trentingrana__IV bimestre__20° Seduta_03-02-2021__P4_TN316_885_GRANA_B.bmp,Aroma,Aroma di burro cotto.,Il formaggio ha un aroma di burro cotto.
data/images_flat/2020-2021_Trentingrana__IV bimestre__20° Seduta_03-02-2021__P5_TN323_413_FETTA_A.bmp,Aroma,Aroma di buona intensità.,Il formaggio ha un aroma di buona intensità.
data/images_flat/2020-2021_Trentingrana__IV bimestre__20° Seduta_03-02-2021__P4_TN316_885_GRANA_A.bmp,Aroma,Aroma di burro cotto.,Il formaggio ha un aroma di burro cotto.
data/images_flat/2020-2021_Trentingrana__IV bimestre__18°Seduta_20-01-2021__P2_TN306_373_FETTA_A.bmp,Aroma,Aroma di fumo.,Il formaggio ha un aroma di fumo.
data/images_flat/2020-2021_Trentingrana__IV bimestre__18°Seduta_20-01-2021__P2_TN306_373_FETTA_B.bmp,Aroma,Aroma di fumo.,Il formaggio ha un aroma di fumo.
data/images_flat/2020-2021_Trentingrana__IV bimestre__18°Seduta_20-01-2021__P6_TN330_681_FETTA_A.bmp,Aroma,Aroma anonimo.,Il formaggio ha un aroma anonimo.
data/images_flat/2020-2021_Trentingrana__IV bimestre__18°Seduta_20-01-2021__P1_TN302_591_GRANA_A.bmp,Aroma,Aroma molto leggero.,Il formaggio ha un aroma molto leggero.
data/images_flat/2020-2021_Trentingrana__IV bimestre__18°Seduta_20-01-2021__P6_TN330_681_FETTA_B.bmp,Aroma,Aroma anonimo.,Il formaggio ha un aroma anonimo.
data/images_flat/2020-2021_Trentingrana__IV bimestre__18°Seduta_20-01-2021__P1_TN302_591_GRANA_B.bmp,Aroma,Aroma molto leggero.,Il formaggio ha un aroma molto leggero.
data/images_flat/2020-2021_Trentingrana__IV bimestre__18°Seduta_20-01-2021__P6_TN330_681_GRANA_A.bmp,Aroma,Aroma anonimo.,Il formaggio ha un aroma anonimo.
data/images_flat/2020-2021_Trentingrana__IV bimestre__18°Seduta_20-01-2021__P1_TN302_591_FETTA_A.bmp,Aroma,Aroma molto leggero.,Il formaggio ha un aroma molto leggero.
data/images_flat/2020-2021_Trentingrana__IV bimestre__18°Seduta_20-01-2021__P6_TN330_681_GRANA_B.bmp,Aroma,Aroma anonimo.,Il formaggio ha un aroma anonimo.
data/images_flat/2020-2021_Trentingrana__IV bimestre__18°Seduta_20-01-2021__P1_TN302_591_FETTA_B.bmp,Aroma,Aroma molto leggero.,Il formaggio ha un aroma molto leggero.
data/images_flat/2020-2021_Trentingrana__IV bimestre__18°Seduta_20-01-2021__P2_TN306_373_GRANA_A.bmp,Aroma,Aroma di fumo.,Il formaggio ha un aroma di fumo.
data/images_flat/2020-2021_Trentingrana__IV bimestre__18°Seduta_20-01-2021__P2_TN306_373_GRANA_B.bmp,Aroma,Aroma di fumo.,Il formaggio ha un aroma di fumo.
data/images_flat/2020-2021_Trentingrana__IV bimestre__17°Seduta_13-01-2021__P6_TN330_353_FETTA_B.bmp,Aroma,Aroma poco espressivo ma persistente.,Il formaggio ha un aroma poco espressivo ma persistente.
data/images_flat/2020-2021_Trentingrana__IV bimestre__17°Seduta_13-01-2021__P6_TN330_353_FETTA_A.bmp,Aroma,Aroma poco espressivo ma persistente.,Il formaggio ha un aroma poco espressivo ma persistente.
data/images_flat/2020-2021_Trentingrana__IV bimestre__17°Seduta_13-01-2021__P4_TN319_535_FETTA_B.bmp,Aroma,Aroma di burro cotto.,Il formaggio ha un aroma di burro cotto.
data/images_flat/2020-2021_Trentingrana__IV bimestre__17°Seduta_13-01-2021__P4_TN319_535_FETTA_A.bmp,Aroma,Aroma di burro cotto.,Il formaggio ha un aroma di burro cotto.
data/images_flat/2020-2021_Trentingrana__IV bimestre__17°Seduta_13-01-2021__P4_TN319_535_GRANA_B.bmp,Aroma,Aroma di burro cotto.,Il formaggio ha un aroma di burro cotto.
data/images_flat/2020-2021_Trentingrana__IV bimestre__17°Seduta_13-01-2021__P4_TN319_535_GRANA_A.bmp,Aroma,Aroma di burro cotto.,Il formaggio ha un aroma di burro cotto.
data/images_flat/2020-2021_Trentingrana__IV bimestre__17°Seduta_13-01-2021__P6_TN330_353_GRANA_B.bmp,Aroma,Aroma poco espressivo ma persistente.,Il formaggio ha un aroma poco espressivo ma persistente.
data/images_flat/2020-2021_Trentingrana__IV bimestre__17°Seduta_13-01-2021__P6_TN330_353_GRANA_A.bmp,Aroma,Aroma poco espressivo ma persistente.,Il formaggio ha un aroma poco espressivo ma persistente.
data/images_flat/2020-2021_Trentingrana__IV bimestre__20° Seduta_03-02-2021__Cambio_colore_grana_03_02_2021__P5_TN323_413_GRANA_B_1.bmp,Aroma,Aroma di buona intensità.,Il formaggio ha un aroma di buona intensità.
data/images_flat/2020-2021_Trentingrana__IV bimestre__20° Seduta_03-02-2021__Cambio_colore_grana_03_02_2021__P5_TN323_413_GRANA_B_0.bmp,Aroma,Aroma di buona intensità.,Il formaggio ha un aroma di buona intensità.
data/images_flat/2020-2021_Trentingrana__IV bimestre__20° Seduta_03-02-2021__Cambio_colore_grana_03_02_2021__P5_TN323_413_GRANA_B_2.bmp,Aroma,Aroma di buona intensità.,Il formaggio ha un aroma di buona intensità.
data/images_flat/2020-2021_Trentingrana__IV bimestre__20° Seduta_03-02-2021__Cambio_colore_grana_03_02_2021__P5_TN323_413_GRANA_A_0.bmp,Aroma,Aroma di buona intensità.,Il formaggio ha un aroma di buona intensità.
data/images_flat/2020-2021_Trentingrana__IV bimestre__20° Seduta_03-02-2021__Cambio_colore_grana_03_02_2021__P5_TN323_413_GRANA_A_1.bmp,Aroma,Aroma di buona intensità.,Il formaggio ha un aroma di buona intensità.
data/images_flat/2020-2021_Trentingrana__IV bimestre__20° Seduta_03-02-2021__Cambio_colore_grana_03_02_2021__P5_TN323_413_GRANA_A_2.bmp,Aroma,Aroma di buona intensità.,Il formaggio ha un aroma di buona intensità.
data/images_flat/2020-2021_Trentingrana__IV bimestre__20° Seduta_03-02-2021__Cambio_colore_grana_03_02_2021__P4_TN316_885_GRANA_A_0.bmp,Aroma,Aroma di burro cotto.,Il formaggio ha un aroma di burro cotto.
data/images_flat/2020-2021_Trentingrana__IV bimestre__20° Seduta_03-02-2021__Cambio_colore_grana_03_02_2021__P4_TN316_885_GRANA_A_1.bmp,Aroma,Aroma di burro cotto.,Il formaggio ha un aroma di burro cotto.
data/images_flat/2020-2021_Trentingrana__IV bimestre__20° Seduta_03-02-2021__Cambio_colore_grana_03_02_2021__P4_TN316_885_GRANA_A_2.bmp,Aroma,Aroma di burro cotto.,Il formaggio ha un aroma di burro cotto.
data/images_flat/2020-2021_Trentingrana__IV bimestre__20° Seduta_03-02-2021__Cambio_colore_grana_03_02_2021__P4_TN316_885_GRANA_B_1.bmp,Aroma,Aroma di burro cotto.,Il formaggio ha un aroma di burro cotto.
data/images_flat/2020-2021_Trentingrana__IV bimestre__20° Seduta_03-02-2021__Cambio_colore_grana_03_02_2021__P4_TN316_885_GRANA_B_0.bmp,Aroma,Aroma di burro cotto.,Il formaggio ha un aroma di burro cotto.
data/images_flat/2020-2021_Trentingrana__IV bimestre__20° Seduta_03-02-2021__Cambio_colore_grana_03_02_2021__P4_TN316_885_GRANA_B_2.bmp,Aroma,Aroma di burro cotto.,Il formaggio ha un aroma di burro cotto.
data/images_flat/2020-2021_Trentingrana__IV bimestre__21°Seduta_10-02-2021__Variazione_colore_grana_10_02_2021__P3_TN307_156_GRANA_A_1.bmp,Aroma,Aroma grasso.,Il formaggio ha un aroma grasso.
data/images_flat/2020-2021_Trentingrana__IV bimestre__21°Seduta_10-02-2021__Variazione_colore_grana_10_02_2021__P3_TN307_156_GRANA_A_0.bmp,Aroma,Aroma grasso.,Il formaggio ha un aroma grasso.
data/images_flat/2020-2021_Trentingrana__IV bimestre__21°Seduta_10-02-2021__Variazione_colore_grana_10_02_2021__P3_TN307_156_GRANA_A_2.bmp,Aroma,Aroma grasso.,Il formaggio ha un aroma grasso.
data/images_flat/2020-2021_Trentingrana__IV bimestre__21°Seduta_10-02-2021__Variazione_colore_grana_10_02_2021__P3_TN307_156_GRANA_B_0.bmp,Aroma,Aroma grasso.,Il formaggio ha un aroma grasso.
data/images_flat/2020-2021_Trentingrana__IV bimestre__21°Seduta_10-02-2021__Variazione_colore_grana_10_02_2021__P3_TN307_156_GRANA_B_1.bmp,Aroma,Aroma grasso.,Il formaggio ha un aroma grasso.
data/images_flat/2020-2021_Trentingrana__IV bimestre__21°Seduta_10-02-2021__Variazione_colore_grana_10_02_2021__P3_TN307_156_GRANA_B_2.bmp,Aroma,Aroma grasso.,Il formaggio ha un aroma grasso.
data/images_flat/2020-2021_Trentingrana__V bimestre__22° Seduta_17-02-2021__P3_TN319_993_FETTA_A.bmp,Aroma,Aroma di polvere.,Il formaggio ha un aroma di polvere.
data/images_flat/2020-2021_Trentingrana__V bimestre__22° Seduta_17-02-2021__P3_TN319_993_FETTA_B.bmp,Aroma,Aroma di polvere.,Il formaggio ha un aroma di polvere.
data/images_flat/2020-2021_Trentingrana__V bimestre__22° Seduta_17-02-2021__P6_TN338_621_FETTA_B.bmp,Aroma,Aroma complesso.,Il formaggio ha un aroma complesso.
data/images_flat/2020-2021_Trentingrana__V bimestre__22° Seduta_17-02-2021__P6_TN338_621_FETTA_A.bmp,Aroma,Aroma complesso.,Il formaggio ha un aroma complesso.
data/images_flat/2020-2021_Trentingrana__V bimestre__22° Seduta_17-02-2021__P2_TN316_543_FETTA_B.bmp,Aroma,Aroma di sale.,Il formaggio ha un aroma di sale.
data/images_flat/2020-2021_Trentingrana__V bimestre__22° Seduta_17-02-2021__P2_TN316_543_FETTA_B.bmp,Aroma,Aroma di pera.,Il formaggio ha un aroma di pera.
data/images_flat/2020-2021_Trentingrana__V bimestre__22° Seduta_17-02-2021__P2_TN316_543_FETTA_A.bmp,Aroma,Aroma di sale.,Il formaggio ha un aroma di sale.
data/images_flat/2020-2021_Trentingrana__V bimestre__22° Seduta_17-02-2021__P2_TN316_543_FETTA_A.bmp,Aroma,Aroma di pera.,Il formaggio ha un aroma di pera.
data/images_flat/2020-2021_Trentingrana__V bimestre__22° Seduta_17-02-2021__P5_TN330_413_FETTA_B.bmp,Aroma,Aroma molto poco percepibile.,Il formaggio ha un aroma molto poco percepibile.
data/images_flat/2020-2021_Trentingrana__V bimestre__22° Seduta_17-02-2021__P5_TN330_413_FETTA_A.bmp,Aroma,Aroma molto poco percepibile.,Il formaggio ha un aroma molto poco percepibile.
data/images_flat/2020-2021_Trentingrana__V bimestre__22° Seduta_17-02-2021__P5_TN330_413_GRANA_B.bmp,Aroma,Aroma molto poco percepibile.,Il formaggio ha un aroma molto poco percepibile.
data/images_flat/2020-2021_Trentingrana__V bimestre__22° Seduta_17-02-2021__P5_TN330_413_GRANA_A.bmp,Aroma,Aroma molto poco percepibile.,Il formaggio ha un aroma molto poco percepibile.
data/images_flat/2020-2021_Trentingrana__V bimestre__22° Seduta_17-02-2021__P2_TN316_543_GRANA_B.bmp,Aroma,Aroma di sale.,Il formaggio ha un aroma di sale.
data/images_flat/2020-2021_Trentingrana__V bimestre__22° Seduta_17-02-2021__P2_TN316_543_GRANA_B.bmp,Aroma,Aroma di pera.,Il formaggio ha un aroma di pera.
data/images_flat/2020-2021_Trentingrana__V bimestre__22° Seduta_17-02-2021__P2_TN316_543_GRANA_A.bmp,Aroma,Aroma di sale.,Il formaggio ha un aroma di sale.
data/images_flat/2020-2021_Trentingrana__V bimestre__22° Seduta_17-02-2021__P2_TN316_543_GRANA_A.bmp,Aroma,Aroma di pera.,Il formaggio ha un aroma di pera.
data/images_flat/2020-2021_Trentingrana__V bimestre__22° Seduta_17-02-2021__P6_TN338_621_GRANA_B.bmp,Aroma,Aroma complesso.,Il formaggio ha un aroma complesso.
data/images_flat/2020-2021_Trentingrana__V bimestre__22° Seduta_17-02-2021__P6_TN338_621_GRANA_A.bmp,Aroma,Aroma complesso.,Il formaggio ha un aroma complesso.
data/images_flat/2020-2021_Trentingrana__V bimestre__22° Seduta_17-02-2021__P3_TN319_993_GRANA_A.bmp,Aroma,Aroma di polvere.,Il formaggio ha un aroma di polvere.
data/images_flat/2020-2021_Trentingrana__V bimestre__22° Seduta_17-02-2021__P3_TN319_993_GRANA_B.bmp,Aroma,Aroma di polvere.,Il formaggio ha un aroma di polvere.
data/images_flat/2020-2021_Trentingrana__V bimestre__23° Seduta_24-02-2021__P6_TN319_551_GRANA_B.bmp,Aroma,Aroma non piacevole e persistente.,Il formaggio ha un aroma non piacevole e persistente.
data/images_flat/2020-2021_Trentingrana__V bimestre__23° Seduta_24-02-2021__P6_TN319_551_GRANA_A.bmp,Aroma,Aroma non piacevole e persistente.,Il formaggio ha un aroma non piacevole e persistente.
data/images_flat/2020-2021_Trentingrana__V bimestre__23° Seduta_24-02-2021__P3_TN305_101_FETTA_A.bmp,Aroma,Aroma di brodo vegetale dominante.,Il formaggio ha un aroma di brodo vegetale dominante.
data/images_flat/2020-2021_Trentingrana__V bimestre__23° Seduta_24-02-2021__P4_TN307_213_GRANA_B.bmp,Aroma,"Aroma giovane, poco evoluto.","Il formaggio ha un aroma giovane, poco evoluto."
data/images_flat/2020-2021_Trentingrana__V bimestre__23° Seduta_24-02-2021__P3_TN305_101_FETTA_B.bmp,Aroma,Aroma di brodo vegetale dominante.,Il formaggio ha un aroma di brodo vegetale dominante.
data/images_flat/2020-2021_Trentingrana__V bimestre__23° Seduta_24-02-2021__P4_TN307_213_GRANA_A.bmp,Aroma,"Aroma giovane, poco evoluto.","Il formaggio ha un aroma giovane, poco evoluto."
data/images_flat/2020-2021_Trentingrana__V bimestre__23° Seduta_24-02-2021__P3_TN305_101_GRANA_A.bmp,Aroma,Aroma di brodo vegetale dominante.,Il formaggio ha un aroma di brodo vegetale dominante.
data/images_flat/2020-2021_Trentingrana__V bimestre__23° Seduta_24-02-2021__P4_TN307_213_FETTA_B.bmp,Aroma,"Aroma giovane, poco evoluto.","Il formaggio ha un aroma giovane, poco evoluto."
data/images_flat/2020-2021_Trentingrana__V bimestre__23° Seduta_24-02-2021__P3_TN305_101_GRANA_B.bmp,Aroma,Aroma di brodo vegetale dominante.,Il formaggio ha un aroma di brodo vegetale dominante.
data/images_flat/2020-2021_Trentingrana__V bimestre__23° Seduta_24-02-2021__P4_TN307_213_FETTA_A.bmp,Aroma,"Aroma giovane, poco evoluto.","Il formaggio ha un aroma giovane, poco evoluto."
data/images_flat/2020-2021_Trentingrana__V bimestre__23° Seduta_24-02-2021__P6_TN319_551_FETTA_B.bmp,Aroma,Aroma non piacevole e persistente.,Il formaggio ha un aroma non piacevole e persistente.
data/images_flat/2020-2021_Trentingrana__V bimestre__23° Seduta_24-02-2021__P6_TN319_551_FETTA_A.bmp,Aroma,Aroma non piacevole e persistente.,Il formaggio ha un aroma non piacevole e persistente.
data/images_flat/2020-2021_Trentingrana__V bimestre__24° Seduta_03_02_2021__P5_TN323_815_FETTA_B.bmp,Aroma,Aroma di buona intensità.,Il formaggio ha un aroma di buona intensità.
data/images_flat/2020-2021_Trentingrana__V bimestre__24° Seduta_03_02_2021__P5_TN323_815_FETTA_A.bmp,Aroma,Aroma di buona intensità.,Il formaggio ha un aroma di buona intensità.
data/images_flat/2020-2021_Trentingrana__V bimestre__24° Seduta_03_02_2021__P5_TN323_815_GRANA_B.bmp,Aroma,Aroma di buona intensità.,Il formaggio ha un aroma di buona intensità.
data/images_flat/2020-2021_Trentingrana__V bimestre__24° Seduta_03_02_2021__P5_TN323_815_GRANA_A.bmp,Aroma,Aroma di buona intensità.,Il formaggio ha un aroma di buona intensità.
data/images_flat/2020-2021_Trentingrana__V bimestre__22° Seduta_17-02-2021__Variazione_colore_grana_17_02__P5_TN330_GRANA_A_2.bmp,Aroma,Aroma molto poco percepibile.,Il formaggio ha un aroma molto poco percepibile.
data/images_flat/2020-2021_Trentingrana__V bimestre__22° Seduta_17-02-2021__Variazione_colore_grana_17_02__P5_TN330_GRANA_A_1.bmp,Aroma,Aroma molto poco percepibile.,Il formaggio ha un aroma molto poco percepibile.
data/images_flat/2020-2021_Trentingrana__V bimestre__22° Seduta_17-02-2021__Variazione_colore_grana_17_02__P5_TN330_GRANA_B_2.bmp,Aroma,Aroma molto poco percepibile.,Il formaggio ha un aroma molto poco percepibile.
data/images_flat/2020-2021_Trentingrana__V bimestre__22° Seduta_17-02-2021__Variazione_colore_grana_17_02__P5_TN330_GRANA_B_1.bmp,Aroma,Aroma molto poco percepibile.,Il formaggio ha un aroma molto poco percepibile.
data/images_flat/2020-2021_Trentingrana__I bimestre__16-09-2020_3° Seduta__P6a_TN326_Fetta.bmp,Aroma,Aroma neutro.,Il formaggio ha un aroma neutro.
data/images_flat/2020-2021_Trentingrana__I bimestre__16-09-2020_3° Seduta__P1b_TN304_Grana.bmp,Aroma,Aroma di salame.,Il formaggio ha un aroma di salame.
data/images_flat/2020-2021_Trentingrana__I bimestre__16-09-2020_3° Seduta__P3b_TN310_Fetta.bmp,Aroma,Aroma di moderata intensità.,Il formaggio ha un aroma di moderata intensità.
data/images_flat/2020-2021_Trentingrana__I bimestre__16-09-2020_3° Seduta__P1a_TN304_Fetta.bmp,Aroma,Aroma di salame.,Il formaggio ha un aroma di salame.
data/images_flat/2020-2021_Trentingrana__I bimestre__16-09-2020_3° Seduta__P3a_TN310_Grana.bmp,Aroma,Aroma di moderata intensità.,Il formaggio ha un aroma di moderata intensità.
data/images_flat/2020-2021_Trentingrana__I bimestre__16-09-2020_3° Seduta__P6b_TN326_Grana.bmp,Aroma,Aroma neutro.,Il formaggio ha un aroma neutro.
data/images_flat/2020-2021_Trentingrana__I bimestre__16-09-2020_3° Seduta__P3b_TN310_Grana.bmp,Aroma,Aroma di moderata intensità.,Il formaggio ha un aroma di moderata intensità.
data/images_flat/2020-2021_Trentingrana__I bimestre__16-09-2020_3° Seduta__P1b_TN304_Fetta.bmp,Aroma,Aroma di salame.,Il formaggio ha un aroma di salame.
data/images_flat/2020-2021_Trentingrana__I bimestre__16-09-2020_3° Seduta__P6a_TN326_Grana.bmp,Aroma,Aroma neutro.,Il formaggio ha un aroma neutro.
data/images_flat/2020-2021_Trentingrana__I bimestre__16-09-2020_3° Seduta__P6b_TN326_Fetta.bmp,Aroma,Aroma neutro.,Il formaggio ha un aroma neutro.
data/images_flat/2020-2021_Trentingrana__I bimestre__16-09-2020_3° Seduta__P3a_TN310_Fetta.bmp,Aroma,Aroma di moderata intensità.,Il formaggio ha un aroma di moderata intensità.
data/images_flat/2020-2021_Trentingrana__I bimestre__16-09-2020_3° Seduta__P1a_TN304_Grana.bmp,Aroma,Aroma di salame.,Il formaggio ha un aroma di salame.
data/images_flat/2020-2021_Trentingrana__I bimestre__09-09-2020_2° Seduta__P5a_TN313_Grana.bmp,Aroma,Aroma di sapone.,Il formaggio ha un aroma di sapone.
data/images_flat/2020-2021_Trentingrana__I bimestre__09-09-2020_2° Seduta__P3b_TN307_Grana.bmp,Aroma,Aroma fievole.,Il formaggio ha un aroma fievole.
data/images_flat/2020-2021_Trentingrana__I bimestre__09-09-2020_2° Seduta__P3b_TN307_Grana.bmp,Aroma,Aroma saponato.,Il formaggio ha un aroma saponato.
data/images_flat/2020-2021_Trentingrana__I bimestre__09-09-2020_2° Seduta__P4a_TN306_Grana.bmp,Aroma,Aroma molto leggero.,Il formaggio ha un aroma molto leggero.
data/images_flat/2020-2021_Trentingrana__I bimestre__09-09-2020_2° Seduta__P4a_TN306_Grana.bmp,Aroma,Aroma fermentato.,Il formaggio ha un aroma fermentato.
data/images_flat/2020-2021_Trentingrana__I bimestre__09-09-2020_2° Seduta__P6b_TN314_Grana.bmp,Aroma,Aroma molto leggero.,Il formaggio ha un aroma molto leggero.
data/images_flat/2020-2021_Trentingrana__I bimestre__09-09-2020_2° Seduta__P6b_TN314_Grana.bmp,Aroma,Aroma di ragù.,Il formaggio ha un aroma di ragù.
data/images_flat/2020-2021_Trentingrana__I bimestre__09-09-2020_2° Seduta__P6a_TN314_Fetta.bmp,Aroma,Aroma molto leggero.,Il formaggio ha un aroma molto leggero.
data/images_flat/2020-2021_Trentingrana__I bimestre__09-09-2020_2° Seduta__P6a_TN314_Fetta.bmp,Aroma,Aroma di ragù.,Il formaggio ha un aroma di ragù.
data/images_flat/2020-2021_Trentingrana__I bimestre__09-09-2020_2° Seduta__P5b_TN313_Fetta.bmp,Aroma,Aroma di sapone.,Il formaggio ha un aroma di sapone.
data/images_flat/2020-2021_Trentingrana__I bimestre__09-09-2020_2° Seduta__P3a_TN307_Fetta.bmp,Aroma,Aroma fievole.,Il formaggio ha un aroma fievole.
data/images_flat/2020-2021_Trentingrana__I bimestre__09-09-2020_2° Seduta__P3a_TN307_Fetta.bmp,Aroma,Aroma saponato.,Il formaggio ha un aroma saponato.
data/images_flat/2020-2021_Trentingrana__I bimestre__09-09-2020_2° Seduta__P4b_TN306_Fetta.bmp,Aroma,Aroma molto leggero.,Il formaggio ha un aroma molto leggero.
data/images_flat/2020-2021_Trentingrana__I bimestre__09-09-2020_2° Seduta__P4b_TN306_Fetta.bmp,Aroma,Aroma fermentato.,Il formaggio ha un aroma fermentato.
data/images_flat/2020-2021_Trentingrana__I bimestre__09-09-2020_2° Seduta__P1a_TN319_Grana.bmp,Aroma,Aroma poco intenso e difficile da distinguere.,Il formaggio ha un aroma poco intenso e difficile da distinguere.
data/images_flat/2020-2021_Trentingrana__I bimestre__09-09-2020_2° Seduta__P1b_TN319_Fetta.bmp,Aroma,Aroma poco intenso e difficile da distinguere.,Il formaggio ha un aroma poco intenso e difficile da distinguere.
data/images_flat/2020-2021_Trentingrana__I bimestre__09-09-2020_2° Seduta__P6b_TN314_Fetta.bmp,Aroma,Aroma molto leggero.,Il formaggio ha un aroma molto leggero.
data/images_flat/2020-2021_Trentingrana__I bimestre__09-09-2020_2° Seduta__P6b_TN314_Fetta.bmp,Aroma,Aroma di ragù.,Il formaggio ha un aroma di ragù.
data/images_flat/2020-2021_Trentingrana__I bimestre__09-09-2020_2° Seduta__P4a_TN306_Fetta.bmp,Aroma,Aroma molto leggero.,Il formaggio ha un aroma molto leggero.
data/images_flat/2020-2021_Trentingrana__I bimestre__09-09-2020_2° Seduta__P4a_TN306_Fetta.bmp,Aroma,Aroma fermentato.,Il formaggio ha un aroma fermentato.
data/images_flat/2020-2021_Trentingrana__I bimestre__09-09-2020_2° Seduta__P3b_TN307_Fetta.bmp,Aroma,Aroma fievole.,Il formaggio ha un aroma fievole.
data/images_flat/2020-2021_Trentingrana__I bimestre__09-09-2020_2° Seduta__P3b_TN307_Fetta.bmp,Aroma,Aroma saponato.,Il formaggio ha un aroma saponato.
data/images_flat/2020-2021_Trentingrana__I bimestre__09-09-2020_2° Seduta__P5a_TN313_Fetta.bmp,Aroma,Aroma di sapone.,Il formaggio ha un aroma di sapone.
data/images_flat/2020-2021_Trentingrana__I bimestre__09-09-2020_2° Seduta__P4b_TN306_Grana.bmp,Aroma,Aroma molto leggero.,Il formaggio ha un aroma molto leggero.
data/images_flat/2020-2021_Trentingrana__I bimestre__09-09-2020_2° Seduta__P4b_TN306_Grana.bmp,Aroma,Aroma fermentato.,Il formaggio ha un aroma fermentato.
data/images_flat/2020-2021_Trentingrana__I bimestre__09-09-2020_2° Seduta__P3a_TN307_Grana.bmp,Aroma,Aroma fievole.,Il formaggio ha un aroma fievole.
data/images_flat/2020-2021_Trentingrana__I bimestre__09-09-2020_2° Seduta__P3a_TN307_Grana.bmp,Aroma,Aroma saponato.,Il formaggio ha un aroma saponato.
data/images_flat/2020-2021_Trentingrana__I bimestre__09-09-2020_2° Seduta__P5b_TN313_Grana.bmp,Aroma,Aroma di sapone.,Il formaggio ha un aroma di sapone.
data/images_flat/2020-2021_Trentingrana__I bimestre__09-09-2020_2° Seduta__P6a_TN314_Grana.bmp,Aroma,Aroma molto leggero.,Il formaggio ha un aroma molto leggero.
data/images_flat/2020-2021_Trentingrana__I bimestre__09-09-2020_2° Seduta__P6a_TN314_Grana.bmp,Aroma,Aroma di ragù.,Il formaggio ha un aroma di ragù.
data/images_flat/2020-2021_Trentingrana__I bimestre__09-09-2020_2° Seduta__P1a_TN319_Fetta.bmp,Aroma,Aroma poco intenso e difficile da distinguere.,Il formaggio ha un aroma poco intenso e difficile da distinguere.
data/images_flat/2020-2021_Trentingrana__I bimestre__09-09-2020_2° Seduta__P1b_TN319_Grana.bmp,Aroma,Aroma poco intenso e difficile da distinguere.,Il formaggio ha un aroma poco intenso e difficile da distinguere.
data/images_flat/2020-2021_Trentingrana__I bimestre__30-09-2020_5°Seduta__P1a_TN302_Fetta.bmp,Aroma,Aroma leggero.,Il formaggio ha un aroma leggero.
data/images_flat/2020-2021_Trentingrana__I bimestre__30-09-2020_5°Seduta__P3b_TN306_Grana.bmp,Aroma,Aroma con sentore non tipico.,Il formaggio ha un aroma con sentore non tipico.
data/images_flat/2020-2021_Trentingrana__I bimestre__30-09-2020_5°Seduta__P6a_TN330_Grana.bmp,Aroma,Aroma flebile.,Il formaggio ha un aroma flebile.
data/images_flat/2020-2021_Trentingrana__I bimestre__30-09-2020_5°Seduta__P6a_TN330_Grana.bmp,Aroma,Aroma di zafferano.,Il formaggio ha un aroma di zafferano.
data/images_flat/2020-2021_Trentingrana__I bimestre__30-09-2020_5°Seduta__P6a_TN330_Grana.bmp,Aroma,Aroma poco percepibile a causa della salinità.,Il formaggio ha un aroma poco percepibile a causa della salinità.
data/images_flat/2020-2021_Trentingrana__I bimestre__30-09-2020_5°Seduta__P6a_TN330_Grana.bmp,Aroma,Aroma di armadio della nonna.,Il formaggio ha un aroma di armadio della nonna.
data/images_flat/2020-2021_Trentingrana__I bimestre__30-09-2020_5°Seduta__P4a_TN311_Fetta.bmp,Aroma,Aroma non gradevole.,Il formaggio ha un aroma non gradevole.
data/images_flat/2020-2021_Trentingrana__I bimestre__30-09-2020_5°Seduta__P4a_TN311_Fetta.bmp,Aroma,Aroma di burro fresco con note lattiche molto presenti.,Il formaggio ha un aroma di burro fresco con note lattiche molto presenti.
data/images_flat/2020-2021_Trentingrana__I bimestre__30-09-2020_5°Seduta__P6b_TN330_Fetta.bmp,Aroma,Aroma flebile.,Il formaggio ha un aroma flebile.
data/images_flat/2020-2021_Trentingrana__I bimestre__30-09-2020_5°Seduta__P6b_TN330_Fetta.bmp,Aroma,Aroma di zafferano.,Il formaggio ha un aroma di zafferano.
data/images_flat/2020-2021_Trentingrana__I bimestre__30-09-2020_5°Seduta__P6b_TN330_Fetta.bmp,Aroma,Aroma poco percepibile a causa della salinità.,Il formaggio ha un aroma poco percepibile a causa della salinità.
data/images_flat/2020-2021_Trentingrana__I bimestre__30-09-2020_5°Seduta__P6b_TN330_Fetta.bmp,Aroma,Aroma di armadio della nonna.,Il formaggio ha un aroma di armadio della nonna.
data/images_flat/2020-2021_Trentingrana__I bimestre__30-09-2020_5°Seduta__P4b_TN311_Grana.bmp,Aroma,Aroma non gradevole.,Il formaggio ha un aroma non gradevole.
data/images_flat/2020-2021_Trentingrana__I bimestre__30-09-2020_5°Seduta__P4b_TN311_Grana.bmp,Aroma,Aroma di burro fresco con note lattiche molto presenti.,Il formaggio ha un aroma di burro fresco con note lattiche molto presenti.
data/images_flat/2020-2021_Trentingrana__I bimestre__30-09-2020_5°Seduta__P1b_TN302_Grana.bmp,Aroma,Aroma leggero.,Il formaggio ha un aroma leggero.
data/images_flat/2020-2021_Trentingrana__I bimestre__30-09-2020_5°Seduta__P3a_TN306_Fetta.bmp,Aroma,Aroma con sentore non tipico.,Il formaggio ha un aroma con sentore non tipico.
data/images_flat/2020-2021_Trentingrana__I bimestre__30-09-2020_5°Seduta__P4a_TN311_Grana.bmp,Aroma,Aroma non gradevole.,Il formaggio ha un aroma non gradevole.
data/images_flat/2020-2021_Trentingrana__I bimestre__30-09-2020_5°Seduta__P4a_TN311_Grana.bmp,Aroma,Aroma di burro fresco con note lattiche molto presenti.,Il formaggio ha un aroma di burro fresco con note lattiche molto presenti.
data/images_flat/2020-2021_Trentingrana__I bimestre__30-09-2020_5°Seduta__P6a_TN330_Fetta.bmp,Aroma,Aroma flebile.,Il formaggio ha un aroma flebile.
data/images_flat/2020-2021_Trentingrana__I bimestre__30-09-2020_5°Seduta__P6a_TN330_Fetta.bmp,Aroma,Aroma di zafferano.,Il formaggio ha un aroma di zafferano.
data/images_flat/2020-2021_Trentingrana__I bimestre__30-09-2020_5°Seduta__P6a_TN330_Fetta.bmp,Aroma,Aroma poco percepibile a causa della salinità.,Il formaggio ha un aroma poco percepibile a causa della salinità.
data/images_flat/2020-2021_Trentingrana__I bimestre__30-09-2020_5°Seduta__P6a_TN330_Fetta.bmp,Aroma,Aroma di armadio della nonna.,Il formaggio ha un aroma di armadio della nonna.
data/images_flat/2020-2021_Trentingrana__I bimestre__30-09-2020_5°Seduta__P3b_TN306_Fetta.bmp,Aroma,Aroma con sentore non tipico.,Il formaggio ha un aroma con sentore non tipico.
data/images_flat/2020-2021_Trentingrana__I bimestre__30-09-2020_5°Seduta__P1a_TN302_Grana.bmp,Aroma,Aroma leggero.,Il formaggio ha un aroma leggero.
data/images_flat/2020-2021_Trentingrana__I bimestre__30-09-2020_5°Seduta__P3a_TN306_Grana.bmp,Aroma,Aroma con sentore non tipico.,Il formaggio ha un aroma con sentore non tipico.
data/images_flat/2020-2021_Trentingrana__I bimestre__30-09-2020_5°Seduta__P1b_TN302_Fetta.bmp,Aroma,Aroma leggero.,Il formaggio ha un aroma leggero.
data/images_flat/2020-2021_Trentingrana__I bimestre__30-09-2020_5°Seduta__P4b_TN311_Fetta.bmp,Aroma,Aroma non gradevole.,Il formaggio ha un aroma non gradevole.
data/images_flat/2020-2021_Trentingrana__I bimestre__30-09-2020_5°Seduta__P4b_TN311_Fetta.bmp,Aroma,Aroma di burro fresco con note lattiche molto presenti.,Il formaggio ha un aroma di burro fresco con note lattiche molto presenti.
data/images_flat/2020-2021_Trentingrana__I bimestre__30-09-2020_5°Seduta__P6b_TN330_Grana.bmp,Aroma,Aroma flebile.,Il formaggio ha un aroma flebile.
data/images_flat/2020-2021_Trentingrana__I bimestre__30-09-2020_5°Seduta__P6b_TN330_Grana.bmp,Aroma,Aroma di zafferano.,Il formaggio ha un aroma di zafferano.
data/images_flat/2020-2021_Trentingrana__I bimestre__30-09-2020_5°Seduta__P6b_TN330_Grana.bmp,Aroma,Aroma poco percepibile a causa della salinità.,Il formaggio ha un aroma poco percepibile a causa della salinità.
data/images_flat/2020-2021_Trentingrana__I bimestre__30-09-2020_5°Seduta__P6b_TN330_Grana.bmp,Aroma,Aroma di armadio della nonna.,Il formaggio ha un aroma di armadio della nonna.
data/images_flat/2020-2021_Trentingrana__I bimestre__23-09-2020_4° Seduta__P6a_TN330_Grana.bmp,Aroma,Aroma di paglia.,Il formaggio ha un aroma di paglia.
data/images_flat/2020-2021_Trentingrana__I bimestre__23-09-2020_4° Seduta__P6b_TN330_Fetta.bmp,Aroma,Aroma di paglia.,Il formaggio ha un aroma di paglia.
data/images_flat/2020-2021_Trentingrana__I bimestre__23-09-2020_4° Seduta__P6a_TN330_Fetta.bmp,Aroma,Aroma di paglia.,Il formaggio ha un aroma di paglia.
data/images_flat/2020-2021_Trentingrana__I bimestre__23-09-2020_4° Seduta__P6b_TN330_Grana.bmp,Aroma,Aroma di paglia.,Il formaggio ha un aroma di paglia.
data/images_flat/2020-2021_Trentingrana__I bimestre__02-09-2020_1° Seduta__P1b_TN330_Grana.bmp,Aroma,"Aroma evoluto, carente di note lattiche, con sentori di formaggio cotto.","Il formaggio ha un aroma evoluto, carente di note lattiche, con sentori di formaggio cotto."
data/images_flat/2020-2021_Trentingrana__I bimestre__02-09-2020_1° Seduta__P1a_TN330_Fetta.bmp,Aroma,"Aroma evoluto, carente di note lattiche, con sentori di formaggio cotto.","Il formaggio ha un aroma evoluto, carente di note lattiche, con sentori di formaggio cotto."
data/images_flat/2020-2021_Trentingrana__I bimestre__02-09-2020_1° Seduta__P2b_TN311_Fetta.bmp,Aroma,Aroma neutro.,Il formaggio ha un aroma neutro.
data/images_flat/2020-2021_Trentingrana__I bimestre__02-09-2020_1° Seduta__P2a_TN311_Grana.bmp,Aroma,Aroma neutro.,Il formaggio ha un aroma neutro.
data/images_flat/2020-2021_Trentingrana__I bimestre__02-09-2020_1° Seduta__P1b_TN330_Fetta.bmp,Aroma,"Aroma evoluto, carente di note lattiche, con sentori di formaggio cotto.","Il formaggio ha un aroma evoluto, carente di note lattiche, con sentori di formaggio cotto."
data/images_flat/2020-2021_Trentingrana__I bimestre__02-09-2020_1° Seduta__P1a_TN330_Grana.bmp,Aroma,"Aroma evoluto, carente di note lattiche, con sentori di formaggio cotto.","Il formaggio ha un aroma evoluto, carente di note lattiche, con sentori di formaggio cotto."
data/images_flat/2020-2021_Trentingrana__I bimestre__02-09-2020_1° Seduta__P2b_TN311_Grana.bmp,Aroma,Aroma neutro.,Il formaggio ha un aroma neutro.
data/images_flat/2020-2021_Trentingrana__I bimestre__02-09-2020_1° Seduta__P2a_TN311_Fetta.bmp,Aroma,Aroma neutro.,Il formaggio ha un aroma neutro.
data/images_flat/2020-2021_Trentingrana__II bimestre__09-10-2020_6°Seduta__P3B_TN311_555 GRANA.bmp,Aroma,"Aroma persistente ma poco intenso, difficile da distinguere.","Il formaggio ha un aroma persistente ma poco intenso, difficile da distinguere."
data/images_flat/2020-2021_Trentingrana__II bimestre__09-10-2020_6°Seduta__P3A_TN311_555 GRANA.bmp,Aroma,"Aroma persistente ma poco intenso, difficile da distinguere.","Il formaggio ha un aroma persistente ma poco intenso, difficile da distinguere."
data/images_flat/2020-2021_Trentingrana__II bimestre__09-10-2020_6°Seduta__P5B_TN319_543 FETTA.bmp,Aroma,Aroma flebile.,Il formaggio ha un aroma flebile.
data/images_flat/2020-2021_Trentingrana__II bimestre__09-10-2020_6°Seduta__P5A_TN319_543 FETTA.bmp,Aroma,Aroma flebile.,Il formaggio ha un aroma flebile.
data/images_flat/2020-2021_Trentingrana__II bimestre__09-10-2020_6°Seduta__P2A_TN307_431 GRANA.bmp,Aroma,Aroma di liquirizia.,Il formaggio ha un aroma di liquirizia.
data/images_flat/2020-2021_Trentingrana__II bimestre__09-10-2020_6°Seduta__P2A_TN307_431 GRANA.bmp,Aroma,Aroma di frutta secca e nocciola con cattivo sentore.,Il formaggio ha un aroma di frutta secca e nocciola con cattivo sentore.
data/images_flat/2020-2021_Trentingrana__II bimestre__09-10-2020_6°Seduta__P2B_TN307_431 GRANA.bmp,Aroma,Aroma di liquirizia.,Il formaggio ha un aroma di liquirizia.
data/images_flat/2020-2021_Trentingrana__II bimestre__09-10-2020_6°Seduta__P2B_TN307_431 GRANA.bmp,Aroma,Aroma di frutta secca e nocciola con cattivo sentore.,Il formaggio ha un aroma di frutta secca e nocciola con cattivo sentore.
data/images_flat/2020-2021_Trentingrana__II bimestre__09-10-2020_6°Seduta__P3A_TN311_555 FETTA.bmp,Aroma,"Aroma persistente ma poco intenso, difficile da distinguere.","Il formaggio ha un aroma persistente ma poco intenso, difficile da distinguere."
data/images_flat/2020-2021_Trentingrana__II bimestre__09-10-2020_6°Seduta__P3B_TN311_555FETTA.bmp,Aroma,"Aroma persistente ma poco intenso, difficile da distinguere.","Il formaggio ha un aroma persistente ma poco intenso, difficile da distinguere."
data/images_flat/2020-2021_Trentingrana__II bimestre__09-10-2020_6°Seduta__P5A_TN319_543 GRANA.bmp,Aroma,Aroma flebile.,Il formaggio ha un aroma flebile.
data/images_flat/2020-2021_Trentingrana__II bimestre__09-10-2020_6°Seduta__P5B_TN319_543 GRANA.bmp,Aroma,Aroma flebile.,Il formaggio ha un aroma flebile.
data/images_flat/2020-2021_Trentingrana__II bimestre__09-10-2020_6°Seduta__P2B_TN307_431 FETTA.bmp,Aroma,Aroma di liquirizia.,Il formaggio ha un aroma di liquirizia.
data/images_flat/2020-2021_Trentingrana__II bimestre__09-10-2020_6°Seduta__P2B_TN307_431 FETTA.bmp,Aroma,Aroma di frutta secca e nocciola con cattivo sentore.,Il formaggio ha un aroma di frutta secca e nocciola con cattivo sentore.
data/images_flat/2020-2021_Trentingrana__II bimestre__09-10-2020_6°Seduta__P2A_TN307_431 FETTA.bmp,Aroma,Aroma di liquirizia.,Il formaggio ha un aroma di liquirizia.
data/images_flat/2020-2021_Trentingrana__II bimestre__09-10-2020_6°Seduta__P2A_TN307_431 FETTA.bmp,Aroma,Aroma di frutta secca e nocciola con cattivo sentore.,Il formaggio ha un aroma di frutta secca e nocciola con cattivo sentore.
data/images_flat/2020-2021_Trentingrana__II bimestre__10°Seduta_04-11-2020__P1A_TN302_917_fetta.bmp,Aroma,Aroma strano.,Il formaggio ha un aroma strano.
data/images_flat/2020-2021_Trentingrana__II bimestre__10°Seduta_04-11-2020__P1B_TN302_917_fetta.bmp,Aroma,Aroma strano.,Il formaggio ha un aroma strano.
data/images_flat/2020-2021_Trentingrana__II bimestre__10°Seduta_04-11-2020__P1B_TN302_917_grana.bmp,Aroma,Aroma strano.,Il formaggio ha un aroma strano.
data/images_flat/2020-2021_Trentingrana__II bimestre__10°Seduta_04-11-2020__P1A_TN302_917_grana.bmp,Aroma,Aroma strano.,Il formaggio ha un aroma strano.
data/images_flat/2020-2021_Trentingrana__II bimestre__28-10-2020_9°Seduta__P1B_TN302_527_GRANA.bmp,Aroma,Aroma di sapone.,Il formaggio ha un aroma di sapone.
data/images_flat/2020-2021_Trentingrana__II bimestre__28-10-2020_9°Seduta__P1B_TN302_527_GRANA.bmp,Aroma,Aroma di frutta fresca che ricorda l'uva.,Il formaggio ha un aroma di frutta fresca che ricorda l'uva.
data/images_flat/2020-2021_Trentingrana__II bimestre__28-10-2020_9°Seduta__P6B_TN328_781_GRANA.bmp,Aroma,Aroma di burro fresco con note lattiche molto presenti.,Il formaggio ha un aroma di burro fresco con note lattiche molto presenti.
data/images_flat/2020-2021_Trentingrana__II bimestre__28-10-2020_9°Seduta__P6A_TN328_781_GRANA.bmp,Aroma,Aroma di burro fresco con note lattiche molto presenti.,Il formaggio ha un aroma di burro fresco con note lattiche molto presenti.
data/images_flat/2020-2021_Trentingrana__II bimestre__28-10-2020_9°Seduta__P2A_TN305_852_FETTA.bmp,Aroma,Aroma di sapone.,Il formaggio ha un aroma di sapone.
data/images_flat/2020-2021_Trentingrana__II bimestre__28-10-2020_9°Seduta__P1A_TN302_527A_GRANA.bmp,Aroma,Aroma di sapone.,Il formaggio ha un aroma di sapone.
data/images_flat/2020-2021_Trentingrana__II bimestre__28-10-2020_9°Seduta__P1A_TN302_527A_GRANA.bmp,Aroma,Aroma di frutta fresca che ricorda l'uva.,Il formaggio ha un aroma di frutta fresca che ricorda l'uva.
data/images_flat/2020-2021_Trentingrana__II bimestre__28-10-2020_9°Seduta__P2B_TN305_852_FETTA.bmp,Aroma,Aroma di sapone.,Il formaggio ha un aroma di sapone.
data/images_flat/2020-2021_Trentingrana__II bimestre__28-10-2020_9°Seduta__P5B_TN323_357_FETTA.bmp,Aroma,Aroma poco complesso con prevalenti note lattiche.,Il formaggio ha un aroma poco complesso con prevalenti note lattiche.
data/images_flat/2020-2021_Trentingrana__II bimestre__28-10-2020_9°Seduta__P4B_TN314_149_GRANA.bmp,Aroma,Aroma di sapone.,Il formaggio ha un aroma di sapone.
data/images_flat/2020-2021_Trentingrana__II bimestre__28-10-2020_9°Seduta__P4A_TN314_149_GRANA.bmp,Aroma,Aroma di sapone.,Il formaggio ha un aroma di sapone.
data/images_flat/2020-2021_Trentingrana__II bimestre__28-10-2020_9°Seduta__P5A_TN323_357_FETTA.bmp,Aroma,Aroma poco complesso con prevalenti note lattiche.,Il formaggio ha un aroma poco complesso con prevalenti note lattiche.
data/images_flat/2020-2021_Trentingrana__II bimestre__28-10-2020_9°Seduta__P1A_TN302_527_FETTA.bmp,Aroma,Aroma di sapone.,Il formaggio ha un aroma di sapone.
data/images_flat/2020-2021_Trentingrana__II bimestre__28-10-2020_9°Seduta__P1A_TN302_527_FETTA.bmp,Aroma,Aroma di frutta fresca che ricorda l'uva.,Il formaggio ha un aroma di frutta fresca che ricorda l'uva.
data/images_flat/2020-2021_Trentingrana__II bimestre__28-10-2020_9°Seduta__P1B_TN302_527_FETTA.bmp,Aroma,Aroma di sapone.,Il formaggio ha un aroma di sapone.
data/images_flat/2020-2021_Trentingrana__II bimestre__28-10-2020_9°Seduta__P1B_TN302_527_FETTA.bmp,Aroma,Aroma di frutta fresca che ricorda l'uva.,Il formaggio ha un aroma di frutta fresca che ricorda l'uva.
data/images_flat/2020-2021_Trentingrana__II bimestre__28-10-2020_9°Seduta__P6A_TN328_781_FETTA.bmp,Aroma,Aroma di burro fresco con note lattiche molto presenti.,Il formaggio ha un aroma di burro fresco con note lattiche molto presenti.
data/images_flat/2020-2021_Trentingrana__II bimestre__28-10-2020_9°Seduta__P6B_TN328_781_FETTA.bmp,Aroma,Aroma di burro fresco con note lattiche molto presenti.,Il formaggio ha un aroma di burro fresco con note lattiche molto presenti.
data/images_flat/2020-2021_Trentingrana__II bimestre__28-10-2020_9°Seduta__P2B_TN305_852_GRANA.bmp,Aroma,Aroma di sapone.,Il formaggio ha un aroma di sapone.
data/images_flat/2020-2021_Trentingrana__II bimestre__28-10-2020_9°Seduta__P2A_TN305_852_GRANA.bmp,Aroma,Aroma di sapone.,Il formaggio ha un aroma di sapone.
data/images_flat/2020-2021_Trentingrana__II bimestre__28-10-2020_9°Seduta__P4A_TN314_149_FETTA.bmp,Aroma,Aroma di sapone.,Il formaggio ha un aroma di sapone.
data/images_flat/2020-2021_Trentingrana__II bimestre__28-10-2020_9°Seduta__P5A_TN323_357_GRANA.bmp,Aroma,Aroma poco complesso con prevalenti note lattiche.,Il formaggio ha un aroma poco complesso con prevalenti note lattiche.
data/images_flat/2020-2021_Trentingrana__II bimestre__28-10-2020_9°Seduta__P5B_TN323_357_GRANA.bmp,Aroma,Aroma poco complesso con prevalenti note lattiche.,Il formaggio ha un aroma poco complesso con prevalenti note lattiche.
data/images_flat/2020-2021_Trentingrana__II bimestre__28-10-2020_9°Seduta__P4B_TN314_149_FETTA.bmp,Aroma,Aroma di sapone.,Il formaggio ha un aroma di sapone.
data/images_flat/2020-2021_Trentingrana__II bimestre__21-10-2020_8°Seduta__P1B_TN302_546_FETTA.bmp,Aroma,Aroma di sapone.,Il formaggio ha un aroma di sapone.
data/images_flat/2020-2021_Trentingrana__II bimestre__21-10-2020_8°Seduta__P1A_TN302_546_FETTA.bmp,Aroma,Aroma di sapone.,Il formaggio ha un aroma di sapone.
data/images_flat/2020-2021_Trentingrana__II bimestre__21-10-2020_8°Seduta__P6A_TN330_165FETTA.bmp,Aroma,Aroma di sapone.,Il formaggio ha un aroma di sapone.
data/images_flat/2020-2021_Trentingrana__II bimestre__21-10-2020_8°Seduta__P6B_TN330_165FETTA.bmp,Aroma,Aroma di sapone.,Il formaggio ha un aroma di sapone.
data/images_flat/2020-2021_Trentingrana__II bimestre__21-10-2020_8°Seduta__P4B_TN323_443GRANA.bmp,Aroma,Aroma molto lattico con burro fresco.,Il formaggio ha un aroma molto lattico con burro fresco.
data/images_flat/2020-2021_Trentingrana__II bimestre__21-10-2020_8°Seduta__P4A_TN323_443GRANA.bmp,Aroma,Aroma molto lattico con burro fresco.,Il formaggio ha un aroma molto lattico con burro fresco.
data/images_flat/2020-2021_Trentingrana__II bimestre__21-10-2020_8°Seduta__P6A_TN330_165GRANA.bmp,Aroma,Aroma di sapone.,Il formaggio ha un aroma di sapone.
data/images_flat/2020-2021_Trentingrana__II bimestre__21-10-2020_8°Seduta__P1A_TN302_546_GRANA.bmp,Aroma,Aroma di sapone.,Il formaggio ha un aroma di sapone.
data/images_flat/2020-2021_Trentingrana__II bimestre__21-10-2020_8°Seduta__P1B_TN302_546_GRANA.bmp,Aroma,Aroma di sapone.,Il formaggio ha un aroma di sapone.
data/images_flat/2020-2021_Trentingrana__II bimestre__21-10-2020_8°Seduta__P6B_TN330_165GRANA.bmp,Aroma,Aroma di sapone.,Il formaggio ha un aroma di sapone.
data/images_flat/2020-2021_Trentingrana__II bimestre__21-10-2020_8°Seduta__P4B_TN323_443FETTA.bmp,Aroma,Aroma molto lattico con burro fresco.,Il formaggio ha un aroma molto lattico con burro fresco.
data/images_flat/2020-2021_Trentingrana__II bimestre__21-10-2020_8°Seduta__P4A_TN323_443FETTA.bmp,Aroma,Aroma molto lattico con burro fresco.,Il formaggio ha un aroma molto lattico con burro fresco.
data/images_flat/2018-2019_Trentingrana__2019-01-16__P3b_316_grana.bmp,Aroma,"Aroma con note di sapone e ossidato, meno sgradevole che al naso.","Il formaggio ha un aroma con note di sapone e ossidato, meno sgradevole che al naso."
data/images_flat/2018-2019_Trentingrana__2019-01-16__P3b_316_grana.bmp,Aroma,"Aroma di panna, burro, latte cotto e tostato, leggero.","Il formaggio ha un aroma di panna, burro, latte cotto e tostato, leggero."
data/images_flat/2018-2019_Trentingrana__2019-01-16__P3b_316_grana.bmp,Aroma,Aroma di brodo animale e leggermente di crosta.,Il formaggio ha un aroma di brodo animale e leggermente di crosta.
data/images_flat/2018-2019_Trentingrana__2019-01-16__P3b_316_grana.bmp,Aroma,Aroma vegetale balsamico.,Il formaggio ha un aroma vegetale balsamico.
data/images_flat/2018-2019_Trentingrana__2019-01-16__P3b_316_grana.bmp,Aroma,Aroma leggermente stantio.,Il formaggio ha un aroma leggermente stantio.
data/images_flat/2018-2019_Trentingrana__2019-01-16__P3b_316_grana.bmp,Aroma,Aroma piacevole ma non tipico del grana.,Il formaggio ha un aroma piacevole ma non tipico del grana.
data/images_flat/2018-2019_Trentingrana__2019-01-16__P3b_316_grana.bmp,Aroma,"Aroma di nocciola tostata, caramello scuro e brodo di carne.","Il formaggio ha un aroma di nocciola tostata, caramello scuro e brodo di carne."
data/images_flat/2018-2019_Trentingrana__2019-01-16__P3b_316_grana.bmp,Aroma,Aroma difettoso.,Il formaggio ha un aroma difettoso.
data/images_flat/2018-2019_Trentingrana__2019-01-16__P3b_316_grana.bmp,Aroma,Aroma di crosta di formaggio.,Il formaggio ha un aroma di crosta di formaggio.
data/images_flat/2018-2019_Trentingrana__2019-01-16__P4b_319_fetta.bmp,Aroma,"Aroma poco caratteristico, propionico e di brodo animale, tipo emmental.","Il formaggio ha un aroma poco caratteristico, propionico e di brodo animale, tipo emmental."
data/images_flat/2018-2019_Trentingrana__2019-01-16__P4b_319_fetta.bmp,Aroma,Aroma vegetale e tostato leggermente.,Il formaggio ha un aroma vegetale e tostato leggermente.
data/images_flat/2018-2019_Trentingrana__2019-01-16__P4b_319_fetta.bmp,Aroma,Aroma di panna e burro.,Il formaggio ha un aroma di panna e burro.
data/images_flat/2018-2019_Trentingrana__2019-01-16__P4b_319_fetta.bmp,Aroma,"Aroma di panna con note di cotto e bruciato, leggero.","Il formaggio ha un aroma di panna con note di cotto e bruciato, leggero."
data/images_flat/2018-2019_Trentingrana__2019-01-16__P4b_319_fetta.bmp,Aroma,Aroma di latte cotto e burro fuso.,Il formaggio ha un aroma di latte cotto e burro fuso.
data/images_flat/2018-2019_Trentingrana__2019-01-16__P4b_319_fetta.bmp,Aroma,"Aroma di latte cotto eccessivo, cacao, caramello e brodo di carne.","Il formaggio ha un aroma di latte cotto eccessivo, cacao, caramello e brodo di carne."
data/images_flat/2018-2019_Trentingrana__2019-01-16__P4b_319_fetta.bmp,Aroma,Aroma non da grana biscotto.,Il formaggio ha un aroma non da grana biscotto.
data/images_flat/2018-2019_Trentingrana__2019-01-16__P4b_319_fetta.bmp,Aroma,Aroma di latte e panna.,Il formaggio ha un aroma di latte e panna.
data/images_flat/2018-2019_Trentingrana__2019-01-16__P4a_319_fetta.bmp,Aroma,"Aroma poco caratteristico, propionico e di brodo animale, tipo emmental.","Il formaggio ha un aroma poco caratteristico, propionico e di brodo animale, tipo emmental."
data/images_flat/2018-2019_Trentingrana__2019-01-16__P4a_319_fetta.bmp,Aroma,Aroma vegetale e tostato leggermente.,Il formaggio ha un aroma vegetale e tostato leggermente.
data/images_flat/2018-2019_Trentingrana__2019-01-16__P4a_319_fetta.bmp,Aroma,Aroma di panna e burro.,Il formaggio ha un aroma di panna e burro.
data/images_flat/2018-2019_Trentingrana__2019-01-16__P4a_319_fetta.bmp,Aroma,"Aroma di panna con note di cotto e bruciato, leggero.","Il formaggio ha un aroma di panna con note di cotto e bruciato, leggero."
data/images_flat/2018-2019_Trentingrana__2019-01-16__P4a_319_fetta.bmp,Aroma,Aroma di latte cotto e burro fuso.,Il formaggio ha un aroma di latte cotto e burro fuso.
data/images_flat/2018-2019_Trentingrana__2019-01-16__P4a_319_fetta.bmp,Aroma,"Aroma di latte cotto eccessivo, cacao, caramello e brodo di carne.","Il formaggio ha un aroma di latte cotto eccessivo, cacao, caramello e brodo di carne."
data/images_flat/2018-2019_Trentingrana__2019-01-16__P4a_319_fetta.bmp,Aroma,Aroma non da grana biscotto.,Il formaggio ha un aroma non da grana biscotto.
data/images_flat/2018-2019_Trentingrana__2019-01-16__P4a_319_fetta.bmp,Aroma,Aroma di latte e panna.,Il formaggio ha un aroma di latte e panna.
data/images_flat/2018-2019_Trentingrana__2019-01-16__P3a_316_grana.bmp,Aroma,"Aroma con note di sapone e ossidato, meno sgradevole che al naso.","Il formaggio ha un aroma con note di sapone e ossidato, meno sgradevole che al naso."
data/images_flat/2018-2019_Trentingrana__2019-01-16__P3a_316_grana.bmp,Aroma,"Aroma di panna, burro, latte cotto e tostato, leggero.","Il formaggio ha un aroma di panna, burro, latte cotto e tostato, leggero."
data/images_flat/2018-2019_Trentingrana__2019-01-16__P3a_316_grana.bmp,Aroma,Aroma di brodo animale e leggermente di crosta.,Il formaggio ha un aroma di brodo animale e leggermente di crosta.
data/images_flat/2018-2019_Trentingrana__2019-01-16__P3a_316_grana.bmp,Aroma,Aroma vegetale balsamico.,Il formaggio ha un aroma vegetale balsamico.
data/images_flat/2018-2019_Trentingrana__2019-01-16__P3a_316_grana.bmp,Aroma,Aroma leggermente stantio.,Il formaggio ha un aroma leggermente stantio.
data/images_flat/2018-2019_Trentingrana__2019-01-16__P3a_316_grana.bmp,Aroma,Aroma piacevole ma non tipico del grana.,Il formaggio ha un aroma piacevole ma non tipico del grana.
data/images_flat/2018-2019_Trentingrana__2019-01-16__P3a_316_grana.bmp,Aroma,"Aroma di nocciola tostata, caramello scuro e brodo di carne.","Il formaggio ha un aroma di nocciola tostata, caramello scuro e brodo di carne."
data/images_flat/2018-2019_Trentingrana__2019-01-16__P3a_316_grana.bmp,Aroma,Aroma difettoso.,Il formaggio ha un aroma difettoso.
data/images_flat/2018-2019_Trentingrana__2019-01-16__P3a_316_grana.bmp,Aroma,Aroma di crosta di formaggio.,Il formaggio ha un aroma di crosta di formaggio.
data/images_flat/2018-2019_Trentingrana__2019-01-16__P1b_306_fetta.bmp,Aroma,"Aroma di burro fuso, panna e brodo di carne, equilibrato.","Il formaggio ha un aroma di burro fuso, panna e brodo di carne, equilibrato."
data/images_flat/2018-2019_Trentingrana__2019-01-16__P1b_306_fetta.bmp,Aroma,"Aroma di latte cotto, burro e panna con nota tostata finale.","Il formaggio ha un aroma di latte cotto, burro e panna con nota tostata finale."
data/images_flat/2018-2019_Trentingrana__2019-01-16__P1b_306_fetta.bmp,Aroma,"Aroma di formaggio cotto e burro fuso, leggeri e non fastidiosi.","Il formaggio ha un aroma di formaggio cotto e burro fuso, leggeri e non fastidiosi."
data/images_flat/2018-2019_Trentingrana__2019-01-16__P1b_306_fetta.bmp,Aroma,"Aroma di animale, paglia e letame.","Il formaggio ha un aroma di animale, paglia e letame."
data/images_flat/2018-2019_Trentingrana__2019-01-16__P1b_306_fetta.bmp,Aroma,Aroma di lattici cotti e brodo animale.,Il formaggio ha un aroma di lattici cotti e brodo animale.
data/images_flat/2018-2019_Trentingrana__2019-01-16__P1b_306_fetta.bmp,Aroma,Aroma di crosta di formaggio.,Il formaggio ha un aroma di crosta di formaggio.
data/images_flat/2018-2019_Trentingrana__2019-01-16__P1b_306_fetta.bmp,Aroma,Aroma di latte.,Il formaggio ha un aroma di latte.
data/images_flat/2018-2019_Trentingrana__2019-01-16__P5b_330_grana.bmp,Aroma,"Aroma con note di emmental e propioniche, frutta tropicale, poco complesso e poco caratteristico.","Il formaggio ha un aroma con note di emmental e propioniche, frutta tropicale, poco complesso e poco caratteristico."
data/images_flat/2018-2019_Trentingrana__2019-01-16__P5b_330_grana.bmp,Aroma,"Aroma di latte cotto, burro fuso, leggero e tostato.","Il formaggio ha un aroma di latte cotto, burro fuso, leggero e tostato."
data/images_flat/2018-2019_Trentingrana__2019-01-16__P5b_330_grana.bmp,Aroma,Aroma poco intenso.,Il formaggio ha un aroma poco intenso.
data/images_flat/2018-2019_Trentingrana__2019-01-16__P5b_330_grana.bmp,Aroma,"Aroma di latticello fermentato, note lattiche cotte, crosta pulita.","Il formaggio ha un aroma di latticello fermentato, note lattiche cotte, crosta pulita."
data/images_flat/2018-2019_Trentingrana__2019-01-16__P5b_330_grana.bmp,Aroma,Aroma difettoso.,Il formaggio ha un aroma difettoso.
data/images_flat/2018-2019_Trentingrana__2019-01-16__P5b_330_grana.bmp,Aroma,Aroma di crosta di formaggio.,Il formaggio ha un aroma di crosta di formaggio.
data/images_flat/2018-2019_Trentingrana__2019-01-16__P5b_330_grana.bmp,Aroma,Aroma di brodo vegetale.,Il formaggio ha un aroma di brodo vegetale.
data/images_flat/2018-2019_Trentingrana__2019-01-16__P2b_313_fetta.bmp,Aroma,"Aroma di panna, burro e crosta di formaggio.","Il formaggio ha un aroma di panna, burro e crosta di formaggio."
data/images_flat/2018-2019_Trentingrana__2019-01-16__P2b_313_fetta.bmp,Aroma,"Aroma di latte cotto, burro e panna.","Il formaggio ha un aroma di latte cotto, burro e panna."
data/images_flat/2018-2019_Trentingrana__2019-01-16__P2b_313_fetta.bmp,Aroma,"Aroma di panna e burro con nota di crosta di formaggio, leggerissima nota animale di stalla, non negativa.","Il formaggio ha un aroma di panna e burro con nota di crosta di formaggio, leggerissima nota animale di stalla, non negativa."
data/images_flat/2018-2019_Trentingrana__2019-01-16__P2b_313_fetta.bmp,Aroma,"Aroma di panna vegetale, non caratteristico del grana.","Il formaggio ha un aroma di panna vegetale, non caratteristico del grana."
data/images_flat/2018-2019_Trentingrana__2019-01-16__P2b_313_fetta.bmp,Aroma,Aroma leggero e piacevole.,Il formaggio ha un aroma leggero e piacevole.
data/images_flat/2018-2019_Trentingrana__2019-01-16__P2b_313_fetta.bmp,Aroma,Aroma di crosta di grana e brodo di carne.,Il formaggio ha un aroma di crosta di grana e brodo di carne.
data/images_flat/2018-2019_Trentingrana__2019-01-16__P2b_313_fetta.bmp,Aroma,Aroma di leggera crosta.,Il formaggio ha un aroma di leggera crosta.
data/images_flat/2018-2019_Trentingrana__2019-01-16__P2b_313_fetta.bmp,Aroma,Aroma di crosta di formaggio.,Il formaggio ha un aroma di crosta di formaggio.
data/images_flat/2018-2019_Trentingrana__2019-01-16__P6a_338_fetta.bmp,Aroma,Aroma poco caratteristico con note di marcio.,Il formaggio ha un aroma poco caratteristico con note di marcio.
data/images_flat/2018-2019_Trentingrana__2019-01-16__P6a_338_fetta.bmp,Aroma,Aroma tostato prevalente con note di vegetale cotto.,Il formaggio ha un aroma tostato prevalente con note di vegetale cotto.
data/images_flat/2018-2019_Trentingrana__2019-01-16__P6a_338_fetta.bmp,Aroma,Aroma tostato e glutammato piuttosto forti.,Il formaggio ha un aroma tostato e glutammato piuttosto forti.
data/images_flat/2018-2019_Trentingrana__2019-01-16__P6a_338_fetta.bmp,Aroma,Aroma vegetale non tipico del grana.,Il formaggio ha un aroma vegetale non tipico del grana.
data/images_flat/2018-2019_Trentingrana__2019-01-16__P6a_338_fetta.bmp,Aroma,Aroma di cavolfiore.,Il formaggio ha un aroma di cavolfiore.
data/images_flat/2018-2019_Trentingrana__2019-01-16__P6a_338_fetta.bmp,Aroma,Aroma leggermente cotto.,Il formaggio ha un aroma leggermente cotto.
data/images_flat/2018-2019_Trentingrana__2019-01-16__P6a_338_fetta.bmp,Aroma,Aroma di formaggio non tipico del Trentingrana.,Il formaggio ha un aroma di formaggio non tipico del Trentingrana.
data/images_flat/2018-2019_Trentingrana__2019-01-16__P6a_338_fetta.bmp,Aroma,"Aroma di cacao, note lattiche cotte e note di crosta di pane quasi bruciata.","Il formaggio ha un aroma di cacao, note lattiche cotte e note di crosta di pane quasi bruciata."
data/images_flat/2018-2019_Trentingrana__2019-01-16__P6a_338_fetta.bmp,Aroma,Aroma non tipico del grana.,Il formaggio ha un aroma non tipico del grana.
data/images_flat/2018-2019_Trentingrana__2019-01-16__P6a_338_fetta.bmp,Aroma,Aroma di latte e panna.,Il formaggio ha un aroma di latte e panna.
data/images_flat/2018-2019_Trentingrana__2019-01-16__P6a_338_fetta.bmp,Aroma,Aroma di latte cotto.,Il formaggio ha un aroma di latte cotto.
data/images_flat/2018-2019_Trentingrana__2019-01-16__P6b_338_fetta.bmp,Aroma,Aroma poco caratteristico con note di marcio.,Il formaggio ha un aroma poco caratteristico con note di marcio.
data/images_flat/2018-2019_Trentingrana__2019-01-16__P6b_338_fetta.bmp,Aroma,Aroma tostato prevalente con note di vegetale cotto.,Il formaggio ha un aroma tostato prevalente con note di vegetale cotto.
data/images_flat/2018-2019_Trentingrana__2019-01-16__P6b_338_fetta.bmp,Aroma,Aroma tostato e glutammato piuttosto forti.,Il formaggio ha un aroma tostato e glutammato piuttosto forti.
data/images_flat/2018-2019_Trentingrana__2019-01-16__P6b_338_fetta.bmp,Aroma,Aroma vegetale non tipico del grana.,Il formaggio ha un aroma vegetale non tipico del grana.
data/images_flat/2018-2019_Trentingrana__2019-01-16__P6b_338_fetta.bmp,Aroma,Aroma di cavolfiore.,Il formaggio ha un aroma di cavolfiore.
data/images_flat/2018-2019_Trentingrana__2019-01-16__P6b_338_fetta.bmp,Aroma,Aroma leggermente cotto.,Il formaggio ha un aroma leggermente cotto.
data/images_flat/2018-2019_Trentingrana__2019-01-16__P6b_338_fetta.bmp,Aroma,Aroma di formaggio non tipico del Trentingrana.,Il formaggio ha un aroma di formaggio non tipico del Trentingrana.
data/images_flat/2018-2019_Trentingrana__2019-01-16__P6b_338_fetta.bmp,Aroma,"Aroma di cacao, note lattiche cotte e note di crosta di pane quasi bruciata.","Il formaggio ha un aroma di cacao, note lattiche cotte e note di crosta di pane quasi bruciata."
data/images_flat/2018-2019_Trentingrana__2019-01-16__P6b_338_fetta.bmp,Aroma,Aroma non tipico del grana.,Il formaggio ha un aroma non tipico del grana.
data/images_flat/2018-2019_Trentingrana__2019-01-16__P6b_338_fetta.bmp,Aroma,Aroma di latte e panna.,Il formaggio ha un aroma di latte e panna.
data/images_flat/2018-2019_Trentingrana__2019-01-16__P6b_338_fetta.bmp,Aroma,Aroma di latte cotto.,Il formaggio ha un aroma di latte cotto.
data/images_flat/2018-2019_Trentingrana__2019-01-16__P5a_330_grana.bmp,Aroma,"Aroma con note di emmental e propioniche, frutta tropicale, poco complesso e poco caratteristico.","Il formaggio ha un aroma con note di emmental e propioniche, frutta tropicale, poco complesso e poco caratteristico."
data/images_flat/2018-2019_Trentingrana__2019-01-16__P5a_330_grana.bmp,Aroma,"Aroma di latte cotto, burro fuso, leggero e tostato.","Il formaggio ha un aroma di latte cotto, burro fuso, leggero e tostato."
data/images_flat/2018-2019_Trentingrana__2019-01-16__P5a_330_grana.bmp,Aroma,Aroma poco intenso.,Il formaggio ha un aroma poco intenso.
data/images_flat/2018-2019_Trentingrana__2019-01-16__P5a_330_grana.bmp,Aroma,"Aroma di latticello fermentato, note lattiche cotte, crosta pulita.","Il formaggio ha un aroma di latticello fermentato, note lattiche cotte, crosta pulita."
data/images_flat/2018-2019_Trentingrana__2019-01-16__P5a_330_grana.bmp,Aroma,Aroma difettoso.,Il formaggio ha un aroma difettoso.
data/images_flat/2018-2019_Trentingrana__2019-01-16__P5a_330_grana.bmp,Aroma,Aroma di crosta di formaggio.,Il formaggio ha un aroma di crosta di formaggio.
data/images_flat/2018-2019_Trentingrana__2019-01-16__P5a_330_grana.bmp,Aroma,Aroma di brodo vegetale.,Il formaggio ha un aroma di brodo vegetale.
data/images_flat/2018-2019_Trentingrana__2019-01-16__P1a_306_fetta.bmp,Aroma,"Aroma di burro fuso, panna e brodo di carne, equilibrato.","Il formaggio ha un aroma di burro fuso, panna e brodo di carne, equilibrato."
data/images_flat/2018-2019_Trentingrana__2019-01-16__P1a_306_fetta.bmp,Aroma,"Aroma di latte cotto, burro e panna con nota tostata finale.","Il formaggio ha un aroma di latte cotto, burro e panna con nota tostata finale."
data/images_flat/2018-2019_Trentingrana__2019-01-16__P1a_306_fetta.bmp,Aroma,"Aroma di formaggio cotto e burro fuso, leggeri e non fastidiosi.","Il formaggio ha un aroma di formaggio cotto e burro fuso, leggeri e non fastidiosi."
data/images_flat/2018-2019_Trentingrana__2019-01-16__P1a_306_fetta.bmp,Aroma,"Aroma di animale, paglia e letame.","Il formaggio ha un aroma di animale, paglia e letame."
data/images_flat/2018-2019_Trentingrana__2019-01-16__P1a_306_fetta.bmp,Aroma,Aroma di lattici cotti e brodo animale.,Il formaggio ha un aroma di lattici cotti e brodo animale.
data/images_flat/2018-2019_Trentingrana__2019-01-16__P1a_306_fetta.bmp,Aroma,Aroma di crosta di formaggio.,Il formaggio ha un aroma di crosta di formaggio.
data/images_flat/2018-2019_Trentingrana__2019-01-16__P1a_306_fetta.bmp,Aroma,Aroma di latte.,Il formaggio ha un aroma di latte.
data/images_flat/2018-2019_Trentingrana__2019-01-16__P2a_313_fetta.bmp,Aroma,"Aroma di panna, burro e crosta di formaggio.","Il formaggio ha un aroma di panna, burro e crosta di formaggio."
data/images_flat/2018-2019_Trentingrana__2019-01-16__P2a_313_fetta.bmp,Aroma,"Aroma di latte cotto, burro e panna.","Il formaggio ha un aroma di latte cotto, burro e panna."
data/images_flat/2018-2019_Trentingrana__2019-01-16__P2a_313_fetta.bmp,Aroma,"Aroma di panna e burro con nota di crosta di formaggio, leggerissima nota animale di stalla, non negativa.","Il formaggio ha un aroma di panna e burro con nota di crosta di formaggio, leggerissima nota animale di stalla, non negativa."
data/images_flat/2018-2019_Trentingrana__2019-01-16__P2a_313_fetta.bmp,Aroma,"Aroma di panna vegetale, non caratteristico del grana.","Il formaggio ha un aroma di panna vegetale, non caratteristico del grana."
data/images_flat/2018-2019_Trentingrana__2019-01-16__P2a_313_fetta.bmp,Aroma,Aroma leggero e piacevole.,Il formaggio ha un aroma leggero e piacevole.
data/images_flat/2018-2019_Trentingrana__2019-01-16__P2a_313_fetta.bmp,Aroma,Aroma di crosta di grana e brodo di carne.,Il formaggio ha un aroma di crosta di grana e brodo di carne.
data/images_flat/2018-2019_Trentingrana__2019-01-16__P2a_313_fetta.bmp,Aroma,Aroma di leggera crosta.,Il formaggio ha un aroma di leggera crosta.
data/images_flat/2018-2019_Trentingrana__2019-01-16__P2a_313_fetta.bmp,Aroma,Aroma di crosta di formaggio.,Il formaggio ha un aroma di crosta di formaggio.
data/images_flat/2018-2019_Trentingrana__2019-01-16__P4b_319_grana.bmp,Aroma,"Aroma poco caratteristico, propionico e di brodo animale, tipo emmental.","Il formaggio ha un aroma poco caratteristico, propionico e di brodo animale, tipo emmental."
data/images_flat/2018-2019_Trentingrana__2019-01-16__P4b_319_grana.bmp,Aroma,Aroma vegetale e tostato leggermente.,Il formaggio ha un aroma vegetale e tostato leggermente.
data/images_flat/2018-2019_Trentingrana__2019-01-16__P4b_319_grana.bmp,Aroma,Aroma di panna e burro.,Il formaggio ha un aroma di panna e burro.
data/images_flat/2018-2019_Trentingrana__2019-01-16__P4b_319_grana.bmp,Aroma,"Aroma di panna con note di cotto e bruciato, leggero.","Il formaggio ha un aroma di panna con note di cotto e bruciato, leggero."
data/images_flat/2018-2019_Trentingrana__2019-01-16__P4b_319_grana.bmp,Aroma,Aroma di latte cotto e burro fuso.,Il formaggio ha un aroma di latte cotto e burro fuso.
data/images_flat/2018-2019_Trentingrana__2019-01-16__P4b_319_grana.bmp,Aroma,"Aroma di latte cotto eccessivo, cacao, caramello e brodo di carne.","Il formaggio ha un aroma di latte cotto eccessivo, cacao, caramello e brodo di carne."
data/images_flat/2018-2019_Trentingrana__2019-01-16__P4b_319_grana.bmp,Aroma,Aroma non da grana biscotto.,Il formaggio ha un aroma non da grana biscotto.
data/images_flat/2018-2019_Trentingrana__2019-01-16__P4b_319_grana.bmp,Aroma,Aroma di latte e panna.,Il formaggio ha un aroma di latte e panna.
data/images_flat/2018-2019_Trentingrana__2019-01-16__P3b_316_fetta.bmp,Aroma,"Aroma con note di sapone e ossidato, meno sgradevole che al naso.","Il formaggio ha un aroma con note di sapone e ossidato, meno sgradevole che al naso."
data/images_flat/2018-2019_Trentingrana__2019-01-16__P3b_316_fetta.bmp,Aroma,"Aroma di panna, burro, latte cotto e tostato, leggero.","Il formaggio ha un aroma di panna, burro, latte cotto e tostato, leggero."
data/images_flat/2018-2019_Trentingrana__2019-01-16__P3b_316_fetta.bmp,Aroma,Aroma di brodo animale e leggermente di crosta.,Il formaggio ha un aroma di brodo animale e leggermente di crosta.
data/images_flat/2018-2019_Trentingrana__2019-01-16__P3b_316_fetta.bmp,Aroma,Aroma vegetale balsamico.,Il formaggio ha un aroma vegetale balsamico.
data/images_flat/2018-2019_Trentingrana__2019-01-16__P3b_316_fetta.bmp,Aroma,Aroma leggermente stantio.,Il formaggio ha un aroma leggermente stantio.
data/images_flat/2018-2019_Trentingrana__2019-01-16__P3b_316_fetta.bmp,Aroma,Aroma piacevole ma non tipico del grana.,Il formaggio ha un aroma piacevole ma non tipico del grana.
data/images_flat/2018-2019_Trentingrana__2019-01-16__P3b_316_fetta.bmp,Aroma,"Aroma di nocciola tostata, caramello scuro e brodo di carne.","Il formaggio ha un aroma di nocciola tostata, caramello scuro e brodo di carne."
data/images_flat/2018-2019_Trentingrana__2019-01-16__P3b_316_fetta.bmp,Aroma,Aroma difettoso.,Il formaggio ha un aroma difettoso.
data/images_flat/2018-2019_Trentingrana__2019-01-16__P3b_316_fetta.bmp,Aroma,Aroma di crosta di formaggio.,Il formaggio ha un aroma di crosta di formaggio.
data/images_flat/2018-2019_Trentingrana__2019-01-16__P3a_316_fetta.bmp,Aroma,"Aroma con note di sapone e ossidato, meno sgradevole che al naso.","Il formaggio ha un aroma con note di sapone e ossidato, meno sgradevole che al naso."
data/images_flat/2018-2019_Trentingrana__2019-01-16__P3a_316_fetta.bmp,Aroma,"Aroma di panna, burro, latte cotto e tostato, leggero.","Il formaggio ha un aroma di panna, burro, latte cotto e tostato, leggero."
data/images_flat/2018-2019_Trentingrana__2019-01-16__P3a_316_fetta.bmp,Aroma,Aroma di brodo animale e leggermente di crosta.,Il formaggio ha un aroma di brodo animale e leggermente di crosta.
data/images_flat/2018-2019_Trentingrana__2019-01-16__P3a_316_fetta.bmp,Aroma,Aroma vegetale balsamico.,Il formaggio ha un aroma vegetale balsamico.
data/images_flat/2018-2019_Trentingrana__2019-01-16__P3a_316_fetta.bmp,Aroma,Aroma leggermente stantio.,Il formaggio ha un aroma leggermente stantio.
data/images_flat/2018-2019_Trentingrana__2019-01-16__P3a_316_fetta.bmp,Aroma,Aroma piacevole ma non tipico del grana.,Il formaggio ha un aroma piacevole ma non tipico del grana.
data/images_flat/2018-2019_Trentingrana__2019-01-16__P3a_316_fetta.bmp,Aroma,"Aroma di nocciola tostata, caramello scuro e brodo di carne.","Il formaggio ha un aroma di nocciola tostata, caramello scuro e brodo di carne."
data/images_flat/2018-2019_Trentingrana__2019-01-16__P3a_316_fetta.bmp,Aroma,Aroma difettoso.,Il formaggio ha un aroma difettoso.
data/images_flat/2018-2019_Trentingrana__2019-01-16__P3a_316_fetta.bmp,Aroma,Aroma di crosta di formaggio.,Il formaggio ha un aroma di crosta di formaggio.
data/images_flat/2018-2019_Trentingrana__2019-01-16__P4a_319_grana.bmp,Aroma,"Aroma poco caratteristico, propionico e di brodo animale, tipo emmental.","Il formaggio ha un aroma poco caratteristico, propionico e di brodo animale, tipo emmental."
data/images_flat/2018-2019_Trentingrana__2019-01-16__P4a_319_grana.bmp,Aroma,Aroma vegetale e tostato leggermente.,Il formaggio ha un aroma vegetale e tostato leggermente.
data/images_flat/2018-2019_Trentingrana__2019-01-16__P4a_319_grana.bmp,Aroma,Aroma di panna e burro.,Il formaggio ha un aroma di panna e burro.
data/images_flat/2018-2019_Trentingrana__2019-01-16__P4a_319_grana.bmp,Aroma,"Aroma di panna con note di cotto e bruciato, leggero.","Il formaggio ha un aroma di panna con note di cotto e bruciato, leggero."
data/images_flat/2018-2019_Trentingrana__2019-01-16__P4a_319_grana.bmp,Aroma,Aroma di latte cotto e burro fuso.,Il formaggio ha un aroma di latte cotto e burro fuso.
data/images_flat/2018-2019_Trentingrana__2019-01-16__P4a_319_grana.bmp,Aroma,"Aroma di latte cotto eccessivo, cacao, caramello e brodo di carne.","Il formaggio ha un aroma di latte cotto eccessivo, cacao, caramello e brodo di carne."
data/images_flat/2018-2019_Trentingrana__2019-01-16__P4a_319_grana.bmp,Aroma,Aroma non da grana biscotto.,Il formaggio ha un aroma non da grana biscotto.
data/images_flat/2018-2019_Trentingrana__2019-01-16__P4a_319_grana.bmp,Aroma,Aroma di latte e panna.,Il formaggio ha un aroma di latte e panna.
data/images_flat/2018-2019_Trentingrana__2019-01-16__P6a_338_grana.bmp,Aroma,Aroma poco caratteristico con note di marcio.,Il formaggio ha un aroma poco caratteristico con note di marcio.
data/images_flat/2018-2019_Trentingrana__2019-01-16__P6a_338_grana.bmp,Aroma,Aroma tostato prevalente con note di vegetale cotto.,Il formaggio ha un aroma tostato prevalente con note di vegetale cotto.
data/images_flat/2018-2019_Trentingrana__2019-01-16__P6a_338_grana.bmp,Aroma,Aroma tostato e glutammato piuttosto forti.,Il formaggio ha un aroma tostato e glutammato piuttosto forti.
data/images_flat/2018-2019_Trentingrana__2019-01-16__P6a_338_grana.bmp,Aroma,Aroma vegetale non tipico del grana.,Il formaggio ha un aroma vegetale non tipico del grana.
data/images_flat/2018-2019_Trentingrana__2019-01-16__P6a_338_grana.bmp,Aroma,Aroma di cavolfiore.,Il formaggio ha un aroma di cavolfiore.
data/images_flat/2018-2019_Trentingrana__2019-01-16__P6a_338_grana.bmp,Aroma,Aroma leggermente cotto.,Il formaggio ha un aroma leggermente cotto.
data/images_flat/2018-2019_Trentingrana__2019-01-16__P6a_338_grana.bmp,Aroma,Aroma di formaggio non tipico del Trentingrana.,Il formaggio ha un aroma di formaggio non tipico del Trentingrana.
data/images_flat/2018-2019_Trentingrana__2019-01-16__P6a_338_grana.bmp,Aroma,"Aroma di cacao, note lattiche cotte e note di crosta di pane quasi bruciata.","Il formaggio ha un aroma di cacao, note lattiche cotte e note di crosta di pane quasi bruciata."
data/images_flat/2018-2019_Trentingrana__2019-01-16__P6a_338_grana.bmp,Aroma,Aroma non tipico del grana.,Il formaggio ha un aroma non tipico del grana.
data/images_flat/2018-2019_Trentingrana__2019-01-16__P6a_338_grana.bmp,Aroma,Aroma di latte e panna.,Il formaggio ha un aroma di latte e panna.
data/images_flat/2018-2019_Trentingrana__2019-01-16__P6a_338_grana.bmp,Aroma,Aroma di latte cotto.,Il formaggio ha un aroma di latte cotto.
data/images_flat/2018-2019_Trentingrana__2019-01-16__P2b_313_grana.bmp,Aroma,"Aroma di panna, burro e crosta di formaggio.","Il formaggio ha un aroma di panna, burro e crosta di formaggio."
data/images_flat/2018-2019_Trentingrana__2019-01-16__P2b_313_grana.bmp,Aroma,"Aroma di latte cotto, burro e panna.","Il formaggio ha un aroma di latte cotto, burro e panna."
data/images_flat/2018-2019_Trentingrana__2019-01-16__P2b_313_grana.bmp,Aroma,"Aroma di panna e burro con nota di crosta di formaggio, leggerissima nota animale di stalla, non negativa.","Il formaggio ha un aroma di panna e burro con nota di crosta di formaggio, leggerissima nota animale di stalla, non negativa."
data/images_flat/2018-2019_Trentingrana__2019-01-16__P2b_313_grana.bmp,Aroma,"Aroma di panna vegetale, non caratteristico del grana.","Il formaggio ha un aroma di panna vegetale, non caratteristico del grana."
data/images_flat/2018-2019_Trentingrana__2019-01-16__P2b_313_grana.bmp,Aroma,Aroma leggero e piacevole.,Il formaggio ha un aroma leggero e piacevole.
data/images_flat/2018-2019_Trentingrana__2019-01-16__P2b_313_grana.bmp,Aroma,Aroma di crosta di grana e brodo di carne.,Il formaggio ha un aroma di crosta di grana e brodo di carne.
data/images_flat/2018-2019_Trentingrana__2019-01-16__P2b_313_grana.bmp,Aroma,Aroma di leggera crosta.,Il formaggio ha un aroma di leggera crosta.
data/images_flat/2018-2019_Trentingrana__2019-01-16__P2b_313_grana.bmp,Aroma,Aroma di crosta di formaggio.,Il formaggio ha un aroma di crosta di formaggio.
data/images_flat/2018-2019_Trentingrana__2019-01-16__P5b_330_fetta.bmp,Aroma,"Aroma con note di emmental e propioniche, frutta tropicale, poco complesso e poco caratteristico.","Il formaggio ha un aroma con note di emmental e propioniche, frutta tropicale, poco complesso e poco caratteristico."
data/images_flat/2018-2019_Trentingrana__2019-01-16__P5b_330_fetta.bmp,Aroma,"Aroma di latte cotto, burro fuso, leggero e tostato.","Il formaggio ha un aroma di latte cotto, burro fuso, leggero e tostato."
data/images_flat/2018-2019_Trentingrana__2019-01-16__P5b_330_fetta.bmp,Aroma,Aroma poco intenso.,Il formaggio ha un aroma poco intenso.
data/images_flat/2018-2019_Trentingrana__2019-01-16__P5b_330_fetta.bmp,Aroma,"Aroma di latticello fermentato, note lattiche cotte, crosta pulita.","Il formaggio ha un aroma di latticello fermentato, note lattiche cotte, crosta pulita."
data/images_flat/2018-2019_Trentingrana__2019-01-16__P5b_330_fetta.bmp,Aroma,Aroma difettoso.,Il formaggio ha un aroma difettoso.
data/images_flat/2018-2019_Trentingrana__2019-01-16__P5b_330_fetta.bmp,Aroma,Aroma di crosta di formaggio.,Il formaggio ha un aroma di crosta di formaggio.
data/images_flat/2018-2019_Trentingrana__2019-01-16__P5b_330_fetta.bmp,Aroma,Aroma di brodo vegetale.,Il formaggio ha un aroma di brodo vegetale.
data/images_flat/2018-2019_Trentingrana__2019-01-16__P1b_306_grana.bmp,Aroma,"Aroma di burro fuso, panna e brodo di carne, equilibrato.","Il formaggio ha un aroma di burro fuso, panna e brodo di carne, equilibrato."
data/images_flat/2018-2019_Trentingrana__2019-01-16__P1b_306_grana.bmp,Aroma,"Aroma di latte cotto, burro e panna con nota tostata finale.","Il formaggio ha un aroma di latte cotto, burro e panna con nota tostata finale."
data/images_flat/2018-2019_Trentingrana__2019-01-16__P1b_306_grana.bmp,Aroma,"Aroma di formaggio cotto e burro fuso, leggeri e non fastidiosi.","Il formaggio ha un aroma di formaggio cotto e burro fuso, leggeri e non fastidiosi."
data/images_flat/2018-2019_Trentingrana__2019-01-16__P1b_306_grana.bmp,Aroma,"Aroma di animale, paglia e letame.","Il formaggio ha un aroma di animale, paglia e letame."
data/images_flat/2018-2019_Trentingrana__2019-01-16__P1b_306_grana.bmp,Aroma,Aroma di lattici cotti e brodo animale.,Il formaggio ha un aroma di lattici cotti e brodo animale.
data/images_flat/2018-2019_Trentingrana__2019-01-16__P1b_306_grana.bmp,Aroma,Aroma di crosta di formaggio.,Il formaggio ha un aroma di crosta di formaggio.
data/images_flat/2018-2019_Trentingrana__2019-01-16__P1b_306_grana.bmp,Aroma,Aroma di latte.,Il formaggio ha un aroma di latte.
data/images_flat/2018-2019_Trentingrana__2019-01-16__P2a_313_grana.bmp,Aroma,"Aroma di panna, burro e crosta di formaggio.","Il formaggio ha un aroma di panna, burro e crosta di formaggio."
data/images_flat/2018-2019_Trentingrana__2019-01-16__P2a_313_grana.bmp,Aroma,"Aroma di latte cotto, burro e panna.","Il formaggio ha un aroma di latte cotto, burro e panna."
data/images_flat/2018-2019_Trentingrana__2019-01-16__P2a_313_grana.bmp,Aroma,"Aroma di panna e burro con nota di crosta di formaggio, leggerissima nota animale di stalla, non negativa.","Il formaggio ha un aroma di panna e burro con nota di crosta di formaggio, leggerissima nota animale di stalla, non negativa."
data/images_flat/2018-2019_Trentingrana__2019-01-16__P2a_313_grana.bmp,Aroma,"Aroma di panna vegetale, non caratteristico del grana.","Il formaggio ha un aroma di panna vegetale, non caratteristico del grana."
data/images_flat/2018-2019_Trentingrana__2019-01-16__P2a_313_grana.bmp,Aroma,Aroma leggero e piacevole.,Il formaggio ha un aroma leggero e piacevole.
data/images_flat/2018-2019_Trentingrana__2019-01-16__P2a_313_grana.bmp,Aroma,Aroma di crosta di grana e brodo di carne.,Il formaggio ha un aroma di crosta di grana e brodo di carne.
data/images_flat/2018-2019_Trentingrana__2019-01-16__P2a_313_grana.bmp,Aroma,Aroma di leggera crosta.,Il formaggio ha un aroma di leggera crosta.
data/images_flat/2018-2019_Trentingrana__2019-01-16__P2a_313_grana.bmp,Aroma,Aroma di crosta di formaggio.,Il formaggio ha un aroma di crosta di formaggio.
data/images_flat/2018-2019_Trentingrana__2019-01-16__P1a_306_grana.bmp,Aroma,"Aroma di burro fuso, panna e brodo di carne, equilibrato.","Il formaggio ha un aroma di burro fuso, panna e brodo di carne, equilibrato."
data/images_flat/2018-2019_Trentingrana__2019-01-16__P1a_306_grana.bmp,Aroma,"Aroma di latte cotto, burro e panna con nota tostata finale.","Il formaggio ha un aroma di latte cotto, burro e panna con nota tostata finale."
data/images_flat/2018-2019_Trentingrana__2019-01-16__P1a_306_grana.bmp,Aroma,"Aroma di formaggio cotto e burro fuso, leggeri e non fastidiosi.","Il formaggio ha un aroma di formaggio cotto e burro fuso, leggeri e non fastidiosi."
data/images_flat/2018-2019_Trentingrana__2019-01-16__P1a_306_grana.bmp,Aroma,"Aroma di animale, paglia e letame.","Il formaggio ha un aroma di animale, paglia e letame."
data/images_flat/2018-2019_Trentingrana__2019-01-16__P1a_306_grana.bmp,Aroma,Aroma di lattici cotti e brodo animale.,Il formaggio ha un aroma di lattici cotti e brodo animale.
data/images_flat/2018-2019_Trentingrana__2019-01-16__P1a_306_grana.bmp,Aroma,Aroma di crosta di formaggio.,Il formaggio ha un aroma di crosta di formaggio.
data/images_flat/2018-2019_Trentingrana__2019-01-16__P1a_306_grana.bmp,Aroma,Aroma di latte.,Il formaggio ha un aroma di latte.
data/images_flat/2018-2019_Trentingrana__2019-01-16__P5a_330_fetta.bmp,Aroma,"Aroma con note di emmental e propioniche, frutta tropicale, poco complesso e poco caratteristico.","Il formaggio ha un aroma con note di emmental e propioniche, frutta tropicale, poco complesso e poco caratteristico."
data/images_flat/2018-2019_Trentingrana__2019-01-16__P5a_330_fetta.bmp,Aroma,"Aroma di latte cotto, burro fuso, leggero e tostato.","Il formaggio ha un aroma di latte cotto, burro fuso, leggero e tostato."
data/images_flat/2018-2019_Trentingrana__2019-01-16__P5a_330_fetta.bmp,Aroma,Aroma poco intenso.,Il formaggio ha un aroma poco intenso.
data/images_flat/2018-2019_Trentingrana__2019-01-16__P5a_330_fetta.bmp,Aroma,"Aroma di latticello fermentato, note lattiche cotte, crosta pulita.","Il formaggio ha un aroma di latticello fermentato, note lattiche cotte, crosta pulita."
data/images_flat/2018-2019_Trentingrana__2019-01-16__P5a_330_fetta.bmp,Aroma,Aroma difettoso.,Il formaggio ha un aroma difettoso.
data/images_flat/2018-2019_Trentingrana__2019-01-16__P5a_330_fetta.bmp,Aroma,Aroma di crosta di formaggio.,Il formaggio ha un aroma di crosta di formaggio.
data/images_flat/2018-2019_Trentingrana__2019-01-16__P5a_330_fetta.bmp,Aroma,Aroma di brodo vegetale.,Il formaggio ha un aroma di brodo vegetale.
data/images_flat/2018-2019_Trentingrana__2019-01-16__P6b_338_grana.bmp,Aroma,Aroma poco caratteristico con note di marcio.,Il formaggio ha un aroma poco caratteristico con note di marcio.
data/images_flat/2018-2019_Trentingrana__2019-01-16__P6b_338_grana.bmp,Aroma,Aroma tostato prevalente con note di vegetale cotto.,Il formaggio ha un aroma tostato prevalente con note di vegetale cotto.
data/images_flat/2018-2019_Trentingrana__2019-01-16__P6b_338_grana.bmp,Aroma,Aroma tostato e glutammato piuttosto forti.,Il formaggio ha un aroma tostato e glutammato piuttosto forti.
data/images_flat/2018-2019_Trentingrana__2019-01-16__P6b_338_grana.bmp,Aroma,Aroma vegetale non tipico del grana.,Il formaggio ha un aroma vegetale non tipico del grana.
data/images_flat/2018-2019_Trentingrana__2019-01-16__P6b_338_grana.bmp,Aroma,Aroma di cavolfiore.,Il formaggio ha un aroma di cavolfiore.
data/images_flat/2018-2019_Trentingrana__2019-01-16__P6b_338_grana.bmp,Aroma,Aroma leggermente cotto.,Il formaggio ha un aroma leggermente cotto.
data/images_flat/2018-2019_Trentingrana__2019-01-16__P6b_338_grana.bmp,Aroma,Aroma di formaggio non tipico del Trentingrana.,Il formaggio ha un aroma di formaggio non tipico del Trentingrana.
data/images_flat/2018-2019_Trentingrana__2019-01-16__P6b_338_grana.bmp,Aroma,"Aroma di cacao, note lattiche cotte e note di crosta di pane quasi bruciata.","Il formaggio ha un aroma di cacao, note lattiche cotte e note di crosta di pane quasi bruciata."
data/images_flat/2018-2019_Trentingrana__2019-01-16__P6b_338_grana.bmp,Aroma,Aroma non tipico del grana.,Il formaggio ha un aroma non tipico del grana.
data/images_flat/2018-2019_Trentingrana__2019-01-16__P6b_338_grana.bmp,Aroma,Aroma di latte e panna.,Il formaggio ha un aroma di latte e panna.
data/images_flat/2018-2019_Trentingrana__2019-01-16__P6b_338_grana.bmp,Aroma,Aroma di latte cotto.,Il formaggio ha un aroma di latte cotto.
data/images_flat/2018-2019_Trentingrana__2018-10-03__P6b_330_grana.bmp,Aroma,"Aroma lattico di burro fuso con lievi note lattiche acide, equilibrato nel complesso.","Il formaggio ha un aroma lattico di burro fuso con lievi note lattiche acide, equilibrato nel complesso."
data/images_flat/2018-2019_Trentingrana__2018-10-03__P6b_330_grana.bmp,Aroma,Aroma povero di carattere.,Il formaggio ha un aroma povero di carattere.
data/images_flat/2018-2019_Trentingrana__2018-10-03__P6b_330_grana.bmp,Aroma,Aroma cotto.,Il formaggio ha un aroma cotto.
data/images_flat/2018-2019_Trentingrana__2018-10-03__P6b_330_grana.bmp,Aroma,Aroma lattico acido.,Il formaggio ha un aroma lattico acido.
data/images_flat/2018-2019_Trentingrana__2018-10-03__P6b_330_grana.bmp,Aroma,Aroma di burro e grana.,Il formaggio ha un aroma di burro e grana.
data/images_flat/2018-2019_Trentingrana__2018-10-03__P6b_330_grana.bmp,Aroma,Aroma con puzza indefinita.,Il formaggio ha un aroma con puzza indefinita.
data/images_flat/2018-2019_Trentingrana__2018-10-03__P6b_330_grana.bmp,Aroma,Aroma cotto intenso.,Il formaggio ha un aroma cotto intenso.
data/images_flat/2018-2019_Trentingrana__2018-10-03__P3b_319_fetta.bmp,Aroma,"Aroma lattico di latte cotto, burro cotto, vegetale di fieno e animale di glutammato, equilibrato.","Il formaggio ha un aroma lattico di latte cotto, burro cotto, vegetale di fieno e animale di glutammato, equilibrato."
data/images_flat/2018-2019_Trentingrana__2018-10-03__P3b_319_fetta.bmp,Aroma,Aroma vegetale erbaceo.,Il formaggio ha un aroma vegetale erbaceo.
data/images_flat/2018-2019_Trentingrana__2018-10-03__P3b_319_fetta.bmp,Aroma,Aroma cotto vegetale.,Il formaggio ha un aroma cotto vegetale.
data/images_flat/2018-2019_Trentingrana__2018-10-03__P3b_319_fetta.bmp,Aroma,"Aroma di formaggio vecchio, ossidato e passato.","Il formaggio ha un aroma di formaggio vecchio, ossidato e passato."
data/images_flat/2018-2019_Trentingrana__2018-10-03__P3b_319_fetta.bmp,Aroma,Aroma strano.,Il formaggio ha un aroma strano.
data/images_flat/2018-2019_Trentingrana__2018-10-03__P3b_319_fetta.bmp,Aroma,Aroma debole.,Il formaggio ha un aroma debole.
data/images_flat/2018-2019_Trentingrana__2018-10-03__P3b_319_fetta.bmp,Aroma,Aroma bruciato.,Il formaggio ha un aroma bruciato.
data/images_flat/2018-2019_Trentingrana__2018-10-03__P4b_323_grana.bmp,Aroma,"Aroma con note lattiche, sentore di crosta e cantina, leggermente ossidato.","Il formaggio ha un aroma con note lattiche, sentore di crosta e cantina, leggermente ossidato."
data/images_flat/2018-2019_Trentingrana__2018-10-03__P4b_323_grana.bmp,Aroma,Aroma di latte cotto.,Il formaggio ha un aroma di latte cotto.
data/images_flat/2018-2019_Trentingrana__2018-10-03__P4b_323_grana.bmp,Aroma,Aroma con leggere note da grana.,Il formaggio ha un aroma con leggere note da grana.
data/images_flat/2018-2019_Trentingrana__2018-10-03__P4a_323_grana.bmp,Aroma,"Aroma con note lattiche, sentore di crosta e cantina, leggermente ossidato.","Il formaggio ha un aroma con note lattiche, sentore di crosta e cantina, leggermente ossidato."
data/images_flat/2018-2019_Trentingrana__2018-10-03__P4a_323_grana.bmp,Aroma,Aroma di latte cotto.,Il formaggio ha un aroma di latte cotto.
data/images_flat/2018-2019_Trentingrana__2018-10-03__P4a_323_grana.bmp,Aroma,Aroma con leggere note da grana.,Il formaggio ha un aroma con leggere note da grana.
data/images_flat/2018-2019_Trentingrana__2018-10-03__P6a_330_grana.bmp,Aroma,"Aroma lattico di burro fuso con lievi note lattiche acide, equilibrato nel complesso.","Il formaggio ha un aroma lattico di burro fuso con lievi note lattiche acide, equilibrato nel complesso."
data/images_flat/2018-2019_Trentingrana__2018-10-03__P6a_330_grana.bmp,Aroma,Aroma povero di carattere.,Il formaggio ha un aroma povero di carattere.
data/images_flat/2018-2019_Trentingrana__2018-10-03__P6a_330_grana.bmp,Aroma,Aroma cotto.,Il formaggio ha un aroma cotto.
data/images_flat/2018-2019_Trentingrana__2018-10-03__P6a_330_grana.bmp,Aroma,Aroma lattico acido.,Il formaggio ha un aroma lattico acido.
data/images_flat/2018-2019_Trentingrana__2018-10-03__P6a_330_grana.bmp,Aroma,Aroma di burro e grana.,Il formaggio ha un aroma di burro e grana.
data/images_flat/2018-2019_Trentingrana__2018-10-03__P6a_330_grana.bmp,Aroma,Aroma con puzza indefinita.,Il formaggio ha un aroma con puzza indefinita.
data/images_flat/2018-2019_Trentingrana__2018-10-03__P6a_330_grana.bmp,Aroma,Aroma cotto intenso.,Il formaggio ha un aroma cotto intenso.
data/images_flat/2018-2019_Trentingrana__2018-10-03__P3a_319_fetta.bmp,Aroma,"Aroma lattico di latte cotto, burro cotto, vegetale di fieno e animale di glutammato, equilibrato.","Il formaggio ha un aroma lattico di latte cotto, burro cotto, vegetale di fieno e animale di glutammato, equilibrato."
data/images_flat/2018-2019_Trentingrana__2018-10-03__P3a_319_fetta.bmp,Aroma,Aroma vegetale erbaceo.,Il formaggio ha un aroma vegetale erbaceo.
data/images_flat/2018-2019_Trentingrana__2018-10-03__P3a_319_fetta.bmp,Aroma,Aroma cotto vegetale.,Il formaggio ha un aroma cotto vegetale.
data/images_flat/2018-2019_Trentingrana__2018-10-03__P3a_319_fetta.bmp,Aroma,"Aroma di formaggio vecchio, ossidato e passato.","Il formaggio ha un aroma di formaggio vecchio, ossidato e passato."
data/images_flat/2018-2019_Trentingrana__2018-10-03__P3a_319_fetta.bmp,Aroma,Aroma strano.,Il formaggio ha un aroma strano.
data/images_flat/2018-2019_Trentingrana__2018-10-03__P3a_319_fetta.bmp,Aroma,Aroma debole.,Il formaggio ha un aroma debole.
data/images_flat/2018-2019_Trentingrana__2018-10-03__P3a_319_fetta.bmp,Aroma,Aroma bruciato.,Il formaggio ha un aroma bruciato.
data/images_flat/2018-2019_Trentingrana__2018-10-03__P1a_302_grana.bmp,Aroma,Aroma lattico netto di burro fuso con lieve sentore propionico.,Il formaggio ha un aroma lattico netto di burro fuso con lieve sentore propionico.
data/images_flat/2018-2019_Trentingrana__2018-10-03__P1a_302_grana.bmp,Aroma,Aroma da nostrano più che da grana.,Il formaggio ha un aroma da nostrano più che da grana.
data/images_flat/2018-2019_Trentingrana__2018-10-03__P1a_302_grana.bmp,Aroma,Aroma di minestrone di verdure.,Il formaggio ha un aroma di minestrone di verdure.
data/images_flat/2018-2019_Trentingrana__2018-10-03__P1a_302_grana.bmp,Aroma,Aroma di burro piacevole.,Il formaggio ha un aroma di burro piacevole.
data/images_flat/2018-2019_Trentingrana__2018-10-03__P1a_302_grana.bmp,Aroma,Aroma pungente e fermentato.,Il formaggio ha un aroma pungente e fermentato.
data/images_flat/2018-2019_Trentingrana__2018-10-03__P5b_326_fetta.bmp,Aroma,Aroma mediamente intenso con note di formaggio cotto e crosta.,Il formaggio ha un aroma mediamente intenso con note di formaggio cotto e crosta.
data/images_flat/2018-2019_Trentingrana__2018-10-03__P5b_326_fetta.bmp,Aroma,Aroma non tipico del grana.,Il formaggio ha un aroma non tipico del grana.
data/images_flat/2018-2019_Trentingrana__2018-10-03__P5b_326_fetta.bmp,Aroma,Aroma fermentato.,Il formaggio ha un aroma fermentato.
data/images_flat/2018-2019_Trentingrana__2018-10-03__P5b_326_fetta.bmp,Aroma,Aroma di brodo e burro.,Il formaggio ha un aroma di brodo e burro.
data/images_flat/2018-2019_Trentingrana__2018-10-03__P5b_326_fetta.bmp,Aroma,Aroma di cotto e stalla leggera.,Il formaggio ha un aroma di cotto e stalla leggera.
data/images_flat/2018-2019_Trentingrana__2018-10-03__P2b_305_grana.bmp,Aroma,Aroma lattico dominante con note fruttate e proprioniche.,Il formaggio ha un aroma lattico dominante con note fruttate e proprioniche.
data/images_flat/2018-2019_Trentingrana__2018-10-03__P2b_305_grana.bmp,Aroma,Aroma di brodo animale e vegetale.,Il formaggio ha un aroma di brodo animale e vegetale.
data/images_flat/2018-2019_Trentingrana__2018-10-03__P2b_305_grana.bmp,Aroma,Aroma di panna.,Il formaggio ha un aroma di panna.
data/images_flat/2018-2019_Trentingrana__2018-10-03__P2b_305_grana.bmp,Aroma,Aroma di latte cotto leggero.,Il formaggio ha un aroma di latte cotto leggero.
data/images_flat/2018-2019_Trentingrana__2018-10-03__P2b_305_grana.bmp,Aroma,Aroma di provolone.,Il formaggio ha un aroma di provolone.
data/images_flat/2018-2019_Trentingrana__2018-10-03__P2b_305_grana.bmp,Aroma,Aroma di crosta e cotto con note rancide.,Il formaggio ha un aroma di crosta e cotto con note rancide.
data/images_flat/2018-2019_Trentingrana__2018-10-03__P5a_326_fetta.bmp,Aroma,Aroma mediamente intenso con note di formaggio cotto e crosta.,Il formaggio ha un aroma mediamente intenso con note di formaggio cotto e crosta.
data/images_flat/2018-2019_Trentingrana__2018-10-03__P5a_326_fetta.bmp,Aroma,Aroma non tipico del grana.,Il formaggio ha un aroma non tipico del grana.
data/images_flat/2018-2019_Trentingrana__2018-10-03__P5a_326_fetta.bmp,Aroma,Aroma fermentato.,Il formaggio ha un aroma fermentato.
data/images_flat/2018-2019_Trentingrana__2018-10-03__P5a_326_fetta.bmp,Aroma,Aroma di brodo e burro.,Il formaggio ha un aroma di brodo e burro.
data/images_flat/2018-2019_Trentingrana__2018-10-03__P5a_326_fetta.bmp,Aroma,Aroma di cotto e stalla leggera.,Il formaggio ha un aroma di cotto e stalla leggera.
data/images_flat/2018-2019_Trentingrana__2018-10-03__P2a_305_grana.bmp,Aroma,Aroma lattico dominante con note fruttate e proprioniche.,Il formaggio ha un aroma lattico dominante con note fruttate e proprioniche.
data/images_flat/2018-2019_Trentingrana__2018-10-03__P2a_305_grana.bmp,Aroma,Aroma di brodo animale e vegetale.,Il formaggio ha un aroma di brodo animale e vegetale.
data/images_flat/2018-2019_Trentingrana__2018-10-03__P2a_305_grana.bmp,Aroma,Aroma di panna.,Il formaggio ha un aroma di panna.
data/images_flat/2018-2019_Trentingrana__2018-10-03__P2a_305_grana.bmp,Aroma,Aroma di latte cotto leggero.,Il formaggio ha un aroma di latte cotto leggero.
data/images_flat/2018-2019_Trentingrana__2018-10-03__P2a_305_grana.bmp,Aroma,Aroma di provolone.,Il formaggio ha un aroma di provolone.
data/images_flat/2018-2019_Trentingrana__2018-10-03__P2a_305_grana.bmp,Aroma,Aroma di crosta e cotto con note rancide.,Il formaggio ha un aroma di crosta e cotto con note rancide.
data/images_flat/2018-2019_Trentingrana__2018-10-03__P1b_302_grana.bmp,Aroma,Aroma lattico netto di burro fuso con lieve sentore propionico.,Il formaggio ha un aroma lattico netto di burro fuso con lieve sentore propionico.
data/images_flat/2018-2019_Trentingrana__2018-10-03__P1b_302_grana.bmp,Aroma,Aroma da nostrano più che da grana.,Il formaggio ha un aroma da nostrano più che da grana.
data/images_flat/2018-2019_Trentingrana__2018-10-03__P1b_302_grana.bmp,Aroma,Aroma di minestrone di verdure.,Il formaggio ha un aroma di minestrone di verdure.
data/images_flat/2018-2019_Trentingrana__2018-10-03__P1b_302_grana.bmp,Aroma,Aroma di burro piacevole.,Il formaggio ha un aroma di burro piacevole.
data/images_flat/2018-2019_Trentingrana__2018-10-03__P1b_302_grana.bmp,Aroma,Aroma pungente e fermentato.,Il formaggio ha un aroma pungente e fermentato.
data/images_flat/2018-2019_Trentingrana__2018-10-03__P4b_323_fetta.bmp,Aroma,"Aroma con note lattiche, sentore di crosta e cantina, leggermente ossidato.","Il formaggio ha un aroma con note lattiche, sentore di crosta e cantina, leggermente ossidato."
data/images_flat/2018-2019_Trentingrana__2018-10-03__P4b_323_fetta.bmp,Aroma,Aroma di latte cotto.,Il formaggio ha un aroma di latte cotto.
data/images_flat/2018-2019_Trentingrana__2018-10-03__P4b_323_fetta.bmp,Aroma,Aroma con leggere note da grana.,Il formaggio ha un aroma con leggere note da grana.
data/images_flat/2018-2019_Trentingrana__2018-10-03__P6b_330_fetta.bmp,Aroma,"Aroma lattico di burro fuso con lievi note lattiche acide, equilibrato nel complesso.","Il formaggio ha un aroma lattico di burro fuso con lievi note lattiche acide, equilibrato nel complesso."
data/images_flat/2018-2019_Trentingrana__2018-10-03__P6b_330_fetta.bmp,Aroma,Aroma povero di carattere.,Il formaggio ha un aroma povero di carattere.
data/images_flat/2018-2019_Trentingrana__2018-10-03__P6b_330_fetta.bmp,Aroma,Aroma cotto.,Il formaggio ha un aroma cotto.
data/images_flat/2018-2019_Trentingrana__2018-10-03__P6b_330_fetta.bmp,Aroma,Aroma lattico acido.,Il formaggio ha un aroma lattico acido.
data/images_flat/2018-2019_Trentingrana__2018-10-03__P6b_330_fetta.bmp,Aroma,Aroma di burro e grana.,Il formaggio ha un aroma di burro e grana.
data/images_flat/2018-2019_Trentingrana__2018-10-03__P6b_330_fetta.bmp,Aroma,Aroma con puzza indefinita.,Il formaggio ha un aroma con puzza indefinita.
data/images_flat/2018-2019_Trentingrana__2018-10-03__P6b_330_fetta.bmp,Aroma,Aroma cotto intenso.,Il formaggio ha un aroma cotto intenso.
data/images_flat/2018-2019_Trentingrana__2018-10-03__P3b_319_grana.bmp,Aroma,"Aroma lattico di latte cotto, burro cotto, vegetale di fieno e animale di glutammato, equilibrato.","Il formaggio ha un aroma lattico di latte cotto, burro cotto, vegetale di fieno e animale di glutammato, equilibrato."
data/images_flat/2018-2019_Trentingrana__2018-10-03__P3b_319_grana.bmp,Aroma,Aroma vegetale erbaceo.,Il formaggio ha un aroma vegetale erbaceo.
data/images_flat/2018-2019_Trentingrana__2018-10-03__P3b_319_grana.bmp,Aroma,Aroma cotto vegetale.,Il formaggio ha un aroma cotto vegetale.
data/images_flat/2018-2019_Trentingrana__2018-10-03__P3b_319_grana.bmp,Aroma,"Aroma di formaggio vecchio, ossidato e passato.","Il formaggio ha un aroma di formaggio vecchio, ossidato e passato."
data/images_flat/2018-2019_Trentingrana__2018-10-03__P3b_319_grana.bmp,Aroma,Aroma strano.,Il formaggio ha un aroma strano.
data/images_flat/2018-2019_Trentingrana__2018-10-03__P3b_319_grana.bmp,Aroma,Aroma debole.,Il formaggio ha un aroma debole.
data/images_flat/2018-2019_Trentingrana__2018-10-03__P3b_319_grana.bmp,Aroma,Aroma bruciato.,Il formaggio ha un aroma bruciato.
data/images_flat/2018-2019_Trentingrana__2018-10-03__P6a_330_fetta.bmp,Aroma,"Aroma lattico di burro fuso con lievi note lattiche acide, equilibrato nel complesso.","Il formaggio ha un aroma lattico di burro fuso con lievi note lattiche acide, equilibrato nel complesso."
data/images_flat/2018-2019_Trentingrana__2018-10-03__P6a_330_fetta.bmp,Aroma,Aroma povero di carattere.,Il formaggio ha un aroma povero di carattere.
data/images_flat/2018-2019_Trentingrana__2018-10-03__P6a_330_fetta.bmp,Aroma,Aroma cotto.,Il formaggio ha un aroma cotto.
data/images_flat/2018-2019_Trentingrana__2018-10-03__P6a_330_fetta.bmp,Aroma,Aroma lattico acido.,Il formaggio ha un aroma lattico acido.
data/images_flat/2018-2019_Trentingrana__2018-10-03__P6a_330_fetta.bmp,Aroma,Aroma di burro e grana.,Il formaggio ha un aroma di burro e grana.
data/images_flat/2018-2019_Trentingrana__2018-10-03__P6a_330_fetta.bmp,Aroma,Aroma con puzza indefinita.,Il formaggio ha un aroma con puzza indefinita.
data/images_flat/2018-2019_Trentingrana__2018-10-03__P6a_330_fetta.bmp,Aroma,Aroma cotto intenso.,Il formaggio ha un aroma cotto intenso.
data/images_flat/2018-2019_Trentingrana__2018-10-03__P3a_319_grana.bmp,Aroma,"Aroma lattico di latte cotto, burro cotto, vegetale di fieno e animale di glutammato, equilibrato.","Il formaggio ha un aroma lattico di latte cotto, burro cotto, vegetale di fieno e animale di glutammato, equilibrato."
data/images_flat/2018-2019_Trentingrana__2018-10-03__P3a_319_grana.bmp,Aroma,Aroma vegetale erbaceo.,Il formaggio ha un aroma vegetale erbaceo.
data/images_flat/2018-2019_Trentingrana__2018-10-03__P3a_319_grana.bmp,Aroma,Aroma cotto vegetale.,Il formaggio ha un aroma cotto vegetale.
data/images_flat/2018-2019_Trentingrana__2018-10-03__P3a_319_grana.bmp,Aroma,"Aroma di formaggio vecchio, ossidato e passato.","Il formaggio ha un aroma di formaggio vecchio, ossidato e passato."
data/images_flat/2018-2019_Trentingrana__2018-10-03__P3a_319_grana.bmp,Aroma,Aroma strano.,Il formaggio ha un aroma strano.
data/images_flat/2018-2019_Trentingrana__2018-10-03__P3a_319_grana.bmp,Aroma,Aroma debole.,Il formaggio ha un aroma debole.
data/images_flat/2018-2019_Trentingrana__2018-10-03__P3a_319_grana.bmp,Aroma,Aroma bruciato.,Il formaggio ha un aroma bruciato.
data/images_flat/2018-2019_Trentingrana__2018-10-03__P4a_323_fetta.bmp,Aroma,"Aroma con note lattiche, sentore di crosta e cantina, leggermente ossidato.","Il formaggio ha un aroma con note lattiche, sentore di crosta e cantina, leggermente ossidato."
data/images_flat/2018-2019_Trentingrana__2018-10-03__P4a_323_fetta.bmp,Aroma,Aroma di latte cotto.,Il formaggio ha un aroma di latte cotto.
data/images_flat/2018-2019_Trentingrana__2018-10-03__P4a_323_fetta.bmp,Aroma,Aroma con leggere note da grana.,Il formaggio ha un aroma con leggere note da grana.
data/images_flat/2018-2019_Trentingrana__2018-10-03__P2b_305_fetta.bmp,Aroma,Aroma lattico dominante con note fruttate e proprioniche.,Il formaggio ha un aroma lattico dominante con note fruttate e proprioniche.
data/images_flat/2018-2019_Trentingrana__2018-10-03__P2b_305_fetta.bmp,Aroma,Aroma di brodo animale e vegetale.,Il formaggio ha un aroma di brodo animale e vegetale.
data/images_flat/2018-2019_Trentingrana__2018-10-03__P2b_305_fetta.bmp,Aroma,Aroma di panna.,Il formaggio ha un aroma di panna.
data/images_flat/2018-2019_Trentingrana__2018-10-03__P2b_305_fetta.bmp,Aroma,Aroma di latte cotto leggero.,Il formaggio ha un aroma di latte cotto leggero.
data/images_flat/2018-2019_Trentingrana__2018-10-03__P2b_305_fetta.bmp,Aroma,Aroma di provolone.,Il formaggio ha un aroma di provolone.
data/images_flat/2018-2019_Trentingrana__2018-10-03__P2b_305_fetta.bmp,Aroma,Aroma di crosta e cotto con note rancide.,Il formaggio ha un aroma di crosta e cotto con note rancide.
data/images_flat/2018-2019_Trentingrana__2018-10-03__P5b_326_grana.bmp,Aroma,Aroma mediamente intenso con note di formaggio cotto e crosta.,Il formaggio ha un aroma mediamente intenso con note di formaggio cotto e crosta.
data/images_flat/2018-2019_Trentingrana__2018-10-03__P5b_326_grana.bmp,Aroma,Aroma non tipico del grana.,Il formaggio ha un aroma non tipico del grana.
data/images_flat/2018-2019_Trentingrana__2018-10-03__P5b_326_grana.bmp,Aroma,Aroma fermentato.,Il formaggio ha un aroma fermentato.
data/images_flat/2018-2019_Trentingrana__2018-10-03__P5b_326_grana.bmp,Aroma,Aroma di brodo e burro.,Il formaggio ha un aroma di brodo e burro.
data/images_flat/2018-2019_Trentingrana__2018-10-03__P5b_326_grana.bmp,Aroma,Aroma di cotto e stalla leggera.,Il formaggio ha un aroma di cotto e stalla leggera.
data/images_flat/2018-2019_Trentingrana__2018-10-03__P1a_302_fetta.bmp,Aroma,Aroma lattico netto di burro fuso con lieve sentore propionico.,Il formaggio ha un aroma lattico netto di burro fuso con lieve sentore propionico.
data/images_flat/2018-2019_Trentingrana__2018-10-03__P1a_302_fetta.bmp,Aroma,Aroma da nostrano più che da grana.,Il formaggio ha un aroma da nostrano più che da grana.
data/images_flat/2018-2019_Trentingrana__2018-10-03__P1a_302_fetta.bmp,Aroma,Aroma di minestrone di verdure.,Il formaggio ha un aroma di minestrone di verdure.
data/images_flat/2018-2019_Trentingrana__2018-10-03__P1a_302_fetta.bmp,Aroma,Aroma di burro piacevole.,Il formaggio ha un aroma di burro piacevole.
data/images_flat/2018-2019_Trentingrana__2018-10-03__P1a_302_fetta.bmp,Aroma,Aroma pungente e fermentato.,Il formaggio ha un aroma pungente e fermentato.
data/images_flat/2018-2019_Trentingrana__2018-10-03__P1b_302_fetta.bmp,Aroma,Aroma lattico netto di burro fuso con lieve sentore propionico.,Il formaggio ha un aroma lattico netto di burro fuso con lieve sentore propionico.
data/images_flat/2018-2019_Trentingrana__2018-10-03__P1b_302_fetta.bmp,Aroma,Aroma da nostrano più che da grana.,Il formaggio ha un aroma da nostrano più che da grana.
data/images_flat/2018-2019_Trentingrana__2018-10-03__P1b_302_fetta.bmp,Aroma,Aroma di minestrone di verdure.,Il formaggio ha un aroma di minestrone di verdure.
data/images_flat/2018-2019_Trentingrana__2018-10-03__P1b_302_fetta.bmp,Aroma,Aroma di burro piacevole.,Il formaggio ha un aroma di burro piacevole.
data/images_flat/2018-2019_Trentingrana__2018-10-03__P1b_302_fetta.bmp,Aroma,Aroma pungente e fermentato.,Il formaggio ha un aroma pungente e fermentato.
data/images_flat/2018-2019_Trentingrana__2018-10-03__P2a_305_fetta.bmp,Aroma,Aroma lattico dominante con note fruttate e proprioniche.,Il formaggio ha un aroma lattico dominante con note fruttate e proprioniche.
data/images_flat/2018-2019_Trentingrana__2018-10-03__P2a_305_fetta.bmp,Aroma,Aroma di brodo animale e vegetale.,Il formaggio ha un aroma di brodo animale e vegetale.
data/images_flat/2018-2019_Trentingrana__2018-10-03__P2a_305_fetta.bmp,Aroma,Aroma di panna.,Il formaggio ha un aroma di panna.
data/images_flat/2018-2019_Trentingrana__2018-10-03__P2a_305_fetta.bmp,Aroma,Aroma di latte cotto leggero.,Il formaggio ha un aroma di latte cotto leggero.
data/images_flat/2018-2019_Trentingrana__2018-10-03__P2a_305_fetta.bmp,Aroma,Aroma di provolone.,Il formaggio ha un aroma di provolone.
data/images_flat/2018-2019_Trentingrana__2018-10-03__P2a_305_fetta.bmp,Aroma,Aroma di crosta e cotto con note rancide.,Il formaggio ha un aroma di crosta e cotto con note rancide.
data/images_flat/2018-2019_Trentingrana__2018-10-03__P5a_326_grana.bmp,Aroma,Aroma mediamente intenso con note di formaggio cotto e crosta.,Il formaggio ha un aroma mediamente intenso con note di formaggio cotto e crosta.
data/images_flat/2018-2019_Trentingrana__2018-10-03__P5a_326_grana.bmp,Aroma,Aroma non tipico del grana.,Il formaggio ha un aroma non tipico del grana.
data/images_flat/2018-2019_Trentingrana__2018-10-03__P5a_326_grana.bmp,Aroma,Aroma fermentato.,Il formaggio ha un aroma fermentato.
data/images_flat/2018-2019_Trentingrana__2018-10-03__P5a_326_grana.bmp,Aroma,Aroma di brodo e burro.,Il formaggio ha un aroma di brodo e burro.
data/images_flat/2018-2019_Trentingrana__2018-10-03__P5a_326_grana.bmp,Aroma,Aroma di cotto e stalla leggera.,Il formaggio ha un aroma di cotto e stalla leggera.
data/images_flat/2018-2019_Trentingrana__2019-02-06__P3a_306_fetta.bmp,Aroma,Aroma stantio e ossidato.,Il formaggio ha un aroma stantio e ossidato.
data/images_flat/2018-2019_Trentingrana__2019-02-06__P3a_306_fetta.bmp,Aroma,Aroma cotto leggerissimo con nota positiva di crosta.,Il formaggio ha un aroma cotto leggerissimo con nota positiva di crosta.
data/images_flat/2018-2019_Trentingrana__2019-02-06__P3a_306_fetta.bmp,Aroma,Aroma di panna.,Il formaggio ha un aroma di panna.
data/images_flat/2018-2019_Trentingrana__2019-02-06__P3a_306_fetta.bmp,Aroma,Aroma con componente acida prevalente.,Il formaggio ha un aroma con componente acida prevalente.
data/images_flat/2018-2019_Trentingrana__2019-02-06__P3a_306_fetta.bmp,Aroma,Aroma di latte e burro crudi.,Il formaggio ha un aroma di latte e burro crudi.
data/images_flat/2018-2019_Trentingrana__2019-02-06__P3a_306_fetta.bmp,Aroma,Aroma di lattico cotto e brodo.,Il formaggio ha un aroma di lattico cotto e brodo.
data/images_flat/2018-2019_Trentingrana__2019-02-06__P3a_306_fetta.bmp,Aroma,Aroma di crosta con intensità alta.,Il formaggio ha un aroma di crosta con intensità alta.
data/images_flat/2018-2019_Trentingrana__2019-02-06__P3a_306_fetta.bmp,Aroma,Aroma di lattici cotti con note erbacee.,Il formaggio ha un aroma di lattici cotti con note erbacee.
data/images_flat/2018-2019_Trentingrana__2019-02-06__P3a_306_fetta.bmp,Aroma,Aroma poco piacevole e metallico.,Il formaggio ha un aroma poco piacevole e metallico.
data/images_flat/2018-2019_Trentingrana__2019-02-06__P4b_314_fetta.bmp,Aroma,Aroma di formaggio invecchiato.,Il formaggio ha un aroma di formaggio invecchiato.
data/images_flat/2018-2019_Trentingrana__2019-02-06__P4b_314_fetta.bmp,Aroma,Aroma leggermente metallico.,Il formaggio ha un aroma leggermente metallico.
data/images_flat/2018-2019_Trentingrana__2019-02-06__P4b_314_fetta.bmp,Aroma,Aroma di cotto e crosta.,Il formaggio ha un aroma di cotto e crosta.
data/images_flat/2018-2019_Trentingrana__2019-02-06__P4b_314_fetta.bmp,Aroma,Aroma cotto.,Il formaggio ha un aroma cotto.
data/images_flat/2018-2019_Trentingrana__2019-02-06__P4b_314_fetta.bmp,Aroma,Aroma di formaggio bruciato e pane tostato.,Il formaggio ha un aroma di formaggio bruciato e pane tostato.
data/images_flat/2018-2019_Trentingrana__2019-02-06__P4b_314_fetta.bmp,Aroma,Aroma fermentato con note di crosta di formaggio.,Il formaggio ha un aroma fermentato con note di crosta di formaggio.
data/images_flat/2018-2019_Trentingrana__2019-02-06__P4b_314_fetta.bmp,Aroma,Aroma lattico cotto e tostato.,Il formaggio ha un aroma lattico cotto e tostato.
data/images_flat/2018-2019_Trentingrana__2019-02-06__P4b_314_fetta.bmp,Aroma,Aroma speziato intenso.,Il formaggio ha un aroma speziato intenso.
data/images_flat/2018-2019_Trentingrana__2019-02-06__P4b_314_fetta.bmp,Aroma,Aroma di discreta intensità.,Il formaggio ha un aroma di discreta intensità.
data/images_flat/2018-2019_Trentingrana__2019-02-06__P4b_314_fetta.bmp,Aroma,Aroma di frutta secca e grana.,Il formaggio ha un aroma di frutta secca e grana.
data/images_flat/2018-2019_Trentingrana__2019-02-06__P5a_323_grana.bmp,Aroma,Aroma poco erbaceo.,Il formaggio ha un aroma poco erbaceo.
data/images_flat/2018-2019_Trentingrana__2019-02-06__P5a_323_grana.bmp,Aroma,Aroma molto ossidato e cotto.,Il formaggio ha un aroma molto ossidato e cotto.
data/images_flat/2018-2019_Trentingrana__2019-02-06__P5a_323_grana.bmp,Aroma,Aroma poco intenso e cotto.,Il formaggio ha un aroma poco intenso e cotto.
data/images_flat/2018-2019_Trentingrana__2019-02-06__P5a_323_grana.bmp,Aroma,Aroma di latte cotto.,Il formaggio ha un aroma di latte cotto.
data/images_flat/2018-2019_Trentingrana__2019-02-06__P5a_323_grana.bmp,Aroma,Aroma di crosta di formaggio.,Il formaggio ha un aroma di crosta di formaggio.
data/images_flat/2018-2019_Trentingrana__2019-02-06__P5a_323_grana.bmp,Aroma,Aroma lattico cotto.,Il formaggio ha un aroma lattico cotto.
data/images_flat/2018-2019_Trentingrana__2019-02-06__P5a_323_grana.bmp,Aroma,Aroma animale di intensità medio-alta.,Il formaggio ha un aroma animale di intensità medio-alta.
data/images_flat/2018-2019_Trentingrana__2019-02-06__P5a_323_grana.bmp,Aroma,Aroma lattico cotto.,Il formaggio ha un aroma lattico cotto.
data/images_flat/2018-2019_Trentingrana__2019-02-06__P5a_323_grana.bmp,Aroma,Aroma di brodo e provolone.,Il formaggio ha un aroma di brodo e provolone.
data/images_flat/2018-2019_Trentingrana__2019-02-06__P6b_326_fetta.bmp,Aroma,Aroma non tipico del grana.,Il formaggio ha un aroma non tipico del grana.
data/images_flat/2018-2019_Trentingrana__2019-02-06__P6b_326_fetta.bmp,Aroma,Aroma di burro e panna con coda ossidato.,Il formaggio ha un aroma di burro e panna con coda ossidato.
data/images_flat/2018-2019_Trentingrana__2019-02-06__P6b_326_fetta.bmp,Aroma,Aroma di panna.,Il formaggio ha un aroma di panna.
data/images_flat/2018-2019_Trentingrana__2019-02-06__P6b_326_fetta.bmp,Aroma,Aroma leggermente di pasta bruciata.,Il formaggio ha un aroma leggermente di pasta bruciata.
data/images_flat/2018-2019_Trentingrana__2019-02-06__P6b_326_fetta.bmp,Aroma,Aroma di burro cotto.,Il formaggio ha un aroma di burro cotto.
data/images_flat/2018-2019_Trentingrana__2019-02-06__P6b_326_fetta.bmp,Aroma,Aroma cotto e leggero tostato con nota di mandorla.,Il formaggio ha un aroma cotto e leggero tostato con nota di mandorla.
data/images_flat/2018-2019_Trentingrana__2019-02-06__P6b_326_fetta.bmp,Aroma,"Aroma di latte cotto e panna cotta, intensità medio-alta.","Il formaggio ha un aroma di latte cotto e panna cotta, intensità medio-alta."
data/images_flat/2018-2019_Trentingrana__2019-02-06__P6b_326_fetta.bmp,Aroma,Aroma lattico cotto.,Il formaggio ha un aroma lattico cotto.
data/images_flat/2018-2019_Trentingrana__2019-02-06__P6b_326_fetta.bmp,Aroma,"Aroma metallico, non piacevole.","Il formaggio ha un aroma metallico, non piacevole."
data/images_flat/2018-2019_Trentingrana__2019-02-06__P6a_326_fetta.bmp,Aroma,Aroma non tipico del grana.,Il formaggio ha un aroma non tipico del grana.
data/images_flat/2018-2019_Trentingrana__2019-02-06__P6a_326_fetta.bmp,Aroma,Aroma di burro e panna con coda ossidato.,Il formaggio ha un aroma di burro e panna con coda ossidato.
data/images_flat/2018-2019_Trentingrana__2019-02-06__P6a_326_fetta.bmp,Aroma,Aroma di panna.,Il formaggio ha un aroma di panna.
data/images_flat/2018-2019_Trentingrana__2019-02-06__P6a_326_fetta.bmp,Aroma,Aroma leggermente di pasta bruciata.,Il formaggio ha un aroma leggermente di pasta bruciata.
data/images_flat/2018-2019_Trentingrana__2019-02-06__P6a_326_fetta.bmp,Aroma,Aroma di burro cotto.,Il formaggio ha un aroma di burro cotto.
data/images_flat/2018-2019_Trentingrana__2019-02-06__P6a_326_fetta.bmp,Aroma,Aroma cotto e leggero tostato con nota di mandorla.,Il formaggio ha un aroma cotto e leggero tostato con nota di mandorla.
data/images_flat/2018-2019_Trentingrana__2019-02-06__P6a_326_fetta.bmp,Aroma,"Aroma di latte cotto e panna cotta, intensità medio-alta.","Il formaggio ha un aroma di latte cotto e panna cotta, intensità medio-alta."
data/images_flat/2018-2019_Trentingrana__2019-02-06__P6a_326_fetta.bmp,Aroma,Aroma lattico cotto.,Il formaggio ha un aroma lattico cotto.
data/images_flat/2018-2019_Trentingrana__2019-02-06__P6a_326_fetta.bmp,Aroma,"Aroma metallico, non piacevole.","Il formaggio ha un aroma metallico, non piacevole."
data/images_flat/2018-2019_Trentingrana__2019-02-06__P5b_323_grana.bmp,Aroma,Aroma poco erbaceo.,Il formaggio ha un aroma poco erbaceo.
data/images_flat/2018-2019_Trentingrana__2019-02-06__P5b_323_grana.bmp,Aroma,Aroma molto ossidato e cotto.,Il formaggio ha un aroma molto ossidato e cotto.
data/images_flat/2018-2019_Trentingrana__2019-02-06__P5b_323_grana.bmp,Aroma,Aroma poco intenso e cotto.,Il formaggio ha un aroma poco intenso e cotto.
data/images_flat/2018-2019_Trentingrana__2019-02-06__P5b_323_grana.bmp,Aroma,Aroma di latte cotto.,Il formaggio ha un aroma di latte cotto.
data/images_flat/2018-2019_Trentingrana__2019-02-06__P5b_323_grana.bmp,Aroma,Aroma di crosta di formaggio.,Il formaggio ha un aroma di crosta di formaggio.
data/images_flat/2018-2019_Trentingrana__2019-02-06__P5b_323_grana.bmp,Aroma,Aroma lattico cotto.,Il formaggio ha un aroma lattico cotto.
data/images_flat/2018-2019_Trentingrana__2019-02-06__P5b_323_grana.bmp,Aroma,Aroma animale di intensità medio-alta.,Il formaggio ha un aroma animale di intensità medio-alta.
data/images_flat/2018-2019_Trentingrana__2019-02-06__P5b_323_grana.bmp,Aroma,Aroma lattico cotto.,Il formaggio ha un aroma lattico cotto.
data/images_flat/2018-2019_Trentingrana__2019-02-06__P5b_323_grana.bmp,Aroma,Aroma di brodo e provolone.,Il formaggio ha un aroma di brodo e provolone.
data/images_flat/2018-2019_Trentingrana__2019-02-06__P3b_306_fetta.bmp,Aroma,Aroma stantio e ossidato.,Il formaggio ha un aroma stantio e ossidato.
data/images_flat/2018-2019_Trentingrana__2019-02-06__P3b_306_fetta.bmp,Aroma,Aroma cotto leggerissimo con nota positiva di crosta.,Il formaggio ha un aroma cotto leggerissimo con nota positiva di crosta.
data/images_flat/2018-2019_Trentingrana__2019-02-06__P3b_306_fetta.bmp,Aroma,Aroma di panna.,Il formaggio ha un aroma di panna.
data/images_flat/2018-2019_Trentingrana__2019-02-06__P3b_306_fetta.bmp,Aroma,Aroma con componente acida prevalente.,Il formaggio ha un aroma con componente acida prevalente.
data/images_flat/2018-2019_Trentingrana__2019-02-06__P3b_306_fetta.bmp,Aroma,Aroma di latte e burro crudi.,Il formaggio ha un aroma di latte e burro crudi.
data/images_flat/2018-2019_Trentingrana__2019-02-06__P3b_306_fetta.bmp,Aroma,Aroma di lattico cotto e brodo.,Il formaggio ha un aroma di lattico cotto e brodo.
data/images_flat/2018-2019_Trentingrana__2019-02-06__P3b_306_fetta.bmp,Aroma,Aroma di crosta con intensità alta.,Il formaggio ha un aroma di crosta con intensità alta.
data/images_flat/2018-2019_Trentingrana__2019-02-06__P3b_306_fetta.bmp,Aroma,Aroma di lattici cotti con note erbacee.,Il formaggio ha un aroma di lattici cotti con note erbacee.
data/images_flat/2018-2019_Trentingrana__2019-02-06__P3b_306_fetta.bmp,Aroma,Aroma poco piacevole e metallico.,Il formaggio ha un aroma poco piacevole e metallico.
data/images_flat/2018-2019_Trentingrana__2019-02-06__P4a_314_fetta.bmp,Aroma,Aroma di formaggio invecchiato.,Il formaggio ha un aroma di formaggio invecchiato.
data/images_flat/2018-2019_Trentingrana__2019-02-06__P4a_314_fetta.bmp,Aroma,Aroma leggermente metallico.,Il formaggio ha un aroma leggermente metallico.
data/images_flat/2018-2019_Trentingrana__2019-02-06__P4a_314_fetta.bmp,Aroma,Aroma di cotto e crosta.,Il formaggio ha un aroma di cotto e crosta.
data/images_flat/2018-2019_Trentingrana__2019-02-06__P4a_314_fetta.bmp,Aroma,Aroma cotto.,Il formaggio ha un aroma cotto.
data/images_flat/2018-2019_Trentingrana__2019-02-06__P4a_314_fetta.bmp,Aroma,Aroma di formaggio bruciato e pane tostato.,Il formaggio ha un aroma di formaggio bruciato e pane tostato.
data/images_flat/2018-2019_Trentingrana__2019-02-06__P4a_314_fetta.bmp,Aroma,Aroma fermentato con note di crosta di formaggio.,Il formaggio ha un aroma fermentato con note di crosta di formaggio.
data/images_flat/2018-2019_Trentingrana__2019-02-06__P4a_314_fetta.bmp,Aroma,Aroma lattico cotto e tostato.,Il formaggio ha un aroma lattico cotto e tostato.
data/images_flat/2018-2019_Trentingrana__2019-02-06__P4a_314_fetta.bmp,Aroma,Aroma speziato intenso.,Il formaggio ha un aroma speziato intenso.
data/images_flat/2018-2019_Trentingrana__2019-02-06__P4a_314_fetta.bmp,Aroma,Aroma di discreta intensità.,Il formaggio ha un aroma di discreta intensità.
data/images_flat/2018-2019_Trentingrana__2019-02-06__P4a_314_fetta.bmp,Aroma,Aroma di frutta secca e grana.,Il formaggio ha un aroma di frutta secca e grana.
data/images_flat/2018-2019_Trentingrana__2019-02-06__P1a_302_grana.bmp,Aroma,Aroma di cotto e crosta leggermente percettibile.,Il formaggio ha un aroma di cotto e crosta leggermente percettibile.
data/images_flat/2018-2019_Trentingrana__2019-02-06__P1a_302_grana.bmp,Aroma,Aroma di panna con sentore nostrano e poco tipico del grana.,Il formaggio ha un aroma di panna con sentore nostrano e poco tipico del grana.
data/images_flat/2018-2019_Trentingrana__2019-02-06__P1a_302_grana.bmp,Aroma,Aroma di crosta di formaggio.,Il formaggio ha un aroma di crosta di formaggio.
data/images_flat/2018-2019_Trentingrana__2019-02-06__P1a_302_grana.bmp,Aroma,Aroma di pesce.,Il formaggio ha un aroma di pesce.
data/images_flat/2018-2019_Trentingrana__2019-02-06__P1a_302_grana.bmp,Aroma,Aroma principalmente di burro e lattico cotto.,Il formaggio ha un aroma principalmente di burro e lattico cotto.
data/images_flat/2018-2019_Trentingrana__2019-02-06__P1a_302_grana.bmp,Aroma,Aroma di panna cotta e burro fuso con intensità medio-alta.,Il formaggio ha un aroma di panna cotta e burro fuso con intensità medio-alta.
data/images_flat/2018-2019_Trentingrana__2019-02-06__P1a_302_grana.bmp,Aroma,Aroma lattico cotto.,Il formaggio ha un aroma lattico cotto.
data/images_flat/2018-2019_Trentingrana__2019-02-06__P1a_302_grana.bmp,Aroma,Aroma di burro e grana.,Il formaggio ha un aroma di burro e grana.
data/images_flat/2018-2019_Trentingrana__2019-02-06__P2b_305_grana.bmp,Aroma,Aroma leggero sentore di cotto e piacevole.,Il formaggio ha un aroma leggero sentore di cotto e piacevole.
data/images_flat/2018-2019_Trentingrana__2019-02-06__P2b_305_grana.bmp,Aroma,Aroma non da grana stagionato.,Il formaggio ha un aroma non da grana stagionato.
data/images_flat/2018-2019_Trentingrana__2019-02-06__P2b_305_grana.bmp,Aroma,Aroma di formaggio cotto e crosta.,Il formaggio ha un aroma di formaggio cotto e crosta.
data/images_flat/2018-2019_Trentingrana__2019-02-06__P2b_305_grana.bmp,Aroma,Aroma di panna.,Il formaggio ha un aroma di panna.
data/images_flat/2018-2019_Trentingrana__2019-02-06__P2b_305_grana.bmp,Aroma,Aroma di crosta e pasta bruciata.,Il formaggio ha un aroma di crosta e pasta bruciata.
data/images_flat/2018-2019_Trentingrana__2019-02-06__P2b_305_grana.bmp,Aroma,Aroma di verdura cotta e latte cotto.,Il formaggio ha un aroma di verdura cotta e latte cotto.
data/images_flat/2018-2019_Trentingrana__2019-02-06__P2b_305_grana.bmp,Aroma,Aroma di fieno cotto e fruttato.,Il formaggio ha un aroma di fieno cotto e fruttato.
data/images_flat/2018-2019_Trentingrana__2019-02-06__P2b_305_grana.bmp,Aroma,Aroma con note lattiche prevalenti.,Il formaggio ha un aroma con note lattiche prevalenti.
data/images_flat/2018-2019_Trentingrana__2019-02-06__P2b_305_grana.bmp,Aroma,Aroma medio di burro e frutta.,Il formaggio ha un aroma medio di burro e frutta.
data/images_flat/2018-2019_Trentingrana__2019-02-06__P2a_305_grana.bmp,Aroma,Aroma leggero sentore di cotto e piacevole.,Il formaggio ha un aroma leggero sentore di cotto e piacevole.
data/images_flat/2018-2019_Trentingrana__2019-02-06__P2a_305_grana.bmp,Aroma,Aroma non da grana stagionato.,Il formaggio ha un aroma non da grana stagionato.
data/images_flat/2018-2019_Trentingrana__2019-02-06__P2a_305_grana.bmp,Aroma,Aroma di formaggio cotto e crosta.,Il formaggio ha un aroma di formaggio cotto e crosta.
data/images_flat/2018-2019_Trentingrana__2019-02-06__P2a_305_grana.bmp,Aroma,Aroma di panna.,Il formaggio ha un aroma di panna.
data/images_flat/2018-2019_Trentingrana__2019-02-06__P2a_305_grana.bmp,Aroma,Aroma di crosta e pasta bruciata.,Il formaggio ha un aroma di crosta e pasta bruciata.
data/images_flat/2018-2019_Trentingrana__2019-02-06__P2a_305_grana.bmp,Aroma,Aroma di verdura cotta e latte cotto.,Il formaggio ha un aroma di verdura cotta e latte cotto.
data/images_flat/2018-2019_Trentingrana__2019-02-06__P2a_305_grana.bmp,Aroma,Aroma di fieno cotto e fruttato.,Il formaggio ha un aroma di fieno cotto e fruttato.
data/images_flat/2018-2019_Trentingrana__2019-02-06__P2a_305_grana.bmp,Aroma,Aroma con note lattiche prevalenti.,Il formaggio ha un aroma con note lattiche prevalenti.
data/images_flat/2018-2019_Trentingrana__2019-02-06__P2a_305_grana.bmp,Aroma,Aroma medio di burro e frutta.,Il formaggio ha un aroma medio di burro e frutta.
data/images_flat/2018-2019_Trentingrana__2019-02-06__P1b_302_grana.bmp,Aroma,Aroma di cotto e crosta leggermente percettibile.,Il formaggio ha un aroma di cotto e crosta leggermente percettibile.
data/images_flat/2018-2019_Trentingrana__2019-02-06__P1b_302_grana.bmp,Aroma,Aroma di panna con sentore nostrano e poco tipico del grana.,Il formaggio ha un aroma di panna con sentore nostrano e poco tipico del grana.
data/images_flat/2018-2019_Trentingrana__2019-02-06__P1b_302_grana.bmp,Aroma,Aroma di crosta di formaggio.,Il formaggio ha un aroma di crosta di formaggio.
data/images_flat/2018-2019_Trentingrana__2019-02-06__P1b_302_grana.bmp,Aroma,Aroma di pesce.,Il formaggio ha un aroma di pesce.
data/images_flat/2018-2019_Trentingrana__2019-02-06__P1b_302_grana.bmp,Aroma,Aroma principalmente di burro e lattico cotto.,Il formaggio ha un aroma principalmente di burro e lattico cotto.
data/images_flat/2018-2019_Trentingrana__2019-02-06__P1b_302_grana.bmp,Aroma,Aroma di panna cotta e burro fuso con intensità medio-alta.,Il formaggio ha un aroma di panna cotta e burro fuso con intensità medio-alta.
data/images_flat/2018-2019_Trentingrana__2019-02-06__P1b_302_grana.bmp,Aroma,Aroma lattico cotto.,Il formaggio ha un aroma lattico cotto.
data/images_flat/2018-2019_Trentingrana__2019-02-06__P1b_302_grana.bmp,Aroma,Aroma di burro e grana.,Il formaggio ha un aroma di burro e grana.
data/images_flat/2018-2019_Trentingrana__2019-02-06__P6b_326_grana.bmp,Aroma,Aroma non tipico del grana.,Il formaggio ha un aroma non tipico del grana.
data/images_flat/2018-2019_Trentingrana__2019-02-06__P6b_326_grana.bmp,Aroma,Aroma di burro e panna con coda ossidato.,Il formaggio ha un aroma di burro e panna con coda ossidato.
data/images_flat/2018-2019_Trentingrana__2019-02-06__P6b_326_grana.bmp,Aroma,Aroma di panna.,Il formaggio ha un aroma di panna.
data/images_flat/2018-2019_Trentingrana__2019-02-06__P6b_326_grana.bmp,Aroma,Aroma leggermente di pasta bruciata.,Il formaggio ha un aroma leggermente di pasta bruciata.
data/images_flat/2018-2019_Trentingrana__2019-02-06__P6b_326_grana.bmp,Aroma,Aroma di burro cotto.,Il formaggio ha un aroma di burro cotto.
data/images_flat/2018-2019_Trentingrana__2019-02-06__P6b_326_grana.bmp,Aroma,Aroma cotto e leggero tostato con nota di mandorla.,Il formaggio ha un aroma cotto e leggero tostato con nota di mandorla.
data/images_flat/2018-2019_Trentingrana__2019-02-06__P6b_326_grana.bmp,Aroma,"Aroma di latte cotto e panna cotta, intensità medio-alta.","Il formaggio ha un aroma di latte cotto e panna cotta, intensità medio-alta."
data/images_flat/2018-2019_Trentingrana__2019-02-06__P6b_326_grana.bmp,Aroma,Aroma lattico cotto.,Il formaggio ha un aroma lattico cotto.
data/images_flat/2018-2019_Trentingrana__2019-02-06__P6b_326_grana.bmp,Aroma,"Aroma metallico, non piacevole.","Il formaggio ha un aroma metallico, non piacevole."
data/images_flat/2018-2019_Trentingrana__2019-02-06__P5a_323_fetta.bmp,Aroma,Aroma poco erbaceo.,Il formaggio ha un aroma poco erbaceo.
data/images_flat/2018-2019_Trentingrana__2019-02-06__P5a_323_fetta.bmp,Aroma,Aroma molto ossidato e cotto.,Il formaggio ha un aroma molto ossidato e cotto.
data/images_flat/2018-2019_Trentingrana__2019-02-06__P5a_323_fetta.bmp,Aroma,Aroma poco intenso e cotto.,Il formaggio ha un aroma poco intenso e cotto.
data/images_flat/2018-2019_Trentingrana__2019-02-06__P5a_323_fetta.bmp,Aroma,Aroma di latte cotto.,Il formaggio ha un aroma di latte cotto.
data/images_flat/2018-2019_Trentingrana__2019-02-06__P5a_323_fetta.bmp,Aroma,Aroma di crosta di formaggio.,Il formaggio ha un aroma di crosta di formaggio.
data/images_flat/2018-2019_Trentingrana__2019-02-06__P5a_323_fetta.bmp,Aroma,Aroma lattico cotto.,Il formaggio ha un aroma lattico cotto.
data/images_flat/2018-2019_Trentingrana__2019-02-06__P5a_323_fetta.bmp,Aroma,Aroma animale di intensità medio-alta.,Il formaggio ha un aroma animale di intensità medio-alta.
data/images_flat/2018-2019_Trentingrana__2019-02-06__P5a_323_fetta.bmp,Aroma,Aroma lattico cotto.,Il formaggio ha un aroma lattico cotto.
data/images_flat/2018-2019_Trentingrana__2019-02-06__P5a_323_fetta.bmp,Aroma,Aroma di brodo e provolone.,Il formaggio ha un aroma di brodo e provolone.
data/images_flat/2018-2019_Trentingrana__2019-02-06__P4b_314_grana.bmp,Aroma,Aroma di formaggio invecchiato.,Il formaggio ha un aroma di formaggio invecchiato.
data/images_flat/2018-2019_Trentingrana__2019-02-06__P4b_314_grana.bmp,Aroma,Aroma leggermente metallico.,Il formaggio ha un aroma leggermente metallico.
data/images_flat/2018-2019_Trentingrana__2019-02-06__P4b_314_grana.bmp,Aroma,Aroma di cotto e crosta.,Il formaggio ha un aroma di cotto e crosta.
data/images_flat/2018-2019_Trentingrana__2019-02-06__P4b_314_grana.bmp,Aroma,Aroma cotto.,Il formaggio ha un aroma cotto.
data/images_flat/2018-2019_Trentingrana__2019-02-06__P4b_314_grana.bmp,Aroma,Aroma di formaggio bruciato e pane tostato.,Il formaggio ha un aroma di formaggio bruciato e pane tostato.
data/images_flat/2018-2019_Trentingrana__2019-02-06__P4b_314_grana.bmp,Aroma,Aroma fermentato con note di crosta di formaggio.,Il formaggio ha un aroma fermentato con note di crosta di formaggio.
data/images_flat/2018-2019_Trentingrana__2019-02-06__P4b_314_grana.bmp,Aroma,Aroma lattico cotto e tostato.,Il formaggio ha un aroma lattico cotto e tostato.
data/images_flat/2018-2019_Trentingrana__2019-02-06__P4b_314_grana.bmp,Aroma,Aroma speziato intenso.,Il formaggio ha un aroma speziato intenso.
data/images_flat/2018-2019_Trentingrana__2019-02-06__P4b_314_grana.bmp,Aroma,Aroma di discreta intensità.,Il formaggio ha un aroma di discreta intensità.
data/images_flat/2018-2019_Trentingrana__2019-02-06__P4b_314_grana.bmp,Aroma,Aroma di frutta secca e grana.,Il formaggio ha un aroma di frutta secca e grana.
data/images_flat/2018-2019_Trentingrana__2019-02-06__P3a_306_grana.bmp,Aroma,Aroma stantio e ossidato.,Il formaggio ha un aroma stantio e ossidato.
data/images_flat/2018-2019_Trentingrana__2019-02-06__P3a_306_grana.bmp,Aroma,Aroma cotto leggerissimo con nota positiva di crosta.,Il formaggio ha un aroma cotto leggerissimo con nota positiva di crosta.
data/images_flat/2018-2019_Trentingrana__2019-02-06__P3a_306_grana.bmp,Aroma,Aroma di panna.,Il formaggio ha un aroma di panna.
data/images_flat/2018-2019_Trentingrana__2019-02-06__P3a_306_grana.bmp,Aroma,Aroma con componente acida prevalente.,Il formaggio ha un aroma con componente acida prevalente.
data/images_flat/2018-2019_Trentingrana__2019-02-06__P3a_306_grana.bmp,Aroma,Aroma di latte e burro crudi.,Il formaggio ha un aroma di latte e burro crudi.
data/images_flat/2018-2019_Trentingrana__2019-02-06__P3a_306_grana.bmp,Aroma,Aroma di lattico cotto e brodo.,Il formaggio ha un aroma di lattico cotto e brodo.
data/images_flat/2018-2019_Trentingrana__2019-02-06__P3a_306_grana.bmp,Aroma,Aroma di crosta con intensità alta.,Il formaggio ha un aroma di crosta con intensità alta.
data/images_flat/2018-2019_Trentingrana__2019-02-06__P3a_306_grana.bmp,Aroma,Aroma di lattici cotti con note erbacee.,Il formaggio ha un aroma di lattici cotti con note erbacee.
data/images_flat/2018-2019_Trentingrana__2019-02-06__P3a_306_grana.bmp,Aroma,Aroma poco piacevole e metallico.,Il formaggio ha un aroma poco piacevole e metallico.
data/images_flat/2018-2019_Trentingrana__2019-02-06__P4a_314_grana.bmp,Aroma,Aroma di formaggio invecchiato.,Il formaggio ha un aroma di formaggio invecchiato.
data/images_flat/2018-2019_Trentingrana__2019-02-06__P4a_314_grana.bmp,Aroma,Aroma leggermente metallico.,Il formaggio ha un aroma leggermente metallico.
data/images_flat/2018-2019_Trentingrana__2019-02-06__P4a_314_grana.bmp,Aroma,Aroma di cotto e crosta.,Il formaggio ha un aroma di cotto e crosta.
data/images_flat/2018-2019_Trentingrana__2019-02-06__P4a_314_grana.bmp,Aroma,Aroma cotto.,Il formaggio ha un aroma cotto.
data/images_flat/2018-2019_Trentingrana__2019-02-06__P4a_314_grana.bmp,Aroma,Aroma di formaggio bruciato e pane tostato.,Il formaggio ha un aroma di formaggio bruciato e pane tostato.
data/images_flat/2018-2019_Trentingrana__2019-02-06__P4a_314_grana.bmp,Aroma,Aroma fermentato con note di crosta di formaggio.,Il formaggio ha un aroma fermentato con note di crosta di formaggio.
data/images_flat/2018-2019_Trentingrana__2019-02-06__P4a_314_grana.bmp,Aroma,Aroma lattico cotto e tostato.,Il formaggio ha un aroma lattico cotto e tostato.
data/images_flat/2018-2019_Trentingrana__2019-02-06__P4a_314_grana.bmp,Aroma,Aroma speziato intenso.,Il formaggio ha un aroma speziato intenso.
data/images_flat/2018-2019_Trentingrana__2019-02-06__P4a_314_grana.bmp,Aroma,Aroma di discreta intensità.,Il formaggio ha un aroma di discreta intensità.
data/images_flat/2018-2019_Trentingrana__2019-02-06__P4a_314_grana.bmp,Aroma,Aroma di frutta secca e grana.,Il formaggio ha un aroma di frutta secca e grana.
data/images_flat/2018-2019_Trentingrana__2019-02-06__P3b_306_grana.bmp,Aroma,Aroma stantio e ossidato.,Il formaggio ha un aroma stantio e ossidato.
data/images_flat/2018-2019_Trentingrana__2019-02-06__P3b_306_grana.bmp,Aroma,Aroma cotto leggerissimo con nota positiva di crosta.,Il formaggio ha un aroma cotto leggerissimo con nota positiva di crosta.
data/images_flat/2018-2019_Trentingrana__2019-02-06__P3b_306_grana.bmp,Aroma,Aroma di panna.,Il formaggio ha un aroma di panna.
data/images_flat/2018-2019_Trentingrana__2019-02-06__P3b_306_grana.bmp,Aroma,Aroma con componente acida prevalente.,Il formaggio ha un aroma con componente acida prevalente.
data/images_flat/2018-2019_Trentingrana__2019-02-06__P3b_306_grana.bmp,Aroma,Aroma di latte e burro crudi.,Il formaggio ha un aroma di latte e burro crudi.
data/images_flat/2018-2019_Trentingrana__2019-02-06__P3b_306_grana.bmp,Aroma,Aroma di lattico cotto e brodo.,Il formaggio ha un aroma di lattico cotto e brodo.
data/images_flat/2018-2019_Trentingrana__2019-02-06__P3b_306_grana.bmp,Aroma,Aroma di crosta con intensità alta.,Il formaggio ha un aroma di crosta con intensità alta.
data/images_flat/2018-2019_Trentingrana__2019-02-06__P3b_306_grana.bmp,Aroma,Aroma di lattici cotti con note erbacee.,Il formaggio ha un aroma di lattici cotti con note erbacee.
data/images_flat/2018-2019_Trentingrana__2019-02-06__P3b_306_grana.bmp,Aroma,Aroma poco piacevole e metallico.,Il formaggio ha un aroma poco piacevole e metallico.
data/images_flat/2018-2019_Trentingrana__2019-02-06__P5b_323_fetta.bmp,Aroma,Aroma poco erbaceo.,Il formaggio ha un aroma poco erbaceo.
data/images_flat/2018-2019_Trentingrana__2019-02-06__P5b_323_fetta.bmp,Aroma,Aroma molto ossidato e cotto.,Il formaggio ha un aroma molto ossidato e cotto.
data/images_flat/2018-2019_Trentingrana__2019-02-06__P5b_323_fetta.bmp,Aroma,Aroma poco intenso e cotto.,Il formaggio ha un aroma poco intenso e cotto.
data/images_flat/2018-2019_Trentingrana__2019-02-06__P5b_323_fetta.bmp,Aroma,Aroma di latte cotto.,Il formaggio ha un aroma di latte cotto.
data/images_flat/2018-2019_Trentingrana__2019-02-06__P5b_323_fetta.bmp,Aroma,Aroma di crosta di formaggio.,Il formaggio ha un aroma di crosta di formaggio.
data/images_flat/2018-2019_Trentingrana__2019-02-06__P5b_323_fetta.bmp,Aroma,Aroma lattico cotto.,Il formaggio ha un aroma lattico cotto.
data/images_flat/2018-2019_Trentingrana__2019-02-06__P5b_323_fetta.bmp,Aroma,Aroma animale di intensità medio-alta.,Il formaggio ha un aroma animale di intensità medio-alta.
data/images_flat/2018-2019_Trentingrana__2019-02-06__P5b_323_fetta.bmp,Aroma,Aroma lattico cotto.,Il formaggio ha un aroma lattico cotto.
data/images_flat/2018-2019_Trentingrana__2019-02-06__P5b_323_fetta.bmp,Aroma,Aroma di brodo e provolone.,Il formaggio ha un aroma di brodo e provolone.
data/images_flat/2018-2019_Trentingrana__2019-02-06__P6a_326_grana.bmp,Aroma,Aroma non tipico del grana.,Il formaggio ha un aroma non tipico del grana.
data/images_flat/2018-2019_Trentingrana__2019-02-06__P6a_326_grana.bmp,Aroma,Aroma di burro e panna con coda ossidato.,Il formaggio ha un aroma di burro e panna con coda ossidato.
data/images_flat/2018-2019_Trentingrana__2019-02-06__P6a_326_grana.bmp,Aroma,Aroma di panna.,Il formaggio ha un aroma di panna.
data/images_flat/2018-2019_Trentingrana__2019-02-06__P6a_326_grana.bmp,Aroma,Aroma leggermente di pasta bruciata.,Il formaggio ha un aroma leggermente di pasta bruciata.
data/images_flat/2018-2019_Trentingrana__2019-02-06__P6a_326_grana.bmp,Aroma,Aroma di burro cotto.,Il formaggio ha un aroma di burro cotto.
data/images_flat/2018-2019_Trentingrana__2019-02-06__P6a_326_grana.bmp,Aroma,Aroma cotto e leggero tostato con nota di mandorla.,Il formaggio ha un aroma cotto e leggero tostato con nota di mandorla.
data/images_flat/2018-2019_Trentingrana__2019-02-06__P6a_326_grana.bmp,Aroma,"Aroma di latte cotto e panna cotta, intensità medio-alta.","Il formaggio ha un aroma di latte cotto e panna cotta, intensità medio-alta."
data/images_flat/2018-2019_Trentingrana__2019-02-06__P6a_326_grana.bmp,Aroma,Aroma lattico cotto.,Il formaggio ha un aroma lattico cotto.
data/images_flat/2018-2019_Trentingrana__2019-02-06__P6a_326_grana.bmp,Aroma,"Aroma metallico, non piacevole.","Il formaggio ha un aroma metallico, non piacevole."
data/images_flat/2018-2019_Trentingrana__2019-02-06__P2b_305_fetta.bmp,Aroma,Aroma leggero sentore di cotto e piacevole.,Il formaggio ha un aroma leggero sentore di cotto e piacevole.
data/images_flat/2018-2019_Trentingrana__2019-02-06__P2b_305_fetta.bmp,Aroma,Aroma non da grana stagionato.,Il formaggio ha un aroma non da grana stagionato.
data/images_flat/2018-2019_Trentingrana__2019-02-06__P2b_305_fetta.bmp,Aroma,Aroma di formaggio cotto e crosta.,Il formaggio ha un aroma di formaggio cotto e crosta.
data/images_flat/2018-2019_Trentingrana__2019-02-06__P2b_305_fetta.bmp,Aroma,Aroma di panna.,Il formaggio ha un aroma di panna.
data/images_flat/2018-2019_Trentingrana__2019-02-06__P2b_305_fetta.bmp,Aroma,Aroma di crosta e pasta bruciata.,Il formaggio ha un aroma di crosta e pasta bruciata.
data/images_flat/2018-2019_Trentingrana__2019-02-06__P2b_305_fetta.bmp,Aroma,Aroma di verdura cotta e latte cotto.,Il formaggio ha un aroma di verdura cotta e latte cotto.
data/images_flat/2018-2019_Trentingrana__2019-02-06__P2b_305_fetta.bmp,Aroma,Aroma di fieno cotto e fruttato.,Il formaggio ha un aroma di fieno cotto e fruttato.
data/images_flat/2018-2019_Trentingrana__2019-02-06__P2b_305_fetta.bmp,Aroma,Aroma con note lattiche prevalenti.,Il formaggio ha un aroma con note lattiche prevalenti.
data/images_flat/2018-2019_Trentingrana__2019-02-06__P2b_305_fetta.bmp,Aroma,Aroma medio di burro e frutta.,Il formaggio ha un aroma medio di burro e frutta.
data/images_flat/2018-2019_Trentingrana__2019-02-06__P1a_302_fetta.bmp,Aroma,Aroma di cotto e crosta leggermente percettibile.,Il formaggio ha un aroma di cotto e crosta leggermente percettibile.
data/images_flat/2018-2019_Trentingrana__2019-02-06__P1a_302_fetta.bmp,Aroma,Aroma di panna con sentore nostrano e poco tipico del grana.,Il formaggio ha un aroma di panna con sentore nostrano e poco tipico del grana.
data/images_flat/2018-2019_Trentingrana__2019-02-06__P1a_302_fetta.bmp,Aroma,Aroma di crosta di formaggio.,Il formaggio ha un aroma di crosta di formaggio.
data/images_flat/2018-2019_Trentingrana__2019-02-06__P1a_302_fetta.bmp,Aroma,Aroma di pesce.,Il formaggio ha un aroma di pesce.
data/images_flat/2018-2019_Trentingrana__2019-02-06__P1a_302_fetta.bmp,Aroma,Aroma principalmente di burro e lattico cotto.,Il formaggio ha un aroma principalmente di burro e lattico cotto.
data/images_flat/2018-2019_Trentingrana__2019-02-06__P1a_302_fetta.bmp,Aroma,Aroma di panna cotta e burro fuso con intensità medio-alta.,Il formaggio ha un aroma di panna cotta e burro fuso con intensità medio-alta.
data/images_flat/2018-2019_Trentingrana__2019-02-06__P1a_302_fetta.bmp,Aroma,Aroma lattico cotto.,Il formaggio ha un aroma lattico cotto.
data/images_flat/2018-2019_Trentingrana__2019-02-06__P1a_302_fetta.bmp,Aroma,Aroma di burro e grana.,Il formaggio ha un aroma di burro e grana.
data/images_flat/2018-2019_Trentingrana__2019-02-06__P1b_302_fetta.bmp,Aroma,Aroma di cotto e crosta leggermente percettibile.,Il formaggio ha un aroma di cotto e crosta leggermente percettibile.
data/images_flat/2018-2019_Trentingrana__2019-02-06__P1b_302_fetta.bmp,Aroma,Aroma di panna con sentore nostrano e poco tipico del grana.,Il formaggio ha un aroma di panna con sentore nostrano e poco tipico del grana.
data/images_flat/2018-2019_Trentingrana__2019-02-06__P1b_302_fetta.bmp,Aroma,Aroma di crosta di formaggio.,Il formaggio ha un aroma di crosta di formaggio.
data/images_flat/2018-2019_Trentingrana__2019-02-06__P1b_302_fetta.bmp,Aroma,Aroma di pesce.,Il formaggio ha un aroma di pesce.
data/images_flat/2018-2019_Trentingrana__2019-02-06__P1b_302_fetta.bmp,Aroma,Aroma principalmente di burro e lattico cotto.,Il formaggio ha un aroma principalmente di burro e lattico cotto.
data/images_flat/2018-2019_Trentingrana__2019-02-06__P1b_302_fetta.bmp,Aroma,Aroma di panna cotta e burro fuso con intensità medio-alta.,Il formaggio ha un aroma di panna cotta e burro fuso con intensità medio-alta.
data/images_flat/2018-2019_Trentingrana__2019-02-06__P1b_302_fetta.bmp,Aroma,Aroma lattico cotto.,Il formaggio ha un aroma lattico cotto.
data/images_flat/2018-2019_Trentingrana__2019-02-06__P1b_302_fetta.bmp,Aroma,Aroma di burro e grana.,Il formaggio ha un aroma di burro e grana.
data/images_flat/2018-2019_Trentingrana__2019-02-06__P2a_305_fetta.bmp,Aroma,Aroma leggero sentore di cotto e piacevole.,Il formaggio ha un aroma leggero sentore di cotto e piacevole.
data/images_flat/2018-2019_Trentingrana__2019-02-06__P2a_305_fetta.bmp,Aroma,Aroma non da grana stagionato.,Il formaggio ha un aroma non da grana stagionato.
data/images_flat/2018-2019_Trentingrana__2019-02-06__P2a_305_fetta.bmp,Aroma,Aroma di formaggio cotto e crosta.,Il formaggio ha un aroma di formaggio cotto e crosta.
data/images_flat/2018-2019_Trentingrana__2019-02-06__P2a_305_fetta.bmp,Aroma,Aroma di panna.,Il formaggio ha un aroma di panna.
data/images_flat/2018-2019_Trentingrana__2019-02-06__P2a_305_fetta.bmp,Aroma,Aroma di crosta e pasta bruciata.,Il formaggio ha un aroma di crosta e pasta bruciata.
data/images_flat/2018-2019_Trentingrana__2019-02-06__P2a_305_fetta.bmp,Aroma,Aroma di verdura cotta e latte cotto.,Il formaggio ha un aroma di verdura cotta e latte cotto.
data/images_flat/2018-2019_Trentingrana__2019-02-06__P2a_305_fetta.bmp,Aroma,Aroma di fieno cotto e fruttato.,Il formaggio ha un aroma di fieno cotto e fruttato.
data/images_flat/2018-2019_Trentingrana__2019-02-06__P2a_305_fetta.bmp,Aroma,Aroma con note lattiche prevalenti.,Il formaggio ha un aroma con note lattiche prevalenti.
data/images_flat/2018-2019_Trentingrana__2019-02-06__P2a_305_fetta.bmp,Aroma,Aroma medio di burro e frutta.,Il formaggio ha un aroma medio di burro e frutta.
data/images_flat/2018-2019_Trentingrana__2019-03-06__P5a_319_fetta.bmp,Aroma,Aroma di frutta secca forte con brodo moderato.,Il formaggio ha un aroma di frutta secca forte con brodo moderato.
data/images_flat/2018-2019_Trentingrana__2019-03-06__P5a_319_fetta.bmp,Aroma,Aroma di cotto e crosta.,Il formaggio ha un aroma di cotto e crosta.
data/images_flat/2018-2019_Trentingrana__2019-03-06__P5a_319_fetta.bmp,Aroma,Aroma povero.,Il formaggio ha un aroma povero.
data/images_flat/2018-2019_Trentingrana__2019-03-06__P5a_319_fetta.bmp,Aroma,Aroma tostato e vecchio.,Il formaggio ha un aroma tostato e vecchio.
data/images_flat/2018-2019_Trentingrana__2019-03-06__P5a_319_fetta.bmp,Aroma,Aroma cotto con note leggermente animali.,Il formaggio ha un aroma cotto con note leggermente animali.
data/images_flat/2018-2019_Trentingrana__2019-03-06__P5a_319_fetta.bmp,Aroma,Aroma di lattico cotto con note di marcio e putrido.,Il formaggio ha un aroma di lattico cotto con note di marcio e putrido.
data/images_flat/2018-2019_Trentingrana__2019-03-06__P5a_319_fetta.bmp,Aroma,Aroma burroso con note di brodo.,Il formaggio ha un aroma burroso con note di brodo.
data/images_flat/2018-2019_Trentingrana__2019-03-06__P5a_319_fetta.bmp,Aroma,Aroma non da grana difetto.,Il formaggio ha un aroma non da grana difetto.
data/images_flat/2018-2019_Trentingrana__2019-03-06__P5b_319_fetta.bmp,Aroma,Aroma di frutta secca forte con brodo moderato.,Il formaggio ha un aroma di frutta secca forte con brodo moderato.
data/images_flat/2018-2019_Trentingrana__2019-03-06__P5b_319_fetta.bmp,Aroma,Aroma di cotto e crosta.,Il formaggio ha un aroma di cotto e crosta.
data/images_flat/2018-2019_Trentingrana__2019-03-06__P5b_319_fetta.bmp,Aroma,Aroma povero.,Il formaggio ha un aroma povero.
data/images_flat/2018-2019_Trentingrana__2019-03-06__P5b_319_fetta.bmp,Aroma,Aroma tostato e vecchio.,Il formaggio ha un aroma tostato e vecchio.
data/images_flat/2018-2019_Trentingrana__2019-03-06__P5b_319_fetta.bmp,Aroma,Aroma cotto con note leggermente animali.,Il formaggio ha un aroma cotto con note leggermente animali.
data/images_flat/2018-2019_Trentingrana__2019-03-06__P5b_319_fetta.bmp,Aroma,Aroma di lattico cotto con note di marcio e putrido.,Il formaggio ha un aroma di lattico cotto con note di marcio e putrido.
data/images_flat/2018-2019_Trentingrana__2019-03-06__P5b_319_fetta.bmp,Aroma,Aroma burroso con note di brodo.,Il formaggio ha un aroma burroso con note di brodo.
data/images_flat/2018-2019_Trentingrana__2019-03-06__P5b_319_fetta.bmp,Aroma,Aroma non da grana difetto.,Il formaggio ha un aroma non da grana difetto.
data/images_flat/2018-2019_Trentingrana__2019-03-06__P1a_302_grana.bmp,Aroma,Aroma fermentato leggero.,Il formaggio ha un aroma fermentato leggero.
data/images_flat/2018-2019_Trentingrana__2019-03-06__P1a_302_grana.bmp,Aroma,Aroma di panna.,Il formaggio ha un aroma di panna.
data/images_flat/2018-2019_Trentingrana__2019-03-06__P1a_302_grana.bmp,Aroma,Aroma tostato e di brodo.,Il formaggio ha un aroma tostato e di brodo.
data/images_flat/2018-2019_Trentingrana__2019-03-06__P1a_302_grana.bmp,Aroma,Aroma nostrano.,Il formaggio ha un aroma nostrano.
data/images_flat/2018-2019_Trentingrana__2019-03-06__P1a_302_grana.bmp,Aroma,Aroma di formaggio cotto piacevole.,Il formaggio ha un aroma di formaggio cotto piacevole.
data/images_flat/2018-2019_Trentingrana__2019-03-06__P1a_302_grana.bmp,Aroma,Aroma di lattici cotti e carne lessa.,Il formaggio ha un aroma di lattici cotti e carne lessa.
data/images_flat/2018-2019_Trentingrana__2019-03-06__P1a_302_grana.bmp,Aroma,Aroma tipico del grana.,Il formaggio ha un aroma tipico del grana.
data/images_flat/2018-2019_Trentingrana__2019-03-06__P3a_311_grana.bmp,Aroma,Aroma di latte cotto forte e frutta secca forte.,Il formaggio ha un aroma di latte cotto forte e frutta secca forte.
data/images_flat/2018-2019_Trentingrana__2019-03-06__P3a_311_grana.bmp,Aroma,Aroma vegetale cotto.,Il formaggio ha un aroma vegetale cotto.
data/images_flat/2018-2019_Trentingrana__2019-03-06__P3a_311_grana.bmp,Aroma,Aroma di crosta di formaggio.,Il formaggio ha un aroma di crosta di formaggio.
data/images_flat/2018-2019_Trentingrana__2019-03-06__P3a_311_grana.bmp,Aroma,Aroma con leggere note di cotto e crosta.,Il formaggio ha un aroma con leggere note di cotto e crosta.
data/images_flat/2018-2019_Trentingrana__2019-03-06__P3a_311_grana.bmp,Aroma,Aroma di brodo.,Il formaggio ha un aroma di brodo.
data/images_flat/2018-2019_Trentingrana__2019-03-06__P3a_311_grana.bmp,Aroma,Aroma leggermente tostato.,Il formaggio ha un aroma leggermente tostato.
data/images_flat/2018-2019_Trentingrana__2019-03-06__P6a_323_grana.bmp,Aroma,Aroma animale forte.,Il formaggio ha un aroma animale forte.
data/images_flat/2018-2019_Trentingrana__2019-03-06__P6a_323_grana.bmp,Aroma,Aroma cotto.,Il formaggio ha un aroma cotto.
data/images_flat/2018-2019_Trentingrana__2019-03-06__P6a_323_grana.bmp,Aroma,Aroma di crosta di formaggio leggero.,Il formaggio ha un aroma di crosta di formaggio leggero.
data/images_flat/2018-2019_Trentingrana__2019-03-06__P6a_323_grana.bmp,Aroma,Aroma di burro fuso.,Il formaggio ha un aroma di burro fuso.
data/images_flat/2018-2019_Trentingrana__2019-03-06__P6a_323_grana.bmp,Aroma,Aroma di crosta e cotto.,Il formaggio ha un aroma di crosta e cotto.
data/images_flat/2018-2019_Trentingrana__2019-03-06__P6a_323_grana.bmp,Aroma,Aroma di formaggio cotto e latte cotto.,Il formaggio ha un aroma di formaggio cotto e latte cotto.
data/images_flat/2018-2019_Trentingrana__2019-03-06__P6a_323_grana.bmp,Aroma,Aroma di grana e burro.,Il formaggio ha un aroma di grana e burro.
data/images_flat/2018-2019_Trentingrana__2019-03-06__P4a_313_fetta.bmp,Aroma,Aroma di latte cotto forte.,Il formaggio ha un aroma di latte cotto forte.
data/images_flat/2018-2019_Trentingrana__2019-03-06__P4a_313_fetta.bmp,Aroma,Aroma di panna.,Il formaggio ha un aroma di panna.
data/images_flat/2018-2019_Trentingrana__2019-03-06__P4a_313_fetta.bmp,Aroma,Aroma tostato con note di crosta di formaggio.,Il formaggio ha un aroma tostato con note di crosta di formaggio.
data/images_flat/2018-2019_Trentingrana__2019-03-06__P4a_313_fetta.bmp,Aroma,"Aroma di cotto, bruciato, con sentore di crosta.","Il formaggio ha un aroma di cotto, bruciato, con sentore di crosta."
data/images_flat/2018-2019_Trentingrana__2019-03-06__P4a_313_fetta.bmp,Aroma,Aroma fermentato e cotto.,Il formaggio ha un aroma fermentato e cotto.
data/images_flat/2018-2019_Trentingrana__2019-03-06__P4a_313_fetta.bmp,Aroma,Aroma con nota di gorgonzola.,Il formaggio ha un aroma con nota di gorgonzola.
data/images_flat/2018-2019_Trentingrana__2019-03-06__P2b_305_grana.bmp,Aroma,Aroma di provolone piccante moderato.,Il formaggio ha un aroma di provolone piccante moderato.
data/images_flat/2018-2019_Trentingrana__2019-03-06__P2b_305_grana.bmp,Aroma,"Aroma di crosta di formaggio, stantio.","Il formaggio ha un aroma di crosta di formaggio, stantio."
data/images_flat/2018-2019_Trentingrana__2019-03-06__P2b_305_grana.bmp,Aroma,Aroma non tipico del grana.,Il formaggio ha un aroma non tipico del grana.
data/images_flat/2018-2019_Trentingrana__2019-03-06__P2b_305_grana.bmp,Aroma,Aroma di crosta di formaggio intenso.,Il formaggio ha un aroma di crosta di formaggio intenso.
data/images_flat/2018-2019_Trentingrana__2019-03-06__P2b_305_grana.bmp,Aroma,Aroma di noce.,Il formaggio ha un aroma di noce.
data/images_flat/2018-2019_Trentingrana__2019-03-06__P2b_305_grana.bmp,Aroma,"Aroma non tipico del grana, suggestivo di formaggio diverso.","Il formaggio ha un aroma non tipico del grana, suggestivo di formaggio diverso."
data/images_flat/2018-2019_Trentingrana__2019-03-06__P4b_313_fetta.bmp,Aroma,Aroma di latte cotto forte.,Il formaggio ha un aroma di latte cotto forte.
data/images_flat/2018-2019_Trentingrana__2019-03-06__P4b_313_fetta.bmp,Aroma,Aroma di panna.,Il formaggio ha un aroma di panna.
data/images_flat/2018-2019_Trentingrana__2019-03-06__P4b_313_fetta.bmp,Aroma,Aroma tostato con note di crosta di formaggio.,Il formaggio ha un aroma tostato con note di crosta di formaggio.
data/images_flat/2018-2019_Trentingrana__2019-03-06__P4b_313_fetta.bmp,Aroma,"Aroma di cotto, bruciato, con sentore di crosta.","Il formaggio ha un aroma di cotto, bruciato, con sentore di crosta."
data/images_flat/2018-2019_Trentingrana__2019-03-06__P4b_313_fetta.bmp,Aroma,Aroma fermentato e cotto.,Il formaggio ha un aroma fermentato e cotto.
data/images_flat/2018-2019_Trentingrana__2019-03-06__P4b_313_fetta.bmp,Aroma,Aroma con nota di gorgonzola.,Il formaggio ha un aroma con nota di gorgonzola.
data/images_flat/2018-2019_Trentingrana__2019-03-06__P6b_323_grana.bmp,Aroma,Aroma animale forte.,Il formaggio ha un aroma animale forte.
data/images_flat/2018-2019_Trentingrana__2019-03-06__P6b_323_grana.bmp,Aroma,Aroma cotto.,Il formaggio ha un aroma cotto.
data/images_flat/2018-2019_Trentingrana__2019-03-06__P6b_323_grana.bmp,Aroma,Aroma di crosta di formaggio leggero.,Il formaggio ha un aroma di crosta di formaggio leggero.
data/images_flat/2018-2019_Trentingrana__2019-03-06__P6b_323_grana.bmp,Aroma,Aroma di burro fuso.,Il formaggio ha un aroma di burro fuso.
data/images_flat/2018-2019_Trentingrana__2019-03-06__P6b_323_grana.bmp,Aroma,Aroma di crosta e cotto.,Il formaggio ha un aroma di crosta e cotto.
data/images_flat/2018-2019_Trentingrana__2019-03-06__P6b_323_grana.bmp,Aroma,Aroma di formaggio cotto e latte cotto.,Il formaggio ha un aroma di formaggio cotto e latte cotto.
data/images_flat/2018-2019_Trentingrana__2019-03-06__P6b_323_grana.bmp,Aroma,Aroma di grana e burro.,Il formaggio ha un aroma di grana e burro.
data/images_flat/2018-2019_Trentingrana__2019-03-06__P3b_311_grana.bmp,Aroma,Aroma di latte cotto forte e frutta secca forte.,Il formaggio ha un aroma di latte cotto forte e frutta secca forte.
data/images_flat/2018-2019_Trentingrana__2019-03-06__P3b_311_grana.bmp,Aroma,Aroma vegetale cotto.,Il formaggio ha un aroma vegetale cotto.
data/images_flat/2018-2019_Trentingrana__2019-03-06__P3b_311_grana.bmp,Aroma,Aroma di crosta di formaggio.,Il formaggio ha un aroma di crosta di formaggio.
data/images_flat/2018-2019_Trentingrana__2019-03-06__P3b_311_grana.bmp,Aroma,Aroma con leggere note di cotto e crosta.,Il formaggio ha un aroma con leggere note di cotto e crosta.
data/images_flat/2018-2019_Trentingrana__2019-03-06__P3b_311_grana.bmp,Aroma,Aroma di brodo.,Il formaggio ha un aroma di brodo.
data/images_flat/2018-2019_Trentingrana__2019-03-06__P3b_311_grana.bmp,Aroma,Aroma leggermente tostato.,Il formaggio ha un aroma leggermente tostato.
data/images_flat/2018-2019_Trentingrana__2019-03-06__P2a_305_grana.bmp,Aroma,Aroma di provolone piccante moderato.,Il formaggio ha un aroma di provolone piccante moderato.
data/images_flat/2018-2019_Trentingrana__2019-03-06__P2a_305_grana.bmp,Aroma,"Aroma di crosta di formaggio, stantio.","Il formaggio ha un aroma di crosta di formaggio, stantio."
data/images_flat/2018-2019_Trentingrana__2019-03-06__P2a_305_grana.bmp,Aroma,Aroma non tipico del grana.,Il formaggio ha un aroma non tipico del grana.
data/images_flat/2018-2019_Trentingrana__2019-03-06__P2a_305_grana.bmp,Aroma,Aroma di crosta di formaggio intenso.,Il formaggio ha un aroma di crosta di formaggio intenso.
data/images_flat/2018-2019_Trentingrana__2019-03-06__P2a_305_grana.bmp,Aroma,Aroma di noce.,Il formaggio ha un aroma di noce.
data/images_flat/2018-2019_Trentingrana__2019-03-06__P2a_305_grana.bmp,Aroma,"Aroma non tipico del grana, suggestivo di formaggio diverso.","Il formaggio ha un aroma non tipico del grana, suggestivo di formaggio diverso."
data/images_flat/2018-2019_Trentingrana__2019-03-06__P1b_302_grana.bmp,Aroma,Aroma fermentato leggero.,Il formaggio ha un aroma fermentato leggero.
data/images_flat/2018-2019_Trentingrana__2019-03-06__P1b_302_grana.bmp,Aroma,Aroma di panna.,Il formaggio ha un aroma di panna.
data/images_flat/2018-2019_Trentingrana__2019-03-06__P1b_302_grana.bmp,Aroma,Aroma tostato e di brodo.,Il formaggio ha un aroma tostato e di brodo.
data/images_flat/2018-2019_Trentingrana__2019-03-06__P1b_302_grana.bmp,Aroma,Aroma nostrano.,Il formaggio ha un aroma nostrano.
data/images_flat/2018-2019_Trentingrana__2019-03-06__P1b_302_grana.bmp,Aroma,Aroma di formaggio cotto piacevole.,Il formaggio ha un aroma di formaggio cotto piacevole.
data/images_flat/2018-2019_Trentingrana__2019-03-06__P1b_302_grana.bmp,Aroma,Aroma di lattici cotti e carne lessa.,Il formaggio ha un aroma di lattici cotti e carne lessa.
data/images_flat/2018-2019_Trentingrana__2019-03-06__P1b_302_grana.bmp,Aroma,Aroma tipico del grana.,Il formaggio ha un aroma tipico del grana.
data/images_flat/2018-2019_Trentingrana__2019-03-06__P5a_319_grana.bmp,Aroma,Aroma di frutta secca forte con brodo moderato.,Il formaggio ha un aroma di frutta secca forte con brodo moderato.
data/images_flat/2018-2019_Trentingrana__2019-03-06__P5a_319_grana.bmp,Aroma,Aroma di cotto e crosta.,Il formaggio ha un aroma di cotto e crosta.
data/images_flat/2018-2019_Trentingrana__2019-03-06__P5a_319_grana.bmp,Aroma,Aroma povero.,Il formaggio ha un aroma povero.
data/images_flat/2018-2019_Trentingrana__2019-03-06__P5a_319_grana.bmp,Aroma,Aroma tostato e vecchio.,Il formaggio ha un aroma tostato e vecchio.
data/images_flat/2018-2019_Trentingrana__2019-03-06__P5a_319_grana.bmp,Aroma,Aroma cotto con note leggermente animali.,Il formaggio ha un aroma cotto con note leggermente animali.
data/images_flat/2018-2019_Trentingrana__2019-03-06__P5a_319_grana.bmp,Aroma,Aroma di lattico cotto con note di marcio e putrido.,Il formaggio ha un aroma di lattico cotto con note di marcio e putrido.
data/images_flat/2018-2019_Trentingrana__2019-03-06__P5a_319_grana.bmp,Aroma,Aroma burroso con note di brodo.,Il formaggio ha un aroma burroso con note di brodo.
data/images_flat/2018-2019_Trentingrana__2019-03-06__P5a_319_grana.bmp,Aroma,Aroma non da grana difetto.,Il formaggio ha un aroma non da grana difetto.
data/images_flat/2018-2019_Trentingrana__2019-03-06__P5b_319_grana.bmp,Aroma,Aroma di frutta secca forte con brodo moderato.,Il formaggio ha un aroma di frutta secca forte con brodo moderato.
data/images_flat/2018-2019_Trentingrana__2019-03-06__P5b_319_grana.bmp,Aroma,Aroma di cotto e crosta.,Il formaggio ha un aroma di cotto e crosta.
data/images_flat/2018-2019_Trentingrana__2019-03-06__P5b_319_grana.bmp,Aroma,Aroma povero.,Il formaggio ha un aroma povero.
data/images_flat/2018-2019_Trentingrana__2019-03-06__P5b_319_grana.bmp,Aroma,Aroma tostato e vecchio.,Il formaggio ha un aroma tostato e vecchio.
data/images_flat/2018-2019_Trentingrana__2019-03-06__P5b_319_grana.bmp,Aroma,Aroma cotto con note leggermente animali.,Il formaggio ha un aroma cotto con note leggermente animali.
data/images_flat/2018-2019_Trentingrana__2019-03-06__P5b_319_grana.bmp,Aroma,Aroma di lattico cotto con note di marcio e putrido.,Il formaggio ha un aroma di lattico cotto con note di marcio e putrido.
data/images_flat/2018-2019_Trentingrana__2019-03-06__P5b_319_grana.bmp,Aroma,Aroma burroso con note di brodo.,Il formaggio ha un aroma burroso con note di brodo.
data/images_flat/2018-2019_Trentingrana__2019-03-06__P5b_319_grana.bmp,Aroma,Aroma non da grana difetto.,Il formaggio ha un aroma non da grana difetto.
data/images_flat/2018-2019_Trentingrana__2019-03-06__P2b_305_fetta.bmp,Aroma,Aroma di provolone piccante moderato.,Il formaggio ha un aroma di provolone piccante moderato.
data/images_flat/2018-2019_Trentingrana__2019-03-06__P2b_305_fetta.bmp,Aroma,"Aroma di crosta di formaggio, stantio.","Il formaggio ha un aroma di crosta di formaggio, stantio."
data/images_flat/2018-2019_Trentingrana__2019-03-06__P2b_305_fetta.bmp,Aroma,Aroma non tipico del grana.,Il formaggio ha un aroma non tipico del grana.
data/images_flat/2018-2019_Trentingrana__2019-03-06__P2b_305_fetta.bmp,Aroma,Aroma di crosta di formaggio intenso.,Il formaggio ha un aroma di crosta di formaggio intenso.
data/images_flat/2018-2019_Trentingrana__2019-03-06__P2b_305_fetta.bmp,Aroma,Aroma di noce.,Il formaggio ha un aroma di noce.
data/images_flat/2018-2019_Trentingrana__2019-03-06__P2b_305_fetta.bmp,Aroma,"Aroma non tipico del grana, suggestivo di formaggio diverso.","Il formaggio ha un aroma non tipico del grana, suggestivo di formaggio diverso."
data/images_flat/2018-2019_Trentingrana__2019-03-06__P6a_323_fetta.bmp,Aroma,Aroma animale forte.,Il formaggio ha un aroma animale forte.
data/images_flat/2018-2019_Trentingrana__2019-03-06__P6a_323_fetta.bmp,Aroma,Aroma cotto.,Il formaggio ha un aroma cotto.
data/images_flat/2018-2019_Trentingrana__2019-03-06__P6a_323_fetta.bmp,Aroma,Aroma di crosta di formaggio leggero.,Il formaggio ha un aroma di crosta di formaggio leggero.
data/images_flat/2018-2019_Trentingrana__2019-03-06__P6a_323_fetta.bmp,Aroma,Aroma di burro fuso.,Il formaggio ha un aroma di burro fuso.
data/images_flat/2018-2019_Trentingrana__2019-03-06__P6a_323_fetta.bmp,Aroma,Aroma di crosta e cotto.,Il formaggio ha un aroma di crosta e cotto.
data/images_flat/2018-2019_Trentingrana__2019-03-06__P6a_323_fetta.bmp,Aroma,Aroma di formaggio cotto e latte cotto.,Il formaggio ha un aroma di formaggio cotto e latte cotto.
data/images_flat/2018-2019_Trentingrana__2019-03-06__P6a_323_fetta.bmp,Aroma,Aroma di grana e burro.,Il formaggio ha un aroma di grana e burro.
data/images_flat/2018-2019_Trentingrana__2019-03-06__P4a_313_grana.bmp,Aroma,Aroma di latte cotto forte.,Il formaggio ha un aroma di latte cotto forte.
data/images_flat/2018-2019_Trentingrana__2019-03-06__P4a_313_grana.bmp,Aroma,Aroma di panna.,Il formaggio ha un aroma di panna.
data/images_flat/2018-2019_Trentingrana__2019-03-06__P4a_313_grana.bmp,Aroma,Aroma tostato con note di crosta di formaggio.,Il formaggio ha un aroma tostato con note di crosta di formaggio.
data/images_flat/2018-2019_Trentingrana__2019-03-06__P4a_313_grana.bmp,Aroma,"Aroma di cotto, bruciato, con sentore di crosta.","Il formaggio ha un aroma di cotto, bruciato, con sentore di crosta."
data/images_flat/2018-2019_Trentingrana__2019-03-06__P4a_313_grana.bmp,Aroma,Aroma fermentato e cotto.,Il formaggio ha un aroma fermentato e cotto.
data/images_flat/2018-2019_Trentingrana__2019-03-06__P4a_313_grana.bmp,Aroma,Aroma con nota di gorgonzola.,Il formaggio ha un aroma con nota di gorgonzola.
data/images_flat/2018-2019_Trentingrana__2019-03-06__P3a_311_fetta.bmp,Aroma,Aroma di latte cotto forte e frutta secca forte.,Il formaggio ha un aroma di latte cotto forte e frutta secca forte.
data/images_flat/2018-2019_Trentingrana__2019-03-06__P3a_311_fetta.bmp,Aroma,Aroma vegetale cotto.,Il formaggio ha un aroma vegetale cotto.
data/images_flat/2018-2019_Trentingrana__2019-03-06__P3a_311_fetta.bmp,Aroma,Aroma di crosta di formaggio.,Il formaggio ha un aroma di crosta di formaggio.
data/images_flat/2018-2019_Trentingrana__2019-03-06__P3a_311_fetta.bmp,Aroma,Aroma con leggere note di cotto e crosta.,Il formaggio ha un aroma con leggere note di cotto e crosta.
data/images_flat/2018-2019_Trentingrana__2019-03-06__P3a_311_fetta.bmp,Aroma,Aroma di brodo.,Il formaggio ha un aroma di brodo.
data/images_flat/2018-2019_Trentingrana__2019-03-06__P3a_311_fetta.bmp,Aroma,Aroma leggermente tostato.,Il formaggio ha un aroma leggermente tostato.
data/images_flat/2018-2019_Trentingrana__2019-03-06__P1a_302_fetta.bmp,Aroma,Aroma fermentato leggero.,Il formaggio ha un aroma fermentato leggero.
data/images_flat/2018-2019_Trentingrana__2019-03-06__P1a_302_fetta.bmp,Aroma,Aroma di panna.,Il formaggio ha un aroma di panna.
data/images_flat/2018-2019_Trentingrana__2019-03-06__P1a_302_fetta.bmp,Aroma,Aroma tostato e di brodo.,Il formaggio ha un aroma tostato e di brodo.
data/images_flat/2018-2019_Trentingrana__2019-03-06__P1a_302_fetta.bmp,Aroma,Aroma nostrano.,Il formaggio ha un aroma nostrano.
data/images_flat/2018-2019_Trentingrana__2019-03-06__P1a_302_fetta.bmp,Aroma,Aroma di formaggio cotto piacevole.,Il formaggio ha un aroma di formaggio cotto piacevole.
data/images_flat/2018-2019_Trentingrana__2019-03-06__P1a_302_fetta.bmp,Aroma,Aroma di lattici cotti e carne lessa.,Il formaggio ha un aroma di lattici cotti e carne lessa.
data/images_flat/2018-2019_Trentingrana__2019-03-06__P1a_302_fetta.bmp,Aroma,Aroma tipico del grana.,Il formaggio ha un aroma tipico del grana.
data/images_flat/2018-2019_Trentingrana__2019-03-06__P1b_302_fetta.bmp,Aroma,Aroma fermentato leggero.,Il formaggio ha un aroma fermentato leggero.
data/images_flat/2018-2019_Trentingrana__2019-03-06__P1b_302_fetta.bmp,Aroma,Aroma di panna.,Il formaggio ha un aroma di panna.
data/images_flat/2018-2019_Trentingrana__2019-03-06__P1b_302_fetta.bmp,Aroma,Aroma tostato e di brodo.,Il formaggio ha un aroma tostato e di brodo.
data/images_flat/2018-2019_Trentingrana__2019-03-06__P1b_302_fetta.bmp,Aroma,Aroma nostrano.,Il formaggio ha un aroma nostrano.
data/images_flat/2018-2019_Trentingrana__2019-03-06__P1b_302_fetta.bmp,Aroma,Aroma di formaggio cotto piacevole.,Il formaggio ha un aroma di formaggio cotto piacevole.
data/images_flat/2018-2019_Trentingrana__2019-03-06__P1b_302_fetta.bmp,Aroma,Aroma di lattici cotti e carne lessa.,Il formaggio ha un aroma di lattici cotti e carne lessa.
data/images_flat/2018-2019_Trentingrana__2019-03-06__P1b_302_fetta.bmp,Aroma,Aroma tipico del grana.,Il formaggio ha un aroma tipico del grana.
data/images_flat/2018-2019_Trentingrana__2019-03-06__P2a_305_fetta.bmp,Aroma,Aroma di provolone piccante moderato.,Il formaggio ha un aroma di provolone piccante moderato.
data/images_flat/2018-2019_Trentingrana__2019-03-06__P2a_305_fetta.bmp,Aroma,"Aroma di crosta di formaggio, stantio.","Il formaggio ha un aroma di crosta di formaggio, stantio."
data/images_flat/2018-2019_Trentingrana__2019-03-06__P2a_305_fetta.bmp,Aroma,Aroma non tipico del grana.,Il formaggio ha un aroma non tipico del grana.
data/images_flat/2018-2019_Trentingrana__2019-03-06__P2a_305_fetta.bmp,Aroma,Aroma di crosta di formaggio intenso.,Il formaggio ha un aroma di crosta di formaggio intenso.
data/images_flat/2018-2019_Trentingrana__2019-03-06__P2a_305_fetta.bmp,Aroma,Aroma di noce.,Il formaggio ha un aroma di noce.
data/images_flat/2018-2019_Trentingrana__2019-03-06__P2a_305_fetta.bmp,Aroma,"Aroma non tipico del grana, suggestivo di formaggio diverso.","Il formaggio ha un aroma non tipico del grana, suggestivo di formaggio diverso."
data/images_flat/2018-2019_Trentingrana__2019-03-06__P3b_311_fetta.bmp,Aroma,Aroma di latte cotto forte e frutta secca forte.,Il formaggio ha un aroma di latte cotto forte e frutta secca forte.
data/images_flat/2018-2019_Trentingrana__2019-03-06__P3b_311_fetta.bmp,Aroma,Aroma vegetale cotto.,Il formaggio ha un aroma vegetale cotto.
data/images_flat/2018-2019_Trentingrana__2019-03-06__P3b_311_fetta.bmp,Aroma,Aroma di crosta di formaggio.,Il formaggio ha un aroma di crosta di formaggio.
data/images_flat/2018-2019_Trentingrana__2019-03-06__P3b_311_fetta.bmp,Aroma,Aroma con leggere note di cotto e crosta.,Il formaggio ha un aroma con leggere note di cotto e crosta.
data/images_flat/2018-2019_Trentingrana__2019-03-06__P3b_311_fetta.bmp,Aroma,Aroma di brodo.,Il formaggio ha un aroma di brodo.
data/images_flat/2018-2019_Trentingrana__2019-03-06__P3b_311_fetta.bmp,Aroma,Aroma leggermente tostato.,Il formaggio ha un aroma leggermente tostato.
data/images_flat/2018-2019_Trentingrana__2019-03-06__P4b_313_grana.bmp,Aroma,Aroma di latte cotto forte.,Il formaggio ha un aroma di latte cotto forte.
data/images_flat/2018-2019_Trentingrana__2019-03-06__P4b_313_grana.bmp,Aroma,Aroma di panna.,Il formaggio ha un aroma di panna.
data/images_flat/2018-2019_Trentingrana__2019-03-06__P4b_313_grana.bmp,Aroma,Aroma tostato con note di crosta di formaggio.,Il formaggio ha un aroma tostato con note di crosta di formaggio.
data/images_flat/2018-2019_Trentingrana__2019-03-06__P4b_313_grana.bmp,Aroma,"Aroma di cotto, bruciato, con sentore di crosta.","Il formaggio ha un aroma di cotto, bruciato, con sentore di crosta."
data/images_flat/2018-2019_Trentingrana__2019-03-06__P4b_313_grana.bmp,Aroma,Aroma fermentato e cotto.,Il formaggio ha un aroma fermentato e cotto.
data/images_flat/2018-2019_Trentingrana__2019-03-06__P4b_313_grana.bmp,Aroma,Aroma con nota di gorgonzola.,Il formaggio ha un aroma con nota di gorgonzola.
data/images_flat/2018-2019_Trentingrana__2019-03-06__P6b_323_fetta.bmp,Aroma,Aroma animale forte.,Il formaggio ha un aroma animale forte.
data/images_flat/2018-2019_Trentingrana__2019-03-06__P6b_323_fetta.bmp,Aroma,Aroma cotto.,Il formaggio ha un aroma cotto.
data/images_flat/2018-2019_Trentingrana__2019-03-06__P6b_323_fetta.bmp,Aroma,Aroma di crosta di formaggio leggero.,Il formaggio ha un aroma di crosta di formaggio leggero.
data/images_flat/2018-2019_Trentingrana__2019-03-06__P6b_323_fetta.bmp,Aroma,Aroma di burro fuso.,Il formaggio ha un aroma di burro fuso.
data/images_flat/2018-2019_Trentingrana__2019-03-06__P6b_323_fetta.bmp,Aroma,Aroma di crosta e cotto.,Il formaggio ha un aroma di crosta e cotto.
data/images_flat/2018-2019_Trentingrana__2019-03-06__P6b_323_fetta.bmp,Aroma,Aroma di formaggio cotto e latte cotto.,Il formaggio ha un aroma di formaggio cotto e latte cotto.
data/images_flat/2018-2019_Trentingrana__2019-03-06__P6b_323_fetta.bmp,Aroma,Aroma di grana e burro.,Il formaggio ha un aroma di grana e burro.
data/images_flat/2018-2019_Trentingrana__2018-12-12__P1b_313_fetta.bmp,Aroma,Aroma di panna.,Il formaggio ha un aroma di panna.
data/images_flat/2018-2019_Trentingrana__2018-12-12__P1b_313_fetta.bmp,Aroma,Aroma di latticini freschi.,Il formaggio ha un aroma di latticini freschi.
data/images_flat/2018-2019_Trentingrana__2018-12-12__P1b_313_fetta.bmp,Aroma,"Aroma di crosta, tostato e animale.","Il formaggio ha un aroma di crosta, tostato e animale."
data/images_flat/2018-2019_Trentingrana__2018-12-12__P1b_313_fetta.bmp,Aroma,Aroma poco complesso di panna e burro.,Il formaggio ha un aroma poco complesso di panna e burro.
data/images_flat/2018-2019_Trentingrana__2018-12-12__P2a_323_grana.bmp,Aroma,Aroma di panna e vegetale.,Il formaggio ha un aroma di panna e vegetale.
data/images_flat/2018-2019_Trentingrana__2018-12-12__P2a_323_grana.bmp,Aroma,Aroma leggero di cotto e burro.,Il formaggio ha un aroma leggero di cotto e burro.
data/images_flat/2018-2019_Trentingrana__2018-12-12__P2a_323_grana.bmp,Aroma,Aroma di brodo di carne.,Il formaggio ha un aroma di brodo di carne.
data/images_flat/2018-2019_Trentingrana__2018-12-12__P2a_323_grana.bmp,Aroma,"Aroma poco caratteristico con note di formaggio cotto e fruttate, quasi di formaggio svizzero.","Il formaggio ha un aroma poco caratteristico con note di formaggio cotto e fruttate, quasi di formaggio svizzero."
data/images_flat/2018-2019_Trentingrana__2018-12-12__P2a_323_grana.bmp,Aroma,Aroma piacevole con nota persistente di latte cotto.,Il formaggio ha un aroma piacevole con nota persistente di latte cotto.
data/images_flat/2018-2019_Trentingrana__2018-12-12__P1a_313_fetta.bmp,Aroma,Aroma di panna.,Il formaggio ha un aroma di panna.
data/images_flat/2018-2019_Trentingrana__2018-12-12__P1a_313_fetta.bmp,Aroma,Aroma di latticini freschi.,Il formaggio ha un aroma di latticini freschi.
data/images_flat/2018-2019_Trentingrana__2018-12-12__P1a_313_fetta.bmp,Aroma,"Aroma di crosta, tostato e animale.","Il formaggio ha un aroma di crosta, tostato e animale."
data/images_flat/2018-2019_Trentingrana__2018-12-12__P1a_313_fetta.bmp,Aroma,Aroma poco complesso di panna e burro.,Il formaggio ha un aroma poco complesso di panna e burro.
data/images_flat/2018-2019_Trentingrana__2018-12-12__P2b_323_grana.bmp,Aroma,Aroma di panna e vegetale.,Il formaggio ha un aroma di panna e vegetale.
data/images_flat/2018-2019_Trentingrana__2018-12-12__P2b_323_grana.bmp,Aroma,Aroma leggero di cotto e burro.,Il formaggio ha un aroma leggero di cotto e burro.
data/images_flat/2018-2019_Trentingrana__2018-12-12__P2b_323_grana.bmp,Aroma,Aroma di brodo di carne.,Il formaggio ha un aroma di brodo di carne.
data/images_flat/2018-2019_Trentingrana__2018-12-12__P2b_323_grana.bmp,Aroma,"Aroma poco caratteristico con note di formaggio cotto e fruttate, quasi di formaggio svizzero.","Il formaggio ha un aroma poco caratteristico con note di formaggio cotto e fruttate, quasi di formaggio svizzero."
data/images_flat/2018-2019_Trentingrana__2018-12-12__P2b_323_grana.bmp,Aroma,Aroma piacevole con nota persistente di latte cotto.,Il formaggio ha un aroma piacevole con nota persistente di latte cotto.
data/images_flat/2018-2019_Trentingrana__2018-12-12__P3a_330_grana.bmp,Aroma,Aroma cotto vegetale.,Il formaggio ha un aroma cotto vegetale.
data/images_flat/2018-2019_Trentingrana__2018-12-12__P3a_330_grana.bmp,Aroma,Aroma lieve.,Il formaggio ha un aroma lieve.
data/images_flat/2018-2019_Trentingrana__2018-12-12__P3a_330_grana.bmp,Aroma,Aroma di crosta.,Il formaggio ha un aroma di crosta.
data/images_flat/2018-2019_Trentingrana__2018-12-12__P3a_330_grana.bmp,Aroma,Aroma fermentato e di uovo.,Il formaggio ha un aroma fermentato e di uovo.
data/images_flat/2018-2019_Trentingrana__2018-12-12__P3a_330_grana.bmp,Aroma,"Aroma di latte cotto e burro cotto con brodo, erbe aromatiche e nota di brodo leggermente dominante ma nel complesso equilibrato.","Il formaggio ha un aroma di latte cotto e burro cotto con brodo, erbe aromatiche e nota di brodo leggermente dominante ma nel complesso equilibrato."
data/images_flat/2018-2019_Trentingrana__2018-12-12__P3b_330_grana.bmp,Aroma,Aroma cotto vegetale.,Il formaggio ha un aroma cotto vegetale.
data/images_flat/2018-2019_Trentingrana__2018-12-12__P3b_330_grana.bmp,Aroma,Aroma lieve.,Il formaggio ha un aroma lieve.
data/images_flat/2018-2019_Trentingrana__2018-12-12__P3b_330_grana.bmp,Aroma,Aroma di crosta.,Il formaggio ha un aroma di crosta.
data/images_flat/2018-2019_Trentingrana__2018-12-12__P3b_330_grana.bmp,Aroma,Aroma fermentato e di uovo.,Il formaggio ha un aroma fermentato e di uovo.
data/images_flat/2018-2019_Trentingrana__2018-12-12__P3b_330_grana.bmp,Aroma,"Aroma di latte cotto e burro cotto con brodo, erbe aromatiche e nota di brodo leggermente dominante ma nel complesso equilibrato.","Il formaggio ha un aroma di latte cotto e burro cotto con brodo, erbe aromatiche e nota di brodo leggermente dominante ma nel complesso equilibrato."
data/images_flat/2018-2019_Trentingrana__2018-12-12__P2a_323_fetta.bmp,Aroma,Aroma di panna e vegetale.,Il formaggio ha un aroma di panna e vegetale.
data/images_flat/2018-2019_Trentingrana__2018-12-12__P2a_323_fetta.bmp,Aroma,Aroma leggero di cotto e burro.,Il formaggio ha un aroma leggero di cotto e burro.
data/images_flat/2018-2019_Trentingrana__2018-12-12__P2a_323_fetta.bmp,Aroma,Aroma di brodo di carne.,Il formaggio ha un aroma di brodo di carne.
data/images_flat/2018-2019_Trentingrana__2018-12-12__P2a_323_fetta.bmp,Aroma,"Aroma poco caratteristico con note di formaggio cotto e fruttate, quasi di formaggio svizzero.","Il formaggio ha un aroma poco caratteristico con note di formaggio cotto e fruttate, quasi di formaggio svizzero."
data/images_flat/2018-2019_Trentingrana__2018-12-12__P2a_323_fetta.bmp,Aroma,Aroma piacevole con nota persistente di latte cotto.,Il formaggio ha un aroma piacevole con nota persistente di latte cotto.
data/images_flat/2018-2019_Trentingrana__2018-12-12__P1b_313_grana.bmp,Aroma,Aroma di panna.,Il formaggio ha un aroma di panna.
data/images_flat/2018-2019_Trentingrana__2018-12-12__P1b_313_grana.bmp,Aroma,Aroma di latticini freschi.,Il formaggio ha un aroma di latticini freschi.
data/images_flat/2018-2019_Trentingrana__2018-12-12__P1b_313_grana.bmp,Aroma,"Aroma di crosta, tostato e animale.","Il formaggio ha un aroma di crosta, tostato e animale."
data/images_flat/2018-2019_Trentingrana__2018-12-12__P1b_313_grana.bmp,Aroma,Aroma poco complesso di panna e burro.,Il formaggio ha un aroma poco complesso di panna e burro.
data/images_flat/2018-2019_Trentingrana__2018-12-12__P2b_323_fetta.bmp,Aroma,Aroma di panna e vegetale.,Il formaggio ha un aroma di panna e vegetale.
data/images_flat/2018-2019_Trentingrana__2018-12-12__P2b_323_fetta.bmp,Aroma,Aroma leggero di cotto e burro.,Il formaggio ha un aroma leggero di cotto e burro.
data/images_flat/2018-2019_Trentingrana__2018-12-12__P2b_323_fetta.bmp,Aroma,Aroma di brodo di carne.,Il formaggio ha un aroma di brodo di carne.
data/images_flat/2018-2019_Trentingrana__2018-12-12__P2b_323_fetta.bmp,Aroma,"Aroma poco caratteristico con note di formaggio cotto e fruttate, quasi di formaggio svizzero.","Il formaggio ha un aroma poco caratteristico con note di formaggio cotto e fruttate, quasi di formaggio svizzero."
data/images_flat/2018-2019_Trentingrana__2018-12-12__P2b_323_fetta.bmp,Aroma,Aroma piacevole con nota persistente di latte cotto.,Il formaggio ha un aroma piacevole con nota persistente di latte cotto.
data/images_flat/2018-2019_Trentingrana__2018-12-12__P1a_313_grana.bmp,Aroma,Aroma di panna.,Il formaggio ha un aroma di panna.
data/images_flat/2018-2019_Trentingrana__2018-12-12__P1a_313_grana.bmp,Aroma,Aroma di latticini freschi.,Il formaggio ha un aroma di latticini freschi.
data/images_flat/2018-2019_Trentingrana__2018-12-12__P1a_313_grana.bmp,Aroma,"Aroma di crosta, tostato e animale.","Il formaggio ha un aroma di crosta, tostato e animale."
data/images_flat/2018-2019_Trentingrana__2018-12-12__P1a_313_grana.bmp,Aroma,Aroma poco complesso di panna e burro.,Il formaggio ha un aroma poco complesso di panna e burro.
data/images_flat/2018-2019_Trentingrana__2018-12-12__P3a_330_fetta.bmp,Aroma,Aroma cotto vegetale.,Il formaggio ha un aroma cotto vegetale.
data/images_flat/2018-2019_Trentingrana__2018-12-12__P3a_330_fetta.bmp,Aroma,Aroma lieve.,Il formaggio ha un aroma lieve.
data/images_flat/2018-2019_Trentingrana__2018-12-12__P3a_330_fetta.bmp,Aroma,Aroma di crosta.,Il formaggio ha un aroma di crosta.
data/images_flat/2018-2019_Trentingrana__2018-12-12__P3a_330_fetta.bmp,Aroma,Aroma fermentato e di uovo.,Il formaggio ha un aroma fermentato e di uovo.
data/images_flat/2018-2019_Trentingrana__2018-12-12__P3a_330_fetta.bmp,Aroma,"Aroma di latte cotto e burro cotto con brodo, erbe aromatiche e nota di brodo leggermente dominante ma nel complesso equilibrato.","Il formaggio ha un aroma di latte cotto e burro cotto con brodo, erbe aromatiche e nota di brodo leggermente dominante ma nel complesso equilibrato."
data/images_flat/2018-2019_Trentingrana__2018-12-12__P3b_330_fetta.bmp,Aroma,Aroma cotto vegetale.,Il formaggio ha un aroma cotto vegetale.
data/images_flat/2018-2019_Trentingrana__2018-12-12__P3b_330_fetta.bmp,Aroma,Aroma lieve.,Il formaggio ha un aroma lieve.
data/images_flat/2018-2019_Trentingrana__2018-12-12__P3b_330_fetta.bmp,Aroma,Aroma di crosta.,Il formaggio ha un aroma di crosta.
data/images_flat/2018-2019_Trentingrana__2018-12-12__P3b_330_fetta.bmp,Aroma,Aroma fermentato e di uovo.,Il formaggio ha un aroma fermentato e di uovo.
data/images_flat/2018-2019_Trentingrana__2018-12-12__P3b_330_fetta.bmp,Aroma,"Aroma di latte cotto e burro cotto con brodo, erbe aromatiche e nota di brodo leggermente dominante ma nel complesso equilibrato.","Il formaggio ha un aroma di latte cotto e burro cotto con brodo, erbe aromatiche e nota di brodo leggermente dominante ma nel complesso equilibrato."
data/images_flat/2018-2019_Trentingrana__2018-11-21__P3a_306_fetta.bmp,Aroma,Aroma di grana e fieno.,Il formaggio ha un aroma di grana e fieno.
data/images_flat/2018-2019_Trentingrana__2018-11-21__P3a_306_fetta.bmp,Aroma,Aroma fermentato e animale.,Il formaggio ha un aroma fermentato e animale.
data/images_flat/2018-2019_Trentingrana__2018-11-21__P3a_306_fetta.bmp,Aroma,Aroma fermentato.,Il formaggio ha un aroma fermentato.
data/images_flat/2018-2019_Trentingrana__2018-11-21__P3a_306_fetta.bmp,Aroma,Aroma cotto e tostato.,Il formaggio ha un aroma cotto e tostato.
data/images_flat/2018-2019_Trentingrana__2018-11-21__P3a_306_fetta.bmp,Aroma,Aroma di latte cotto.,Il formaggio ha un aroma di latte cotto.
data/images_flat/2018-2019_Trentingrana__2018-11-21__P3a_306_fetta.bmp,Aroma,"Aroma tostato, mandorla amara, brodo animale.","Il formaggio ha un aroma tostato, mandorla amara, brodo animale."
data/images_flat/2018-2019_Trentingrana__2018-11-21__P4b_314_fetta.bmp,Aroma,Aroma di emmenthal.,Il formaggio ha un aroma di emmenthal.
data/images_flat/2018-2019_Trentingrana__2018-11-21__P4b_314_fetta.bmp,Aroma,Aroma fruttato.,Il formaggio ha un aroma fruttato.
data/images_flat/2018-2019_Trentingrana__2018-11-21__P4b_314_fetta.bmp,Aroma,Aroma di crosta.,Il formaggio ha un aroma di crosta.
data/images_flat/2018-2019_Trentingrana__2018-11-21__P4b_314_fetta.bmp,Aroma,Aroma di minestrone di verdura.,Il formaggio ha un aroma di minestrone di verdura.
data/images_flat/2018-2019_Trentingrana__2018-11-21__P4b_314_fetta.bmp,Aroma,"Aroma con note di marcio, fermentato e animale.","Il formaggio ha un aroma con note di marcio, fermentato e animale."
data/images_flat/2018-2019_Trentingrana__2018-11-21__P5a_319_fetta.bmp,Aroma,Aroma di emmenthal e brodo.,Il formaggio ha un aroma di emmenthal e brodo.
data/images_flat/2018-2019_Trentingrana__2018-11-21__P5a_319_fetta.bmp,Aroma,Aroma con umami accentuato e leggera punta di stantio.,Il formaggio ha un aroma con umami accentuato e leggera punta di stantio.
data/images_flat/2018-2019_Trentingrana__2018-11-21__P5a_319_fetta.bmp,Aroma,Aroma non tipico del grana.,Il formaggio ha un aroma non tipico del grana.
data/images_flat/2018-2019_Trentingrana__2018-11-21__P5a_319_fetta.bmp,Aroma,Aroma di emmental.,Il formaggio ha un aroma di emmental.
data/images_flat/2018-2019_Trentingrana__2018-11-21__P5a_319_fetta.bmp,Aroma,Aroma fermentato.,Il formaggio ha un aroma fermentato.
data/images_flat/2018-2019_Trentingrana__2018-11-21__P5a_319_fetta.bmp,Aroma,Aroma propionico.,Il formaggio ha un aroma propionico.
data/images_flat/2018-2019_Trentingrana__2018-11-21__P5b_319_fetta.bmp,Aroma,Aroma di emmenthal e brodo.,Il formaggio ha un aroma di emmenthal e brodo.
data/images_flat/2018-2019_Trentingrana__2018-11-21__P5b_319_fetta.bmp,Aroma,Aroma con umami accentuato e leggera punta di stantio.,Il formaggio ha un aroma con umami accentuato e leggera punta di stantio.
data/images_flat/2018-2019_Trentingrana__2018-11-21__P5b_319_fetta.bmp,Aroma,Aroma non tipico del grana.,Il formaggio ha un aroma non tipico del grana.
data/images_flat/2018-2019_Trentingrana__2018-11-21__P5b_319_fetta.bmp,Aroma,Aroma di emmental.,Il formaggio ha un aroma di emmental.
data/images_flat/2018-2019_Trentingrana__2018-11-21__P5b_319_fetta.bmp,Aroma,Aroma fermentato.,Il formaggio ha un aroma fermentato.
data/images_flat/2018-2019_Trentingrana__2018-11-21__P5b_319_fetta.bmp,Aroma,Aroma propionico.,Il formaggio ha un aroma propionico.
data/images_flat/2018-2019_Trentingrana__2018-11-21__P3b_306_fetta.bmp,Aroma,Aroma di grana e fieno.,Il formaggio ha un aroma di grana e fieno.
data/images_flat/2018-2019_Trentingrana__2018-11-21__P3b_306_fetta.bmp,Aroma,Aroma fermentato e animale.,Il formaggio ha un aroma fermentato e animale.
data/images_flat/2018-2019_Trentingrana__2018-11-21__P3b_306_fetta.bmp,Aroma,Aroma fermentato.,Il formaggio ha un aroma fermentato.
data/images_flat/2018-2019_Trentingrana__2018-11-21__P3b_306_fetta.bmp,Aroma,Aroma cotto e tostato.,Il formaggio ha un aroma cotto e tostato.
data/images_flat/2018-2019_Trentingrana__2018-11-21__P3b_306_fetta.bmp,Aroma,Aroma di latte cotto.,Il formaggio ha un aroma di latte cotto.
data/images_flat/2018-2019_Trentingrana__2018-11-21__P3b_306_fetta.bmp,Aroma,"Aroma tostato, mandorla amara, brodo animale.","Il formaggio ha un aroma tostato, mandorla amara, brodo animale."
data/images_flat/2018-2019_Trentingrana__2018-11-21__P4a_314_fetta.bmp,Aroma,Aroma di emmenthal.,Il formaggio ha un aroma di emmenthal.
data/images_flat/2018-2019_Trentingrana__2018-11-21__P4a_314_fetta.bmp,Aroma,Aroma fruttato.,Il formaggio ha un aroma fruttato.
data/images_flat/2018-2019_Trentingrana__2018-11-21__P4a_314_fetta.bmp,Aroma,Aroma di crosta.,Il formaggio ha un aroma di crosta.
data/images_flat/2018-2019_Trentingrana__2018-11-21__P4a_314_fetta.bmp,Aroma,Aroma di minestrone di verdura.,Il formaggio ha un aroma di minestrone di verdura.
data/images_flat/2018-2019_Trentingrana__2018-11-21__P4a_314_fetta.bmp,Aroma,"Aroma con note di marcio, fermentato e animale.","Il formaggio ha un aroma con note di marcio, fermentato e animale."
data/images_flat/2018-2019_Trentingrana__2018-11-21__P1a_302_grana.bmp,Aroma,Aroma di formaggio fritto e burro.,Il formaggio ha un aroma di formaggio fritto e burro.
data/images_flat/2018-2019_Trentingrana__2018-11-21__P1a_302_grana.bmp,Aroma,"Aroma di frutta troppo matura, leggero.","Il formaggio ha un aroma di frutta troppo matura, leggero."
data/images_flat/2018-2019_Trentingrana__2018-11-21__P1a_302_grana.bmp,Aroma,Aroma di latte cotto.,Il formaggio ha un aroma di latte cotto.
data/images_flat/2018-2019_Trentingrana__2018-11-21__P1a_302_grana.bmp,Aroma,Aroma lattico cotto prevalente.,Il formaggio ha un aroma lattico cotto prevalente.
data/images_flat/2018-2019_Trentingrana__2018-11-21__P6a_323_grana.bmp,Aroma,Aroma di burro e grana.,Il formaggio ha un aroma di burro e grana.
data/images_flat/2018-2019_Trentingrana__2018-11-21__P6a_323_grana.bmp,Aroma,Aroma di insilato con note di crosta.,Il formaggio ha un aroma di insilato con note di crosta.
data/images_flat/2018-2019_Trentingrana__2018-11-21__P6a_323_grana.bmp,Aroma,Aroma di latte cotto.,Il formaggio ha un aroma di latte cotto.
data/images_flat/2018-2019_Trentingrana__2018-11-21__P2b_305_grana.bmp,Aroma,Aroma di brodo e olio.,Il formaggio ha un aroma di brodo e olio.
data/images_flat/2018-2019_Trentingrana__2018-11-21__P2b_305_grana.bmp,Aroma,Aroma di crosta e cotto.,Il formaggio ha un aroma di crosta e cotto.
data/images_flat/2018-2019_Trentingrana__2018-11-21__P2b_305_grana.bmp,Aroma,Aroma di brodo di carne e latte cotto.,Il formaggio ha un aroma di brodo di carne e latte cotto.
data/images_flat/2018-2019_Trentingrana__2018-11-21__P2b_305_grana.bmp,Aroma,Aroma di brodo animale con note tostate.,Il formaggio ha un aroma di brodo animale con note tostate.
data/images_flat/2018-2019_Trentingrana__2018-11-21__P6b_323_grana.bmp,Aroma,Aroma di burro e grana.,Il formaggio ha un aroma di burro e grana.
data/images_flat/2018-2019_Trentingrana__2018-11-21__P6b_323_grana.bmp,Aroma,Aroma di insilato con note di crosta.,Il formaggio ha un aroma di insilato con note di crosta.
data/images_flat/2018-2019_Trentingrana__2018-11-21__P6b_323_grana.bmp,Aroma,Aroma di latte cotto.,Il formaggio ha un aroma di latte cotto.
data/images_flat/2018-2019_Trentingrana__2018-11-21__P2a_305_grana.bmp,Aroma,Aroma di brodo e olio.,Il formaggio ha un aroma di brodo e olio.
data/images_flat/2018-2019_Trentingrana__2018-11-21__P2a_305_grana.bmp,Aroma,Aroma di crosta e cotto.,Il formaggio ha un aroma di crosta e cotto.
data/images_flat/2018-2019_Trentingrana__2018-11-21__P2a_305_grana.bmp,Aroma,Aroma di brodo di carne e latte cotto.,Il formaggio ha un aroma di brodo di carne e latte cotto.
data/images_flat/2018-2019_Trentingrana__2018-11-21__P2a_305_grana.bmp,Aroma,Aroma di brodo animale con note tostate.,Il formaggio ha un aroma di brodo animale con note tostate.
data/images_flat/2018-2019_Trentingrana__2018-11-21__P1b_302_grana.bmp,Aroma,Aroma di formaggio fritto e burro.,Il formaggio ha un aroma di formaggio fritto e burro.
data/images_flat/2018-2019_Trentingrana__2018-11-21__P1b_302_grana.bmp,Aroma,"Aroma di frutta troppo matura, leggero.","Il formaggio ha un aroma di frutta troppo matura, leggero."
data/images_flat/2018-2019_Trentingrana__2018-11-21__P1b_302_grana.bmp,Aroma,Aroma di latte cotto.,Il formaggio ha un aroma di latte cotto.
data/images_flat/2018-2019_Trentingrana__2018-11-21__P1b_302_grana.bmp,Aroma,Aroma lattico cotto prevalente.,Il formaggio ha un aroma lattico cotto prevalente.
data/images_flat/2018-2019_Trentingrana__2018-11-21__P5a_319_grana.bmp,Aroma,Aroma di emmenthal e brodo.,Il formaggio ha un aroma di emmenthal e brodo.
data/images_flat/2018-2019_Trentingrana__2018-11-21__P5a_319_grana.bmp,Aroma,Aroma con umami accentuato e leggera punta di stantio.,Il formaggio ha un aroma con umami accentuato e leggera punta di stantio.
data/images_flat/2018-2019_Trentingrana__2018-11-21__P5a_319_grana.bmp,Aroma,Aroma non tipico del grana.,Il formaggio ha un aroma non tipico del grana.
data/images_flat/2018-2019_Trentingrana__2018-11-21__P5a_319_grana.bmp,Aroma,Aroma di emmental.,Il formaggio ha un aroma di emmental.
data/images_flat/2018-2019_Trentingrana__2018-11-21__P5a_319_grana.bmp,Aroma,Aroma fermentato.,Il formaggio ha un aroma fermentato.
data/images_flat/2018-2019_Trentingrana__2018-11-21__P5a_319_grana.bmp,Aroma,Aroma propionico.,Il formaggio ha un aroma propionico.
data/images_flat/2018-2019_Trentingrana__2018-11-21__P4b_314_grana.bmp,Aroma,Aroma di emmenthal.,Il formaggio ha un aroma di emmenthal.
data/images_flat/2018-2019_Trentingrana__2018-11-21__P4b_314_grana.bmp,Aroma,Aroma fruttato.,Il formaggio ha un aroma fruttato.
data/images_flat/2018-2019_Trentingrana__2018-11-21__P4b_314_grana.bmp,Aroma,Aroma di crosta.,Il formaggio ha un aroma di crosta.
data/images_flat/2018-2019_Trentingrana__2018-11-21__P4b_314_grana.bmp,Aroma,Aroma di minestrone di verdura.,Il formaggio ha un aroma di minestrone di verdura.
data/images_flat/2018-2019_Trentingrana__2018-11-21__P4b_314_grana.bmp,Aroma,"Aroma con note di marcio, fermentato e animale.","Il formaggio ha un aroma con note di marcio, fermentato e animale."
data/images_flat/2018-2019_Trentingrana__2018-11-21__P3a_306_grana.bmp,Aroma,Aroma di grana e fieno.,Il formaggio ha un aroma di grana e fieno.
data/images_flat/2018-2019_Trentingrana__2018-11-21__P3a_306_grana.bmp,Aroma,Aroma fermentato e animale.,Il formaggio ha un aroma fermentato e animale.
data/images_flat/2018-2019_Trentingrana__2018-11-21__P3a_306_grana.bmp,Aroma,Aroma fermentato.,Il formaggio ha un aroma fermentato.
data/images_flat/2018-2019_Trentingrana__2018-11-21__P3a_306_grana.bmp,Aroma,Aroma cotto e tostato.,Il formaggio ha un aroma cotto e tostato.
data/images_flat/2018-2019_Trentingrana__2018-11-21__P3a_306_grana.bmp,Aroma,Aroma di latte cotto.,Il formaggio ha un aroma di latte cotto.
data/images_flat/2018-2019_Trentingrana__2018-11-21__P3a_306_grana.bmp,Aroma,"Aroma tostato, mandorla amara, brodo animale.","Il formaggio ha un aroma tostato, mandorla amara, brodo animale."
data/images_flat/2018-2019_Trentingrana__2018-11-21__P4a_314_grana.bmp,Aroma,Aroma di emmenthal.,Il formaggio ha un aroma di emmenthal.
data/images_flat/2018-2019_Trentingrana__2018-11-21__P4a_314_grana.bmp,Aroma,Aroma fruttato.,Il formaggio ha un aroma fruttato.
data/images_flat/2018-2019_Trentingrana__2018-11-21__P4a_314_grana.bmp,Aroma,Aroma di crosta.,Il formaggio ha un aroma di crosta.
data/images_flat/2018-2019_Trentingrana__2018-11-21__P4a_314_grana.bmp,Aroma,Aroma di minestrone di verdura.,Il formaggio ha un aroma di minestrone di verdura.
data/images_flat/2018-2019_Trentingrana__2018-11-21__P4a_314_grana.bmp,Aroma,"Aroma con note di marcio, fermentato e animale.","Il formaggio ha un aroma con note di marcio, fermentato e animale."
data/images_flat/2018-2019_Trentingrana__2018-11-21__P3b_306_grana.bmp,Aroma,Aroma di grana e fieno.,Il formaggio ha un aroma di grana e fieno.
data/images_flat/2018-2019_Trentingrana__2018-11-21__P3b_306_grana.bmp,Aroma,Aroma fermentato e animale.,Il formaggio ha un aroma fermentato e animale.
data/images_flat/2018-2019_Trentingrana__2018-11-21__P3b_306_grana.bmp,Aroma,Aroma fermentato.,Il formaggio ha un aroma fermentato.
data/images_flat/2018-2019_Trentingrana__2018-11-21__P3b_306_grana.bmp,Aroma,Aroma cotto e tostato.,Il formaggio ha un aroma cotto e tostato.
data/images_flat/2018-2019_Trentingrana__2018-11-21__P3b_306_grana.bmp,Aroma,Aroma di latte cotto.,Il formaggio ha un aroma di latte cotto.
data/images_flat/2018-2019_Trentingrana__2018-11-21__P3b_306_grana.bmp,Aroma,"Aroma tostato, mandorla amara, brodo animale.","Il formaggio ha un aroma tostato, mandorla amara, brodo animale."
data/images_flat/2018-2019_Trentingrana__2018-11-21__P5b_319_grana.bmp,Aroma,Aroma di emmenthal e brodo.,Il formaggio ha un aroma di emmenthal e brodo.
data/images_flat/2018-2019_Trentingrana__2018-11-21__P5b_319_grana.bmp,Aroma,Aroma con umami accentuato e leggera punta di stantio.,Il formaggio ha un aroma con umami accentuato e leggera punta di stantio.
data/images_flat/2018-2019_Trentingrana__2018-11-21__P5b_319_grana.bmp,Aroma,Aroma non tipico del grana.,Il formaggio ha un aroma non tipico del grana.
data/images_flat/2018-2019_Trentingrana__2018-11-21__P5b_319_grana.bmp,Aroma,Aroma di emmental.,Il formaggio ha un aroma di emmental.
data/images_flat/2018-2019_Trentingrana__2018-11-21__P5b_319_grana.bmp,Aroma,Aroma fermentato.,Il formaggio ha un aroma fermentato.
data/images_flat/2018-2019_Trentingrana__2018-11-21__P5b_319_grana.bmp,Aroma,Aroma propionico.,Il formaggio ha un aroma propionico.
data/images_flat/2018-2019_Trentingrana__2018-11-21__P2b_305_fetta.bmp,Aroma,Aroma di brodo e olio.,Il formaggio ha un aroma di brodo e olio.
data/images_flat/2018-2019_Trentingrana__2018-11-21__P2b_305_fetta.bmp,Aroma,Aroma di crosta e cotto.,Il formaggio ha un aroma di crosta e cotto.
data/images_flat/2018-2019_Trentingrana__2018-11-21__P2b_305_fetta.bmp,Aroma,Aroma di brodo di carne e latte cotto.,Il formaggio ha un aroma di brodo di carne e latte cotto.
data/images_flat/2018-2019_Trentingrana__2018-11-21__P2b_305_fetta.bmp,Aroma,Aroma di brodo animale con note tostate.,Il formaggio ha un aroma di brodo animale con note tostate.
data/images_flat/2018-2019_Trentingrana__2018-11-21__P6a_323_fetta.bmp,Aroma,Aroma di burro e grana.,Il formaggio ha un aroma di burro e grana.
data/images_flat/2018-2019_Trentingrana__2018-11-21__P6a_323_fetta.bmp,Aroma,Aroma di insilato con note di crosta.,Il formaggio ha un aroma di insilato con note di crosta.
data/images_flat/2018-2019_Trentingrana__2018-11-21__P6a_323_fetta.bmp,Aroma,Aroma di latte cotto.,Il formaggio ha un aroma di latte cotto.
data/images_flat/2018-2019_Trentingrana__2018-11-21__P1a_302_fetta.bmp,Aroma,Aroma di formaggio fritto e burro.,Il formaggio ha un aroma di formaggio fritto e burro.
data/images_flat/2018-2019_Trentingrana__2018-11-21__P1a_302_fetta.bmp,Aroma,"Aroma di frutta troppo matura, leggero.","Il formaggio ha un aroma di frutta troppo matura, leggero."
data/images_flat/2018-2019_Trentingrana__2018-11-21__P1a_302_fetta.bmp,Aroma,Aroma di latte cotto.,Il formaggio ha un aroma di latte cotto.
data/images_flat/2018-2019_Trentingrana__2018-11-21__P1a_302_fetta.bmp,Aroma,Aroma lattico cotto prevalente.,Il formaggio ha un aroma lattico cotto prevalente.
data/images_flat/2018-2019_Trentingrana__2018-11-21__P1b_302_fetta.bmp,Aroma,Aroma di formaggio fritto e burro.,Il formaggio ha un aroma di formaggio fritto e burro.
data/images_flat/2018-2019_Trentingrana__2018-11-21__P1b_302_fetta.bmp,Aroma,"Aroma di frutta troppo matura, leggero.","Il formaggio ha un aroma di frutta troppo matura, leggero."
data/images_flat/2018-2019_Trentingrana__2018-11-21__P1b_302_fetta.bmp,Aroma,Aroma di latte cotto.,Il formaggio ha un aroma di latte cotto.
data/images_flat/2018-2019_Trentingrana__2018-11-21__P1b_302_fetta.bmp,Aroma,Aroma lattico cotto prevalente.,Il formaggio ha un aroma lattico cotto prevalente.
data/images_flat/2018-2019_Trentingrana__2018-11-21__P2a_305_fetta.bmp,Aroma,Aroma di brodo e olio.,Il formaggio ha un aroma di brodo e olio.
data/images_flat/2018-2019_Trentingrana__2018-11-21__P2a_305_fetta.bmp,Aroma,Aroma di crosta e cotto.,Il formaggio ha un aroma di crosta e cotto.
data/images_flat/2018-2019_Trentingrana__2018-11-21__P2a_305_fetta.bmp,Aroma,Aroma di brodo di carne e latte cotto.,Il formaggio ha un aroma di brodo di carne e latte cotto.
data/images_flat/2018-2019_Trentingrana__2018-11-21__P2a_305_fetta.bmp,Aroma,Aroma di brodo animale con note tostate.,Il formaggio ha un aroma di brodo animale con note tostate.
data/images_flat/2018-2019_Trentingrana__2018-11-21__P6b_323_fetta.bmp,Aroma,Aroma di burro e grana.,Il formaggio ha un aroma di burro e grana.
data/images_flat/2018-2019_Trentingrana__2018-11-21__P6b_323_fetta.bmp,Aroma,Aroma di insilato con note di crosta.,Il formaggio ha un aroma di insilato con note di crosta.
data/images_flat/2018-2019_Trentingrana__2018-11-21__P6b_323_fetta.bmp,Aroma,Aroma di latte cotto.,Il formaggio ha un aroma di latte cotto.
data/images_flat/2018-2019_Trentingrana__2018-09-12__P2b_306_fetta.bmp,Aroma,Aroma di cotto e fermentato.,Il formaggio ha un aroma di cotto e fermentato.
data/images_flat/2018-2019_Trentingrana__2018-09-12__P2b_306_fetta.bmp,Aroma,Aroma di panna.,Il formaggio ha un aroma di panna.
data/images_flat/2018-2019_Trentingrana__2018-09-12__P2b_306_fetta.bmp,Aroma,Aroma di latte cotto.,Il formaggio ha un aroma di latte cotto.
data/images_flat/2018-2019_Trentingrana__2018-09-12__P2b_306_fetta.bmp,Aroma,Aroma di burro e latte cotto prevalenti.,Il formaggio ha un aroma di burro e latte cotto prevalenti.
data/images_flat/2018-2019_Trentingrana__2018-09-12__P2b_306_fetta.bmp,Aroma,Aroma con note amare.,Il formaggio ha un aroma con note amare.
data/images_flat/2018-2019_Trentingrana__2018-09-12__P4b_314_fetta.bmp,Aroma,"Aroma di panna nostrano, non negativo ma non tipico del grana.","Il formaggio ha un aroma di panna nostrano, non negativo ma non tipico del grana."
data/images_flat/2018-2019_Trentingrana__2018-09-12__P4b_314_fetta.bmp,Aroma,Aroma di cotto prevalente con note di siero e panna acida.,Il formaggio ha un aroma di cotto prevalente con note di siero e panna acida.
data/images_flat/2018-2019_Trentingrana__2018-09-12__P4b_314_fetta.bmp,Aroma,Aroma di crosta.,Il formaggio ha un aroma di crosta.
data/images_flat/2018-2019_Trentingrana__2018-09-12__P3a_310_grana.bmp,Aroma,"Aroma fermentato, non tipico del grana.","Il formaggio ha un aroma fermentato, non tipico del grana."
data/images_flat/2018-2019_Trentingrana__2018-09-12__P3a_310_grana.bmp,Aroma,Aroma complesso.,Il formaggio ha un aroma complesso.
data/images_flat/2018-2019_Trentingrana__2018-09-12__P3a_310_grana.bmp,Aroma,"Aroma tostato persistente con note di cotto, non bruciato.","Il formaggio ha un aroma tostato persistente con note di cotto, non bruciato."
data/images_flat/2018-2019_Trentingrana__2018-09-12__P3a_310_grana.bmp,Aroma,Aroma dolciastro con note di latte cotto e animale.,Il formaggio ha un aroma dolciastro con note di latte cotto e animale.
data/images_flat/2018-2019_Trentingrana__2018-09-12__P5a_316_grana.bmp,Aroma,Aroma di panna.,Il formaggio ha un aroma di panna.
data/images_flat/2018-2019_Trentingrana__2018-09-12__P5a_316_grana.bmp,Aroma,Aroma equilibrato di dado da brodo con note di latte e burro cotto.,Il formaggio ha un aroma equilibrato di dado da brodo con note di latte e burro cotto.
data/images_flat/2018-2019_Trentingrana__2018-09-12__P5a_316_grana.bmp,Aroma,"Aroma lattico cotto, poco caratteristico.","Il formaggio ha un aroma lattico cotto, poco caratteristico."
data/images_flat/2018-2019_Trentingrana__2018-09-12__P6b_326_fetta.bmp,Aroma,Aroma di formaggio vecchio e passato.,Il formaggio ha un aroma di formaggio vecchio e passato.
data/images_flat/2018-2019_Trentingrana__2018-09-12__P6b_326_fetta.bmp,Aroma,Aroma di panna.,Il formaggio ha un aroma di panna.
data/images_flat/2018-2019_Trentingrana__2018-09-12__P6b_326_fetta.bmp,Aroma,Aroma con note tostati prevalenti.,Il formaggio ha un aroma con note tostati prevalenti.
data/images_flat/2018-2019_Trentingrana__2018-09-12__P5b_316_grana.bmp,Aroma,Aroma di panna.,Il formaggio ha un aroma di panna.
data/images_flat/2018-2019_Trentingrana__2018-09-12__P5b_316_grana.bmp,Aroma,Aroma equilibrato di dado da brodo con note di latte e burro cotto.,Il formaggio ha un aroma equilibrato di dado da brodo con note di latte e burro cotto.
data/images_flat/2018-2019_Trentingrana__2018-09-12__P5b_316_grana.bmp,Aroma,"Aroma lattico cotto, poco caratteristico.","Il formaggio ha un aroma lattico cotto, poco caratteristico."
data/images_flat/2018-2019_Trentingrana__2018-09-12__P3b_310_grana.bmp,Aroma,"Aroma fermentato, non tipico del grana.","Il formaggio ha un aroma fermentato, non tipico del grana."
data/images_flat/2018-2019_Trentingrana__2018-09-12__P3b_310_grana.bmp,Aroma,Aroma complesso.,Il formaggio ha un aroma complesso.
data/images_flat/2018-2019_Trentingrana__2018-09-12__P3b_310_grana.bmp,Aroma,"Aroma tostato persistente con note di cotto, non bruciato.","Il formaggio ha un aroma tostato persistente con note di cotto, non bruciato."
data/images_flat/2018-2019_Trentingrana__2018-09-12__P3b_310_grana.bmp,Aroma,Aroma dolciastro con note di latte cotto e animale.,Il formaggio ha un aroma dolciastro con note di latte cotto e animale.
data/images_flat/2018-2019_Trentingrana__2018-09-12__P6a_326_fetta.bmp,Aroma,Aroma di formaggio vecchio e passato.,Il formaggio ha un aroma di formaggio vecchio e passato.
data/images_flat/2018-2019_Trentingrana__2018-09-12__P6a_326_fetta.bmp,Aroma,Aroma di panna.,Il formaggio ha un aroma di panna.
data/images_flat/2018-2019_Trentingrana__2018-09-12__P6a_326_fetta.bmp,Aroma,Aroma con note tostati prevalenti.,Il formaggio ha un aroma con note tostati prevalenti.
data/images_flat/2018-2019_Trentingrana__2018-09-12__P2a_306_fetta.bmp,Aroma,Aroma di cotto e fermentato.,Il formaggio ha un aroma di cotto e fermentato.
data/images_flat/2018-2019_Trentingrana__2018-09-12__P2a_306_fetta.bmp,Aroma,Aroma di panna.,Il formaggio ha un aroma di panna.
data/images_flat/2018-2019_Trentingrana__2018-09-12__P2a_306_fetta.bmp,Aroma,Aroma di latte cotto.,Il formaggio ha un aroma di latte cotto.
data/images_flat/2018-2019_Trentingrana__2018-09-12__P2a_306_fetta.bmp,Aroma,Aroma di burro e latte cotto prevalenti.,Il formaggio ha un aroma di burro e latte cotto prevalenti.
data/images_flat/2018-2019_Trentingrana__2018-09-12__P2a_306_fetta.bmp,Aroma,Aroma con note amare.,Il formaggio ha un aroma con note amare.
data/images_flat/2018-2019_Trentingrana__2018-09-12__P4a_314_fetta.bmp,Aroma,"Aroma di panna nostrano, non negativo ma non tipico del grana.","Il formaggio ha un aroma di panna nostrano, non negativo ma non tipico del grana."
data/images_flat/2018-2019_Trentingrana__2018-09-12__P4a_314_fetta.bmp,Aroma,Aroma di cotto prevalente con note di siero e panna acida.,Il formaggio ha un aroma di cotto prevalente con note di siero e panna acida.
data/images_flat/2018-2019_Trentingrana__2018-09-12__P4a_314_fetta.bmp,Aroma,Aroma di crosta.,Il formaggio ha un aroma di crosta.
data/images_flat/2018-2019_Trentingrana__2018-09-12__P1b_304_grana.bmp,Aroma,Aroma animale.,Il formaggio ha un aroma animale.
data/images_flat/2018-2019_Trentingrana__2018-09-12__P1b_304_grana.bmp,Aroma,Aroma di burro fuso e latte cotto.,Il formaggio ha un aroma di burro fuso e latte cotto.
data/images_flat/2018-2019_Trentingrana__2018-09-12__P1a_304_grana.bmp,Aroma,Aroma animale.,Il formaggio ha un aroma animale.
data/images_flat/2018-2019_Trentingrana__2018-09-12__P1a_304_grana.bmp,Aroma,Aroma di burro fuso e latte cotto.,Il formaggio ha un aroma di burro fuso e latte cotto.
data/images_flat/2018-2019_Trentingrana__2018-09-12__P6b_326_grana.bmp,Aroma,Aroma di formaggio vecchio e passato.,Il formaggio ha un aroma di formaggio vecchio e passato.
data/images_flat/2018-2019_Trentingrana__2018-09-12__P6b_326_grana.bmp,Aroma,Aroma di panna.,Il formaggio ha un aroma di panna.
data/images_flat/2018-2019_Trentingrana__2018-09-12__P6b_326_grana.bmp,Aroma,Aroma con note tostati prevalenti.,Il formaggio ha un aroma con note tostati prevalenti.
data/images_flat/2018-2019_Trentingrana__2018-09-12__P5a_316_fetta.bmp,Aroma,Aroma di panna.,Il formaggio ha un aroma di panna.
data/images_flat/2018-2019_Trentingrana__2018-09-12__P5a_316_fetta.bmp,Aroma,Aroma equilibrato di dado da brodo con note di latte e burro cotto.,Il formaggio ha un aroma equilibrato di dado da brodo con note di latte e burro cotto.
data/images_flat/2018-2019_Trentingrana__2018-09-12__P5a_316_fetta.bmp,Aroma,"Aroma lattico cotto, poco caratteristico.","Il formaggio ha un aroma lattico cotto, poco caratteristico."
data/images_flat/2018-2019_Trentingrana__2018-09-12__P3a_310_fetta.bmp,Aroma,"Aroma fermentato, non tipico del grana.","Il formaggio ha un aroma fermentato, non tipico del grana."
data/images_flat/2018-2019_Trentingrana__2018-09-12__P3a_310_fetta.bmp,Aroma,Aroma complesso.,Il formaggio ha un aroma complesso.
data/images_flat/2018-2019_Trentingrana__2018-09-12__P3a_310_fetta.bmp,Aroma,"Aroma tostato persistente con note di cotto, non bruciato.","Il formaggio ha un aroma tostato persistente con note di cotto, non bruciato."
data/images_flat/2018-2019_Trentingrana__2018-09-12__P3a_310_fetta.bmp,Aroma,Aroma dolciastro con note di latte cotto e animale.,Il formaggio ha un aroma dolciastro con note di latte cotto e animale.
data/images_flat/2018-2019_Trentingrana__2018-09-12__P2b_306_grana.bmp,Aroma,Aroma di cotto e fermentato.,Il formaggio ha un aroma di cotto e fermentato.
data/images_flat/2018-2019_Trentingrana__2018-09-12__P2b_306_grana.bmp,Aroma,Aroma di panna.,Il formaggio ha un aroma di panna.
data/images_flat/2018-2019_Trentingrana__2018-09-12__P2b_306_grana.bmp,Aroma,Aroma di latte cotto.,Il formaggio ha un aroma di latte cotto.
data/images_flat/2018-2019_Trentingrana__2018-09-12__P2b_306_grana.bmp,Aroma,Aroma di burro e latte cotto prevalenti.,Il formaggio ha un aroma di burro e latte cotto prevalenti.
data/images_flat/2018-2019_Trentingrana__2018-09-12__P2b_306_grana.bmp,Aroma,Aroma con note amare.,Il formaggio ha un aroma con note amare.
data/images_flat/2018-2019_Trentingrana__2018-09-12__P4b_314_grana.bmp,Aroma,"Aroma di panna nostrano, non negativo ma non tipico del grana.","Il formaggio ha un aroma di panna nostrano, non negativo ma non tipico del grana."
data/images_flat/2018-2019_Trentingrana__2018-09-12__P4b_314_grana.bmp,Aroma,Aroma di cotto prevalente con note di siero e panna acida.,Il formaggio ha un aroma di cotto prevalente con note di siero e panna acida.
data/images_flat/2018-2019_Trentingrana__2018-09-12__P4b_314_grana.bmp,Aroma,Aroma di crosta.,Il formaggio ha un aroma di crosta.
data/images_flat/2018-2019_Trentingrana__2018-09-12__P2a_306_grana.bmp,Aroma,Aroma di cotto e fermentato.,Il formaggio ha un aroma di cotto e fermentato.
data/images_flat/2018-2019_Trentingrana__2018-09-12__P2a_306_grana.bmp,Aroma,Aroma di panna.,Il formaggio ha un aroma di panna.
data/images_flat/2018-2019_Trentingrana__2018-09-12__P2a_306_grana.bmp,Aroma,Aroma di latte cotto.,Il formaggio ha un aroma di latte cotto.
data/images_flat/2018-2019_Trentingrana__2018-09-12__P2a_306_grana.bmp,Aroma,Aroma di burro e latte cotto prevalenti.,Il formaggio ha un aroma di burro e latte cotto prevalenti.
data/images_flat/2018-2019_Trentingrana__2018-09-12__P2a_306_grana.bmp,Aroma,Aroma con note amare.,Il formaggio ha un aroma con note amare.
data/images_flat/2018-2019_Trentingrana__2018-09-12__P4a_314_grana.bmp,Aroma,"Aroma di panna nostrano, non negativo ma non tipico del grana.","Il formaggio ha un aroma di panna nostrano, non negativo ma non tipico del grana."
data/images_flat/2018-2019_Trentingrana__2018-09-12__P4a_314_grana.bmp,Aroma,Aroma di cotto prevalente con note di siero e panna acida.,Il formaggio ha un aroma di cotto prevalente con note di siero e panna acida.
data/images_flat/2018-2019_Trentingrana__2018-09-12__P4a_314_grana.bmp,Aroma,Aroma di crosta.,Il formaggio ha un aroma di crosta.
data/images_flat/2018-2019_Trentingrana__2018-09-12__P6a_326_grana.bmp,Aroma,Aroma di formaggio vecchio e passato.,Il formaggio ha un aroma di formaggio vecchio e passato.
data/images_flat/2018-2019_Trentingrana__2018-09-12__P6a_326_grana.bmp,Aroma,Aroma di panna.,Il formaggio ha un aroma di panna.
data/images_flat/2018-2019_Trentingrana__2018-09-12__P6a_326_grana.bmp,Aroma,Aroma con note tostati prevalenti.,Il formaggio ha un aroma con note tostati prevalenti.
data/images_flat/2018-2019_Trentingrana__2018-09-12__P3b_310_fetta.bmp,Aroma,"Aroma fermentato, non tipico del grana.","Il formaggio ha un aroma fermentato, non tipico del grana."
data/images_flat/2018-2019_Trentingrana__2018-09-12__P3b_310_fetta.bmp,Aroma,Aroma complesso.,Il formaggio ha un aroma complesso.
data/images_flat/2018-2019_Trentingrana__2018-09-12__P3b_310_fetta.bmp,Aroma,"Aroma tostato persistente con note di cotto, non bruciato.","Il formaggio ha un aroma tostato persistente con note di cotto, non bruciato."
data/images_flat/2018-2019_Trentingrana__2018-09-12__P3b_310_fetta.bmp,Aroma,Aroma dolciastro con note di latte cotto e animale.,Il formaggio ha un aroma dolciastro con note di latte cotto e animale.
data/images_flat/2018-2019_Trentingrana__2018-09-12__P5b_316_fetta.bmp,Aroma,Aroma di panna.,Il formaggio ha un aroma di panna.
data/images_flat/2018-2019_Trentingrana__2018-09-12__P5b_316_fetta.bmp,Aroma,Aroma equilibrato di dado da brodo con note di latte e burro cotto.,Il formaggio ha un aroma equilibrato di dado da brodo con note di latte e burro cotto.
data/images_flat/2018-2019_Trentingrana__2018-09-12__P5b_316_fetta.bmp,Aroma,"Aroma lattico cotto, poco caratteristico.","Il formaggio ha un aroma lattico cotto, poco caratteristico."
data/images_flat/2018-2019_Trentingrana__2018-09-12__P1b_304_fetta.bmp,Aroma,Aroma animale.,Il formaggio ha un aroma animale.
data/images_flat/2018-2019_Trentingrana__2018-09-12__P1b_304_fetta.bmp,Aroma,Aroma di burro fuso e latte cotto.,Il formaggio ha un aroma di burro fuso e latte cotto.
data/images_flat/2018-2019_Trentingrana__2018-09-12__P1a_304_fetta.bmp,Aroma,Aroma animale.,Il formaggio ha un aroma animale.
data/images_flat/2018-2019_Trentingrana__2018-09-12__P1a_304_fetta.bmp,Aroma,Aroma di burro fuso e latte cotto.,Il formaggio ha un aroma di burro fuso e latte cotto.
data/images_flat/2018-2019_Trentingrana__2019-04-03__P3b_319_fetta.bmp,Aroma,Aroma con nota animale e fermentata.,Il formaggio ha un aroma con nota animale e fermentata.
data/images_flat/2018-2019_Trentingrana__2019-04-03__P3b_319_fetta.bmp,Aroma,Aroma di panna e burro.,Il formaggio ha un aroma di panna e burro.
data/images_flat/2018-2019_Trentingrana__2019-04-03__P3b_319_fetta.bmp,Aroma,Aroma piacevole ma poco tipico del grana.,Il formaggio ha un aroma piacevole ma poco tipico del grana.
data/images_flat/2018-2019_Trentingrana__2019-04-03__P3b_319_fetta.bmp,Aroma,Aroma di formaggio cotto.,Il formaggio ha un aroma di formaggio cotto.
data/images_flat/2018-2019_Trentingrana__2019-04-03__P3b_319_fetta.bmp,Aroma,Aroma di latte cotto e crosta di formaggio.,Il formaggio ha un aroma di latte cotto e crosta di formaggio.
data/images_flat/2018-2019_Trentingrana__2019-04-03__P3b_319_fetta.bmp,Aroma,Aroma di brodo animale grasso con note tostate e lattiche cotte.,Il formaggio ha un aroma di brodo animale grasso con note tostate e lattiche cotte.
data/images_flat/2018-2019_Trentingrana__2019-04-03__P3b_319_fetta.bmp,Aroma,Aroma molto lattico con note di panna e burro fresco.,Il formaggio ha un aroma molto lattico con note di panna e burro fresco.
data/images_flat/2018-2019_Trentingrana__2019-04-03__P1b_305_grana.bmp,Aroma,"Aroma di latte cotto, leggero.","Il formaggio ha un aroma di latte cotto, leggero."
data/images_flat/2018-2019_Trentingrana__2019-04-03__P1b_305_grana.bmp,Aroma,Aroma di panna.,Il formaggio ha un aroma di panna.
data/images_flat/2018-2019_Trentingrana__2019-04-03__P1b_305_grana.bmp,Aroma,Aroma di burro e latte bruciato.,Il formaggio ha un aroma di burro e latte bruciato.
data/images_flat/2018-2019_Trentingrana__2019-04-03__P1b_305_grana.bmp,Aroma,Aroma di provolone.,Il formaggio ha un aroma di provolone.
data/images_flat/2018-2019_Trentingrana__2019-04-03__P1b_305_grana.bmp,Aroma,Aroma abbastanza piatto con note di burro fuso e formaggio cotto.,Il formaggio ha un aroma abbastanza piatto con note di burro fuso e formaggio cotto.
data/images_flat/2018-2019_Trentingrana__2019-04-03__P1b_305_grana.bmp,Aroma,Aroma di latte cotto.,Il formaggio ha un aroma di latte cotto.
data/images_flat/2018-2019_Trentingrana__2019-04-03__P1b_305_grana.bmp,Aroma,Aroma lattico cotto.,Il formaggio ha un aroma lattico cotto.
data/images_flat/2018-2019_Trentingrana__2019-04-03__P1b_305_grana.bmp,Aroma,Aroma lattico cotto.,Il formaggio ha un aroma lattico cotto.
data/images_flat/2018-2019_Trentingrana__2019-04-03__P4b_323_grana.bmp,Aroma,"Aroma di latte cotto, leggero.","Il formaggio ha un aroma di latte cotto, leggero."
data/images_flat/2018-2019_Trentingrana__2019-04-03__P4b_323_grana.bmp,Aroma,Aroma di pasta cotta.,Il formaggio ha un aroma di pasta cotta.
data/images_flat/2018-2019_Trentingrana__2019-04-03__P4b_323_grana.bmp,Aroma,Aroma debole e cotto.,Il formaggio ha un aroma debole e cotto.
data/images_flat/2018-2019_Trentingrana__2019-04-03__P4b_323_grana.bmp,Aroma,Aroma di crosta e ossidato molto leggero con note di latticino fresco tipo quark.,Il formaggio ha un aroma di crosta e ossidato molto leggero con note di latticino fresco tipo quark.
data/images_flat/2018-2019_Trentingrana__2019-04-03__P4b_323_grana.bmp,Aroma,Aroma di latte cotto con note di crosta.,Il formaggio ha un aroma di latte cotto con note di crosta.
data/images_flat/2018-2019_Trentingrana__2019-04-03__P4b_323_grana.bmp,Aroma,"Aroma di cotto, crosta di grana e brodo di carne.","Il formaggio ha un aroma di cotto, crosta di grana e brodo di carne."
data/images_flat/2018-2019_Trentingrana__2019-04-03__P4b_323_grana.bmp,Aroma,Aroma lattico cotto.,Il formaggio ha un aroma lattico cotto.
data/images_flat/2018-2019_Trentingrana__2019-04-03__P2a_314_fetta.bmp,Aroma,"Aroma di latte cotto e crosta di formaggio con note di frutta secca e tostato, intensità leggera.","Il formaggio ha un aroma di latte cotto e crosta di formaggio con note di frutta secca e tostato, intensità leggera."
data/images_flat/2018-2019_Trentingrana__2019-04-03__P2a_314_fetta.bmp,Aroma,Aroma di panna.,Il formaggio ha un aroma di panna.
data/images_flat/2018-2019_Trentingrana__2019-04-03__P2a_314_fetta.bmp,Aroma,Aroma di latte e yogurt.,Il formaggio ha un aroma di latte e yogurt.
data/images_flat/2018-2019_Trentingrana__2019-04-03__P2a_314_fetta.bmp,Aroma,Aroma ossidato e fermentato di formaggio vecchio.,Il formaggio ha un aroma ossidato e fermentato di formaggio vecchio.
data/images_flat/2018-2019_Trentingrana__2019-04-03__P2a_314_fetta.bmp,Aroma,"Aroma di stalla, crosta e ossidato.","Il formaggio ha un aroma di stalla, crosta e ossidato."
data/images_flat/2018-2019_Trentingrana__2019-04-03__P2a_314_fetta.bmp,Aroma,Aroma di latte cotto con note floreali.,Il formaggio ha un aroma di latte cotto con note floreali.
data/images_flat/2018-2019_Trentingrana__2019-04-03__P2a_314_fetta.bmp,Aroma,Aroma tostato deciso con note lattiche cotte.,Il formaggio ha un aroma tostato deciso con note lattiche cotte.
data/images_flat/2018-2019_Trentingrana__2019-04-03__P2a_314_fetta.bmp,Aroma,Aroma di brodo e frutta tropicale con nota leggera di formaggio cotto.,Il formaggio ha un aroma di brodo e frutta tropicale con nota leggera di formaggio cotto.
data/images_flat/2018-2019_Trentingrana__2019-04-03__P1a_305_grana.bmp,Aroma,"Aroma di latte cotto, leggero.","Il formaggio ha un aroma di latte cotto, leggero."
data/images_flat/2018-2019_Trentingrana__2019-04-03__P1a_305_grana.bmp,Aroma,Aroma di panna.,Il formaggio ha un aroma di panna.
data/images_flat/2018-2019_Trentingrana__2019-04-03__P1a_305_grana.bmp,Aroma,Aroma di burro e latte bruciato.,Il formaggio ha un aroma di burro e latte bruciato.
data/images_flat/2018-2019_Trentingrana__2019-04-03__P1a_305_grana.bmp,Aroma,Aroma di provolone.,Il formaggio ha un aroma di provolone.
data/images_flat/2018-2019_Trentingrana__2019-04-03__P1a_305_grana.bmp,Aroma,Aroma abbastanza piatto con note di burro fuso e formaggio cotto.,Il formaggio ha un aroma abbastanza piatto con note di burro fuso e formaggio cotto.
data/images_flat/2018-2019_Trentingrana__2019-04-03__P1a_305_grana.bmp,Aroma,Aroma di latte cotto.,Il formaggio ha un aroma di latte cotto.
data/images_flat/2018-2019_Trentingrana__2019-04-03__P1a_305_grana.bmp,Aroma,Aroma lattico cotto.,Il formaggio ha un aroma lattico cotto.
data/images_flat/2018-2019_Trentingrana__2019-04-03__P1a_305_grana.bmp,Aroma,Aroma lattico cotto.,Il formaggio ha un aroma lattico cotto.
data/images_flat/2018-2019_Trentingrana__2019-04-03__P2b_314_fetta.bmp,Aroma,"Aroma di latte cotto e crosta di formaggio con note di frutta secca e tostato, intensità leggera.","Il formaggio ha un aroma di latte cotto e crosta di formaggio con note di frutta secca e tostato, intensità leggera."
data/images_flat/2018-2019_Trentingrana__2019-04-03__P2b_314_fetta.bmp,Aroma,Aroma di panna.,Il formaggio ha un aroma di panna.
data/images_flat/2018-2019_Trentingrana__2019-04-03__P2b_314_fetta.bmp,Aroma,Aroma di latte e yogurt.,Il formaggio ha un aroma di latte e yogurt.
data/images_flat/2018-2019_Trentingrana__2019-04-03__P2b_314_fetta.bmp,Aroma,Aroma ossidato e fermentato di formaggio vecchio.,Il formaggio ha un aroma ossidato e fermentato di formaggio vecchio.
data/images_flat/2018-2019_Trentingrana__2019-04-03__P2b_314_fetta.bmp,Aroma,"Aroma di stalla, crosta e ossidato.","Il formaggio ha un aroma di stalla, crosta e ossidato."
data/images_flat/2018-2019_Trentingrana__2019-04-03__P2b_314_fetta.bmp,Aroma,Aroma di latte cotto con note floreali.,Il formaggio ha un aroma di latte cotto con note floreali.
data/images_flat/2018-2019_Trentingrana__2019-04-03__P2b_314_fetta.bmp,Aroma,Aroma tostato deciso con note lattiche cotte.,Il formaggio ha un aroma tostato deciso con note lattiche cotte.
data/images_flat/2018-2019_Trentingrana__2019-04-03__P2b_314_fetta.bmp,Aroma,Aroma di brodo e frutta tropicale con nota leggera di formaggio cotto.,Il formaggio ha un aroma di brodo e frutta tropicale con nota leggera di formaggio cotto.
data/images_flat/2018-2019_Trentingrana__2019-04-03__P4a_323_grana.bmp,Aroma,"Aroma di latte cotto, leggero.","Il formaggio ha un aroma di latte cotto, leggero."
data/images_flat/2018-2019_Trentingrana__2019-04-03__P4a_323_grana.bmp,Aroma,Aroma di pasta cotta.,Il formaggio ha un aroma di pasta cotta.
data/images_flat/2018-2019_Trentingrana__2019-04-03__P4a_323_grana.bmp,Aroma,Aroma debole e cotto.,Il formaggio ha un aroma debole e cotto.
data/images_flat/2018-2019_Trentingrana__2019-04-03__P4a_323_grana.bmp,Aroma,Aroma di crosta e ossidato molto leggero con note di latticino fresco tipo quark.,Il formaggio ha un aroma di crosta e ossidato molto leggero con note di latticino fresco tipo quark.
data/images_flat/2018-2019_Trentingrana__2019-04-03__P4a_323_grana.bmp,Aroma,Aroma di latte cotto con note di crosta.,Il formaggio ha un aroma di latte cotto con note di crosta.
data/images_flat/2018-2019_Trentingrana__2019-04-03__P4a_323_grana.bmp,Aroma,"Aroma di cotto, crosta di grana e brodo di carne.","Il formaggio ha un aroma di cotto, crosta di grana e brodo di carne."
data/images_flat/2018-2019_Trentingrana__2019-04-03__P4a_323_grana.bmp,Aroma,Aroma lattico cotto.,Il formaggio ha un aroma lattico cotto.
data/images_flat/2018-2019_Trentingrana__2019-04-03__P3a_319_fetta.bmp,Aroma,Aroma con nota animale e fermentata.,Il formaggio ha un aroma con nota animale e fermentata.
data/images_flat/2018-2019_Trentingrana__2019-04-03__P3a_319_fetta.bmp,Aroma,Aroma di panna e burro.,Il formaggio ha un aroma di panna e burro.
data/images_flat/2018-2019_Trentingrana__2019-04-03__P3a_319_fetta.bmp,Aroma,Aroma piacevole ma poco tipico del grana.,Il formaggio ha un aroma piacevole ma poco tipico del grana.
data/images_flat/2018-2019_Trentingrana__2019-04-03__P3a_319_fetta.bmp,Aroma,Aroma di formaggio cotto.,Il formaggio ha un aroma di formaggio cotto.
data/images_flat/2018-2019_Trentingrana__2019-04-03__P3a_319_fetta.bmp,Aroma,Aroma di latte cotto e crosta di formaggio.,Il formaggio ha un aroma di latte cotto e crosta di formaggio.
data/images_flat/2018-2019_Trentingrana__2019-04-03__P3a_319_fetta.bmp,Aroma,Aroma di brodo animale grasso con note tostate e lattiche cotte.,Il formaggio ha un aroma di brodo animale grasso con note tostate e lattiche cotte.
data/images_flat/2018-2019_Trentingrana__2019-04-03__P3a_319_fetta.bmp,Aroma,Aroma molto lattico con note di panna e burro fresco.,Il formaggio ha un aroma molto lattico con note di panna e burro fresco.
data/images_flat/2018-2019_Trentingrana__2019-04-03__P5b_326_fetta.bmp,Aroma,Aroma tostato leggero con frutta secca a intensità leggera.,Il formaggio ha un aroma tostato leggero con frutta secca a intensità leggera.
data/images_flat/2018-2019_Trentingrana__2019-04-03__P5b_326_fetta.bmp,Aroma,Aroma vegetale con note di panna.,Il formaggio ha un aroma vegetale con note di panna.
data/images_flat/2018-2019_Trentingrana__2019-04-03__P5b_326_fetta.bmp,Aroma,Aroma di fungo.,Il formaggio ha un aroma di fungo.
data/images_flat/2018-2019_Trentingrana__2019-04-03__P5b_326_fetta.bmp,Aroma,Aroma di latte e brodo.,Il formaggio ha un aroma di latte e brodo.
data/images_flat/2018-2019_Trentingrana__2019-04-03__P5b_326_fetta.bmp,Aroma,Aroma di cavolfiore.,Il formaggio ha un aroma di cavolfiore.
data/images_flat/2018-2019_Trentingrana__2019-04-03__P5b_326_fetta.bmp,Aroma,Aroma non tipico con leggera punta di rancido.,Il formaggio ha un aroma non tipico con leggera punta di rancido.
data/images_flat/2018-2019_Trentingrana__2019-04-03__P5b_326_fetta.bmp,Aroma,Aroma di formaggio molto cotto e bruciato con intensità leggera.,Il formaggio ha un aroma di formaggio molto cotto e bruciato con intensità leggera.
data/images_flat/2018-2019_Trentingrana__2019-04-03__P5b_326_fetta.bmp,Aroma,Aroma di latte bruciato.,Il formaggio ha un aroma di latte bruciato.
data/images_flat/2018-2019_Trentingrana__2019-04-03__P5b_326_fetta.bmp,Aroma,Aroma di lattici cotti con leggero sentore di brodo.,Il formaggio ha un aroma di lattici cotti con leggero sentore di brodo.
data/images_flat/2018-2019_Trentingrana__2019-04-03__P5b_326_fetta.bmp,Aroma,Aroma di cotto con nota quasi affumicata.,Il formaggio ha un aroma di cotto con nota quasi affumicata.
data/images_flat/2018-2019_Trentingrana__2019-04-03__P5a_326_fetta.bmp,Aroma,Aroma tostato leggero con frutta secca a intensità leggera.,Il formaggio ha un aroma tostato leggero con frutta secca a intensità leggera.
data/images_flat/2018-2019_Trentingrana__2019-04-03__P5a_326_fetta.bmp,Aroma,Aroma vegetale con note di panna.,Il formaggio ha un aroma vegetale con note di panna.
data/images_flat/2018-2019_Trentingrana__2019-04-03__P5a_326_fetta.bmp,Aroma,Aroma di fungo.,Il formaggio ha un aroma di fungo.
data/images_flat/2018-2019_Trentingrana__2019-04-03__P5a_326_fetta.bmp,Aroma,Aroma di latte e brodo.,Il formaggio ha un aroma di latte e brodo.
data/images_flat/2018-2019_Trentingrana__2019-04-03__P5a_326_fetta.bmp,Aroma,Aroma di cavolfiore.,Il formaggio ha un aroma di cavolfiore.
data/images_flat/2018-2019_Trentingrana__2019-04-03__P5a_326_fetta.bmp,Aroma,Aroma non tipico con leggera punta di rancido.,Il formaggio ha un aroma non tipico con leggera punta di rancido.
data/images_flat/2018-2019_Trentingrana__2019-04-03__P5a_326_fetta.bmp,Aroma,Aroma di formaggio molto cotto e bruciato con intensità leggera.,Il formaggio ha un aroma di formaggio molto cotto e bruciato con intensità leggera.
data/images_flat/2018-2019_Trentingrana__2019-04-03__P5a_326_fetta.bmp,Aroma,Aroma di latte bruciato.,Il formaggio ha un aroma di latte bruciato.
data/images_flat/2018-2019_Trentingrana__2019-04-03__P5a_326_fetta.bmp,Aroma,Aroma di lattici cotti con leggero sentore di brodo.,Il formaggio ha un aroma di lattici cotti con leggero sentore di brodo.
data/images_flat/2018-2019_Trentingrana__2019-04-03__P5a_326_fetta.bmp,Aroma,Aroma di cotto con nota quasi affumicata.,Il formaggio ha un aroma di cotto con nota quasi affumicata.
data/images_flat/2018-2019_Trentingrana__2019-04-03__P1b_305_fetta.bmp,Aroma,"Aroma di latte cotto, leggero.","Il formaggio ha un aroma di latte cotto, leggero."
data/images_flat/2018-2019_Trentingrana__2019-04-03__P1b_305_fetta.bmp,Aroma,Aroma di panna.,Il formaggio ha un aroma di panna.
data/images_flat/2018-2019_Trentingrana__2019-04-03__P1b_305_fetta.bmp,Aroma,Aroma di burro e latte bruciato.,Il formaggio ha un aroma di burro e latte bruciato.
data/images_flat/2018-2019_Trentingrana__2019-04-03__P1b_305_fetta.bmp,Aroma,Aroma di provolone.,Il formaggio ha un aroma di provolone.
data/images_flat/2018-2019_Trentingrana__2019-04-03__P1b_305_fetta.bmp,Aroma,Aroma abbastanza piatto con note di burro fuso e formaggio cotto.,Il formaggio ha un aroma abbastanza piatto con note di burro fuso e formaggio cotto.
data/images_flat/2018-2019_Trentingrana__2019-04-03__P1b_305_fetta.bmp,Aroma,Aroma di latte cotto.,Il formaggio ha un aroma di latte cotto.
data/images_flat/2018-2019_Trentingrana__2019-04-03__P1b_305_fetta.bmp,Aroma,Aroma lattico cotto.,Il formaggio ha un aroma lattico cotto.
data/images_flat/2018-2019_Trentingrana__2019-04-03__P1b_305_fetta.bmp,Aroma,Aroma lattico cotto.,Il formaggio ha un aroma lattico cotto.
data/images_flat/2018-2019_Trentingrana__2019-04-03__P2a_314_grana.bmp,Aroma,"Aroma di latte cotto e crosta di formaggio con note di frutta secca e tostato, intensità leggera.","Il formaggio ha un aroma di latte cotto e crosta di formaggio con note di frutta secca e tostato, intensità leggera."
data/images_flat/2018-2019_Trentingrana__2019-04-03__P2a_314_grana.bmp,Aroma,Aroma di panna.,Il formaggio ha un aroma di panna.
data/images_flat/2018-2019_Trentingrana__2019-04-03__P2a_314_grana.bmp,Aroma,Aroma di latte e yogurt.,Il formaggio ha un aroma di latte e yogurt.
data/images_flat/2018-2019_Trentingrana__2019-04-03__P2a_314_grana.bmp,Aroma,Aroma ossidato e fermentato di formaggio vecchio.,Il formaggio ha un aroma ossidato e fermentato di formaggio vecchio.
data/images_flat/2018-2019_Trentingrana__2019-04-03__P2a_314_grana.bmp,Aroma,"Aroma di stalla, crosta e ossidato.","Il formaggio ha un aroma di stalla, crosta e ossidato."
data/images_flat/2018-2019_Trentingrana__2019-04-03__P2a_314_grana.bmp,Aroma,Aroma di latte cotto con note floreali.,Il formaggio ha un aroma di latte cotto con note floreali.
data/images_flat/2018-2019_Trentingrana__2019-04-03__P2a_314_grana.bmp,Aroma,Aroma tostato deciso con note lattiche cotte.,Il formaggio ha un aroma tostato deciso con note lattiche cotte.
data/images_flat/2018-2019_Trentingrana__2019-04-03__P2a_314_grana.bmp,Aroma,Aroma di brodo e frutta tropicale con nota leggera di formaggio cotto.,Il formaggio ha un aroma di brodo e frutta tropicale con nota leggera di formaggio cotto.
data/images_flat/2018-2019_Trentingrana__2019-04-03__P4b_323_fetta.bmp,Aroma,"Aroma di latte cotto, leggero.","Il formaggio ha un aroma di latte cotto, leggero."
data/images_flat/2018-2019_Trentingrana__2019-04-03__P4b_323_fetta.bmp,Aroma,Aroma di pasta cotta.,Il formaggio ha un aroma di pasta cotta.
data/images_flat/2018-2019_Trentingrana__2019-04-03__P4b_323_fetta.bmp,Aroma,Aroma debole e cotto.,Il formaggio ha un aroma debole e cotto.
data/images_flat/2018-2019_Trentingrana__2019-04-03__P4b_323_fetta.bmp,Aroma,Aroma di crosta e ossidato molto leggero con note di latticino fresco tipo quark.,Il formaggio ha un aroma di crosta e ossidato molto leggero con note di latticino fresco tipo quark.
data/images_flat/2018-2019_Trentingrana__2019-04-03__P4b_323_fetta.bmp,Aroma,Aroma di latte cotto con note di crosta.,Il formaggio ha un aroma di latte cotto con note di crosta.
data/images_flat/2018-2019_Trentingrana__2019-04-03__P4b_323_fetta.bmp,Aroma,"Aroma di cotto, crosta di grana e brodo di carne.","Il formaggio ha un aroma di cotto, crosta di grana e brodo di carne."
data/images_flat/2018-2019_Trentingrana__2019-04-03__P4b_323_fetta.bmp,Aroma,Aroma lattico cotto.,Il formaggio ha un aroma lattico cotto.
data/images_flat/2018-2019_Trentingrana__2019-04-03__P3b_319_grana.bmp,Aroma,Aroma con nota animale e fermentata.,Il formaggio ha un aroma con nota animale e fermentata.
data/images_flat/2018-2019_Trentingrana__2019-04-03__P3b_319_grana.bmp,Aroma,Aroma di panna e burro.,Il formaggio ha un aroma di panna e burro.
data/images_flat/2018-2019_Trentingrana__2019-04-03__P3b_319_grana.bmp,Aroma,Aroma piacevole ma poco tipico del grana.,Il formaggio ha un aroma piacevole ma poco tipico del grana.
data/images_flat/2018-2019_Trentingrana__2019-04-03__P3b_319_grana.bmp,Aroma,Aroma di formaggio cotto.,Il formaggio ha un aroma di formaggio cotto.
data/images_flat/2018-2019_Trentingrana__2019-04-03__P3b_319_grana.bmp,Aroma,Aroma di latte cotto e crosta di formaggio.,Il formaggio ha un aroma di latte cotto e crosta di formaggio.
data/images_flat/2018-2019_Trentingrana__2019-04-03__P3b_319_grana.bmp,Aroma,Aroma di brodo animale grasso con note tostate e lattiche cotte.,Il formaggio ha un aroma di brodo animale grasso con note tostate e lattiche cotte.
data/images_flat/2018-2019_Trentingrana__2019-04-03__P3b_319_grana.bmp,Aroma,Aroma molto lattico con note di panna e burro fresco.,Il formaggio ha un aroma molto lattico con note di panna e burro fresco.
data/images_flat/2018-2019_Trentingrana__2019-04-03__P3a_319_grana.bmp,Aroma,Aroma con nota animale e fermentata.,Il formaggio ha un aroma con nota animale e fermentata.
data/images_flat/2018-2019_Trentingrana__2019-04-03__P3a_319_grana.bmp,Aroma,Aroma di panna e burro.,Il formaggio ha un aroma di panna e burro.
data/images_flat/2018-2019_Trentingrana__2019-04-03__P3a_319_grana.bmp,Aroma,Aroma piacevole ma poco tipico del grana.,Il formaggio ha un aroma piacevole ma poco tipico del grana.
data/images_flat/2018-2019_Trentingrana__2019-04-03__P3a_319_grana.bmp,Aroma,Aroma di formaggio cotto.,Il formaggio ha un aroma di formaggio cotto.
data/images_flat/2018-2019_Trentingrana__2019-04-03__P3a_319_grana.bmp,Aroma,Aroma di latte cotto e crosta di formaggio.,Il formaggio ha un aroma di latte cotto e crosta di formaggio.
data/images_flat/2018-2019_Trentingrana__2019-04-03__P3a_319_grana.bmp,Aroma,Aroma di brodo animale grasso con note tostate e lattiche cotte.,Il formaggio ha un aroma di brodo animale grasso con note tostate e lattiche cotte.
data/images_flat/2018-2019_Trentingrana__2019-04-03__P3a_319_grana.bmp,Aroma,Aroma molto lattico con note di panna e burro fresco.,Il formaggio ha un aroma molto lattico con note di panna e burro fresco.
data/images_flat/2018-2019_Trentingrana__2019-04-03__P1a_305_fetta.bmp,Aroma,"Aroma di latte cotto, leggero.","Il formaggio ha un aroma di latte cotto, leggero."
data/images_flat/2018-2019_Trentingrana__2019-04-03__P1a_305_fetta.bmp,Aroma,Aroma di panna.,Il formaggio ha un aroma di panna.
data/images_flat/2018-2019_Trentingrana__2019-04-03__P1a_305_fetta.bmp,Aroma,Aroma di burro e latte bruciato.,Il formaggio ha un aroma di burro e latte bruciato.
data/images_flat/2018-2019_Trentingrana__2019-04-03__P1a_305_fetta.bmp,Aroma,Aroma di provolone.,Il formaggio ha un aroma di provolone.
data/images_flat/2018-2019_Trentingrana__2019-04-03__P1a_305_fetta.bmp,Aroma,Aroma abbastanza piatto con note di burro fuso e formaggio cotto.,Il formaggio ha un aroma abbastanza piatto con note di burro fuso e formaggio cotto.
data/images_flat/2018-2019_Trentingrana__2019-04-03__P1a_305_fetta.bmp,Aroma,Aroma di latte cotto.,Il formaggio ha un aroma di latte cotto.
data/images_flat/2018-2019_Trentingrana__2019-04-03__P1a_305_fetta.bmp,Aroma,Aroma lattico cotto.,Il formaggio ha un aroma lattico cotto.
data/images_flat/2018-2019_Trentingrana__2019-04-03__P1a_305_fetta.bmp,Aroma,Aroma lattico cotto.,Il formaggio ha un aroma lattico cotto.
data/images_flat/2018-2019_Trentingrana__2019-04-03__P4a_323_fetta.bmp,Aroma,"Aroma di latte cotto, leggero.","Il formaggio ha un aroma di latte cotto, leggero."
data/images_flat/2018-2019_Trentingrana__2019-04-03__P4a_323_fetta.bmp,Aroma,Aroma di pasta cotta.,Il formaggio ha un aroma di pasta cotta.
data/images_flat/2018-2019_Trentingrana__2019-04-03__P4a_323_fetta.bmp,Aroma,Aroma debole e cotto.,Il formaggio ha un aroma debole e cotto.
data/images_flat/2018-2019_Trentingrana__2019-04-03__P4a_323_fetta.bmp,Aroma,Aroma di crosta e ossidato molto leggero con note di latticino fresco tipo quark.,Il formaggio ha un aroma di crosta e ossidato molto leggero con note di latticino fresco tipo quark.
data/images_flat/2018-2019_Trentingrana__2019-04-03__P4a_323_fetta.bmp,Aroma,Aroma di latte cotto con note di crosta.,Il formaggio ha un aroma di latte cotto con note di crosta.
data/images_flat/2018-2019_Trentingrana__2019-04-03__P4a_323_fetta.bmp,Aroma,"Aroma di cotto, crosta di grana e brodo di carne.","Il formaggio ha un aroma di cotto, crosta di grana e brodo di carne."
data/images_flat/2018-2019_Trentingrana__2019-04-03__P4a_323_fetta.bmp,Aroma,Aroma lattico cotto.,Il formaggio ha un aroma lattico cotto.
data/images_flat/2018-2019_Trentingrana__2019-04-03__P2b_314_grana.bmp,Aroma,"Aroma di latte cotto e crosta di formaggio con note di frutta secca e tostato, intensità leggera.","Il formaggio ha un aroma di latte cotto e crosta di formaggio con note di frutta secca e tostato, intensità leggera."
data/images_flat/2018-2019_Trentingrana__2019-04-03__P2b_314_grana.bmp,Aroma,Aroma di panna.,Il formaggio ha un aroma di panna.
data/images_flat/2018-2019_Trentingrana__2019-04-03__P2b_314_grana.bmp,Aroma,Aroma di latte e yogurt.,Il formaggio ha un aroma di latte e yogurt.
data/images_flat/2018-2019_Trentingrana__2019-04-03__P2b_314_grana.bmp,Aroma,Aroma ossidato e fermentato di formaggio vecchio.,Il formaggio ha un aroma ossidato e fermentato di formaggio vecchio.
data/images_flat/2018-2019_Trentingrana__2019-04-03__P2b_314_grana.bmp,Aroma,"Aroma di stalla, crosta e ossidato.","Il formaggio ha un aroma di stalla, crosta e ossidato."
data/images_flat/2018-2019_Trentingrana__2019-04-03__P2b_314_grana.bmp,Aroma,Aroma di latte cotto con note floreali.,Il formaggio ha un aroma di latte cotto con note floreali.
data/images_flat/2018-2019_Trentingrana__2019-04-03__P2b_314_grana.bmp,Aroma,Aroma tostato deciso con note lattiche cotte.,Il formaggio ha un aroma tostato deciso con note lattiche cotte.
data/images_flat/2018-2019_Trentingrana__2019-04-03__P2b_314_grana.bmp,Aroma,Aroma di brodo e frutta tropicale con nota leggera di formaggio cotto.,Il formaggio ha un aroma di brodo e frutta tropicale con nota leggera di formaggio cotto.
data/images_flat/2018-2019_Trentingrana__2019-04-03__P5b_326_grana.bmp,Aroma,Aroma tostato leggero con frutta secca a intensità leggera.,Il formaggio ha un aroma tostato leggero con frutta secca a intensità leggera.
data/images_flat/2018-2019_Trentingrana__2019-04-03__P5b_326_grana.bmp,Aroma,Aroma vegetale con note di panna.,Il formaggio ha un aroma vegetale con note di panna.
data/images_flat/2018-2019_Trentingrana__2019-04-03__P5b_326_grana.bmp,Aroma,Aroma di fungo.,Il formaggio ha un aroma di fungo.
data/images_flat/2018-2019_Trentingrana__2019-04-03__P5b_326_grana.bmp,Aroma,Aroma di latte e brodo.,Il formaggio ha un aroma di latte e brodo.
data/images_flat/2018-2019_Trentingrana__2019-04-03__P5b_326_grana.bmp,Aroma,Aroma di cavolfiore.,Il formaggio ha un aroma di cavolfiore.
data/images_flat/2018-2019_Trentingrana__2019-04-03__P5b_326_grana.bmp,Aroma,Aroma non tipico con leggera punta di rancido.,Il formaggio ha un aroma non tipico con leggera punta di rancido.
data/images_flat/2018-2019_Trentingrana__2019-04-03__P5b_326_grana.bmp,Aroma,Aroma di formaggio molto cotto e bruciato con intensità leggera.,Il formaggio ha un aroma di formaggio molto cotto e bruciato con intensità leggera.
data/images_flat/2018-2019_Trentingrana__2019-04-03__P5b_326_grana.bmp,Aroma,Aroma di latte bruciato.,Il formaggio ha un aroma di latte bruciato.
data/images_flat/2018-2019_Trentingrana__2019-04-03__P5b_326_grana.bmp,Aroma,Aroma di lattici cotti con leggero sentore di brodo.,Il formaggio ha un aroma di lattici cotti con leggero sentore di brodo.
data/images_flat/2018-2019_Trentingrana__2019-04-03__P5b_326_grana.bmp,Aroma,Aroma di cotto con nota quasi affumicata.,Il formaggio ha un aroma di cotto con nota quasi affumicata.
data/images_flat/2018-2019_Trentingrana__2019-04-03__P5a_326_grana.bmp,Aroma,Aroma tostato leggero con frutta secca a intensità leggera.,Il formaggio ha un aroma tostato leggero con frutta secca a intensità leggera.
data/images_flat/2018-2019_Trentingrana__2019-04-03__P5a_326_grana.bmp,Aroma,Aroma vegetale con note di panna.,Il formaggio ha un aroma vegetale con note di panna.
data/images_flat/2018-2019_Trentingrana__2019-04-03__P5a_326_grana.bmp,Aroma,Aroma di fungo.,Il formaggio ha un aroma di fungo.
data/images_flat/2018-2019_Trentingrana__2019-04-03__P5a_326_grana.bmp,Aroma,Aroma di latte e brodo.,Il formaggio ha un aroma di latte e brodo.
data/images_flat/2018-2019_Trentingrana__2019-04-03__P5a_326_grana.bmp,Aroma,Aroma di cavolfiore.,Il formaggio ha un aroma di cavolfiore.
data/images_flat/2018-2019_Trentingrana__2019-04-03__P5a_326_grana.bmp,Aroma,Aroma non tipico con leggera punta di rancido.,Il formaggio ha un aroma non tipico con leggera punta di rancido.
data/images_flat/2018-2019_Trentingrana__2019-04-03__P5a_326_grana.bmp,Aroma,Aroma di formaggio molto cotto e bruciato con intensità leggera.,Il formaggio ha un aroma di formaggio molto cotto e bruciato con intensità leggera.
data/images_flat/2018-2019_Trentingrana__2019-04-03__P5a_326_grana.bmp,Aroma,Aroma di latte bruciato.,Il formaggio ha un aroma di latte bruciato.
data/images_flat/2018-2019_Trentingrana__2019-04-03__P5a_326_grana.bmp,Aroma,Aroma di lattici cotti con leggero sentore di brodo.,Il formaggio ha un aroma di lattici cotti con leggero sentore di brodo.
data/images_flat/2018-2019_Trentingrana__2019-04-03__P5a_326_grana.bmp,Aroma,Aroma di cotto con nota quasi affumicata.,Il formaggio ha un aroma di cotto con nota quasi affumicata.
data/images_flat/2018-2019_Trentingrana__2019-03-13__P2b_306_fetta.bmp,Aroma,Aroma di panna.,Il formaggio ha un aroma di panna.
data/images_flat/2018-2019_Trentingrana__2019-03-13__P2b_306_fetta.bmp,Aroma,Aroma poco piccante.,Il formaggio ha un aroma poco piccante.
data/images_flat/2018-2019_Trentingrana__2019-03-13__P2b_306_fetta.bmp,Aroma,"Aroma fermentato e vegetale, non caratteristico né piacevole.","Il formaggio ha un aroma fermentato e vegetale, non caratteristico né piacevole."
data/images_flat/2018-2019_Trentingrana__2019-03-13__P2b_306_fetta.bmp,Aroma,"Aroma moderato, soprattutto lattico cotto e formaggio cotto.","Il formaggio ha un aroma moderato, soprattutto lattico cotto e formaggio cotto."
data/images_flat/2018-2019_Trentingrana__2019-03-13__P2b_306_fetta.bmp,Aroma,Aroma poco complesso di burro fuso e latte cotto con nota lattica e nota animale di lettiera.,Il formaggio ha un aroma poco complesso di burro fuso e latte cotto con nota lattica e nota animale di lettiera.
data/images_flat/2018-2019_Trentingrana__2019-03-13__P2b_306_fetta.bmp,Aroma,Aroma di brodo e fieno.,Il formaggio ha un aroma di brodo e fieno.
data/images_flat/2018-2019_Trentingrana__2019-03-13__P2b_306_fetta.bmp,Aroma,Aroma di latte acido con leggera fermentazione.,Il formaggio ha un aroma di latte acido con leggera fermentazione.
data/images_flat/2018-2019_Trentingrana__2019-03-13__P6b_330_grana.bmp,Aroma,Aroma di panna e vegetale.,Il formaggio ha un aroma di panna e vegetale.
data/images_flat/2018-2019_Trentingrana__2019-03-13__P6b_330_grana.bmp,Aroma,Aroma di burro bruciato.,Il formaggio ha un aroma di burro bruciato.
data/images_flat/2018-2019_Trentingrana__2019-03-13__P6b_330_grana.bmp,Aroma,Aroma di burro fuso.,Il formaggio ha un aroma di burro fuso.
data/images_flat/2018-2019_Trentingrana__2019-03-13__P6b_330_grana.bmp,Aroma,Aroma medio intenso.,Il formaggio ha un aroma medio intenso.
data/images_flat/2018-2019_Trentingrana__2019-03-13__P6b_330_grana.bmp,Aroma,"Aroma di burro fuso, formaggio cotto e crosta di formaggio con nota fruttata.","Il formaggio ha un aroma di burro fuso, formaggio cotto e crosta di formaggio con nota fruttata."
data/images_flat/2018-2019_Trentingrana__2019-03-13__P6b_330_grana.bmp,Aroma,Aroma di burro e brodo.,Il formaggio ha un aroma di burro e brodo.
data/images_flat/2018-2019_Trentingrana__2019-03-13__P6b_330_grana.bmp,Aroma,Aroma con sentori lattici.,Il formaggio ha un aroma con sentori lattici.
data/images_flat/2018-2019_Trentingrana__2019-03-13__P5a_319_fetta.bmp,Aroma,Aroma di panna.,Il formaggio ha un aroma di panna.
data/images_flat/2018-2019_Trentingrana__2019-03-13__P5a_319_fetta.bmp,Aroma,"Aroma neutro, senza persistenza.","Il formaggio ha un aroma neutro, senza persistenza."
data/images_flat/2018-2019_Trentingrana__2019-03-13__P5a_319_fetta.bmp,Aroma,Aroma non tipico del grana.,Il formaggio ha un aroma non tipico del grana.
data/images_flat/2018-2019_Trentingrana__2019-03-13__P5a_319_fetta.bmp,Aroma,Aroma molto leggero con note vegetali e lievemente fruttato.,Il formaggio ha un aroma molto leggero con note vegetali e lievemente fruttato.
data/images_flat/2018-2019_Trentingrana__2019-03-13__P5a_319_fetta.bmp,Aroma,"Aroma poco caratteristico di burro cotto e latte cotto con note propioniche, di nostrano e fruttate.","Il formaggio ha un aroma poco caratteristico di burro cotto e latte cotto con note propioniche, di nostrano e fruttate."
data/images_flat/2018-2019_Trentingrana__2019-03-13__P5a_319_fetta.bmp,Aroma,Aroma non tipico del grana.,Il formaggio ha un aroma non tipico del grana.
data/images_flat/2018-2019_Trentingrana__2019-03-13__P5a_319_fetta.bmp,Aroma,Aroma lattico cotto.,Il formaggio ha un aroma lattico cotto.
data/images_flat/2018-2019_Trentingrana__2019-03-13__P5b_319_fetta.bmp,Aroma,Aroma di panna.,Il formaggio ha un aroma di panna.
data/images_flat/2018-2019_Trentingrana__2019-03-13__P5b_319_fetta.bmp,Aroma,"Aroma neutro, senza persistenza.","Il formaggio ha un aroma neutro, senza persistenza."
data/images_flat/2018-2019_Trentingrana__2019-03-13__P5b_319_fetta.bmp,Aroma,Aroma non tipico del grana.,Il formaggio ha un aroma non tipico del grana.
data/images_flat/2018-2019_Trentingrana__2019-03-13__P5b_319_fetta.bmp,Aroma,Aroma molto leggero con note vegetali e lievemente fruttato.,Il formaggio ha un aroma molto leggero con note vegetali e lievemente fruttato.
data/images_flat/2018-2019_Trentingrana__2019-03-13__P5b_319_fetta.bmp,Aroma,"Aroma poco caratteristico di burro cotto e latte cotto con note propioniche, di nostrano e fruttate.","Il formaggio ha un aroma poco caratteristico di burro cotto e latte cotto con note propioniche, di nostrano e fruttate."
data/images_flat/2018-2019_Trentingrana__2019-03-13__P5b_319_fetta.bmp,Aroma,Aroma non tipico del grana.,Il formaggio ha un aroma non tipico del grana.
data/images_flat/2018-2019_Trentingrana__2019-03-13__P5b_319_fetta.bmp,Aroma,Aroma lattico cotto.,Il formaggio ha un aroma lattico cotto.
data/images_flat/2018-2019_Trentingrana__2019-03-13__P6a_330_grana.bmp,Aroma,Aroma di panna e vegetale.,Il formaggio ha un aroma di panna e vegetale.
data/images_flat/2018-2019_Trentingrana__2019-03-13__P6a_330_grana.bmp,Aroma,Aroma di burro bruciato.,Il formaggio ha un aroma di burro bruciato.
data/images_flat/2018-2019_Trentingrana__2019-03-13__P6a_330_grana.bmp,Aroma,Aroma di burro fuso.,Il formaggio ha un aroma di burro fuso.
data/images_flat/2018-2019_Trentingrana__2019-03-13__P6a_330_grana.bmp,Aroma,Aroma medio intenso.,Il formaggio ha un aroma medio intenso.
data/images_flat/2018-2019_Trentingrana__2019-03-13__P6a_330_grana.bmp,Aroma,"Aroma di burro fuso, formaggio cotto e crosta di formaggio con nota fruttata.","Il formaggio ha un aroma di burro fuso, formaggio cotto e crosta di formaggio con nota fruttata."
data/images_flat/2018-2019_Trentingrana__2019-03-13__P6a_330_grana.bmp,Aroma,Aroma di burro e brodo.,Il formaggio ha un aroma di burro e brodo.
data/images_flat/2018-2019_Trentingrana__2019-03-13__P6a_330_grana.bmp,Aroma,Aroma con sentori lattici.,Il formaggio ha un aroma con sentori lattici.
data/images_flat/2018-2019_Trentingrana__2019-03-13__P2a_306_fetta.bmp,Aroma,Aroma di panna.,Il formaggio ha un aroma di panna.
data/images_flat/2018-2019_Trentingrana__2019-03-13__P2a_306_fetta.bmp,Aroma,Aroma poco piccante.,Il formaggio ha un aroma poco piccante.
data/images_flat/2018-2019_Trentingrana__2019-03-13__P2a_306_fetta.bmp,Aroma,"Aroma fermentato e vegetale, non caratteristico né piacevole.","Il formaggio ha un aroma fermentato e vegetale, non caratteristico né piacevole."
data/images_flat/2018-2019_Trentingrana__2019-03-13__P2a_306_fetta.bmp,Aroma,"Aroma moderato, soprattutto lattico cotto e formaggio cotto.","Il formaggio ha un aroma moderato, soprattutto lattico cotto e formaggio cotto."
data/images_flat/2018-2019_Trentingrana__2019-03-13__P2a_306_fetta.bmp,Aroma,Aroma poco complesso di burro fuso e latte cotto con nota lattica e nota animale di lettiera.,Il formaggio ha un aroma poco complesso di burro fuso e latte cotto con nota lattica e nota animale di lettiera.
data/images_flat/2018-2019_Trentingrana__2019-03-13__P2a_306_fetta.bmp,Aroma,Aroma di brodo e fieno.,Il formaggio ha un aroma di brodo e fieno.
data/images_flat/2018-2019_Trentingrana__2019-03-13__P2a_306_fetta.bmp,Aroma,Aroma di latte acido con leggera fermentazione.,Il formaggio ha un aroma di latte acido con leggera fermentazione.
data/images_flat/2018-2019_Trentingrana__2019-03-13__P3a_307_fetta.bmp,Aroma,Aroma di panna vegetale.,Il formaggio ha un aroma di panna vegetale.
data/images_flat/2018-2019_Trentingrana__2019-03-13__P3a_307_fetta.bmp,Aroma,Aroma completamente neutro.,Il formaggio ha un aroma completamente neutro.
data/images_flat/2018-2019_Trentingrana__2019-03-13__P3a_307_fetta.bmp,Aroma,Aroma piacevole ma poco tipico del grana.,Il formaggio ha un aroma piacevole ma poco tipico del grana.
data/images_flat/2018-2019_Trentingrana__2019-03-13__P3a_307_fetta.bmp,Aroma,"Aroma leggero, non del tutto caratteristico.","Il formaggio ha un aroma leggero, non del tutto caratteristico."
data/images_flat/2018-2019_Trentingrana__2019-03-13__P3a_307_fetta.bmp,Aroma,"Aroma di panna acida, panna fresca e burro fresco con sentori di formaggio fuso, poco caratteristico.","Il formaggio ha un aroma di panna acida, panna fresca e burro fresco con sentori di formaggio fuso, poco caratteristico."
data/images_flat/2018-2019_Trentingrana__2019-03-13__P3a_307_fetta.bmp,Aroma,Aroma di grana e burro.,Il formaggio ha un aroma di grana e burro.
data/images_flat/2018-2019_Trentingrana__2019-03-13__P3a_307_fetta.bmp,Aroma,Aroma con sentori lattici.,Il formaggio ha un aroma con sentori lattici.
data/images_flat/2018-2019_Trentingrana__2019-03-13__P1a_302_grana.bmp,Aroma,Aroma di panna.,Il formaggio ha un aroma di panna.
data/images_flat/2018-2019_Trentingrana__2019-03-13__P1a_302_grana.bmp,Aroma,Aroma stantio.,Il formaggio ha un aroma stantio.
data/images_flat/2018-2019_Trentingrana__2019-03-13__P1a_302_grana.bmp,Aroma,Aroma di intensità discreta con note lattiche cotte.,Il formaggio ha un aroma di intensità discreta con note lattiche cotte.
data/images_flat/2018-2019_Trentingrana__2019-03-13__P1a_302_grana.bmp,Aroma,"Aroma dominato da latte cotto, poco complesso, con lieve nota di tele bagnate e nota ossidata.","Il formaggio ha un aroma dominato da latte cotto, poco complesso, con lieve nota di tele bagnate e nota ossidata."
data/images_flat/2018-2019_Trentingrana__2019-03-13__P1a_302_grana.bmp,Aroma,Aroma di formaggio stagionato.,Il formaggio ha un aroma di formaggio stagionato.
data/images_flat/2018-2019_Trentingrana__2019-03-13__P1a_302_grana.bmp,Aroma,Aroma di latte acido leggermente presente.,Il formaggio ha un aroma di latte acido leggermente presente.
data/images_flat/2018-2019_Trentingrana__2019-03-13__P4a_313_fetta.bmp,Aroma,Aroma di panna.,Il formaggio ha un aroma di panna.
data/images_flat/2018-2019_Trentingrana__2019-03-13__P4a_313_fetta.bmp,Aroma,Aroma di crosta.,Il formaggio ha un aroma di crosta.
data/images_flat/2018-2019_Trentingrana__2019-03-13__P4a_313_fetta.bmp,Aroma,Aroma fermentato.,Il formaggio ha un aroma fermentato.
data/images_flat/2018-2019_Trentingrana__2019-03-13__P4a_313_fetta.bmp,Aroma,Aroma poco tipico del grana.,Il formaggio ha un aroma poco tipico del grana.
data/images_flat/2018-2019_Trentingrana__2019-03-13__P4a_313_fetta.bmp,Aroma,Aroma abbastanza intenso e caratteristico.,Il formaggio ha un aroma abbastanza intenso e caratteristico.
data/images_flat/2018-2019_Trentingrana__2019-03-13__P4a_313_fetta.bmp,Aroma,"Aroma lattico con note di panna cotta, burro fuso e frutta, molto grasso.","Il formaggio ha un aroma lattico con note di panna cotta, burro fuso e frutta, molto grasso."
data/images_flat/2018-2019_Trentingrana__2019-03-13__P4a_313_fetta.bmp,Aroma,Aroma tostato.,Il formaggio ha un aroma tostato.
data/images_flat/2018-2019_Trentingrana__2019-03-13__P4a_313_fetta.bmp,Aroma,Aroma intenso e positivo.,Il formaggio ha un aroma intenso e positivo.
data/images_flat/2018-2019_Trentingrana__2019-03-13__P4a_313_fetta.bmp,Aroma,Aroma lattico cotto.,Il formaggio ha un aroma lattico cotto.
data/images_flat/2018-2019_Trentingrana__2019-03-13__P4b_313_fetta.bmp,Aroma,Aroma di panna.,Il formaggio ha un aroma di panna.
data/images_flat/2018-2019_Trentingrana__2019-03-13__P4b_313_fetta.bmp,Aroma,Aroma di crosta.,Il formaggio ha un aroma di crosta.
data/images_flat/2018-2019_Trentingrana__2019-03-13__P4b_313_fetta.bmp,Aroma,Aroma fermentato.,Il formaggio ha un aroma fermentato.
data/images_flat/2018-2019_Trentingrana__2019-03-13__P4b_313_fetta.bmp,Aroma,Aroma poco tipico del grana.,Il formaggio ha un aroma poco tipico del grana.
data/images_flat/2018-2019_Trentingrana__2019-03-13__P4b_313_fetta.bmp,Aroma,Aroma abbastanza intenso e caratteristico.,Il formaggio ha un aroma abbastanza intenso e caratteristico.
data/images_flat/2018-2019_Trentingrana__2019-03-13__P4b_313_fetta.bmp,Aroma,"Aroma lattico con note di panna cotta, burro fuso e frutta, molto grasso.","Il formaggio ha un aroma lattico con note di panna cotta, burro fuso e frutta, molto grasso."
data/images_flat/2018-2019_Trentingrana__2019-03-13__P4b_313_fetta.bmp,Aroma,Aroma tostato.,Il formaggio ha un aroma tostato.
data/images_flat/2018-2019_Trentingrana__2019-03-13__P4b_313_fetta.bmp,Aroma,Aroma intenso e positivo.,Il formaggio ha un aroma intenso e positivo.
data/images_flat/2018-2019_Trentingrana__2019-03-13__P4b_313_fetta.bmp,Aroma,Aroma lattico cotto.,Il formaggio ha un aroma lattico cotto.
data/images_flat/2018-2019_Trentingrana__2019-03-13__P3b_307_fetta.bmp,Aroma,Aroma di panna vegetale.,Il formaggio ha un aroma di panna vegetale.
data/images_flat/2018-2019_Trentingrana__2019-03-13__P3b_307_fetta.bmp,Aroma,Aroma completamente neutro.,Il formaggio ha un aroma completamente neutro.
data/images_flat/2018-2019_Trentingrana__2019-03-13__P3b_307_fetta.bmp,Aroma,Aroma piacevole ma poco tipico del grana.,Il formaggio ha un aroma piacevole ma poco tipico del grana.
data/images_flat/2018-2019_Trentingrana__2019-03-13__P3b_307_fetta.bmp,Aroma,"Aroma leggero, non del tutto caratteristico.","Il formaggio ha un aroma leggero, non del tutto caratteristico."
data/images_flat/2018-2019_Trentingrana__2019-03-13__P3b_307_fetta.bmp,Aroma,"Aroma di panna acida, panna fresca e burro fresco con sentori di formaggio fuso, poco caratteristico.","Il formaggio ha un aroma di panna acida, panna fresca e burro fresco con sentori di formaggio fuso, poco caratteristico."
data/images_flat/2018-2019_Trentingrana__2019-03-13__P3b_307_fetta.bmp,Aroma,Aroma di grana e burro.,Il formaggio ha un aroma di grana e burro.
data/images_flat/2018-2019_Trentingrana__2019-03-13__P3b_307_fetta.bmp,Aroma,Aroma con sentori lattici.,Il formaggio ha un aroma con sentori lattici.
data/images_flat/2018-2019_Trentingrana__2019-03-13__P1b_302_grana.bmp,Aroma,Aroma di panna.,Il formaggio ha un aroma di panna.
data/images_flat/2018-2019_Trentingrana__2019-03-13__P1b_302_grana.bmp,Aroma,Aroma stantio.,Il formaggio ha un aroma stantio.
data/images_flat/2018-2019_Trentingrana__2019-03-13__P1b_302_grana.bmp,Aroma,Aroma di intensità discreta con note lattiche cotte.,Il formaggio ha un aroma di intensità discreta con note lattiche cotte.
data/images_flat/2018-2019_Trentingrana__2019-03-13__P1b_302_grana.bmp,Aroma,"Aroma dominato da latte cotto, poco complesso, con lieve nota di tele bagnate e nota ossidata.","Il formaggio ha un aroma dominato da latte cotto, poco complesso, con lieve nota di tele bagnate e nota ossidata."
data/images_flat/2018-2019_Trentingrana__2019-03-13__P1b_302_grana.bmp,Aroma,Aroma di formaggio stagionato.,Il formaggio ha un aroma di formaggio stagionato.
data/images_flat/2018-2019_Trentingrana__2019-03-13__P1b_302_grana.bmp,Aroma,Aroma di latte acido leggermente presente.,Il formaggio ha un aroma di latte acido leggermente presente.
data/images_flat/2018-2019_Trentingrana__2019-03-13__P5a_319_grana.bmp,Aroma,Aroma di panna.,Il formaggio ha un aroma di panna.
data/images_flat/2018-2019_Trentingrana__2019-03-13__P5a_319_grana.bmp,Aroma,"Aroma neutro, senza persistenza.","Il formaggio ha un aroma neutro, senza persistenza."
data/images_flat/2018-2019_Trentingrana__2019-03-13__P5a_319_grana.bmp,Aroma,Aroma non tipico del grana.,Il formaggio ha un aroma non tipico del grana.
data/images_flat/2018-2019_Trentingrana__2019-03-13__P5a_319_grana.bmp,Aroma,Aroma molto leggero con note vegetali e lievemente fruttato.,Il formaggio ha un aroma molto leggero con note vegetali e lievemente fruttato.
data/images_flat/2018-2019_Trentingrana__2019-03-13__P5a_319_grana.bmp,Aroma,"Aroma poco caratteristico di burro cotto e latte cotto con note propioniche, di nostrano e fruttate.","Il formaggio ha un aroma poco caratteristico di burro cotto e latte cotto con note propioniche, di nostrano e fruttate."
data/images_flat/2018-2019_Trentingrana__2019-03-13__P5a_319_grana.bmp,Aroma,Aroma non tipico del grana.,Il formaggio ha un aroma non tipico del grana.
data/images_flat/2018-2019_Trentingrana__2019-03-13__P5a_319_grana.bmp,Aroma,Aroma lattico cotto.,Il formaggio ha un aroma lattico cotto.
data/images_flat/2018-2019_Trentingrana__2019-03-13__P6b_330_fetta.bmp,Aroma,Aroma di panna e vegetale.,Il formaggio ha un aroma di panna e vegetale.
data/images_flat/2018-2019_Trentingrana__2019-03-13__P6b_330_fetta.bmp,Aroma,Aroma di burro bruciato.,Il formaggio ha un aroma di burro bruciato.
data/images_flat/2018-2019_Trentingrana__2019-03-13__P6b_330_fetta.bmp,Aroma,Aroma di burro fuso.,Il formaggio ha un aroma di burro fuso.
data/images_flat/2018-2019_Trentingrana__2019-03-13__P6b_330_fetta.bmp,Aroma,Aroma medio intenso.,Il formaggio ha un aroma medio intenso.
data/images_flat/2018-2019_Trentingrana__2019-03-13__P6b_330_fetta.bmp,Aroma,"Aroma di burro fuso, formaggio cotto e crosta di formaggio con nota fruttata.","Il formaggio ha un aroma di burro fuso, formaggio cotto e crosta di formaggio con nota fruttata."
data/images_flat/2018-2019_Trentingrana__2019-03-13__P6b_330_fetta.bmp,Aroma,Aroma di burro e brodo.,Il formaggio ha un aroma di burro e brodo.
data/images_flat/2018-2019_Trentingrana__2019-03-13__P6b_330_fetta.bmp,Aroma,Aroma con sentori lattici.,Il formaggio ha un aroma con sentori lattici.
data/images_flat/2018-2019_Trentingrana__2019-03-13__P2b_306_grana.bmp,Aroma,Aroma di panna.,Il formaggio ha un aroma di panna.
data/images_flat/2018-2019_Trentingrana__2019-03-13__P2b_306_grana.bmp,Aroma,Aroma poco piccante.,Il formaggio ha un aroma poco piccante.
data/images_flat/2018-2019_Trentingrana__2019-03-13__P2b_306_grana.bmp,Aroma,"Aroma fermentato e vegetale, non caratteristico né piacevole.","Il formaggio ha un aroma fermentato e vegetale, non caratteristico né piacevole."
data/images_flat/2018-2019_Trentingrana__2019-03-13__P2b_306_grana.bmp,Aroma,"Aroma moderato, soprattutto lattico cotto e formaggio cotto.","Il formaggio ha un aroma moderato, soprattutto lattico cotto e formaggio cotto."
data/images_flat/2018-2019_Trentingrana__2019-03-13__P2b_306_grana.bmp,Aroma,Aroma poco complesso di burro fuso e latte cotto con nota lattica e nota animale di lettiera.,Il formaggio ha un aroma poco complesso di burro fuso e latte cotto con nota lattica e nota animale di lettiera.
data/images_flat/2018-2019_Trentingrana__2019-03-13__P2b_306_grana.bmp,Aroma,Aroma di brodo e fieno.,Il formaggio ha un aroma di brodo e fieno.
data/images_flat/2018-2019_Trentingrana__2019-03-13__P2b_306_grana.bmp,Aroma,Aroma di latte acido con leggera fermentazione.,Il formaggio ha un aroma di latte acido con leggera fermentazione.
data/images_flat/2018-2019_Trentingrana__2019-03-13__P2a_306_grana.bmp,Aroma,Aroma di panna.,Il formaggio ha un aroma di panna.
data/images_flat/2018-2019_Trentingrana__2019-03-13__P2a_306_grana.bmp,Aroma,Aroma poco piccante.,Il formaggio ha un aroma poco piccante.
data/images_flat/2018-2019_Trentingrana__2019-03-13__P2a_306_grana.bmp,Aroma,"Aroma fermentato e vegetale, non caratteristico né piacevole.","Il formaggio ha un aroma fermentato e vegetale, non caratteristico né piacevole."
data/images_flat/2018-2019_Trentingrana__2019-03-13__P2a_306_grana.bmp,Aroma,"Aroma moderato, soprattutto lattico cotto e formaggio cotto.","Il formaggio ha un aroma moderato, soprattutto lattico cotto e formaggio cotto."
data/images_flat/2018-2019_Trentingrana__2019-03-13__P2a_306_grana.bmp,Aroma,Aroma poco complesso di burro fuso e latte cotto con nota lattica e nota animale di lettiera.,Il formaggio ha un aroma poco complesso di burro fuso e latte cotto con nota lattica e nota animale di lettiera.
data/images_flat/2018-2019_Trentingrana__2019-03-13__P2a_306_grana.bmp,Aroma,Aroma di brodo e fieno.,Il formaggio ha un aroma di brodo e fieno.
data/images_flat/2018-2019_Trentingrana__2019-03-13__P2a_306_grana.bmp,Aroma,Aroma di latte acido con leggera fermentazione.,Il formaggio ha un aroma di latte acido con leggera fermentazione.
data/images_flat/2018-2019_Trentingrana__2019-03-13__P6a_330_fetta.bmp,Aroma,Aroma di panna e vegetale.,Il formaggio ha un aroma di panna e vegetale.
data/images_flat/2018-2019_Trentingrana__2019-03-13__P6a_330_fetta.bmp,Aroma,Aroma di burro bruciato.,Il formaggio ha un aroma di burro bruciato.
data/images_flat/2018-2019_Trentingrana__2019-03-13__P6a_330_fetta.bmp,Aroma,Aroma di burro fuso.,Il formaggio ha un aroma di burro fuso.
data/images_flat/2018-2019_Trentingrana__2019-03-13__P6a_330_fetta.bmp,Aroma,Aroma medio intenso.,Il formaggio ha un aroma medio intenso.
data/images_flat/2018-2019_Trentingrana__2019-03-13__P6a_330_fetta.bmp,Aroma,"Aroma di burro fuso, formaggio cotto e crosta di formaggio con nota fruttata.","Il formaggio ha un aroma di burro fuso, formaggio cotto e crosta di formaggio con nota fruttata."
data/images_flat/2018-2019_Trentingrana__2019-03-13__P6a_330_fetta.bmp,Aroma,Aroma di burro e brodo.,Il formaggio ha un aroma di burro e brodo.
data/images_flat/2018-2019_Trentingrana__2019-03-13__P6a_330_fetta.bmp,Aroma,Aroma con sentori lattici.,Il formaggio ha un aroma con sentori lattici.
data/images_flat/2018-2019_Trentingrana__2019-03-13__P5b_319_grana.bmp,Aroma,Aroma di panna.,Il formaggio ha un aroma di panna.
data/images_flat/2018-2019_Trentingrana__2019-03-13__P5b_319_grana.bmp,Aroma,"Aroma neutro, senza persistenza.","Il formaggio ha un aroma neutro, senza persistenza."
data/images_flat/2018-2019_Trentingrana__2019-03-13__P5b_319_grana.bmp,Aroma,Aroma non tipico del grana.,Il formaggio ha un aroma non tipico del grana.
data/images_flat/2018-2019_Trentingrana__2019-03-13__P5b_319_grana.bmp,Aroma,Aroma molto leggero con note vegetali e lievemente fruttato.,Il formaggio ha un aroma molto leggero con note vegetali e lievemente fruttato.
data/images_flat/2018-2019_Trentingrana__2019-03-13__P5b_319_grana.bmp,Aroma,"Aroma poco caratteristico di burro cotto e latte cotto con note propioniche, di nostrano e fruttate.","Il formaggio ha un aroma poco caratteristico di burro cotto e latte cotto con note propioniche, di nostrano e fruttate."
data/images_flat/2018-2019_Trentingrana__2019-03-13__P5b_319_grana.bmp,Aroma,Aroma non tipico del grana.,Il formaggio ha un aroma non tipico del grana.
data/images_flat/2018-2019_Trentingrana__2019-03-13__P5b_319_grana.bmp,Aroma,Aroma lattico cotto.,Il formaggio ha un aroma lattico cotto.
data/images_flat/2018-2019_Trentingrana__2019-03-13__P4a_313_grana.bmp,Aroma,Aroma di panna.,Il formaggio ha un aroma di panna.
data/images_flat/2018-2019_Trentingrana__2019-03-13__P4a_313_grana.bmp,Aroma,Aroma di crosta.,Il formaggio ha un aroma di crosta.
data/images_flat/2018-2019_Trentingrana__2019-03-13__P4a_313_grana.bmp,Aroma,Aroma fermentato.,Il formaggio ha un aroma fermentato.
data/images_flat/2018-2019_Trentingrana__2019-03-13__P4a_313_grana.bmp,Aroma,Aroma poco tipico del grana.,Il formaggio ha un aroma poco tipico del grana.
data/images_flat/2018-2019_Trentingrana__2019-03-13__P4a_313_grana.bmp,Aroma,Aroma abbastanza intenso e caratteristico.,Il formaggio ha un aroma abbastanza intenso e caratteristico.
data/images_flat/2018-2019_Trentingrana__2019-03-13__P4a_313_grana.bmp,Aroma,"Aroma lattico con note di panna cotta, burro fuso e frutta, molto grasso.","Il formaggio ha un aroma lattico con note di panna cotta, burro fuso e frutta, molto grasso."
data/images_flat/2018-2019_Trentingrana__2019-03-13__P4a_313_grana.bmp,Aroma,Aroma tostato.,Il formaggio ha un aroma tostato.
data/images_flat/2018-2019_Trentingrana__2019-03-13__P4a_313_grana.bmp,Aroma,Aroma intenso e positivo.,Il formaggio ha un aroma intenso e positivo.
data/images_flat/2018-2019_Trentingrana__2019-03-13__P4a_313_grana.bmp,Aroma,Aroma lattico cotto.,Il formaggio ha un aroma lattico cotto.
data/images_flat/2018-2019_Trentingrana__2019-03-13__P1a_302_fetta.bmp,Aroma,Aroma di panna.,Il formaggio ha un aroma di panna.
data/images_flat/2018-2019_Trentingrana__2019-03-13__P1a_302_fetta.bmp,Aroma,Aroma stantio.,Il formaggio ha un aroma stantio.
data/images_flat/2018-2019_Trentingrana__2019-03-13__P1a_302_fetta.bmp,Aroma,Aroma di intensità discreta con note lattiche cotte.,Il formaggio ha un aroma di intensità discreta con note lattiche cotte.
data/images_flat/2018-2019_Trentingrana__2019-03-13__P1a_302_fetta.bmp,Aroma,"Aroma dominato da latte cotto, poco complesso, con lieve nota di tele bagnate e nota ossidata.","Il formaggio ha un aroma dominato da latte cotto, poco complesso, con lieve nota di tele bagnate e nota ossidata."
data/images_flat/2018-2019_Trentingrana__2019-03-13__P1a_302_fetta.bmp,Aroma,Aroma di formaggio stagionato.,Il formaggio ha un aroma di formaggio stagionato.
data/images_flat/2018-2019_Trentingrana__2019-03-13__P1a_302_fetta.bmp,Aroma,Aroma di latte acido leggermente presente.,Il formaggio ha un aroma di latte acido leggermente presente.
data/images_flat/2018-2019_Trentingrana__2019-03-13__P3a_307_grana.bmp,Aroma,Aroma di panna vegetale.,Il formaggio ha un aroma di panna vegetale.
data/images_flat/2018-2019_Trentingrana__2019-03-13__P3a_307_grana.bmp,Aroma,Aroma completamente neutro.,Il formaggio ha un aroma completamente neutro.
data/images_flat/2018-2019_Trentingrana__2019-03-13__P3a_307_grana.bmp,Aroma,Aroma piacevole ma poco tipico del grana.,Il formaggio ha un aroma piacevole ma poco tipico del grana.
data/images_flat/2018-2019_Trentingrana__2019-03-13__P3a_307_grana.bmp,Aroma,"Aroma leggero, non del tutto caratteristico.","Il formaggio ha un aroma leggero, non del tutto caratteristico."
data/images_flat/2018-2019_Trentingrana__2019-03-13__P3a_307_grana.bmp,Aroma,"Aroma di panna acida, panna fresca e burro fresco con sentori di formaggio fuso, poco caratteristico.","Il formaggio ha un aroma di panna acida, panna fresca e burro fresco con sentori di formaggio fuso, poco caratteristico."
data/images_flat/2018-2019_Trentingrana__2019-03-13__P3a_307_grana.bmp,Aroma,Aroma di grana e burro.,Il formaggio ha un aroma di grana e burro.
data/images_flat/2018-2019_Trentingrana__2019-03-13__P3a_307_grana.bmp,Aroma,Aroma con sentori lattici.,Il formaggio ha un aroma con sentori lattici.
data/images_flat/2018-2019_Trentingrana__2019-03-13__P1b_302_fetta.bmp,Aroma,Aroma di panna.,Il formaggio ha un aroma di panna.
data/images_flat/2018-2019_Trentingrana__2019-03-13__P1b_302_fetta.bmp,Aroma,Aroma stantio.,Il formaggio ha un aroma stantio.
data/images_flat/2018-2019_Trentingrana__2019-03-13__P1b_302_fetta.bmp,Aroma,Aroma di intensità discreta con note lattiche cotte.,Il formaggio ha un aroma di intensità discreta con note lattiche cotte.
data/images_flat/2018-2019_Trentingrana__2019-03-13__P1b_302_fetta.bmp,Aroma,"Aroma dominato da latte cotto, poco complesso, con lieve nota di tele bagnate e nota ossidata.","Il formaggio ha un aroma dominato da latte cotto, poco complesso, con lieve nota di tele bagnate e nota ossidata."
data/images_flat/2018-2019_Trentingrana__2019-03-13__P1b_302_fetta.bmp,Aroma,Aroma di formaggio stagionato.,Il formaggio ha un aroma di formaggio stagionato.
data/images_flat/2018-2019_Trentingrana__2019-03-13__P1b_302_fetta.bmp,Aroma,Aroma di latte acido leggermente presente.,Il formaggio ha un aroma di latte acido leggermente presente.
data/images_flat/2018-2019_Trentingrana__2019-03-13__P3b_307_grana.bmp,Aroma,Aroma di panna vegetale.,Il formaggio ha un aroma di panna vegetale.
data/images_flat/2018-2019_Trentingrana__2019-03-13__P3b_307_grana.bmp,Aroma,Aroma completamente neutro.,Il formaggio ha un aroma completamente neutro.
data/images_flat/2018-2019_Trentingrana__2019-03-13__P3b_307_grana.bmp,Aroma,Aroma piacevole ma poco tipico del grana.,Il formaggio ha un aroma piacevole ma poco tipico del grana.
data/images_flat/2018-2019_Trentingrana__2019-03-13__P3b_307_grana.bmp,Aroma,"Aroma leggero, non del tutto caratteristico.","Il formaggio ha un aroma leggero, non del tutto caratteristico."
data/images_flat/2018-2019_Trentingrana__2019-03-13__P3b_307_grana.bmp,Aroma,"Aroma di panna acida, panna fresca e burro fresco con sentori di formaggio fuso, poco caratteristico.","Il formaggio ha un aroma di panna acida, panna fresca e burro fresco con sentori di formaggio fuso, poco caratteristico."
data/images_flat/2018-2019_Trentingrana__2019-03-13__P3b_307_grana.bmp,Aroma,Aroma di grana e burro.,Il formaggio ha un aroma di grana e burro.
data/images_flat/2018-2019_Trentingrana__2019-03-13__P3b_307_grana.bmp,Aroma,Aroma con sentori lattici.,Il formaggio ha un aroma con sentori lattici.
data/images_flat/2018-2019_Trentingrana__2019-03-13__P4b_313_grana.bmp,Aroma,Aroma di panna.,Il formaggio ha un aroma di panna.
data/images_flat/2018-2019_Trentingrana__2019-03-13__P4b_313_grana.bmp,Aroma,Aroma di crosta.,Il formaggio ha un aroma di crosta.
data/images_flat/2018-2019_Trentingrana__2019-03-13__P4b_313_grana.bmp,Aroma,Aroma fermentato.,Il formaggio ha un aroma fermentato.
data/images_flat/2018-2019_Trentingrana__2019-03-13__P4b_313_grana.bmp,Aroma,Aroma poco tipico del grana.,Il formaggio ha un aroma poco tipico del grana.
data/images_flat/2018-2019_Trentingrana__2019-03-13__P4b_313_grana.bmp,Aroma,Aroma abbastanza intenso e caratteristico.,Il formaggio ha un aroma abbastanza intenso e caratteristico.
data/images_flat/2018-2019_Trentingrana__2019-03-13__P4b_313_grana.bmp,Aroma,"Aroma lattico con note di panna cotta, burro fuso e frutta, molto grasso.","Il formaggio ha un aroma lattico con note di panna cotta, burro fuso e frutta, molto grasso."
data/images_flat/2018-2019_Trentingrana__2019-03-13__P4b_313_grana.bmp,Aroma,Aroma tostato.,Il formaggio ha un aroma tostato.
data/images_flat/2018-2019_Trentingrana__2019-03-13__P4b_313_grana.bmp,Aroma,Aroma intenso e positivo.,Il formaggio ha un aroma intenso e positivo.
data/images_flat/2018-2019_Trentingrana__2019-03-13__P4b_313_grana.bmp,Aroma,Aroma lattico cotto.,Il formaggio ha un aroma lattico cotto.
data/images_flat/2018-2019_Trentingrana__2018-11-28__P6b_330_grana.bmp,Aroma,Aroma cotto.,Il formaggio ha un aroma cotto.
data/images_flat/2018-2019_Trentingrana__2018-11-28__P6b_330_grana.bmp,Aroma,"Aroma di brodo, fieno e animale.","Il formaggio ha un aroma di brodo, fieno e animale."
data/images_flat/2018-2019_Trentingrana__2018-11-28__P4b_319_fetta.bmp,Aroma,Aroma di cotto bruciato.,Il formaggio ha un aroma di cotto bruciato.
data/images_flat/2018-2019_Trentingrana__2018-11-28__P4b_319_fetta.bmp,Aroma,Aroma di emmental.,Il formaggio ha un aroma di emmental.
data/images_flat/2018-2019_Trentingrana__2018-11-28__P4b_319_fetta.bmp,Aroma,Aroma nostrano stagionato.,Il formaggio ha un aroma nostrano stagionato.
data/images_flat/2018-2019_Trentingrana__2018-11-28__P4b_319_fetta.bmp,Aroma,Aroma di cotti accentuati.,Il formaggio ha un aroma di cotti accentuati.
data/images_flat/2018-2019_Trentingrana__2018-11-28__P4b_319_fetta.bmp,Aroma,Aroma positivo.,Il formaggio ha un aroma positivo.
data/images_flat/2018-2019_Trentingrana__2018-11-28__P4a_319_fetta.bmp,Aroma,Aroma di cotto bruciato.,Il formaggio ha un aroma di cotto bruciato.
data/images_flat/2018-2019_Trentingrana__2018-11-28__P4a_319_fetta.bmp,Aroma,Aroma di emmental.,Il formaggio ha un aroma di emmental.
data/images_flat/2018-2019_Trentingrana__2018-11-28__P4a_319_fetta.bmp,Aroma,Aroma nostrano stagionato.,Il formaggio ha un aroma nostrano stagionato.
data/images_flat/2018-2019_Trentingrana__2018-11-28__P4a_319_fetta.bmp,Aroma,Aroma di cotti accentuati.,Il formaggio ha un aroma di cotti accentuati.
data/images_flat/2018-2019_Trentingrana__2018-11-28__P4a_319_fetta.bmp,Aroma,Aroma positivo.,Il formaggio ha un aroma positivo.
data/images_flat/2018-2019_Trentingrana__2018-11-28__P6a_330_grana.bmp,Aroma,Aroma cotto.,Il formaggio ha un aroma cotto.
data/images_flat/2018-2019_Trentingrana__2018-11-28__P6a_330_grana.bmp,Aroma,"Aroma di brodo, fieno e animale.","Il formaggio ha un aroma di brodo, fieno e animale."
data/images_flat/2018-2019_Trentingrana__2018-11-28__P1a_302_grana.bmp,Aroma,Aroma cotto.,Il formaggio ha un aroma cotto.
data/images_flat/2018-2019_Trentingrana__2018-11-28__P1a_302_grana.bmp,Aroma,Aroma di brodo di carne.,Il formaggio ha un aroma di brodo di carne.
data/images_flat/2018-2019_Trentingrana__2018-11-28__P3a_311_grana.bmp,Aroma,Aroma di panna.,Il formaggio ha un aroma di panna.
data/images_flat/2018-2019_Trentingrana__2018-11-28__P3a_311_grana.bmp,Aroma,Aroma di brodo animale e fieno vecchio.,Il formaggio ha un aroma di brodo animale e fieno vecchio.
data/images_flat/2018-2019_Trentingrana__2018-11-28__P3a_311_grana.bmp,Aroma,Aroma di tostato e biscotto.,Il formaggio ha un aroma di tostato e biscotto.
data/images_flat/2018-2019_Trentingrana__2018-11-28__P5b_326_fetta.bmp,Aroma,Aroma di latte.,Il formaggio ha un aroma di latte.
data/images_flat/2018-2019_Trentingrana__2018-11-28__P5b_326_fetta.bmp,Aroma,Aroma di burro.,Il formaggio ha un aroma di burro.
data/images_flat/2018-2019_Trentingrana__2018-11-28__P5b_326_fetta.bmp,Aroma,Aroma tostato e animale con note di crosta di grana.,Il formaggio ha un aroma tostato e animale con note di crosta di grana.
data/images_flat/2018-2019_Trentingrana__2018-11-28__P2b_305_grana.bmp,Aroma,Aroma di panna.,Il formaggio ha un aroma di panna.
data/images_flat/2018-2019_Trentingrana__2018-11-28__P2b_305_grana.bmp,Aroma,Aroma di formaggio cotto.,Il formaggio ha un aroma di formaggio cotto.
data/images_flat/2018-2019_Trentingrana__2018-11-28__P5a_326_fetta.bmp,Aroma,Aroma di latte.,Il formaggio ha un aroma di latte.
data/images_flat/2018-2019_Trentingrana__2018-11-28__P5a_326_fetta.bmp,Aroma,Aroma di burro.,Il formaggio ha un aroma di burro.
data/images_flat/2018-2019_Trentingrana__2018-11-28__P5a_326_fetta.bmp,Aroma,Aroma tostato e animale con note di crosta di grana.,Il formaggio ha un aroma tostato e animale con note di crosta di grana.
data/images_flat/2018-2019_Trentingrana__2018-11-28__P3b_311_grana.bmp,Aroma,Aroma di panna.,Il formaggio ha un aroma di panna.
data/images_flat/2018-2019_Trentingrana__2018-11-28__P3b_311_grana.bmp,Aroma,Aroma di brodo animale e fieno vecchio.,Il formaggio ha un aroma di brodo animale e fieno vecchio.
data/images_flat/2018-2019_Trentingrana__2018-11-28__P3b_311_grana.bmp,Aroma,Aroma di tostato e biscotto.,Il formaggio ha un aroma di tostato e biscotto.
data/images_flat/2018-2019_Trentingrana__2018-11-28__P2a_305_grana.bmp,Aroma,Aroma di panna.,Il formaggio ha un aroma di panna.
data/images_flat/2018-2019_Trentingrana__2018-11-28__P2a_305_grana.bmp,Aroma,Aroma di formaggio cotto.,Il formaggio ha un aroma di formaggio cotto.
data/images_flat/2018-2019_Trentingrana__2018-11-28__P1b_302_grana.bmp,Aroma,Aroma cotto.,Il formaggio ha un aroma cotto.
data/images_flat/2018-2019_Trentingrana__2018-11-28__P1b_302_grana.bmp,Aroma,Aroma di brodo di carne.,Il formaggio ha un aroma di brodo di carne.
data/images_flat/2018-2019_Trentingrana__2018-11-28__P4b_319_grana.bmp,Aroma,Aroma di cotto bruciato.,Il formaggio ha un aroma di cotto bruciato.
data/images_flat/2018-2019_Trentingrana__2018-11-28__P4b_319_grana.bmp,Aroma,Aroma di emmental.,Il formaggio ha un aroma di emmental.
data/images_flat/2018-2019_Trentingrana__2018-11-28__P4b_319_grana.bmp,Aroma,Aroma nostrano stagionato.,Il formaggio ha un aroma nostrano stagionato.
data/images_flat/2018-2019_Trentingrana__2018-11-28__P4b_319_grana.bmp,Aroma,Aroma di cotti accentuati.,Il formaggio ha un aroma di cotti accentuati.
data/images_flat/2018-2019_Trentingrana__2018-11-28__P4b_319_grana.bmp,Aroma,Aroma positivo.,Il formaggio ha un aroma positivo.
data/images_flat/2018-2019_Trentingrana__2018-11-28__P6b_330_fetta.bmp,Aroma,Aroma cotto.,Il formaggio ha un aroma cotto.
data/images_flat/2018-2019_Trentingrana__2018-11-28__P6b_330_fetta.bmp,Aroma,"Aroma di brodo, fieno e animale.","Il formaggio ha un aroma di brodo, fieno e animale."
data/images_flat/2018-2019_Trentingrana__2018-11-28__P6a_330_fetta.bmp,Aroma,Aroma cotto.,Il formaggio ha un aroma cotto.
data/images_flat/2018-2019_Trentingrana__2018-11-28__P6a_330_fetta.bmp,Aroma,"Aroma di brodo, fieno e animale.","Il formaggio ha un aroma di brodo, fieno e animale."
data/images_flat/2018-2019_Trentingrana__2018-11-28__P4a_319_grana.bmp,Aroma,Aroma di cotto bruciato.,Il formaggio ha un aroma di cotto bruciato.
data/images_flat/2018-2019_Trentingrana__2018-11-28__P4a_319_grana.bmp,Aroma,Aroma di emmental.,Il formaggio ha un aroma di emmental.
data/images_flat/2018-2019_Trentingrana__2018-11-28__P4a_319_grana.bmp,Aroma,Aroma nostrano stagionato.,Il formaggio ha un aroma nostrano stagionato.
data/images_flat/2018-2019_Trentingrana__2018-11-28__P4a_319_grana.bmp,Aroma,Aroma di cotti accentuati.,Il formaggio ha un aroma di cotti accentuati.
data/images_flat/2018-2019_Trentingrana__2018-11-28__P4a_319_grana.bmp,Aroma,Aroma positivo.,Il formaggio ha un aroma positivo.
data/images_flat/2018-2019_Trentingrana__2018-11-28__P2b_305_fetta.bmp,Aroma,Aroma di panna.,Il formaggio ha un aroma di panna.
data/images_flat/2018-2019_Trentingrana__2018-11-28__P2b_305_fetta.bmp,Aroma,Aroma di formaggio cotto.,Il formaggio ha un aroma di formaggio cotto.
data/images_flat/2018-2019_Trentingrana__2018-11-28__P5b_326_grana.bmp,Aroma,Aroma di latte.,Il formaggio ha un aroma di latte.
data/images_flat/2018-2019_Trentingrana__2018-11-28__P5b_326_grana.bmp,Aroma,Aroma di burro.,Il formaggio ha un aroma di burro.
data/images_flat/2018-2019_Trentingrana__2018-11-28__P5b_326_grana.bmp,Aroma,Aroma tostato e animale con note di crosta di grana.,Il formaggio ha un aroma tostato e animale con note di crosta di grana.
data/images_flat/2018-2019_Trentingrana__2018-11-28__P3a_311_fetta.bmp,Aroma,Aroma di panna.,Il formaggio ha un aroma di panna.
data/images_flat/2018-2019_Trentingrana__2018-11-28__P3a_311_fetta.bmp,Aroma,Aroma di brodo animale e fieno vecchio.,Il formaggio ha un aroma di brodo animale e fieno vecchio.
data/images_flat/2018-2019_Trentingrana__2018-11-28__P3a_311_fetta.bmp,Aroma,Aroma di tostato e biscotto.,Il formaggio ha un aroma di tostato e biscotto.
data/images_flat/2018-2019_Trentingrana__2018-11-28__P1a_302_fetta.bmp,Aroma,Aroma cotto.,Il formaggio ha un aroma cotto.
data/images_flat/2018-2019_Trentingrana__2018-11-28__P1a_302_fetta.bmp,Aroma,Aroma di brodo di carne.,Il formaggio ha un aroma di brodo di carne.
data/images_flat/2018-2019_Trentingrana__2018-11-28__P1b_302_fetta.bmp,Aroma,Aroma cotto.,Il formaggio ha un aroma cotto.
data/images_flat/2018-2019_Trentingrana__2018-11-28__P1b_302_fetta.bmp,Aroma,Aroma di brodo di carne.,Il formaggio ha un aroma di brodo di carne.
data/images_flat/2018-2019_Trentingrana__2018-11-28__P2a_305_fetta.bmp,Aroma,Aroma di panna.,Il formaggio ha un aroma di panna.
data/images_flat/2018-2019_Trentingrana__2018-11-28__P2a_305_fetta.bmp,Aroma,Aroma di formaggio cotto.,Il formaggio ha un aroma di formaggio cotto.
data/images_flat/2018-2019_Trentingrana__2018-11-28__P3b_311_fetta.bmp,Aroma,Aroma di panna.,Il formaggio ha un aroma di panna.
data/images_flat/2018-2019_Trentingrana__2018-11-28__P3b_311_fetta.bmp,Aroma,Aroma di brodo animale e fieno vecchio.,Il formaggio ha un aroma di brodo animale e fieno vecchio.
data/images_flat/2018-2019_Trentingrana__2018-11-28__P3b_311_fetta.bmp,Aroma,Aroma di tostato e biscotto.,Il formaggio ha un aroma di tostato e biscotto.
data/images_flat/2018-2019_Trentingrana__2018-11-28__P5a_326_grana.bmp,Aroma,Aroma di latte.,Il formaggio ha un aroma di latte.
data/images_flat/2018-2019_Trentingrana__2018-11-28__P5a_326_grana.bmp,Aroma,Aroma di burro.,Il formaggio ha un aroma di burro.
data/images_flat/2018-2019_Trentingrana__2018-11-28__P5a_326_grana.bmp,Aroma,Aroma tostato e animale con note di crosta di grana.,Il formaggio ha un aroma tostato e animale con note di crosta di grana.
data/images_flat/2018-2019_Trentingrana__2018-10-10__P6b_330_grana.bmp,Aroma,"Aroma non tipico del trentingrana con note di medicina, farmaco e cuoio.","Il formaggio ha un aroma non tipico del trentingrana con note di medicina, farmaco e cuoio."
data/images_flat/2018-2019_Trentingrana__2018-10-10__P6b_330_grana.bmp,Aroma,Aroma di stalla.,Il formaggio ha un aroma di stalla.
data/images_flat/2018-2019_Trentingrana__2018-10-10__P6b_330_grana.bmp,Aroma,Aroma stantio.,Il formaggio ha un aroma stantio.
data/images_flat/2018-2019_Trentingrana__2018-10-10__P6b_330_grana.bmp,Aroma,Aroma di brodo e stalla.,Il formaggio ha un aroma di brodo e stalla.
data/images_flat/2018-2019_Trentingrana__2018-10-10__P6b_330_grana.bmp,Aroma,"Aroma tostato e di nocciola con note vegetali e lattiche cotte, poco presente.","Il formaggio ha un aroma tostato e di nocciola con note vegetali e lattiche cotte, poco presente."
data/images_flat/2018-2019_Trentingrana__2018-10-10__P6b_330_grana.bmp,Aroma,"Aroma deciso con note animali, di crosta di grana, muffa e sentori di stantio in alcune zone.","Il formaggio ha un aroma deciso con note animali, di crosta di grana, muffa e sentori di stantio in alcune zone."
data/images_flat/2018-2019_Trentingrana__2018-10-10__P6b_330_grana.bmp,Aroma,"Aroma di cotto, crosta e cuoio.","Il formaggio ha un aroma di cotto, crosta e cuoio."
data/images_flat/2018-2019_Trentingrana__2018-10-10__P3a_310_grana.bmp,Aroma,"Aroma con nota estranea al trentingrana, meno evidente al naso.","Il formaggio ha un aroma con nota estranea al trentingrana, meno evidente al naso."
data/images_flat/2018-2019_Trentingrana__2018-10-10__P3a_310_grana.bmp,Aroma,Aroma di burro e pane tostato.,Il formaggio ha un aroma di burro e pane tostato.
data/images_flat/2018-2019_Trentingrana__2018-10-10__P3a_310_grana.bmp,Aroma,Aroma lattico acidulo.,Il formaggio ha un aroma lattico acidulo.
data/images_flat/2018-2019_Trentingrana__2018-10-10__P3a_310_grana.bmp,Aroma,"Aroma con nota fruttata di ananas, abbastanza intensa.","Il formaggio ha un aroma con nota fruttata di ananas, abbastanza intensa."
data/images_flat/2018-2019_Trentingrana__2018-10-10__P3a_310_grana.bmp,Aroma,Aroma animale e marcio.,Il formaggio ha un aroma animale e marcio.
data/images_flat/2018-2019_Trentingrana__2018-10-10__P5a_319_fetta.bmp,Aroma,Aroma equilibrato ma non molto caratteristico.,Il formaggio ha un aroma equilibrato ma non molto caratteristico.
data/images_flat/2018-2019_Trentingrana__2018-10-10__P5a_319_fetta.bmp,Aroma,Aroma di burro e mela.,Il formaggio ha un aroma di burro e mela.
data/images_flat/2018-2019_Trentingrana__2018-10-10__P5a_319_fetta.bmp,Aroma,Aroma cotto.,Il formaggio ha un aroma cotto.
data/images_flat/2018-2019_Trentingrana__2018-10-10__P5a_319_fetta.bmp,Aroma,Aroma strano non piacevole.,Il formaggio ha un aroma strano non piacevole.
data/images_flat/2018-2019_Trentingrana__2018-10-10__P5a_319_fetta.bmp,Aroma,"Aroma con note di erbe amare, sentore tostato deciso e nota animale.","Il formaggio ha un aroma con note di erbe amare, sentore tostato deciso e nota animale."
data/images_flat/2018-2019_Trentingrana__2018-10-10__P5a_319_fetta.bmp,Aroma,Aroma con note di frutta e brodo.,Il formaggio ha un aroma con note di frutta e brodo.
data/images_flat/2018-2019_Trentingrana__2018-10-10__P5b_319_fetta.bmp,Aroma,Aroma equilibrato ma non molto caratteristico.,Il formaggio ha un aroma equilibrato ma non molto caratteristico.
data/images_flat/2018-2019_Trentingrana__2018-10-10__P5b_319_fetta.bmp,Aroma,Aroma di burro e mela.,Il formaggio ha un aroma di burro e mela.
data/images_flat/2018-2019_Trentingrana__2018-10-10__P5b_319_fetta.bmp,Aroma,Aroma cotto.,Il formaggio ha un aroma cotto.
data/images_flat/2018-2019_Trentingrana__2018-10-10__P5b_319_fetta.bmp,Aroma,Aroma strano non piacevole.,Il formaggio ha un aroma strano non piacevole.
data/images_flat/2018-2019_Trentingrana__2018-10-10__P5b_319_fetta.bmp,Aroma,"Aroma con note di erbe amare, sentore tostato deciso e nota animale.","Il formaggio ha un aroma con note di erbe amare, sentore tostato deciso e nota animale."
data/images_flat/2018-2019_Trentingrana__2018-10-10__P5b_319_fetta.bmp,Aroma,Aroma con note di frutta e brodo.,Il formaggio ha un aroma con note di frutta e brodo.
data/images_flat/2018-2019_Trentingrana__2018-10-10__P3b_310_grana.bmp,Aroma,"Aroma con nota estranea al trentingrana, meno evidente al naso.","Il formaggio ha un aroma con nota estranea al trentingrana, meno evidente al naso."
data/images_flat/2018-2019_Trentingrana__2018-10-10__P3b_310_grana.bmp,Aroma,Aroma di burro e pane tostato.,Il formaggio ha un aroma di burro e pane tostato.
data/images_flat/2018-2019_Trentingrana__2018-10-10__P3b_310_grana.bmp,Aroma,Aroma lattico acidulo.,Il formaggio ha un aroma lattico acidulo.
data/images_flat/2018-2019_Trentingrana__2018-10-10__P3b_310_grana.bmp,Aroma,"Aroma con nota fruttata di ananas, abbastanza intensa.","Il formaggio ha un aroma con nota fruttata di ananas, abbastanza intensa."
data/images_flat/2018-2019_Trentingrana__2018-10-10__P3b_310_grana.bmp,Aroma,Aroma animale e marcio.,Il formaggio ha un aroma animale e marcio.
data/images_flat/2018-2019_Trentingrana__2018-10-10__P6a_330_grana.bmp,Aroma,"Aroma non tipico del trentingrana con note di medicina, farmaco e cuoio.","Il formaggio ha un aroma non tipico del trentingrana con note di medicina, farmaco e cuoio."
data/images_flat/2018-2019_Trentingrana__2018-10-10__P6a_330_grana.bmp,Aroma,Aroma di stalla.,Il formaggio ha un aroma di stalla.
data/images_flat/2018-2019_Trentingrana__2018-10-10__P6a_330_grana.bmp,Aroma,Aroma stantio.,Il formaggio ha un aroma stantio.
data/images_flat/2018-2019_Trentingrana__2018-10-10__P6a_330_grana.bmp,Aroma,Aroma di brodo e stalla.,Il formaggio ha un aroma di brodo e stalla.
data/images_flat/2018-2019_Trentingrana__2018-10-10__P6a_330_grana.bmp,Aroma,"Aroma tostato e di nocciola con note vegetali e lattiche cotte, poco presente.","Il formaggio ha un aroma tostato e di nocciola con note vegetali e lattiche cotte, poco presente."
data/images_flat/2018-2019_Trentingrana__2018-10-10__P6a_330_grana.bmp,Aroma,"Aroma deciso con note animali, di crosta di grana, muffa e sentori di stantio in alcune zone.","Il formaggio ha un aroma deciso con note animali, di crosta di grana, muffa e sentori di stantio in alcune zone."
data/images_flat/2018-2019_Trentingrana__2018-10-10__P6a_330_grana.bmp,Aroma,"Aroma di cotto, crosta e cuoio.","Il formaggio ha un aroma di cotto, crosta e cuoio."
data/images_flat/2018-2019_Trentingrana__2018-10-10__P2b_307_fetta.bmp,Aroma,"Aroma di latte cotto e burro cotto, non particolarmente complesso, con note di latte UHT.","Il formaggio ha un aroma di latte cotto e burro cotto, non particolarmente complesso, con note di latte UHT."
data/images_flat/2018-2019_Trentingrana__2018-10-10__P2b_307_fetta.bmp,Aroma,Aroma di burro.,Il formaggio ha un aroma di burro.
data/images_flat/2018-2019_Trentingrana__2018-10-10__P2b_307_fetta.bmp,Aroma,Aroma di panna con sentore nostrano.,Il formaggio ha un aroma di panna con sentore nostrano.
data/images_flat/2018-2019_Trentingrana__2018-10-10__P2b_307_fetta.bmp,Aroma,Aroma di burro e brodo.,Il formaggio ha un aroma di burro e brodo.
data/images_flat/2018-2019_Trentingrana__2018-10-10__P2b_307_fetta.bmp,Aroma,Aroma di stalla.,Il formaggio ha un aroma di stalla.
data/images_flat/2018-2019_Trentingrana__2018-10-10__P2b_307_fetta.bmp,Aroma,Aroma di burro e panna con note di brodo.,Il formaggio ha un aroma di burro e panna con note di brodo.
data/images_flat/2018-2019_Trentingrana__2018-10-10__P1a_302_grana.bmp,Aroma,"Aroma di latte cotto e brodo, abbastanza equilibrato.","Il formaggio ha un aroma di latte cotto e brodo, abbastanza equilibrato."
data/images_flat/2018-2019_Trentingrana__2018-10-10__P1a_302_grana.bmp,Aroma,Aroma floreale e di burro.,Il formaggio ha un aroma floreale e di burro.
data/images_flat/2018-2019_Trentingrana__2018-10-10__P1a_302_grana.bmp,Aroma,Aroma di panna.,Il formaggio ha un aroma di panna.
data/images_flat/2018-2019_Trentingrana__2018-10-10__P1a_302_grana.bmp,Aroma,"Aroma non tipico del grana, ricorda un altro formaggio.","Il formaggio ha un aroma non tipico del grana, ricorda un altro formaggio."
data/images_flat/2018-2019_Trentingrana__2018-10-10__P1a_302_grana.bmp,Aroma,Aroma con buona intensità.,Il formaggio ha un aroma con buona intensità.
data/images_flat/2018-2019_Trentingrana__2018-10-10__P1a_302_grana.bmp,Aroma,Aroma di brodo animale.,Il formaggio ha un aroma di brodo animale.
data/images_flat/2018-2019_Trentingrana__2018-10-10__P1a_302_grana.bmp,Aroma,Aroma leggermente erbaceo e fruttato.,Il formaggio ha un aroma leggermente erbaceo e fruttato.
data/images_flat/2018-2019_Trentingrana__2018-10-10__P4a_313_fetta.bmp,Aroma,Aroma di brodo marcato ma complessivamente abbastanza equilibrato.,Il formaggio ha un aroma di brodo marcato ma complessivamente abbastanza equilibrato.
data/images_flat/2018-2019_Trentingrana__2018-10-10__P4a_313_fetta.bmp,Aroma,Aroma di burro.,Il formaggio ha un aroma di burro.
data/images_flat/2018-2019_Trentingrana__2018-10-10__P4a_313_fetta.bmp,Aroma,Aroma di crosta.,Il formaggio ha un aroma di crosta.
data/images_flat/2018-2019_Trentingrana__2018-10-10__P4a_313_fetta.bmp,Aroma,Aroma di grana e burro.,Il formaggio ha un aroma di grana e burro.
data/images_flat/2018-2019_Trentingrana__2018-10-10__P4a_313_fetta.bmp,Aroma,Aroma con note di brodo e erba.,Il formaggio ha un aroma con note di brodo e erba.
data/images_flat/2018-2019_Trentingrana__2018-10-10__P4b_313_fetta.bmp,Aroma,Aroma di brodo marcato ma complessivamente abbastanza equilibrato.,Il formaggio ha un aroma di brodo marcato ma complessivamente abbastanza equilibrato.
data/images_flat/2018-2019_Trentingrana__2018-10-10__P4b_313_fetta.bmp,Aroma,Aroma di burro.,Il formaggio ha un aroma di burro.
data/images_flat/2018-2019_Trentingrana__2018-10-10__P4b_313_fetta.bmp,Aroma,Aroma di crosta.,Il formaggio ha un aroma di crosta.
data/images_flat/2018-2019_Trentingrana__2018-10-10__P4b_313_fetta.bmp,Aroma,Aroma di grana e burro.,Il formaggio ha un aroma di grana e burro.
data/images_flat/2018-2019_Trentingrana__2018-10-10__P4b_313_fetta.bmp,Aroma,Aroma con note di brodo e erba.,Il formaggio ha un aroma con note di brodo e erba.
data/images_flat/2018-2019_Trentingrana__2018-10-10__P1b_302_grana.bmp,Aroma,"Aroma di latte cotto e brodo, abbastanza equilibrato.","Il formaggio ha un aroma di latte cotto e brodo, abbastanza equilibrato."
data/images_flat/2018-2019_Trentingrana__2018-10-10__P1b_302_grana.bmp,Aroma,Aroma floreale e di burro.,Il formaggio ha un aroma floreale e di burro.
data/images_flat/2018-2019_Trentingrana__2018-10-10__P1b_302_grana.bmp,Aroma,Aroma di panna.,Il formaggio ha un aroma di panna.
data/images_flat/2018-2019_Trentingrana__2018-10-10__P1b_302_grana.bmp,Aroma,"Aroma non tipico del grana, ricorda un altro formaggio.","Il formaggio ha un aroma non tipico del grana, ricorda un altro formaggio."
data/images_flat/2018-2019_Trentingrana__2018-10-10__P1b_302_grana.bmp,Aroma,Aroma con buona intensità.,Il formaggio ha un aroma con buona intensità.
data/images_flat/2018-2019_Trentingrana__2018-10-10__P1b_302_grana.bmp,Aroma,Aroma di brodo animale.,Il formaggio ha un aroma di brodo animale.
data/images_flat/2018-2019_Trentingrana__2018-10-10__P1b_302_grana.bmp,Aroma,Aroma leggermente erbaceo e fruttato.,Il formaggio ha un aroma leggermente erbaceo e fruttato.
data/images_flat/2018-2019_Trentingrana__2018-10-10__P2a_307_fetta.bmp,Aroma,"Aroma di latte cotto e burro cotto, non particolarmente complesso, con note di latte UHT.","Il formaggio ha un aroma di latte cotto e burro cotto, non particolarmente complesso, con note di latte UHT."
data/images_flat/2018-2019_Trentingrana__2018-10-10__P2a_307_fetta.bmp,Aroma,Aroma di burro.,Il formaggio ha un aroma di burro.
data/images_flat/2018-2019_Trentingrana__2018-10-10__P2a_307_fetta.bmp,Aroma,Aroma di panna con sentore nostrano.,Il formaggio ha un aroma di panna con sentore nostrano.
data/images_flat/2018-2019_Trentingrana__2018-10-10__P2a_307_fetta.bmp,Aroma,Aroma di burro e brodo.,Il formaggio ha un aroma di burro e brodo.
data/images_flat/2018-2019_Trentingrana__2018-10-10__P2a_307_fetta.bmp,Aroma,Aroma di stalla.,Il formaggio ha un aroma di stalla.
data/images_flat/2018-2019_Trentingrana__2018-10-10__P2a_307_fetta.bmp,Aroma,Aroma di burro e panna con note di brodo.,Il formaggio ha un aroma di burro e panna con note di brodo.
data/images_flat/2018-2019_Trentingrana__2018-10-10__P5a_319_grana.bmp,Aroma,Aroma equilibrato ma non molto caratteristico.,Il formaggio ha un aroma equilibrato ma non molto caratteristico.
data/images_flat/2018-2019_Trentingrana__2018-10-10__P5a_319_grana.bmp,Aroma,Aroma di burro e mela.,Il formaggio ha un aroma di burro e mela.
data/images_flat/2018-2019_Trentingrana__2018-10-10__P5a_319_grana.bmp,Aroma,Aroma cotto.,Il formaggio ha un aroma cotto.
data/images_flat/2018-2019_Trentingrana__2018-10-10__P5a_319_grana.bmp,Aroma,Aroma strano non piacevole.,Il formaggio ha un aroma strano non piacevole.
data/images_flat/2018-2019_Trentingrana__2018-10-10__P5a_319_grana.bmp,Aroma,"Aroma con note di erbe amare, sentore tostato deciso e nota animale.","Il formaggio ha un aroma con note di erbe amare, sentore tostato deciso e nota animale."
data/images_flat/2018-2019_Trentingrana__2018-10-10__P5a_319_grana.bmp,Aroma,Aroma con note di frutta e brodo.,Il formaggio ha un aroma con note di frutta e brodo.
data/images_flat/2018-2019_Trentingrana__2018-10-10__P3a_310_fetta.bmp,Aroma,"Aroma con nota estranea al trentingrana, meno evidente al naso.","Il formaggio ha un aroma con nota estranea al trentingrana, meno evidente al naso."
data/images_flat/2018-2019_Trentingrana__2018-10-10__P3a_310_fetta.bmp,Aroma,Aroma di burro e pane tostato.,Il formaggio ha un aroma di burro e pane tostato.
data/images_flat/2018-2019_Trentingrana__2018-10-10__P3a_310_fetta.bmp,Aroma,Aroma lattico acidulo.,Il formaggio ha un aroma lattico acidulo.
data/images_flat/2018-2019_Trentingrana__2018-10-10__P3a_310_fetta.bmp,Aroma,"Aroma con nota fruttata di ananas, abbastanza intensa.","Il formaggio ha un aroma con nota fruttata di ananas, abbastanza intensa."
data/images_flat/2018-2019_Trentingrana__2018-10-10__P3a_310_fetta.bmp,Aroma,Aroma animale e marcio.,Il formaggio ha un aroma animale e marcio.
data/images_flat/2018-2019_Trentingrana__2018-10-10__P6b_330_fetta.bmp,Aroma,"Aroma non tipico del trentingrana con note di medicina, farmaco e cuoio.","Il formaggio ha un aroma non tipico del trentingrana con note di medicina, farmaco e cuoio."
data/images_flat/2018-2019_Trentingrana__2018-10-10__P6b_330_fetta.bmp,Aroma,Aroma di stalla.,Il formaggio ha un aroma di stalla.
data/images_flat/2018-2019_Trentingrana__2018-10-10__P6b_330_fetta.bmp,Aroma,Aroma stantio.,Il formaggio ha un aroma stantio.
data/images_flat/2018-2019_Trentingrana__2018-10-10__P6b_330_fetta.bmp,Aroma,Aroma di brodo e stalla.,Il formaggio ha un aroma di brodo e stalla.
data/images_flat/2018-2019_Trentingrana__2018-10-10__P6b_330_fetta.bmp,Aroma,"Aroma tostato e di nocciola con note vegetali e lattiche cotte, poco presente.","Il formaggio ha un aroma tostato e di nocciola con note vegetali e lattiche cotte, poco presente."
data/images_flat/2018-2019_Trentingrana__2018-10-10__P6b_330_fetta.bmp,Aroma,"Aroma deciso con note animali, di crosta di grana, muffa e sentori di stantio in alcune zone.","Il formaggio ha un aroma deciso con note animali, di crosta di grana, muffa e sentori di stantio in alcune zone."
data/images_flat/2018-2019_Trentingrana__2018-10-10__P6b_330_fetta.bmp,Aroma,"Aroma di cotto, crosta e cuoio.","Il formaggio ha un aroma di cotto, crosta e cuoio."
data/images_flat/2018-2019_Trentingrana__2018-10-10__P6a_330_fetta.bmp,Aroma,"Aroma non tipico del trentingrana con note di medicina, farmaco e cuoio.","Il formaggio ha un aroma non tipico del trentingrana con note di medicina, farmaco e cuoio."
data/images_flat/2018-2019_Trentingrana__2018-10-10__P6a_330_fetta.bmp,Aroma,Aroma di stalla.,Il formaggio ha un aroma di stalla.
data/images_flat/2018-2019_Trentingrana__2018-10-10__P6a_330_fetta.bmp,Aroma,Aroma stantio.,Il formaggio ha un aroma stantio.
data/images_flat/2018-2019_Trentingrana__2018-10-10__P6a_330_fetta.bmp,Aroma,Aroma di brodo e stalla.,Il formaggio ha un aroma di brodo e stalla.
data/images_flat/2018-2019_Trentingrana__2018-10-10__P6a_330_fetta.bmp,Aroma,"Aroma tostato e di nocciola con note vegetali e lattiche cotte, poco presente.","Il formaggio ha un aroma tostato e di nocciola con note vegetali e lattiche cotte, poco presente."
data/images_flat/2018-2019_Trentingrana__2018-10-10__P6a_330_fetta.bmp,Aroma,"Aroma deciso con note animali, di crosta di grana, muffa e sentori di stantio in alcune zone.","Il formaggio ha un aroma deciso con note animali, di crosta di grana, muffa e sentori di stantio in alcune zone."
data/images_flat/2018-2019_Trentingrana__2018-10-10__P6a_330_fetta.bmp,Aroma,"Aroma di cotto, crosta e cuoio.","Il formaggio ha un aroma di cotto, crosta e cuoio."
data/images_flat/2018-2019_Trentingrana__2018-10-10__P3b_310_fetta.bmp,Aroma,"Aroma con nota estranea al trentingrana, meno evidente al naso.","Il formaggio ha un aroma con nota estranea al trentingrana, meno evidente al naso."
data/images_flat/2018-2019_Trentingrana__2018-10-10__P3b_310_fetta.bmp,Aroma,Aroma di burro e pane tostato.,Il formaggio ha un aroma di burro e pane tostato.
data/images_flat/2018-2019_Trentingrana__2018-10-10__P3b_310_fetta.bmp,Aroma,Aroma lattico acidulo.,Il formaggio ha un aroma lattico acidulo.
data/images_flat/2018-2019_Trentingrana__2018-10-10__P3b_310_fetta.bmp,Aroma,"Aroma con nota fruttata di ananas, abbastanza intensa.","Il formaggio ha un aroma con nota fruttata di ananas, abbastanza intensa."
data/images_flat/2018-2019_Trentingrana__2018-10-10__P3b_310_fetta.bmp,Aroma,Aroma animale e marcio.,Il formaggio ha un aroma animale e marcio.
data/images_flat/2018-2019_Trentingrana__2018-10-10__P5b_319_grana.bmp,Aroma,Aroma equilibrato ma non molto caratteristico.,Il formaggio ha un aroma equilibrato ma non molto caratteristico.
data/images_flat/2018-2019_Trentingrana__2018-10-10__P5b_319_grana.bmp,Aroma,Aroma di burro e mela.,Il formaggio ha un aroma di burro e mela.
data/images_flat/2018-2019_Trentingrana__2018-10-10__P5b_319_grana.bmp,Aroma,Aroma cotto.,Il formaggio ha un aroma cotto.
data/images_flat/2018-2019_Trentingrana__2018-10-10__P5b_319_grana.bmp,Aroma,Aroma strano non piacevole.,Il formaggio ha un aroma strano non piacevole.
data/images_flat/2018-2019_Trentingrana__2018-10-10__P5b_319_grana.bmp,Aroma,"Aroma con note di erbe amare, sentore tostato deciso e nota animale.","Il formaggio ha un aroma con note di erbe amare, sentore tostato deciso e nota animale."
data/images_flat/2018-2019_Trentingrana__2018-10-10__P5b_319_grana.bmp,Aroma,Aroma con note di frutta e brodo.,Il formaggio ha un aroma con note di frutta e brodo.
data/images_flat/2018-2019_Trentingrana__2018-10-10__P4a_313_grana.bmp,Aroma,Aroma di brodo marcato ma complessivamente abbastanza equilibrato.,Il formaggio ha un aroma di brodo marcato ma complessivamente abbastanza equilibrato.
data/images_flat/2018-2019_Trentingrana__2018-10-10__P4a_313_grana.bmp,Aroma,Aroma di burro.,Il formaggio ha un aroma di burro.
data/images_flat/2018-2019_Trentingrana__2018-10-10__P4a_313_grana.bmp,Aroma,Aroma di crosta.,Il formaggio ha un aroma di crosta.
data/images_flat/2018-2019_Trentingrana__2018-10-10__P4a_313_grana.bmp,Aroma,Aroma di grana e burro.,Il formaggio ha un aroma di grana e burro.
data/images_flat/2018-2019_Trentingrana__2018-10-10__P4a_313_grana.bmp,Aroma,Aroma con note di brodo e erba.,Il formaggio ha un aroma con note di brodo e erba.
data/images_flat/2018-2019_Trentingrana__2018-10-10__P1a_302_fetta.bmp,Aroma,"Aroma di latte cotto e brodo, abbastanza equilibrato.","Il formaggio ha un aroma di latte cotto e brodo, abbastanza equilibrato."
data/images_flat/2018-2019_Trentingrana__2018-10-10__P1a_302_fetta.bmp,Aroma,Aroma floreale e di burro.,Il formaggio ha un aroma floreale e di burro.
data/images_flat/2018-2019_Trentingrana__2018-10-10__P1a_302_fetta.bmp,Aroma,Aroma di panna.,Il formaggio ha un aroma di panna.
data/images_flat/2018-2019_Trentingrana__2018-10-10__P1a_302_fetta.bmp,Aroma,"Aroma non tipico del grana, ricorda un altro formaggio.","Il formaggio ha un aroma non tipico del grana, ricorda un altro formaggio."
data/images_flat/2018-2019_Trentingrana__2018-10-10__P1a_302_fetta.bmp,Aroma,Aroma con buona intensità.,Il formaggio ha un aroma con buona intensità.
data/images_flat/2018-2019_Trentingrana__2018-10-10__P1a_302_fetta.bmp,Aroma,Aroma di brodo animale.,Il formaggio ha un aroma di brodo animale.
data/images_flat/2018-2019_Trentingrana__2018-10-10__P1a_302_fetta.bmp,Aroma,Aroma leggermente erbaceo e fruttato.,Il formaggio ha un aroma leggermente erbaceo e fruttato.
data/images_flat/2018-2019_Trentingrana__2018-10-10__P2b_307_grana.bmp,Aroma,"Aroma di latte cotto e burro cotto, non particolarmente complesso, con note di latte UHT.","Il formaggio ha un aroma di latte cotto e burro cotto, non particolarmente complesso, con note di latte UHT."
data/images_flat/2018-2019_Trentingrana__2018-10-10__P2b_307_grana.bmp,Aroma,Aroma di burro.,Il formaggio ha un aroma di burro.
data/images_flat/2018-2019_Trentingrana__2018-10-10__P2b_307_grana.bmp,Aroma,Aroma di panna con sentore nostrano.,Il formaggio ha un aroma di panna con sentore nostrano.
data/images_flat/2018-2019_Trentingrana__2018-10-10__P2b_307_grana.bmp,Aroma,Aroma di burro e brodo.,Il formaggio ha un aroma di burro e brodo.
data/images_flat/2018-2019_Trentingrana__2018-10-10__P2b_307_grana.bmp,Aroma,Aroma di stalla.,Il formaggio ha un aroma di stalla.
data/images_flat/2018-2019_Trentingrana__2018-10-10__P2b_307_grana.bmp,Aroma,Aroma di burro e panna con note di brodo.,Il formaggio ha un aroma di burro e panna con note di brodo.
data/images_flat/2018-2019_Trentingrana__2018-10-10__P2a_307_grana.bmp,Aroma,"Aroma di latte cotto e burro cotto, non particolarmente complesso, con note di latte UHT.","Il formaggio ha un aroma di latte cotto e burro cotto, non particolarmente complesso, con note di latte UHT."
data/images_flat/2018-2019_Trentingrana__2018-10-10__P2a_307_grana.bmp,Aroma,Aroma di burro.,Il formaggio ha un aroma di burro.
data/images_flat/2018-2019_Trentingrana__2018-10-10__P2a_307_grana.bmp,Aroma,Aroma di panna con sentore nostrano.,Il formaggio ha un aroma di panna con sentore nostrano.
data/images_flat/2018-2019_Trentingrana__2018-10-10__P2a_307_grana.bmp,Aroma,Aroma di burro e brodo.,Il formaggio ha un aroma di burro e brodo.
data/images_flat/2018-2019_Trentingrana__2018-10-10__P2a_307_grana.bmp,Aroma,Aroma di stalla.,Il formaggio ha un aroma di stalla.
data/images_flat/2018-2019_Trentingrana__2018-10-10__P2a_307_grana.bmp,Aroma,Aroma di burro e panna con note di brodo.,Il formaggio ha un aroma di burro e panna con note di brodo.
data/images_flat/2018-2019_Trentingrana__2018-10-10__P1b_302_fetta.bmp,Aroma,"Aroma di latte cotto e brodo, abbastanza equilibrato.","Il formaggio ha un aroma di latte cotto e brodo, abbastanza equilibrato."
data/images_flat/2018-2019_Trentingrana__2018-10-10__P1b_302_fetta.bmp,Aroma,Aroma floreale e di burro.,Il formaggio ha un aroma floreale e di burro.
data/images_flat/2018-2019_Trentingrana__2018-10-10__P1b_302_fetta.bmp,Aroma,Aroma di panna.,Il formaggio ha un aroma di panna.
data/images_flat/2018-2019_Trentingrana__2018-10-10__P1b_302_fetta.bmp,Aroma,"Aroma non tipico del grana, ricorda un altro formaggio.","Il formaggio ha un aroma non tipico del grana, ricorda un altro formaggio."
data/images_flat/2018-2019_Trentingrana__2018-10-10__P1b_302_fetta.bmp,Aroma,Aroma con buona intensità.,Il formaggio ha un aroma con buona intensità.
data/images_flat/2018-2019_Trentingrana__2018-10-10__P1b_302_fetta.bmp,Aroma,Aroma di brodo animale.,Il formaggio ha un aroma di brodo animale.
data/images_flat/2018-2019_Trentingrana__2018-10-10__P1b_302_fetta.bmp,Aroma,Aroma leggermente erbaceo e fruttato.,Il formaggio ha un aroma leggermente erbaceo e fruttato.
data/images_flat/2018-2019_Trentingrana__2018-10-10__P4b_313_grana.bmp,Aroma,Aroma di brodo marcato ma complessivamente abbastanza equilibrato.,Il formaggio ha un aroma di brodo marcato ma complessivamente abbastanza equilibrato.
data/images_flat/2018-2019_Trentingrana__2018-10-10__P4b_313_grana.bmp,Aroma,Aroma di burro.,Il formaggio ha un aroma di burro.
data/images_flat/2018-2019_Trentingrana__2018-10-10__P4b_313_grana.bmp,Aroma,Aroma di crosta.,Il formaggio ha un aroma di crosta.
data/images_flat/2018-2019_Trentingrana__2018-10-10__P4b_313_grana.bmp,Aroma,Aroma di grana e burro.,Il formaggio ha un aroma di grana e burro.
data/images_flat/2018-2019_Trentingrana__2018-10-10__P4b_313_grana.bmp,Aroma,Aroma con note di brodo e erba.,Il formaggio ha un aroma con note di brodo e erba.
data/images_flat/2018-2019_Trentingrana__2019-02-13__P6b_330_grana.bmp,Aroma,Aroma poco intenso.,Il formaggio ha un aroma poco intenso.
data/images_flat/2018-2019_Trentingrana__2019-02-13__P6b_330_grana.bmp,Aroma,Aroma acido.,Il formaggio ha un aroma acido.
data/images_flat/2018-2019_Trentingrana__2019-02-13__P6b_330_grana.bmp,Aroma,Aroma di crosta di formaggio e formaggio fuso.,Il formaggio ha un aroma di crosta di formaggio e formaggio fuso.
data/images_flat/2018-2019_Trentingrana__2019-02-13__P6b_330_grana.bmp,Aroma,Aroma ossidato e vecchio con un poco di stalla.,Il formaggio ha un aroma ossidato e vecchio con un poco di stalla.
data/images_flat/2018-2019_Trentingrana__2019-02-13__P6b_330_grana.bmp,Aroma,Aroma lattico cotto moderato.,Il formaggio ha un aroma lattico cotto moderato.
data/images_flat/2018-2019_Trentingrana__2019-02-13__P6b_330_grana.bmp,Aroma,Aroma tostato e lattico cotto.,Il formaggio ha un aroma tostato e lattico cotto.
data/images_flat/2018-2019_Trentingrana__2019-02-13__P5a_323_grana.bmp,Aroma,Aroma di stalla e frutta secca intensi con note fermentate.,Il formaggio ha un aroma di stalla e frutta secca intensi con note fermentate.
data/images_flat/2018-2019_Trentingrana__2019-02-13__P5a_323_grana.bmp,Aroma,Aroma di panna.,Il formaggio ha un aroma di panna.
data/images_flat/2018-2019_Trentingrana__2019-02-13__P5a_323_grana.bmp,Aroma,Aroma di crosta di formaggio.,Il formaggio ha un aroma di crosta di formaggio.
data/images_flat/2018-2019_Trentingrana__2019-02-13__P5a_323_grana.bmp,Aroma,"Aroma difettoso, non tipico del grana.","Il formaggio ha un aroma difettoso, non tipico del grana."
data/images_flat/2018-2019_Trentingrana__2019-02-13__P5a_323_grana.bmp,Aroma,Aroma cotto con note di crosta e ossidato.,Il formaggio ha un aroma cotto con note di crosta e ossidato.
data/images_flat/2018-2019_Trentingrana__2019-02-13__P5a_323_grana.bmp,Aroma,Aroma con note vegetali amare e lattici cotti.,Il formaggio ha un aroma con note vegetali amare e lattici cotti.
data/images_flat/2018-2019_Trentingrana__2019-02-13__P5a_323_grana.bmp,Aroma,Aroma con sentori lattici prevalenti.,Il formaggio ha un aroma con sentori lattici prevalenti.
data/images_flat/2018-2019_Trentingrana__2019-02-13__P5b_323_grana.bmp,Aroma,Aroma di stalla e frutta secca intensi con note fermentate.,Il formaggio ha un aroma di stalla e frutta secca intensi con note fermentate.
data/images_flat/2018-2019_Trentingrana__2019-02-13__P5b_323_grana.bmp,Aroma,Aroma di panna.,Il formaggio ha un aroma di panna.
data/images_flat/2018-2019_Trentingrana__2019-02-13__P5b_323_grana.bmp,Aroma,Aroma di crosta di formaggio.,Il formaggio ha un aroma di crosta di formaggio.
data/images_flat/2018-2019_Trentingrana__2019-02-13__P5b_323_grana.bmp,Aroma,"Aroma difettoso, non tipico del grana.","Il formaggio ha un aroma difettoso, non tipico del grana."
data/images_flat/2018-2019_Trentingrana__2019-02-13__P5b_323_grana.bmp,Aroma,Aroma cotto con note di crosta e ossidato.,Il formaggio ha un aroma cotto con note di crosta e ossidato.
data/images_flat/2018-2019_Trentingrana__2019-02-13__P5b_323_grana.bmp,Aroma,Aroma con note vegetali amare e lattici cotti.,Il formaggio ha un aroma con note vegetali amare e lattici cotti.
data/images_flat/2018-2019_Trentingrana__2019-02-13__P5b_323_grana.bmp,Aroma,Aroma con sentori lattici prevalenti.,Il formaggio ha un aroma con sentori lattici prevalenti.
data/images_flat/2018-2019_Trentingrana__2019-02-13__P6a_330_grana.bmp,Aroma,Aroma poco intenso.,Il formaggio ha un aroma poco intenso.
data/images_flat/2018-2019_Trentingrana__2019-02-13__P6a_330_grana.bmp,Aroma,Aroma acido.,Il formaggio ha un aroma acido.
data/images_flat/2018-2019_Trentingrana__2019-02-13__P6a_330_grana.bmp,Aroma,Aroma di crosta di formaggio e formaggio fuso.,Il formaggio ha un aroma di crosta di formaggio e formaggio fuso.
data/images_flat/2018-2019_Trentingrana__2019-02-13__P6a_330_grana.bmp,Aroma,Aroma ossidato e vecchio con un poco di stalla.,Il formaggio ha un aroma ossidato e vecchio con un poco di stalla.
data/images_flat/2018-2019_Trentingrana__2019-02-13__P6a_330_grana.bmp,Aroma,Aroma lattico cotto moderato.,Il formaggio ha un aroma lattico cotto moderato.
data/images_flat/2018-2019_Trentingrana__2019-02-13__P6a_330_grana.bmp,Aroma,Aroma tostato e lattico cotto.,Il formaggio ha un aroma tostato e lattico cotto.
data/images_flat/2018-2019_Trentingrana__2019-02-13__P4a_311_grana.bmp,Aroma,"Aroma di latte acidificato e yogurt, intensità alta.","Il formaggio ha un aroma di latte acidificato e yogurt, intensità alta."
data/images_flat/2018-2019_Trentingrana__2019-02-13__P4a_311_grana.bmp,Aroma,Aroma di latte.,Il formaggio ha un aroma di latte.
data/images_flat/2018-2019_Trentingrana__2019-02-13__P4a_311_grana.bmp,Aroma,Aroma neutro.,Il formaggio ha un aroma neutro.
data/images_flat/2018-2019_Trentingrana__2019-02-13__P4a_311_grana.bmp,Aroma,"Aroma con sentore di fermentato, non tipico del grana.","Il formaggio ha un aroma con sentore di fermentato, non tipico del grana."
data/images_flat/2018-2019_Trentingrana__2019-02-13__P4a_311_grana.bmp,Aroma,Aroma di brodo e formaggio cotto.,Il formaggio ha un aroma di brodo e formaggio cotto.
data/images_flat/2018-2019_Trentingrana__2019-02-13__P4a_311_grana.bmp,Aroma,Aroma di panna.,Il formaggio ha un aroma di panna.
data/images_flat/2018-2019_Trentingrana__2019-02-13__P4a_311_grana.bmp,Aroma,"Aroma di fermentato e lattico cotto, non fresco.","Il formaggio ha un aroma di fermentato e lattico cotto, non fresco."
data/images_flat/2018-2019_Trentingrana__2019-02-13__P3a_307_fetta.bmp,Aroma,Aroma di cotto e gorgonzola.,Il formaggio ha un aroma di cotto e gorgonzola.
data/images_flat/2018-2019_Trentingrana__2019-02-13__P3a_307_fetta.bmp,Aroma,Aroma di latte cotto e bruciato.,Il formaggio ha un aroma di latte cotto e bruciato.
data/images_flat/2018-2019_Trentingrana__2019-02-13__P3a_307_fetta.bmp,Aroma,"Aroma di formaggio cotto e crosta, non fastidioso.","Il formaggio ha un aroma di formaggio cotto e crosta, non fastidioso."
data/images_flat/2018-2019_Trentingrana__2019-02-13__P3a_307_fetta.bmp,Aroma,"Aroma con breve sentore animale iniziale, seguito da note di crosta di grana e lattici cotti.","Il formaggio ha un aroma con breve sentore animale iniziale, seguito da note di crosta di grana e lattici cotti."
data/images_flat/2018-2019_Trentingrana__2019-02-13__P3a_307_fetta.bmp,Aroma,Aroma di brodo di carne e lattico cotto.,Il formaggio ha un aroma di brodo di carne e lattico cotto.
data/images_flat/2018-2019_Trentingrana__2019-02-13__P1a_302_grana.bmp,Aroma,Aroma di frutta matura ad alta intensità.,Il formaggio ha un aroma di frutta matura ad alta intensità.
data/images_flat/2018-2019_Trentingrana__2019-02-13__P1a_302_grana.bmp,Aroma,"Aroma di latte e panna poco intenso, con leggerezza e sentore di muffa.","Il formaggio ha un aroma di latte e panna poco intenso, con leggerezza e sentore di muffa."
data/images_flat/2018-2019_Trentingrana__2019-02-13__P1a_302_grana.bmp,Aroma,Aroma di burro.,Il formaggio ha un aroma di burro.
data/images_flat/2018-2019_Trentingrana__2019-02-13__P1a_302_grana.bmp,Aroma,Aroma non tipico del grana.,Il formaggio ha un aroma non tipico del grana.
data/images_flat/2018-2019_Trentingrana__2019-02-13__P1a_302_grana.bmp,Aroma,Aroma di formaggio cotto abbastanza intenso.,Il formaggio ha un aroma di formaggio cotto abbastanza intenso.
data/images_flat/2018-2019_Trentingrana__2019-02-13__P1a_302_grana.bmp,Aroma,Aroma lattico cotto.,Il formaggio ha un aroma lattico cotto.
data/images_flat/2018-2019_Trentingrana__2019-02-13__P1a_302_grana.bmp,Aroma,Aroma principalmente lattico cotto.,Il formaggio ha un aroma principalmente lattico cotto.
data/images_flat/2018-2019_Trentingrana__2019-02-13__P2b_305_grana.bmp,Aroma,Aroma di frutta matura con intensità alta.,Il formaggio ha un aroma di frutta matura con intensità alta.
data/images_flat/2018-2019_Trentingrana__2019-02-13__P2b_305_grana.bmp,Aroma,"Aroma fermentato, non tipico del trentingrana.","Il formaggio ha un aroma fermentato, non tipico del trentingrana."
data/images_flat/2018-2019_Trentingrana__2019-02-13__P2b_305_grana.bmp,Aroma,Aroma di crosta di formaggio.,Il formaggio ha un aroma di crosta di formaggio.
data/images_flat/2018-2019_Trentingrana__2019-02-13__P2b_305_grana.bmp,Aroma,Aroma non tipico e nostrano.,Il formaggio ha un aroma non tipico e nostrano.
data/images_flat/2018-2019_Trentingrana__2019-02-13__P2b_305_grana.bmp,Aroma,Aroma di crosta e ossidato.,Il formaggio ha un aroma di crosta e ossidato.
data/images_flat/2018-2019_Trentingrana__2019-02-13__P2b_305_grana.bmp,Aroma,"Aroma di latte cotto, molto neutro.","Il formaggio ha un aroma di latte cotto, molto neutro."
data/images_flat/2018-2019_Trentingrana__2019-02-13__P2b_305_grana.bmp,Aroma,Aroma non tipico.,Il formaggio ha un aroma non tipico.
data/images_flat/2018-2019_Trentingrana__2019-02-13__P2b_305_grana.bmp,Aroma,Aroma principalmente di lattico cotto.,Il formaggio ha un aroma principalmente di lattico cotto.
data/images_flat/2018-2019_Trentingrana__2019-02-13__P2a_305_grana.bmp,Aroma,Aroma di frutta matura con intensità alta.,Il formaggio ha un aroma di frutta matura con intensità alta.
data/images_flat/2018-2019_Trentingrana__2019-02-13__P2a_305_grana.bmp,Aroma,"Aroma fermentato, non tipico del trentingrana.","Il formaggio ha un aroma fermentato, non tipico del trentingrana."
data/images_flat/2018-2019_Trentingrana__2019-02-13__P2a_305_grana.bmp,Aroma,Aroma di crosta di formaggio.,Il formaggio ha un aroma di crosta di formaggio.
data/images_flat/2018-2019_Trentingrana__2019-02-13__P2a_305_grana.bmp,Aroma,Aroma non tipico e nostrano.,Il formaggio ha un aroma non tipico e nostrano.
data/images_flat/2018-2019_Trentingrana__2019-02-13__P2a_305_grana.bmp,Aroma,Aroma di crosta e ossidato.,Il formaggio ha un aroma di crosta e ossidato.
data/images_flat/2018-2019_Trentingrana__2019-02-13__P2a_305_grana.bmp,Aroma,"Aroma di latte cotto, molto neutro.","Il formaggio ha un aroma di latte cotto, molto neutro."
data/images_flat/2018-2019_Trentingrana__2019-02-13__P2a_305_grana.bmp,Aroma,Aroma non tipico.,Il formaggio ha un aroma non tipico.
data/images_flat/2018-2019_Trentingrana__2019-02-13__P2a_305_grana.bmp,Aroma,Aroma principalmente di lattico cotto.,Il formaggio ha un aroma principalmente di lattico cotto.
data/images_flat/2018-2019_Trentingrana__2019-02-13__P4b_311_grana.bmp,Aroma,"Aroma di latte acidificato e yogurt, intensità alta.","Il formaggio ha un aroma di latte acidificato e yogurt, intensità alta."
data/images_flat/2018-2019_Trentingrana__2019-02-13__P4b_311_grana.bmp,Aroma,Aroma di latte.,Il formaggio ha un aroma di latte.
data/images_flat/2018-2019_Trentingrana__2019-02-13__P4b_311_grana.bmp,Aroma,Aroma neutro.,Il formaggio ha un aroma neutro.
data/images_flat/2018-2019_Trentingrana__2019-02-13__P4b_311_grana.bmp,Aroma,"Aroma con sentore di fermentato, non tipico del grana.","Il formaggio ha un aroma con sentore di fermentato, non tipico del grana."
data/images_flat/2018-2019_Trentingrana__2019-02-13__P4b_311_grana.bmp,Aroma,Aroma di brodo e formaggio cotto.,Il formaggio ha un aroma di brodo e formaggio cotto.
data/images_flat/2018-2019_Trentingrana__2019-02-13__P4b_311_grana.bmp,Aroma,Aroma di panna.,Il formaggio ha un aroma di panna.
data/images_flat/2018-2019_Trentingrana__2019-02-13__P4b_311_grana.bmp,Aroma,"Aroma di fermentato e lattico cotto, non fresco.","Il formaggio ha un aroma di fermentato e lattico cotto, non fresco."
data/images_flat/2018-2019_Trentingrana__2019-02-13__P3b_307_fetta.bmp,Aroma,Aroma di cotto e gorgonzola.,Il formaggio ha un aroma di cotto e gorgonzola.
data/images_flat/2018-2019_Trentingrana__2019-02-13__P3b_307_fetta.bmp,Aroma,Aroma di latte cotto e bruciato.,Il formaggio ha un aroma di latte cotto e bruciato.
data/images_flat/2018-2019_Trentingrana__2019-02-13__P3b_307_fetta.bmp,Aroma,"Aroma di formaggio cotto e crosta, non fastidioso.","Il formaggio ha un aroma di formaggio cotto e crosta, non fastidioso."
data/images_flat/2018-2019_Trentingrana__2019-02-13__P3b_307_fetta.bmp,Aroma,"Aroma con breve sentore animale iniziale, seguito da note di crosta di grana e lattici cotti.","Il formaggio ha un aroma con breve sentore animale iniziale, seguito da note di crosta di grana e lattici cotti."
data/images_flat/2018-2019_Trentingrana__2019-02-13__P3b_307_fetta.bmp,Aroma,Aroma di brodo di carne e lattico cotto.,Il formaggio ha un aroma di brodo di carne e lattico cotto.
data/images_flat/2018-2019_Trentingrana__2019-02-13__P1b_302_grana.bmp,Aroma,Aroma di frutta matura ad alta intensità.,Il formaggio ha un aroma di frutta matura ad alta intensità.
data/images_flat/2018-2019_Trentingrana__2019-02-13__P1b_302_grana.bmp,Aroma,"Aroma di latte e panna poco intenso, con leggerezza e sentore di muffa.","Il formaggio ha un aroma di latte e panna poco intenso, con leggerezza e sentore di muffa."
data/images_flat/2018-2019_Trentingrana__2019-02-13__P1b_302_grana.bmp,Aroma,Aroma di burro.,Il formaggio ha un aroma di burro.
data/images_flat/2018-2019_Trentingrana__2019-02-13__P1b_302_grana.bmp,Aroma,Aroma non tipico del grana.,Il formaggio ha un aroma non tipico del grana.
data/images_flat/2018-2019_Trentingrana__2019-02-13__P1b_302_grana.bmp,Aroma,Aroma di formaggio cotto abbastanza intenso.,Il formaggio ha un aroma di formaggio cotto abbastanza intenso.
data/images_flat/2018-2019_Trentingrana__2019-02-13__P1b_302_grana.bmp,Aroma,Aroma lattico cotto.,Il formaggio ha un aroma lattico cotto.
data/images_flat/2018-2019_Trentingrana__2019-02-13__P1b_302_grana.bmp,Aroma,Aroma principalmente lattico cotto.,Il formaggio ha un aroma principalmente lattico cotto.
data/images_flat/2018-2019_Trentingrana__2019-02-13__P5a_323_fetta.bmp,Aroma,Aroma di stalla e frutta secca intensi con note fermentate.,Il formaggio ha un aroma di stalla e frutta secca intensi con note fermentate.
data/images_flat/2018-2019_Trentingrana__2019-02-13__P5a_323_fetta.bmp,Aroma,Aroma di panna.,Il formaggio ha un aroma di panna.
data/images_flat/2018-2019_Trentingrana__2019-02-13__P5a_323_fetta.bmp,Aroma,Aroma di crosta di formaggio.,Il formaggio ha un aroma di crosta di formaggio.
data/images_flat/2018-2019_Trentingrana__2019-02-13__P5a_323_fetta.bmp,Aroma,"Aroma difettoso, non tipico del grana.","Il formaggio ha un aroma difettoso, non tipico del grana."
data/images_flat/2018-2019_Trentingrana__2019-02-13__P5a_323_fetta.bmp,Aroma,Aroma cotto con note di crosta e ossidato.,Il formaggio ha un aroma cotto con note di crosta e ossidato.
data/images_flat/2018-2019_Trentingrana__2019-02-13__P5a_323_fetta.bmp,Aroma,Aroma con note vegetali amare e lattici cotti.,Il formaggio ha un aroma con note vegetali amare e lattici cotti.
data/images_flat/2018-2019_Trentingrana__2019-02-13__P5a_323_fetta.bmp,Aroma,Aroma con sentori lattici prevalenti.,Il formaggio ha un aroma con sentori lattici prevalenti.
data/images_flat/2018-2019_Trentingrana__2019-02-13__P6b_330_fetta.bmp,Aroma,Aroma poco intenso.,Il formaggio ha un aroma poco intenso.
data/images_flat/2018-2019_Trentingrana__2019-02-13__P6b_330_fetta.bmp,Aroma,Aroma acido.,Il formaggio ha un aroma acido.
data/images_flat/2018-2019_Trentingrana__2019-02-13__P6b_330_fetta.bmp,Aroma,Aroma di crosta di formaggio e formaggio fuso.,Il formaggio ha un aroma di crosta di formaggio e formaggio fuso.
data/images_flat/2018-2019_Trentingrana__2019-02-13__P6b_330_fetta.bmp,Aroma,Aroma ossidato e vecchio con un poco di stalla.,Il formaggio ha un aroma ossidato e vecchio con un poco di stalla.
data/images_flat/2018-2019_Trentingrana__2019-02-13__P6b_330_fetta.bmp,Aroma,Aroma lattico cotto moderato.,Il formaggio ha un aroma lattico cotto moderato.
data/images_flat/2018-2019_Trentingrana__2019-02-13__P6b_330_fetta.bmp,Aroma,Aroma tostato e lattico cotto.,Il formaggio ha un aroma tostato e lattico cotto.
data/images_flat/2018-2019_Trentingrana__2019-02-13__P6a_330_fetta.bmp,Aroma,Aroma poco intenso.,Il formaggio ha un aroma poco intenso.
data/images_flat/2018-2019_Trentingrana__2019-02-13__P6a_330_fetta.bmp,Aroma,Aroma acido.,Il formaggio ha un aroma acido.
data/images_flat/2018-2019_Trentingrana__2019-02-13__P6a_330_fetta.bmp,Aroma,Aroma di crosta di formaggio e formaggio fuso.,Il formaggio ha un aroma di crosta di formaggio e formaggio fuso.
data/images_flat/2018-2019_Trentingrana__2019-02-13__P6a_330_fetta.bmp,Aroma,Aroma ossidato e vecchio con un poco di stalla.,Il formaggio ha un aroma ossidato e vecchio con un poco di stalla.
data/images_flat/2018-2019_Trentingrana__2019-02-13__P6a_330_fetta.bmp,Aroma,Aroma lattico cotto moderato.,Il formaggio ha un aroma lattico cotto moderato.
data/images_flat/2018-2019_Trentingrana__2019-02-13__P6a_330_fetta.bmp,Aroma,Aroma tostato e lattico cotto.,Il formaggio ha un aroma tostato e lattico cotto.
data/images_flat/2018-2019_Trentingrana__2019-02-13__P5b_323_fetta.bmp,Aroma,Aroma di stalla e frutta secca intensi con note fermentate.,Il formaggio ha un aroma di stalla e frutta secca intensi con note fermentate.
data/images_flat/2018-2019_Trentingrana__2019-02-13__P5b_323_fetta.bmp,Aroma,Aroma di panna.,Il formaggio ha un aroma di panna.
data/images_flat/2018-2019_Trentingrana__2019-02-13__P5b_323_fetta.bmp,Aroma,Aroma di crosta di formaggio.,Il formaggio ha un aroma di crosta di formaggio.
data/images_flat/2018-2019_Trentingrana__2019-02-13__P5b_323_fetta.bmp,Aroma,"Aroma difettoso, non tipico del grana.","Il formaggio ha un aroma difettoso, non tipico del grana."
data/images_flat/2018-2019_Trentingrana__2019-02-13__P5b_323_fetta.bmp,Aroma,Aroma cotto con note di crosta e ossidato.,Il formaggio ha un aroma cotto con note di crosta e ossidato.
data/images_flat/2018-2019_Trentingrana__2019-02-13__P5b_323_fetta.bmp,Aroma,Aroma con note vegetali amare e lattici cotti.,Il formaggio ha un aroma con note vegetali amare e lattici cotti.
data/images_flat/2018-2019_Trentingrana__2019-02-13__P5b_323_fetta.bmp,Aroma,Aroma con sentori lattici prevalenti.,Il formaggio ha un aroma con sentori lattici prevalenti.
data/images_flat/2018-2019_Trentingrana__2019-02-13__P2b_305_fetta.bmp,Aroma,Aroma di frutta matura con intensità alta.,Il formaggio ha un aroma di frutta matura con intensità alta.
data/images_flat/2018-2019_Trentingrana__2019-02-13__P2b_305_fetta.bmp,Aroma,"Aroma fermentato, non tipico del trentingrana.","Il formaggio ha un aroma fermentato, non tipico del trentingrana."
data/images_flat/2018-2019_Trentingrana__2019-02-13__P2b_305_fetta.bmp,Aroma,Aroma di crosta di formaggio.,Il formaggio ha un aroma di crosta di formaggio.
data/images_flat/2018-2019_Trentingrana__2019-02-13__P2b_305_fetta.bmp,Aroma,Aroma non tipico e nostrano.,Il formaggio ha un aroma non tipico e nostrano.
data/images_flat/2018-2019_Trentingrana__2019-02-13__P2b_305_fetta.bmp,Aroma,Aroma di crosta e ossidato.,Il formaggio ha un aroma di crosta e ossidato.
data/images_flat/2018-2019_Trentingrana__2019-02-13__P2b_305_fetta.bmp,Aroma,"Aroma di latte cotto, molto neutro.","Il formaggio ha un aroma di latte cotto, molto neutro."
data/images_flat/2018-2019_Trentingrana__2019-02-13__P2b_305_fetta.bmp,Aroma,Aroma non tipico.,Il formaggio ha un aroma non tipico.
data/images_flat/2018-2019_Trentingrana__2019-02-13__P2b_305_fetta.bmp,Aroma,Aroma principalmente di lattico cotto.,Il formaggio ha un aroma principalmente di lattico cotto.
data/images_flat/2018-2019_Trentingrana__2019-02-13__P1a_302_fetta.bmp,Aroma,Aroma di frutta matura ad alta intensità.,Il formaggio ha un aroma di frutta matura ad alta intensità.
data/images_flat/2018-2019_Trentingrana__2019-02-13__P1a_302_fetta.bmp,Aroma,"Aroma di latte e panna poco intenso, con leggerezza e sentore di muffa.","Il formaggio ha un aroma di latte e panna poco intenso, con leggerezza e sentore di muffa."
data/images_flat/2018-2019_Trentingrana__2019-02-13__P1a_302_fetta.bmp,Aroma,Aroma di burro.,Il formaggio ha un aroma di burro.
data/images_flat/2018-2019_Trentingrana__2019-02-13__P1a_302_fetta.bmp,Aroma,Aroma non tipico del grana.,Il formaggio ha un aroma non tipico del grana.
data/images_flat/2018-2019_Trentingrana__2019-02-13__P1a_302_fetta.bmp,Aroma,Aroma di formaggio cotto abbastanza intenso.,Il formaggio ha un aroma di formaggio cotto abbastanza intenso.
data/images_flat/2018-2019_Trentingrana__2019-02-13__P1a_302_fetta.bmp,Aroma,Aroma lattico cotto.,Il formaggio ha un aroma lattico cotto.
data/images_flat/2018-2019_Trentingrana__2019-02-13__P1a_302_fetta.bmp,Aroma,Aroma principalmente lattico cotto.,Il formaggio ha un aroma principalmente lattico cotto.
data/images_flat/2018-2019_Trentingrana__2019-02-13__P4a_311_fetta.bmp,Aroma,"Aroma di latte acidificato e yogurt, intensità alta.","Il formaggio ha un aroma di latte acidificato e yogurt, intensità alta."
data/images_flat/2018-2019_Trentingrana__2019-02-13__P4a_311_fetta.bmp,Aroma,Aroma di latte.,Il formaggio ha un aroma di latte.
data/images_flat/2018-2019_Trentingrana__2019-02-13__P4a_311_fetta.bmp,Aroma,Aroma neutro.,Il formaggio ha un aroma neutro.
data/images_flat/2018-2019_Trentingrana__2019-02-13__P4a_311_fetta.bmp,Aroma,"Aroma con sentore di fermentato, non tipico del grana.","Il formaggio ha un aroma con sentore di fermentato, non tipico del grana."
data/images_flat/2018-2019_Trentingrana__2019-02-13__P4a_311_fetta.bmp,Aroma,Aroma di brodo e formaggio cotto.,Il formaggio ha un aroma di brodo e formaggio cotto.
data/images_flat/2018-2019_Trentingrana__2019-02-13__P4a_311_fetta.bmp,Aroma,Aroma di panna.,Il formaggio ha un aroma di panna.
data/images_flat/2018-2019_Trentingrana__2019-02-13__P4a_311_fetta.bmp,Aroma,"Aroma di fermentato e lattico cotto, non fresco.","Il formaggio ha un aroma di fermentato e lattico cotto, non fresco."
data/images_flat/2018-2019_Trentingrana__2019-02-13__P3a_307_grana.bmp,Aroma,Aroma di cotto e gorgonzola.,Il formaggio ha un aroma di cotto e gorgonzola.
data/images_flat/2018-2019_Trentingrana__2019-02-13__P3a_307_grana.bmp,Aroma,Aroma di latte cotto e bruciato.,Il formaggio ha un aroma di latte cotto e bruciato.
data/images_flat/2018-2019_Trentingrana__2019-02-13__P3a_307_grana.bmp,Aroma,"Aroma di formaggio cotto e crosta, non fastidioso.","Il formaggio ha un aroma di formaggio cotto e crosta, non fastidioso."
data/images_flat/2018-2019_Trentingrana__2019-02-13__P3a_307_grana.bmp,Aroma,"Aroma con breve sentore animale iniziale, seguito da note di crosta di grana e lattici cotti.","Il formaggio ha un aroma con breve sentore animale iniziale, seguito da note di crosta di grana e lattici cotti."
data/images_flat/2018-2019_Trentingrana__2019-02-13__P3a_307_grana.bmp,Aroma,Aroma di brodo di carne e lattico cotto.,Il formaggio ha un aroma di brodo di carne e lattico cotto.
data/images_flat/2018-2019_Trentingrana__2019-02-13__P1b_302_fetta.bmp,Aroma,Aroma di frutta matura ad alta intensità.,Il formaggio ha un aroma di frutta matura ad alta intensità.
data/images_flat/2018-2019_Trentingrana__2019-02-13__P1b_302_fetta.bmp,Aroma,"Aroma di latte e panna poco intenso, con leggerezza e sentore di muffa.","Il formaggio ha un aroma di latte e panna poco intenso, con leggerezza e sentore di muffa."
data/images_flat/2018-2019_Trentingrana__2019-02-13__P1b_302_fetta.bmp,Aroma,Aroma di burro.,Il formaggio ha un aroma di burro.
data/images_flat/2018-2019_Trentingrana__2019-02-13__P1b_302_fetta.bmp,Aroma,Aroma non tipico del grana.,Il formaggio ha un aroma non tipico del grana.
data/images_flat/2018-2019_Trentingrana__2019-02-13__P1b_302_fetta.bmp,Aroma,Aroma di formaggio cotto abbastanza intenso.,Il formaggio ha un aroma di formaggio cotto abbastanza intenso.
data/images_flat/2018-2019_Trentingrana__2019-02-13__P1b_302_fetta.bmp,Aroma,Aroma lattico cotto.,Il formaggio ha un aroma lattico cotto.
data/images_flat/2018-2019_Trentingrana__2019-02-13__P1b_302_fetta.bmp,Aroma,Aroma principalmente lattico cotto.,Il formaggio ha un aroma principalmente lattico cotto.
data/images_flat/2018-2019_Trentingrana__2019-02-13__P4b_311_fetta.bmp,Aroma,"Aroma di latte acidificato e yogurt, intensità alta.","Il formaggio ha un aroma di latte acidificato e yogurt, intensità alta."
data/images_flat/2018-2019_Trentingrana__2019-02-13__P4b_311_fetta.bmp,Aroma,Aroma di latte.,Il formaggio ha un aroma di latte.
data/images_flat/2018-2019_Trentingrana__2019-02-13__P4b_311_fetta.bmp,Aroma,Aroma neutro.,Il formaggio ha un aroma neutro.
data/images_flat/2018-2019_Trentingrana__2019-02-13__P4b_311_fetta.bmp,Aroma,"Aroma con sentore di fermentato, non tipico del grana.","Il formaggio ha un aroma con sentore di fermentato, non tipico del grana."
data/images_flat/2018-2019_Trentingrana__2019-02-13__P4b_311_fetta.bmp,Aroma,Aroma di brodo e formaggio cotto.,Il formaggio ha un aroma di brodo e formaggio cotto.
data/images_flat/2018-2019_Trentingrana__2019-02-13__P4b_311_fetta.bmp,Aroma,Aroma di panna.,Il formaggio ha un aroma di panna.
data/images_flat/2018-2019_Trentingrana__2019-02-13__P4b_311_fetta.bmp,Aroma,"Aroma di fermentato e lattico cotto, non fresco.","Il formaggio ha un aroma di fermentato e lattico cotto, non fresco."
data/images_flat/2018-2019_Trentingrana__2019-02-13__P3b_307_grana.bmp,Aroma,Aroma di cotto e gorgonzola.,Il formaggio ha un aroma di cotto e gorgonzola.
data/images_flat/2018-2019_Trentingrana__2019-02-13__P3b_307_grana.bmp,Aroma,Aroma di latte cotto e bruciato.,Il formaggio ha un aroma di latte cotto e bruciato.
data/images_flat/2018-2019_Trentingrana__2019-02-13__P3b_307_grana.bmp,Aroma,"Aroma di formaggio cotto e crosta, non fastidioso.","Il formaggio ha un aroma di formaggio cotto e crosta, non fastidioso."
data/images_flat/2018-2019_Trentingrana__2019-02-13__P3b_307_grana.bmp,Aroma,"Aroma con breve sentore animale iniziale, seguito da note di crosta di grana e lattici cotti.","Il formaggio ha un aroma con breve sentore animale iniziale, seguito da note di crosta di grana e lattici cotti."
data/images_flat/2018-2019_Trentingrana__2019-02-13__P3b_307_grana.bmp,Aroma,Aroma di brodo di carne e lattico cotto.,Il formaggio ha un aroma di brodo di carne e lattico cotto.
data/images_flat/2018-2019_Trentingrana__2019-02-13__P2a_305_fetta.bmp,Aroma,Aroma di frutta matura con intensità alta.,Il formaggio ha un aroma di frutta matura con intensità alta.
data/images_flat/2018-2019_Trentingrana__2019-02-13__P2a_305_fetta.bmp,Aroma,"Aroma fermentato, non tipico del trentingrana.","Il formaggio ha un aroma fermentato, non tipico del trentingrana."
data/images_flat/2018-2019_Trentingrana__2019-02-13__P2a_305_fetta.bmp,Aroma,Aroma di crosta di formaggio.,Il formaggio ha un aroma di crosta di formaggio.
data/images_flat/2018-2019_Trentingrana__2019-02-13__P2a_305_fetta.bmp,Aroma,Aroma non tipico e nostrano.,Il formaggio ha un aroma non tipico e nostrano.
data/images_flat/2018-2019_Trentingrana__2019-02-13__P2a_305_fetta.bmp,Aroma,Aroma di crosta e ossidato.,Il formaggio ha un aroma di crosta e ossidato.
data/images_flat/2018-2019_Trentingrana__2019-02-13__P2a_305_fetta.bmp,Aroma,"Aroma di latte cotto, molto neutro.","Il formaggio ha un aroma di latte cotto, molto neutro."
data/images_flat/2018-2019_Trentingrana__2019-02-13__P2a_305_fetta.bmp,Aroma,Aroma non tipico.,Il formaggio ha un aroma non tipico.
data/images_flat/2018-2019_Trentingrana__2019-02-13__P2a_305_fetta.bmp,Aroma,Aroma principalmente di lattico cotto.,Il formaggio ha un aroma principalmente di lattico cotto.
data/images_flat/2018-2019_Trentingrana__2018-10-31__P3a_306_fetta.bmp,Aroma,Aroma poco caratteristico con note di sedano e brodo vegetale.,Il formaggio ha un aroma poco caratteristico con note di sedano e brodo vegetale.
data/images_flat/2018-2019_Trentingrana__2018-10-31__P3a_306_fetta.bmp,Aroma,Aroma di crosta di formaggio.,Il formaggio ha un aroma di crosta di formaggio.
data/images_flat/2018-2019_Trentingrana__2018-10-31__P3a_306_fetta.bmp,Aroma,Aroma di panna.,Il formaggio ha un aroma di panna.
data/images_flat/2018-2019_Trentingrana__2018-10-31__P3a_306_fetta.bmp,Aroma,Aroma nostrano.,Il formaggio ha un aroma nostrano.
data/images_flat/2018-2019_Trentingrana__2018-10-31__P3a_306_fetta.bmp,Aroma,Aroma di erbe amare.,Il formaggio ha un aroma di erbe amare.
data/images_flat/2018-2019_Trentingrana__2018-10-31__P3a_306_fetta.bmp,Aroma,"Aroma di lessato leggerissimo, non piacevole.","Il formaggio ha un aroma di lessato leggerissimo, non piacevole."
data/images_flat/2018-2019_Trentingrana__2018-10-31__P3a_306_fetta.bmp,Aroma,Aroma persistente.,Il formaggio ha un aroma persistente.
data/images_flat/2018-2019_Trentingrana__2018-10-31__P3a_306_fetta.bmp,Aroma,Aroma non piacevole e strano.,Il formaggio ha un aroma non piacevole e strano.
data/images_flat/2018-2019_Trentingrana__2018-10-31__P3a_306_fetta.bmp,Aroma,Aroma di latte cotto.,Il formaggio ha un aroma di latte cotto.
data/images_flat/2018-2019_Trentingrana__2018-10-31__P6b_330_grana.bmp,Aroma,"Aroma poco complesso e piatto, di burro fuso e brodo.","Il formaggio ha un aroma poco complesso e piatto, di burro fuso e brodo."
data/images_flat/2018-2019_Trentingrana__2018-10-31__P6b_330_grana.bmp,Aroma,Aroma di umami.,Il formaggio ha un aroma di umami.
data/images_flat/2018-2019_Trentingrana__2018-10-31__P6b_330_grana.bmp,Aroma,Aroma fermentato.,Il formaggio ha un aroma fermentato.
data/images_flat/2018-2019_Trentingrana__2018-10-31__P6b_330_grana.bmp,Aroma,Aroma di crosta di pane e latte cotto.,Il formaggio ha un aroma di crosta di pane e latte cotto.
data/images_flat/2018-2019_Trentingrana__2018-10-31__P6b_330_grana.bmp,Aroma,Aroma di stalla e crosta.,Il formaggio ha un aroma di stalla e crosta.
data/images_flat/2018-2019_Trentingrana__2018-10-31__P6b_330_grana.bmp,Aroma,Aroma medio con retrogusto che ricorda altri formaggi più che il grana.,Il formaggio ha un aroma medio con retrogusto che ricorda altri formaggi più che il grana.
data/images_flat/2018-2019_Trentingrana__2018-10-31__P5a_323_grana.bmp,Aroma,Aroma non sempre pulito con note tipiche affiancate a note animali poco gradevoli su alcune porzioni.,Il formaggio ha un aroma non sempre pulito con note tipiche affiancate a note animali poco gradevoli su alcune porzioni.
data/images_flat/2018-2019_Trentingrana__2018-10-31__P5a_323_grana.bmp,Aroma,Aroma molto neutro.,Il formaggio ha un aroma molto neutro.
data/images_flat/2018-2019_Trentingrana__2018-10-31__P5a_323_grana.bmp,Aroma,Aroma vegetale.,Il formaggio ha un aroma vegetale.
data/images_flat/2018-2019_Trentingrana__2018-10-31__P5a_323_grana.bmp,Aroma,Aroma poco caratteristico e poco intenso.,Il formaggio ha un aroma poco caratteristico e poco intenso.
data/images_flat/2018-2019_Trentingrana__2018-10-31__P5a_323_grana.bmp,Aroma,Aroma cotto.,Il formaggio ha un aroma cotto.
data/images_flat/2018-2019_Trentingrana__2018-10-31__P5a_323_grana.bmp,Aroma,Aroma di stalla.,Il formaggio ha un aroma di stalla.
data/images_flat/2018-2019_Trentingrana__2018-10-31__P5a_323_grana.bmp,Aroma,Aroma di burro e brodo vegetale.,Il formaggio ha un aroma di burro e brodo vegetale.
data/images_flat/2018-2019_Trentingrana__2018-10-31__P5b_323_grana.bmp,Aroma,Aroma non sempre pulito con note tipiche affiancate a note animali poco gradevoli su alcune porzioni.,Il formaggio ha un aroma non sempre pulito con note tipiche affiancate a note animali poco gradevoli su alcune porzioni.
data/images_flat/2018-2019_Trentingrana__2018-10-31__P5b_323_grana.bmp,Aroma,Aroma molto neutro.,Il formaggio ha un aroma molto neutro.
data/images_flat/2018-2019_Trentingrana__2018-10-31__P5b_323_grana.bmp,Aroma,Aroma vegetale.,Il formaggio ha un aroma vegetale.
data/images_flat/2018-2019_Trentingrana__2018-10-31__P5b_323_grana.bmp,Aroma,Aroma poco caratteristico e poco intenso.,Il formaggio ha un aroma poco caratteristico e poco intenso.
data/images_flat/2018-2019_Trentingrana__2018-10-31__P5b_323_grana.bmp,Aroma,Aroma cotto.,Il formaggio ha un aroma cotto.
data/images_flat/2018-2019_Trentingrana__2018-10-31__P5b_323_grana.bmp,Aroma,Aroma di stalla.,Il formaggio ha un aroma di stalla.
data/images_flat/2018-2019_Trentingrana__2018-10-31__P5b_323_grana.bmp,Aroma,Aroma di burro e brodo vegetale.,Il formaggio ha un aroma di burro e brodo vegetale.
data/images_flat/2018-2019_Trentingrana__2018-10-31__P3b_306_fetta.bmp,Aroma,Aroma poco caratteristico con note di sedano e brodo vegetale.,Il formaggio ha un aroma poco caratteristico con note di sedano e brodo vegetale.
data/images_flat/2018-2019_Trentingrana__2018-10-31__P3b_306_fetta.bmp,Aroma,Aroma di crosta di formaggio.,Il formaggio ha un aroma di crosta di formaggio.
data/images_flat/2018-2019_Trentingrana__2018-10-31__P3b_306_fetta.bmp,Aroma,Aroma di panna.,Il formaggio ha un aroma di panna.
data/images_flat/2018-2019_Trentingrana__2018-10-31__P3b_306_fetta.bmp,Aroma,Aroma nostrano.,Il formaggio ha un aroma nostrano.
data/images_flat/2018-2019_Trentingrana__2018-10-31__P3b_306_fetta.bmp,Aroma,Aroma di erbe amare.,Il formaggio ha un aroma di erbe amare.
data/images_flat/2018-2019_Trentingrana__2018-10-31__P3b_306_fetta.bmp,Aroma,"Aroma di lessato leggerissimo, non piacevole.","Il formaggio ha un aroma di lessato leggerissimo, non piacevole."
data/images_flat/2018-2019_Trentingrana__2018-10-31__P3b_306_fetta.bmp,Aroma,Aroma persistente.,Il formaggio ha un aroma persistente.
data/images_flat/2018-2019_Trentingrana__2018-10-31__P3b_306_fetta.bmp,Aroma,Aroma non piacevole e strano.,Il formaggio ha un aroma non piacevole e strano.
data/images_flat/2018-2019_Trentingrana__2018-10-31__P3b_306_fetta.bmp,Aroma,Aroma di latte cotto.,Il formaggio ha un aroma di latte cotto.
data/images_flat/2018-2019_Trentingrana__2018-10-31__P6a_330_grana.bmp,Aroma,"Aroma poco complesso e piatto, di burro fuso e brodo.","Il formaggio ha un aroma poco complesso e piatto, di burro fuso e brodo."
data/images_flat/2018-2019_Trentingrana__2018-10-31__P6a_330_grana.bmp,Aroma,Aroma di umami.,Il formaggio ha un aroma di umami.
data/images_flat/2018-2019_Trentingrana__2018-10-31__P6a_330_grana.bmp,Aroma,Aroma fermentato.,Il formaggio ha un aroma fermentato.
data/images_flat/2018-2019_Trentingrana__2018-10-31__P6a_330_grana.bmp,Aroma,Aroma di crosta di pane e latte cotto.,Il formaggio ha un aroma di crosta di pane e latte cotto.
data/images_flat/2018-2019_Trentingrana__2018-10-31__P6a_330_grana.bmp,Aroma,Aroma di stalla e crosta.,Il formaggio ha un aroma di stalla e crosta.
data/images_flat/2018-2019_Trentingrana__2018-10-31__P6a_330_grana.bmp,Aroma,Aroma medio con retrogusto che ricorda altri formaggi più che il grana.,Il formaggio ha un aroma medio con retrogusto che ricorda altri formaggi più che il grana.
data/images_flat/2018-2019_Trentingrana__2018-10-31__P4a_311_grana.bmp,Aroma,Aroma con note di frutta fermentata e latte bruciato.,Il formaggio ha un aroma con note di frutta fermentata e latte bruciato.
data/images_flat/2018-2019_Trentingrana__2018-10-31__P4a_311_grana.bmp,Aroma,Aroma di burro.,Il formaggio ha un aroma di burro.
data/images_flat/2018-2019_Trentingrana__2018-10-31__P4a_311_grana.bmp,Aroma,Aroma acido.,Il formaggio ha un aroma acido.
data/images_flat/2018-2019_Trentingrana__2018-10-31__P4a_311_grana.bmp,Aroma,Aroma di brodo animale con note di erbe amare.,Il formaggio ha un aroma di brodo animale con note di erbe amare.
data/images_flat/2018-2019_Trentingrana__2018-10-31__P4a_311_grana.bmp,Aroma,Aroma di panna con leggero sentore di formaggio cotto.,Il formaggio ha un aroma di panna con leggero sentore di formaggio cotto.
data/images_flat/2018-2019_Trentingrana__2018-10-31__P4a_311_grana.bmp,Aroma,Aroma di burro con grana piacevole.,Il formaggio ha un aroma di burro con grana piacevole.
data/images_flat/2018-2019_Trentingrana__2018-10-31__P4a_311_grana.bmp,Aroma,Aroma animale.,Il formaggio ha un aroma animale.
data/images_flat/2018-2019_Trentingrana__2018-10-31__P1a_302_grana.bmp,Aroma,"Aroma con note lattiche caratteristiche e note fermentate, poco complesso.","Il formaggio ha un aroma con note lattiche caratteristiche e note fermentate, poco complesso."
data/images_flat/2018-2019_Trentingrana__2018-10-31__P1a_302_grana.bmp,Aroma,Aroma di formaggio erborinato.,Il formaggio ha un aroma di formaggio erborinato.
data/images_flat/2018-2019_Trentingrana__2018-10-31__P1a_302_grana.bmp,Aroma,Aroma cotto.,Il formaggio ha un aroma cotto.
data/images_flat/2018-2019_Trentingrana__2018-10-31__P1a_302_grana.bmp,Aroma,Aroma di formaggio maturo e passato.,Il formaggio ha un aroma di formaggio maturo e passato.
data/images_flat/2018-2019_Trentingrana__2018-10-31__P1a_302_grana.bmp,Aroma,Aroma cotto leggero.,Il formaggio ha un aroma cotto leggero.
data/images_flat/2018-2019_Trentingrana__2018-10-31__P1a_302_grana.bmp,Aroma,"Aroma di burro, formaggio e brodo.","Il formaggio ha un aroma di burro, formaggio e brodo."
data/images_flat/2018-2019_Trentingrana__2018-10-31__P2b_305_grana.bmp,Aroma,"Aroma di crosta di formaggio e frutta fermentata, poco caratteristico.","Il formaggio ha un aroma di crosta di formaggio e frutta fermentata, poco caratteristico."
data/images_flat/2018-2019_Trentingrana__2018-10-31__P2b_305_grana.bmp,Aroma,Aroma leggermente affumicato.,Il formaggio ha un aroma leggermente affumicato.
data/images_flat/2018-2019_Trentingrana__2018-10-31__P2b_305_grana.bmp,Aroma,Aroma di panna.,Il formaggio ha un aroma di panna.
data/images_flat/2018-2019_Trentingrana__2018-10-31__P2b_305_grana.bmp,Aroma,"Aroma di brodo animale, tostato, con note di crosta di grana.","Il formaggio ha un aroma di brodo animale, tostato, con note di crosta di grana."
data/images_flat/2018-2019_Trentingrana__2018-10-31__P2b_305_grana.bmp,Aroma,Aroma lieve.,Il formaggio ha un aroma lieve.
data/images_flat/2018-2019_Trentingrana__2018-10-31__P2b_305_grana.bmp,Aroma,"Aroma di grana e burro, interessante.","Il formaggio ha un aroma di grana e burro, interessante."
data/images_flat/2018-2019_Trentingrana__2018-10-31__P2a_305_grana.bmp,Aroma,"Aroma di crosta di formaggio e frutta fermentata, poco caratteristico.","Il formaggio ha un aroma di crosta di formaggio e frutta fermentata, poco caratteristico."
data/images_flat/2018-2019_Trentingrana__2018-10-31__P2a_305_grana.bmp,Aroma,Aroma leggermente affumicato.,Il formaggio ha un aroma leggermente affumicato.
data/images_flat/2018-2019_Trentingrana__2018-10-31__P2a_305_grana.bmp,Aroma,Aroma di panna.,Il formaggio ha un aroma di panna.
data/images_flat/2018-2019_Trentingrana__2018-10-31__P2a_305_grana.bmp,Aroma,"Aroma di brodo animale, tostato, con note di crosta di grana.","Il formaggio ha un aroma di brodo animale, tostato, con note di crosta di grana."
data/images_flat/2018-2019_Trentingrana__2018-10-31__P2a_305_grana.bmp,Aroma,Aroma lieve.,Il formaggio ha un aroma lieve.
data/images_flat/2018-2019_Trentingrana__2018-10-31__P2a_305_grana.bmp,Aroma,"Aroma di grana e burro, interessante.","Il formaggio ha un aroma di grana e burro, interessante."
data/images_flat/2018-2019_Trentingrana__2018-10-31__P4b_311_grana.bmp,Aroma,Aroma con note di frutta fermentata e latte bruciato.,Il formaggio ha un aroma con note di frutta fermentata e latte bruciato.
data/images_flat/2018-2019_Trentingrana__2018-10-31__P4b_311_grana.bmp,Aroma,Aroma di burro.,Il formaggio ha un aroma di burro.
data/images_flat/2018-2019_Trentingrana__2018-10-31__P4b_311_grana.bmp,Aroma,Aroma acido.,Il formaggio ha un aroma acido.
data/images_flat/2018-2019_Trentingrana__2018-10-31__P4b_311_grana.bmp,Aroma,Aroma di brodo animale con note di erbe amare.,Il formaggio ha un aroma di brodo animale con note di erbe amare.
data/images_flat/2018-2019_Trentingrana__2018-10-31__P4b_311_grana.bmp,Aroma,Aroma di panna con leggero sentore di formaggio cotto.,Il formaggio ha un aroma di panna con leggero sentore di formaggio cotto.
data/images_flat/2018-2019_Trentingrana__2018-10-31__P4b_311_grana.bmp,Aroma,Aroma di burro con grana piacevole.,Il formaggio ha un aroma di burro con grana piacevole.
data/images_flat/2018-2019_Trentingrana__2018-10-31__P4b_311_grana.bmp,Aroma,Aroma animale.,Il formaggio ha un aroma animale.
data/images_flat/2018-2019_Trentingrana__2018-10-31__P1b_302_grana.bmp,Aroma,"Aroma con note lattiche caratteristiche e note fermentate, poco complesso.","Il formaggio ha un aroma con note lattiche caratteristiche e note fermentate, poco complesso."
data/images_flat/2018-2019_Trentingrana__2018-10-31__P1b_302_grana.bmp,Aroma,Aroma di formaggio erborinato.,Il formaggio ha un aroma di formaggio erborinato.
data/images_flat/2018-2019_Trentingrana__2018-10-31__P1b_302_grana.bmp,Aroma,Aroma cotto.,Il formaggio ha un aroma cotto.
data/images_flat/2018-2019_Trentingrana__2018-10-31__P1b_302_grana.bmp,Aroma,Aroma di formaggio maturo e passato.,Il formaggio ha un aroma di formaggio maturo e passato.
data/images_flat/2018-2019_Trentingrana__2018-10-31__P1b_302_grana.bmp,Aroma,Aroma cotto leggero.,Il formaggio ha un aroma cotto leggero.
data/images_flat/2018-2019_Trentingrana__2018-10-31__P1b_302_grana.bmp,Aroma,"Aroma di burro, formaggio e brodo.","Il formaggio ha un aroma di burro, formaggio e brodo."
data/images_flat/2018-2019_Trentingrana__2018-10-31__P5a_323_fetta.bmp,Aroma,Aroma non sempre pulito con note tipiche affiancate a note animali poco gradevoli su alcune porzioni.,Il formaggio ha un aroma non sempre pulito con note tipiche affiancate a note animali poco gradevoli su alcune porzioni.
data/images_flat/2018-2019_Trentingrana__2018-10-31__P5a_323_fetta.bmp,Aroma,Aroma molto neutro.,Il formaggio ha un aroma molto neutro.
data/images_flat/2018-2019_Trentingrana__2018-10-31__P5a_323_fetta.bmp,Aroma,Aroma vegetale.,Il formaggio ha un aroma vegetale.
data/images_flat/2018-2019_Trentingrana__2018-10-31__P5a_323_fetta.bmp,Aroma,Aroma poco caratteristico e poco intenso.,Il formaggio ha un aroma poco caratteristico e poco intenso.
data/images_flat/2018-2019_Trentingrana__2018-10-31__P5a_323_fetta.bmp,Aroma,Aroma cotto.,Il formaggio ha un aroma cotto.
data/images_flat/2018-2019_Trentingrana__2018-10-31__P5a_323_fetta.bmp,Aroma,Aroma di stalla.,Il formaggio ha un aroma di stalla.
data/images_flat/2018-2019_Trentingrana__2018-10-31__P5a_323_fetta.bmp,Aroma,Aroma di burro e brodo vegetale.,Il formaggio ha un aroma di burro e brodo vegetale.
data/images_flat/2018-2019_Trentingrana__2018-10-31__P6b_330_fetta.bmp,Aroma,"Aroma poco complesso e piatto, di burro fuso e brodo.","Il formaggio ha un aroma poco complesso e piatto, di burro fuso e brodo."
data/images_flat/2018-2019_Trentingrana__2018-10-31__P6b_330_fetta.bmp,Aroma,Aroma di umami.,Il formaggio ha un aroma di umami.
data/images_flat/2018-2019_Trentingrana__2018-10-31__P6b_330_fetta.bmp,Aroma,Aroma fermentato.,Il formaggio ha un aroma fermentato.
data/images_flat/2018-2019_Trentingrana__2018-10-31__P6b_330_fetta.bmp,Aroma,Aroma di crosta di pane e latte cotto.,Il formaggio ha un aroma di crosta di pane e latte cotto.
data/images_flat/2018-2019_Trentingrana__2018-10-31__P6b_330_fetta.bmp,Aroma,Aroma di stalla e crosta.,Il formaggio ha un aroma di stalla e crosta.
data/images_flat/2018-2019_Trentingrana__2018-10-31__P6b_330_fetta.bmp,Aroma,Aroma medio con retrogusto che ricorda altri formaggi più che il grana.,Il formaggio ha un aroma medio con retrogusto che ricorda altri formaggi più che il grana.
data/images_flat/2018-2019_Trentingrana__2018-10-31__P3a_306_grana.bmp,Aroma,Aroma poco caratteristico con note di sedano e brodo vegetale.,Il formaggio ha un aroma poco caratteristico con note di sedano e brodo vegetale.
data/images_flat/2018-2019_Trentingrana__2018-10-31__P3a_306_grana.bmp,Aroma,Aroma di crosta di formaggio.,Il formaggio ha un aroma di crosta di formaggio.
data/images_flat/2018-2019_Trentingrana__2018-10-31__P3a_306_grana.bmp,Aroma,Aroma di panna.,Il formaggio ha un aroma di panna.
data/images_flat/2018-2019_Trentingrana__2018-10-31__P3a_306_grana.bmp,Aroma,Aroma nostrano.,Il formaggio ha un aroma nostrano.
data/images_flat/2018-2019_Trentingrana__2018-10-31__P3a_306_grana.bmp,Aroma,Aroma di erbe amare.,Il formaggio ha un aroma di erbe amare.
data/images_flat/2018-2019_Trentingrana__2018-10-31__P3a_306_grana.bmp,Aroma,"Aroma di lessato leggerissimo, non piacevole.","Il formaggio ha un aroma di lessato leggerissimo, non piacevole."
data/images_flat/2018-2019_Trentingrana__2018-10-31__P3a_306_grana.bmp,Aroma,Aroma persistente.,Il formaggio ha un aroma persistente.
data/images_flat/2018-2019_Trentingrana__2018-10-31__P3a_306_grana.bmp,Aroma,Aroma non piacevole e strano.,Il formaggio ha un aroma non piacevole e strano.
data/images_flat/2018-2019_Trentingrana__2018-10-31__P3a_306_grana.bmp,Aroma,Aroma di latte cotto.,Il formaggio ha un aroma di latte cotto.
data/images_flat/2018-2019_Trentingrana__2018-10-31__P6a_330_fetta.bmp,Aroma,"Aroma poco complesso e piatto, di burro fuso e brodo.","Il formaggio ha un aroma poco complesso e piatto, di burro fuso e brodo."
data/images_flat/2018-2019_Trentingrana__2018-10-31__P6a_330_fetta.bmp,Aroma,Aroma di umami.,Il formaggio ha un aroma di umami.
data/images_flat/2018-2019_Trentingrana__2018-10-31__P6a_330_fetta.bmp,Aroma,Aroma fermentato.,Il formaggio ha un aroma fermentato.
data/images_flat/2018-2019_Trentingrana__2018-10-31__P6a_330_fetta.bmp,Aroma,Aroma di crosta di pane e latte cotto.,Il formaggio ha un aroma di crosta di pane e latte cotto.
data/images_flat/2018-2019_Trentingrana__2018-10-31__P6a_330_fetta.bmp,Aroma,Aroma di stalla e crosta.,Il formaggio ha un aroma di stalla e crosta.
data/images_flat/2018-2019_Trentingrana__2018-10-31__P6a_330_fetta.bmp,Aroma,Aroma medio con retrogusto che ricorda altri formaggi più che il grana.,Il formaggio ha un aroma medio con retrogusto che ricorda altri formaggi più che il grana.
data/images_flat/2018-2019_Trentingrana__2018-10-31__P3b_306_grana.bmp,Aroma,Aroma poco caratteristico con note di sedano e brodo vegetale.,Il formaggio ha un aroma poco caratteristico con note di sedano e brodo vegetale.
data/images_flat/2018-2019_Trentingrana__2018-10-31__P3b_306_grana.bmp,Aroma,Aroma di crosta di formaggio.,Il formaggio ha un aroma di crosta di formaggio.
data/images_flat/2018-2019_Trentingrana__2018-10-31__P3b_306_grana.bmp,Aroma,Aroma di panna.,Il formaggio ha un aroma di panna.
data/images_flat/2018-2019_Trentingrana__2018-10-31__P3b_306_grana.bmp,Aroma,Aroma nostrano.,Il formaggio ha un aroma nostrano.
data/images_flat/2018-2019_Trentingrana__2018-10-31__P3b_306_grana.bmp,Aroma,Aroma di erbe amare.,Il formaggio ha un aroma di erbe amare.
data/images_flat/2018-2019_Trentingrana__2018-10-31__P3b_306_grana.bmp,Aroma,"Aroma di lessato leggerissimo, non piacevole.","Il formaggio ha un aroma di lessato leggerissimo, non piacevole."
data/images_flat/2018-2019_Trentingrana__2018-10-31__P3b_306_grana.bmp,Aroma,Aroma persistente.,Il formaggio ha un aroma persistente.
data/images_flat/2018-2019_Trentingrana__2018-10-31__P3b_306_grana.bmp,Aroma,Aroma non piacevole e strano.,Il formaggio ha un aroma non piacevole e strano.
data/images_flat/2018-2019_Trentingrana__2018-10-31__P3b_306_grana.bmp,Aroma,Aroma di latte cotto.,Il formaggio ha un aroma di latte cotto.
data/images_flat/2018-2019_Trentingrana__2018-10-31__P5b_323_fetta.bmp,Aroma,Aroma non sempre pulito con note tipiche affiancate a note animali poco gradevoli su alcune porzioni.,Il formaggio ha un aroma non sempre pulito con note tipiche affiancate a note animali poco gradevoli su alcune porzioni.
data/images_flat/2018-2019_Trentingrana__2018-10-31__P5b_323_fetta.bmp,Aroma,Aroma molto neutro.,Il formaggio ha un aroma molto neutro.
data/images_flat/2018-2019_Trentingrana__2018-10-31__P5b_323_fetta.bmp,Aroma,Aroma vegetale.,Il formaggio ha un aroma vegetale.
data/images_flat/2018-2019_Trentingrana__2018-10-31__P5b_323_fetta.bmp,Aroma,Aroma poco caratteristico e poco intenso.,Il formaggio ha un aroma poco caratteristico e poco intenso.
data/images_flat/2018-2019_Trentingrana__2018-10-31__P5b_323_fetta.bmp,Aroma,Aroma cotto.,Il formaggio ha un aroma cotto.
data/images_flat/2018-2019_Trentingrana__2018-10-31__P5b_323_fetta.bmp,Aroma,Aroma di stalla.,Il formaggio ha un aroma di stalla.
data/images_flat/2018-2019_Trentingrana__2018-10-31__P5b_323_fetta.bmp,Aroma,Aroma di burro e brodo vegetale.,Il formaggio ha un aroma di burro e brodo vegetale.
data/images_flat/2018-2019_Trentingrana__2018-10-31__P2b_305_fetta.bmp,Aroma,"Aroma di crosta di formaggio e frutta fermentata, poco caratteristico.","Il formaggio ha un aroma di crosta di formaggio e frutta fermentata, poco caratteristico."
data/images_flat/2018-2019_Trentingrana__2018-10-31__P2b_305_fetta.bmp,Aroma,Aroma leggermente affumicato.,Il formaggio ha un aroma leggermente affumicato.
data/images_flat/2018-2019_Trentingrana__2018-10-31__P2b_305_fetta.bmp,Aroma,Aroma di panna.,Il formaggio ha un aroma di panna.
data/images_flat/2018-2019_Trentingrana__2018-10-31__P2b_305_fetta.bmp,Aroma,"Aroma di brodo animale, tostato, con note di crosta di grana.","Il formaggio ha un aroma di brodo animale, tostato, con note di crosta di grana."
data/images_flat/2018-2019_Trentingrana__2018-10-31__P2b_305_fetta.bmp,Aroma,Aroma lieve.,Il formaggio ha un aroma lieve.
data/images_flat/2018-2019_Trentingrana__2018-10-31__P2b_305_fetta.bmp,Aroma,"Aroma di grana e burro, interessante.","Il formaggio ha un aroma di grana e burro, interessante."
data/images_flat/2018-2019_Trentingrana__2018-10-31__P1a_302_fetta.bmp,Aroma,"Aroma con note lattiche caratteristiche e note fermentate, poco complesso.","Il formaggio ha un aroma con note lattiche caratteristiche e note fermentate, poco complesso."
data/images_flat/2018-2019_Trentingrana__2018-10-31__P1a_302_fetta.bmp,Aroma,Aroma di formaggio erborinato.,Il formaggio ha un aroma di formaggio erborinato.
data/images_flat/2018-2019_Trentingrana__2018-10-31__P1a_302_fetta.bmp,Aroma,Aroma cotto.,Il formaggio ha un aroma cotto.
data/images_flat/2018-2019_Trentingrana__2018-10-31__P1a_302_fetta.bmp,Aroma,Aroma di formaggio maturo e passato.,Il formaggio ha un aroma di formaggio maturo e passato.
data/images_flat/2018-2019_Trentingrana__2018-10-31__P1a_302_fetta.bmp,Aroma,Aroma cotto leggero.,Il formaggio ha un aroma cotto leggero.
data/images_flat/2018-2019_Trentingrana__2018-10-31__P1a_302_fetta.bmp,Aroma,"Aroma di burro, formaggio e brodo.","Il formaggio ha un aroma di burro, formaggio e brodo."
data/images_flat/2018-2019_Trentingrana__2018-10-31__P4a_311_fetta.bmp,Aroma,Aroma con note di frutta fermentata e latte bruciato.,Il formaggio ha un aroma con note di frutta fermentata e latte bruciato.
data/images_flat/2018-2019_Trentingrana__2018-10-31__P4a_311_fetta.bmp,Aroma,Aroma di burro.,Il formaggio ha un aroma di burro.
data/images_flat/2018-2019_Trentingrana__2018-10-31__P4a_311_fetta.bmp,Aroma,Aroma acido.,Il formaggio ha un aroma acido.
data/images_flat/2018-2019_Trentingrana__2018-10-31__P4a_311_fetta.bmp,Aroma,Aroma di brodo animale con note di erbe amare.,Il formaggio ha un aroma di brodo animale con note di erbe amare.
data/images_flat/2018-2019_Trentingrana__2018-10-31__P4a_311_fetta.bmp,Aroma,Aroma di panna con leggero sentore di formaggio cotto.,Il formaggio ha un aroma di panna con leggero sentore di formaggio cotto.
data/images_flat/2018-2019_Trentingrana__2018-10-31__P4a_311_fetta.bmp,Aroma,Aroma di burro con grana piacevole.,Il formaggio ha un aroma di burro con grana piacevole.
data/images_flat/2018-2019_Trentingrana__2018-10-31__P4a_311_fetta.bmp,Aroma,Aroma animale.,Il formaggio ha un aroma animale.
data/images_flat/2018-2019_Trentingrana__2018-10-31__P1b_302_fetta.bmp,Aroma,"Aroma con note lattiche caratteristiche e note fermentate, poco complesso.","Il formaggio ha un aroma con note lattiche caratteristiche e note fermentate, poco complesso."
data/images_flat/2018-2019_Trentingrana__2018-10-31__P1b_302_fetta.bmp,Aroma,Aroma di formaggio erborinato.,Il formaggio ha un aroma di formaggio erborinato.
data/images_flat/2018-2019_Trentingrana__2018-10-31__P1b_302_fetta.bmp,Aroma,Aroma cotto.,Il formaggio ha un aroma cotto.
data/images_flat/2018-2019_Trentingrana__2018-10-31__P1b_302_fetta.bmp,Aroma,Aroma di formaggio maturo e passato.,Il formaggio ha un aroma di formaggio maturo e passato.
data/images_flat/2018-2019_Trentingrana__2018-10-31__P1b_302_fetta.bmp,Aroma,Aroma cotto leggero.,Il formaggio ha un aroma cotto leggero.
data/images_flat/2018-2019_Trentingrana__2018-10-31__P1b_302_fetta.bmp,Aroma,"Aroma di burro, formaggio e brodo.","Il formaggio ha un aroma di burro, formaggio e brodo."
data/images_flat/2018-2019_Trentingrana__2018-10-31__P4b_311_fetta.bmp,Aroma,Aroma con note di frutta fermentata e latte bruciato.,Il formaggio ha un aroma con note di frutta fermentata e latte bruciato.
data/images_flat/2018-2019_Trentingrana__2018-10-31__P4b_311_fetta.bmp,Aroma,Aroma di burro.,Il formaggio ha un aroma di burro.
data/images_flat/2018-2019_Trentingrana__2018-10-31__P4b_311_fetta.bmp,Aroma,Aroma acido.,Il formaggio ha un aroma acido.
data/images_flat/2018-2019_Trentingrana__2018-10-31__P4b_311_fetta.bmp,Aroma,Aroma di brodo animale con note di erbe amare.,Il formaggio ha un aroma di brodo animale con note di erbe amare.
data/images_flat/2018-2019_Trentingrana__2018-10-31__P4b_311_fetta.bmp,Aroma,Aroma di panna con leggero sentore di formaggio cotto.,Il formaggio ha un aroma di panna con leggero sentore di formaggio cotto.
data/images_flat/2018-2019_Trentingrana__2018-10-31__P4b_311_fetta.bmp,Aroma,Aroma di burro con grana piacevole.,Il formaggio ha un aroma di burro con grana piacevole.
data/images_flat/2018-2019_Trentingrana__2018-10-31__P4b_311_fetta.bmp,Aroma,Aroma animale.,Il formaggio ha un aroma animale.
data/images_flat/2018-2019_Trentingrana__2018-10-31__P2a_305_fetta.bmp,Aroma,"Aroma di crosta di formaggio e frutta fermentata, poco caratteristico.","Il formaggio ha un aroma di crosta di formaggio e frutta fermentata, poco caratteristico."
data/images_flat/2018-2019_Trentingrana__2018-10-31__P2a_305_fetta.bmp,Aroma,Aroma leggermente affumicato.,Il formaggio ha un aroma leggermente affumicato.
data/images_flat/2018-2019_Trentingrana__2018-10-31__P2a_305_fetta.bmp,Aroma,Aroma di panna.,Il formaggio ha un aroma di panna.
data/images_flat/2018-2019_Trentingrana__2018-10-31__P2a_305_fetta.bmp,Aroma,"Aroma di brodo animale, tostato, con note di crosta di grana.","Il formaggio ha un aroma di brodo animale, tostato, con note di crosta di grana."
data/images_flat/2018-2019_Trentingrana__2018-10-31__P2a_305_fetta.bmp,Aroma,Aroma lieve.,Il formaggio ha un aroma lieve.
data/images_flat/2018-2019_Trentingrana__2018-10-31__P2a_305_fetta.bmp,Aroma,"Aroma di grana e burro, interessante.","Il formaggio ha un aroma di grana e burro, interessante."
data/images_flat/2018-2019_Trentingrana__2019-01-23__P3a_310_grana.bmp,Aroma,"Aroma fermentato, sporco e putrido.","Il formaggio ha un aroma fermentato, sporco e putrido."
data/images_flat/2018-2019_Trentingrana__2019-01-23__P3a_310_grana.bmp,Aroma,Aroma di bruciato e crosta.,Il formaggio ha un aroma di bruciato e crosta.
data/images_flat/2018-2019_Trentingrana__2019-01-23__P3a_310_grana.bmp,Aroma,Aroma tostato.,Il formaggio ha un aroma tostato.
data/images_flat/2018-2019_Trentingrana__2019-01-23__P3a_310_grana.bmp,Aroma,"Aroma di verdura lessa e stantio, entrambi forti.","Il formaggio ha un aroma di verdura lessa e stantio, entrambi forti."
data/images_flat/2018-2019_Trentingrana__2019-01-23__P3a_310_grana.bmp,Aroma,Aroma di erbe amare.,Il formaggio ha un aroma di erbe amare.
data/images_flat/2018-2019_Trentingrana__2019-01-23__P3a_310_grana.bmp,Aroma,"Aroma con nota estranea al trentingrana, simile a emmental o di stalla.","Il formaggio ha un aroma con nota estranea al trentingrana, simile a emmental o di stalla."
data/images_flat/2018-2019_Trentingrana__2019-01-23__P3a_310_grana.bmp,Aroma,Aroma quasi neutro una volta svanito l'acido.,Il formaggio ha un aroma quasi neutro una volta svanito l'acido.
data/images_flat/2018-2019_Trentingrana__2019-01-23__P5a_319_fetta.bmp,Aroma,Aroma di burro fuso e brodo con note atipiche di confetto.,Il formaggio ha un aroma di burro fuso e brodo con note atipiche di confetto.
data/images_flat/2018-2019_Trentingrana__2019-01-23__P5a_319_fetta.bmp,Aroma,Aroma di formaggio cotto.,Il formaggio ha un aroma di formaggio cotto.
data/images_flat/2018-2019_Trentingrana__2019-01-23__P5a_319_fetta.bmp,Aroma,Aroma di panna.,Il formaggio ha un aroma di panna.
data/images_flat/2018-2019_Trentingrana__2019-01-23__P5a_319_fetta.bmp,Aroma,Aroma di frutta secca moderato.,Il formaggio ha un aroma di frutta secca moderato.
data/images_flat/2018-2019_Trentingrana__2019-01-23__P5a_319_fetta.bmp,Aroma,Aroma leggero.,Il formaggio ha un aroma leggero.
data/images_flat/2018-2019_Trentingrana__2019-01-23__P5a_319_fetta.bmp,Aroma,Aroma di burro bruciato e brodo.,Il formaggio ha un aroma di burro bruciato e brodo.
data/images_flat/2018-2019_Trentingrana__2019-01-23__P5b_319_fetta.bmp,Aroma,Aroma di burro fuso e brodo con note atipiche di confetto.,Il formaggio ha un aroma di burro fuso e brodo con note atipiche di confetto.
data/images_flat/2018-2019_Trentingrana__2019-01-23__P5b_319_fetta.bmp,Aroma,Aroma di formaggio cotto.,Il formaggio ha un aroma di formaggio cotto.
data/images_flat/2018-2019_Trentingrana__2019-01-23__P5b_319_fetta.bmp,Aroma,Aroma di panna.,Il formaggio ha un aroma di panna.
data/images_flat/2018-2019_Trentingrana__2019-01-23__P5b_319_fetta.bmp,Aroma,Aroma di frutta secca moderato.,Il formaggio ha un aroma di frutta secca moderato.
data/images_flat/2018-2019_Trentingrana__2019-01-23__P5b_319_fetta.bmp,Aroma,Aroma leggero.,Il formaggio ha un aroma leggero.
data/images_flat/2018-2019_Trentingrana__2019-01-23__P5b_319_fetta.bmp,Aroma,Aroma di burro bruciato e brodo.,Il formaggio ha un aroma di burro bruciato e brodo.
data/images_flat/2018-2019_Trentingrana__2019-01-23__P3b_310_grana.bmp,Aroma,"Aroma fermentato, sporco e putrido.","Il formaggio ha un aroma fermentato, sporco e putrido."
data/images_flat/2018-2019_Trentingrana__2019-01-23__P3b_310_grana.bmp,Aroma,Aroma di bruciato e crosta.,Il formaggio ha un aroma di bruciato e crosta.
data/images_flat/2018-2019_Trentingrana__2019-01-23__P3b_310_grana.bmp,Aroma,Aroma tostato.,Il formaggio ha un aroma tostato.
data/images_flat/2018-2019_Trentingrana__2019-01-23__P3b_310_grana.bmp,Aroma,"Aroma di verdura lessa e stantio, entrambi forti.","Il formaggio ha un aroma di verdura lessa e stantio, entrambi forti."
data/images_flat/2018-2019_Trentingrana__2019-01-23__P3b_310_grana.bmp,Aroma,Aroma di erbe amare.,Il formaggio ha un aroma di erbe amare.
data/images_flat/2018-2019_Trentingrana__2019-01-23__P3b_310_grana.bmp,Aroma,"Aroma con nota estranea al trentingrana, simile a emmental o di stalla.","Il formaggio ha un aroma con nota estranea al trentingrana, simile a emmental o di stalla."
data/images_flat/2018-2019_Trentingrana__2019-01-23__P3b_310_grana.bmp,Aroma,Aroma quasi neutro una volta svanito l'acido.,Il formaggio ha un aroma quasi neutro una volta svanito l'acido.
data/images_flat/2018-2019_Trentingrana__2019-01-23__P4a_311_grana.bmp,Aroma,"Aroma di burro fuso, panna fresca, panna acida e crosta di formaggio con note poco caratteristiche e lieve sentore di pozzo di scarico.","Il formaggio ha un aroma di burro fuso, panna fresca, panna acida e crosta di formaggio con note poco caratteristiche e lieve sentore di pozzo di scarico."
data/images_flat/2018-2019_Trentingrana__2019-01-23__P4a_311_grana.bmp,Aroma,"Aroma di verdure lesse, brodo vegetale e formaggio cotto.","Il formaggio ha un aroma di verdure lesse, brodo vegetale e formaggio cotto."
data/images_flat/2018-2019_Trentingrana__2019-01-23__P4a_311_grana.bmp,Aroma,Aroma cotto e vegetale.,Il formaggio ha un aroma cotto e vegetale.
data/images_flat/2018-2019_Trentingrana__2019-01-23__P4a_311_grana.bmp,Aroma,Aroma di cotto e biscotto.,Il formaggio ha un aroma di cotto e biscotto.
data/images_flat/2018-2019_Trentingrana__2019-01-23__P4a_311_grana.bmp,Aroma,Aroma stantio.,Il formaggio ha un aroma stantio.
data/images_flat/2018-2019_Trentingrana__2019-01-23__P4a_311_grana.bmp,Aroma,Aroma animale moderato.,Il formaggio ha un aroma animale moderato.
data/images_flat/2018-2019_Trentingrana__2019-01-23__P4a_311_grana.bmp,Aroma,"Aroma di lattico cotto, formaggio cotto e nocciola.","Il formaggio ha un aroma di lattico cotto, formaggio cotto e nocciola."
data/images_flat/2018-2019_Trentingrana__2019-01-23__P4a_311_grana.bmp,Aroma,Aroma di brodo di carne.,Il formaggio ha un aroma di brodo di carne.
data/images_flat/2018-2019_Trentingrana__2019-01-23__P1a_302_grana.bmp,Aroma,"Aroma piatto e monocorde con frutta fermentata, cartone e note di nostrano.","Il formaggio ha un aroma piatto e monocorde con frutta fermentata, cartone e note di nostrano."
data/images_flat/2018-2019_Trentingrana__2019-01-23__P1a_302_grana.bmp,Aroma,Aroma leggero di formaggio cotto e brodo animale.,Il formaggio ha un aroma leggero di formaggio cotto e brodo animale.
data/images_flat/2018-2019_Trentingrana__2019-01-23__P1a_302_grana.bmp,Aroma,"Aroma di panna, non propriamente da grana.","Il formaggio ha un aroma di panna, non propriamente da grana."
data/images_flat/2018-2019_Trentingrana__2019-01-23__P1a_302_grana.bmp,Aroma,Aroma piacevole ma non tipico del grana.,Il formaggio ha un aroma piacevole ma non tipico del grana.
data/images_flat/2018-2019_Trentingrana__2019-01-23__P1a_302_grana.bmp,Aroma,Aroma di formaggio fermentato molto forte e rancido forte.,Il formaggio ha un aroma di formaggio fermentato molto forte e rancido forte.
data/images_flat/2018-2019_Trentingrana__2019-01-23__P1a_302_grana.bmp,Aroma,"Aroma di note vegetali amare non fastidiose, crosta di grana e formaggio cotto.","Il formaggio ha un aroma di note vegetali amare non fastidiose, crosta di grana e formaggio cotto."
data/images_flat/2018-2019_Trentingrana__2019-01-23__P1a_302_grana.bmp,Aroma,Aroma leggermente piccante.,Il formaggio ha un aroma leggermente piccante.
data/images_flat/2018-2019_Trentingrana__2019-01-23__P6a_323_grana.bmp,Aroma,Aroma a tratti putrido e marcio con note di nostrano e frutta fermentata.,Il formaggio ha un aroma a tratti putrido e marcio con note di nostrano e frutta fermentata.
data/images_flat/2018-2019_Trentingrana__2019-01-23__P6a_323_grana.bmp,Aroma,Aroma tostato con note di brodo di carne.,Il formaggio ha un aroma tostato con note di brodo di carne.
data/images_flat/2018-2019_Trentingrana__2019-01-23__P6a_323_grana.bmp,Aroma,Aroma di panna e vegetale.,Il formaggio ha un aroma di panna e vegetale.
data/images_flat/2018-2019_Trentingrana__2019-01-23__P6a_323_grana.bmp,Aroma,"Aroma stantio e rancido, con intensità forte.","Il formaggio ha un aroma stantio e rancido, con intensità forte."
data/images_flat/2018-2019_Trentingrana__2019-01-23__P6a_323_grana.bmp,Aroma,Aroma lattico cotto.,Il formaggio ha un aroma lattico cotto.
data/images_flat/2018-2019_Trentingrana__2019-01-23__P6a_323_grana.bmp,Aroma,Aroma relativamente intenso con sentore di crosta.,Il formaggio ha un aroma relativamente intenso con sentore di crosta.
data/images_flat/2018-2019_Trentingrana__2019-01-23__P6a_323_grana.bmp,Aroma,Aroma di formaggio cotto.,Il formaggio ha un aroma di formaggio cotto.
data/images_flat/2018-2019_Trentingrana__2019-01-23__P2b_305_grana.bmp,Aroma,Aroma di burro cotto con note di frutta fermentata poco caratteristiche.,Il formaggio ha un aroma di burro cotto con note di frutta fermentata poco caratteristiche.
data/images_flat/2018-2019_Trentingrana__2019-01-23__P2b_305_grana.bmp,Aroma,Aroma di formaggio cotto.,Il formaggio ha un aroma di formaggio cotto.
data/images_flat/2018-2019_Trentingrana__2019-01-23__P2b_305_grana.bmp,Aroma,Aroma moderatamente rancido.,Il formaggio ha un aroma moderatamente rancido.
data/images_flat/2018-2019_Trentingrana__2019-01-23__P2b_305_grana.bmp,Aroma,Aroma di brodo di carne.,Il formaggio ha un aroma di brodo di carne.
data/images_flat/2018-2019_Trentingrana__2019-01-23__P2b_305_grana.bmp,Aroma,Aroma di brodo e burro cotto.,Il formaggio ha un aroma di brodo e burro cotto.
data/images_flat/2018-2019_Trentingrana__2019-01-23__P6b_323_grana.bmp,Aroma,Aroma a tratti putrido e marcio con note di nostrano e frutta fermentata.,Il formaggio ha un aroma a tratti putrido e marcio con note di nostrano e frutta fermentata.
data/images_flat/2018-2019_Trentingrana__2019-01-23__P6b_323_grana.bmp,Aroma,Aroma tostato con note di brodo di carne.,Il formaggio ha un aroma tostato con note di brodo di carne.
data/images_flat/2018-2019_Trentingrana__2019-01-23__P6b_323_grana.bmp,Aroma,Aroma di panna e vegetale.,Il formaggio ha un aroma di panna e vegetale.
data/images_flat/2018-2019_Trentingrana__2019-01-23__P6b_323_grana.bmp,Aroma,"Aroma stantio e rancido, con intensità forte.","Il formaggio ha un aroma stantio e rancido, con intensità forte."
data/images_flat/2018-2019_Trentingrana__2019-01-23__P6b_323_grana.bmp,Aroma,Aroma lattico cotto.,Il formaggio ha un aroma lattico cotto.
data/images_flat/2018-2019_Trentingrana__2019-01-23__P6b_323_grana.bmp,Aroma,Aroma relativamente intenso con sentore di crosta.,Il formaggio ha un aroma relativamente intenso con sentore di crosta.
data/images_flat/2018-2019_Trentingrana__2019-01-23__P6b_323_grana.bmp,Aroma,Aroma di formaggio cotto.,Il formaggio ha un aroma di formaggio cotto.
data/images_flat/2018-2019_Trentingrana__2019-01-23__P2a_305_grana.bmp,Aroma,Aroma di burro cotto con note di frutta fermentata poco caratteristiche.,Il formaggio ha un aroma di burro cotto con note di frutta fermentata poco caratteristiche.
data/images_flat/2018-2019_Trentingrana__2019-01-23__P2a_305_grana.bmp,Aroma,Aroma di formaggio cotto.,Il formaggio ha un aroma di formaggio cotto.
data/images_flat/2018-2019_Trentingrana__2019-01-23__P2a_305_grana.bmp,Aroma,Aroma moderatamente rancido.,Il formaggio ha un aroma moderatamente rancido.
data/images_flat/2018-2019_Trentingrana__2019-01-23__P2a_305_grana.bmp,Aroma,Aroma di brodo di carne.,Il formaggio ha un aroma di brodo di carne.
data/images_flat/2018-2019_Trentingrana__2019-01-23__P2a_305_grana.bmp,Aroma,Aroma di brodo e burro cotto.,Il formaggio ha un aroma di brodo e burro cotto.
data/images_flat/2018-2019_Trentingrana__2019-01-23__P4b_311_grana.bmp,Aroma,"Aroma di burro fuso, panna fresca, panna acida e crosta di formaggio con note poco caratteristiche e lieve sentore di pozzo di scarico.","Il formaggio ha un aroma di burro fuso, panna fresca, panna acida e crosta di formaggio con note poco caratteristiche e lieve sentore di pozzo di scarico."
data/images_flat/2018-2019_Trentingrana__2019-01-23__P4b_311_grana.bmp,Aroma,"Aroma di verdure lesse, brodo vegetale e formaggio cotto.","Il formaggio ha un aroma di verdure lesse, brodo vegetale e formaggio cotto."
data/images_flat/2018-2019_Trentingrana__2019-01-23__P4b_311_grana.bmp,Aroma,Aroma cotto e vegetale.,Il formaggio ha un aroma cotto e vegetale.
data/images_flat/2018-2019_Trentingrana__2019-01-23__P4b_311_grana.bmp,Aroma,Aroma di cotto e biscotto.,Il formaggio ha un aroma di cotto e biscotto.
data/images_flat/2018-2019_Trentingrana__2019-01-23__P4b_311_grana.bmp,Aroma,Aroma stantio.,Il formaggio ha un aroma stantio.
data/images_flat/2018-2019_Trentingrana__2019-01-23__P4b_311_grana.bmp,Aroma,Aroma animale moderato.,Il formaggio ha un aroma animale moderato.
data/images_flat/2018-2019_Trentingrana__2019-01-23__P4b_311_grana.bmp,Aroma,"Aroma di lattico cotto, formaggio cotto e nocciola.","Il formaggio ha un aroma di lattico cotto, formaggio cotto e nocciola."
data/images_flat/2018-2019_Trentingrana__2019-01-23__P4b_311_grana.bmp,Aroma,Aroma di brodo di carne.,Il formaggio ha un aroma di brodo di carne.
data/images_flat/2018-2019_Trentingrana__2019-01-23__P1b_302_grana.bmp,Aroma,"Aroma piatto e monocorde con frutta fermentata, cartone e note di nostrano.","Il formaggio ha un aroma piatto e monocorde con frutta fermentata, cartone e note di nostrano."
data/images_flat/2018-2019_Trentingrana__2019-01-23__P1b_302_grana.bmp,Aroma,Aroma leggero di formaggio cotto e brodo animale.,Il formaggio ha un aroma leggero di formaggio cotto e brodo animale.
data/images_flat/2018-2019_Trentingrana__2019-01-23__P1b_302_grana.bmp,Aroma,"Aroma di panna, non propriamente da grana.","Il formaggio ha un aroma di panna, non propriamente da grana."
data/images_flat/2018-2019_Trentingrana__2019-01-23__P1b_302_grana.bmp,Aroma,Aroma piacevole ma non tipico del grana.,Il formaggio ha un aroma piacevole ma non tipico del grana.
data/images_flat/2018-2019_Trentingrana__2019-01-23__P1b_302_grana.bmp,Aroma,Aroma di formaggio fermentato molto forte e rancido forte.,Il formaggio ha un aroma di formaggio fermentato molto forte e rancido forte.
data/images_flat/2018-2019_Trentingrana__2019-01-23__P1b_302_grana.bmp,Aroma,"Aroma di note vegetali amare non fastidiose, crosta di grana e formaggio cotto.","Il formaggio ha un aroma di note vegetali amare non fastidiose, crosta di grana e formaggio cotto."
data/images_flat/2018-2019_Trentingrana__2019-01-23__P1b_302_grana.bmp,Aroma,Aroma leggermente piccante.,Il formaggio ha un aroma leggermente piccante.
data/images_flat/2018-2019_Trentingrana__2019-01-23__P5a_319_grana.bmp,Aroma,Aroma di burro fuso e brodo con note atipiche di confetto.,Il formaggio ha un aroma di burro fuso e brodo con note atipiche di confetto.
data/images_flat/2018-2019_Trentingrana__2019-01-23__P5a_319_grana.bmp,Aroma,Aroma di formaggio cotto.,Il formaggio ha un aroma di formaggio cotto.
data/images_flat/2018-2019_Trentingrana__2019-01-23__P5a_319_grana.bmp,Aroma,Aroma di panna.,Il formaggio ha un aroma di panna.
data/images_flat/2018-2019_Trentingrana__2019-01-23__P5a_319_grana.bmp,Aroma,Aroma di frutta secca moderato.,Il formaggio ha un aroma di frutta secca moderato.
data/images_flat/2018-2019_Trentingrana__2019-01-23__P5a_319_grana.bmp,Aroma,Aroma leggero.,Il formaggio ha un aroma leggero.
data/images_flat/2018-2019_Trentingrana__2019-01-23__P5a_319_grana.bmp,Aroma,Aroma di burro bruciato e brodo.,Il formaggio ha un aroma di burro bruciato e brodo.
data/images_flat/2018-2019_Trentingrana__2019-01-23__P3a_310_fetta.bmp,Aroma,"Aroma fermentato, sporco e putrido.","Il formaggio ha un aroma fermentato, sporco e putrido."
data/images_flat/2018-2019_Trentingrana__2019-01-23__P3a_310_fetta.bmp,Aroma,Aroma di bruciato e crosta.,Il formaggio ha un aroma di bruciato e crosta.
data/images_flat/2018-2019_Trentingrana__2019-01-23__P3a_310_fetta.bmp,Aroma,Aroma tostato.,Il formaggio ha un aroma tostato.
data/images_flat/2018-2019_Trentingrana__2019-01-23__P3a_310_fetta.bmp,Aroma,"Aroma di verdura lessa e stantio, entrambi forti.","Il formaggio ha un aroma di verdura lessa e stantio, entrambi forti."
data/images_flat/2018-2019_Trentingrana__2019-01-23__P3a_310_fetta.bmp,Aroma,Aroma di erbe amare.,Il formaggio ha un aroma di erbe amare.
data/images_flat/2018-2019_Trentingrana__2019-01-23__P3a_310_fetta.bmp,Aroma,"Aroma con nota estranea al trentingrana, simile a emmental o di stalla.","Il formaggio ha un aroma con nota estranea al trentingrana, simile a emmental o di stalla."
data/images_flat/2018-2019_Trentingrana__2019-01-23__P3a_310_fetta.bmp,Aroma,Aroma quasi neutro una volta svanito l'acido.,Il formaggio ha un aroma quasi neutro una volta svanito l'acido.
data/images_flat/2018-2019_Trentingrana__2019-01-23__P3b_310_fetta.bmp,Aroma,"Aroma fermentato, sporco e putrido.","Il formaggio ha un aroma fermentato, sporco e putrido."
data/images_flat/2018-2019_Trentingrana__2019-01-23__P3b_310_fetta.bmp,Aroma,Aroma di bruciato e crosta.,Il formaggio ha un aroma di bruciato e crosta.
data/images_flat/2018-2019_Trentingrana__2019-01-23__P3b_310_fetta.bmp,Aroma,Aroma tostato.,Il formaggio ha un aroma tostato.
data/images_flat/2018-2019_Trentingrana__2019-01-23__P3b_310_fetta.bmp,Aroma,"Aroma di verdura lessa e stantio, entrambi forti.","Il formaggio ha un aroma di verdura lessa e stantio, entrambi forti."
data/images_flat/2018-2019_Trentingrana__2019-01-23__P3b_310_fetta.bmp,Aroma,Aroma di erbe amare.,Il formaggio ha un aroma di erbe amare.
data/images_flat/2018-2019_Trentingrana__2019-01-23__P3b_310_fetta.bmp,Aroma,"Aroma con nota estranea al trentingrana, simile a emmental o di stalla.","Il formaggio ha un aroma con nota estranea al trentingrana, simile a emmental o di stalla."
data/images_flat/2018-2019_Trentingrana__2019-01-23__P3b_310_fetta.bmp,Aroma,Aroma quasi neutro una volta svanito l'acido.,Il formaggio ha un aroma quasi neutro una volta svanito l'acido.
data/images_flat/2018-2019_Trentingrana__2019-01-23__P5b_319_grana.bmp,Aroma,Aroma di burro fuso e brodo con note atipiche di confetto.,Il formaggio ha un aroma di burro fuso e brodo con note atipiche di confetto.
data/images_flat/2018-2019_Trentingrana__2019-01-23__P5b_319_grana.bmp,Aroma,Aroma di formaggio cotto.,Il formaggio ha un aroma di formaggio cotto.
data/images_flat/2018-2019_Trentingrana__2019-01-23__P5b_319_grana.bmp,Aroma,Aroma di panna.,Il formaggio ha un aroma di panna.
data/images_flat/2018-2019_Trentingrana__2019-01-23__P5b_319_grana.bmp,Aroma,Aroma di frutta secca moderato.,Il formaggio ha un aroma di frutta secca moderato.
data/images_flat/2018-2019_Trentingrana__2019-01-23__P5b_319_grana.bmp,Aroma,Aroma leggero.,Il formaggio ha un aroma leggero.
data/images_flat/2018-2019_Trentingrana__2019-01-23__P5b_319_grana.bmp,Aroma,Aroma di burro bruciato e brodo.,Il formaggio ha un aroma di burro bruciato e brodo.
data/images_flat/2018-2019_Trentingrana__2019-01-23__P2b_305_fetta.bmp,Aroma,Aroma di burro cotto con note di frutta fermentata poco caratteristiche.,Il formaggio ha un aroma di burro cotto con note di frutta fermentata poco caratteristiche.
data/images_flat/2018-2019_Trentingrana__2019-01-23__P2b_305_fetta.bmp,Aroma,Aroma di formaggio cotto.,Il formaggio ha un aroma di formaggio cotto.
data/images_flat/2018-2019_Trentingrana__2019-01-23__P2b_305_fetta.bmp,Aroma,Aroma moderatamente rancido.,Il formaggio ha un aroma moderatamente rancido.
data/images_flat/2018-2019_Trentingrana__2019-01-23__P2b_305_fetta.bmp,Aroma,Aroma di brodo di carne.,Il formaggio ha un aroma di brodo di carne.
data/images_flat/2018-2019_Trentingrana__2019-01-23__P2b_305_fetta.bmp,Aroma,Aroma di brodo e burro cotto.,Il formaggio ha un aroma di brodo e burro cotto.
data/images_flat/2018-2019_Trentingrana__2019-01-23__P6a_323_fetta.bmp,Aroma,Aroma a tratti putrido e marcio con note di nostrano e frutta fermentata.,Il formaggio ha un aroma a tratti putrido e marcio con note di nostrano e frutta fermentata.
data/images_flat/2018-2019_Trentingrana__2019-01-23__P6a_323_fetta.bmp,Aroma,Aroma tostato con note di brodo di carne.,Il formaggio ha un aroma tostato con note di brodo di carne.
data/images_flat/2018-2019_Trentingrana__2019-01-23__P6a_323_fetta.bmp,Aroma,Aroma di panna e vegetale.,Il formaggio ha un aroma di panna e vegetale.
data/images_flat/2018-2019_Trentingrana__2019-01-23__P6a_323_fetta.bmp,Aroma,"Aroma stantio e rancido, con intensità forte.","Il formaggio ha un aroma stantio e rancido, con intensità forte."
data/images_flat/2018-2019_Trentingrana__2019-01-23__P6a_323_fetta.bmp,Aroma,Aroma lattico cotto.,Il formaggio ha un aroma lattico cotto.
data/images_flat/2018-2019_Trentingrana__2019-01-23__P6a_323_fetta.bmp,Aroma,Aroma relativamente intenso con sentore di crosta.,Il formaggio ha un aroma relativamente intenso con sentore di crosta.
data/images_flat/2018-2019_Trentingrana__2019-01-23__P6a_323_fetta.bmp,Aroma,Aroma di formaggio cotto.,Il formaggio ha un aroma di formaggio cotto.
data/images_flat/2018-2019_Trentingrana__2019-01-23__P1a_302_fetta.bmp,Aroma,"Aroma piatto e monocorde con frutta fermentata, cartone e note di nostrano.","Il formaggio ha un aroma piatto e monocorde con frutta fermentata, cartone e note di nostrano."
data/images_flat/2018-2019_Trentingrana__2019-01-23__P1a_302_fetta.bmp,Aroma,Aroma leggero di formaggio cotto e brodo animale.,Il formaggio ha un aroma leggero di formaggio cotto e brodo animale.
data/images_flat/2018-2019_Trentingrana__2019-01-23__P1a_302_fetta.bmp,Aroma,"Aroma di panna, non propriamente da grana.","Il formaggio ha un aroma di panna, non propriamente da grana."
data/images_flat/2018-2019_Trentingrana__2019-01-23__P1a_302_fetta.bmp,Aroma,Aroma piacevole ma non tipico del grana.,Il formaggio ha un aroma piacevole ma non tipico del grana.
data/images_flat/2018-2019_Trentingrana__2019-01-23__P1a_302_fetta.bmp,Aroma,Aroma di formaggio fermentato molto forte e rancido forte.,Il formaggio ha un aroma di formaggio fermentato molto forte e rancido forte.
data/images_flat/2018-2019_Trentingrana__2019-01-23__P1a_302_fetta.bmp,Aroma,"Aroma di note vegetali amare non fastidiose, crosta di grana e formaggio cotto.","Il formaggio ha un aroma di note vegetali amare non fastidiose, crosta di grana e formaggio cotto."
data/images_flat/2018-2019_Trentingrana__2019-01-23__P1a_302_fetta.bmp,Aroma,Aroma leggermente piccante.,Il formaggio ha un aroma leggermente piccante.
data/images_flat/2018-2019_Trentingrana__2019-01-23__P4a_311_fetta.bmp,Aroma,"Aroma di burro fuso, panna fresca, panna acida e crosta di formaggio con note poco caratteristiche e lieve sentore di pozzo di scarico.","Il formaggio ha un aroma di burro fuso, panna fresca, panna acida e crosta di formaggio con note poco caratteristiche e lieve sentore di pozzo di scarico."
data/images_flat/2018-2019_Trentingrana__2019-01-23__P4a_311_fetta.bmp,Aroma,"Aroma di verdure lesse, brodo vegetale e formaggio cotto.","Il formaggio ha un aroma di verdure lesse, brodo vegetale e formaggio cotto."
data/images_flat/2018-2019_Trentingrana__2019-01-23__P4a_311_fetta.bmp,Aroma,Aroma cotto e vegetale.,Il formaggio ha un aroma cotto e vegetale.
data/images_flat/2018-2019_Trentingrana__2019-01-23__P4a_311_fetta.bmp,Aroma,Aroma di cotto e biscotto.,Il formaggio ha un aroma di cotto e biscotto.
data/images_flat/2018-2019_Trentingrana__2019-01-23__P4a_311_fetta.bmp,Aroma,Aroma stantio.,Il formaggio ha un aroma stantio.
data/images_flat/2018-2019_Trentingrana__2019-01-23__P4a_311_fetta.bmp,Aroma,Aroma animale moderato.,Il formaggio ha un aroma animale moderato.
data/images_flat/2018-2019_Trentingrana__2019-01-23__P4a_311_fetta.bmp,Aroma,"Aroma di lattico cotto, formaggio cotto e nocciola.","Il formaggio ha un aroma di lattico cotto, formaggio cotto e nocciola."
data/images_flat/2018-2019_Trentingrana__2019-01-23__P4a_311_fetta.bmp,Aroma,Aroma di brodo di carne.,Il formaggio ha un aroma di brodo di carne.
data/images_flat/2018-2019_Trentingrana__2019-01-23__P1b_302_fetta.bmp,Aroma,"Aroma piatto e monocorde con frutta fermentata, cartone e note di nostrano.","Il formaggio ha un aroma piatto e monocorde con frutta fermentata, cartone e note di nostrano."
data/images_flat/2018-2019_Trentingrana__2019-01-23__P1b_302_fetta.bmp,Aroma,Aroma leggero di formaggio cotto e brodo animale.,Il formaggio ha un aroma leggero di formaggio cotto e brodo animale.
data/images_flat/2018-2019_Trentingrana__2019-01-23__P1b_302_fetta.bmp,Aroma,"Aroma di panna, non propriamente da grana.","Il formaggio ha un aroma di panna, non propriamente da grana."
data/images_flat/2018-2019_Trentingrana__2019-01-23__P1b_302_fetta.bmp,Aroma,Aroma piacevole ma non tipico del grana.,Il formaggio ha un aroma piacevole ma non tipico del grana.
data/images_flat/2018-2019_Trentingrana__2019-01-23__P1b_302_fetta.bmp,Aroma,Aroma di formaggio fermentato molto forte e rancido forte.,Il formaggio ha un aroma di formaggio fermentato molto forte e rancido forte.
data/images_flat/2018-2019_Trentingrana__2019-01-23__P1b_302_fetta.bmp,Aroma,"Aroma di note vegetali amare non fastidiose, crosta di grana e formaggio cotto.","Il formaggio ha un aroma di note vegetali amare non fastidiose, crosta di grana e formaggio cotto."
data/images_flat/2018-2019_Trentingrana__2019-01-23__P1b_302_fetta.bmp,Aroma,Aroma leggermente piccante.,Il formaggio ha un aroma leggermente piccante.
data/images_flat/2018-2019_Trentingrana__2019-01-23__P4b_311_fetta.bmp,Aroma,"Aroma di burro fuso, panna fresca, panna acida e crosta di formaggio con note poco caratteristiche e lieve sentore di pozzo di scarico.","Il formaggio ha un aroma di burro fuso, panna fresca, panna acida e crosta di formaggio con note poco caratteristiche e lieve sentore di pozzo di scarico."
data/images_flat/2018-2019_Trentingrana__2019-01-23__P4b_311_fetta.bmp,Aroma,"Aroma di verdure lesse, brodo vegetale e formaggio cotto.","Il formaggio ha un aroma di verdure lesse, brodo vegetale e formaggio cotto."
data/images_flat/2018-2019_Trentingrana__2019-01-23__P4b_311_fetta.bmp,Aroma,Aroma cotto e vegetale.,Il formaggio ha un aroma cotto e vegetale.
data/images_flat/2018-2019_Trentingrana__2019-01-23__P4b_311_fetta.bmp,Aroma,Aroma di cotto e biscotto.,Il formaggio ha un aroma di cotto e biscotto.
data/images_flat/2018-2019_Trentingrana__2019-01-23__P4b_311_fetta.bmp,Aroma,Aroma stantio.,Il formaggio ha un aroma stantio.
data/images_flat/2018-2019_Trentingrana__2019-01-23__P4b_311_fetta.bmp,Aroma,Aroma animale moderato.,Il formaggio ha un aroma animale moderato.
data/images_flat/2018-2019_Trentingrana__2019-01-23__P4b_311_fetta.bmp,Aroma,"Aroma di lattico cotto, formaggio cotto e nocciola.","Il formaggio ha un aroma di lattico cotto, formaggio cotto e nocciola."
data/images_flat/2018-2019_Trentingrana__2019-01-23__P4b_311_fetta.bmp,Aroma,Aroma di brodo di carne.,Il formaggio ha un aroma di brodo di carne.
data/images_flat/2018-2019_Trentingrana__2019-01-23__P2a_305_fetta.bmp,Aroma,Aroma di burro cotto con note di frutta fermentata poco caratteristiche.,Il formaggio ha un aroma di burro cotto con note di frutta fermentata poco caratteristiche.
data/images_flat/2018-2019_Trentingrana__2019-01-23__P2a_305_fetta.bmp,Aroma,Aroma di formaggio cotto.,Il formaggio ha un aroma di formaggio cotto.
data/images_flat/2018-2019_Trentingrana__2019-01-23__P2a_305_fetta.bmp,Aroma,Aroma moderatamente rancido.,Il formaggio ha un aroma moderatamente rancido.
data/images_flat/2018-2019_Trentingrana__2019-01-23__P2a_305_fetta.bmp,Aroma,Aroma di brodo di carne.,Il formaggio ha un aroma di brodo di carne.
data/images_flat/2018-2019_Trentingrana__2019-01-23__P2a_305_fetta.bmp,Aroma,Aroma di brodo e burro cotto.,Il formaggio ha un aroma di brodo e burro cotto.
data/images_flat/2018-2019_Trentingrana__2019-01-23__P6b_323_fetta.bmp,Aroma,Aroma a tratti putrido e marcio con note di nostrano e frutta fermentata.,Il formaggio ha un aroma a tratti putrido e marcio con note di nostrano e frutta fermentata.
data/images_flat/2018-2019_Trentingrana__2019-01-23__P6b_323_fetta.bmp,Aroma,Aroma tostato con note di brodo di carne.,Il formaggio ha un aroma tostato con note di brodo di carne.
data/images_flat/2018-2019_Trentingrana__2019-01-23__P6b_323_fetta.bmp,Aroma,Aroma di panna e vegetale.,Il formaggio ha un aroma di panna e vegetale.
data/images_flat/2018-2019_Trentingrana__2019-01-23__P6b_323_fetta.bmp,Aroma,"Aroma stantio e rancido, con intensità forte.","Il formaggio ha un aroma stantio e rancido, con intensità forte."
data/images_flat/2018-2019_Trentingrana__2019-01-23__P6b_323_fetta.bmp,Aroma,Aroma lattico cotto.,Il formaggio ha un aroma lattico cotto.
data/images_flat/2018-2019_Trentingrana__2019-01-23__P6b_323_fetta.bmp,Aroma,Aroma relativamente intenso con sentore di crosta.,Il formaggio ha un aroma relativamente intenso con sentore di crosta.
data/images_flat/2018-2019_Trentingrana__2019-01-23__P6b_323_fetta.bmp,Aroma,Aroma di formaggio cotto.,Il formaggio ha un aroma di formaggio cotto.
data/images_flat/2018-2019_Trentingrana__2018-11-07__P3a_306_fetta.bmp,Aroma,"Aroma di tostati, erbe amare, lattico cotto e crosta di formaggio.","Il formaggio ha un aroma di tostati, erbe amare, lattico cotto e crosta di formaggio."
data/images_flat/2018-2019_Trentingrana__2018-11-07__P3a_306_fetta.bmp,Aroma,"Aroma poco complesso con note di formaggio cotto e crosta, leggermente passato.","Il formaggio ha un aroma poco complesso con note di formaggio cotto e crosta, leggermente passato."
data/images_flat/2018-2019_Trentingrana__2018-11-07__P4a_310_grana.bmp,Aroma,Aroma cotto.,Il formaggio ha un aroma cotto.
data/images_flat/2018-2019_Trentingrana__2018-11-07__P4a_310_grana.bmp,Aroma,Aroma vegetale fermentato e cotto con note di crosta.,Il formaggio ha un aroma vegetale fermentato e cotto con note di crosta.
data/images_flat/2018-2019_Trentingrana__2018-11-07__P4a_310_grana.bmp,Aroma,Aroma di brodo con note di dado e sedano.,Il formaggio ha un aroma di brodo con note di dado e sedano.
data/images_flat/2018-2019_Trentingrana__2018-11-07__P4a_310_grana.bmp,Aroma,Aroma propionico fermentato.,Il formaggio ha un aroma propionico fermentato.
data/images_flat/2018-2019_Trentingrana__2018-11-07__P5a_323_grana.bmp,Aroma,"Aroma di latte animale e letame, poco tipico del grana.","Il formaggio ha un aroma di latte animale e letame, poco tipico del grana."
data/images_flat/2018-2019_Trentingrana__2018-11-07__P5a_323_grana.bmp,Aroma,Aroma di burro fuso.,Il formaggio ha un aroma di burro fuso.
data/images_flat/2018-2019_Trentingrana__2018-11-07__P5a_323_grana.bmp,Aroma,"Aroma di lattici cotti, tostati, con note erbacee, brodo vegetale e animale.","Il formaggio ha un aroma di lattici cotti, tostati, con note erbacee, brodo vegetale e animale."
data/images_flat/2018-2019_Trentingrana__2018-11-07__P5a_323_grana.bmp,Aroma,"Aroma lattico evoluto, burro fuso con sentori di fieno e brodo, caratteristico.","Il formaggio ha un aroma lattico evoluto, burro fuso con sentori di fieno e brodo, caratteristico."
data/images_flat/2018-2019_Trentingrana__2018-11-07__P5b_323_grana.bmp,Aroma,"Aroma di latte animale e letame, poco tipico del grana.","Il formaggio ha un aroma di latte animale e letame, poco tipico del grana."
data/images_flat/2018-2019_Trentingrana__2018-11-07__P5b_323_grana.bmp,Aroma,Aroma di burro fuso.,Il formaggio ha un aroma di burro fuso.
data/images_flat/2018-2019_Trentingrana__2018-11-07__P5b_323_grana.bmp,Aroma,"Aroma di lattici cotti, tostati, con note erbacee, brodo vegetale e animale.","Il formaggio ha un aroma di lattici cotti, tostati, con note erbacee, brodo vegetale e animale."
data/images_flat/2018-2019_Trentingrana__2018-11-07__P5b_323_grana.bmp,Aroma,"Aroma lattico evoluto, burro fuso con sentori di fieno e brodo, caratteristico.","Il formaggio ha un aroma lattico evoluto, burro fuso con sentori di fieno e brodo, caratteristico."
data/images_flat/2018-2019_Trentingrana__2018-11-07__P3b_306_fetta.bmp,Aroma,"Aroma di tostati, erbe amare, lattico cotto e crosta di formaggio.","Il formaggio ha un aroma di tostati, erbe amare, lattico cotto e crosta di formaggio."
data/images_flat/2018-2019_Trentingrana__2018-11-07__P3b_306_fetta.bmp,Aroma,"Aroma poco complesso con note di formaggio cotto e crosta, leggermente passato.","Il formaggio ha un aroma poco complesso con note di formaggio cotto e crosta, leggermente passato."
data/images_flat/2018-2019_Trentingrana__2018-11-07__P4b_310_grana.bmp,Aroma,Aroma cotto.,Il formaggio ha un aroma cotto.
data/images_flat/2018-2019_Trentingrana__2018-11-07__P4b_310_grana.bmp,Aroma,Aroma vegetale fermentato e cotto con note di crosta.,Il formaggio ha un aroma vegetale fermentato e cotto con note di crosta.
data/images_flat/2018-2019_Trentingrana__2018-11-07__P4b_310_grana.bmp,Aroma,Aroma di brodo con note di dado e sedano.,Il formaggio ha un aroma di brodo con note di dado e sedano.
data/images_flat/2018-2019_Trentingrana__2018-11-07__P4b_310_grana.bmp,Aroma,Aroma propionico fermentato.,Il formaggio ha un aroma propionico fermentato.
data/images_flat/2018-2019_Trentingrana__2018-11-07__P6a_338_fetta.bmp,Aroma,Aroma cotto.,Il formaggio ha un aroma cotto.
data/images_flat/2018-2019_Trentingrana__2018-11-07__P6a_338_fetta.bmp,Aroma,"Aroma ossidato e vecchio, non gradevole.","Il formaggio ha un aroma ossidato e vecchio, non gradevole."
data/images_flat/2018-2019_Trentingrana__2018-11-07__P6a_338_fetta.bmp,Aroma,Aroma cotto quasi bruciato con note di legna secca vecchia.,Il formaggio ha un aroma cotto quasi bruciato con note di legna secca vecchia.
data/images_flat/2018-2019_Trentingrana__2018-11-07__P6a_338_fetta.bmp,Aroma,Aroma atipico.,Il formaggio ha un aroma atipico.
data/images_flat/2018-2019_Trentingrana__2018-11-07__P1b_304_grana.bmp,Aroma,Aroma cotto.,Il formaggio ha un aroma cotto.
data/images_flat/2018-2019_Trentingrana__2018-11-07__P1b_304_grana.bmp,Aroma,Aroma di brodo di carne.,Il formaggio ha un aroma di brodo di carne.
data/images_flat/2018-2019_Trentingrana__2018-11-07__P1b_304_grana.bmp,Aroma,"Aroma di latte cotto e burro cotto prevalenti, caratteristico ma poco complesso.","Il formaggio ha un aroma di latte cotto e burro cotto prevalenti, caratteristico ma poco complesso."
data/images_flat/2018-2019_Trentingrana__2018-11-07__P1b_304_grana.bmp,Aroma,Aroma di sedano.,Il formaggio ha un aroma di sedano.
data/images_flat/2018-2019_Trentingrana__2018-11-07__P2b_305_grana.bmp,Aroma,Aroma di latte poco da grana.,Il formaggio ha un aroma di latte poco da grana.
data/images_flat/2018-2019_Trentingrana__2018-11-07__P2b_305_grana.bmp,Aroma,Aroma leggermente stantio.,Il formaggio ha un aroma leggermente stantio.
data/images_flat/2018-2019_Trentingrana__2018-11-07__P2b_305_grana.bmp,Aroma,"Aroma caratteristico, mediamente intenso, con buone note lattiche e lieve nota propionica.","Il formaggio ha un aroma caratteristico, mediamente intenso, con buone note lattiche e lieve nota propionica."
data/images_flat/2018-2019_Trentingrana__2018-11-07__P1a_304_grana.bmp,Aroma,Aroma cotto.,Il formaggio ha un aroma cotto.
data/images_flat/2018-2019_Trentingrana__2018-11-07__P1a_304_grana.bmp,Aroma,Aroma di brodo di carne.,Il formaggio ha un aroma di brodo di carne.
data/images_flat/2018-2019_Trentingrana__2018-11-07__P1a_304_grana.bmp,Aroma,"Aroma di latte cotto e burro cotto prevalenti, caratteristico ma poco complesso.","Il formaggio ha un aroma di latte cotto e burro cotto prevalenti, caratteristico ma poco complesso."
data/images_flat/2018-2019_Trentingrana__2018-11-07__P1a_304_grana.bmp,Aroma,Aroma di sedano.,Il formaggio ha un aroma di sedano.
data/images_flat/2018-2019_Trentingrana__2018-11-07__P6b_338_fetta.bmp,Aroma,Aroma cotto.,Il formaggio ha un aroma cotto.
data/images_flat/2018-2019_Trentingrana__2018-11-07__P6b_338_fetta.bmp,Aroma,"Aroma ossidato e vecchio, non gradevole.","Il formaggio ha un aroma ossidato e vecchio, non gradevole."
data/images_flat/2018-2019_Trentingrana__2018-11-07__P6b_338_fetta.bmp,Aroma,Aroma cotto quasi bruciato con note di legna secca vecchia.,Il formaggio ha un aroma cotto quasi bruciato con note di legna secca vecchia.
data/images_flat/2018-2019_Trentingrana__2018-11-07__P6b_338_fetta.bmp,Aroma,Aroma atipico.,Il formaggio ha un aroma atipico.
data/images_flat/2018-2019_Trentingrana__2018-11-07__P2a_305_grana.bmp,Aroma,Aroma di latte poco da grana.,Il formaggio ha un aroma di latte poco da grana.
data/images_flat/2018-2019_Trentingrana__2018-11-07__P2a_305_grana.bmp,Aroma,Aroma leggermente stantio.,Il formaggio ha un aroma leggermente stantio.
data/images_flat/2018-2019_Trentingrana__2018-11-07__P2a_305_grana.bmp,Aroma,"Aroma caratteristico, mediamente intenso, con buone note lattiche e lieve nota propionica.","Il formaggio ha un aroma caratteristico, mediamente intenso, con buone note lattiche e lieve nota propionica."
data/images_flat/2018-2019_Trentingrana__2018-11-07__P5a_323_fetta.bmp,Aroma,"Aroma di latte animale e letame, poco tipico del grana.","Il formaggio ha un aroma di latte animale e letame, poco tipico del grana."
data/images_flat/2018-2019_Trentingrana__2018-11-07__P5a_323_fetta.bmp,Aroma,Aroma di burro fuso.,Il formaggio ha un aroma di burro fuso.
data/images_flat/2018-2019_Trentingrana__2018-11-07__P5a_323_fetta.bmp,Aroma,"Aroma di lattici cotti, tostati, con note erbacee, brodo vegetale e animale.","Il formaggio ha un aroma di lattici cotti, tostati, con note erbacee, brodo vegetale e animale."
data/images_flat/2018-2019_Trentingrana__2018-11-07__P5a_323_fetta.bmp,Aroma,"Aroma lattico evoluto, burro fuso con sentori di fieno e brodo, caratteristico.","Il formaggio ha un aroma lattico evoluto, burro fuso con sentori di fieno e brodo, caratteristico."
data/images_flat/2018-2019_Trentingrana__2018-11-07__P3a_306_grana.bmp,Aroma,"Aroma di tostati, erbe amare, lattico cotto e crosta di formaggio.","Il formaggio ha un aroma di tostati, erbe amare, lattico cotto e crosta di formaggio."
data/images_flat/2018-2019_Trentingrana__2018-11-07__P3a_306_grana.bmp,Aroma,"Aroma poco complesso con note di formaggio cotto e crosta, leggermente passato.","Il formaggio ha un aroma poco complesso con note di formaggio cotto e crosta, leggermente passato."
data/images_flat/2018-2019_Trentingrana__2018-11-07__P4a_310_fetta.bmp,Aroma,Aroma cotto.,Il formaggio ha un aroma cotto.
data/images_flat/2018-2019_Trentingrana__2018-11-07__P4a_310_fetta.bmp,Aroma,Aroma vegetale fermentato e cotto con note di crosta.,Il formaggio ha un aroma vegetale fermentato e cotto con note di crosta.
data/images_flat/2018-2019_Trentingrana__2018-11-07__P4a_310_fetta.bmp,Aroma,Aroma di brodo con note di dado e sedano.,Il formaggio ha un aroma di brodo con note di dado e sedano.
data/images_flat/2018-2019_Trentingrana__2018-11-07__P4a_310_fetta.bmp,Aroma,Aroma propionico fermentato.,Il formaggio ha un aroma propionico fermentato.
data/images_flat/2018-2019_Trentingrana__2018-11-07__P3b_306_grana.bmp,Aroma,"Aroma di tostati, erbe amare, lattico cotto e crosta di formaggio.","Il formaggio ha un aroma di tostati, erbe amare, lattico cotto e crosta di formaggio."
data/images_flat/2018-2019_Trentingrana__2018-11-07__P3b_306_grana.bmp,Aroma,"Aroma poco complesso con note di formaggio cotto e crosta, leggermente passato.","Il formaggio ha un aroma poco complesso con note di formaggio cotto e crosta, leggermente passato."
data/images_flat/2018-2019_Trentingrana__2018-11-07__P4b_310_fetta.bmp,Aroma,Aroma cotto.,Il formaggio ha un aroma cotto.
data/images_flat/2018-2019_Trentingrana__2018-11-07__P4b_310_fetta.bmp,Aroma,Aroma vegetale fermentato e cotto con note di crosta.,Il formaggio ha un aroma vegetale fermentato e cotto con note di crosta.
data/images_flat/2018-2019_Trentingrana__2018-11-07__P4b_310_fetta.bmp,Aroma,Aroma di brodo con note di dado e sedano.,Il formaggio ha un aroma di brodo con note di dado e sedano.
data/images_flat/2018-2019_Trentingrana__2018-11-07__P4b_310_fetta.bmp,Aroma,Aroma propionico fermentato.,Il formaggio ha un aroma propionico fermentato.
data/images_flat/2018-2019_Trentingrana__2018-11-07__P5b_323_fetta.bmp,Aroma,"Aroma di latte animale e letame, poco tipico del grana.","Il formaggio ha un aroma di latte animale e letame, poco tipico del grana."
data/images_flat/2018-2019_Trentingrana__2018-11-07__P5b_323_fetta.bmp,Aroma,Aroma di burro fuso.,Il formaggio ha un aroma di burro fuso.
data/images_flat/2018-2019_Trentingrana__2018-11-07__P5b_323_fetta.bmp,Aroma,"Aroma di lattici cotti, tostati, con note erbacee, brodo vegetale e animale.","Il formaggio ha un aroma di lattici cotti, tostati, con note erbacee, brodo vegetale e animale."
data/images_flat/2018-2019_Trentingrana__2018-11-07__P5b_323_fetta.bmp,Aroma,"Aroma lattico evoluto, burro fuso con sentori di fieno e brodo, caratteristico.","Il formaggio ha un aroma lattico evoluto, burro fuso con sentori di fieno e brodo, caratteristico."
data/images_flat/2018-2019_Trentingrana__2018-11-07__P2b_305_fetta.bmp,Aroma,Aroma di latte poco da grana.,Il formaggio ha un aroma di latte poco da grana.
data/images_flat/2018-2019_Trentingrana__2018-11-07__P2b_305_fetta.bmp,Aroma,Aroma leggermente stantio.,Il formaggio ha un aroma leggermente stantio.
data/images_flat/2018-2019_Trentingrana__2018-11-07__P2b_305_fetta.bmp,Aroma,"Aroma caratteristico, mediamente intenso, con buone note lattiche e lieve nota propionica.","Il formaggio ha un aroma caratteristico, mediamente intenso, con buone note lattiche e lieve nota propionica."
data/images_flat/2018-2019_Trentingrana__2018-11-07__P1b_304_fetta.bmp,Aroma,Aroma cotto.,Il formaggio ha un aroma cotto.
data/images_flat/2018-2019_Trentingrana__2018-11-07__P1b_304_fetta.bmp,Aroma,Aroma di brodo di carne.,Il formaggio ha un aroma di brodo di carne.
data/images_flat/2018-2019_Trentingrana__2018-11-07__P1b_304_fetta.bmp,Aroma,"Aroma di latte cotto e burro cotto prevalenti, caratteristico ma poco complesso.","Il formaggio ha un aroma di latte cotto e burro cotto prevalenti, caratteristico ma poco complesso."
data/images_flat/2018-2019_Trentingrana__2018-11-07__P1b_304_fetta.bmp,Aroma,Aroma di sedano.,Il formaggio ha un aroma di sedano.
data/images_flat/2018-2019_Trentingrana__2018-11-07__P6a_338_grana.bmp,Aroma,Aroma cotto.,Il formaggio ha un aroma cotto.
data/images_flat/2018-2019_Trentingrana__2018-11-07__P6a_338_grana.bmp,Aroma,"Aroma ossidato e vecchio, non gradevole.","Il formaggio ha un aroma ossidato e vecchio, non gradevole."
data/images_flat/2018-2019_Trentingrana__2018-11-07__P6a_338_grana.bmp,Aroma,Aroma cotto quasi bruciato con note di legna secca vecchia.,Il formaggio ha un aroma cotto quasi bruciato con note di legna secca vecchia.
data/images_flat/2018-2019_Trentingrana__2018-11-07__P6a_338_grana.bmp,Aroma,Aroma atipico.,Il formaggio ha un aroma atipico.
data/images_flat/2018-2019_Trentingrana__2018-11-07__P2a_305_fetta.bmp,Aroma,Aroma di latte poco da grana.,Il formaggio ha un aroma di latte poco da grana.
data/images_flat/2018-2019_Trentingrana__2018-11-07__P2a_305_fetta.bmp,Aroma,Aroma leggermente stantio.,Il formaggio ha un aroma leggermente stantio.
data/images_flat/2018-2019_Trentingrana__2018-11-07__P2a_305_fetta.bmp,Aroma,"Aroma caratteristico, mediamente intenso, con buone note lattiche e lieve nota propionica.","Il formaggio ha un aroma caratteristico, mediamente intenso, con buone note lattiche e lieve nota propionica."
data/images_flat/2018-2019_Trentingrana__2018-11-07__P6b_338_grana.bmp,Aroma,Aroma cotto.,Il formaggio ha un aroma cotto.
data/images_flat/2018-2019_Trentingrana__2018-11-07__P6b_338_grana.bmp,Aroma,"Aroma ossidato e vecchio, non gradevole.","Il formaggio ha un aroma ossidato e vecchio, non gradevole."
data/images_flat/2018-2019_Trentingrana__2018-11-07__P6b_338_grana.bmp,Aroma,Aroma cotto quasi bruciato con note di legna secca vecchia.,Il formaggio ha un aroma cotto quasi bruciato con note di legna secca vecchia.
data/images_flat/2018-2019_Trentingrana__2018-11-07__P6b_338_grana.bmp,Aroma,Aroma atipico.,Il formaggio ha un aroma atipico.
data/images_flat/2018-2019_Trentingrana__2018-11-07__P1a_304_fetta.bmp,Aroma,Aroma cotto.,Il formaggio ha un aroma cotto.
data/images_flat/2018-2019_Trentingrana__2018-11-07__P1a_304_fetta.bmp,Aroma,Aroma di brodo di carne.,Il formaggio ha un aroma di brodo di carne.
data/images_flat/2018-2019_Trentingrana__2018-11-07__P1a_304_fetta.bmp,Aroma,"Aroma di latte cotto e burro cotto prevalenti, caratteristico ma poco complesso.","Il formaggio ha un aroma di latte cotto e burro cotto prevalenti, caratteristico ma poco complesso."
data/images_flat/2018-2019_Trentingrana__2018-11-07__P1a_304_fetta.bmp,Aroma,Aroma di sedano.,Il formaggio ha un aroma di sedano.
data/images_flat/2018-2019_Trentingrana__2019-03-26__P4a_311_grana.bmp,Aroma,Aroma di siero acido e yogurt a intensità leggera moderata.,Il formaggio ha un aroma di siero acido e yogurt a intensità leggera moderata.
data/images_flat/2018-2019_Trentingrana__2019-03-26__P4a_311_grana.bmp,Aroma,Aroma di latte ossidato.,Il formaggio ha un aroma di latte ossidato.
data/images_flat/2018-2019_Trentingrana__2019-03-26__P4a_311_grana.bmp,Aroma,Aroma di latte.,Il formaggio ha un aroma di latte.
data/images_flat/2018-2019_Trentingrana__2019-03-26__P4a_311_grana.bmp,Aroma,"Aroma di bruciato e stalla, abbastanza intenso.","Il formaggio ha un aroma di bruciato e stalla, abbastanza intenso."
data/images_flat/2018-2019_Trentingrana__2019-03-26__P4a_311_grana.bmp,Aroma,"Aroma prevalentemente lattico, pannoso, di burro fuso e brodo di pollo.","Il formaggio ha un aroma prevalentemente lattico, pannoso, di burro fuso e brodo di pollo."
data/images_flat/2018-2019_Trentingrana__2019-03-26__P3a_307_fetta.bmp,Aroma,Aroma tostato leggero con note di crosta di formaggio.,Il formaggio ha un aroma tostato leggero con note di crosta di formaggio.
data/images_flat/2018-2019_Trentingrana__2019-03-26__P3a_307_fetta.bmp,Aroma,Aroma di latte cotto e tostato.,Il formaggio ha un aroma di latte cotto e tostato.
data/images_flat/2018-2019_Trentingrana__2019-03-26__P3a_307_fetta.bmp,Aroma,Aroma di crosta molto cotto e tostato.,Il formaggio ha un aroma di crosta molto cotto e tostato.
data/images_flat/2018-2019_Trentingrana__2019-03-26__P3a_307_fetta.bmp,Aroma,"Aroma poco caratteristico con note di formaggio cotto, crosta, tela bagnata e acqua stagnante, con sottofondo di nota lattica di burro.","Il formaggio ha un aroma poco caratteristico con note di formaggio cotto, crosta, tela bagnata e acqua stagnante, con sottofondo di nota lattica di burro."
data/images_flat/2018-2019_Trentingrana__2019-03-26__P5b_330_grana.bmp,Aroma,Aroma tostato leggero.,Il formaggio ha un aroma tostato leggero.
data/images_flat/2018-2019_Trentingrana__2019-03-26__P5b_330_grana.bmp,Aroma,"Aroma poco intenso, senza difetti.","Il formaggio ha un aroma poco intenso, senza difetti."
data/images_flat/2018-2019_Trentingrana__2019-03-26__P5b_330_grana.bmp,Aroma,Aroma di crosta di formaggio e pasta cotta.,Il formaggio ha un aroma di crosta di formaggio e pasta cotta.
data/images_flat/2018-2019_Trentingrana__2019-03-26__P5b_330_grana.bmp,Aroma,Aroma leggero di formaggio cotto.,Il formaggio ha un aroma leggero di formaggio cotto.
data/images_flat/2018-2019_Trentingrana__2019-03-26__P5b_330_grana.bmp,Aroma,Aroma poco caratteristico e stantio con note lattiche di burro fuso.,Il formaggio ha un aroma poco caratteristico e stantio con note lattiche di burro fuso.
data/images_flat/2018-2019_Trentingrana__2019-03-26__P5b_330_grana.bmp,Aroma,"Aroma propionico, non positivo.","Il formaggio ha un aroma propionico, non positivo."
data/images_flat/2018-2019_Trentingrana__2019-03-26__P1a_302_grana.bmp,Aroma,Aroma tostato e latte cotto con intensità leggera.,Il formaggio ha un aroma tostato e latte cotto con intensità leggera.
data/images_flat/2018-2019_Trentingrana__2019-03-26__P1a_302_grana.bmp,Aroma,Aroma di panna.,Il formaggio ha un aroma di panna.
data/images_flat/2018-2019_Trentingrana__2019-03-26__P1a_302_grana.bmp,Aroma,Aroma di crosta di formaggio.,Il formaggio ha un aroma di crosta di formaggio.
data/images_flat/2018-2019_Trentingrana__2019-03-26__P1a_302_grana.bmp,Aroma,Aroma di burro fuso e formaggio cotto.,Il formaggio ha un aroma di burro fuso e formaggio cotto.
data/images_flat/2018-2019_Trentingrana__2019-03-26__P1a_302_grana.bmp,Aroma,"Aroma lattico in bocca con note di panna, burro cotto e crosta di formaggio.","Il formaggio ha un aroma lattico in bocca con note di panna, burro cotto e crosta di formaggio."
data/images_flat/2018-2019_Trentingrana__2019-03-26__P6a_338_fetta.bmp,Aroma,Aroma di yogurt e tostato con intensità leggera.,Il formaggio ha un aroma di yogurt e tostato con intensità leggera.
data/images_flat/2018-2019_Trentingrana__2019-03-26__P6a_338_fetta.bmp,Aroma,Aroma di latte non tipico del grana.,Il formaggio ha un aroma di latte non tipico del grana.
data/images_flat/2018-2019_Trentingrana__2019-03-26__P6a_338_fetta.bmp,Aroma,Aroma di burro.,Il formaggio ha un aroma di burro.
data/images_flat/2018-2019_Trentingrana__2019-03-26__P6a_338_fetta.bmp,Aroma,Aroma di formaggio cotto e burro fuso.,Il formaggio ha un aroma di formaggio cotto e burro fuso.
data/images_flat/2018-2019_Trentingrana__2019-03-26__P6a_338_fetta.bmp,Aroma,"Aroma poco intenso con note lattiche di panna e formaggio fuso, sentore di formaggino.","Il formaggio ha un aroma poco intenso con note lattiche di panna e formaggio fuso, sentore di formaggino."
data/images_flat/2018-2019_Trentingrana__2019-03-26__P2b_305_grana.bmp,Aroma,Aroma di crosta tostata e panna con intensità leggera.,Il formaggio ha un aroma di crosta tostata e panna con intensità leggera.
data/images_flat/2018-2019_Trentingrana__2019-03-26__P2b_305_grana.bmp,Aroma,Aroma di panna e sentori animali.,Il formaggio ha un aroma di panna e sentori animali.
data/images_flat/2018-2019_Trentingrana__2019-03-26__P2b_305_grana.bmp,Aroma,Aroma di crosta di formaggio.,Il formaggio ha un aroma di crosta di formaggio.
data/images_flat/2018-2019_Trentingrana__2019-03-26__P2b_305_grana.bmp,Aroma,"Aroma prevalentemente lattico di burro fuso e burro cotto, con gradevole nota animale di glutammato.","Il formaggio ha un aroma prevalentemente lattico di burro fuso e burro cotto, con gradevole nota animale di glutammato."
data/images_flat/2018-2019_Trentingrana__2019-03-26__P6b_338_fetta.bmp,Aroma,Aroma di yogurt e tostato con intensità leggera.,Il formaggio ha un aroma di yogurt e tostato con intensità leggera.
data/images_flat/2018-2019_Trentingrana__2019-03-26__P6b_338_fetta.bmp,Aroma,Aroma di latte non tipico del grana.,Il formaggio ha un aroma di latte non tipico del grana.
data/images_flat/2018-2019_Trentingrana__2019-03-26__P6b_338_fetta.bmp,Aroma,Aroma di burro.,Il formaggio ha un aroma di burro.
data/images_flat/2018-2019_Trentingrana__2019-03-26__P6b_338_fetta.bmp,Aroma,Aroma di formaggio cotto e burro fuso.,Il formaggio ha un aroma di formaggio cotto e burro fuso.
data/images_flat/2018-2019_Trentingrana__2019-03-26__P6b_338_fetta.bmp,Aroma,"Aroma poco intenso con note lattiche di panna e formaggio fuso, sentore di formaggino.","Il formaggio ha un aroma poco intenso con note lattiche di panna e formaggio fuso, sentore di formaggino."
data/images_flat/2018-2019_Trentingrana__2019-03-26__P2a_305_grana.bmp,Aroma,Aroma di crosta tostata e panna con intensità leggera.,Il formaggio ha un aroma di crosta tostata e panna con intensità leggera.
data/images_flat/2018-2019_Trentingrana__2019-03-26__P2a_305_grana.bmp,Aroma,Aroma di panna e sentori animali.,Il formaggio ha un aroma di panna e sentori animali.
data/images_flat/2018-2019_Trentingrana__2019-03-26__P2a_305_grana.bmp,Aroma,Aroma di crosta di formaggio.,Il formaggio ha un aroma di crosta di formaggio.
data/images_flat/2018-2019_Trentingrana__2019-03-26__P2a_305_grana.bmp,Aroma,"Aroma prevalentemente lattico di burro fuso e burro cotto, con gradevole nota animale di glutammato.","Il formaggio ha un aroma prevalentemente lattico di burro fuso e burro cotto, con gradevole nota animale di glutammato."
data/images_flat/2018-2019_Trentingrana__2019-03-26__P4b_311_grana.bmp,Aroma,Aroma di siero acido e yogurt a intensità leggera moderata.,Il formaggio ha un aroma di siero acido e yogurt a intensità leggera moderata.
data/images_flat/2018-2019_Trentingrana__2019-03-26__P4b_311_grana.bmp,Aroma,Aroma di latte ossidato.,Il formaggio ha un aroma di latte ossidato.
data/images_flat/2018-2019_Trentingrana__2019-03-26__P4b_311_grana.bmp,Aroma,Aroma di latte.,Il formaggio ha un aroma di latte.
data/images_flat/2018-2019_Trentingrana__2019-03-26__P4b_311_grana.bmp,Aroma,"Aroma di bruciato e stalla, abbastanza intenso.","Il formaggio ha un aroma di bruciato e stalla, abbastanza intenso."
data/images_flat/2018-2019_Trentingrana__2019-03-26__P4b_311_grana.bmp,Aroma,"Aroma prevalentemente lattico, pannoso, di burro fuso e brodo di pollo.","Il formaggio ha un aroma prevalentemente lattico, pannoso, di burro fuso e brodo di pollo."
data/images_flat/2018-2019_Trentingrana__2019-03-26__P5a_330_grana.bmp,Aroma,Aroma tostato leggero.,Il formaggio ha un aroma tostato leggero.
data/images_flat/2018-2019_Trentingrana__2019-03-26__P5a_330_grana.bmp,Aroma,"Aroma poco intenso, senza difetti.","Il formaggio ha un aroma poco intenso, senza difetti."
data/images_flat/2018-2019_Trentingrana__2019-03-26__P5a_330_grana.bmp,Aroma,Aroma di crosta di formaggio e pasta cotta.,Il formaggio ha un aroma di crosta di formaggio e pasta cotta.
data/images_flat/2018-2019_Trentingrana__2019-03-26__P5a_330_grana.bmp,Aroma,Aroma leggero di formaggio cotto.,Il formaggio ha un aroma leggero di formaggio cotto.
data/images_flat/2018-2019_Trentingrana__2019-03-26__P5a_330_grana.bmp,Aroma,Aroma poco caratteristico e stantio con note lattiche di burro fuso.,Il formaggio ha un aroma poco caratteristico e stantio con note lattiche di burro fuso.
data/images_flat/2018-2019_Trentingrana__2019-03-26__P5a_330_grana.bmp,Aroma,"Aroma propionico, non positivo.","Il formaggio ha un aroma propionico, non positivo."
data/images_flat/2018-2019_Trentingrana__2019-03-26__P3b_307_fetta.bmp,Aroma,Aroma tostato leggero con note di crosta di formaggio.,Il formaggio ha un aroma tostato leggero con note di crosta di formaggio.
data/images_flat/2018-2019_Trentingrana__2019-03-26__P3b_307_fetta.bmp,Aroma,Aroma di latte cotto e tostato.,Il formaggio ha un aroma di latte cotto e tostato.
data/images_flat/2018-2019_Trentingrana__2019-03-26__P3b_307_fetta.bmp,Aroma,Aroma di crosta molto cotto e tostato.,Il formaggio ha un aroma di crosta molto cotto e tostato.
data/images_flat/2018-2019_Trentingrana__2019-03-26__P3b_307_fetta.bmp,Aroma,"Aroma poco caratteristico con note di formaggio cotto, crosta, tela bagnata e acqua stagnante, con sottofondo di nota lattica di burro.","Il formaggio ha un aroma poco caratteristico con note di formaggio cotto, crosta, tela bagnata e acqua stagnante, con sottofondo di nota lattica di burro."
data/images_flat/2018-2019_Trentingrana__2019-03-26__P1b_302_grana.bmp,Aroma,Aroma tostato e latte cotto con intensità leggera.,Il formaggio ha un aroma tostato e latte cotto con intensità leggera.
data/images_flat/2018-2019_Trentingrana__2019-03-26__P1b_302_grana.bmp,Aroma,Aroma di panna.,Il formaggio ha un aroma di panna.
data/images_flat/2018-2019_Trentingrana__2019-03-26__P1b_302_grana.bmp,Aroma,Aroma di crosta di formaggio.,Il formaggio ha un aroma di crosta di formaggio.
data/images_flat/2018-2019_Trentingrana__2019-03-26__P1b_302_grana.bmp,Aroma,Aroma di burro fuso e formaggio cotto.,Il formaggio ha un aroma di burro fuso e formaggio cotto.
data/images_flat/2018-2019_Trentingrana__2019-03-26__P1b_302_grana.bmp,Aroma,"Aroma lattico in bocca con note di panna, burro cotto e crosta di formaggio.","Il formaggio ha un aroma lattico in bocca con note di panna, burro cotto e crosta di formaggio."
data/images_flat/2018-2019_Trentingrana__2019-03-26__P2b_305_fetta.bmp,Aroma,Aroma di crosta tostata e panna con intensità leggera.,Il formaggio ha un aroma di crosta tostata e panna con intensità leggera.
data/images_flat/2018-2019_Trentingrana__2019-03-26__P2b_305_fetta.bmp,Aroma,Aroma di panna e sentori animali.,Il formaggio ha un aroma di panna e sentori animali.
data/images_flat/2018-2019_Trentingrana__2019-03-26__P2b_305_fetta.bmp,Aroma,Aroma di crosta di formaggio.,Il formaggio ha un aroma di crosta di formaggio.
data/images_flat/2018-2019_Trentingrana__2019-03-26__P2b_305_fetta.bmp,Aroma,"Aroma prevalentemente lattico di burro fuso e burro cotto, con gradevole nota animale di glutammato.","Il formaggio ha un aroma prevalentemente lattico di burro fuso e burro cotto, con gradevole nota animale di glutammato."
data/images_flat/2018-2019_Trentingrana__2019-03-26__P6a_338_grana.bmp,Aroma,Aroma di yogurt e tostato con intensità leggera.,Il formaggio ha un aroma di yogurt e tostato con intensità leggera.
data/images_flat/2018-2019_Trentingrana__2019-03-26__P6a_338_grana.bmp,Aroma,Aroma di latte non tipico del grana.,Il formaggio ha un aroma di latte non tipico del grana.
data/images_flat/2018-2019_Trentingrana__2019-03-26__P6a_338_grana.bmp,Aroma,Aroma di burro.,Il formaggio ha un aroma di burro.
data/images_flat/2018-2019_Trentingrana__2019-03-26__P6a_338_grana.bmp,Aroma,Aroma di formaggio cotto e burro fuso.,Il formaggio ha un aroma di formaggio cotto e burro fuso.
data/images_flat/2018-2019_Trentingrana__2019-03-26__P6a_338_grana.bmp,Aroma,"Aroma poco intenso con note lattiche di panna e formaggio fuso, sentore di formaggino.","Il formaggio ha un aroma poco intenso con note lattiche di panna e formaggio fuso, sentore di formaggino."
data/images_flat/2018-2019_Trentingrana__2019-03-26__P1a_302_fetta.bmp,Aroma,Aroma tostato e latte cotto con intensità leggera.,Il formaggio ha un aroma tostato e latte cotto con intensità leggera.
data/images_flat/2018-2019_Trentingrana__2019-03-26__P1a_302_fetta.bmp,Aroma,Aroma di panna.,Il formaggio ha un aroma di panna.
data/images_flat/2018-2019_Trentingrana__2019-03-26__P1a_302_fetta.bmp,Aroma,Aroma di crosta di formaggio.,Il formaggio ha un aroma di crosta di formaggio.
data/images_flat/2018-2019_Trentingrana__2019-03-26__P1a_302_fetta.bmp,Aroma,Aroma di burro fuso e formaggio cotto.,Il formaggio ha un aroma di burro fuso e formaggio cotto.
data/images_flat/2018-2019_Trentingrana__2019-03-26__P1a_302_fetta.bmp,Aroma,"Aroma lattico in bocca con note di panna, burro cotto e crosta di formaggio.","Il formaggio ha un aroma lattico in bocca con note di panna, burro cotto e crosta di formaggio."
data/images_flat/2018-2019_Trentingrana__2019-03-26__P4a_311_fetta.bmp,Aroma,Aroma di siero acido e yogurt a intensità leggera moderata.,Il formaggio ha un aroma di siero acido e yogurt a intensità leggera moderata.
data/images_flat/2018-2019_Trentingrana__2019-03-26__P4a_311_fetta.bmp,Aroma,Aroma di latte ossidato.,Il formaggio ha un aroma di latte ossidato.
data/images_flat/2018-2019_Trentingrana__2019-03-26__P4a_311_fetta.bmp,Aroma,Aroma di latte.,Il formaggio ha un aroma di latte.
data/images_flat/2018-2019_Trentingrana__2019-03-26__P4a_311_fetta.bmp,Aroma,"Aroma di bruciato e stalla, abbastanza intenso.","Il formaggio ha un aroma di bruciato e stalla, abbastanza intenso."
data/images_flat/2018-2019_Trentingrana__2019-03-26__P4a_311_fetta.bmp,Aroma,"Aroma prevalentemente lattico, pannoso, di burro fuso e brodo di pollo.","Il formaggio ha un aroma prevalentemente lattico, pannoso, di burro fuso e brodo di pollo."
data/images_flat/2018-2019_Trentingrana__2019-03-26__P5b_330_fetta.bmp,Aroma,Aroma tostato leggero.,Il formaggio ha un aroma tostato leggero.
data/images_flat/2018-2019_Trentingrana__2019-03-26__P5b_330_fetta.bmp,Aroma,"Aroma poco intenso, senza difetti.","Il formaggio ha un aroma poco intenso, senza difetti."
data/images_flat/2018-2019_Trentingrana__2019-03-26__P5b_330_fetta.bmp,Aroma,Aroma di crosta di formaggio e pasta cotta.,Il formaggio ha un aroma di crosta di formaggio e pasta cotta.
data/images_flat/2018-2019_Trentingrana__2019-03-26__P5b_330_fetta.bmp,Aroma,Aroma leggero di formaggio cotto.,Il formaggio ha un aroma leggero di formaggio cotto.
data/images_flat/2018-2019_Trentingrana__2019-03-26__P5b_330_fetta.bmp,Aroma,Aroma poco caratteristico e stantio con note lattiche di burro fuso.,Il formaggio ha un aroma poco caratteristico e stantio con note lattiche di burro fuso.
data/images_flat/2018-2019_Trentingrana__2019-03-26__P5b_330_fetta.bmp,Aroma,"Aroma propionico, non positivo.","Il formaggio ha un aroma propionico, non positivo."
data/images_flat/2018-2019_Trentingrana__2019-03-26__P3a_307_grana.bmp,Aroma,Aroma tostato leggero con note di crosta di formaggio.,Il formaggio ha un aroma tostato leggero con note di crosta di formaggio.
data/images_flat/2018-2019_Trentingrana__2019-03-26__P3a_307_grana.bmp,Aroma,Aroma di latte cotto e tostato.,Il formaggio ha un aroma di latte cotto e tostato.
data/images_flat/2018-2019_Trentingrana__2019-03-26__P3a_307_grana.bmp,Aroma,Aroma di crosta molto cotto e tostato.,Il formaggio ha un aroma di crosta molto cotto e tostato.
data/images_flat/2018-2019_Trentingrana__2019-03-26__P3a_307_grana.bmp,Aroma,"Aroma poco caratteristico con note di formaggio cotto, crosta, tela bagnata e acqua stagnante, con sottofondo di nota lattica di burro.","Il formaggio ha un aroma poco caratteristico con note di formaggio cotto, crosta, tela bagnata e acqua stagnante, con sottofondo di nota lattica di burro."
data/images_flat/2018-2019_Trentingrana__2019-03-26__P1b_302_fetta.bmp,Aroma,Aroma tostato e latte cotto con intensità leggera.,Il formaggio ha un aroma tostato e latte cotto con intensità leggera.
data/images_flat/2018-2019_Trentingrana__2019-03-26__P1b_302_fetta.bmp,Aroma,Aroma di panna.,Il formaggio ha un aroma di panna.
data/images_flat/2018-2019_Trentingrana__2019-03-26__P1b_302_fetta.bmp,Aroma,Aroma di crosta di formaggio.,Il formaggio ha un aroma di crosta di formaggio.
data/images_flat/2018-2019_Trentingrana__2019-03-26__P1b_302_fetta.bmp,Aroma,Aroma di burro fuso e formaggio cotto.,Il formaggio ha un aroma di burro fuso e formaggio cotto.
data/images_flat/2018-2019_Trentingrana__2019-03-26__P1b_302_fetta.bmp,Aroma,"Aroma lattico in bocca con note di panna, burro cotto e crosta di formaggio.","Il formaggio ha un aroma lattico in bocca con note di panna, burro cotto e crosta di formaggio."
data/images_flat/2018-2019_Trentingrana__2019-03-26__P4b_311_fetta.bmp,Aroma,Aroma di siero acido e yogurt a intensità leggera moderata.,Il formaggio ha un aroma di siero acido e yogurt a intensità leggera moderata.
data/images_flat/2018-2019_Trentingrana__2019-03-26__P4b_311_fetta.bmp,Aroma,Aroma di latte ossidato.,Il formaggio ha un aroma di latte ossidato.
data/images_flat/2018-2019_Trentingrana__2019-03-26__P4b_311_fetta.bmp,Aroma,Aroma di latte.,Il formaggio ha un aroma di latte.
data/images_flat/2018-2019_Trentingrana__2019-03-26__P4b_311_fetta.bmp,Aroma,"Aroma di bruciato e stalla, abbastanza intenso.","Il formaggio ha un aroma di bruciato e stalla, abbastanza intenso."
data/images_flat/2018-2019_Trentingrana__2019-03-26__P4b_311_fetta.bmp,Aroma,"Aroma prevalentemente lattico, pannoso, di burro fuso e brodo di pollo.","Il formaggio ha un aroma prevalentemente lattico, pannoso, di burro fuso e brodo di pollo."
data/images_flat/2018-2019_Trentingrana__2019-03-26__P3b_307_grana.bmp,Aroma,Aroma tostato leggero con note di crosta di formaggio.,Il formaggio ha un aroma tostato leggero con note di crosta di formaggio.
data/images_flat/2018-2019_Trentingrana__2019-03-26__P3b_307_grana.bmp,Aroma,Aroma di latte cotto e tostato.,Il formaggio ha un aroma di latte cotto e tostato.
data/images_flat/2018-2019_Trentingrana__2019-03-26__P3b_307_grana.bmp,Aroma,Aroma di crosta molto cotto e tostato.,Il formaggio ha un aroma di crosta molto cotto e tostato.
data/images_flat/2018-2019_Trentingrana__2019-03-26__P3b_307_grana.bmp,Aroma,"Aroma poco caratteristico con note di formaggio cotto, crosta, tela bagnata e acqua stagnante, con sottofondo di nota lattica di burro.","Il formaggio ha un aroma poco caratteristico con note di formaggio cotto, crosta, tela bagnata e acqua stagnante, con sottofondo di nota lattica di burro."
data/images_flat/2018-2019_Trentingrana__2019-03-26__P5a_330_fetta.bmp,Aroma,Aroma tostato leggero.,Il formaggio ha un aroma tostato leggero.
data/images_flat/2018-2019_Trentingrana__2019-03-26__P5a_330_fetta.bmp,Aroma,"Aroma poco intenso, senza difetti.","Il formaggio ha un aroma poco intenso, senza difetti."
data/images_flat/2018-2019_Trentingrana__2019-03-26__P5a_330_fetta.bmp,Aroma,Aroma di crosta di formaggio e pasta cotta.,Il formaggio ha un aroma di crosta di formaggio e pasta cotta.
data/images_flat/2018-2019_Trentingrana__2019-03-26__P5a_330_fetta.bmp,Aroma,Aroma leggero di formaggio cotto.,Il formaggio ha un aroma leggero di formaggio cotto.
data/images_flat/2018-2019_Trentingrana__2019-03-26__P5a_330_fetta.bmp,Aroma,Aroma poco caratteristico e stantio con note lattiche di burro fuso.,Il formaggio ha un aroma poco caratteristico e stantio con note lattiche di burro fuso.
data/images_flat/2018-2019_Trentingrana__2019-03-26__P5a_330_fetta.bmp,Aroma,"Aroma propionico, non positivo.","Il formaggio ha un aroma propionico, non positivo."
data/images_flat/2018-2019_Trentingrana__2019-03-26__P2a_305_fetta.bmp,Aroma,Aroma di crosta tostata e panna con intensità leggera.,Il formaggio ha un aroma di crosta tostata e panna con intensità leggera.
data/images_flat/2018-2019_Trentingrana__2019-03-26__P2a_305_fetta.bmp,Aroma,Aroma di panna e sentori animali.,Il formaggio ha un aroma di panna e sentori animali.
data/images_flat/2018-2019_Trentingrana__2019-03-26__P2a_305_fetta.bmp,Aroma,Aroma di crosta di formaggio.,Il formaggio ha un aroma di crosta di formaggio.
data/images_flat/2018-2019_Trentingrana__2019-03-26__P2a_305_fetta.bmp,Aroma,"Aroma prevalentemente lattico di burro fuso e burro cotto, con gradevole nota animale di glutammato.","Il formaggio ha un aroma prevalentemente lattico di burro fuso e burro cotto, con gradevole nota animale di glutammato."
data/images_flat/2018-2019_Trentingrana__2019-03-26__P6b_338_grana.bmp,Aroma,Aroma di yogurt e tostato con intensità leggera.,Il formaggio ha un aroma di yogurt e tostato con intensità leggera.
data/images_flat/2018-2019_Trentingrana__2019-03-26__P6b_338_grana.bmp,Aroma,Aroma di latte non tipico del grana.,Il formaggio ha un aroma di latte non tipico del grana.
data/images_flat/2018-2019_Trentingrana__2019-03-26__P6b_338_grana.bmp,Aroma,Aroma di burro.,Il formaggio ha un aroma di burro.
data/images_flat/2018-2019_Trentingrana__2019-03-26__P6b_338_grana.bmp,Aroma,Aroma di formaggio cotto e burro fuso.,Il formaggio ha un aroma di formaggio cotto e burro fuso.
data/images_flat/2018-2019_Trentingrana__2019-03-26__P6b_338_grana.bmp,Aroma,"Aroma poco intenso con note lattiche di panna e formaggio fuso, sentore di formaggino.","Il formaggio ha un aroma poco intenso con note lattiche di panna e formaggio fuso, sentore di formaggino."
data/images_flat/2018-2019_Trentingrana__2018-12-05__P3a_306_fetta.bmp,Aroma,Aroma di panna.,Il formaggio ha un aroma di panna.
data/images_flat/2018-2019_Trentingrana__2018-12-05__P3a_306_fetta.bmp,Aroma,Aroma leggero con sentore di ossidato e fermentato.,Il formaggio ha un aroma leggero con sentore di ossidato e fermentato.
data/images_flat/2018-2019_Trentingrana__2018-12-05__P3a_306_fetta.bmp,Aroma,Aroma leggero affumicato.,Il formaggio ha un aroma leggero affumicato.
data/images_flat/2018-2019_Trentingrana__2018-12-05__P3a_306_fetta.bmp,Aroma,"Aroma di note lattiche cotte prevalenti con lieve nota di bruciato e caramella mou, caratteristiche del formaggio presenti.","Il formaggio ha un aroma di note lattiche cotte prevalenti con lieve nota di bruciato e caramella mou, caratteristiche del formaggio presenti."
data/images_flat/2018-2019_Trentingrana__2018-12-05__P3a_306_fetta.bmp,Aroma,"Aroma di grasso, brodo e burro.","Il formaggio ha un aroma di grasso, brodo e burro."
data/images_flat/2018-2019_Trentingrana__2018-12-05__P6b_330_grana.bmp,Aroma,Aroma di crosta e ossidato.,Il formaggio ha un aroma di crosta e ossidato.
data/images_flat/2018-2019_Trentingrana__2018-12-05__P6b_330_grana.bmp,Aroma,"Aroma inizialmente poco positivo, poi di crosta di formaggio grana.","Il formaggio ha un aroma inizialmente poco positivo, poi di crosta di formaggio grana."
data/images_flat/2018-2019_Trentingrana__2018-12-05__P6b_330_grana.bmp,Aroma,"Aroma lattico e glutammato, equilibrato ma poco scarico, con lievi note di formaggio svizzero e di crosta.","Il formaggio ha un aroma lattico e glutammato, equilibrato ma poco scarico, con lievi note di formaggio svizzero e di crosta."
data/images_flat/2018-2019_Trentingrana__2018-12-05__P6b_330_grana.bmp,Aroma,Aroma di burro e emmenthal con note umami.,Il formaggio ha un aroma di burro e emmenthal con note umami.
data/images_flat/2018-2019_Trentingrana__2018-12-05__P5a_323_grana.bmp,Aroma,Aroma di panna.,Il formaggio ha un aroma di panna.
data/images_flat/2018-2019_Trentingrana__2018-12-05__P5a_323_grana.bmp,Aroma,Aroma tostato.,Il formaggio ha un aroma tostato.
data/images_flat/2018-2019_Trentingrana__2018-12-05__P5a_323_grana.bmp,Aroma,Aroma cotto con note di crosta e ossidato.,Il formaggio ha un aroma cotto con note di crosta e ossidato.
data/images_flat/2018-2019_Trentingrana__2018-12-05__P5a_323_grana.bmp,Aroma,Aroma leggermente propionico.,Il formaggio ha un aroma leggermente propionico.
data/images_flat/2018-2019_Trentingrana__2018-12-05__P5a_323_grana.bmp,Aroma,Aroma intenso e abbastanza complesso con note lattiche di burro fuso e fruttate fermentate.,Il formaggio ha un aroma intenso e abbastanza complesso con note lattiche di burro fuso e fruttate fermentate.
data/images_flat/2018-2019_Trentingrana__2018-12-05__P5a_323_grana.bmp,Aroma,Aroma di burro e fieno.,Il formaggio ha un aroma di burro e fieno.
data/images_flat/2018-2019_Trentingrana__2018-12-05__P5b_323_grana.bmp,Aroma,Aroma di panna.,Il formaggio ha un aroma di panna.
data/images_flat/2018-2019_Trentingrana__2018-12-05__P5b_323_grana.bmp,Aroma,Aroma tostato.,Il formaggio ha un aroma tostato.
data/images_flat/2018-2019_Trentingrana__2018-12-05__P5b_323_grana.bmp,Aroma,Aroma cotto con note di crosta e ossidato.,Il formaggio ha un aroma cotto con note di crosta e ossidato.
data/images_flat/2018-2019_Trentingrana__2018-12-05__P5b_323_grana.bmp,Aroma,Aroma leggermente propionico.,Il formaggio ha un aroma leggermente propionico.
data/images_flat/2018-2019_Trentingrana__2018-12-05__P5b_323_grana.bmp,Aroma,Aroma intenso e abbastanza complesso con note lattiche di burro fuso e fruttate fermentate.,Il formaggio ha un aroma intenso e abbastanza complesso con note lattiche di burro fuso e fruttate fermentate.
data/images_flat/2018-2019_Trentingrana__2018-12-05__P5b_323_grana.bmp,Aroma,Aroma di burro e fieno.,Il formaggio ha un aroma di burro e fieno.
data/images_flat/2018-2019_Trentingrana__2018-12-05__P3b_306_fetta.bmp,Aroma,Aroma di panna.,Il formaggio ha un aroma di panna.
data/images_flat/2018-2019_Trentingrana__2018-12-05__P3b_306_fetta.bmp,Aroma,Aroma leggero con sentore di ossidato e fermentato.,Il formaggio ha un aroma leggero con sentore di ossidato e fermentato.
data/images_flat/2018-2019_Trentingrana__2018-12-05__P3b_306_fetta.bmp,Aroma,Aroma leggero affumicato.,Il formaggio ha un aroma leggero affumicato.
data/images_flat/2018-2019_Trentingrana__2018-12-05__P3b_306_fetta.bmp,Aroma,"Aroma di note lattiche cotte prevalenti con lieve nota di bruciato e caramella mou, caratteristiche del formaggio presenti.","Il formaggio ha un aroma di note lattiche cotte prevalenti con lieve nota di bruciato e caramella mou, caratteristiche del formaggio presenti."
data/images_flat/2018-2019_Trentingrana__2018-12-05__P3b_306_fetta.bmp,Aroma,"Aroma di grasso, brodo e burro.","Il formaggio ha un aroma di grasso, brodo e burro."
data/images_flat/2018-2019_Trentingrana__2018-12-05__P6a_330_grana.bmp,Aroma,Aroma di crosta e ossidato.,Il formaggio ha un aroma di crosta e ossidato.
data/images_flat/2018-2019_Trentingrana__2018-12-05__P6a_330_grana.bmp,Aroma,"Aroma inizialmente poco positivo, poi di crosta di formaggio grana.","Il formaggio ha un aroma inizialmente poco positivo, poi di crosta di formaggio grana."
data/images_flat/2018-2019_Trentingrana__2018-12-05__P6a_330_grana.bmp,Aroma,"Aroma lattico e glutammato, equilibrato ma poco scarico, con lievi note di formaggio svizzero e di crosta.","Il formaggio ha un aroma lattico e glutammato, equilibrato ma poco scarico, con lievi note di formaggio svizzero e di crosta."
data/images_flat/2018-2019_Trentingrana__2018-12-05__P6a_330_grana.bmp,Aroma,Aroma di burro e emmenthal con note umami.,Il formaggio ha un aroma di burro e emmenthal con note umami.
data/images_flat/2018-2019_Trentingrana__2018-12-05__P1a_302_grana.bmp,Aroma,Aroma di stalla e animale.,Il formaggio ha un aroma di stalla e animale.
data/images_flat/2018-2019_Trentingrana__2018-12-05__P1a_302_grana.bmp,Aroma,Aroma di burro e panna.,Il formaggio ha un aroma di burro e panna.
data/images_flat/2018-2019_Trentingrana__2018-12-05__P1a_302_grana.bmp,Aroma,"Aroma lattico cotto di latte cotto, panna cotta e burro cotto, poco complesso ma caratteristico.","Il formaggio ha un aroma lattico cotto di latte cotto, panna cotta e burro cotto, poco complesso ma caratteristico."
data/images_flat/2018-2019_Trentingrana__2018-12-05__P1a_302_grana.bmp,Aroma,Aroma leggermente saponoso con note di formaggio.,Il formaggio ha un aroma leggermente saponoso con note di formaggio.
data/images_flat/2018-2019_Trentingrana__2018-12-05__P4a_313_fetta.bmp,Aroma,Aroma di panna.,Il formaggio ha un aroma di panna.
data/images_flat/2018-2019_Trentingrana__2018-12-05__P4a_313_fetta.bmp,Aroma,Aroma con note lattiche più evidenti che al naso.,Il formaggio ha un aroma con note lattiche più evidenti che al naso.
data/images_flat/2018-2019_Trentingrana__2018-12-05__P4a_313_fetta.bmp,Aroma,Aroma di crosta e formaggio bruciato.,Il formaggio ha un aroma di crosta e formaggio bruciato.
data/images_flat/2018-2019_Trentingrana__2018-12-05__P4a_313_fetta.bmp,Aroma,Aroma putrido.,Il formaggio ha un aroma putrido.
data/images_flat/2018-2019_Trentingrana__2018-12-05__P4a_313_fetta.bmp,Aroma,Aroma lattico di panna e burro con note fermentate di frutta tropicale.,Il formaggio ha un aroma lattico di panna e burro con note fermentate di frutta tropicale.
data/images_flat/2018-2019_Trentingrana__2018-12-05__P4a_313_fetta.bmp,Aroma,Aroma di mela e burro.,Il formaggio ha un aroma di mela e burro.
data/images_flat/2018-2019_Trentingrana__2018-12-05__P2b_305_grana.bmp,Aroma,Aroma di latte cotto e panna.,Il formaggio ha un aroma di latte cotto e panna.
data/images_flat/2018-2019_Trentingrana__2018-12-05__P2b_305_grana.bmp,Aroma,Aroma con sentore di bruciato e di ossidato.,Il formaggio ha un aroma con sentore di bruciato e di ossidato.
data/images_flat/2018-2019_Trentingrana__2018-12-05__P2b_305_grana.bmp,Aroma,Aroma di crosta di grana con un poco di stantio.,Il formaggio ha un aroma di crosta di grana con un poco di stantio.
data/images_flat/2018-2019_Trentingrana__2018-12-05__P2b_305_grana.bmp,Aroma,Aroma lattico di panna e burro con note di formaggio grasso gradevole.,Il formaggio ha un aroma lattico di panna e burro con note di formaggio grasso gradevole.
data/images_flat/2018-2019_Trentingrana__2018-12-05__P2b_305_grana.bmp,Aroma,Aroma di frutta e grana.,Il formaggio ha un aroma di frutta e grana.
data/images_flat/2018-2019_Trentingrana__2018-12-05__P2b_305_grana.bmp,Aroma,Aroma positivo.,Il formaggio ha un aroma positivo.
data/images_flat/2018-2019_Trentingrana__2018-12-05__P4b_313_fetta.bmp,Aroma,Aroma di panna.,Il formaggio ha un aroma di panna.
data/images_flat/2018-2019_Trentingrana__2018-12-05__P4b_313_fetta.bmp,Aroma,Aroma con note lattiche più evidenti che al naso.,Il formaggio ha un aroma con note lattiche più evidenti che al naso.
data/images_flat/2018-2019_Trentingrana__2018-12-05__P4b_313_fetta.bmp,Aroma,Aroma di crosta e formaggio bruciato.,Il formaggio ha un aroma di crosta e formaggio bruciato.
data/images_flat/2018-2019_Trentingrana__2018-12-05__P4b_313_fetta.bmp,Aroma,Aroma putrido.,Il formaggio ha un aroma putrido.
data/images_flat/2018-2019_Trentingrana__2018-12-05__P4b_313_fetta.bmp,Aroma,Aroma lattico di panna e burro con note fermentate di frutta tropicale.,Il formaggio ha un aroma lattico di panna e burro con note fermentate di frutta tropicale.
data/images_flat/2018-2019_Trentingrana__2018-12-05__P4b_313_fetta.bmp,Aroma,Aroma di mela e burro.,Il formaggio ha un aroma di mela e burro.
data/images_flat/2018-2019_Trentingrana__2018-12-05__P2a_305_grana.bmp,Aroma,Aroma di latte cotto e panna.,Il formaggio ha un aroma di latte cotto e panna.
data/images_flat/2018-2019_Trentingrana__2018-12-05__P2a_305_grana.bmp,Aroma,Aroma con sentore di bruciato e di ossidato.,Il formaggio ha un aroma con sentore di bruciato e di ossidato.
data/images_flat/2018-2019_Trentingrana__2018-12-05__P2a_305_grana.bmp,Aroma,Aroma di crosta di grana con un poco di stantio.,Il formaggio ha un aroma di crosta di grana con un poco di stantio.
data/images_flat/2018-2019_Trentingrana__2018-12-05__P2a_305_grana.bmp,Aroma,Aroma lattico di panna e burro con note di formaggio grasso gradevole.,Il formaggio ha un aroma lattico di panna e burro con note di formaggio grasso gradevole.
data/images_flat/2018-2019_Trentingrana__2018-12-05__P2a_305_grana.bmp,Aroma,Aroma di frutta e grana.,Il formaggio ha un aroma di frutta e grana.
data/images_flat/2018-2019_Trentingrana__2018-12-05__P2a_305_grana.bmp,Aroma,Aroma positivo.,Il formaggio ha un aroma positivo.
data/images_flat/2018-2019_Trentingrana__2018-12-05__P1b_302_grana.bmp,Aroma,Aroma di stalla e animale.,Il formaggio ha un aroma di stalla e animale.
data/images_flat/2018-2019_Trentingrana__2018-12-05__P1b_302_grana.bmp,Aroma,Aroma di burro e panna.,Il formaggio ha un aroma di burro e panna.
data/images_flat/2018-2019_Trentingrana__2018-12-05__P1b_302_grana.bmp,Aroma,"Aroma lattico cotto di latte cotto, panna cotta e burro cotto, poco complesso ma caratteristico.","Il formaggio ha un aroma lattico cotto di latte cotto, panna cotta e burro cotto, poco complesso ma caratteristico."
data/images_flat/2018-2019_Trentingrana__2018-12-05__P1b_302_grana.bmp,Aroma,Aroma leggermente saponoso con note di formaggio.,Il formaggio ha un aroma leggermente saponoso con note di formaggio.
data/images_flat/2018-2019_Trentingrana__2018-12-05__P5a_323_fetta.bmp,Aroma,Aroma di panna.,Il formaggio ha un aroma di panna.
data/images_flat/2018-2019_Trentingrana__2018-12-05__P5a_323_fetta.bmp,Aroma,Aroma tostato.,Il formaggio ha un aroma tostato.
data/images_flat/2018-2019_Trentingrana__2018-12-05__P5a_323_fetta.bmp,Aroma,Aroma cotto con note di crosta e ossidato.,Il formaggio ha un aroma cotto con note di crosta e ossidato.
data/images_flat/2018-2019_Trentingrana__2018-12-05__P5a_323_fetta.bmp,Aroma,Aroma leggermente propionico.,Il formaggio ha un aroma leggermente propionico.
data/images_flat/2018-2019_Trentingrana__2018-12-05__P5a_323_fetta.bmp,Aroma,Aroma intenso e abbastanza complesso con note lattiche di burro fuso e fruttate fermentate.,Il formaggio ha un aroma intenso e abbastanza complesso con note lattiche di burro fuso e fruttate fermentate.
data/images_flat/2018-2019_Trentingrana__2018-12-05__P5a_323_fetta.bmp,Aroma,Aroma di burro e fieno.,Il formaggio ha un aroma di burro e fieno.
data/images_flat/2018-2019_Trentingrana__2018-12-05__P6b_330_fetta.bmp,Aroma,Aroma di crosta e ossidato.,Il formaggio ha un aroma di crosta e ossidato.
data/images_flat/2018-2019_Trentingrana__2018-12-05__P6b_330_fetta.bmp,Aroma,"Aroma inizialmente poco positivo, poi di crosta di formaggio grana.","Il formaggio ha un aroma inizialmente poco positivo, poi di crosta di formaggio grana."
data/images_flat/2018-2019_Trentingrana__2018-12-05__P6b_330_fetta.bmp,Aroma,"Aroma lattico e glutammato, equilibrato ma poco scarico, con lievi note di formaggio svizzero e di crosta.","Il formaggio ha un aroma lattico e glutammato, equilibrato ma poco scarico, con lievi note di formaggio svizzero e di crosta."
data/images_flat/2018-2019_Trentingrana__2018-12-05__P6b_330_fetta.bmp,Aroma,Aroma di burro e emmenthal con note umami.,Il formaggio ha un aroma di burro e emmenthal con note umami.
data/images_flat/2018-2019_Trentingrana__2018-12-05__P3a_306_grana.bmp,Aroma,Aroma di panna.,Il formaggio ha un aroma di panna.
data/images_flat/2018-2019_Trentingrana__2018-12-05__P3a_306_grana.bmp,Aroma,Aroma leggero con sentore di ossidato e fermentato.,Il formaggio ha un aroma leggero con sentore di ossidato e fermentato.
data/images_flat/2018-2019_Trentingrana__2018-12-05__P3a_306_grana.bmp,Aroma,Aroma leggero affumicato.,Il formaggio ha un aroma leggero affumicato.
data/images_flat/2018-2019_Trentingrana__2018-12-05__P3a_306_grana.bmp,Aroma,"Aroma di note lattiche cotte prevalenti con lieve nota di bruciato e caramella mou, caratteristiche del formaggio presenti.","Il formaggio ha un aroma di note lattiche cotte prevalenti con lieve nota di bruciato e caramella mou, caratteristiche del formaggio presenti."
data/images_flat/2018-2019_Trentingrana__2018-12-05__P3a_306_grana.bmp,Aroma,"Aroma di grasso, brodo e burro.","Il formaggio ha un aroma di grasso, brodo e burro."
data/images_flat/2018-2019_Trentingrana__2018-12-05__P6a_330_fetta.bmp,Aroma,Aroma di crosta e ossidato.,Il formaggio ha un aroma di crosta e ossidato.
data/images_flat/2018-2019_Trentingrana__2018-12-05__P6a_330_fetta.bmp,Aroma,"Aroma inizialmente poco positivo, poi di crosta di formaggio grana.","Il formaggio ha un aroma inizialmente poco positivo, poi di crosta di formaggio grana."
data/images_flat/2018-2019_Trentingrana__2018-12-05__P6a_330_fetta.bmp,Aroma,"Aroma lattico e glutammato, equilibrato ma poco scarico, con lievi note di formaggio svizzero e di crosta.","Il formaggio ha un aroma lattico e glutammato, equilibrato ma poco scarico, con lievi note di formaggio svizzero e di crosta."
data/images_flat/2018-2019_Trentingrana__2018-12-05__P6a_330_fetta.bmp,Aroma,Aroma di burro e emmenthal con note umami.,Il formaggio ha un aroma di burro e emmenthal con note umami.
data/images_flat/2018-2019_Trentingrana__2018-12-05__P3b_306_grana.bmp,Aroma,Aroma di panna.,Il formaggio ha un aroma di panna.
data/images_flat/2018-2019_Trentingrana__2018-12-05__P3b_306_grana.bmp,Aroma,Aroma leggero con sentore di ossidato e fermentato.,Il formaggio ha un aroma leggero con sentore di ossidato e fermentato.
data/images_flat/2018-2019_Trentingrana__2018-12-05__P3b_306_grana.bmp,Aroma,Aroma leggero affumicato.,Il formaggio ha un aroma leggero affumicato.
data/images_flat/2018-2019_Trentingrana__2018-12-05__P3b_306_grana.bmp,Aroma,"Aroma di note lattiche cotte prevalenti con lieve nota di bruciato e caramella mou, caratteristiche del formaggio presenti.","Il formaggio ha un aroma di note lattiche cotte prevalenti con lieve nota di bruciato e caramella mou, caratteristiche del formaggio presenti."
data/images_flat/2018-2019_Trentingrana__2018-12-05__P3b_306_grana.bmp,Aroma,"Aroma di grasso, brodo e burro.","Il formaggio ha un aroma di grasso, brodo e burro."
data/images_flat/2018-2019_Trentingrana__2018-12-05__P5b_323_fetta.bmp,Aroma,Aroma di panna.,Il formaggio ha un aroma di panna.
data/images_flat/2018-2019_Trentingrana__2018-12-05__P5b_323_fetta.bmp,Aroma,Aroma tostato.,Il formaggio ha un aroma tostato.
data/images_flat/2018-2019_Trentingrana__2018-12-05__P5b_323_fetta.bmp,Aroma,Aroma cotto con note di crosta e ossidato.,Il formaggio ha un aroma cotto con note di crosta e ossidato.
data/images_flat/2018-2019_Trentingrana__2018-12-05__P5b_323_fetta.bmp,Aroma,Aroma leggermente propionico.,Il formaggio ha un aroma leggermente propionico.
data/images_flat/2018-2019_Trentingrana__2018-12-05__P5b_323_fetta.bmp,Aroma,Aroma intenso e abbastanza complesso con note lattiche di burro fuso e fruttate fermentate.,Il formaggio ha un aroma intenso e abbastanza complesso con note lattiche di burro fuso e fruttate fermentate.
data/images_flat/2018-2019_Trentingrana__2018-12-05__P5b_323_fetta.bmp,Aroma,Aroma di burro e fieno.,Il formaggio ha un aroma di burro e fieno.
data/images_flat/2018-2019_Trentingrana__2018-12-05__P2b_305_fetta.bmp,Aroma,Aroma di latte cotto e panna.,Il formaggio ha un aroma di latte cotto e panna.
data/images_flat/2018-2019_Trentingrana__2018-12-05__P2b_305_fetta.bmp,Aroma,Aroma con sentore di bruciato e di ossidato.,Il formaggio ha un aroma con sentore di bruciato e di ossidato.
data/images_flat/2018-2019_Trentingrana__2018-12-05__P2b_305_fetta.bmp,Aroma,Aroma di crosta di grana con un poco di stantio.,Il formaggio ha un aroma di crosta di grana con un poco di stantio.
data/images_flat/2018-2019_Trentingrana__2018-12-05__P2b_305_fetta.bmp,Aroma,Aroma lattico di panna e burro con note di formaggio grasso gradevole.,Il formaggio ha un aroma lattico di panna e burro con note di formaggio grasso gradevole.
data/images_flat/2018-2019_Trentingrana__2018-12-05__P2b_305_fetta.bmp,Aroma,Aroma di frutta e grana.,Il formaggio ha un aroma di frutta e grana.
data/images_flat/2018-2019_Trentingrana__2018-12-05__P2b_305_fetta.bmp,Aroma,Aroma positivo.,Il formaggio ha un aroma positivo.
data/images_flat/2018-2019_Trentingrana__2018-12-05__P4a_313_grana.bmp,Aroma,Aroma di panna.,Il formaggio ha un aroma di panna.
data/images_flat/2018-2019_Trentingrana__2018-12-05__P4a_313_grana.bmp,Aroma,Aroma con note lattiche più evidenti che al naso.,Il formaggio ha un aroma con note lattiche più evidenti che al naso.
data/images_flat/2018-2019_Trentingrana__2018-12-05__P4a_313_grana.bmp,Aroma,Aroma di crosta e formaggio bruciato.,Il formaggio ha un aroma di crosta e formaggio bruciato.
data/images_flat/2018-2019_Trentingrana__2018-12-05__P4a_313_grana.bmp,Aroma,Aroma putrido.,Il formaggio ha un aroma putrido.
data/images_flat/2018-2019_Trentingrana__2018-12-05__P4a_313_grana.bmp,Aroma,Aroma lattico di panna e burro con note fermentate di frutta tropicale.,Il formaggio ha un aroma lattico di panna e burro con note fermentate di frutta tropicale.
data/images_flat/2018-2019_Trentingrana__2018-12-05__P4a_313_grana.bmp,Aroma,Aroma di mela e burro.,Il formaggio ha un aroma di mela e burro.
data/images_flat/2018-2019_Trentingrana__2018-12-05__P1a_302_fetta.bmp,Aroma,Aroma di stalla e animale.,Il formaggio ha un aroma di stalla e animale.
data/images_flat/2018-2019_Trentingrana__2018-12-05__P1a_302_fetta.bmp,Aroma,Aroma di burro e panna.,Il formaggio ha un aroma di burro e panna.
data/images_flat/2018-2019_Trentingrana__2018-12-05__P1a_302_fetta.bmp,Aroma,"Aroma lattico cotto di latte cotto, panna cotta e burro cotto, poco complesso ma caratteristico.","Il formaggio ha un aroma lattico cotto di latte cotto, panna cotta e burro cotto, poco complesso ma caratteristico."
data/images_flat/2018-2019_Trentingrana__2018-12-05__P1a_302_fetta.bmp,Aroma,Aroma leggermente saponoso con note di formaggio.,Il formaggio ha un aroma leggermente saponoso con note di formaggio.
data/images_flat/2018-2019_Trentingrana__2018-12-05__P1b_302_fetta.bmp,Aroma,Aroma di stalla e animale.,Il formaggio ha un aroma di stalla e animale.
data/images_flat/2018-2019_Trentingrana__2018-12-05__P1b_302_fetta.bmp,Aroma,Aroma di burro e panna.,Il formaggio ha un aroma di burro e panna.
data/images_flat/2018-2019_Trentingrana__2018-12-05__P1b_302_fetta.bmp,Aroma,"Aroma lattico cotto di latte cotto, panna cotta e burro cotto, poco complesso ma caratteristico.","Il formaggio ha un aroma lattico cotto di latte cotto, panna cotta e burro cotto, poco complesso ma caratteristico."
data/images_flat/2018-2019_Trentingrana__2018-12-05__P1b_302_fetta.bmp,Aroma,Aroma leggermente saponoso con note di formaggio.,Il formaggio ha un aroma leggermente saponoso con note di formaggio.
data/images_flat/2018-2019_Trentingrana__2018-12-05__P2a_305_fetta.bmp,Aroma,Aroma di latte cotto e panna.,Il formaggio ha un aroma di latte cotto e panna.
data/images_flat/2018-2019_Trentingrana__2018-12-05__P2a_305_fetta.bmp,Aroma,Aroma con sentore di bruciato e di ossidato.,Il formaggio ha un aroma con sentore di bruciato e di ossidato.
data/images_flat/2018-2019_Trentingrana__2018-12-05__P2a_305_fetta.bmp,Aroma,Aroma di crosta di grana con un poco di stantio.,Il formaggio ha un aroma di crosta di grana con un poco di stantio.
data/images_flat/2018-2019_Trentingrana__2018-12-05__P2a_305_fetta.bmp,Aroma,Aroma lattico di panna e burro con note di formaggio grasso gradevole.,Il formaggio ha un aroma lattico di panna e burro con note di formaggio grasso gradevole.
data/images_flat/2018-2019_Trentingrana__2018-12-05__P2a_305_fetta.bmp,Aroma,Aroma di frutta e grana.,Il formaggio ha un aroma di frutta e grana.
data/images_flat/2018-2019_Trentingrana__2018-12-05__P2a_305_fetta.bmp,Aroma,Aroma positivo.,Il formaggio ha un aroma positivo.
data/images_flat/2018-2019_Trentingrana__2018-12-05__P4b_313_grana.bmp,Aroma,Aroma di panna.,Il formaggio ha un aroma di panna.
data/images_flat/2018-2019_Trentingrana__2018-12-05__P4b_313_grana.bmp,Aroma,Aroma con note lattiche più evidenti che al naso.,Il formaggio ha un aroma con note lattiche più evidenti che al naso.
data/images_flat/2018-2019_Trentingrana__2018-12-05__P4b_313_grana.bmp,Aroma,Aroma di crosta e formaggio bruciato.,Il formaggio ha un aroma di crosta e formaggio bruciato.
data/images_flat/2018-2019_Trentingrana__2018-12-05__P4b_313_grana.bmp,Aroma,Aroma putrido.,Il formaggio ha un aroma putrido.
data/images_flat/2018-2019_Trentingrana__2018-12-05__P4b_313_grana.bmp,Aroma,Aroma lattico di panna e burro con note fermentate di frutta tropicale.,Il formaggio ha un aroma lattico di panna e burro con note fermentate di frutta tropicale.
data/images_flat/2018-2019_Trentingrana__2018-12-05__P4b_313_grana.bmp,Aroma,Aroma di mela e burro.,Il formaggio ha un aroma di mela e burro.
data/images_flat/2018-2019_Trentingrana__2018-11-14__P1b_307_fetta.bmp,Aroma,Aroma di panna da nostrano più che da grana.,Il formaggio ha un aroma di panna da nostrano più che da grana.
data/images_flat/2018-2019_Trentingrana__2018-11-14__P1b_307_fetta.bmp,Aroma,Aroma di panna e frutta.,Il formaggio ha un aroma di panna e frutta.
data/images_flat/2018-2019_Trentingrana__2018-11-14__P1b_307_fetta.bmp,Aroma,Aroma con grande intensità e tostatura retro-olfattiva.,Il formaggio ha un aroma con grande intensità e tostatura retro-olfattiva.
data/images_flat/2018-2019_Trentingrana__2018-11-14__P1b_307_fetta.bmp,Aroma,Aroma di lattici cotti prevalenti.,Il formaggio ha un aroma di lattici cotti prevalenti.
data/images_flat/2018-2019_Trentingrana__2018-11-14__P1b_307_fetta.bmp,Aroma,"Aroma di latte cotto, cipolla e dado di carne.","Il formaggio ha un aroma di latte cotto, cipolla e dado di carne."
data/images_flat/2018-2019_Trentingrana__2018-11-14__P5a_319_fetta.bmp,Aroma,Aroma scarico e poco percettibile.,Il formaggio ha un aroma scarico e poco percettibile.
data/images_flat/2018-2019_Trentingrana__2018-11-14__P5a_319_fetta.bmp,Aroma,Aroma di crosta di grana.,Il formaggio ha un aroma di crosta di grana.
data/images_flat/2018-2019_Trentingrana__2018-11-14__P5a_319_fetta.bmp,Aroma,Aroma di latte cotto.,Il formaggio ha un aroma di latte cotto.
data/images_flat/2018-2019_Trentingrana__2018-11-14__P4b_316_grana.bmp,Aroma,Aroma di panna.,Il formaggio ha un aroma di panna.
data/images_flat/2018-2019_Trentingrana__2018-11-14__P4b_316_grana.bmp,Aroma,Aroma con leggerissimo sentore di bruciato.,Il formaggio ha un aroma con leggerissimo sentore di bruciato.
data/images_flat/2018-2019_Trentingrana__2018-11-14__P4b_316_grana.bmp,Aroma,Aroma di latte cotto e minestrone di verdura.,Il formaggio ha un aroma di latte cotto e minestrone di verdura.
data/images_flat/2018-2019_Trentingrana__2018-11-14__P6b_326_fetta.bmp,Aroma,Aroma di panna vegetale.,Il formaggio ha un aroma di panna vegetale.
data/images_flat/2018-2019_Trentingrana__2018-11-14__P6b_326_fetta.bmp,Aroma,Aroma stantio e cotto.,Il formaggio ha un aroma stantio e cotto.
data/images_flat/2018-2019_Trentingrana__2018-11-14__P6b_326_fetta.bmp,Aroma,Aroma cotto.,Il formaggio ha un aroma cotto.
data/images_flat/2018-2019_Trentingrana__2018-11-14__P6b_326_fetta.bmp,Aroma,"Aroma di mandorla amara, vegetali amari e tostati.","Il formaggio ha un aroma di mandorla amara, vegetali amari e tostati."
data/images_flat/2018-2019_Trentingrana__2018-11-14__P6b_326_fetta.bmp,Aroma,Aroma di latte fresco delicato con nota di minestrone di verdura.,Il formaggio ha un aroma di latte fresco delicato con nota di minestrone di verdura.
data/images_flat/2018-2019_Trentingrana__2018-11-14__P3b_314_fetta.bmp,Aroma,Aroma cotto.,Il formaggio ha un aroma cotto.
data/images_flat/2018-2019_Trentingrana__2018-11-14__P3b_314_fetta.bmp,Aroma,Aroma bruciato.,Il formaggio ha un aroma bruciato.
data/images_flat/2018-2019_Trentingrana__2018-11-14__P3b_314_fetta.bmp,Aroma,Aroma ossidato.,Il formaggio ha un aroma ossidato.
data/images_flat/2018-2019_Trentingrana__2018-11-14__P3b_314_fetta.bmp,Aroma,Aroma tostato con note di crosta di formaggio.,Il formaggio ha un aroma tostato con note di crosta di formaggio.
data/images_flat/2018-2019_Trentingrana__2018-11-14__P3b_314_fetta.bmp,Aroma,Aroma di latte cotto e crosta di formaggio.,Il formaggio ha un aroma di latte cotto e crosta di formaggio.
data/images_flat/2018-2019_Trentingrana__2018-11-14__P5b_319_fetta.bmp,Aroma,Aroma scarico e poco percettibile.,Il formaggio ha un aroma scarico e poco percettibile.
data/images_flat/2018-2019_Trentingrana__2018-11-14__P5b_319_fetta.bmp,Aroma,Aroma di crosta di grana.,Il formaggio ha un aroma di crosta di grana.
data/images_flat/2018-2019_Trentingrana__2018-11-14__P5b_319_fetta.bmp,Aroma,Aroma di latte cotto.,Il formaggio ha un aroma di latte cotto.
data/images_flat/2018-2019_Trentingrana__2018-11-14__P3a_314_fetta.bmp,Aroma,Aroma cotto.,Il formaggio ha un aroma cotto.
data/images_flat/2018-2019_Trentingrana__2018-11-14__P3a_314_fetta.bmp,Aroma,Aroma bruciato.,Il formaggio ha un aroma bruciato.
data/images_flat/2018-2019_Trentingrana__2018-11-14__P3a_314_fetta.bmp,Aroma,Aroma ossidato.,Il formaggio ha un aroma ossidato.
data/images_flat/2018-2019_Trentingrana__2018-11-14__P3a_314_fetta.bmp,Aroma,Aroma tostato con note di crosta di formaggio.,Il formaggio ha un aroma tostato con note di crosta di formaggio.
data/images_flat/2018-2019_Trentingrana__2018-11-14__P3a_314_fetta.bmp,Aroma,Aroma di latte cotto e crosta di formaggio.,Il formaggio ha un aroma di latte cotto e crosta di formaggio.
data/images_flat/2018-2019_Trentingrana__2018-11-14__P6a_326_fetta.bmp,Aroma,Aroma di panna vegetale.,Il formaggio ha un aroma di panna vegetale.
data/images_flat/2018-2019_Trentingrana__2018-11-14__P6a_326_fetta.bmp,Aroma,Aroma stantio e cotto.,Il formaggio ha un aroma stantio e cotto.
data/images_flat/2018-2019_Trentingrana__2018-11-14__P6a_326_fetta.bmp,Aroma,Aroma cotto.,Il formaggio ha un aroma cotto.
data/images_flat/2018-2019_Trentingrana__2018-11-14__P6a_326_fetta.bmp,Aroma,"Aroma di mandorla amara, vegetali amari e tostati.","Il formaggio ha un aroma di mandorla amara, vegetali amari e tostati."
data/images_flat/2018-2019_Trentingrana__2018-11-14__P6a_326_fetta.bmp,Aroma,Aroma di latte fresco delicato con nota di minestrone di verdura.,Il formaggio ha un aroma di latte fresco delicato con nota di minestrone di verdura.
data/images_flat/2018-2019_Trentingrana__2018-11-14__P4a_316_grana.bmp,Aroma,Aroma di panna.,Il formaggio ha un aroma di panna.
data/images_flat/2018-2019_Trentingrana__2018-11-14__P4a_316_grana.bmp,Aroma,Aroma con leggerissimo sentore di bruciato.,Il formaggio ha un aroma con leggerissimo sentore di bruciato.
data/images_flat/2018-2019_Trentingrana__2018-11-14__P4a_316_grana.bmp,Aroma,Aroma di latte cotto e minestrone di verdura.,Il formaggio ha un aroma di latte cotto e minestrone di verdura.
data/images_flat/2018-2019_Trentingrana__2018-11-14__P1a_307_fetta.bmp,Aroma,Aroma di panna da nostrano più che da grana.,Il formaggio ha un aroma di panna da nostrano più che da grana.
data/images_flat/2018-2019_Trentingrana__2018-11-14__P1a_307_fetta.bmp,Aroma,Aroma di panna e frutta.,Il formaggio ha un aroma di panna e frutta.
data/images_flat/2018-2019_Trentingrana__2018-11-14__P1a_307_fetta.bmp,Aroma,Aroma con grande intensità e tostatura retro-olfattiva.,Il formaggio ha un aroma con grande intensità e tostatura retro-olfattiva.
data/images_flat/2018-2019_Trentingrana__2018-11-14__P1a_307_fetta.bmp,Aroma,Aroma di lattici cotti prevalenti.,Il formaggio ha un aroma di lattici cotti prevalenti.
data/images_flat/2018-2019_Trentingrana__2018-11-14__P1a_307_fetta.bmp,Aroma,"Aroma di latte cotto, cipolla e dado di carne.","Il formaggio ha un aroma di latte cotto, cipolla e dado di carne."
data/images_flat/2018-2019_Trentingrana__2018-11-14__P2b_311_grana.bmp,Aroma,Aroma tostato e leggermente cotto.,Il formaggio ha un aroma tostato e leggermente cotto.
data/images_flat/2018-2019_Trentingrana__2018-11-14__P2b_311_grana.bmp,Aroma,Aroma di latte cotto e minestrone.,Il formaggio ha un aroma di latte cotto e minestrone.
data/images_flat/2018-2019_Trentingrana__2018-11-14__P2a_311_grana.bmp,Aroma,Aroma tostato e leggermente cotto.,Il formaggio ha un aroma tostato e leggermente cotto.
data/images_flat/2018-2019_Trentingrana__2018-11-14__P2a_311_grana.bmp,Aroma,Aroma di latte cotto e minestrone.,Il formaggio ha un aroma di latte cotto e minestrone.
data/images_flat/2018-2019_Trentingrana__2018-11-14__P3b_314_grana.bmp,Aroma,Aroma cotto.,Il formaggio ha un aroma cotto.
data/images_flat/2018-2019_Trentingrana__2018-11-14__P3b_314_grana.bmp,Aroma,Aroma bruciato.,Il formaggio ha un aroma bruciato.
data/images_flat/2018-2019_Trentingrana__2018-11-14__P3b_314_grana.bmp,Aroma,Aroma ossidato.,Il formaggio ha un aroma ossidato.
data/images_flat/2018-2019_Trentingrana__2018-11-14__P3b_314_grana.bmp,Aroma,Aroma tostato con note di crosta di formaggio.,Il formaggio ha un aroma tostato con note di crosta di formaggio.
data/images_flat/2018-2019_Trentingrana__2018-11-14__P3b_314_grana.bmp,Aroma,Aroma di latte cotto e crosta di formaggio.,Il formaggio ha un aroma di latte cotto e crosta di formaggio.
data/images_flat/2018-2019_Trentingrana__2018-11-14__P4b_316_fetta.bmp,Aroma,Aroma di panna.,Il formaggio ha un aroma di panna.
data/images_flat/2018-2019_Trentingrana__2018-11-14__P4b_316_fetta.bmp,Aroma,Aroma con leggerissimo sentore di bruciato.,Il formaggio ha un aroma con leggerissimo sentore di bruciato.
data/images_flat/2018-2019_Trentingrana__2018-11-14__P4b_316_fetta.bmp,Aroma,Aroma di latte cotto e minestrone di verdura.,Il formaggio ha un aroma di latte cotto e minestrone di verdura.
data/images_flat/2018-2019_Trentingrana__2018-11-14__P6b_326_grana.bmp,Aroma,Aroma di panna vegetale.,Il formaggio ha un aroma di panna vegetale.
data/images_flat/2018-2019_Trentingrana__2018-11-14__P6b_326_grana.bmp,Aroma,Aroma stantio e cotto.,Il formaggio ha un aroma stantio e cotto.
data/images_flat/2018-2019_Trentingrana__2018-11-14__P6b_326_grana.bmp,Aroma,Aroma cotto.,Il formaggio ha un aroma cotto.
data/images_flat/2018-2019_Trentingrana__2018-11-14__P6b_326_grana.bmp,Aroma,"Aroma di mandorla amara, vegetali amari e tostati.","Il formaggio ha un aroma di mandorla amara, vegetali amari e tostati."
data/images_flat/2018-2019_Trentingrana__2018-11-14__P6b_326_grana.bmp,Aroma,Aroma di latte fresco delicato con nota di minestrone di verdura.,Il formaggio ha un aroma di latte fresco delicato con nota di minestrone di verdura.
data/images_flat/2018-2019_Trentingrana__2018-11-14__P5a_319_grana.bmp,Aroma,Aroma scarico e poco percettibile.,Il formaggio ha un aroma scarico e poco percettibile.
data/images_flat/2018-2019_Trentingrana__2018-11-14__P5a_319_grana.bmp,Aroma,Aroma di crosta di grana.,Il formaggio ha un aroma di crosta di grana.
data/images_flat/2018-2019_Trentingrana__2018-11-14__P5a_319_grana.bmp,Aroma,Aroma di latte cotto.,Il formaggio ha un aroma di latte cotto.
data/images_flat/2018-2019_Trentingrana__2018-11-14__P1b_307_grana.bmp,Aroma,Aroma di panna da nostrano più che da grana.,Il formaggio ha un aroma di panna da nostrano più che da grana.
data/images_flat/2018-2019_Trentingrana__2018-11-14__P1b_307_grana.bmp,Aroma,Aroma di panna e frutta.,Il formaggio ha un aroma di panna e frutta.
data/images_flat/2018-2019_Trentingrana__2018-11-14__P1b_307_grana.bmp,Aroma,Aroma con grande intensità e tostatura retro-olfattiva.,Il formaggio ha un aroma con grande intensità e tostatura retro-olfattiva.
data/images_flat/2018-2019_Trentingrana__2018-11-14__P1b_307_grana.bmp,Aroma,Aroma di lattici cotti prevalenti.,Il formaggio ha un aroma di lattici cotti prevalenti.
data/images_flat/2018-2019_Trentingrana__2018-11-14__P1b_307_grana.bmp,Aroma,"Aroma di latte cotto, cipolla e dado di carne.","Il formaggio ha un aroma di latte cotto, cipolla e dado di carne."
data/images_flat/2018-2019_Trentingrana__2018-11-14__P1a_307_grana.bmp,Aroma,Aroma di panna da nostrano più che da grana.,Il formaggio ha un aroma di panna da nostrano più che da grana.
data/images_flat/2018-2019_Trentingrana__2018-11-14__P1a_307_grana.bmp,Aroma,Aroma di panna e frutta.,Il formaggio ha un aroma di panna e frutta.
data/images_flat/2018-2019_Trentingrana__2018-11-14__P1a_307_grana.bmp,Aroma,Aroma con grande intensità e tostatura retro-olfattiva.,Il formaggio ha un aroma con grande intensità e tostatura retro-olfattiva.
data/images_flat/2018-2019_Trentingrana__2018-11-14__P1a_307_grana.bmp,Aroma,Aroma di lattici cotti prevalenti.,Il formaggio ha un aroma di lattici cotti prevalenti.
data/images_flat/2018-2019_Trentingrana__2018-11-14__P1a_307_grana.bmp,Aroma,"Aroma di latte cotto, cipolla e dado di carne.","Il formaggio ha un aroma di latte cotto, cipolla e dado di carne."
data/images_flat/2018-2019_Trentingrana__2018-11-14__P6a_326_grana.bmp,Aroma,Aroma di panna vegetale.,Il formaggio ha un aroma di panna vegetale.
data/images_flat/2018-2019_Trentingrana__2018-11-14__P6a_326_grana.bmp,Aroma,Aroma stantio e cotto.,Il formaggio ha un aroma stantio e cotto.
data/images_flat/2018-2019_Trentingrana__2018-11-14__P6a_326_grana.bmp,Aroma,Aroma cotto.,Il formaggio ha un aroma cotto.
data/images_flat/2018-2019_Trentingrana__2018-11-14__P6a_326_grana.bmp,Aroma,"Aroma di mandorla amara, vegetali amari e tostati.","Il formaggio ha un aroma di mandorla amara, vegetali amari e tostati."
data/images_flat/2018-2019_Trentingrana__2018-11-14__P6a_326_grana.bmp,Aroma,Aroma di latte fresco delicato con nota di minestrone di verdura.,Il formaggio ha un aroma di latte fresco delicato con nota di minestrone di verdura.
data/images_flat/2018-2019_Trentingrana__2018-11-14__P4a_316_fetta.bmp,Aroma,Aroma di panna.,Il formaggio ha un aroma di panna.
data/images_flat/2018-2019_Trentingrana__2018-11-14__P4a_316_fetta.bmp,Aroma,Aroma con leggerissimo sentore di bruciato.,Il formaggio ha un aroma con leggerissimo sentore di bruciato.
data/images_flat/2018-2019_Trentingrana__2018-11-14__P4a_316_fetta.bmp,Aroma,Aroma di latte cotto e minestrone di verdura.,Il formaggio ha un aroma di latte cotto e minestrone di verdura.
data/images_flat/2018-2019_Trentingrana__2018-11-14__P3a_314_grana.bmp,Aroma,Aroma cotto.,Il formaggio ha un aroma cotto.
data/images_flat/2018-2019_Trentingrana__2018-11-14__P3a_314_grana.bmp,Aroma,Aroma bruciato.,Il formaggio ha un aroma bruciato.
data/images_flat/2018-2019_Trentingrana__2018-11-14__P3a_314_grana.bmp,Aroma,Aroma ossidato.,Il formaggio ha un aroma ossidato.
data/images_flat/2018-2019_Trentingrana__2018-11-14__P3a_314_grana.bmp,Aroma,Aroma tostato con note di crosta di formaggio.,Il formaggio ha un aroma tostato con note di crosta di formaggio.
data/images_flat/2018-2019_Trentingrana__2018-11-14__P3a_314_grana.bmp,Aroma,Aroma di latte cotto e crosta di formaggio.,Il formaggio ha un aroma di latte cotto e crosta di formaggio.
data/images_flat/2018-2019_Trentingrana__2018-11-14__P5b_319_grana.bmp,Aroma,Aroma scarico e poco percettibile.,Il formaggio ha un aroma scarico e poco percettibile.
data/images_flat/2018-2019_Trentingrana__2018-11-14__P5b_319_grana.bmp,Aroma,Aroma di crosta di grana.,Il formaggio ha un aroma di crosta di grana.
data/images_flat/2018-2019_Trentingrana__2018-11-14__P5b_319_grana.bmp,Aroma,Aroma di latte cotto.,Il formaggio ha un aroma di latte cotto.
data/images_flat/2018-2019_Trentingrana__2018-11-14__P2b_311_fetta.bmp,Aroma,Aroma tostato e leggermente cotto.,Il formaggio ha un aroma tostato e leggermente cotto.
data/images_flat/2018-2019_Trentingrana__2018-11-14__P2b_311_fetta.bmp,Aroma,Aroma di latte cotto e minestrone.,Il formaggio ha un aroma di latte cotto e minestrone.
data/images_flat/2018-2019_Trentingrana__2018-11-14__P2a_311_fetta.bmp,Aroma,Aroma tostato e leggermente cotto.,Il formaggio ha un aroma tostato e leggermente cotto.
data/images_flat/2018-2019_Trentingrana__2018-11-14__P2a_311_fetta.bmp,Aroma,Aroma di latte cotto e minestrone.,Il formaggio ha un aroma di latte cotto e minestrone.
data/images_flat/2018-2019_Trentingrana__2018-09-26__P3a_306_fetta.bmp,Aroma,"Aroma abbastanza equilibrato con note cotte, poco complesso.","Il formaggio ha un aroma abbastanza equilibrato con note cotte, poco complesso."
data/images_flat/2018-2019_Trentingrana__2018-09-26__P3a_306_fetta.bmp,Aroma,Aroma di pepe e verdure cotte.,Il formaggio ha un aroma di pepe e verdure cotte.
data/images_flat/2018-2019_Trentingrana__2018-09-26__P3a_306_fetta.bmp,Aroma,Aroma con leggero sentore di fermentato.,Il formaggio ha un aroma con leggero sentore di fermentato.
data/images_flat/2018-2019_Trentingrana__2018-09-26__P3a_306_fetta.bmp,Aroma,Aroma cotto.,Il formaggio ha un aroma cotto.
data/images_flat/2018-2019_Trentingrana__2018-09-26__P3a_306_fetta.bmp,Aroma,Aroma di erbe amarognole.,Il formaggio ha un aroma di erbe amarognole.
data/images_flat/2018-2019_Trentingrana__2018-09-26__P3a_306_fetta.bmp,Aroma,Aroma di fieno e brodo.,Il formaggio ha un aroma di fieno e brodo.
data/images_flat/2018-2019_Trentingrana__2018-09-26__P6b_330_grana.bmp,Aroma,"Aroma poco caratteristico con note lattiche poco marcate, note fermentate e ossidate.","Il formaggio ha un aroma poco caratteristico con note lattiche poco marcate, note fermentate e ossidate."
data/images_flat/2018-2019_Trentingrana__2018-09-26__P6b_330_grana.bmp,Aroma,Aroma di latte acido e yogurt.,Il formaggio ha un aroma di latte acido e yogurt.
data/images_flat/2018-2019_Trentingrana__2018-09-26__P6b_330_grana.bmp,Aroma,Aroma con punta di fermentato.,Il formaggio ha un aroma con punta di fermentato.
data/images_flat/2018-2019_Trentingrana__2018-09-26__P6b_330_grana.bmp,Aroma,Aroma cotto.,Il formaggio ha un aroma cotto.
data/images_flat/2018-2019_Trentingrana__2018-09-26__P6b_330_grana.bmp,Aroma,Aroma di burro e grana.,Il formaggio ha un aroma di burro e grana.
data/images_flat/2018-2019_Trentingrana__2018-09-26__P3b_306_fetta.bmp,Aroma,"Aroma abbastanza equilibrato con note cotte, poco complesso.","Il formaggio ha un aroma abbastanza equilibrato con note cotte, poco complesso."
data/images_flat/2018-2019_Trentingrana__2018-09-26__P3b_306_fetta.bmp,Aroma,Aroma di pepe e verdure cotte.,Il formaggio ha un aroma di pepe e verdure cotte.
data/images_flat/2018-2019_Trentingrana__2018-09-26__P3b_306_fetta.bmp,Aroma,Aroma con leggero sentore di fermentato.,Il formaggio ha un aroma con leggero sentore di fermentato.
data/images_flat/2018-2019_Trentingrana__2018-09-26__P3b_306_fetta.bmp,Aroma,Aroma cotto.,Il formaggio ha un aroma cotto.
data/images_flat/2018-2019_Trentingrana__2018-09-26__P3b_306_fetta.bmp,Aroma,Aroma di erbe amarognole.,Il formaggio ha un aroma di erbe amarognole.
data/images_flat/2018-2019_Trentingrana__2018-09-26__P3b_306_fetta.bmp,Aroma,Aroma di fieno e brodo.,Il formaggio ha un aroma di fieno e brodo.
data/images_flat/2018-2019_Trentingrana__2018-09-26__P6a_330_grana.bmp,Aroma,"Aroma poco caratteristico con note lattiche poco marcate, note fermentate e ossidate.","Il formaggio ha un aroma poco caratteristico con note lattiche poco marcate, note fermentate e ossidate."
data/images_flat/2018-2019_Trentingrana__2018-09-26__P6a_330_grana.bmp,Aroma,Aroma di latte acido e yogurt.,Il formaggio ha un aroma di latte acido e yogurt.
data/images_flat/2018-2019_Trentingrana__2018-09-26__P6a_330_grana.bmp,Aroma,Aroma con punta di fermentato.,Il formaggio ha un aroma con punta di fermentato.
data/images_flat/2018-2019_Trentingrana__2018-09-26__P6a_330_grana.bmp,Aroma,Aroma cotto.,Il formaggio ha un aroma cotto.
data/images_flat/2018-2019_Trentingrana__2018-09-26__P6a_330_grana.bmp,Aroma,Aroma di burro e grana.,Il formaggio ha un aroma di burro e grana.
data/images_flat/2018-2019_Trentingrana__2018-09-26__P4a_311_grana.bmp,Aroma,"Aroma lattico in bocca, poco complesso ma gradevole.","Il formaggio ha un aroma lattico in bocca, poco complesso ma gradevole."
data/images_flat/2018-2019_Trentingrana__2018-09-26__P4a_311_grana.bmp,Aroma,Aroma di latte cotto e broccoli.,Il formaggio ha un aroma di latte cotto e broccoli.
data/images_flat/2018-2019_Trentingrana__2018-09-26__P4a_311_grana.bmp,Aroma,Aroma cotto.,Il formaggio ha un aroma cotto.
data/images_flat/2018-2019_Trentingrana__2018-09-26__P4a_311_grana.bmp,Aroma,Aroma povero.,Il formaggio ha un aroma povero.
data/images_flat/2018-2019_Trentingrana__2018-09-26__P4a_311_grana.bmp,Aroma,Aroma con note vegetali cotte finali.,Il formaggio ha un aroma con note vegetali cotte finali.
data/images_flat/2018-2019_Trentingrana__2018-09-26__P4a_311_grana.bmp,Aroma,Aroma leggermente stantio.,Il formaggio ha un aroma leggermente stantio.
data/images_flat/2018-2019_Trentingrana__2018-09-26__P1a_302_grana.bmp,Aroma,"Aroma con note lattiche cotte e note animali, non solo di glutammato.","Il formaggio ha un aroma con note lattiche cotte e note animali, non solo di glutammato."
data/images_flat/2018-2019_Trentingrana__2018-09-26__P1a_302_grana.bmp,Aroma,Aroma di latte cotto.,Il formaggio ha un aroma di latte cotto.
data/images_flat/2018-2019_Trentingrana__2018-09-26__P1a_302_grana.bmp,Aroma,Aroma di panna e leggero sentore di cotto.,Il formaggio ha un aroma di panna e leggero sentore di cotto.
data/images_flat/2018-2019_Trentingrana__2018-09-26__P1a_302_grana.bmp,Aroma,Aroma di burro e brodo.,Il formaggio ha un aroma di burro e brodo.
data/images_flat/2018-2019_Trentingrana__2018-09-26__P5b_313_fetta.bmp,Aroma,Aroma gradevole di formaggio cotto e crosta con note lattiche e lievi note di frutta fermentata.,Il formaggio ha un aroma gradevole di formaggio cotto e crosta con note lattiche e lievi note di frutta fermentata.
data/images_flat/2018-2019_Trentingrana__2018-09-26__P5b_313_fetta.bmp,Aroma,Aroma di pepe e fermentato.,Il formaggio ha un aroma di pepe e fermentato.
data/images_flat/2018-2019_Trentingrana__2018-09-26__P5b_313_fetta.bmp,Aroma,Aroma cotto.,Il formaggio ha un aroma cotto.
data/images_flat/2018-2019_Trentingrana__2018-09-26__P5b_313_fetta.bmp,Aroma,Aroma leggermente di crosta.,Il formaggio ha un aroma leggermente di crosta.
data/images_flat/2018-2019_Trentingrana__2018-09-26__P5b_313_fetta.bmp,Aroma,Aroma di brodo e crosta di grana.,Il formaggio ha un aroma di brodo e crosta di grana.
data/images_flat/2018-2019_Trentingrana__2018-09-26__P2b_305_grana.bmp,Aroma,Aroma gradevole e complesso con lieve nota animale e note caratteristiche.,Il formaggio ha un aroma gradevole e complesso con lieve nota animale e note caratteristiche.
data/images_flat/2018-2019_Trentingrana__2018-09-26__P2b_305_grana.bmp,Aroma,Aroma di latte cotto.,Il formaggio ha un aroma di latte cotto.
data/images_flat/2018-2019_Trentingrana__2018-09-26__P2b_305_grana.bmp,Aroma,Aroma di burro.,Il formaggio ha un aroma di burro.
data/images_flat/2018-2019_Trentingrana__2018-09-26__P5a_313_fetta.bmp,Aroma,Aroma gradevole di formaggio cotto e crosta con note lattiche e lievi note di frutta fermentata.,Il formaggio ha un aroma gradevole di formaggio cotto e crosta con note lattiche e lievi note di frutta fermentata.
data/images_flat/2018-2019_Trentingrana__2018-09-26__P5a_313_fetta.bmp,Aroma,Aroma di pepe e fermentato.,Il formaggio ha un aroma di pepe e fermentato.
data/images_flat/2018-2019_Trentingrana__2018-09-26__P5a_313_fetta.bmp,Aroma,Aroma cotto.,Il formaggio ha un aroma cotto.
data/images_flat/2018-2019_Trentingrana__2018-09-26__P5a_313_fetta.bmp,Aroma,Aroma leggermente di crosta.,Il formaggio ha un aroma leggermente di crosta.
data/images_flat/2018-2019_Trentingrana__2018-09-26__P5a_313_fetta.bmp,Aroma,Aroma di brodo e crosta di grana.,Il formaggio ha un aroma di brodo e crosta di grana.
data/images_flat/2018-2019_Trentingrana__2018-09-26__P2a_305_grana.bmp,Aroma,Aroma gradevole e complesso con lieve nota animale e note caratteristiche.,Il formaggio ha un aroma gradevole e complesso con lieve nota animale e note caratteristiche.
data/images_flat/2018-2019_Trentingrana__2018-09-26__P2a_305_grana.bmp,Aroma,Aroma di latte cotto.,Il formaggio ha un aroma di latte cotto.
data/images_flat/2018-2019_Trentingrana__2018-09-26__P2a_305_grana.bmp,Aroma,Aroma di burro.,Il formaggio ha un aroma di burro.
data/images_flat/2018-2019_Trentingrana__2018-09-26__P4b_311_grana.bmp,Aroma,"Aroma lattico in bocca, poco complesso ma gradevole.","Il formaggio ha un aroma lattico in bocca, poco complesso ma gradevole."
data/images_flat/2018-2019_Trentingrana__2018-09-26__P4b_311_grana.bmp,Aroma,Aroma di latte cotto e broccoli.,Il formaggio ha un aroma di latte cotto e broccoli.
data/images_flat/2018-2019_Trentingrana__2018-09-26__P4b_311_grana.bmp,Aroma,Aroma cotto.,Il formaggio ha un aroma cotto.
data/images_flat/2018-2019_Trentingrana__2018-09-26__P4b_311_grana.bmp,Aroma,Aroma povero.,Il formaggio ha un aroma povero.
data/images_flat/2018-2019_Trentingrana__2018-09-26__P4b_311_grana.bmp,Aroma,Aroma con note vegetali cotte finali.,Il formaggio ha un aroma con note vegetali cotte finali.
data/images_flat/2018-2019_Trentingrana__2018-09-26__P4b_311_grana.bmp,Aroma,Aroma leggermente stantio.,Il formaggio ha un aroma leggermente stantio.
data/images_flat/2018-2019_Trentingrana__2018-09-26__P1b_302_grana.bmp,Aroma,"Aroma con note lattiche cotte e note animali, non solo di glutammato.","Il formaggio ha un aroma con note lattiche cotte e note animali, non solo di glutammato."
data/images_flat/2018-2019_Trentingrana__2018-09-26__P1b_302_grana.bmp,Aroma,Aroma di latte cotto.,Il formaggio ha un aroma di latte cotto.
data/images_flat/2018-2019_Trentingrana__2018-09-26__P1b_302_grana.bmp,Aroma,Aroma di panna e leggero sentore di cotto.,Il formaggio ha un aroma di panna e leggero sentore di cotto.
data/images_flat/2018-2019_Trentingrana__2018-09-26__P1b_302_grana.bmp,Aroma,Aroma di burro e brodo.,Il formaggio ha un aroma di burro e brodo.
data/images_flat/2018-2019_Trentingrana__2018-09-26__P6b_330_fetta.bmp,Aroma,"Aroma poco caratteristico con note lattiche poco marcate, note fermentate e ossidate.","Il formaggio ha un aroma poco caratteristico con note lattiche poco marcate, note fermentate e ossidate."
data/images_flat/2018-2019_Trentingrana__2018-09-26__P6b_330_fetta.bmp,Aroma,Aroma di latte acido e yogurt.,Il formaggio ha un aroma di latte acido e yogurt.
data/images_flat/2018-2019_Trentingrana__2018-09-26__P6b_330_fetta.bmp,Aroma,Aroma con punta di fermentato.,Il formaggio ha un aroma con punta di fermentato.
data/images_flat/2018-2019_Trentingrana__2018-09-26__P6b_330_fetta.bmp,Aroma,Aroma cotto.,Il formaggio ha un aroma cotto.
data/images_flat/2018-2019_Trentingrana__2018-09-26__P6b_330_fetta.bmp,Aroma,Aroma di burro e grana.,Il formaggio ha un aroma di burro e grana.
data/images_flat/2018-2019_Trentingrana__2018-09-26__P3a_306_grana.bmp,Aroma,"Aroma abbastanza equilibrato con note cotte, poco complesso.","Il formaggio ha un aroma abbastanza equilibrato con note cotte, poco complesso."
data/images_flat/2018-2019_Trentingrana__2018-09-26__P3a_306_grana.bmp,Aroma,Aroma di pepe e verdure cotte.,Il formaggio ha un aroma di pepe e verdure cotte.
data/images_flat/2018-2019_Trentingrana__2018-09-26__P3a_306_grana.bmp,Aroma,Aroma con leggero sentore di fermentato.,Il formaggio ha un aroma con leggero sentore di fermentato.
data/images_flat/2018-2019_Trentingrana__2018-09-26__P3a_306_grana.bmp,Aroma,Aroma cotto.,Il formaggio ha un aroma cotto.
data/images_flat/2018-2019_Trentingrana__2018-09-26__P3a_306_grana.bmp,Aroma,Aroma di erbe amarognole.,Il formaggio ha un aroma di erbe amarognole.
data/images_flat/2018-2019_Trentingrana__2018-09-26__P3a_306_grana.bmp,Aroma,Aroma di fieno e brodo.,Il formaggio ha un aroma di fieno e brodo.
data/images_flat/2018-2019_Trentingrana__2018-09-26__P6a_330_fetta.bmp,Aroma,"Aroma poco caratteristico con note lattiche poco marcate, note fermentate e ossidate.","Il formaggio ha un aroma poco caratteristico con note lattiche poco marcate, note fermentate e ossidate."
data/images_flat/2018-2019_Trentingrana__2018-09-26__P6a_330_fetta.bmp,Aroma,Aroma di latte acido e yogurt.,Il formaggio ha un aroma di latte acido e yogurt.
data/images_flat/2018-2019_Trentingrana__2018-09-26__P6a_330_fetta.bmp,Aroma,Aroma con punta di fermentato.,Il formaggio ha un aroma con punta di fermentato.
data/images_flat/2018-2019_Trentingrana__2018-09-26__P6a_330_fetta.bmp,Aroma,Aroma cotto.,Il formaggio ha un aroma cotto.
data/images_flat/2018-2019_Trentingrana__2018-09-26__P6a_330_fetta.bmp,Aroma,Aroma di burro e grana.,Il formaggio ha un aroma di burro e grana.
data/images_flat/2018-2019_Trentingrana__2018-09-26__P3b_306_grana.bmp,Aroma,"Aroma abbastanza equilibrato con note cotte, poco complesso.","Il formaggio ha un aroma abbastanza equilibrato con note cotte, poco complesso."
data/images_flat/2018-2019_Trentingrana__2018-09-26__P3b_306_grana.bmp,Aroma,Aroma di pepe e verdure cotte.,Il formaggio ha un aroma di pepe e verdure cotte.
data/images_flat/2018-2019_Trentingrana__2018-09-26__P3b_306_grana.bmp,Aroma,Aroma con leggero sentore di fermentato.,Il formaggio ha un aroma con leggero sentore di fermentato.
data/images_flat/2018-2019_Trentingrana__2018-09-26__P3b_306_grana.bmp,Aroma,Aroma cotto.,Il formaggio ha un aroma cotto.
data/images_flat/2018-2019_Trentingrana__2018-09-26__P3b_306_grana.bmp,Aroma,Aroma di erbe amarognole.,Il formaggio ha un aroma di erbe amarognole.
data/images_flat/2018-2019_Trentingrana__2018-09-26__P3b_306_grana.bmp,Aroma,Aroma di fieno e brodo.,Il formaggio ha un aroma di fieno e brodo.
data/images_flat/2018-2019_Trentingrana__2018-09-26__P5b_313_grana.bmp,Aroma,Aroma gradevole di formaggio cotto e crosta con note lattiche e lievi note di frutta fermentata.,Il formaggio ha un aroma gradevole di formaggio cotto e crosta con note lattiche e lievi note di frutta fermentata.
data/images_flat/2018-2019_Trentingrana__2018-09-26__P5b_313_grana.bmp,Aroma,Aroma di pepe e fermentato.,Il formaggio ha un aroma di pepe e fermentato.
data/images_flat/2018-2019_Trentingrana__2018-09-26__P5b_313_grana.bmp,Aroma,Aroma cotto.,Il formaggio ha un aroma cotto.
data/images_flat/2018-2019_Trentingrana__2018-09-26__P5b_313_grana.bmp,Aroma,Aroma leggermente di crosta.,Il formaggio ha un aroma leggermente di crosta.
data/images_flat/2018-2019_Trentingrana__2018-09-26__P5b_313_grana.bmp,Aroma,Aroma di brodo e crosta di grana.,Il formaggio ha un aroma di brodo e crosta di grana.
data/images_flat/2018-2019_Trentingrana__2018-09-26__P2b_305_fetta.bmp,Aroma,Aroma gradevole e complesso con lieve nota animale e note caratteristiche.,Il formaggio ha un aroma gradevole e complesso con lieve nota animale e note caratteristiche.
data/images_flat/2018-2019_Trentingrana__2018-09-26__P2b_305_fetta.bmp,Aroma,Aroma di latte cotto.,Il formaggio ha un aroma di latte cotto.
data/images_flat/2018-2019_Trentingrana__2018-09-26__P2b_305_fetta.bmp,Aroma,Aroma di burro.,Il formaggio ha un aroma di burro.
data/images_flat/2018-2019_Trentingrana__2018-09-26__P1a_302_fetta.bmp,Aroma,"Aroma con note lattiche cotte e note animali, non solo di glutammato.","Il formaggio ha un aroma con note lattiche cotte e note animali, non solo di glutammato."
data/images_flat/2018-2019_Trentingrana__2018-09-26__P1a_302_fetta.bmp,Aroma,Aroma di latte cotto.,Il formaggio ha un aroma di latte cotto.
data/images_flat/2018-2019_Trentingrana__2018-09-26__P1a_302_fetta.bmp,Aroma,Aroma di panna e leggero sentore di cotto.,Il formaggio ha un aroma di panna e leggero sentore di cotto.
data/images_flat/2018-2019_Trentingrana__2018-09-26__P1a_302_fetta.bmp,Aroma,Aroma di burro e brodo.,Il formaggio ha un aroma di burro e brodo.
data/images_flat/2018-2019_Trentingrana__2018-09-26__P4a_311_fetta.bmp,Aroma,"Aroma lattico in bocca, poco complesso ma gradevole.","Il formaggio ha un aroma lattico in bocca, poco complesso ma gradevole."
data/images_flat/2018-2019_Trentingrana__2018-09-26__P4a_311_fetta.bmp,Aroma,Aroma di latte cotto e broccoli.,Il formaggio ha un aroma di latte cotto e broccoli.
data/images_flat/2018-2019_Trentingrana__2018-09-26__P4a_311_fetta.bmp,Aroma,Aroma cotto.,Il formaggio ha un aroma cotto.
data/images_flat/2018-2019_Trentingrana__2018-09-26__P4a_311_fetta.bmp,Aroma,Aroma povero.,Il formaggio ha un aroma povero.
data/images_flat/2018-2019_Trentingrana__2018-09-26__P4a_311_fetta.bmp,Aroma,Aroma con note vegetali cotte finali.,Il formaggio ha un aroma con note vegetali cotte finali.
data/images_flat/2018-2019_Trentingrana__2018-09-26__P4a_311_fetta.bmp,Aroma,Aroma leggermente stantio.,Il formaggio ha un aroma leggermente stantio.
data/images_flat/2018-2019_Trentingrana__2018-09-26__P1b_302_fetta.bmp,Aroma,"Aroma con note lattiche cotte e note animali, non solo di glutammato.","Il formaggio ha un aroma con note lattiche cotte e note animali, non solo di glutammato."
data/images_flat/2018-2019_Trentingrana__2018-09-26__P1b_302_fetta.bmp,Aroma,Aroma di latte cotto.,Il formaggio ha un aroma di latte cotto.
data/images_flat/2018-2019_Trentingrana__2018-09-26__P1b_302_fetta.bmp,Aroma,Aroma di panna e leggero sentore di cotto.,Il formaggio ha un aroma di panna e leggero sentore di cotto.
data/images_flat/2018-2019_Trentingrana__2018-09-26__P1b_302_fetta.bmp,Aroma,Aroma di burro e brodo.,Il formaggio ha un aroma di burro e brodo.
data/images_flat/2018-2019_Trentingrana__2018-09-26__P4b_311_fetta.bmp,Aroma,"Aroma lattico in bocca, poco complesso ma gradevole.","Il formaggio ha un aroma lattico in bocca, poco complesso ma gradevole."
data/images_flat/2018-2019_Trentingrana__2018-09-26__P4b_311_fetta.bmp,Aroma,Aroma di latte cotto e broccoli.,Il formaggio ha un aroma di latte cotto e broccoli.
data/images_flat/2018-2019_Trentingrana__2018-09-26__P4b_311_fetta.bmp,Aroma,Aroma cotto.,Il formaggio ha un aroma cotto.
data/images_flat/2018-2019_Trentingrana__2018-09-26__P4b_311_fetta.bmp,Aroma,Aroma povero.,Il formaggio ha un aroma povero.
data/images_flat/2018-2019_Trentingrana__2018-09-26__P4b_311_fetta.bmp,Aroma,Aroma con note vegetali cotte finali.,Il formaggio ha un aroma con note vegetali cotte finali.
data/images_flat/2018-2019_Trentingrana__2018-09-26__P4b_311_fetta.bmp,Aroma,Aroma leggermente stantio.,Il formaggio ha un aroma leggermente stantio.
data/images_flat/2018-2019_Trentingrana__2018-09-26__P5a_313_grana.bmp,Aroma,Aroma gradevole di formaggio cotto e crosta con note lattiche e lievi note di frutta fermentata.,Il formaggio ha un aroma gradevole di formaggio cotto e crosta con note lattiche e lievi note di frutta fermentata.
data/images_flat/2018-2019_Trentingrana__2018-09-26__P5a_313_grana.bmp,Aroma,Aroma di pepe e fermentato.,Il formaggio ha un aroma di pepe e fermentato.
data/images_flat/2018-2019_Trentingrana__2018-09-26__P5a_313_grana.bmp,Aroma,Aroma cotto.,Il formaggio ha un aroma cotto.
data/images_flat/2018-2019_Trentingrana__2018-09-26__P5a_313_grana.bmp,Aroma,Aroma leggermente di crosta.,Il formaggio ha un aroma leggermente di crosta.
data/images_flat/2018-2019_Trentingrana__2018-09-26__P5a_313_grana.bmp,Aroma,Aroma di brodo e crosta di grana.,Il formaggio ha un aroma di brodo e crosta di grana.
data/images_flat/2018-2019_Trentingrana__2018-09-26__P2a_305_fetta.bmp,Aroma,Aroma gradevole e complesso con lieve nota animale e note caratteristiche.,Il formaggio ha un aroma gradevole e complesso con lieve nota animale e note caratteristiche.
data/images_flat/2018-2019_Trentingrana__2018-09-26__P2a_305_fetta.bmp,Aroma,Aroma di latte cotto.,Il formaggio ha un aroma di latte cotto.
data/images_flat/2018-2019_Trentingrana__2018-09-26__P2a_305_fetta.bmp,Aroma,Aroma di burro.,Il formaggio ha un aroma di burro.
data/images_flat/2018-2019_Trentingrana__2019-03-20__P5a_316_grana.bmp,Aroma,"Aroma di latte animale e letame, poco tipico del grana.","Il formaggio ha un aroma di latte animale e letame, poco tipico del grana."
data/images_flat/2018-2019_Trentingrana__2019-03-20__P5a_316_grana.bmp,Aroma,Aroma di burro fuso.,Il formaggio ha un aroma di burro fuso.
data/images_flat/2018-2019_Trentingrana__2019-03-20__P5a_316_grana.bmp,Aroma,"Aroma di lattici cotti, tostati, con note erbacee, brodo vegetale e animale.","Il formaggio ha un aroma di lattici cotti, tostati, con note erbacee, brodo vegetale e animale."
data/images_flat/2018-2019_Trentingrana__2019-03-20__P5a_316_grana.bmp,Aroma,"Aroma lattico evoluto, burro fuso con sentori di fieno e brodo, caratteristico.","Il formaggio ha un aroma lattico evoluto, burro fuso con sentori di fieno e brodo, caratteristico."
data/images_flat/2018-2019_Trentingrana__2019-03-20__P2b_304_grana.bmp,Aroma,Aroma di latte poco da grana.,Il formaggio ha un aroma di latte poco da grana.
data/images_flat/2018-2019_Trentingrana__2019-03-20__P2b_304_grana.bmp,Aroma,Aroma leggermente stantio.,Il formaggio ha un aroma leggermente stantio.
data/images_flat/2018-2019_Trentingrana__2019-03-20__P2b_304_grana.bmp,Aroma,"Aroma caratteristico, mediamente intenso, con buone note lattiche e lieve nota propionica.","Il formaggio ha un aroma caratteristico, mediamente intenso, con buone note lattiche e lieve nota propionica."
data/images_flat/2018-2019_Trentingrana__2019-03-20__P5b_316_grana.bmp,Aroma,"Aroma di latte animale e letame, poco tipico del grana.","Il formaggio ha un aroma di latte animale e letame, poco tipico del grana."
data/images_flat/2018-2019_Trentingrana__2019-03-20__P5b_316_grana.bmp,Aroma,Aroma di burro fuso.,Il formaggio ha un aroma di burro fuso.
data/images_flat/2018-2019_Trentingrana__2019-03-20__P5b_316_grana.bmp,Aroma,"Aroma di lattici cotti, tostati, con note erbacee, brodo vegetale e animale.","Il formaggio ha un aroma di lattici cotti, tostati, con note erbacee, brodo vegetale e animale."
data/images_flat/2018-2019_Trentingrana__2019-03-20__P5b_316_grana.bmp,Aroma,"Aroma lattico evoluto, burro fuso con sentori di fieno e brodo, caratteristico.","Il formaggio ha un aroma lattico evoluto, burro fuso con sentori di fieno e brodo, caratteristico."
data/images_flat/2018-2019_Trentingrana__2019-03-20__P2a_304_grana.bmp,Aroma,Aroma di latte poco da grana.,Il formaggio ha un aroma di latte poco da grana.
data/images_flat/2018-2019_Trentingrana__2019-03-20__P2a_304_grana.bmp,Aroma,Aroma leggermente stantio.,Il formaggio ha un aroma leggermente stantio.
data/images_flat/2018-2019_Trentingrana__2019-03-20__P2a_304_grana.bmp,Aroma,"Aroma caratteristico, mediamente intenso, con buone note lattiche e lieve nota propionica.","Il formaggio ha un aroma caratteristico, mediamente intenso, con buone note lattiche e lieve nota propionica."
data/images_flat/2018-2019_Trentingrana__2019-03-20__P4a_311_grana.bmp,Aroma,Aroma cotto.,Il formaggio ha un aroma cotto.
data/images_flat/2018-2019_Trentingrana__2019-03-20__P4a_311_grana.bmp,Aroma,Aroma vegetale fermentato e cotto con note di crosta.,Il formaggio ha un aroma vegetale fermentato e cotto con note di crosta.
data/images_flat/2018-2019_Trentingrana__2019-03-20__P4a_311_grana.bmp,Aroma,Aroma di brodo con note di dado e sedano.,Il formaggio ha un aroma di brodo con note di dado e sedano.
data/images_flat/2018-2019_Trentingrana__2019-03-20__P4a_311_grana.bmp,Aroma,Aroma propionico fermentato.,Il formaggio ha un aroma propionico fermentato.
data/images_flat/2018-2019_Trentingrana__2019-03-20__P1a_302_grana.bmp,Aroma,Aroma cotto.,Il formaggio ha un aroma cotto.
data/images_flat/2018-2019_Trentingrana__2019-03-20__P1a_302_grana.bmp,Aroma,Aroma di brodo di carne.,Il formaggio ha un aroma di brodo di carne.
data/images_flat/2018-2019_Trentingrana__2019-03-20__P1a_302_grana.bmp,Aroma,"Aroma di latte cotto e burro cotto prevalenti, caratteristico ma poco complesso.","Il formaggio ha un aroma di latte cotto e burro cotto prevalenti, caratteristico ma poco complesso."
data/images_flat/2018-2019_Trentingrana__2019-03-20__P1a_302_grana.bmp,Aroma,Aroma di sedano.,Il formaggio ha un aroma di sedano.
data/images_flat/2018-2019_Trentingrana__2019-03-20__P6a_323_grana.bmp,Aroma,Aroma cotto.,Il formaggio ha un aroma cotto.
data/images_flat/2018-2019_Trentingrana__2019-03-20__P6a_323_grana.bmp,Aroma,"Aroma ossidato e vecchio, non gradevole.","Il formaggio ha un aroma ossidato e vecchio, non gradevole."
data/images_flat/2018-2019_Trentingrana__2019-03-20__P6a_323_grana.bmp,Aroma,Aroma cotto quasi bruciato con note di legna secca vecchia.,Il formaggio ha un aroma cotto quasi bruciato con note di legna secca vecchia.
data/images_flat/2018-2019_Trentingrana__2019-03-20__P6a_323_grana.bmp,Aroma,Aroma atipico.,Il formaggio ha un aroma atipico.
data/images_flat/2018-2019_Trentingrana__2019-03-20__P3a_305_grana.bmp,Aroma,"Aroma di tostati, erbe amare, lattico cotto e crosta di formaggio.","Il formaggio ha un aroma di tostati, erbe amare, lattico cotto e crosta di formaggio."
data/images_flat/2018-2019_Trentingrana__2019-03-20__P3a_305_grana.bmp,Aroma,"Aroma poco complesso con note di formaggio cotto e crosta, leggermente passato.","Il formaggio ha un aroma poco complesso con note di formaggio cotto e crosta, leggermente passato."
data/images_flat/2018-2019_Trentingrana__2019-03-20__P6b_323_grana.bmp,Aroma,Aroma cotto.,Il formaggio ha un aroma cotto.
data/images_flat/2018-2019_Trentingrana__2019-03-20__P6b_323_grana.bmp,Aroma,"Aroma ossidato e vecchio, non gradevole.","Il formaggio ha un aroma ossidato e vecchio, non gradevole."
data/images_flat/2018-2019_Trentingrana__2019-03-20__P6b_323_grana.bmp,Aroma,Aroma cotto quasi bruciato con note di legna secca vecchia.,Il formaggio ha un aroma cotto quasi bruciato con note di legna secca vecchia.
data/images_flat/2018-2019_Trentingrana__2019-03-20__P6b_323_grana.bmp,Aroma,Aroma atipico.,Il formaggio ha un aroma atipico.
data/images_flat/2018-2019_Trentingrana__2019-03-20__P3b_305_grana.bmp,Aroma,"Aroma di tostati, erbe amare, lattico cotto e crosta di formaggio.","Il formaggio ha un aroma di tostati, erbe amare, lattico cotto e crosta di formaggio."
data/images_flat/2018-2019_Trentingrana__2019-03-20__P3b_305_grana.bmp,Aroma,"Aroma poco complesso con note di formaggio cotto e crosta, leggermente passato.","Il formaggio ha un aroma poco complesso con note di formaggio cotto e crosta, leggermente passato."
data/images_flat/2018-2019_Trentingrana__2019-03-20__P4b_311_grana.bmp,Aroma,Aroma cotto.,Il formaggio ha un aroma cotto.
data/images_flat/2018-2019_Trentingrana__2019-03-20__P4b_311_grana.bmp,Aroma,Aroma vegetale fermentato e cotto con note di crosta.,Il formaggio ha un aroma vegetale fermentato e cotto con note di crosta.
data/images_flat/2018-2019_Trentingrana__2019-03-20__P4b_311_grana.bmp,Aroma,Aroma di brodo con note di dado e sedano.,Il formaggio ha un aroma di brodo con note di dado e sedano.
data/images_flat/2018-2019_Trentingrana__2019-03-20__P4b_311_grana.bmp,Aroma,Aroma propionico fermentato.,Il formaggio ha un aroma propionico fermentato.
data/images_flat/2018-2019_Trentingrana__2019-03-20__P1b_302_grana.bmp,Aroma,Aroma cotto.,Il formaggio ha un aroma cotto.
data/images_flat/2018-2019_Trentingrana__2019-03-20__P1b_302_grana.bmp,Aroma,Aroma di brodo di carne.,Il formaggio ha un aroma di brodo di carne.
data/images_flat/2018-2019_Trentingrana__2019-03-20__P1b_302_grana.bmp,Aroma,"Aroma di latte cotto e burro cotto prevalenti, caratteristico ma poco complesso.","Il formaggio ha un aroma di latte cotto e burro cotto prevalenti, caratteristico ma poco complesso."
data/images_flat/2018-2019_Trentingrana__2019-03-20__P1b_302_grana.bmp,Aroma,Aroma di sedano.,Il formaggio ha un aroma di sedano.
data/images_flat/2018-2019_Trentingrana__2019-03-20__P2b_304_fetta.bmp,Aroma,Aroma di latte poco da grana.,Il formaggio ha un aroma di latte poco da grana.
data/images_flat/2018-2019_Trentingrana__2019-03-20__P2b_304_fetta.bmp,Aroma,Aroma leggermente stantio.,Il formaggio ha un aroma leggermente stantio.
data/images_flat/2018-2019_Trentingrana__2019-03-20__P2b_304_fetta.bmp,Aroma,"Aroma caratteristico, mediamente intenso, con buone note lattiche e lieve nota propionica.","Il formaggio ha un aroma caratteristico, mediamente intenso, con buone note lattiche e lieve nota propionica."
data/images_flat/2018-2019_Trentingrana__2019-03-20__P5a_316_fetta.bmp,Aroma,"Aroma di latte animale e letame, poco tipico del grana.","Il formaggio ha un aroma di latte animale e letame, poco tipico del grana."
data/images_flat/2018-2019_Trentingrana__2019-03-20__P5a_316_fetta.bmp,Aroma,Aroma di burro fuso.,Il formaggio ha un aroma di burro fuso.
data/images_flat/2018-2019_Trentingrana__2019-03-20__P5a_316_fetta.bmp,Aroma,"Aroma di lattici cotti, tostati, con note erbacee, brodo vegetale e animale.","Il formaggio ha un aroma di lattici cotti, tostati, con note erbacee, brodo vegetale e animale."
data/images_flat/2018-2019_Trentingrana__2019-03-20__P5a_316_fetta.bmp,Aroma,"Aroma lattico evoluto, burro fuso con sentori di fieno e brodo, caratteristico.","Il formaggio ha un aroma lattico evoluto, burro fuso con sentori di fieno e brodo, caratteristico."
data/images_flat/2018-2019_Trentingrana__2019-03-20__P2a_304_fetta.bmp,Aroma,Aroma di latte poco da grana.,Il formaggio ha un aroma di latte poco da grana.
data/images_flat/2018-2019_Trentingrana__2019-03-20__P2a_304_fetta.bmp,Aroma,Aroma leggermente stantio.,Il formaggio ha un aroma leggermente stantio.
data/images_flat/2018-2019_Trentingrana__2019-03-20__P2a_304_fetta.bmp,Aroma,"Aroma caratteristico, mediamente intenso, con buone note lattiche e lieve nota propionica.","Il formaggio ha un aroma caratteristico, mediamente intenso, con buone note lattiche e lieve nota propionica."
data/images_flat/2018-2019_Trentingrana__2019-03-20__P5b_316_fetta.bmp,Aroma,"Aroma di latte animale e letame, poco tipico del grana.","Il formaggio ha un aroma di latte animale e letame, poco tipico del grana."
data/images_flat/2018-2019_Trentingrana__2019-03-20__P5b_316_fetta.bmp,Aroma,Aroma di burro fuso.,Il formaggio ha un aroma di burro fuso.
data/images_flat/2018-2019_Trentingrana__2019-03-20__P5b_316_fetta.bmp,Aroma,"Aroma di lattici cotti, tostati, con note erbacee, brodo vegetale e animale.","Il formaggio ha un aroma di lattici cotti, tostati, con note erbacee, brodo vegetale e animale."
data/images_flat/2018-2019_Trentingrana__2019-03-20__P5b_316_fetta.bmp,Aroma,"Aroma lattico evoluto, burro fuso con sentori di fieno e brodo, caratteristico.","Il formaggio ha un aroma lattico evoluto, burro fuso con sentori di fieno e brodo, caratteristico."
data/images_flat/2018-2019_Trentingrana__2019-03-20__P6a_323_fetta.bmp,Aroma,Aroma cotto.,Il formaggio ha un aroma cotto.
data/images_flat/2018-2019_Trentingrana__2019-03-20__P6a_323_fetta.bmp,Aroma,"Aroma ossidato e vecchio, non gradevole.","Il formaggio ha un aroma ossidato e vecchio, non gradevole."
data/images_flat/2018-2019_Trentingrana__2019-03-20__P6a_323_fetta.bmp,Aroma,Aroma cotto quasi bruciato con note di legna secca vecchia.,Il formaggio ha un aroma cotto quasi bruciato con note di legna secca vecchia.
data/images_flat/2018-2019_Trentingrana__2019-03-20__P6a_323_fetta.bmp,Aroma,Aroma atipico.,Il formaggio ha un aroma atipico.
data/images_flat/2018-2019_Trentingrana__2019-03-20__P3a_305_fetta.bmp,Aroma,"Aroma di tostati, erbe amare, lattico cotto e crosta di formaggio.","Il formaggio ha un aroma di tostati, erbe amare, lattico cotto e crosta di formaggio."
data/images_flat/2018-2019_Trentingrana__2019-03-20__P3a_305_fetta.bmp,Aroma,"Aroma poco complesso con note di formaggio cotto e crosta, leggermente passato.","Il formaggio ha un aroma poco complesso con note di formaggio cotto e crosta, leggermente passato."
data/images_flat/2018-2019_Trentingrana__2019-03-20__P1a_302_fetta.bmp,Aroma,Aroma cotto.,Il formaggio ha un aroma cotto.
data/images_flat/2018-2019_Trentingrana__2019-03-20__P1a_302_fetta.bmp,Aroma,Aroma di brodo di carne.,Il formaggio ha un aroma di brodo di carne.
data/images_flat/2018-2019_Trentingrana__2019-03-20__P1a_302_fetta.bmp,Aroma,"Aroma di latte cotto e burro cotto prevalenti, caratteristico ma poco complesso.","Il formaggio ha un aroma di latte cotto e burro cotto prevalenti, caratteristico ma poco complesso."
data/images_flat/2018-2019_Trentingrana__2019-03-20__P1a_302_fetta.bmp,Aroma,Aroma di sedano.,Il formaggio ha un aroma di sedano.
data/images_flat/2018-2019_Trentingrana__2019-03-20__P4a_311_fetta.bmp,Aroma,Aroma cotto.,Il formaggio ha un aroma cotto.
data/images_flat/2018-2019_Trentingrana__2019-03-20__P4a_311_fetta.bmp,Aroma,Aroma vegetale fermentato e cotto con note di crosta.,Il formaggio ha un aroma vegetale fermentato e cotto con note di crosta.
data/images_flat/2018-2019_Trentingrana__2019-03-20__P4a_311_fetta.bmp,Aroma,Aroma di brodo con note di dado e sedano.,Il formaggio ha un aroma di brodo con note di dado e sedano.
data/images_flat/2018-2019_Trentingrana__2019-03-20__P4a_311_fetta.bmp,Aroma,Aroma propionico fermentato.,Il formaggio ha un aroma propionico fermentato.
data/images_flat/2018-2019_Trentingrana__2019-03-20__P1b_302_fetta.bmp,Aroma,Aroma cotto.,Il formaggio ha un aroma cotto.
data/images_flat/2018-2019_Trentingrana__2019-03-20__P1b_302_fetta.bmp,Aroma,Aroma di brodo di carne.,Il formaggio ha un aroma di brodo di carne.
data/images_flat/2018-2019_Trentingrana__2019-03-20__P1b_302_fetta.bmp,Aroma,"Aroma di latte cotto e burro cotto prevalenti, caratteristico ma poco complesso.","Il formaggio ha un aroma di latte cotto e burro cotto prevalenti, caratteristico ma poco complesso."
data/images_flat/2018-2019_Trentingrana__2019-03-20__P1b_302_fetta.bmp,Aroma,Aroma di sedano.,Il formaggio ha un aroma di sedano.
data/images_flat/2018-2019_Trentingrana__2019-03-20__P4b_311_fetta.bmp,Aroma,Aroma cotto.,Il formaggio ha un aroma cotto.
data/images_flat/2018-2019_Trentingrana__2019-03-20__P4b_311_fetta.bmp,Aroma,Aroma vegetale fermentato e cotto con note di crosta.,Il formaggio ha un aroma vegetale fermentato e cotto con note di crosta.
data/images_flat/2018-2019_Trentingrana__2019-03-20__P4b_311_fetta.bmp,Aroma,Aroma di brodo con note di dado e sedano.,Il formaggio ha un aroma di brodo con note di dado e sedano.
data/images_flat/2018-2019_Trentingrana__2019-03-20__P4b_311_fetta.bmp,Aroma,Aroma propionico fermentato.,Il formaggio ha un aroma propionico fermentato.
data/images_flat/2018-2019_Trentingrana__2019-03-20__P6b_323_fetta.bmp,Aroma,Aroma cotto.,Il formaggio ha un aroma cotto.
data/images_flat/2018-2019_Trentingrana__2019-03-20__P6b_323_fetta.bmp,Aroma,"Aroma ossidato e vecchio, non gradevole.","Il formaggio ha un aroma ossidato e vecchio, non gradevole."
data/images_flat/2018-2019_Trentingrana__2019-03-20__P6b_323_fetta.bmp,Aroma,Aroma cotto quasi bruciato con note di legna secca vecchia.,Il formaggio ha un aroma cotto quasi bruciato con note di legna secca vecchia.
data/images_flat/2018-2019_Trentingrana__2019-03-20__P6b_323_fetta.bmp,Aroma,Aroma atipico.,Il formaggio ha un aroma atipico.
data/images_flat/2018-2019_Trentingrana__2019-03-20__P3b_305_fetta.bmp,Aroma,"Aroma di tostati, erbe amare, lattico cotto e crosta di formaggio.","Il formaggio ha un aroma di tostati, erbe amare, lattico cotto e crosta di formaggio."
data/images_flat/2018-2019_Trentingrana__2019-03-20__P3b_305_fetta.bmp,Aroma,"Aroma poco complesso con note di formaggio cotto e crosta, leggermente passato.","Il formaggio ha un aroma poco complesso con note di formaggio cotto e crosta, leggermente passato."
data/images_flat/2018-2019_Trentingrana__2019-01-09__P1b_306_fetta.bmp,Aroma,Aroma di fungo e muffa.,Il formaggio ha un aroma di fungo e muffa.
data/images_flat/2018-2019_Trentingrana__2019-01-09__P1b_306_fetta.bmp,Aroma,Aroma di formaggio cotto.,Il formaggio ha un aroma di formaggio cotto.
data/images_flat/2018-2019_Trentingrana__2019-01-09__P1b_306_fetta.bmp,Aroma,Aroma non caratteristico del grana trentino.,Il formaggio ha un aroma non caratteristico del grana trentino.
data/images_flat/2018-2019_Trentingrana__2019-01-09__P1b_306_fetta.bmp,Aroma,Aroma di burro e burro fuso.,Il formaggio ha un aroma di burro e burro fuso.
data/images_flat/2018-2019_Trentingrana__2019-01-09__P1b_306_fetta.bmp,Aroma,Aroma di crosta di formaggio e formaggio bruciato.,Il formaggio ha un aroma di crosta di formaggio e formaggio bruciato.
data/images_flat/2018-2019_Trentingrana__2019-01-09__P1b_306_fetta.bmp,Aroma,"Aroma di latte cotto, leggero con poca persistenza.","Il formaggio ha un aroma di latte cotto, leggero con poca persistenza."
data/images_flat/2018-2019_Trentingrana__2019-01-09__P1b_306_fetta.bmp,Aroma,"Aroma lattico dominante e caratteristico di latte cotto e burro cotto, leggermente monocorde.","Il formaggio ha un aroma lattico dominante e caratteristico di latte cotto e burro cotto, leggermente monocorde."
data/images_flat/2018-2019_Trentingrana__2019-01-09__P1b_306_fetta.bmp,Aroma,"Aroma strano e non molto piacevole, con note grasse.","Il formaggio ha un aroma strano e non molto piacevole, con note grasse."
data/images_flat/2018-2019_Trentingrana__2019-01-09__P2b_307_fetta.bmp,Aroma,Aroma vegetale.,Il formaggio ha un aroma vegetale.
data/images_flat/2018-2019_Trentingrana__2019-01-09__P2b_307_fetta.bmp,Aroma,"Aroma di burro fuso, pane tostato e fieno leggero.","Il formaggio ha un aroma di burro fuso, pane tostato e fieno leggero."
data/images_flat/2018-2019_Trentingrana__2019-01-09__P2b_307_fetta.bmp,Aroma,Aroma di crosta di formaggio.,Il formaggio ha un aroma di crosta di formaggio.
data/images_flat/2018-2019_Trentingrana__2019-01-09__P2b_307_fetta.bmp,Aroma,Aroma di minestrone.,Il formaggio ha un aroma di minestrone.
data/images_flat/2018-2019_Trentingrana__2019-01-09__P2b_307_fetta.bmp,Aroma,Aroma con note lattiche presenti ma dominato da note di frutta fermentata.,Il formaggio ha un aroma con note lattiche presenti ma dominato da note di frutta fermentata.
data/images_flat/2018-2019_Trentingrana__2019-01-09__P2b_307_fetta.bmp,Aroma,Aroma di burro e brodo.,Il formaggio ha un aroma di burro e brodo.
data/images_flat/2018-2019_Trentingrana__2019-01-09__P2b_307_fetta.bmp,Aroma,Aroma di brodo e crosta non del tutto positivo.,Il formaggio ha un aroma di brodo e crosta non del tutto positivo.
data/images_flat/2018-2019_Trentingrana__2019-01-09__P3a_311_grana.bmp,Aroma,"Aroma di muffa in una porzione, assente nelle altre.","Il formaggio ha un aroma di muffa in una porzione, assente nelle altre."
data/images_flat/2018-2019_Trentingrana__2019-01-09__P3a_311_grana.bmp,Aroma,Aroma di panna leggero cotto.,Il formaggio ha un aroma di panna leggero cotto.
data/images_flat/2018-2019_Trentingrana__2019-01-09__P3a_311_grana.bmp,Aroma,Aroma di crosta.,Il formaggio ha un aroma di crosta.
data/images_flat/2018-2019_Trentingrana__2019-01-09__P3a_311_grana.bmp,Aroma,Aroma di crosta di pane e crosta di formaggio.,Il formaggio ha un aroma di crosta di pane e crosta di formaggio.
data/images_flat/2018-2019_Trentingrana__2019-01-09__P3a_311_grana.bmp,Aroma,Aroma di burro.,Il formaggio ha un aroma di burro.
data/images_flat/2018-2019_Trentingrana__2019-01-09__P3a_311_grana.bmp,Aroma,"Aroma di crosta di formaggio, leggero ossidato.","Il formaggio ha un aroma di crosta di formaggio, leggero ossidato."
data/images_flat/2018-2019_Trentingrana__2019-01-09__P3a_311_grana.bmp,Aroma,"Aroma di formaggio cotto e crosta di formaggio, con ricordo di formaggio nostrano.","Il formaggio ha un aroma di formaggio cotto e crosta di formaggio, con ricordo di formaggio nostrano."
data/images_flat/2018-2019_Trentingrana__2019-01-09__P3a_311_grana.bmp,Aroma,Aroma di grana e burro con poco di note evolute.,Il formaggio ha un aroma di grana e burro con poco di note evolute.
data/images_flat/2018-2019_Trentingrana__2019-01-09__P3b_311_grana.bmp,Aroma,"Aroma di muffa in una porzione, assente nelle altre.","Il formaggio ha un aroma di muffa in una porzione, assente nelle altre."
data/images_flat/2018-2019_Trentingrana__2019-01-09__P3b_311_grana.bmp,Aroma,Aroma di panna leggero cotto.,Il formaggio ha un aroma di panna leggero cotto.
data/images_flat/2018-2019_Trentingrana__2019-01-09__P3b_311_grana.bmp,Aroma,Aroma di crosta.,Il formaggio ha un aroma di crosta.
data/images_flat/2018-2019_Trentingrana__2019-01-09__P3b_311_grana.bmp,Aroma,Aroma di crosta di pane e crosta di formaggio.,Il formaggio ha un aroma di crosta di pane e crosta di formaggio.
data/images_flat/2018-2019_Trentingrana__2019-01-09__P3b_311_grana.bmp,Aroma,Aroma di burro.,Il formaggio ha un aroma di burro.
data/images_flat/2018-2019_Trentingrana__2019-01-09__P3b_311_grana.bmp,Aroma,"Aroma di crosta di formaggio, leggero ossidato.","Il formaggio ha un aroma di crosta di formaggio, leggero ossidato."
data/images_flat/2018-2019_Trentingrana__2019-01-09__P3b_311_grana.bmp,Aroma,"Aroma di formaggio cotto e crosta di formaggio, con ricordo di formaggio nostrano.","Il formaggio ha un aroma di formaggio cotto e crosta di formaggio, con ricordo di formaggio nostrano."
data/images_flat/2018-2019_Trentingrana__2019-01-09__P3b_311_grana.bmp,Aroma,Aroma di grana e burro con poco di note evolute.,Il formaggio ha un aroma di grana e burro con poco di note evolute.
data/images_flat/2018-2019_Trentingrana__2019-01-09__P1a_306_fetta.bmp,Aroma,Aroma di fungo e muffa.,Il formaggio ha un aroma di fungo e muffa.
data/images_flat/2018-2019_Trentingrana__2019-01-09__P1a_306_fetta.bmp,Aroma,Aroma di formaggio cotto.,Il formaggio ha un aroma di formaggio cotto.
data/images_flat/2018-2019_Trentingrana__2019-01-09__P1a_306_fetta.bmp,Aroma,Aroma non caratteristico del grana trentino.,Il formaggio ha un aroma non caratteristico del grana trentino.
data/images_flat/2018-2019_Trentingrana__2019-01-09__P1a_306_fetta.bmp,Aroma,Aroma di burro e burro fuso.,Il formaggio ha un aroma di burro e burro fuso.
data/images_flat/2018-2019_Trentingrana__2019-01-09__P1a_306_fetta.bmp,Aroma,Aroma di crosta di formaggio e formaggio bruciato.,Il formaggio ha un aroma di crosta di formaggio e formaggio bruciato.
data/images_flat/2018-2019_Trentingrana__2019-01-09__P1a_306_fetta.bmp,Aroma,"Aroma di latte cotto, leggero con poca persistenza.","Il formaggio ha un aroma di latte cotto, leggero con poca persistenza."
data/images_flat/2018-2019_Trentingrana__2019-01-09__P1a_306_fetta.bmp,Aroma,"Aroma lattico dominante e caratteristico di latte cotto e burro cotto, leggermente monocorde.","Il formaggio ha un aroma lattico dominante e caratteristico di latte cotto e burro cotto, leggermente monocorde."
data/images_flat/2018-2019_Trentingrana__2019-01-09__P1a_306_fetta.bmp,Aroma,"Aroma strano e non molto piacevole, con note grasse.","Il formaggio ha un aroma strano e non molto piacevole, con note grasse."
data/images_flat/2018-2019_Trentingrana__2019-01-09__P2a_307_fetta.bmp,Aroma,Aroma vegetale.,Il formaggio ha un aroma vegetale.
data/images_flat/2018-2019_Trentingrana__2019-01-09__P2a_307_fetta.bmp,Aroma,"Aroma di burro fuso, pane tostato e fieno leggero.","Il formaggio ha un aroma di burro fuso, pane tostato e fieno leggero."
data/images_flat/2018-2019_Trentingrana__2019-01-09__P2a_307_fetta.bmp,Aroma,Aroma di crosta di formaggio.,Il formaggio ha un aroma di crosta di formaggio.
data/images_flat/2018-2019_Trentingrana__2019-01-09__P2a_307_fetta.bmp,Aroma,Aroma di minestrone.,Il formaggio ha un aroma di minestrone.
data/images_flat/2018-2019_Trentingrana__2019-01-09__P2a_307_fetta.bmp,Aroma,Aroma con note lattiche presenti ma dominato da note di frutta fermentata.,Il formaggio ha un aroma con note lattiche presenti ma dominato da note di frutta fermentata.
data/images_flat/2018-2019_Trentingrana__2019-01-09__P2a_307_fetta.bmp,Aroma,Aroma di burro e brodo.,Il formaggio ha un aroma di burro e brodo.
data/images_flat/2018-2019_Trentingrana__2019-01-09__P2a_307_fetta.bmp,Aroma,Aroma di brodo e crosta non del tutto positivo.,Il formaggio ha un aroma di brodo e crosta non del tutto positivo.
data/images_flat/2018-2019_Trentingrana__2019-01-09__P3a_311_fetta.bmp,Aroma,"Aroma di muffa in una porzione, assente nelle altre.","Il formaggio ha un aroma di muffa in una porzione, assente nelle altre."
data/images_flat/2018-2019_Trentingrana__2019-01-09__P3a_311_fetta.bmp,Aroma,Aroma di panna leggero cotto.,Il formaggio ha un aroma di panna leggero cotto.
data/images_flat/2018-2019_Trentingrana__2019-01-09__P3a_311_fetta.bmp,Aroma,Aroma di crosta.,Il formaggio ha un aroma di crosta.
data/images_flat/2018-2019_Trentingrana__2019-01-09__P3a_311_fetta.bmp,Aroma,Aroma di crosta di pane e crosta di formaggio.,Il formaggio ha un aroma di crosta di pane e crosta di formaggio.
data/images_flat/2018-2019_Trentingrana__2019-01-09__P3a_311_fetta.bmp,Aroma,Aroma di burro.,Il formaggio ha un aroma di burro.
data/images_flat/2018-2019_Trentingrana__2019-01-09__P3a_311_fetta.bmp,Aroma,"Aroma di crosta di formaggio, leggero ossidato.","Il formaggio ha un aroma di crosta di formaggio, leggero ossidato."
data/images_flat/2018-2019_Trentingrana__2019-01-09__P3a_311_fetta.bmp,Aroma,"Aroma di formaggio cotto e crosta di formaggio, con ricordo di formaggio nostrano.","Il formaggio ha un aroma di formaggio cotto e crosta di formaggio, con ricordo di formaggio nostrano."
data/images_flat/2018-2019_Trentingrana__2019-01-09__P3a_311_fetta.bmp,Aroma,Aroma di grana e burro con poco di note evolute.,Il formaggio ha un aroma di grana e burro con poco di note evolute.
data/images_flat/2018-2019_Trentingrana__2019-01-09__P2b_307_grana.bmp,Aroma,Aroma vegetale.,Il formaggio ha un aroma vegetale.
data/images_flat/2018-2019_Trentingrana__2019-01-09__P2b_307_grana.bmp,Aroma,"Aroma di burro fuso, pane tostato e fieno leggero.","Il formaggio ha un aroma di burro fuso, pane tostato e fieno leggero."
data/images_flat/2018-2019_Trentingrana__2019-01-09__P2b_307_grana.bmp,Aroma,Aroma di crosta di formaggio.,Il formaggio ha un aroma di crosta di formaggio.
data/images_flat/2018-2019_Trentingrana__2019-01-09__P2b_307_grana.bmp,Aroma,Aroma di minestrone.,Il formaggio ha un aroma di minestrone.
data/images_flat/2018-2019_Trentingrana__2019-01-09__P2b_307_grana.bmp,Aroma,Aroma con note lattiche presenti ma dominato da note di frutta fermentata.,Il formaggio ha un aroma con note lattiche presenti ma dominato da note di frutta fermentata.
data/images_flat/2018-2019_Trentingrana__2019-01-09__P2b_307_grana.bmp,Aroma,Aroma di burro e brodo.,Il formaggio ha un aroma di burro e brodo.
data/images_flat/2018-2019_Trentingrana__2019-01-09__P2b_307_grana.bmp,Aroma,Aroma di brodo e crosta non del tutto positivo.,Il formaggio ha un aroma di brodo e crosta non del tutto positivo.
data/images_flat/2018-2019_Trentingrana__2019-01-09__P1b_306_grana.bmp,Aroma,Aroma di fungo e muffa.,Il formaggio ha un aroma di fungo e muffa.
data/images_flat/2018-2019_Trentingrana__2019-01-09__P1b_306_grana.bmp,Aroma,Aroma di formaggio cotto.,Il formaggio ha un aroma di formaggio cotto.
data/images_flat/2018-2019_Trentingrana__2019-01-09__P1b_306_grana.bmp,Aroma,Aroma non caratteristico del grana trentino.,Il formaggio ha un aroma non caratteristico del grana trentino.
data/images_flat/2018-2019_Trentingrana__2019-01-09__P1b_306_grana.bmp,Aroma,Aroma di burro e burro fuso.,Il formaggio ha un aroma di burro e burro fuso.
data/images_flat/2018-2019_Trentingrana__2019-01-09__P1b_306_grana.bmp,Aroma,Aroma di crosta di formaggio e formaggio bruciato.,Il formaggio ha un aroma di crosta di formaggio e formaggio bruciato.
data/images_flat/2018-2019_Trentingrana__2019-01-09__P1b_306_grana.bmp,Aroma,"Aroma di latte cotto, leggero con poca persistenza.","Il formaggio ha un aroma di latte cotto, leggero con poca persistenza."
data/images_flat/2018-2019_Trentingrana__2019-01-09__P1b_306_grana.bmp,Aroma,"Aroma lattico dominante e caratteristico di latte cotto e burro cotto, leggermente monocorde.","Il formaggio ha un aroma lattico dominante e caratteristico di latte cotto e burro cotto, leggermente monocorde."
data/images_flat/2018-2019_Trentingrana__2019-01-09__P1b_306_grana.bmp,Aroma,"Aroma strano e non molto piacevole, con note grasse.","Il formaggio ha un aroma strano e non molto piacevole, con note grasse."
data/images_flat/2018-2019_Trentingrana__2019-01-09__P2a_307_grana.bmp,Aroma,Aroma vegetale.,Il formaggio ha un aroma vegetale.
data/images_flat/2018-2019_Trentingrana__2019-01-09__P2a_307_grana.bmp,Aroma,"Aroma di burro fuso, pane tostato e fieno leggero.","Il formaggio ha un aroma di burro fuso, pane tostato e fieno leggero."
data/images_flat/2018-2019_Trentingrana__2019-01-09__P2a_307_grana.bmp,Aroma,Aroma di crosta di formaggio.,Il formaggio ha un aroma di crosta di formaggio.
data/images_flat/2018-2019_Trentingrana__2019-01-09__P2a_307_grana.bmp,Aroma,Aroma di minestrone.,Il formaggio ha un aroma di minestrone.
data/images_flat/2018-2019_Trentingrana__2019-01-09__P2a_307_grana.bmp,Aroma,Aroma con note lattiche presenti ma dominato da note di frutta fermentata.,Il formaggio ha un aroma con note lattiche presenti ma dominato da note di frutta fermentata.
data/images_flat/2018-2019_Trentingrana__2019-01-09__P2a_307_grana.bmp,Aroma,Aroma di burro e brodo.,Il formaggio ha un aroma di burro e brodo.
data/images_flat/2018-2019_Trentingrana__2019-01-09__P2a_307_grana.bmp,Aroma,Aroma di brodo e crosta non del tutto positivo.,Il formaggio ha un aroma di brodo e crosta non del tutto positivo.
data/images_flat/2018-2019_Trentingrana__2019-01-09__P1a_306_grana.bmp,Aroma,Aroma di fungo e muffa.,Il formaggio ha un aroma di fungo e muffa.
data/images_flat/2018-2019_Trentingrana__2019-01-09__P1a_306_grana.bmp,Aroma,Aroma di formaggio cotto.,Il formaggio ha un aroma di formaggio cotto.
data/images_flat/2018-2019_Trentingrana__2019-01-09__P1a_306_grana.bmp,Aroma,Aroma non caratteristico del grana trentino.,Il formaggio ha un aroma non caratteristico del grana trentino.
data/images_flat/2018-2019_Trentingrana__2019-01-09__P1a_306_grana.bmp,Aroma,Aroma di burro e burro fuso.,Il formaggio ha un aroma di burro e burro fuso.
data/images_flat/2018-2019_Trentingrana__2019-01-09__P1a_306_grana.bmp,Aroma,Aroma di crosta di formaggio e formaggio bruciato.,Il formaggio ha un aroma di crosta di formaggio e formaggio bruciato.
data/images_flat/2018-2019_Trentingrana__2019-01-09__P1a_306_grana.bmp,Aroma,"Aroma di latte cotto, leggero con poca persistenza.","Il formaggio ha un aroma di latte cotto, leggero con poca persistenza."
data/images_flat/2018-2019_Trentingrana__2019-01-09__P1a_306_grana.bmp,Aroma,"Aroma lattico dominante e caratteristico di latte cotto e burro cotto, leggermente monocorde.","Il formaggio ha un aroma lattico dominante e caratteristico di latte cotto e burro cotto, leggermente monocorde."
data/images_flat/2018-2019_Trentingrana__2019-01-09__P1a_306_grana.bmp,Aroma,"Aroma strano e non molto piacevole, con note grasse.","Il formaggio ha un aroma strano e non molto piacevole, con note grasse."
data/images_flat/2018-2019_Trentingrana__2019-01-09__P3b_311_fetta.bmp,Aroma,"Aroma di muffa in una porzione, assente nelle altre.","Il formaggio ha un aroma di muffa in una porzione, assente nelle altre."
data/images_flat/2018-2019_Trentingrana__2019-01-09__P3b_311_fetta.bmp,Aroma,Aroma di panna leggero cotto.,Il formaggio ha un aroma di panna leggero cotto.
data/images_flat/2018-2019_Trentingrana__2019-01-09__P3b_311_fetta.bmp,Aroma,Aroma di crosta.,Il formaggio ha un aroma di crosta.
data/images_flat/2018-2019_Trentingrana__2019-01-09__P3b_311_fetta.bmp,Aroma,Aroma di crosta di pane e crosta di formaggio.,Il formaggio ha un aroma di crosta di pane e crosta di formaggio.
data/images_flat/2018-2019_Trentingrana__2019-01-09__P3b_311_fetta.bmp,Aroma,Aroma di burro.,Il formaggio ha un aroma di burro.
data/images_flat/2018-2019_Trentingrana__2019-01-09__P3b_311_fetta.bmp,Aroma,"Aroma di crosta di formaggio, leggero ossidato.","Il formaggio ha un aroma di crosta di formaggio, leggero ossidato."
data/images_flat/2018-2019_Trentingrana__2019-01-09__P3b_311_fetta.bmp,Aroma,"Aroma di formaggio cotto e crosta di formaggio, con ricordo di formaggio nostrano.","Il formaggio ha un aroma di formaggio cotto e crosta di formaggio, con ricordo di formaggio nostrano."
data/images_flat/2018-2019_Trentingrana__2019-01-09__P3b_311_fetta.bmp,Aroma,Aroma di grana e burro con poco di note evolute.,Il formaggio ha un aroma di grana e burro con poco di note evolute.
data/images_flat/2018-2019_Trentingrana__2019-02-27__P5a_319_fetta.bmp,Aroma,Aroma di latte intenso.,Il formaggio ha un aroma di latte intenso.
data/images_flat/2018-2019_Trentingrana__2019-02-27__P5a_319_fetta.bmp,Aroma,"Aroma di latte fermentato, latte cotto e erbe.","Il formaggio ha un aroma di latte fermentato, latte cotto e erbe."
data/images_flat/2018-2019_Trentingrana__2019-02-27__P5a_319_fetta.bmp,Aroma,"Aroma di panna e burro cotto, gradevole.","Il formaggio ha un aroma di panna e burro cotto, gradevole."
data/images_flat/2018-2019_Trentingrana__2019-02-27__P5a_319_fetta.bmp,Aroma,Aroma leggero e poco persistente.,Il formaggio ha un aroma leggero e poco persistente.
data/images_flat/2018-2019_Trentingrana__2019-02-27__P4b_316_grana.bmp,Aroma,Aroma di brodo vegetale.,Il formaggio ha un aroma di brodo vegetale.
data/images_flat/2018-2019_Trentingrana__2019-02-27__P4b_316_grana.bmp,Aroma,Aroma leggero di cotto con sentore quasi bruciato.,Il formaggio ha un aroma leggero di cotto con sentore quasi bruciato.
data/images_flat/2018-2019_Trentingrana__2019-02-27__P4b_316_grana.bmp,Aroma,Aroma di caffellatte.,Il formaggio ha un aroma di caffellatte.
data/images_flat/2018-2019_Trentingrana__2019-02-27__P4b_316_grana.bmp,Aroma,"Aroma di caramello e pasticceria con nota cotta dominante, poco complesso.","Il formaggio ha un aroma di caramello e pasticceria con nota cotta dominante, poco complesso."
data/images_flat/2018-2019_Trentingrana__2019-02-27__P4b_316_grana.bmp,Aroma,Aroma di cantina con note di tostatura e fumo.,Il formaggio ha un aroma di cantina con note di tostatura e fumo.
data/images_flat/2018-2019_Trentingrana__2019-02-27__P5b_319_fetta.bmp,Aroma,Aroma di latte intenso.,Il formaggio ha un aroma di latte intenso.
data/images_flat/2018-2019_Trentingrana__2019-02-27__P5b_319_fetta.bmp,Aroma,"Aroma di latte fermentato, latte cotto e erbe.","Il formaggio ha un aroma di latte fermentato, latte cotto e erbe."
data/images_flat/2018-2019_Trentingrana__2019-02-27__P5b_319_fetta.bmp,Aroma,"Aroma di panna e burro cotto, gradevole.","Il formaggio ha un aroma di panna e burro cotto, gradevole."
data/images_flat/2018-2019_Trentingrana__2019-02-27__P5b_319_fetta.bmp,Aroma,Aroma leggero e poco persistente.,Il formaggio ha un aroma leggero e poco persistente.
data/images_flat/2018-2019_Trentingrana__2019-02-27__P4a_316_grana.bmp,Aroma,Aroma di brodo vegetale.,Il formaggio ha un aroma di brodo vegetale.
data/images_flat/2018-2019_Trentingrana__2019-02-27__P4a_316_grana.bmp,Aroma,Aroma leggero di cotto con sentore quasi bruciato.,Il formaggio ha un aroma leggero di cotto con sentore quasi bruciato.
data/images_flat/2018-2019_Trentingrana__2019-02-27__P4a_316_grana.bmp,Aroma,Aroma di caffellatte.,Il formaggio ha un aroma di caffellatte.
data/images_flat/2018-2019_Trentingrana__2019-02-27__P4a_316_grana.bmp,Aroma,"Aroma di caramello e pasticceria con nota cotta dominante, poco complesso.","Il formaggio ha un aroma di caramello e pasticceria con nota cotta dominante, poco complesso."
data/images_flat/2018-2019_Trentingrana__2019-02-27__P4a_316_grana.bmp,Aroma,Aroma di cantina con note di tostatura e fumo.,Il formaggio ha un aroma di cantina con note di tostatura e fumo.
data/images_flat/2018-2019_Trentingrana__2019-02-27__P3a_307_fetta.bmp,Aroma,Aroma non tipico del grana.,Il formaggio ha un aroma non tipico del grana.
data/images_flat/2018-2019_Trentingrana__2019-02-27__P3a_307_fetta.bmp,Aroma,Aroma con troppi lattici cotti.,Il formaggio ha un aroma con troppi lattici cotti.
data/images_flat/2018-2019_Trentingrana__2019-02-27__P3a_307_fetta.bmp,Aroma,"Aroma di note lattiche fermentate, ossidato e di sapone.","Il formaggio ha un aroma di note lattiche fermentate, ossidato e di sapone."
data/images_flat/2018-2019_Trentingrana__2019-02-27__P3a_307_fetta.bmp,Aroma,Aroma di latte acido.,Il formaggio ha un aroma di latte acido.
data/images_flat/2018-2019_Trentingrana__2019-02-27__P1a_302_grana.bmp,Aroma,"Aroma di muffa e fungo a bassa intensità, evanescente.","Il formaggio ha un aroma di muffa e fungo a bassa intensità, evanescente."
data/images_flat/2018-2019_Trentingrana__2019-02-27__P1a_302_grana.bmp,Aroma,Aroma di panna.,Il formaggio ha un aroma di panna.
data/images_flat/2018-2019_Trentingrana__2019-02-27__P1a_302_grana.bmp,Aroma,Aroma di lattici cotti e tostati con brodo di carne.,Il formaggio ha un aroma di lattici cotti e tostati con brodo di carne.
data/images_flat/2018-2019_Trentingrana__2019-02-27__P1a_302_grana.bmp,Aroma,"Aroma lattico di panna con note di nostrano e propionico, fruttato e poco caratteristico.","Il formaggio ha un aroma lattico di panna con note di nostrano e propionico, fruttato e poco caratteristico."
data/images_flat/2018-2019_Trentingrana__2019-02-27__P1a_302_grana.bmp,Aroma,"Aroma poco intenso e persistente, fruttato e lattico cotto.","Il formaggio ha un aroma poco intenso e persistente, fruttato e lattico cotto."
data/images_flat/2018-2019_Trentingrana__2019-02-27__P6a_323_grana.bmp,Aroma,Aroma di burro fuso.,Il formaggio ha un aroma di burro fuso.
data/images_flat/2018-2019_Trentingrana__2019-02-27__P6a_323_grana.bmp,Aroma,Aroma di panna e burro fuso con sentori di brodo e lieve nota propionico o di formaggio svizzero.,Il formaggio ha un aroma di panna e burro fuso con sentori di brodo e lieve nota propionico o di formaggio svizzero.
data/images_flat/2018-2019_Trentingrana__2019-02-27__P6a_323_grana.bmp,Aroma,Aroma di latte cotto con sentori lattici e note fruttate.,Il formaggio ha un aroma di latte cotto con sentori lattici e note fruttate.
data/images_flat/2018-2019_Trentingrana__2019-02-27__P2b_305_grana.bmp,Aroma,Aroma animale di media-alta intensità.,Il formaggio ha un aroma animale di media-alta intensità.
data/images_flat/2018-2019_Trentingrana__2019-02-27__P2b_305_grana.bmp,Aroma,Aroma di crosta con sentore di muffa.,Il formaggio ha un aroma di crosta con sentore di muffa.
data/images_flat/2018-2019_Trentingrana__2019-02-27__P2b_305_grana.bmp,Aroma,Aroma di taleggio e gorgonzola.,Il formaggio ha un aroma di taleggio e gorgonzola.
data/images_flat/2018-2019_Trentingrana__2019-02-27__P2b_305_grana.bmp,Aroma,"Aroma non tipico del grana, nostrano.","Il formaggio ha un aroma non tipico del grana, nostrano."
data/images_flat/2018-2019_Trentingrana__2019-02-27__P2b_305_grana.bmp,Aroma,"Aroma di lattici cotti, formaggio cotto e crosta di grana con lieve sentore stantio finale.","Il formaggio ha un aroma di lattici cotti, formaggio cotto e crosta di grana con lieve sentore stantio finale."
data/images_flat/2018-2019_Trentingrana__2019-02-27__P2b_305_grana.bmp,Aroma,"Aroma non caratteristico di formaggio svizzero, fruttato e di latte cotto.","Il formaggio ha un aroma non caratteristico di formaggio svizzero, fruttato e di latte cotto."
data/images_flat/2018-2019_Trentingrana__2019-02-27__P2b_305_grana.bmp,Aroma,Aroma lattico cotto poco intenso e poco persistente.,Il formaggio ha un aroma lattico cotto poco intenso e poco persistente.
data/images_flat/2018-2019_Trentingrana__2019-02-27__P6b_323_grana.bmp,Aroma,Aroma di burro fuso.,Il formaggio ha un aroma di burro fuso.
data/images_flat/2018-2019_Trentingrana__2019-02-27__P6b_323_grana.bmp,Aroma,Aroma di panna e burro fuso con sentori di brodo e lieve nota propionico o di formaggio svizzero.,Il formaggio ha un aroma di panna e burro fuso con sentori di brodo e lieve nota propionico o di formaggio svizzero.
data/images_flat/2018-2019_Trentingrana__2019-02-27__P6b_323_grana.bmp,Aroma,Aroma di latte cotto con sentori lattici e note fruttate.,Il formaggio ha un aroma di latte cotto con sentori lattici e note fruttate.
data/images_flat/2018-2019_Trentingrana__2019-02-27__P2a_305_grana.bmp,Aroma,Aroma animale di media-alta intensità.,Il formaggio ha un aroma animale di media-alta intensità.
data/images_flat/2018-2019_Trentingrana__2019-02-27__P2a_305_grana.bmp,Aroma,Aroma di crosta con sentore di muffa.,Il formaggio ha un aroma di crosta con sentore di muffa.
data/images_flat/2018-2019_Trentingrana__2019-02-27__P2a_305_grana.bmp,Aroma,Aroma di taleggio e gorgonzola.,Il formaggio ha un aroma di taleggio e gorgonzola.
data/images_flat/2018-2019_Trentingrana__2019-02-27__P2a_305_grana.bmp,Aroma,"Aroma non tipico del grana, nostrano.","Il formaggio ha un aroma non tipico del grana, nostrano."
data/images_flat/2018-2019_Trentingrana__2019-02-27__P2a_305_grana.bmp,Aroma,"Aroma di lattici cotti, formaggio cotto e crosta di grana con lieve sentore stantio finale.","Il formaggio ha un aroma di lattici cotti, formaggio cotto e crosta di grana con lieve sentore stantio finale."
data/images_flat/2018-2019_Trentingrana__2019-02-27__P2a_305_grana.bmp,Aroma,"Aroma non caratteristico di formaggio svizzero, fruttato e di latte cotto.","Il formaggio ha un aroma non caratteristico di formaggio svizzero, fruttato e di latte cotto."
data/images_flat/2018-2019_Trentingrana__2019-02-27__P2a_305_grana.bmp,Aroma,Aroma lattico cotto poco intenso e poco persistente.,Il formaggio ha un aroma lattico cotto poco intenso e poco persistente.
data/images_flat/2018-2019_Trentingrana__2019-02-27__P3b_307_fetta.bmp,Aroma,Aroma non tipico del grana.,Il formaggio ha un aroma non tipico del grana.
data/images_flat/2018-2019_Trentingrana__2019-02-27__P3b_307_fetta.bmp,Aroma,Aroma con troppi lattici cotti.,Il formaggio ha un aroma con troppi lattici cotti.
data/images_flat/2018-2019_Trentingrana__2019-02-27__P3b_307_fetta.bmp,Aroma,"Aroma di note lattiche fermentate, ossidato e di sapone.","Il formaggio ha un aroma di note lattiche fermentate, ossidato e di sapone."
data/images_flat/2018-2019_Trentingrana__2019-02-27__P3b_307_fetta.bmp,Aroma,Aroma di latte acido.,Il formaggio ha un aroma di latte acido.
data/images_flat/2018-2019_Trentingrana__2019-02-27__P1b_302_grana.bmp,Aroma,"Aroma di muffa e fungo a bassa intensità, evanescente.","Il formaggio ha un aroma di muffa e fungo a bassa intensità, evanescente."
data/images_flat/2018-2019_Trentingrana__2019-02-27__P1b_302_grana.bmp,Aroma,Aroma di panna.,Il formaggio ha un aroma di panna.
data/images_flat/2018-2019_Trentingrana__2019-02-27__P1b_302_grana.bmp,Aroma,Aroma di lattici cotti e tostati con brodo di carne.,Il formaggio ha un aroma di lattici cotti e tostati con brodo di carne.
data/images_flat/2018-2019_Trentingrana__2019-02-27__P1b_302_grana.bmp,Aroma,"Aroma lattico di panna con note di nostrano e propionico, fruttato e poco caratteristico.","Il formaggio ha un aroma lattico di panna con note di nostrano e propionico, fruttato e poco caratteristico."
data/images_flat/2018-2019_Trentingrana__2019-02-27__P1b_302_grana.bmp,Aroma,"Aroma poco intenso e persistente, fruttato e lattico cotto.","Il formaggio ha un aroma poco intenso e persistente, fruttato e lattico cotto."
data/images_flat/2018-2019_Trentingrana__2019-02-27__P4b_316_fetta.bmp,Aroma,Aroma di brodo vegetale.,Il formaggio ha un aroma di brodo vegetale.
data/images_flat/2018-2019_Trentingrana__2019-02-27__P4b_316_fetta.bmp,Aroma,Aroma leggero di cotto con sentore quasi bruciato.,Il formaggio ha un aroma leggero di cotto con sentore quasi bruciato.
data/images_flat/2018-2019_Trentingrana__2019-02-27__P4b_316_fetta.bmp,Aroma,Aroma di caffellatte.,Il formaggio ha un aroma di caffellatte.
data/images_flat/2018-2019_Trentingrana__2019-02-27__P4b_316_fetta.bmp,Aroma,"Aroma di caramello e pasticceria con nota cotta dominante, poco complesso.","Il formaggio ha un aroma di caramello e pasticceria con nota cotta dominante, poco complesso."
data/images_flat/2018-2019_Trentingrana__2019-02-27__P4b_316_fetta.bmp,Aroma,Aroma di cantina con note di tostatura e fumo.,Il formaggio ha un aroma di cantina con note di tostatura e fumo.
data/images_flat/2018-2019_Trentingrana__2019-02-27__P5a_319_grana.bmp,Aroma,Aroma di latte intenso.,Il formaggio ha un aroma di latte intenso.
data/images_flat/2018-2019_Trentingrana__2019-02-27__P5a_319_grana.bmp,Aroma,"Aroma di latte fermentato, latte cotto e erbe.","Il formaggio ha un aroma di latte fermentato, latte cotto e erbe."
data/images_flat/2018-2019_Trentingrana__2019-02-27__P5a_319_grana.bmp,Aroma,"Aroma di panna e burro cotto, gradevole.","Il formaggio ha un aroma di panna e burro cotto, gradevole."
data/images_flat/2018-2019_Trentingrana__2019-02-27__P5a_319_grana.bmp,Aroma,Aroma leggero e poco persistente.,Il formaggio ha un aroma leggero e poco persistente.
data/images_flat/2018-2019_Trentingrana__2019-02-27__P4a_316_fetta.bmp,Aroma,Aroma di brodo vegetale.,Il formaggio ha un aroma di brodo vegetale.
data/images_flat/2018-2019_Trentingrana__2019-02-27__P4a_316_fetta.bmp,Aroma,Aroma leggero di cotto con sentore quasi bruciato.,Il formaggio ha un aroma leggero di cotto con sentore quasi bruciato.
data/images_flat/2018-2019_Trentingrana__2019-02-27__P4a_316_fetta.bmp,Aroma,Aroma di caffellatte.,Il formaggio ha un aroma di caffellatte.
data/images_flat/2018-2019_Trentingrana__2019-02-27__P4a_316_fetta.bmp,Aroma,"Aroma di caramello e pasticceria con nota cotta dominante, poco complesso.","Il formaggio ha un aroma di caramello e pasticceria con nota cotta dominante, poco complesso."
data/images_flat/2018-2019_Trentingrana__2019-02-27__P4a_316_fetta.bmp,Aroma,Aroma di cantina con note di tostatura e fumo.,Il formaggio ha un aroma di cantina con note di tostatura e fumo.
data/images_flat/2018-2019_Trentingrana__2019-02-27__P5b_319_grana.bmp,Aroma,Aroma di latte intenso.,Il formaggio ha un aroma di latte intenso.
data/images_flat/2018-2019_Trentingrana__2019-02-27__P5b_319_grana.bmp,Aroma,"Aroma di latte fermentato, latte cotto e erbe.","Il formaggio ha un aroma di latte fermentato, latte cotto e erbe."
data/images_flat/2018-2019_Trentingrana__2019-02-27__P5b_319_grana.bmp,Aroma,"Aroma di panna e burro cotto, gradevole.","Il formaggio ha un aroma di panna e burro cotto, gradevole."
data/images_flat/2018-2019_Trentingrana__2019-02-27__P5b_319_grana.bmp,Aroma,Aroma leggero e poco persistente.,Il formaggio ha un aroma leggero e poco persistente.
data/images_flat/2018-2019_Trentingrana__2019-02-27__P2b_305_fetta.bmp,Aroma,Aroma animale di media-alta intensità.,Il formaggio ha un aroma animale di media-alta intensità.
data/images_flat/2018-2019_Trentingrana__2019-02-27__P2b_305_fetta.bmp,Aroma,Aroma di crosta con sentore di muffa.,Il formaggio ha un aroma di crosta con sentore di muffa.
data/images_flat/2018-2019_Trentingrana__2019-02-27__P2b_305_fetta.bmp,Aroma,Aroma di taleggio e gorgonzola.,Il formaggio ha un aroma di taleggio e gorgonzola.
data/images_flat/2018-2019_Trentingrana__2019-02-27__P2b_305_fetta.bmp,Aroma,"Aroma non tipico del grana, nostrano.","Il formaggio ha un aroma non tipico del grana, nostrano."
data/images_flat/2018-2019_Trentingrana__2019-02-27__P2b_305_fetta.bmp,Aroma,"Aroma di lattici cotti, formaggio cotto e crosta di grana con lieve sentore stantio finale.","Il formaggio ha un aroma di lattici cotti, formaggio cotto e crosta di grana con lieve sentore stantio finale."
data/images_flat/2018-2019_Trentingrana__2019-02-27__P2b_305_fetta.bmp,Aroma,"Aroma non caratteristico di formaggio svizzero, fruttato e di latte cotto.","Il formaggio ha un aroma non caratteristico di formaggio svizzero, fruttato e di latte cotto."
data/images_flat/2018-2019_Trentingrana__2019-02-27__P2b_305_fetta.bmp,Aroma,Aroma lattico cotto poco intenso e poco persistente.,Il formaggio ha un aroma lattico cotto poco intenso e poco persistente.
data/images_flat/2018-2019_Trentingrana__2019-02-27__P6a_323_fetta.bmp,Aroma,Aroma di burro fuso.,Il formaggio ha un aroma di burro fuso.
data/images_flat/2018-2019_Trentingrana__2019-02-27__P6a_323_fetta.bmp,Aroma,Aroma di panna e burro fuso con sentori di brodo e lieve nota propionico o di formaggio svizzero.,Il formaggio ha un aroma di panna e burro fuso con sentori di brodo e lieve nota propionico o di formaggio svizzero.
data/images_flat/2018-2019_Trentingrana__2019-02-27__P6a_323_fetta.bmp,Aroma,Aroma di latte cotto con sentori lattici e note fruttate.,Il formaggio ha un aroma di latte cotto con sentori lattici e note fruttate.
data/images_flat/2018-2019_Trentingrana__2019-02-27__P1a_302_fetta.bmp,Aroma,"Aroma di muffa e fungo a bassa intensità, evanescente.","Il formaggio ha un aroma di muffa e fungo a bassa intensità, evanescente."
data/images_flat/2018-2019_Trentingrana__2019-02-27__P1a_302_fetta.bmp,Aroma,Aroma di panna.,Il formaggio ha un aroma di panna.
data/images_flat/2018-2019_Trentingrana__2019-02-27__P1a_302_fetta.bmp,Aroma,Aroma di lattici cotti e tostati con brodo di carne.,Il formaggio ha un aroma di lattici cotti e tostati con brodo di carne.
data/images_flat/2018-2019_Trentingrana__2019-02-27__P1a_302_fetta.bmp,Aroma,"Aroma lattico di panna con note di nostrano e propionico, fruttato e poco caratteristico.","Il formaggio ha un aroma lattico di panna con note di nostrano e propionico, fruttato e poco caratteristico."
data/images_flat/2018-2019_Trentingrana__2019-02-27__P1a_302_fetta.bmp,Aroma,"Aroma poco intenso e persistente, fruttato e lattico cotto.","Il formaggio ha un aroma poco intenso e persistente, fruttato e lattico cotto."
data/images_flat/2018-2019_Trentingrana__2019-02-27__P3a_307_grana.bmp,Aroma,Aroma non tipico del grana.,Il formaggio ha un aroma non tipico del grana.
data/images_flat/2018-2019_Trentingrana__2019-02-27__P3a_307_grana.bmp,Aroma,Aroma con troppi lattici cotti.,Il formaggio ha un aroma con troppi lattici cotti.
data/images_flat/2018-2019_Trentingrana__2019-02-27__P3a_307_grana.bmp,Aroma,"Aroma di note lattiche fermentate, ossidato e di sapone.","Il formaggio ha un aroma di note lattiche fermentate, ossidato e di sapone."
data/images_flat/2018-2019_Trentingrana__2019-02-27__P3a_307_grana.bmp,Aroma,Aroma di latte acido.,Il formaggio ha un aroma di latte acido.
data/images_flat/2018-2019_Trentingrana__2019-02-27__P1b_302_fetta.bmp,Aroma,"Aroma di muffa e fungo a bassa intensità, evanescente.","Il formaggio ha un aroma di muffa e fungo a bassa intensità, evanescente."
data/images_flat/2018-2019_Trentingrana__2019-02-27__P1b_302_fetta.bmp,Aroma,Aroma di panna.,Il formaggio ha un aroma di panna.
data/images_flat/2018-2019_Trentingrana__2019-02-27__P1b_302_fetta.bmp,Aroma,Aroma di lattici cotti e tostati con brodo di carne.,Il formaggio ha un aroma di lattici cotti e tostati con brodo di carne.
data/images_flat/2018-2019_Trentingrana__2019-02-27__P1b_302_fetta.bmp,Aroma,"Aroma lattico di panna con note di nostrano e propionico, fruttato e poco caratteristico.","Il formaggio ha un aroma lattico di panna con note di nostrano e propionico, fruttato e poco caratteristico."
data/images_flat/2018-2019_Trentingrana__2019-02-27__P1b_302_fetta.bmp,Aroma,"Aroma poco intenso e persistente, fruttato e lattico cotto.","Il formaggio ha un aroma poco intenso e persistente, fruttato e lattico cotto."
data/images_flat/2018-2019_Trentingrana__2019-02-27__P3b_307_grana.bmp,Aroma,Aroma non tipico del grana.,Il formaggio ha un aroma non tipico del grana.
data/images_flat/2018-2019_Trentingrana__2019-02-27__P3b_307_grana.bmp,Aroma,Aroma con troppi lattici cotti.,Il formaggio ha un aroma con troppi lattici cotti.
data/images_flat/2018-2019_Trentingrana__2019-02-27__P3b_307_grana.bmp,Aroma,"Aroma di note lattiche fermentate, ossidato e di sapone.","Il formaggio ha un aroma di note lattiche fermentate, ossidato e di sapone."
data/images_flat/2018-2019_Trentingrana__2019-02-27__P3b_307_grana.bmp,Aroma,Aroma di latte acido.,Il formaggio ha un aroma di latte acido.
data/images_flat/2018-2019_Trentingrana__2019-02-27__P2a_305_fetta.bmp,Aroma,Aroma animale di media-alta intensità.,Il formaggio ha un aroma animale di media-alta intensità.
data/images_flat/2018-2019_Trentingrana__2019-02-27__P2a_305_fetta.bmp,Aroma,Aroma di crosta con sentore di muffa.,Il formaggio ha un aroma di crosta con sentore di muffa.
data/images_flat/2018-2019_Trentingrana__2019-02-27__P2a_305_fetta.bmp,Aroma,Aroma di taleggio e gorgonzola.,Il formaggio ha un aroma di taleggio e gorgonzola.
data/images_flat/2018-2019_Trentingrana__2019-02-27__P2a_305_fetta.bmp,Aroma,"Aroma non tipico del grana, nostrano.","Il formaggio ha un aroma non tipico del grana, nostrano."
data/images_flat/2018-2019_Trentingrana__2019-02-27__P2a_305_fetta.bmp,Aroma,"Aroma di lattici cotti, formaggio cotto e crosta di grana con lieve sentore stantio finale.","Il formaggio ha un aroma di lattici cotti, formaggio cotto e crosta di grana con lieve sentore stantio finale."
data/images_flat/2018-2019_Trentingrana__2019-02-27__P2a_305_fetta.bmp,Aroma,"Aroma non caratteristico di formaggio svizzero, fruttato e di latte cotto.","Il formaggio ha un aroma non caratteristico di formaggio svizzero, fruttato e di latte cotto."
data/images_flat/2018-2019_Trentingrana__2019-02-27__P2a_305_fetta.bmp,Aroma,Aroma lattico cotto poco intenso e poco persistente.,Il formaggio ha un aroma lattico cotto poco intenso e poco persistente.
data/images_flat/2018-2019_Trentingrana__2019-02-27__P6b_323_fetta.bmp,Aroma,Aroma di burro fuso.,Il formaggio ha un aroma di burro fuso.
data/images_flat/2018-2019_Trentingrana__2019-02-27__P6b_323_fetta.bmp,Aroma,Aroma di panna e burro fuso con sentori di brodo e lieve nota propionico o di formaggio svizzero.,Il formaggio ha un aroma di panna e burro fuso con sentori di brodo e lieve nota propionico o di formaggio svizzero.
data/images_flat/2018-2019_Trentingrana__2019-02-27__P6b_323_fetta.bmp,Aroma,Aroma di latte cotto con sentori lattici e note fruttate.,Il formaggio ha un aroma di latte cotto con sentori lattici e note fruttate.
data/images_flat/2018-2019_Trentingrana__2019-02-20__P3b_314_fetta.bmp,Aroma,Aroma di panna.,Il formaggio ha un aroma di panna.
data/images_flat/2018-2019_Trentingrana__2019-02-20__P3b_314_fetta.bmp,Aroma,Aroma di burro con lieve sentore di piccante.,Il formaggio ha un aroma di burro con lieve sentore di piccante.
data/images_flat/2018-2019_Trentingrana__2019-02-20__P3b_314_fetta.bmp,Aroma,Aroma di burro fuso.,Il formaggio ha un aroma di burro fuso.
data/images_flat/2018-2019_Trentingrana__2019-02-20__P3b_314_fetta.bmp,Aroma,"Aroma di crosta e ossidato, bruciato.","Il formaggio ha un aroma di crosta e ossidato, bruciato."
data/images_flat/2018-2019_Trentingrana__2019-02-20__P3b_314_fetta.bmp,Aroma,"Aroma di frutta tropicale e ananas, frutta matura quasi fermentata con nota lattica di burro fuso.","Il formaggio ha un aroma di frutta tropicale e ananas, frutta matura quasi fermentata con nota lattica di burro fuso."
data/images_flat/2018-2019_Trentingrana__2019-02-20__P3b_314_fetta.bmp,Aroma,Aroma lattico cotto.,Il formaggio ha un aroma lattico cotto.
data/images_flat/2018-2019_Trentingrana__2019-02-20__P3a_314_fetta.bmp,Aroma,Aroma di panna.,Il formaggio ha un aroma di panna.
data/images_flat/2018-2019_Trentingrana__2019-02-20__P3a_314_fetta.bmp,Aroma,Aroma di burro con lieve sentore di piccante.,Il formaggio ha un aroma di burro con lieve sentore di piccante.
data/images_flat/2018-2019_Trentingrana__2019-02-20__P3a_314_fetta.bmp,Aroma,Aroma di burro fuso.,Il formaggio ha un aroma di burro fuso.
data/images_flat/2018-2019_Trentingrana__2019-02-20__P3a_314_fetta.bmp,Aroma,"Aroma di crosta e ossidato, bruciato.","Il formaggio ha un aroma di crosta e ossidato, bruciato."
data/images_flat/2018-2019_Trentingrana__2019-02-20__P3a_314_fetta.bmp,Aroma,"Aroma di frutta tropicale e ananas, frutta matura quasi fermentata con nota lattica di burro fuso.","Il formaggio ha un aroma di frutta tropicale e ananas, frutta matura quasi fermentata con nota lattica di burro fuso."
data/images_flat/2018-2019_Trentingrana__2019-02-20__P3a_314_fetta.bmp,Aroma,Aroma lattico cotto.,Il formaggio ha un aroma lattico cotto.
data/images_flat/2018-2019_Trentingrana__2019-02-20__P5b_330_grana.bmp,Aroma,Aroma poco intenso.,Il formaggio ha un aroma poco intenso.
data/images_flat/2018-2019_Trentingrana__2019-02-20__P5b_330_grana.bmp,Aroma,Aroma con una punta acida e di crosta.,Il formaggio ha un aroma con una punta acida e di crosta.
data/images_flat/2018-2019_Trentingrana__2019-02-20__P5b_330_grana.bmp,Aroma,Aroma leggermente stantio.,Il formaggio ha un aroma leggermente stantio.
data/images_flat/2018-2019_Trentingrana__2019-02-20__P5b_330_grana.bmp,Aroma,"Aroma erbaceo e vegetale, non del tutto tipico del grana.","Il formaggio ha un aroma erbaceo e vegetale, non del tutto tipico del grana."
data/images_flat/2018-2019_Trentingrana__2019-02-20__P5b_330_grana.bmp,Aroma,Aroma di burro e lesso con note ossiadate e di crosta.,Il formaggio ha un aroma di burro e lesso con note ossiadate e di crosta.
data/images_flat/2018-2019_Trentingrana__2019-02-20__P5b_330_grana.bmp,Aroma,Aroma di burro fuso e fruttato con note lattiche pronunciate.,Il formaggio ha un aroma di burro fuso e fruttato con note lattiche pronunciate.
data/images_flat/2018-2019_Trentingrana__2019-02-20__P5b_330_grana.bmp,Aroma,"Aroma lattico cotto, tostato e leggero, con note fruttate.","Il formaggio ha un aroma lattico cotto, tostato e leggero, con note fruttate."
data/images_flat/2018-2019_Trentingrana__2019-02-20__P2b_313_fetta.bmp,Aroma,Aroma leggero con una nota di formaggio cotto.,Il formaggio ha un aroma leggero con una nota di formaggio cotto.
data/images_flat/2018-2019_Trentingrana__2019-02-20__P2b_313_fetta.bmp,Aroma,Aroma di crosta di formaggio.,Il formaggio ha un aroma di crosta di formaggio.
data/images_flat/2018-2019_Trentingrana__2019-02-20__P2b_313_fetta.bmp,Aroma,Aroma di crosta.,Il formaggio ha un aroma di crosta.
data/images_flat/2018-2019_Trentingrana__2019-02-20__P2b_313_fetta.bmp,Aroma,"Aroma di crosta, cotto e ossidato.","Il formaggio ha un aroma di crosta, cotto e ossidato."
data/images_flat/2018-2019_Trentingrana__2019-02-20__P2b_313_fetta.bmp,Aroma,"Aroma lattico prevalente con burro fuso, latte cotto, brodo di carne e nota vegetale di fieno.","Il formaggio ha un aroma lattico prevalente con burro fuso, latte cotto, brodo di carne e nota vegetale di fieno."
data/images_flat/2018-2019_Trentingrana__2019-02-20__P2b_313_fetta.bmp,Aroma,Aroma di formaggio fuso.,Il formaggio ha un aroma di formaggio fuso.
data/images_flat/2018-2019_Trentingrana__2019-02-20__P1b_310_grana.bmp,Aroma,Aroma di formaggio cotto.,Il formaggio ha un aroma di formaggio cotto.
data/images_flat/2018-2019_Trentingrana__2019-02-20__P1b_310_grana.bmp,Aroma,Aroma piuttosto neutro.,Il formaggio ha un aroma piuttosto neutro.
data/images_flat/2018-2019_Trentingrana__2019-02-20__P1b_310_grana.bmp,Aroma,Aroma non tipico del grana.,Il formaggio ha un aroma non tipico del grana.
data/images_flat/2018-2019_Trentingrana__2019-02-20__P1b_310_grana.bmp,Aroma,Aroma di burro e formaggio cotto leggero.,Il formaggio ha un aroma di burro e formaggio cotto leggero.
data/images_flat/2018-2019_Trentingrana__2019-02-20__P1b_310_grana.bmp,Aroma,"Aroma con note più tipiche del nostrano che del grana, di formaggio cotto e crosta.","Il formaggio ha un aroma con note più tipiche del nostrano che del grana, di formaggio cotto e crosta."
data/images_flat/2018-2019_Trentingrana__2019-02-20__P1b_310_grana.bmp,Aroma,Aroma lattico cotto e tostato.,Il formaggio ha un aroma lattico cotto e tostato.
data/images_flat/2018-2019_Trentingrana__2019-02-20__P6a_338_fetta.bmp,Aroma,Aroma di latte cotto e burro bruciato.,Il formaggio ha un aroma di latte cotto e burro bruciato.
data/images_flat/2018-2019_Trentingrana__2019-02-20__P6a_338_fetta.bmp,Aroma,"Aroma non tipico del grana, leggermente nostrano.","Il formaggio ha un aroma non tipico del grana, leggermente nostrano."
data/images_flat/2018-2019_Trentingrana__2019-02-20__P6a_338_fetta.bmp,Aroma,Aroma di latticini freschi.,Il formaggio ha un aroma di latticini freschi.
data/images_flat/2018-2019_Trentingrana__2019-02-20__P6a_338_fetta.bmp,Aroma,"Aroma lattico di burro cotto, brodo e panna.","Il formaggio ha un aroma lattico di burro cotto, brodo e panna."
data/images_flat/2018-2019_Trentingrana__2019-02-20__P6a_338_fetta.bmp,Aroma,Aroma lattico cotto.,Il formaggio ha un aroma lattico cotto.
data/images_flat/2018-2019_Trentingrana__2019-02-20__P4a_326_fetta.bmp,Aroma,Aroma di crosta di formaggio.,Il formaggio ha un aroma di crosta di formaggio.
data/images_flat/2018-2019_Trentingrana__2019-02-20__P4a_326_fetta.bmp,Aroma,Aroma non tipico del grana.,Il formaggio ha un aroma non tipico del grana.
data/images_flat/2018-2019_Trentingrana__2019-02-20__P4a_326_fetta.bmp,Aroma,Aroma di burro e burro fuso con note di formaggio cotto in persistenza.,Il formaggio ha un aroma di burro e burro fuso con note di formaggio cotto in persistenza.
data/images_flat/2018-2019_Trentingrana__2019-02-20__P4a_326_fetta.bmp,Aroma,"Aroma di latte cotto, burro fuso, crosta di formaggio e brodo con lieve nota ossidata.","Il formaggio ha un aroma di latte cotto, burro fuso, crosta di formaggio e brodo con lieve nota ossidata."
data/images_flat/2018-2019_Trentingrana__2019-02-20__P4a_326_fetta.bmp,Aroma,"Aroma fruttato, tostato, di panna e brodo.","Il formaggio ha un aroma fruttato, tostato, di panna e brodo."
data/images_flat/2018-2019_Trentingrana__2019-02-20__P1a_310_grana.bmp,Aroma,Aroma di formaggio cotto.,Il formaggio ha un aroma di formaggio cotto.
data/images_flat/2018-2019_Trentingrana__2019-02-20__P1a_310_grana.bmp,Aroma,Aroma piuttosto neutro.,Il formaggio ha un aroma piuttosto neutro.
data/images_flat/2018-2019_Trentingrana__2019-02-20__P1a_310_grana.bmp,Aroma,Aroma non tipico del grana.,Il formaggio ha un aroma non tipico del grana.
data/images_flat/2018-2019_Trentingrana__2019-02-20__P1a_310_grana.bmp,Aroma,Aroma di burro e formaggio cotto leggero.,Il formaggio ha un aroma di burro e formaggio cotto leggero.
data/images_flat/2018-2019_Trentingrana__2019-02-20__P1a_310_grana.bmp,Aroma,"Aroma con note più tipiche del nostrano che del grana, di formaggio cotto e crosta.","Il formaggio ha un aroma con note più tipiche del nostrano che del grana, di formaggio cotto e crosta."
data/images_flat/2018-2019_Trentingrana__2019-02-20__P1a_310_grana.bmp,Aroma,Aroma lattico cotto e tostato.,Il formaggio ha un aroma lattico cotto e tostato.
data/images_flat/2018-2019_Trentingrana__2019-02-20__P6b_338_fetta.bmp,Aroma,Aroma di latte cotto e burro bruciato.,Il formaggio ha un aroma di latte cotto e burro bruciato.
data/images_flat/2018-2019_Trentingrana__2019-02-20__P6b_338_fetta.bmp,Aroma,"Aroma non tipico del grana, leggermente nostrano.","Il formaggio ha un aroma non tipico del grana, leggermente nostrano."
data/images_flat/2018-2019_Trentingrana__2019-02-20__P6b_338_fetta.bmp,Aroma,Aroma di latticini freschi.,Il formaggio ha un aroma di latticini freschi.
data/images_flat/2018-2019_Trentingrana__2019-02-20__P6b_338_fetta.bmp,Aroma,"Aroma lattico di burro cotto, brodo e panna.","Il formaggio ha un aroma lattico di burro cotto, brodo e panna."
data/images_flat/2018-2019_Trentingrana__2019-02-20__P6b_338_fetta.bmp,Aroma,Aroma lattico cotto.,Il formaggio ha un aroma lattico cotto.
data/images_flat/2018-2019_Trentingrana__2019-02-20__P4b_326_fetta.bmp,Aroma,Aroma di crosta di formaggio.,Il formaggio ha un aroma di crosta di formaggio.
data/images_flat/2018-2019_Trentingrana__2019-02-20__P4b_326_fetta.bmp,Aroma,Aroma non tipico del grana.,Il formaggio ha un aroma non tipico del grana.
data/images_flat/2018-2019_Trentingrana__2019-02-20__P4b_326_fetta.bmp,Aroma,Aroma di burro e burro fuso con note di formaggio cotto in persistenza.,Il formaggio ha un aroma di burro e burro fuso con note di formaggio cotto in persistenza.
data/images_flat/2018-2019_Trentingrana__2019-02-20__P4b_326_fetta.bmp,Aroma,"Aroma di latte cotto, burro fuso, crosta di formaggio e brodo con lieve nota ossidata.","Il formaggio ha un aroma di latte cotto, burro fuso, crosta di formaggio e brodo con lieve nota ossidata."
data/images_flat/2018-2019_Trentingrana__2019-02-20__P4b_326_fetta.bmp,Aroma,"Aroma fruttato, tostato, di panna e brodo.","Il formaggio ha un aroma fruttato, tostato, di panna e brodo."
data/images_flat/2018-2019_Trentingrana__2019-02-20__P5a_330_grana.bmp,Aroma,Aroma poco intenso.,Il formaggio ha un aroma poco intenso.
data/images_flat/2018-2019_Trentingrana__2019-02-20__P5a_330_grana.bmp,Aroma,Aroma con una punta acida e di crosta.,Il formaggio ha un aroma con una punta acida e di crosta.
data/images_flat/2018-2019_Trentingrana__2019-02-20__P5a_330_grana.bmp,Aroma,Aroma leggermente stantio.,Il formaggio ha un aroma leggermente stantio.
data/images_flat/2018-2019_Trentingrana__2019-02-20__P5a_330_grana.bmp,Aroma,"Aroma erbaceo e vegetale, non del tutto tipico del grana.","Il formaggio ha un aroma erbaceo e vegetale, non del tutto tipico del grana."
data/images_flat/2018-2019_Trentingrana__2019-02-20__P5a_330_grana.bmp,Aroma,Aroma di burro e lesso con note ossiadate e di crosta.,Il formaggio ha un aroma di burro e lesso con note ossiadate e di crosta.
data/images_flat/2018-2019_Trentingrana__2019-02-20__P5a_330_grana.bmp,Aroma,Aroma di burro fuso e fruttato con note lattiche pronunciate.,Il formaggio ha un aroma di burro fuso e fruttato con note lattiche pronunciate.
data/images_flat/2018-2019_Trentingrana__2019-02-20__P5a_330_grana.bmp,Aroma,"Aroma lattico cotto, tostato e leggero, con note fruttate.","Il formaggio ha un aroma lattico cotto, tostato e leggero, con note fruttate."
data/images_flat/2018-2019_Trentingrana__2019-02-20__P2a_313_fetta.bmp,Aroma,Aroma leggero con una nota di formaggio cotto.,Il formaggio ha un aroma leggero con una nota di formaggio cotto.
data/images_flat/2018-2019_Trentingrana__2019-02-20__P2a_313_fetta.bmp,Aroma,Aroma di crosta di formaggio.,Il formaggio ha un aroma di crosta di formaggio.
data/images_flat/2018-2019_Trentingrana__2019-02-20__P2a_313_fetta.bmp,Aroma,Aroma di crosta.,Il formaggio ha un aroma di crosta.
data/images_flat/2018-2019_Trentingrana__2019-02-20__P2a_313_fetta.bmp,Aroma,"Aroma di crosta, cotto e ossidato.","Il formaggio ha un aroma di crosta, cotto e ossidato."
data/images_flat/2018-2019_Trentingrana__2019-02-20__P2a_313_fetta.bmp,Aroma,"Aroma lattico prevalente con burro fuso, latte cotto, brodo di carne e nota vegetale di fieno.","Il formaggio ha un aroma lattico prevalente con burro fuso, latte cotto, brodo di carne e nota vegetale di fieno."
data/images_flat/2018-2019_Trentingrana__2019-02-20__P2a_313_fetta.bmp,Aroma,Aroma di formaggio fuso.,Il formaggio ha un aroma di formaggio fuso.
data/images_flat/2018-2019_Trentingrana__2019-02-20__P3b_314_grana.bmp,Aroma,Aroma di panna.,Il formaggio ha un aroma di panna.
data/images_flat/2018-2019_Trentingrana__2019-02-20__P3b_314_grana.bmp,Aroma,Aroma di burro con lieve sentore di piccante.,Il formaggio ha un aroma di burro con lieve sentore di piccante.
data/images_flat/2018-2019_Trentingrana__2019-02-20__P3b_314_grana.bmp,Aroma,Aroma di burro fuso.,Il formaggio ha un aroma di burro fuso.
data/images_flat/2018-2019_Trentingrana__2019-02-20__P3b_314_grana.bmp,Aroma,"Aroma di crosta e ossidato, bruciato.","Il formaggio ha un aroma di crosta e ossidato, bruciato."
data/images_flat/2018-2019_Trentingrana__2019-02-20__P3b_314_grana.bmp,Aroma,"Aroma di frutta tropicale e ananas, frutta matura quasi fermentata con nota lattica di burro fuso.","Il formaggio ha un aroma di frutta tropicale e ananas, frutta matura quasi fermentata con nota lattica di burro fuso."
data/images_flat/2018-2019_Trentingrana__2019-02-20__P3b_314_grana.bmp,Aroma,Aroma lattico cotto.,Il formaggio ha un aroma lattico cotto.
data/images_flat/2018-2019_Trentingrana__2019-02-20__P3a_314_grana.bmp,Aroma,Aroma di panna.,Il formaggio ha un aroma di panna.
data/images_flat/2018-2019_Trentingrana__2019-02-20__P3a_314_grana.bmp,Aroma,Aroma di burro con lieve sentore di piccante.,Il formaggio ha un aroma di burro con lieve sentore di piccante.
data/images_flat/2018-2019_Trentingrana__2019-02-20__P3a_314_grana.bmp,Aroma,Aroma di burro fuso.,Il formaggio ha un aroma di burro fuso.
data/images_flat/2018-2019_Trentingrana__2019-02-20__P3a_314_grana.bmp,Aroma,"Aroma di crosta e ossidato, bruciato.","Il formaggio ha un aroma di crosta e ossidato, bruciato."
data/images_flat/2018-2019_Trentingrana__2019-02-20__P3a_314_grana.bmp,Aroma,"Aroma di frutta tropicale e ananas, frutta matura quasi fermentata con nota lattica di burro fuso.","Il formaggio ha un aroma di frutta tropicale e ananas, frutta matura quasi fermentata con nota lattica di burro fuso."
data/images_flat/2018-2019_Trentingrana__2019-02-20__P3a_314_grana.bmp,Aroma,Aroma lattico cotto.,Il formaggio ha un aroma lattico cotto.
data/images_flat/2018-2019_Trentingrana__2019-02-20__P4a_326_grana.bmp,Aroma,Aroma di crosta di formaggio.,Il formaggio ha un aroma di crosta di formaggio.
data/images_flat/2018-2019_Trentingrana__2019-02-20__P4a_326_grana.bmp,Aroma,Aroma non tipico del grana.,Il formaggio ha un aroma non tipico del grana.
data/images_flat/2018-2019_Trentingrana__2019-02-20__P4a_326_grana.bmp,Aroma,Aroma di burro e burro fuso con note di formaggio cotto in persistenza.,Il formaggio ha un aroma di burro e burro fuso con note di formaggio cotto in persistenza.
data/images_flat/2018-2019_Trentingrana__2019-02-20__P4a_326_grana.bmp,Aroma,"Aroma di latte cotto, burro fuso, crosta di formaggio e brodo con lieve nota ossidata.","Il formaggio ha un aroma di latte cotto, burro fuso, crosta di formaggio e brodo con lieve nota ossidata."
data/images_flat/2018-2019_Trentingrana__2019-02-20__P4a_326_grana.bmp,Aroma,"Aroma fruttato, tostato, di panna e brodo.","Il formaggio ha un aroma fruttato, tostato, di panna e brodo."
data/images_flat/2018-2019_Trentingrana__2019-02-20__P1b_310_fetta.bmp,Aroma,Aroma di formaggio cotto.,Il formaggio ha un aroma di formaggio cotto.
data/images_flat/2018-2019_Trentingrana__2019-02-20__P1b_310_fetta.bmp,Aroma,Aroma piuttosto neutro.,Il formaggio ha un aroma piuttosto neutro.
data/images_flat/2018-2019_Trentingrana__2019-02-20__P1b_310_fetta.bmp,Aroma,Aroma non tipico del grana.,Il formaggio ha un aroma non tipico del grana.
data/images_flat/2018-2019_Trentingrana__2019-02-20__P1b_310_fetta.bmp,Aroma,Aroma di burro e formaggio cotto leggero.,Il formaggio ha un aroma di burro e formaggio cotto leggero.
data/images_flat/2018-2019_Trentingrana__2019-02-20__P1b_310_fetta.bmp,Aroma,"Aroma con note più tipiche del nostrano che del grana, di formaggio cotto e crosta.","Il formaggio ha un aroma con note più tipiche del nostrano che del grana, di formaggio cotto e crosta."
data/images_flat/2018-2019_Trentingrana__2019-02-20__P1b_310_fetta.bmp,Aroma,Aroma lattico cotto e tostato.,Il formaggio ha un aroma lattico cotto e tostato.
data/images_flat/2018-2019_Trentingrana__2019-02-20__P6a_338_grana.bmp,Aroma,Aroma di latte cotto e burro bruciato.,Il formaggio ha un aroma di latte cotto e burro bruciato.
data/images_flat/2018-2019_Trentingrana__2019-02-20__P6a_338_grana.bmp,Aroma,"Aroma non tipico del grana, leggermente nostrano.","Il formaggio ha un aroma non tipico del grana, leggermente nostrano."
data/images_flat/2018-2019_Trentingrana__2019-02-20__P6a_338_grana.bmp,Aroma,Aroma di latticini freschi.,Il formaggio ha un aroma di latticini freschi.
data/images_flat/2018-2019_Trentingrana__2019-02-20__P6a_338_grana.bmp,Aroma,"Aroma lattico di burro cotto, brodo e panna.","Il formaggio ha un aroma lattico di burro cotto, brodo e panna."
data/images_flat/2018-2019_Trentingrana__2019-02-20__P6a_338_grana.bmp,Aroma,Aroma lattico cotto.,Il formaggio ha un aroma lattico cotto.
data/images_flat/2018-2019_Trentingrana__2019-02-20__P2b_313_grana.bmp,Aroma,Aroma leggero con una nota di formaggio cotto.,Il formaggio ha un aroma leggero con una nota di formaggio cotto.
data/images_flat/2018-2019_Trentingrana__2019-02-20__P2b_313_grana.bmp,Aroma,Aroma di crosta di formaggio.,Il formaggio ha un aroma di crosta di formaggio.
data/images_flat/2018-2019_Trentingrana__2019-02-20__P2b_313_grana.bmp,Aroma,Aroma di crosta.,Il formaggio ha un aroma di crosta.
data/images_flat/2018-2019_Trentingrana__2019-02-20__P2b_313_grana.bmp,Aroma,"Aroma di crosta, cotto e ossidato.","Il formaggio ha un aroma di crosta, cotto e ossidato."
data/images_flat/2018-2019_Trentingrana__2019-02-20__P2b_313_grana.bmp,Aroma,"Aroma lattico prevalente con burro fuso, latte cotto, brodo di carne e nota vegetale di fieno.","Il formaggio ha un aroma lattico prevalente con burro fuso, latte cotto, brodo di carne e nota vegetale di fieno."
data/images_flat/2018-2019_Trentingrana__2019-02-20__P2b_313_grana.bmp,Aroma,Aroma di formaggio fuso.,Il formaggio ha un aroma di formaggio fuso.
data/images_flat/2018-2019_Trentingrana__2019-02-20__P5b_330_fetta.bmp,Aroma,Aroma poco intenso.,Il formaggio ha un aroma poco intenso.
data/images_flat/2018-2019_Trentingrana__2019-02-20__P5b_330_fetta.bmp,Aroma,Aroma con una punta acida e di crosta.,Il formaggio ha un aroma con una punta acida e di crosta.
data/images_flat/2018-2019_Trentingrana__2019-02-20__P5b_330_fetta.bmp,Aroma,Aroma leggermente stantio.,Il formaggio ha un aroma leggermente stantio.
data/images_flat/2018-2019_Trentingrana__2019-02-20__P5b_330_fetta.bmp,Aroma,"Aroma erbaceo e vegetale, non del tutto tipico del grana.","Il formaggio ha un aroma erbaceo e vegetale, non del tutto tipico del grana."
data/images_flat/2018-2019_Trentingrana__2019-02-20__P5b_330_fetta.bmp,Aroma,Aroma di burro e lesso con note ossiadate e di crosta.,Il formaggio ha un aroma di burro e lesso con note ossiadate e di crosta.
data/images_flat/2018-2019_Trentingrana__2019-02-20__P5b_330_fetta.bmp,Aroma,Aroma di burro fuso e fruttato con note lattiche pronunciate.,Il formaggio ha un aroma di burro fuso e fruttato con note lattiche pronunciate.
data/images_flat/2018-2019_Trentingrana__2019-02-20__P5b_330_fetta.bmp,Aroma,"Aroma lattico cotto, tostato e leggero, con note fruttate.","Il formaggio ha un aroma lattico cotto, tostato e leggero, con note fruttate."
data/images_flat/2018-2019_Trentingrana__2019-02-20__P2a_313_grana.bmp,Aroma,Aroma leggero con una nota di formaggio cotto.,Il formaggio ha un aroma leggero con una nota di formaggio cotto.
data/images_flat/2018-2019_Trentingrana__2019-02-20__P2a_313_grana.bmp,Aroma,Aroma di crosta di formaggio.,Il formaggio ha un aroma di crosta di formaggio.
data/images_flat/2018-2019_Trentingrana__2019-02-20__P2a_313_grana.bmp,Aroma,Aroma di crosta.,Il formaggio ha un aroma di crosta.
data/images_flat/2018-2019_Trentingrana__2019-02-20__P2a_313_grana.bmp,Aroma,"Aroma di crosta, cotto e ossidato.","Il formaggio ha un aroma di crosta, cotto e ossidato."
data/images_flat/2018-2019_Trentingrana__2019-02-20__P2a_313_grana.bmp,Aroma,"Aroma lattico prevalente con burro fuso, latte cotto, brodo di carne e nota vegetale di fieno.","Il formaggio ha un aroma lattico prevalente con burro fuso, latte cotto, brodo di carne e nota vegetale di fieno."
data/images_flat/2018-2019_Trentingrana__2019-02-20__P2a_313_grana.bmp,Aroma,Aroma di formaggio fuso.,Il formaggio ha un aroma di formaggio fuso.
data/images_flat/2018-2019_Trentingrana__2019-02-20__P5a_330_fetta.bmp,Aroma,Aroma poco intenso.,Il formaggio ha un aroma poco intenso.
data/images_flat/2018-2019_Trentingrana__2019-02-20__P5a_330_fetta.bmp,Aroma,Aroma con una punta acida e di crosta.,Il formaggio ha un aroma con una punta acida e di crosta.
data/images_flat/2018-2019_Trentingrana__2019-02-20__P5a_330_fetta.bmp,Aroma,Aroma leggermente stantio.,Il formaggio ha un aroma leggermente stantio.
data/images_flat/2018-2019_Trentingrana__2019-02-20__P5a_330_fetta.bmp,Aroma,"Aroma erbaceo e vegetale, non del tutto tipico del grana.","Il formaggio ha un aroma erbaceo e vegetale, non del tutto tipico del grana."
data/images_flat/2018-2019_Trentingrana__2019-02-20__P5a_330_fetta.bmp,Aroma,Aroma di burro e lesso con note ossiadate e di crosta.,Il formaggio ha un aroma di burro e lesso con note ossiadate e di crosta.
data/images_flat/2018-2019_Trentingrana__2019-02-20__P5a_330_fetta.bmp,Aroma,Aroma di burro fuso e fruttato con note lattiche pronunciate.,Il formaggio ha un aroma di burro fuso e fruttato con note lattiche pronunciate.
data/images_flat/2018-2019_Trentingrana__2019-02-20__P5a_330_fetta.bmp,Aroma,"Aroma lattico cotto, tostato e leggero, con note fruttate.","Il formaggio ha un aroma lattico cotto, tostato e leggero, con note fruttate."
data/images_flat/2018-2019_Trentingrana__2019-02-20__P4b_326_grana.bmp,Aroma,Aroma di crosta di formaggio.,Il formaggio ha un aroma di crosta di formaggio.
data/images_flat/2018-2019_Trentingrana__2019-02-20__P4b_326_grana.bmp,Aroma,Aroma non tipico del grana.,Il formaggio ha un aroma non tipico del grana.
data/images_flat/2018-2019_Trentingrana__2019-02-20__P4b_326_grana.bmp,Aroma,Aroma di burro e burro fuso con note di formaggio cotto in persistenza.,Il formaggio ha un aroma di burro e burro fuso con note di formaggio cotto in persistenza.
data/images_flat/2018-2019_Trentingrana__2019-02-20__P4b_326_grana.bmp,Aroma,"Aroma di latte cotto, burro fuso, crosta di formaggio e brodo con lieve nota ossidata.","Il formaggio ha un aroma di latte cotto, burro fuso, crosta di formaggio e brodo con lieve nota ossidata."
data/images_flat/2018-2019_Trentingrana__2019-02-20__P4b_326_grana.bmp,Aroma,"Aroma fruttato, tostato, di panna e brodo.","Il formaggio ha un aroma fruttato, tostato, di panna e brodo."
data/images_flat/2018-2019_Trentingrana__2019-02-20__P1a_310_fetta.bmp,Aroma,Aroma di formaggio cotto.,Il formaggio ha un aroma di formaggio cotto.
data/images_flat/2018-2019_Trentingrana__2019-02-20__P1a_310_fetta.bmp,Aroma,Aroma piuttosto neutro.,Il formaggio ha un aroma piuttosto neutro.
data/images_flat/2018-2019_Trentingrana__2019-02-20__P1a_310_fetta.bmp,Aroma,Aroma non tipico del grana.,Il formaggio ha un aroma non tipico del grana.
data/images_flat/2018-2019_Trentingrana__2019-02-20__P1a_310_fetta.bmp,Aroma,Aroma di burro e formaggio cotto leggero.,Il formaggio ha un aroma di burro e formaggio cotto leggero.
data/images_flat/2018-2019_Trentingrana__2019-02-20__P1a_310_fetta.bmp,Aroma,"Aroma con note più tipiche del nostrano che del grana, di formaggio cotto e crosta.","Il formaggio ha un aroma con note più tipiche del nostrano che del grana, di formaggio cotto e crosta."
data/images_flat/2018-2019_Trentingrana__2019-02-20__P1a_310_fetta.bmp,Aroma,Aroma lattico cotto e tostato.,Il formaggio ha un aroma lattico cotto e tostato.
data/images_flat/2018-2019_Trentingrana__2019-02-20__P6b_338_grana.bmp,Aroma,Aroma di latte cotto e burro bruciato.,Il formaggio ha un aroma di latte cotto e burro bruciato.
data/images_flat/2018-2019_Trentingrana__2019-02-20__P6b_338_grana.bmp,Aroma,"Aroma non tipico del grana, leggermente nostrano.","Il formaggio ha un aroma non tipico del grana, leggermente nostrano."
data/images_flat/2018-2019_Trentingrana__2019-02-20__P6b_338_grana.bmp,Aroma,Aroma di latticini freschi.,Il formaggio ha un aroma di latticini freschi.
data/images_flat/2018-2019_Trentingrana__2019-02-20__P6b_338_grana.bmp,Aroma,"Aroma lattico di burro cotto, brodo e panna.","Il formaggio ha un aroma lattico di burro cotto, brodo e panna."
data/images_flat/2018-2019_Trentingrana__2019-02-20__P6b_338_grana.bmp,Aroma,Aroma lattico cotto.,Il formaggio ha un aroma lattico cotto.
data/images_flat/2018-2019_Trentingrana__2018-10-24__P2b_306_fetta.bmp,Aroma,"Aroma leggero vegetale con note di silos e frutta troppo matura, poco definito.","Il formaggio ha un aroma leggero vegetale con note di silos e frutta troppo matura, poco definito."
data/images_flat/2018-2019_Trentingrana__2018-10-24__P2b_306_fetta.bmp,Aroma,Aroma di fieno.,Il formaggio ha un aroma di fieno.
data/images_flat/2018-2019_Trentingrana__2018-10-24__P2b_306_fetta.bmp,Aroma,Aroma di burro e grana.,Il formaggio ha un aroma di burro e grana.
data/images_flat/2018-2019_Trentingrana__2018-10-24__P2b_306_fetta.bmp,Aroma,Aroma di latte cotto.,Il formaggio ha un aroma di latte cotto.
data/images_flat/2018-2019_Trentingrana__2018-10-24__P2b_306_fetta.bmp,Aroma,Aroma con assenza di nota lattea.,Il formaggio ha un aroma con assenza di nota lattea.
data/images_flat/2018-2019_Trentingrana__2018-10-24__P2b_306_fetta.bmp,Aroma,Aroma di brodo animale.,Il formaggio ha un aroma di brodo animale.
data/images_flat/2018-2019_Trentingrana__2018-10-24__P2b_306_fetta.bmp,Aroma,Aroma di latte cotto e cipolla.,Il formaggio ha un aroma di latte cotto e cipolla.
data/images_flat/2018-2019_Trentingrana__2018-10-24__P4b_319_fetta.bmp,Aroma,Aroma con leggero sentore di bruciato.,Il formaggio ha un aroma con leggero sentore di bruciato.
data/images_flat/2018-2019_Trentingrana__2018-10-24__P4b_319_fetta.bmp,Aroma,Aroma strano di burro.,Il formaggio ha un aroma strano di burro.
data/images_flat/2018-2019_Trentingrana__2018-10-24__P4b_319_fetta.bmp,Aroma,Aroma cotto.,Il formaggio ha un aroma cotto.
data/images_flat/2018-2019_Trentingrana__2018-10-24__P4b_319_fetta.bmp,Aroma,Aroma stallatico.,Il formaggio ha un aroma stallatico.
data/images_flat/2018-2019_Trentingrana__2018-10-24__P4b_319_fetta.bmp,Aroma,Aroma di stalla e caramello.,Il formaggio ha un aroma di stalla e caramello.
data/images_flat/2018-2019_Trentingrana__2018-10-24__P4b_319_fetta.bmp,Aroma,Aroma di crosta di formaggio percepito alla seconda olfazione.,Il formaggio ha un aroma di crosta di formaggio percepito alla seconda olfazione.
data/images_flat/2018-2019_Trentingrana__2018-10-24__P4b_319_fetta.bmp,Aroma,Aroma tostato con note di brodo.,Il formaggio ha un aroma tostato con note di brodo.
data/images_flat/2018-2019_Trentingrana__2018-10-24__P4b_319_fetta.bmp,Aroma,Aroma di latte cotto.,Il formaggio ha un aroma di latte cotto.
data/images_flat/2018-2019_Trentingrana__2018-10-24__P3b_314_fetta.bmp,Aroma,Aroma di crosta e formaggio cotto.,Il formaggio ha un aroma di crosta e formaggio cotto.
data/images_flat/2018-2019_Trentingrana__2018-10-24__P3b_314_fetta.bmp,Aroma,Aroma di burro e pane.,Il formaggio ha un aroma di burro e pane.
data/images_flat/2018-2019_Trentingrana__2018-10-24__P3b_314_fetta.bmp,Aroma,Aroma di formaggio fritto.,Il formaggio ha un aroma di formaggio fritto.
data/images_flat/2018-2019_Trentingrana__2018-10-24__P3b_314_fetta.bmp,Aroma,"Aroma di frutta troppo matura inizialmente, seguito da brodo animale e vegetale.","Il formaggio ha un aroma di frutta troppo matura inizialmente, seguito da brodo animale e vegetale."
data/images_flat/2018-2019_Trentingrana__2018-10-24__P3b_314_fetta.bmp,Aroma,Aroma di latte cotto e brodo di carne.,Il formaggio ha un aroma di latte cotto e brodo di carne.
data/images_flat/2018-2019_Trentingrana__2018-10-24__P3a_314_fetta.bmp,Aroma,Aroma di crosta e formaggio cotto.,Il formaggio ha un aroma di crosta e formaggio cotto.
data/images_flat/2018-2019_Trentingrana__2018-10-24__P3a_314_fetta.bmp,Aroma,Aroma di burro e pane.,Il formaggio ha un aroma di burro e pane.
data/images_flat/2018-2019_Trentingrana__2018-10-24__P3a_314_fetta.bmp,Aroma,Aroma di formaggio fritto.,Il formaggio ha un aroma di formaggio fritto.
data/images_flat/2018-2019_Trentingrana__2018-10-24__P3a_314_fetta.bmp,Aroma,"Aroma di frutta troppo matura inizialmente, seguito da brodo animale e vegetale.","Il formaggio ha un aroma di frutta troppo matura inizialmente, seguito da brodo animale e vegetale."
data/images_flat/2018-2019_Trentingrana__2018-10-24__P3a_314_fetta.bmp,Aroma,Aroma di latte cotto e brodo di carne.,Il formaggio ha un aroma di latte cotto e brodo di carne.
data/images_flat/2018-2019_Trentingrana__2018-10-24__P4a_319_fetta.bmp,Aroma,Aroma con leggero sentore di bruciato.,Il formaggio ha un aroma con leggero sentore di bruciato.
data/images_flat/2018-2019_Trentingrana__2018-10-24__P4a_319_fetta.bmp,Aroma,Aroma strano di burro.,Il formaggio ha un aroma strano di burro.
data/images_flat/2018-2019_Trentingrana__2018-10-24__P4a_319_fetta.bmp,Aroma,Aroma cotto.,Il formaggio ha un aroma cotto.
data/images_flat/2018-2019_Trentingrana__2018-10-24__P4a_319_fetta.bmp,Aroma,Aroma stallatico.,Il formaggio ha un aroma stallatico.
data/images_flat/2018-2019_Trentingrana__2018-10-24__P4a_319_fetta.bmp,Aroma,Aroma di stalla e caramello.,Il formaggio ha un aroma di stalla e caramello.
data/images_flat/2018-2019_Trentingrana__2018-10-24__P4a_319_fetta.bmp,Aroma,Aroma di crosta di formaggio percepito alla seconda olfazione.,Il formaggio ha un aroma di crosta di formaggio percepito alla seconda olfazione.
data/images_flat/2018-2019_Trentingrana__2018-10-24__P4a_319_fetta.bmp,Aroma,Aroma tostato con note di brodo.,Il formaggio ha un aroma tostato con note di brodo.
data/images_flat/2018-2019_Trentingrana__2018-10-24__P4a_319_fetta.bmp,Aroma,Aroma di latte cotto.,Il formaggio ha un aroma di latte cotto.
data/images_flat/2018-2019_Trentingrana__2018-10-24__P2a_306_fetta.bmp,Aroma,"Aroma leggero vegetale con note di silos e frutta troppo matura, poco definito.","Il formaggio ha un aroma leggero vegetale con note di silos e frutta troppo matura, poco definito."
data/images_flat/2018-2019_Trentingrana__2018-10-24__P2a_306_fetta.bmp,Aroma,Aroma di fieno.,Il formaggio ha un aroma di fieno.
data/images_flat/2018-2019_Trentingrana__2018-10-24__P2a_306_fetta.bmp,Aroma,Aroma di burro e grana.,Il formaggio ha un aroma di burro e grana.
data/images_flat/2018-2019_Trentingrana__2018-10-24__P2a_306_fetta.bmp,Aroma,Aroma di latte cotto.,Il formaggio ha un aroma di latte cotto.
data/images_flat/2018-2019_Trentingrana__2018-10-24__P2a_306_fetta.bmp,Aroma,Aroma con assenza di nota lattea.,Il formaggio ha un aroma con assenza di nota lattea.
data/images_flat/2018-2019_Trentingrana__2018-10-24__P2a_306_fetta.bmp,Aroma,Aroma di brodo animale.,Il formaggio ha un aroma di brodo animale.
data/images_flat/2018-2019_Trentingrana__2018-10-24__P2a_306_fetta.bmp,Aroma,Aroma di latte cotto e cipolla.,Il formaggio ha un aroma di latte cotto e cipolla.
data/images_flat/2018-2019_Trentingrana__2018-10-24__P5b_326_fetta.bmp,Aroma,Aroma di verdura lessa.,Il formaggio ha un aroma di verdura lessa.
data/images_flat/2018-2019_Trentingrana__2018-10-24__P5b_326_fetta.bmp,Aroma,Aroma burroso con note di fumo e tostato.,Il formaggio ha un aroma burroso con note di fumo e tostato.
data/images_flat/2018-2019_Trentingrana__2018-10-24__P5b_326_fetta.bmp,Aroma,Aroma di panna.,Il formaggio ha un aroma di panna.
data/images_flat/2018-2019_Trentingrana__2018-10-24__P5b_326_fetta.bmp,Aroma,Aroma di latte cotto.,Il formaggio ha un aroma di latte cotto.
data/images_flat/2018-2019_Trentingrana__2018-10-24__P6a_338_fetta.bmp,Aroma,Aroma eccessivamente tostato.,Il formaggio ha un aroma eccessivamente tostato.
data/images_flat/2018-2019_Trentingrana__2018-10-24__P6a_338_fetta.bmp,Aroma,Aroma di crosta di pane.,Il formaggio ha un aroma di crosta di pane.
data/images_flat/2018-2019_Trentingrana__2018-10-24__P6a_338_fetta.bmp,Aroma,Aroma di grana e burro.,Il formaggio ha un aroma di grana e burro.
data/images_flat/2018-2019_Trentingrana__2018-10-24__P6a_338_fetta.bmp,Aroma,Aroma non da grana emmental.,Il formaggio ha un aroma non da grana emmental.
data/images_flat/2018-2019_Trentingrana__2018-10-24__P6a_338_fetta.bmp,Aroma,"Aroma quasi bruciato con note di liquirizia, caramello e legno.","Il formaggio ha un aroma quasi bruciato con note di liquirizia, caramello e legno."
data/images_flat/2018-2019_Trentingrana__2018-10-24__P6a_338_fetta.bmp,Aroma,Aroma cotto.,Il formaggio ha un aroma cotto.
data/images_flat/2018-2019_Trentingrana__2018-10-24__P1b_304_grana.bmp,Aroma,Aroma bruciato.,Il formaggio ha un aroma bruciato.
data/images_flat/2018-2019_Trentingrana__2018-10-24__P1b_304_grana.bmp,Aroma,"Aroma di gorgonzola, non tipico, acido.","Il formaggio ha un aroma di gorgonzola, non tipico, acido."
data/images_flat/2018-2019_Trentingrana__2018-10-24__P1b_304_grana.bmp,Aroma,Aroma leggermente cotto.,Il formaggio ha un aroma leggermente cotto.
data/images_flat/2018-2019_Trentingrana__2018-10-24__P1b_304_grana.bmp,Aroma,Aroma di formaggio maturo tendente alla sovramaturazione.,Il formaggio ha un aroma di formaggio maturo tendente alla sovramaturazione.
data/images_flat/2018-2019_Trentingrana__2018-10-24__P1b_304_grana.bmp,Aroma,Aroma di formaggio vecchio.,Il formaggio ha un aroma di formaggio vecchio.
data/images_flat/2018-2019_Trentingrana__2018-10-24__P1b_304_grana.bmp,Aroma,Aroma di latte acido e fermentato.,Il formaggio ha un aroma di latte acido e fermentato.
data/images_flat/2018-2019_Trentingrana__2018-10-24__P5a_326_fetta.bmp,Aroma,Aroma di verdura lessa.,Il formaggio ha un aroma di verdura lessa.
data/images_flat/2018-2019_Trentingrana__2018-10-24__P5a_326_fetta.bmp,Aroma,Aroma burroso con note di fumo e tostato.,Il formaggio ha un aroma burroso con note di fumo e tostato.
data/images_flat/2018-2019_Trentingrana__2018-10-24__P5a_326_fetta.bmp,Aroma,Aroma di panna.,Il formaggio ha un aroma di panna.
data/images_flat/2018-2019_Trentingrana__2018-10-24__P5a_326_fetta.bmp,Aroma,Aroma di latte cotto.,Il formaggio ha un aroma di latte cotto.
data/images_flat/2018-2019_Trentingrana__2018-10-24__P1a_304_grana.bmp,Aroma,Aroma bruciato.,Il formaggio ha un aroma bruciato.
data/images_flat/2018-2019_Trentingrana__2018-10-24__P1a_304_grana.bmp,Aroma,"Aroma di gorgonzola, non tipico, acido.","Il formaggio ha un aroma di gorgonzola, non tipico, acido."
data/images_flat/2018-2019_Trentingrana__2018-10-24__P1a_304_grana.bmp,Aroma,Aroma leggermente cotto.,Il formaggio ha un aroma leggermente cotto.
data/images_flat/2018-2019_Trentingrana__2018-10-24__P1a_304_grana.bmp,Aroma,Aroma di formaggio maturo tendente alla sovramaturazione.,Il formaggio ha un aroma di formaggio maturo tendente alla sovramaturazione.
data/images_flat/2018-2019_Trentingrana__2018-10-24__P1a_304_grana.bmp,Aroma,Aroma di formaggio vecchio.,Il formaggio ha un aroma di formaggio vecchio.
data/images_flat/2018-2019_Trentingrana__2018-10-24__P1a_304_grana.bmp,Aroma,Aroma di latte acido e fermentato.,Il formaggio ha un aroma di latte acido e fermentato.
data/images_flat/2018-2019_Trentingrana__2018-10-24__P6b_338_fetta.bmp,Aroma,Aroma eccessivamente tostato.,Il formaggio ha un aroma eccessivamente tostato.
data/images_flat/2018-2019_Trentingrana__2018-10-24__P6b_338_fetta.bmp,Aroma,Aroma di crosta di pane.,Il formaggio ha un aroma di crosta di pane.
data/images_flat/2018-2019_Trentingrana__2018-10-24__P6b_338_fetta.bmp,Aroma,Aroma di grana e burro.,Il formaggio ha un aroma di grana e burro.
data/images_flat/2018-2019_Trentingrana__2018-10-24__P6b_338_fetta.bmp,Aroma,Aroma non da grana emmental.,Il formaggio ha un aroma non da grana emmental.
data/images_flat/2018-2019_Trentingrana__2018-10-24__P6b_338_fetta.bmp,Aroma,"Aroma quasi bruciato con note di liquirizia, caramello e legno.","Il formaggio ha un aroma quasi bruciato con note di liquirizia, caramello e legno."
data/images_flat/2018-2019_Trentingrana__2018-10-24__P6b_338_fetta.bmp,Aroma,Aroma cotto.,Il formaggio ha un aroma cotto.
data/images_flat/2018-2019_Trentingrana__2018-10-24__P3b_314_grana.bmp,Aroma,Aroma di crosta e formaggio cotto.,Il formaggio ha un aroma di crosta e formaggio cotto.
data/images_flat/2018-2019_Trentingrana__2018-10-24__P3b_314_grana.bmp,Aroma,Aroma di burro e pane.,Il formaggio ha un aroma di burro e pane.
data/images_flat/2018-2019_Trentingrana__2018-10-24__P3b_314_grana.bmp,Aroma,Aroma di formaggio fritto.,Il formaggio ha un aroma di formaggio fritto.
data/images_flat/2018-2019_Trentingrana__2018-10-24__P3b_314_grana.bmp,Aroma,"Aroma di frutta troppo matura inizialmente, seguito da brodo animale e vegetale.","Il formaggio ha un aroma di frutta troppo matura inizialmente, seguito da brodo animale e vegetale."
data/images_flat/2018-2019_Trentingrana__2018-10-24__P3b_314_grana.bmp,Aroma,Aroma di latte cotto e brodo di carne.,Il formaggio ha un aroma di latte cotto e brodo di carne.
data/images_flat/2018-2019_Trentingrana__2018-10-24__P4b_319_grana.bmp,Aroma,Aroma con leggero sentore di bruciato.,Il formaggio ha un aroma con leggero sentore di bruciato.
data/images_flat/2018-2019_Trentingrana__2018-10-24__P4b_319_grana.bmp,Aroma,Aroma strano di burro.,Il formaggio ha un aroma strano di burro.
data/images_flat/2018-2019_Trentingrana__2018-10-24__P4b_319_grana.bmp,Aroma,Aroma cotto.,Il formaggio ha un aroma cotto.
data/images_flat/2018-2019_Trentingrana__2018-10-24__P4b_319_grana.bmp,Aroma,Aroma stallatico.,Il formaggio ha un aroma stallatico.
data/images_flat/2018-2019_Trentingrana__2018-10-24__P4b_319_grana.bmp,Aroma,Aroma di stalla e caramello.,Il formaggio ha un aroma di stalla e caramello.
data/images_flat/2018-2019_Trentingrana__2018-10-24__P4b_319_grana.bmp,Aroma,Aroma di crosta di formaggio percepito alla seconda olfazione.,Il formaggio ha un aroma di crosta di formaggio percepito alla seconda olfazione.
data/images_flat/2018-2019_Trentingrana__2018-10-24__P4b_319_grana.bmp,Aroma,Aroma tostato con note di brodo.,Il formaggio ha un aroma tostato con note di brodo.
data/images_flat/2018-2019_Trentingrana__2018-10-24__P4b_319_grana.bmp,Aroma,Aroma di latte cotto.,Il formaggio ha un aroma di latte cotto.
data/images_flat/2018-2019_Trentingrana__2018-10-24__P2b_306_grana.bmp,Aroma,"Aroma leggero vegetale con note di silos e frutta troppo matura, poco definito.","Il formaggio ha un aroma leggero vegetale con note di silos e frutta troppo matura, poco definito."
data/images_flat/2018-2019_Trentingrana__2018-10-24__P2b_306_grana.bmp,Aroma,Aroma di fieno.,Il formaggio ha un aroma di fieno.
data/images_flat/2018-2019_Trentingrana__2018-10-24__P2b_306_grana.bmp,Aroma,Aroma di burro e grana.,Il formaggio ha un aroma di burro e grana.
data/images_flat/2018-2019_Trentingrana__2018-10-24__P2b_306_grana.bmp,Aroma,Aroma di latte cotto.,Il formaggio ha un aroma di latte cotto.
data/images_flat/2018-2019_Trentingrana__2018-10-24__P2b_306_grana.bmp,Aroma,Aroma con assenza di nota lattea.,Il formaggio ha un aroma con assenza di nota lattea.
data/images_flat/2018-2019_Trentingrana__2018-10-24__P2b_306_grana.bmp,Aroma,Aroma di brodo animale.,Il formaggio ha un aroma di brodo animale.
data/images_flat/2018-2019_Trentingrana__2018-10-24__P2b_306_grana.bmp,Aroma,Aroma di latte cotto e cipolla.,Il formaggio ha un aroma di latte cotto e cipolla.
data/images_flat/2018-2019_Trentingrana__2018-10-24__P2a_306_grana.bmp,Aroma,"Aroma leggero vegetale con note di silos e frutta troppo matura, poco definito.","Il formaggio ha un aroma leggero vegetale con note di silos e frutta troppo matura, poco definito."
data/images_flat/2018-2019_Trentingrana__2018-10-24__P2a_306_grana.bmp,Aroma,Aroma di fieno.,Il formaggio ha un aroma di fieno.
data/images_flat/2018-2019_Trentingrana__2018-10-24__P2a_306_grana.bmp,Aroma,Aroma di burro e grana.,Il formaggio ha un aroma di burro e grana.
data/images_flat/2018-2019_Trentingrana__2018-10-24__P2a_306_grana.bmp,Aroma,Aroma di latte cotto.,Il formaggio ha un aroma di latte cotto.
data/images_flat/2018-2019_Trentingrana__2018-10-24__P2a_306_grana.bmp,Aroma,Aroma con assenza di nota lattea.,Il formaggio ha un aroma con assenza di nota lattea.
data/images_flat/2018-2019_Trentingrana__2018-10-24__P2a_306_grana.bmp,Aroma,Aroma di brodo animale.,Il formaggio ha un aroma di brodo animale.
data/images_flat/2018-2019_Trentingrana__2018-10-24__P2a_306_grana.bmp,Aroma,Aroma di latte cotto e cipolla.,Il formaggio ha un aroma di latte cotto e cipolla.
data/images_flat/2018-2019_Trentingrana__2018-10-24__P4a_319_grana.bmp,Aroma,Aroma con leggero sentore di bruciato.,Il formaggio ha un aroma con leggero sentore di bruciato.
data/images_flat/2018-2019_Trentingrana__2018-10-24__P4a_319_grana.bmp,Aroma,Aroma strano di burro.,Il formaggio ha un aroma strano di burro.
data/images_flat/2018-2019_Trentingrana__2018-10-24__P4a_319_grana.bmp,Aroma,Aroma cotto.,Il formaggio ha un aroma cotto.
data/images_flat/2018-2019_Trentingrana__2018-10-24__P4a_319_grana.bmp,Aroma,Aroma stallatico.,Il formaggio ha un aroma stallatico.
data/images_flat/2018-2019_Trentingrana__2018-10-24__P4a_319_grana.bmp,Aroma,Aroma di stalla e caramello.,Il formaggio ha un aroma di stalla e caramello.
data/images_flat/2018-2019_Trentingrana__2018-10-24__P4a_319_grana.bmp,Aroma,Aroma di crosta di formaggio percepito alla seconda olfazione.,Il formaggio ha un aroma di crosta di formaggio percepito alla seconda olfazione.
data/images_flat/2018-2019_Trentingrana__2018-10-24__P4a_319_grana.bmp,Aroma,Aroma tostato con note di brodo.,Il formaggio ha un aroma tostato con note di brodo.
data/images_flat/2018-2019_Trentingrana__2018-10-24__P4a_319_grana.bmp,Aroma,Aroma di latte cotto.,Il formaggio ha un aroma di latte cotto.
data/images_flat/2018-2019_Trentingrana__2018-10-24__P3a_314_grana.bmp,Aroma,Aroma di crosta e formaggio cotto.,Il formaggio ha un aroma di crosta e formaggio cotto.
data/images_flat/2018-2019_Trentingrana__2018-10-24__P3a_314_grana.bmp,Aroma,Aroma di burro e pane.,Il formaggio ha un aroma di burro e pane.
data/images_flat/2018-2019_Trentingrana__2018-10-24__P3a_314_grana.bmp,Aroma,Aroma di formaggio fritto.,Il formaggio ha un aroma di formaggio fritto.
data/images_flat/2018-2019_Trentingrana__2018-10-24__P3a_314_grana.bmp,Aroma,"Aroma di frutta troppo matura inizialmente, seguito da brodo animale e vegetale.","Il formaggio ha un aroma di frutta troppo matura inizialmente, seguito da brodo animale e vegetale."
data/images_flat/2018-2019_Trentingrana__2018-10-24__P3a_314_grana.bmp,Aroma,Aroma di latte cotto e brodo di carne.,Il formaggio ha un aroma di latte cotto e brodo di carne.
data/images_flat/2018-2019_Trentingrana__2018-10-24__P5b_326_grana.bmp,Aroma,Aroma di verdura lessa.,Il formaggio ha un aroma di verdura lessa.
data/images_flat/2018-2019_Trentingrana__2018-10-24__P5b_326_grana.bmp,Aroma,Aroma burroso con note di fumo e tostato.,Il formaggio ha un aroma burroso con note di fumo e tostato.
data/images_flat/2018-2019_Trentingrana__2018-10-24__P5b_326_grana.bmp,Aroma,Aroma di panna.,Il formaggio ha un aroma di panna.
data/images_flat/2018-2019_Trentingrana__2018-10-24__P5b_326_grana.bmp,Aroma,Aroma di latte cotto.,Il formaggio ha un aroma di latte cotto.
data/images_flat/2018-2019_Trentingrana__2018-10-24__P1b_304_fetta.bmp,Aroma,Aroma bruciato.,Il formaggio ha un aroma bruciato.
data/images_flat/2018-2019_Trentingrana__2018-10-24__P1b_304_fetta.bmp,Aroma,"Aroma di gorgonzola, non tipico, acido.","Il formaggio ha un aroma di gorgonzola, non tipico, acido."
data/images_flat/2018-2019_Trentingrana__2018-10-24__P1b_304_fetta.bmp,Aroma,Aroma leggermente cotto.,Il formaggio ha un aroma leggermente cotto.
data/images_flat/2018-2019_Trentingrana__2018-10-24__P1b_304_fetta.bmp,Aroma,Aroma di formaggio maturo tendente alla sovramaturazione.,Il formaggio ha un aroma di formaggio maturo tendente alla sovramaturazione.
data/images_flat/2018-2019_Trentingrana__2018-10-24__P1b_304_fetta.bmp,Aroma,Aroma di formaggio vecchio.,Il formaggio ha un aroma di formaggio vecchio.
data/images_flat/2018-2019_Trentingrana__2018-10-24__P1b_304_fetta.bmp,Aroma,Aroma di latte acido e fermentato.,Il formaggio ha un aroma di latte acido e fermentato.
data/images_flat/2018-2019_Trentingrana__2018-10-24__P6a_338_grana.bmp,Aroma,Aroma eccessivamente tostato.,Il formaggio ha un aroma eccessivamente tostato.
data/images_flat/2018-2019_Trentingrana__2018-10-24__P6a_338_grana.bmp,Aroma,Aroma di crosta di pane.,Il formaggio ha un aroma di crosta di pane.
data/images_flat/2018-2019_Trentingrana__2018-10-24__P6a_338_grana.bmp,Aroma,Aroma di grana e burro.,Il formaggio ha un aroma di grana e burro.
data/images_flat/2018-2019_Trentingrana__2018-10-24__P6a_338_grana.bmp,Aroma,Aroma non da grana emmental.,Il formaggio ha un aroma non da grana emmental.
data/images_flat/2018-2019_Trentingrana__2018-10-24__P6a_338_grana.bmp,Aroma,"Aroma quasi bruciato con note di liquirizia, caramello e legno.","Il formaggio ha un aroma quasi bruciato con note di liquirizia, caramello e legno."
data/images_flat/2018-2019_Trentingrana__2018-10-24__P6a_338_grana.bmp,Aroma,Aroma cotto.,Il formaggio ha un aroma cotto.
data/images_flat/2018-2019_Trentingrana__2018-10-24__P5a_326_grana.bmp,Aroma,Aroma di verdura lessa.,Il formaggio ha un aroma di verdura lessa.
data/images_flat/2018-2019_Trentingrana__2018-10-24__P5a_326_grana.bmp,Aroma,Aroma burroso con note di fumo e tostato.,Il formaggio ha un aroma burroso con note di fumo e tostato.
data/images_flat/2018-2019_Trentingrana__2018-10-24__P5a_326_grana.bmp,Aroma,Aroma di panna.,Il formaggio ha un aroma di panna.
data/images_flat/2018-2019_Trentingrana__2018-10-24__P5a_326_grana.bmp,Aroma,Aroma di latte cotto.,Il formaggio ha un aroma di latte cotto.
data/images_flat/2018-2019_Trentingrana__2018-10-24__P6b_338_grana.bmp,Aroma,Aroma eccessivamente tostato.,Il formaggio ha un aroma eccessivamente tostato.
data/images_flat/2018-2019_Trentingrana__2018-10-24__P6b_338_grana.bmp,Aroma,Aroma di crosta di pane.,Il formaggio ha un aroma di crosta di pane.
data/images_flat/2018-2019_Trentingrana__2018-10-24__P6b_338_grana.bmp,Aroma,Aroma di grana e burro.,Il formaggio ha un aroma di grana e burro.
data/images_flat/2018-2019_Trentingrana__2018-10-24__P6b_338_grana.bmp,Aroma,Aroma non da grana emmental.,Il formaggio ha un aroma non da grana emmental.
data/images_flat/2018-2019_Trentingrana__2018-10-24__P6b_338_grana.bmp,Aroma,"Aroma quasi bruciato con note di liquirizia, caramello e legno.","Il formaggio ha un aroma quasi bruciato con note di liquirizia, caramello e legno."
data/images_flat/2018-2019_Trentingrana__2018-10-24__P6b_338_grana.bmp,Aroma,Aroma cotto.,Il formaggio ha un aroma cotto.
data/images_flat/2018-2019_Trentingrana__2018-10-24__P1a_304_fetta.bmp,Aroma,Aroma bruciato.,Il formaggio ha un aroma bruciato.
data/images_flat/2018-2019_Trentingrana__2018-10-24__P1a_304_fetta.bmp,Aroma,"Aroma di gorgonzola, non tipico, acido.","Il formaggio ha un aroma di gorgonzola, non tipico, acido."
data/images_flat/2018-2019_Trentingrana__2018-10-24__P1a_304_fetta.bmp,Aroma,Aroma leggermente cotto.,Il formaggio ha un aroma leggermente cotto.
data/images_flat/2018-2019_Trentingrana__2018-10-24__P1a_304_fetta.bmp,Aroma,Aroma di formaggio maturo tendente alla sovramaturazione.,Il formaggio ha un aroma di formaggio maturo tendente alla sovramaturazione.
data/images_flat/2018-2019_Trentingrana__2018-10-24__P1a_304_fetta.bmp,Aroma,Aroma di formaggio vecchio.,Il formaggio ha un aroma di formaggio vecchio.
data/images_flat/2018-2019_Trentingrana__2018-10-24__P1a_304_fetta.bmp,Aroma,Aroma di latte acido e fermentato.,Il formaggio ha un aroma di latte acido e fermentato.
data/images_flat/2018-2019_Trentingrana__2018-08-29__P3a_306_fetta.bmp,Aroma,"Aroma con note evolute di glutammato, note lattiche di panna e burro fuso, equilibrato.","Il formaggio ha un aroma con note evolute di glutammato, note lattiche di panna e burro fuso, equilibrato."
data/images_flat/2018-2019_Trentingrana__2018-08-29__P3a_306_fetta.bmp,Aroma,Aroma di fungo.,Il formaggio ha un aroma di fungo.
data/images_flat/2018-2019_Trentingrana__2018-08-29__P3a_306_fetta.bmp,Aroma,Aroma leggermente ossidato.,Il formaggio ha un aroma leggermente ossidato.
data/images_flat/2018-2019_Trentingrana__2018-08-29__P3a_306_fetta.bmp,Aroma,Aroma medio con note di panna e nocciola.,Il formaggio ha un aroma medio con note di panna e nocciola.
data/images_flat/2018-2019_Trentingrana__2018-08-29__P3a_306_fetta.bmp,Aroma,Aroma di burro.,Il formaggio ha un aroma di burro.
data/images_flat/2018-2019_Trentingrana__2018-08-29__P3a_306_fetta.bmp,Aroma,Aroma di talla.,Il formaggio ha un aroma di talla.
data/images_flat/2018-2019_Trentingrana__2018-08-29__P3a_306_fetta.bmp,Aroma,Aroma poco persistente.,Il formaggio ha un aroma poco persistente.
data/images_flat/2018-2019_Trentingrana__2018-08-29__P4b_314_fetta.bmp,Aroma,"Aroma poco caratteristico del grana, con note di formaggi svizzeri e burro fuso più evidente rispetto al profumo.","Il formaggio ha un aroma poco caratteristico del grana, con note di formaggi svizzeri e burro fuso più evidente rispetto al profumo."
data/images_flat/2018-2019_Trentingrana__2018-08-29__P4b_314_fetta.bmp,Aroma,Aroma medio con note di formaggio e brodo.,Il formaggio ha un aroma medio con note di formaggio e brodo.
data/images_flat/2018-2019_Trentingrana__2018-08-29__P4b_314_fetta.bmp,Aroma,"Aroma di cuoio, pepe e crosta di grana.","Il formaggio ha un aroma di cuoio, pepe e crosta di grana."
data/images_flat/2018-2019_Trentingrana__2018-08-29__P5a_319_fetta.bmp,Aroma,"Aroma difettoso, stantio e di legno.","Il formaggio ha un aroma difettoso, stantio e di legno."
data/images_flat/2018-2019_Trentingrana__2018-08-29__P5a_319_fetta.bmp,Aroma,"Aroma stantio, tostato forte e animale.","Il formaggio ha un aroma stantio, tostato forte e animale."
data/images_flat/2018-2019_Trentingrana__2018-08-29__P5a_319_fetta.bmp,Aroma,Aroma di brodo.,Il formaggio ha un aroma di brodo.
data/images_flat/2018-2019_Trentingrana__2018-08-29__P5a_319_fetta.bmp,Aroma,Aroma di fieno.,Il formaggio ha un aroma di fieno.
data/images_flat/2018-2019_Trentingrana__2018-08-29__P5a_319_fetta.bmp,Aroma,Aroma di formaggio vecchio.,Il formaggio ha un aroma di formaggio vecchio.
data/images_flat/2018-2019_Trentingrana__2018-08-29__P5a_319_fetta.bmp,Aroma,"Aroma di crosta, speziato e animale, da grana vecchio.","Il formaggio ha un aroma di crosta, speziato e animale, da grana vecchio."
data/images_flat/2018-2019_Trentingrana__2018-08-29__P5b_319_fetta.bmp,Aroma,"Aroma difettoso, stantio e di legno.","Il formaggio ha un aroma difettoso, stantio e di legno."
data/images_flat/2018-2019_Trentingrana__2018-08-29__P5b_319_fetta.bmp,Aroma,"Aroma stantio, tostato forte e animale.","Il formaggio ha un aroma stantio, tostato forte e animale."
data/images_flat/2018-2019_Trentingrana__2018-08-29__P5b_319_fetta.bmp,Aroma,Aroma di brodo.,Il formaggio ha un aroma di brodo.
data/images_flat/2018-2019_Trentingrana__2018-08-29__P5b_319_fetta.bmp,Aroma,Aroma di fieno.,Il formaggio ha un aroma di fieno.
data/images_flat/2018-2019_Trentingrana__2018-08-29__P5b_319_fetta.bmp,Aroma,Aroma di formaggio vecchio.,Il formaggio ha un aroma di formaggio vecchio.
data/images_flat/2018-2019_Trentingrana__2018-08-29__P5b_319_fetta.bmp,Aroma,"Aroma di crosta, speziato e animale, da grana vecchio.","Il formaggio ha un aroma di crosta, speziato e animale, da grana vecchio."
data/images_flat/2018-2019_Trentingrana__2018-08-29__P3b_306_fetta.bmp,Aroma,"Aroma con note evolute di glutammato, note lattiche di panna e burro fuso, equilibrato.","Il formaggio ha un aroma con note evolute di glutammato, note lattiche di panna e burro fuso, equilibrato."
data/images_flat/2018-2019_Trentingrana__2018-08-29__P3b_306_fetta.bmp,Aroma,Aroma di fungo.,Il formaggio ha un aroma di fungo.
data/images_flat/2018-2019_Trentingrana__2018-08-29__P3b_306_fetta.bmp,Aroma,Aroma leggermente ossidato.,Il formaggio ha un aroma leggermente ossidato.
data/images_flat/2018-2019_Trentingrana__2018-08-29__P3b_306_fetta.bmp,Aroma,Aroma medio con note di panna e nocciola.,Il formaggio ha un aroma medio con note di panna e nocciola.
data/images_flat/2018-2019_Trentingrana__2018-08-29__P3b_306_fetta.bmp,Aroma,Aroma di burro.,Il formaggio ha un aroma di burro.
data/images_flat/2018-2019_Trentingrana__2018-08-29__P3b_306_fetta.bmp,Aroma,Aroma di talla.,Il formaggio ha un aroma di talla.
data/images_flat/2018-2019_Trentingrana__2018-08-29__P3b_306_fetta.bmp,Aroma,Aroma poco persistente.,Il formaggio ha un aroma poco persistente.
data/images_flat/2018-2019_Trentingrana__2018-08-29__P4a_314_fetta.bmp,Aroma,"Aroma poco caratteristico del grana, con note di formaggi svizzeri e burro fuso più evidente rispetto al profumo.","Il formaggio ha un aroma poco caratteristico del grana, con note di formaggi svizzeri e burro fuso più evidente rispetto al profumo."
data/images_flat/2018-2019_Trentingrana__2018-08-29__P4a_314_fetta.bmp,Aroma,Aroma medio con note di formaggio e brodo.,Il formaggio ha un aroma medio con note di formaggio e brodo.
data/images_flat/2018-2019_Trentingrana__2018-08-29__P4a_314_fetta.bmp,Aroma,"Aroma di cuoio, pepe e crosta di grana.","Il formaggio ha un aroma di cuoio, pepe e crosta di grana."
data/images_flat/2018-2019_Trentingrana__2018-08-29__P6b_330_fetta.bmp,Aroma,"Aroma scarico, poco complesso, con note animali e di latte bruciato, nota propionica.","Il formaggio ha un aroma scarico, poco complesso, con note animali e di latte bruciato, nota propionica."
data/images_flat/2018-2019_Trentingrana__2018-08-29__P6b_330_fetta.bmp,Aroma,Aroma di panna cotta.,Il formaggio ha un aroma di panna cotta.
data/images_flat/2018-2019_Trentingrana__2018-08-29__P6b_330_fetta.bmp,Aroma,Aroma di muffa.,Il formaggio ha un aroma di muffa.
data/images_flat/2018-2019_Trentingrana__2018-08-29__P6b_330_fetta.bmp,Aroma,Aroma strano.,Il formaggio ha un aroma strano.
data/images_flat/2018-2019_Trentingrana__2018-08-29__P6b_330_fetta.bmp,Aroma,Aroma di burro fuso.,Il formaggio ha un aroma di burro fuso.
data/images_flat/2018-2019_Trentingrana__2018-08-29__P6b_330_fetta.bmp,Aroma,Aroma animale crescente.,Il formaggio ha un aroma animale crescente.
data/images_flat/2018-2019_Trentingrana__2018-08-29__P6a_330_fetta.bmp,Aroma,"Aroma scarico, poco complesso, con note animali e di latte bruciato, nota propionica.","Il formaggio ha un aroma scarico, poco complesso, con note animali e di latte bruciato, nota propionica."
data/images_flat/2018-2019_Trentingrana__2018-08-29__P6a_330_fetta.bmp,Aroma,Aroma di panna cotta.,Il formaggio ha un aroma di panna cotta.
data/images_flat/2018-2019_Trentingrana__2018-08-29__P6a_330_fetta.bmp,Aroma,Aroma di muffa.,Il formaggio ha un aroma di muffa.
data/images_flat/2018-2019_Trentingrana__2018-08-29__P6a_330_fetta.bmp,Aroma,Aroma strano.,Il formaggio ha un aroma strano.
data/images_flat/2018-2019_Trentingrana__2018-08-29__P6a_330_fetta.bmp,Aroma,Aroma di burro fuso.,Il formaggio ha un aroma di burro fuso.
data/images_flat/2018-2019_Trentingrana__2018-08-29__P6a_330_fetta.bmp,Aroma,Aroma animale crescente.,Il formaggio ha un aroma animale crescente.
data/images_flat/2018-2019_Trentingrana__2018-08-29__P2b_305_fetta.bmp,Aroma,Aroma poco caratteristico con note di emmental.,Il formaggio ha un aroma poco caratteristico con note di emmental.
data/images_flat/2018-2019_Trentingrana__2018-08-29__P2b_305_fetta.bmp,Aroma,Aroma di emmenthal.,Il formaggio ha un aroma di emmenthal.
data/images_flat/2018-2019_Trentingrana__2018-08-29__P2b_305_fetta.bmp,Aroma,Aroma di burro fuso e pane tostato leggero.,Il formaggio ha un aroma di burro fuso e pane tostato leggero.
data/images_flat/2018-2019_Trentingrana__2018-08-29__P2b_305_fetta.bmp,Aroma,Aroma di brodo di carne.,Il formaggio ha un aroma di brodo di carne.
data/images_flat/2018-2019_Trentingrana__2018-08-29__P2b_305_fetta.bmp,Aroma,Aroma lattico cotto.,Il formaggio ha un aroma lattico cotto.
data/images_flat/2018-2019_Trentingrana__2018-08-29__P1a_302_fetta.bmp,Aroma,Aroma complesso e gradevole con note caratteristiche e note fermentate atipiche.,Il formaggio ha un aroma complesso e gradevole con note caratteristiche e note fermentate atipiche.
data/images_flat/2018-2019_Trentingrana__2018-08-29__P1a_302_fetta.bmp,Aroma,Aroma di panna.,Il formaggio ha un aroma di panna.
data/images_flat/2018-2019_Trentingrana__2018-08-29__P1a_302_fetta.bmp,Aroma,Aroma medio di fieno e grana.,Il formaggio ha un aroma medio di fieno e grana.
data/images_flat/2018-2019_Trentingrana__2018-08-29__P1a_302_fetta.bmp,Aroma,Aroma di burro.,Il formaggio ha un aroma di burro.
data/images_flat/2018-2019_Trentingrana__2018-08-29__P1a_302_fetta.bmp,Aroma,Aroma cotto con note animale.,Il formaggio ha un aroma cotto con note animale.
data/images_flat/2018-2019_Trentingrana__2018-08-29__P1b_302_fetta.bmp,Aroma,Aroma complesso e gradevole con note caratteristiche e note fermentate atipiche.,Il formaggio ha un aroma complesso e gradevole con note caratteristiche e note fermentate atipiche.
data/images_flat/2018-2019_Trentingrana__2018-08-29__P1b_302_fetta.bmp,Aroma,Aroma di panna.,Il formaggio ha un aroma di panna.
data/images_flat/2018-2019_Trentingrana__2018-08-29__P1b_302_fetta.bmp,Aroma,Aroma medio di fieno e grana.,Il formaggio ha un aroma medio di fieno e grana.
data/images_flat/2018-2019_Trentingrana__2018-08-29__P1b_302_fetta.bmp,Aroma,Aroma di burro.,Il formaggio ha un aroma di burro.
data/images_flat/2018-2019_Trentingrana__2018-08-29__P1b_302_fetta.bmp,Aroma,Aroma cotto con note animale.,Il formaggio ha un aroma cotto con note animale.
data/images_flat/2018-2019_Trentingrana__2018-08-29__P2a_305_fetta.bmp,Aroma,Aroma poco caratteristico con note di emmental.,Il formaggio ha un aroma poco caratteristico con note di emmental.
data/images_flat/2018-2019_Trentingrana__2018-08-29__P2a_305_fetta.bmp,Aroma,Aroma di emmenthal.,Il formaggio ha un aroma di emmenthal.
data/images_flat/2018-2019_Trentingrana__2018-08-29__P2a_305_fetta.bmp,Aroma,Aroma di burro fuso e pane tostato leggero.,Il formaggio ha un aroma di burro fuso e pane tostato leggero.
data/images_flat/2018-2019_Trentingrana__2018-08-29__P2a_305_fetta.bmp,Aroma,Aroma di brodo di carne.,Il formaggio ha un aroma di brodo di carne.
data/images_flat/2018-2019_Trentingrana__2018-08-29__P2a_305_fetta.bmp,Aroma,Aroma lattico cotto.,Il formaggio ha un aroma lattico cotto.
data/images_flat/2018-2019_Trentingrana__2019-01-30__P6b_330_grana.bmp,Aroma,Aroma di latte cotto e verdura cotta.,Il formaggio ha un aroma di latte cotto e verdura cotta.
data/images_flat/2018-2019_Trentingrana__2019-01-30__P6b_330_grana.bmp,Aroma,Aroma poco intenso.,Il formaggio ha un aroma poco intenso.
data/images_flat/2018-2019_Trentingrana__2019-01-30__P6b_330_grana.bmp,Aroma,"Aroma non tipico del grana, fermentato e anomalo.","Il formaggio ha un aroma non tipico del grana, fermentato e anomalo."
data/images_flat/2018-2019_Trentingrana__2019-01-30__P6b_330_grana.bmp,Aroma,"Aroma di vegetale secco, brodo, burro fuso e lattico cotto.","Il formaggio ha un aroma di vegetale secco, brodo, burro fuso e lattico cotto."
data/images_flat/2018-2019_Trentingrana__2019-01-30__P6b_330_grana.bmp,Aroma,Aroma di burro con note di crosta di formaggio.,Il formaggio ha un aroma di burro con note di crosta di formaggio.
data/images_flat/2018-2019_Trentingrana__2019-01-30__P2b_304_grana.bmp,Aroma,Aroma cotto.,Il formaggio ha un aroma cotto.
data/images_flat/2018-2019_Trentingrana__2019-01-30__P2b_304_grana.bmp,Aroma,Aroma ossidato di formaggio vecchio.,Il formaggio ha un aroma ossidato di formaggio vecchio.
data/images_flat/2018-2019_Trentingrana__2019-01-30__P2b_304_grana.bmp,Aroma,Aroma lattico.,Il formaggio ha un aroma lattico.
data/images_flat/2018-2019_Trentingrana__2019-01-30__P2b_304_grana.bmp,Aroma,Aroma di formaggio cotto e crosta.,Il formaggio ha un aroma di formaggio cotto e crosta.
data/images_flat/2018-2019_Trentingrana__2019-01-30__P2b_304_grana.bmp,Aroma,"Aroma di frutta fermentata, latte uht e dado industriale.","Il formaggio ha un aroma di frutta fermentata, latte uht e dado industriale."
data/images_flat/2018-2019_Trentingrana__2019-01-30__P2a_304_grana.bmp,Aroma,Aroma cotto.,Il formaggio ha un aroma cotto.
data/images_flat/2018-2019_Trentingrana__2019-01-30__P2a_304_grana.bmp,Aroma,Aroma ossidato di formaggio vecchio.,Il formaggio ha un aroma ossidato di formaggio vecchio.
data/images_flat/2018-2019_Trentingrana__2019-01-30__P2a_304_grana.bmp,Aroma,Aroma lattico.,Il formaggio ha un aroma lattico.
data/images_flat/2018-2019_Trentingrana__2019-01-30__P2a_304_grana.bmp,Aroma,Aroma di formaggio cotto e crosta.,Il formaggio ha un aroma di formaggio cotto e crosta.
data/images_flat/2018-2019_Trentingrana__2019-01-30__P2a_304_grana.bmp,Aroma,"Aroma di frutta fermentata, latte uht e dado industriale.","Il formaggio ha un aroma di frutta fermentata, latte uht e dado industriale."
data/images_flat/2018-2019_Trentingrana__2019-01-30__P6a_330_grana.bmp,Aroma,Aroma di latte cotto e verdura cotta.,Il formaggio ha un aroma di latte cotto e verdura cotta.
data/images_flat/2018-2019_Trentingrana__2019-01-30__P6a_330_grana.bmp,Aroma,Aroma poco intenso.,Il formaggio ha un aroma poco intenso.
data/images_flat/2018-2019_Trentingrana__2019-01-30__P6a_330_grana.bmp,Aroma,"Aroma non tipico del grana, fermentato e anomalo.","Il formaggio ha un aroma non tipico del grana, fermentato e anomalo."
data/images_flat/2018-2019_Trentingrana__2019-01-30__P6a_330_grana.bmp,Aroma,"Aroma di vegetale secco, brodo, burro fuso e lattico cotto.","Il formaggio ha un aroma di vegetale secco, brodo, burro fuso e lattico cotto."
data/images_flat/2018-2019_Trentingrana__2019-01-30__P6a_330_grana.bmp,Aroma,Aroma di burro con note di crosta di formaggio.,Il formaggio ha un aroma di burro con note di crosta di formaggio.
data/images_flat/2018-2019_Trentingrana__2019-01-30__P1a_302_grana.bmp,Aroma,Aroma di panna.,Il formaggio ha un aroma di panna.
data/images_flat/2018-2019_Trentingrana__2019-01-30__P1a_302_grana.bmp,Aroma,Aroma di burro fuso e panna.,Il formaggio ha un aroma di burro fuso e panna.
data/images_flat/2018-2019_Trentingrana__2019-01-30__P1a_302_grana.bmp,Aroma,"Aroma di panna, latte cotto, burro fuso e fruttato.","Il formaggio ha un aroma di panna, latte cotto, burro fuso e fruttato."
data/images_flat/2018-2019_Trentingrana__2019-01-30__P1a_302_grana.bmp,Aroma,Aroma piuttosto neutro.,Il formaggio ha un aroma piuttosto neutro.
data/images_flat/2018-2019_Trentingrana__2019-01-30__P1a_302_grana.bmp,Aroma,Aroma di cipolla e cavolfiore.,Il formaggio ha un aroma di cipolla e cavolfiore.
data/images_flat/2018-2019_Trentingrana__2019-01-30__P4a_307_fetta.bmp,Aroma,Aroma di latte cotto con note di fermentato.,Il formaggio ha un aroma di latte cotto con note di fermentato.
data/images_flat/2018-2019_Trentingrana__2019-01-30__P4a_307_fetta.bmp,Aroma,Aroma ossidato e stantio.,Il formaggio ha un aroma ossidato e stantio.
data/images_flat/2018-2019_Trentingrana__2019-01-30__P4a_307_fetta.bmp,Aroma,Aroma prevalentemente fruttato e lattico fresco.,Il formaggio ha un aroma prevalentemente fruttato e lattico fresco.
data/images_flat/2018-2019_Trentingrana__2019-01-30__P4a_307_fetta.bmp,Aroma,Aroma non tipico.,Il formaggio ha un aroma non tipico.
data/images_flat/2018-2019_Trentingrana__2019-01-30__P4a_307_fetta.bmp,Aroma,Aroma acido e fermentato.,Il formaggio ha un aroma acido e fermentato.
data/images_flat/2018-2019_Trentingrana__2019-01-30__P3a_305_grana.bmp,Aroma,Aroma di panna.,Il formaggio ha un aroma di panna.
data/images_flat/2018-2019_Trentingrana__2019-01-30__P3a_305_grana.bmp,Aroma,"Aroma di burro fuso, tostato e latte cotto.","Il formaggio ha un aroma di burro fuso, tostato e latte cotto."
data/images_flat/2018-2019_Trentingrana__2019-01-30__P3a_305_grana.bmp,Aroma,Aroma quasi nullo.,Il formaggio ha un aroma quasi nullo.
data/images_flat/2018-2019_Trentingrana__2019-01-30__P3a_305_grana.bmp,Aroma,Aroma piccante.,Il formaggio ha un aroma piccante.
data/images_flat/2018-2019_Trentingrana__2019-01-30__P3a_305_grana.bmp,Aroma,Aroma di latte cotto e verdura cotta.,Il formaggio ha un aroma di latte cotto e verdura cotta.
data/images_flat/2018-2019_Trentingrana__2019-01-30__P5b_313_fetta.bmp,Aroma,Aroma di latte cotto.,Il formaggio ha un aroma di latte cotto.
data/images_flat/2018-2019_Trentingrana__2019-01-30__P5b_313_fetta.bmp,Aroma,Aroma di panna.,Il formaggio ha un aroma di panna.
data/images_flat/2018-2019_Trentingrana__2019-01-30__P5b_313_fetta.bmp,Aroma,Aroma lattico.,Il formaggio ha un aroma lattico.
data/images_flat/2018-2019_Trentingrana__2019-01-30__P5b_313_fetta.bmp,Aroma,Aroma di crosta di formaggio con qualche sentore di acido.,Il formaggio ha un aroma di crosta di formaggio con qualche sentore di acido.
data/images_flat/2018-2019_Trentingrana__2019-01-30__P3b_305_grana.bmp,Aroma,Aroma di panna.,Il formaggio ha un aroma di panna.
data/images_flat/2018-2019_Trentingrana__2019-01-30__P3b_305_grana.bmp,Aroma,"Aroma di burro fuso, tostato e latte cotto.","Il formaggio ha un aroma di burro fuso, tostato e latte cotto."
data/images_flat/2018-2019_Trentingrana__2019-01-30__P3b_305_grana.bmp,Aroma,Aroma quasi nullo.,Il formaggio ha un aroma quasi nullo.
data/images_flat/2018-2019_Trentingrana__2019-01-30__P3b_305_grana.bmp,Aroma,Aroma piccante.,Il formaggio ha un aroma piccante.
data/images_flat/2018-2019_Trentingrana__2019-01-30__P3b_305_grana.bmp,Aroma,Aroma di latte cotto e verdura cotta.,Il formaggio ha un aroma di latte cotto e verdura cotta.
data/images_flat/2018-2019_Trentingrana__2019-01-30__P4b_307_fetta.bmp,Aroma,Aroma di latte cotto con note di fermentato.,Il formaggio ha un aroma di latte cotto con note di fermentato.
data/images_flat/2018-2019_Trentingrana__2019-01-30__P4b_307_fetta.bmp,Aroma,Aroma ossidato e stantio.,Il formaggio ha un aroma ossidato e stantio.
data/images_flat/2018-2019_Trentingrana__2019-01-30__P4b_307_fetta.bmp,Aroma,Aroma prevalentemente fruttato e lattico fresco.,Il formaggio ha un aroma prevalentemente fruttato e lattico fresco.
data/images_flat/2018-2019_Trentingrana__2019-01-30__P4b_307_fetta.bmp,Aroma,Aroma non tipico.,Il formaggio ha un aroma non tipico.
data/images_flat/2018-2019_Trentingrana__2019-01-30__P4b_307_fetta.bmp,Aroma,Aroma acido e fermentato.,Il formaggio ha un aroma acido e fermentato.
data/images_flat/2018-2019_Trentingrana__2019-01-30__P5a_313_fetta.bmp,Aroma,Aroma di latte cotto.,Il formaggio ha un aroma di latte cotto.
data/images_flat/2018-2019_Trentingrana__2019-01-30__P5a_313_fetta.bmp,Aroma,Aroma di panna.,Il formaggio ha un aroma di panna.
data/images_flat/2018-2019_Trentingrana__2019-01-30__P5a_313_fetta.bmp,Aroma,Aroma lattico.,Il formaggio ha un aroma lattico.
data/images_flat/2018-2019_Trentingrana__2019-01-30__P5a_313_fetta.bmp,Aroma,Aroma di crosta di formaggio con qualche sentore di acido.,Il formaggio ha un aroma di crosta di formaggio con qualche sentore di acido.
data/images_flat/2018-2019_Trentingrana__2019-01-30__P1b_302_grana.bmp,Aroma,Aroma di panna.,Il formaggio ha un aroma di panna.
data/images_flat/2018-2019_Trentingrana__2019-01-30__P1b_302_grana.bmp,Aroma,Aroma di burro fuso e panna.,Il formaggio ha un aroma di burro fuso e panna.
data/images_flat/2018-2019_Trentingrana__2019-01-30__P1b_302_grana.bmp,Aroma,"Aroma di panna, latte cotto, burro fuso e fruttato.","Il formaggio ha un aroma di panna, latte cotto, burro fuso e fruttato."
data/images_flat/2018-2019_Trentingrana__2019-01-30__P1b_302_grana.bmp,Aroma,Aroma piuttosto neutro.,Il formaggio ha un aroma piuttosto neutro.
data/images_flat/2018-2019_Trentingrana__2019-01-30__P1b_302_grana.bmp,Aroma,Aroma di cipolla e cavolfiore.,Il formaggio ha un aroma di cipolla e cavolfiore.
data/images_flat/2018-2019_Trentingrana__2019-01-30__P2b_304_fetta.bmp,Aroma,Aroma cotto.,Il formaggio ha un aroma cotto.
data/images_flat/2018-2019_Trentingrana__2019-01-30__P2b_304_fetta.bmp,Aroma,Aroma ossidato di formaggio vecchio.,Il formaggio ha un aroma ossidato di formaggio vecchio.
data/images_flat/2018-2019_Trentingrana__2019-01-30__P2b_304_fetta.bmp,Aroma,Aroma lattico.,Il formaggio ha un aroma lattico.
data/images_flat/2018-2019_Trentingrana__2019-01-30__P2b_304_fetta.bmp,Aroma,Aroma di formaggio cotto e crosta.,Il formaggio ha un aroma di formaggio cotto e crosta.
data/images_flat/2018-2019_Trentingrana__2019-01-30__P2b_304_fetta.bmp,Aroma,"Aroma di frutta fermentata, latte uht e dado industriale.","Il formaggio ha un aroma di frutta fermentata, latte uht e dado industriale."
data/images_flat/2018-2019_Trentingrana__2019-01-30__P6b_330_fetta.bmp,Aroma,Aroma di latte cotto e verdura cotta.,Il formaggio ha un aroma di latte cotto e verdura cotta.
data/images_flat/2018-2019_Trentingrana__2019-01-30__P6b_330_fetta.bmp,Aroma,Aroma poco intenso.,Il formaggio ha un aroma poco intenso.
data/images_flat/2018-2019_Trentingrana__2019-01-30__P6b_330_fetta.bmp,Aroma,"Aroma non tipico del grana, fermentato e anomalo.","Il formaggio ha un aroma non tipico del grana, fermentato e anomalo."
data/images_flat/2018-2019_Trentingrana__2019-01-30__P6b_330_fetta.bmp,Aroma,"Aroma di vegetale secco, brodo, burro fuso e lattico cotto.","Il formaggio ha un aroma di vegetale secco, brodo, burro fuso e lattico cotto."
data/images_flat/2018-2019_Trentingrana__2019-01-30__P6b_330_fetta.bmp,Aroma,Aroma di burro con note di crosta di formaggio.,Il formaggio ha un aroma di burro con note di crosta di formaggio.
data/images_flat/2018-2019_Trentingrana__2019-01-30__P6a_330_fetta.bmp,Aroma,Aroma di latte cotto e verdura cotta.,Il formaggio ha un aroma di latte cotto e verdura cotta.
data/images_flat/2018-2019_Trentingrana__2019-01-30__P6a_330_fetta.bmp,Aroma,Aroma poco intenso.,Il formaggio ha un aroma poco intenso.
data/images_flat/2018-2019_Trentingrana__2019-01-30__P6a_330_fetta.bmp,Aroma,"Aroma non tipico del grana, fermentato e anomalo.","Il formaggio ha un aroma non tipico del grana, fermentato e anomalo."
data/images_flat/2018-2019_Trentingrana__2019-01-30__P6a_330_fetta.bmp,Aroma,"Aroma di vegetale secco, brodo, burro fuso e lattico cotto.","Il formaggio ha un aroma di vegetale secco, brodo, burro fuso e lattico cotto."
data/images_flat/2018-2019_Trentingrana__2019-01-30__P6a_330_fetta.bmp,Aroma,Aroma di burro con note di crosta di formaggio.,Il formaggio ha un aroma di burro con note di crosta di formaggio.
data/images_flat/2018-2019_Trentingrana__2019-01-30__P2a_304_fetta.bmp,Aroma,Aroma cotto.,Il formaggio ha un aroma cotto.
data/images_flat/2018-2019_Trentingrana__2019-01-30__P2a_304_fetta.bmp,Aroma,Aroma ossidato di formaggio vecchio.,Il formaggio ha un aroma ossidato di formaggio vecchio.
data/images_flat/2018-2019_Trentingrana__2019-01-30__P2a_304_fetta.bmp,Aroma,Aroma lattico.,Il formaggio ha un aroma lattico.
data/images_flat/2018-2019_Trentingrana__2019-01-30__P2a_304_fetta.bmp,Aroma,Aroma di formaggio cotto e crosta.,Il formaggio ha un aroma di formaggio cotto e crosta.
data/images_flat/2018-2019_Trentingrana__2019-01-30__P2a_304_fetta.bmp,Aroma,"Aroma di frutta fermentata, latte uht e dado industriale.","Il formaggio ha un aroma di frutta fermentata, latte uht e dado industriale."
data/images_flat/2018-2019_Trentingrana__2019-01-30__P5b_313_grana.bmp,Aroma,Aroma di latte cotto.,Il formaggio ha un aroma di latte cotto.
data/images_flat/2018-2019_Trentingrana__2019-01-30__P5b_313_grana.bmp,Aroma,Aroma di panna.,Il formaggio ha un aroma di panna.
data/images_flat/2018-2019_Trentingrana__2019-01-30__P5b_313_grana.bmp,Aroma,Aroma lattico.,Il formaggio ha un aroma lattico.
data/images_flat/2018-2019_Trentingrana__2019-01-30__P5b_313_grana.bmp,Aroma,Aroma di crosta di formaggio con qualche sentore di acido.,Il formaggio ha un aroma di crosta di formaggio con qualche sentore di acido.
data/images_flat/2018-2019_Trentingrana__2019-01-30__P3a_305_fetta.bmp,Aroma,Aroma di panna.,Il formaggio ha un aroma di panna.
data/images_flat/2018-2019_Trentingrana__2019-01-30__P3a_305_fetta.bmp,Aroma,"Aroma di burro fuso, tostato e latte cotto.","Il formaggio ha un aroma di burro fuso, tostato e latte cotto."
data/images_flat/2018-2019_Trentingrana__2019-01-30__P3a_305_fetta.bmp,Aroma,Aroma quasi nullo.,Il formaggio ha un aroma quasi nullo.
data/images_flat/2018-2019_Trentingrana__2019-01-30__P3a_305_fetta.bmp,Aroma,Aroma piccante.,Il formaggio ha un aroma piccante.
data/images_flat/2018-2019_Trentingrana__2019-01-30__P3a_305_fetta.bmp,Aroma,Aroma di latte cotto e verdura cotta.,Il formaggio ha un aroma di latte cotto e verdura cotta.
data/images_flat/2018-2019_Trentingrana__2019-01-30__P4a_307_grana.bmp,Aroma,Aroma di latte cotto con note di fermentato.,Il formaggio ha un aroma di latte cotto con note di fermentato.
data/images_flat/2018-2019_Trentingrana__2019-01-30__P4a_307_grana.bmp,Aroma,Aroma ossidato e stantio.,Il formaggio ha un aroma ossidato e stantio.
data/images_flat/2018-2019_Trentingrana__2019-01-30__P4a_307_grana.bmp,Aroma,Aroma prevalentemente fruttato e lattico fresco.,Il formaggio ha un aroma prevalentemente fruttato e lattico fresco.
data/images_flat/2018-2019_Trentingrana__2019-01-30__P4a_307_grana.bmp,Aroma,Aroma non tipico.,Il formaggio ha un aroma non tipico.
data/images_flat/2018-2019_Trentingrana__2019-01-30__P4a_307_grana.bmp,Aroma,Aroma acido e fermentato.,Il formaggio ha un aroma acido e fermentato.
data/images_flat/2018-2019_Trentingrana__2019-01-30__P1a_302_fetta.bmp,Aroma,Aroma di panna.,Il formaggio ha un aroma di panna.
data/images_flat/2018-2019_Trentingrana__2019-01-30__P1a_302_fetta.bmp,Aroma,Aroma di burro fuso e panna.,Il formaggio ha un aroma di burro fuso e panna.
data/images_flat/2018-2019_Trentingrana__2019-01-30__P1a_302_fetta.bmp,Aroma,"Aroma di panna, latte cotto, burro fuso e fruttato.","Il formaggio ha un aroma di panna, latte cotto, burro fuso e fruttato."
data/images_flat/2018-2019_Trentingrana__2019-01-30__P1a_302_fetta.bmp,Aroma,Aroma piuttosto neutro.,Il formaggio ha un aroma piuttosto neutro.
data/images_flat/2018-2019_Trentingrana__2019-01-30__P1a_302_fetta.bmp,Aroma,Aroma di cipolla e cavolfiore.,Il formaggio ha un aroma di cipolla e cavolfiore.
data/images_flat/2018-2019_Trentingrana__2019-01-30__P1b_302_fetta.bmp,Aroma,Aroma di panna.,Il formaggio ha un aroma di panna.
data/images_flat/2018-2019_Trentingrana__2019-01-30__P1b_302_fetta.bmp,Aroma,Aroma di burro fuso e panna.,Il formaggio ha un aroma di burro fuso e panna.
data/images_flat/2018-2019_Trentingrana__2019-01-30__P1b_302_fetta.bmp,Aroma,"Aroma di panna, latte cotto, burro fuso e fruttato.","Il formaggio ha un aroma di panna, latte cotto, burro fuso e fruttato."
data/images_flat/2018-2019_Trentingrana__2019-01-30__P1b_302_fetta.bmp,Aroma,Aroma piuttosto neutro.,Il formaggio ha un aroma piuttosto neutro.
data/images_flat/2018-2019_Trentingrana__2019-01-30__P1b_302_fetta.bmp,Aroma,Aroma di cipolla e cavolfiore.,Il formaggio ha un aroma di cipolla e cavolfiore.
data/images_flat/2018-2019_Trentingrana__2019-01-30__P5a_313_grana.bmp,Aroma,Aroma di latte cotto.,Il formaggio ha un aroma di latte cotto.
data/images_flat/2018-2019_Trentingrana__2019-01-30__P5a_313_grana.bmp,Aroma,Aroma di panna.,Il formaggio ha un aroma di panna.
data/images_flat/2018-2019_Trentingrana__2019-01-30__P5a_313_grana.bmp,Aroma,Aroma lattico.,Il formaggio ha un aroma lattico.
data/images_flat/2018-2019_Trentingrana__2019-01-30__P5a_313_grana.bmp,Aroma,Aroma di crosta di formaggio con qualche sentore di acido.,Il formaggio ha un aroma di crosta di formaggio con qualche sentore di acido.
data/images_flat/2018-2019_Trentingrana__2019-01-30__P4b_307_grana.bmp,Aroma,Aroma di latte cotto con note di fermentato.,Il formaggio ha un aroma di latte cotto con note di fermentato.
data/images_flat/2018-2019_Trentingrana__2019-01-30__P4b_307_grana.bmp,Aroma,Aroma ossidato e stantio.,Il formaggio ha un aroma ossidato e stantio.
data/images_flat/2018-2019_Trentingrana__2019-01-30__P4b_307_grana.bmp,Aroma,Aroma prevalentemente fruttato e lattico fresco.,Il formaggio ha un aroma prevalentemente fruttato e lattico fresco.
data/images_flat/2018-2019_Trentingrana__2019-01-30__P4b_307_grana.bmp,Aroma,Aroma non tipico.,Il formaggio ha un aroma non tipico.
data/images_flat/2018-2019_Trentingrana__2019-01-30__P4b_307_grana.bmp,Aroma,Aroma acido e fermentato.,Il formaggio ha un aroma acido e fermentato.
data/images_flat/2018-2019_Trentingrana__2019-01-30__P3b_305_fetta.bmp,Aroma,Aroma di panna.,Il formaggio ha un aroma di panna.
data/images_flat/2018-2019_Trentingrana__2019-01-30__P3b_305_fetta.bmp,Aroma,"Aroma di burro fuso, tostato e latte cotto.","Il formaggio ha un aroma di burro fuso, tostato e latte cotto."
data/images_flat/2018-2019_Trentingrana__2019-01-30__P3b_305_fetta.bmp,Aroma,Aroma quasi nullo.,Il formaggio ha un aroma quasi nullo.
data/images_flat/2018-2019_Trentingrana__2019-01-30__P3b_305_fetta.bmp,Aroma,Aroma piccante.,Il formaggio ha un aroma piccante.
data/images_flat/2018-2019_Trentingrana__2019-01-30__P3b_305_fetta.bmp,Aroma,Aroma di latte cotto e verdura cotta.,Il formaggio ha un aroma di latte cotto e verdura cotta.
data/images_flat/2019-2020_Trentingrana__III bimestre__20-11-2019_12° Seduta__P2a_TN314_Fetta.bmp,Aroma,Aroma di provolone o nostrano leggermente piccante.,Il formaggio ha un aroma di provolone o nostrano leggermente piccante.
data/images_flat/2019-2020_Trentingrana__III bimestre__20-11-2019_12° Seduta__P2b_TN314_Grana.bmp,Aroma,Aroma di provolone o nostrano leggermente piccante.,Il formaggio ha un aroma di provolone o nostrano leggermente piccante.
data/images_flat/2019-2020_Trentingrana__III bimestre__20-11-2019_12° Seduta__P2a_TN314_Grana.bmp,Aroma,Aroma di provolone o nostrano leggermente piccante.,Il formaggio ha un aroma di provolone o nostrano leggermente piccante.
data/images_flat/2019-2020_Trentingrana__III bimestre__20-11-2019_12° Seduta__P2b_TN314_Fetta.bmp,Aroma,Aroma di provolone o nostrano leggermente piccante.,Il formaggio ha un aroma di provolone o nostrano leggermente piccante.
data/images_flat/2019-2020_Trentingrana__III bimestre__18-12-2019_17° Seduta__P3b_TN313_Grana.bmp,Aroma,Aroma metallico.,Il formaggio ha un aroma metallico.
data/images_flat/2019-2020_Trentingrana__III bimestre__18-12-2019_17° Seduta__P3a_TN313_Fetta.bmp,Aroma,Aroma metallico.,Il formaggio ha un aroma metallico.
data/images_flat/2019-2020_Trentingrana__III bimestre__18-12-2019_17° Seduta__P3b_TN313_Fetta.bmp,Aroma,Aroma metallico.,Il formaggio ha un aroma metallico.
data/images_flat/2019-2020_Trentingrana__III bimestre__18-12-2019_17° Seduta__P3a_TN313_Grana.bmp,Aroma,Aroma metallico.,Il formaggio ha un aroma metallico.
data/images_flat/2019-2020_Trentingrana__III bimestre__06-12-2019_15° Seduta__P2b_TN307_Grana.bmp,Aroma,Aroma di lettiera.,Il formaggio ha un aroma di lettiera.
data/images_flat/2019-2020_Trentingrana__III bimestre__06-12-2019_15° Seduta__P3b_TN310_Fetta.bmp,Aroma,Aroma di cipolla.,Il formaggio ha un aroma di cipolla.
data/images_flat/2019-2020_Trentingrana__III bimestre__06-12-2019_15° Seduta__P3a_TN310_Grana.bmp,Aroma,Aroma di cipolla.,Il formaggio ha un aroma di cipolla.
data/images_flat/2019-2020_Trentingrana__III bimestre__06-12-2019_15° Seduta__P2a_TN307_Fetta.bmp,Aroma,Aroma di lettiera.,Il formaggio ha un aroma di lettiera.
data/images_flat/2019-2020_Trentingrana__III bimestre__06-12-2019_15° Seduta__P3b_TN310_Grana.bmp,Aroma,Aroma di cipolla.,Il formaggio ha un aroma di cipolla.
data/images_flat/2019-2020_Trentingrana__III bimestre__06-12-2019_15° Seduta__P2b_TN307_Fetta.bmp,Aroma,Aroma di lettiera.,Il formaggio ha un aroma di lettiera.
data/images_flat/2019-2020_Trentingrana__III bimestre__06-12-2019_15° Seduta__P2a_TN307_Grana.bmp,Aroma,Aroma di lettiera.,Il formaggio ha un aroma di lettiera.
data/images_flat/2019-2020_Trentingrana__III bimestre__06-12-2019_15° Seduta__P3a_TN310_Fetta.bmp,Aroma,Aroma di cipolla.,Il formaggio ha un aroma di cipolla.
data/images_flat/2019-2020_Trentingrana__III bimestre__27-11-2019_13° Seduta__P3b_TN305_Fetta.bmp,Aroma,Aroma volatile che sfugge rapidamente.,Il formaggio ha un aroma volatile che sfugge rapidamente.
data/images_flat/2019-2020_Trentingrana__III bimestre__27-11-2019_13° Seduta__P3a_TN305_Grana.bmp,Aroma,Aroma volatile che sfugge rapidamente.,Il formaggio ha un aroma volatile che sfugge rapidamente.
data/images_flat/2019-2020_Trentingrana__III bimestre__27-11-2019_13° Seduta__P3b_TN305_Grana.bmp,Aroma,Aroma volatile che sfugge rapidamente.,Il formaggio ha un aroma volatile che sfugge rapidamente.
data/images_flat/2019-2020_Trentingrana__III bimestre__27-11-2019_13° Seduta__P3a_TN305_Fetta.bmp,Aroma,Aroma volatile che sfugge rapidamente.,Il formaggio ha un aroma volatile che sfugge rapidamente.
data/images_flat/2019-2020_Trentingrana__III bimestre__11-12-2019_16° Seduta__P4b_TN319_Fetta.bmp,Aroma,Aroma di crauti.,Il formaggio ha un aroma di crauti.
data/images_flat/2019-2020_Trentingrana__III bimestre__11-12-2019_16° Seduta__P4a_TN319_Grana.bmp,Aroma,Aroma di crauti.,Il formaggio ha un aroma di crauti.
data/images_flat/2019-2020_Trentingrana__III bimestre__11-12-2019_16° Seduta__P6a_TN326_Fetta.bmp,Aroma,Aroma di scarico.,Il formaggio ha un aroma di scarico.
data/images_flat/2019-2020_Trentingrana__III bimestre__11-12-2019_16° Seduta__P3b_TN306_Grana.bmp,Aroma,Aroma fermentato.,Il formaggio ha un aroma fermentato.
data/images_flat/2019-2020_Trentingrana__III bimestre__11-12-2019_16° Seduta__P6b_TN326_Grana.bmp,Aroma,Aroma di scarico.,Il formaggio ha un aroma di scarico.
data/images_flat/2019-2020_Trentingrana__III bimestre__11-12-2019_16° Seduta__P3a_TN306_Fetta.bmp,Aroma,Aroma fermentato.,Il formaggio ha un aroma fermentato.
data/images_flat/2019-2020_Trentingrana__III bimestre__11-12-2019_16° Seduta__P4b_TN319_Grana.bmp,Aroma,Aroma di crauti.,Il formaggio ha un aroma di crauti.
data/images_flat/2019-2020_Trentingrana__III bimestre__11-12-2019_16° Seduta__P4a_TN319_Fetta.bmp,Aroma,Aroma di crauti.,Il formaggio ha un aroma di crauti.
data/images_flat/2019-2020_Trentingrana__III bimestre__11-12-2019_16° Seduta__P3b_TN306_Fetta.bmp,Aroma,Aroma fermentato.,Il formaggio ha un aroma fermentato.
data/images_flat/2019-2020_Trentingrana__III bimestre__11-12-2019_16° Seduta__P6a_TN326_Grana.bmp,Aroma,Aroma di scarico.,Il formaggio ha un aroma di scarico.
data/images_flat/2019-2020_Trentingrana__III bimestre__11-12-2019_16° Seduta__P3a_TN306_Grana.bmp,Aroma,Aroma fermentato.,Il formaggio ha un aroma fermentato.
data/images_flat/2019-2020_Trentingrana__III bimestre__11-12-2019_16° Seduta__P6b_TN326_Fetta.bmp,Aroma,Aroma di scarico.,Il formaggio ha un aroma di scarico.
data/images_flat/2019-2020_Trentingrana__IV bimestre__08-01-2020_18° Seduta__P3a_TN314_Fetta.bmp,Aroma,Aroma vegetale balsamico.,Il formaggio ha un aroma vegetale balsamico.
data/images_flat/2019-2020_Trentingrana__IV bimestre__08-01-2020_18° Seduta__P3b_TN314_Grana.bmp,Aroma,Aroma vegetale balsamico.,Il formaggio ha un aroma vegetale balsamico.
data/images_flat/2019-2020_Trentingrana__IV bimestre__08-01-2020_18° Seduta__P3a_TN314_Grana.bmp,Aroma,Aroma vegetale balsamico.,Il formaggio ha un aroma vegetale balsamico.
data/images_flat/2019-2020_Trentingrana__IV bimestre__08-01-2020_18° Seduta__P3b_TN314_Fetta.bmp,Aroma,Aroma vegetale balsamico.,Il formaggio ha un aroma vegetale balsamico.
data/images_flat/2019-2020_Trentingrana__IV bimestre__19-02-2020_24° Seduta__P6b_TN319_Grana.bmp,Aroma,Aroma di sapone.,Il formaggio ha un aroma di sapone.
data/images_flat/2019-2020_Trentingrana__IV bimestre__19-02-2020_24° Seduta__P5a_TN311_Fetta.bmp,Aroma,Aroma di carne lessa.,Il formaggio ha un aroma di carne lessa.
data/images_flat/2019-2020_Trentingrana__IV bimestre__19-02-2020_24° Seduta__P2b_TN304_Fetta.bmp,Aroma,Aroma poco complesso con nota di glutammato prevalente.,Il formaggio ha un aroma poco complesso con nota di glutammato prevalente.
data/images_flat/2019-2020_Trentingrana__IV bimestre__19-02-2020_24° Seduta__P2a_TN304_Grana.bmp,Aroma,Aroma poco complesso con nota di glutammato prevalente.,Il formaggio ha un aroma poco complesso con nota di glutammato prevalente.
data/images_flat/2019-2020_Trentingrana__IV bimestre__19-02-2020_24° Seduta__P5b_TN311_Grana.bmp,Aroma,Aroma di carne lessa.,Il formaggio ha un aroma di carne lessa.
data/images_flat/2019-2020_Trentingrana__IV bimestre__19-02-2020_24° Seduta__P6a_TN319_Fetta.bmp,Aroma,Aroma di sapone.,Il formaggio ha un aroma di sapone.
data/images_flat/2019-2020_Trentingrana__IV bimestre__19-02-2020_24° Seduta__P1a_TN302_Fetta.bmp,Aroma,Aroma di carne lessa.,Il formaggio ha un aroma di carne lessa.
data/images_flat/2019-2020_Trentingrana__IV bimestre__19-02-2020_24° Seduta__P1a_TN302_Fetta.bmp,Aroma,Aroma di erbe amare.,Il formaggio ha un aroma di erbe amare.
data/images_flat/2019-2020_Trentingrana__IV bimestre__19-02-2020_24° Seduta__P4a_TN307_Grana.bmp,Aroma,Aroma poco complesso con note lattiche di panna e yogurt.,Il formaggio ha un aroma poco complesso con note lattiche di panna e yogurt.
data/images_flat/2019-2020_Trentingrana__IV bimestre__19-02-2020_24° Seduta__P1b_TN302_Grana.bmp,Aroma,Aroma di carne lessa.,Il formaggio ha un aroma di carne lessa.
data/images_flat/2019-2020_Trentingrana__IV bimestre__19-02-2020_24° Seduta__P1b_TN302_Grana.bmp,Aroma,Aroma di erbe amare.,Il formaggio ha un aroma di erbe amare.
data/images_flat/2019-2020_Trentingrana__IV bimestre__19-02-2020_24° Seduta__P4b_TN307_Fetta.bmp,Aroma,Aroma poco complesso con note lattiche di panna e yogurt.,Il formaggio ha un aroma poco complesso con note lattiche di panna e yogurt.
data/images_flat/2019-2020_Trentingrana__IV bimestre__19-02-2020_24° Seduta__P5a_TN311_Grana.bmp,Aroma,Aroma di carne lessa.,Il formaggio ha un aroma di carne lessa.
data/images_flat/2019-2020_Trentingrana__IV bimestre__19-02-2020_24° Seduta__P2b_TN304_Grana.bmp,Aroma,Aroma poco complesso con nota di glutammato prevalente.,Il formaggio ha un aroma poco complesso con nota di glutammato prevalente.
data/images_flat/2019-2020_Trentingrana__IV bimestre__19-02-2020_24° Seduta__P6b_TN319_Fetta.bmp,Aroma,Aroma di sapone.,Il formaggio ha un aroma di sapone.
data/images_flat/2019-2020_Trentingrana__IV bimestre__19-02-2020_24° Seduta__P6a_TN319_Grana.bmp,Aroma,Aroma di sapone.,Il formaggio ha un aroma di sapone.
data/images_flat/2019-2020_Trentingrana__IV bimestre__19-02-2020_24° Seduta__P2a_TN304_Fetta.bmp,Aroma,Aroma poco complesso con nota di glutammato prevalente.,Il formaggio ha un aroma poco complesso con nota di glutammato prevalente.
data/images_flat/2019-2020_Trentingrana__IV bimestre__19-02-2020_24° Seduta__P5b_TN311_Fetta.bmp,Aroma,Aroma di carne lessa.,Il formaggio ha un aroma di carne lessa.
data/images_flat/2019-2020_Trentingrana__IV bimestre__19-02-2020_24° Seduta__P4a_TN307_Fetta.bmp,Aroma,Aroma poco complesso con note lattiche di panna e yogurt.,Il formaggio ha un aroma poco complesso con note lattiche di panna e yogurt.
data/images_flat/2019-2020_Trentingrana__IV bimestre__19-02-2020_24° Seduta__P1a_TN302_Grana.bmp,Aroma,Aroma di carne lessa.,Il formaggio ha un aroma di carne lessa.
data/images_flat/2019-2020_Trentingrana__IV bimestre__19-02-2020_24° Seduta__P1a_TN302_Grana.bmp,Aroma,Aroma di erbe amare.,Il formaggio ha un aroma di erbe amare.
data/images_flat/2019-2020_Trentingrana__IV bimestre__19-02-2020_24° Seduta__P4b_TN307_Grana.bmp,Aroma,Aroma poco complesso con note lattiche di panna e yogurt.,Il formaggio ha un aroma poco complesso con note lattiche di panna e yogurt.
data/images_flat/2019-2020_Trentingrana__IV bimestre__19-02-2020_24° Seduta__P1b_TN302_Fetta.bmp,Aroma,Aroma di carne lessa.,Il formaggio ha un aroma di carne lessa.
data/images_flat/2019-2020_Trentingrana__IV bimestre__19-02-2020_24° Seduta__P1b_TN302_Fetta.bmp,Aroma,Aroma di erbe amare.,Il formaggio ha un aroma di erbe amare.
data/images_flat/2019-2020_Trentingrana__IV bimestre__22-01-2020_20° Seduta__P4b_TN319_fetta.bmp,Aroma,Aroma povero.,Il formaggio ha un aroma povero.
data/images_flat/2019-2020_Trentingrana__IV bimestre__22-01-2020_20° Seduta__P3b_TN313_Grana.bmp,Aroma,Aroma di buona intensità retroolfattiva.,Il formaggio ha un aroma di buona intensità retroolfattiva.
data/images_flat/2019-2020_Trentingrana__IV bimestre__22-01-2020_20° Seduta__P1b_TN305_Grana.bmp,Aroma,Aroma di ananas.,Il formaggio ha un aroma di ananas.
data/images_flat/2019-2020_Trentingrana__IV bimestre__22-01-2020_20° Seduta__P1b_TN305_Grana.bmp,Aroma,Aroma molto leggero.,Il formaggio ha un aroma molto leggero.
data/images_flat/2019-2020_Trentingrana__IV bimestre__22-01-2020_20° Seduta__P1a_TN305_Fetta.bmp,Aroma,Aroma di ananas.,Il formaggio ha un aroma di ananas.
data/images_flat/2019-2020_Trentingrana__IV bimestre__22-01-2020_20° Seduta__P1a_TN305_Fetta.bmp,Aroma,Aroma molto leggero.,Il formaggio ha un aroma molto leggero.
data/images_flat/2019-2020_Trentingrana__IV bimestre__22-01-2020_20° Seduta__P4a_TN319_Grana.bmp,Aroma,Aroma povero.,Il formaggio ha un aroma povero.
data/images_flat/2019-2020_Trentingrana__IV bimestre__22-01-2020_20° Seduta__P3a_TN313_Fetta.bmp,Aroma,Aroma di buona intensità retroolfattiva.,Il formaggio ha un aroma di buona intensità retroolfattiva.
data/images_flat/2019-2020_Trentingrana__IV bimestre__22-01-2020_20° Seduta__P1b_TN305_Fetta.bmp,Aroma,Aroma di ananas.,Il formaggio ha un aroma di ananas.
data/images_flat/2019-2020_Trentingrana__IV bimestre__22-01-2020_20° Seduta__P1b_TN305_Fetta.bmp,Aroma,Aroma molto leggero.,Il formaggio ha un aroma molto leggero.
data/images_flat/2019-2020_Trentingrana__IV bimestre__22-01-2020_20° Seduta__P3b_TN313_Fetta.bmp,Aroma,Aroma di buona intensità retroolfattiva.,Il formaggio ha un aroma di buona intensità retroolfattiva.
data/images_flat/2019-2020_Trentingrana__IV bimestre__22-01-2020_20° Seduta__P4b_TN319_Grana.bmp,Aroma,Aroma povero.,Il formaggio ha un aroma povero.
data/images_flat/2019-2020_Trentingrana__IV bimestre__22-01-2020_20° Seduta__P3a_TN313_Grana.bmp,Aroma,Aroma di buona intensità retroolfattiva.,Il formaggio ha un aroma di buona intensità retroolfattiva.
data/images_flat/2019-2020_Trentingrana__IV bimestre__22-01-2020_20° Seduta__P4a_TN319_fetta.bmp,Aroma,Aroma povero.,Il formaggio ha un aroma povero.
data/images_flat/2019-2020_Trentingrana__IV bimestre__22-01-2020_20° Seduta__P1a_TN305_Grana.bmp,Aroma,Aroma di ananas.,Il formaggio ha un aroma di ananas.
data/images_flat/2019-2020_Trentingrana__IV bimestre__22-01-2020_20° Seduta__P1a_TN305_Grana.bmp,Aroma,Aroma molto leggero.,Il formaggio ha un aroma molto leggero.
data/images_flat/2019-2020_Trentingrana__IV bimestre__15-01-2020_19° Seduta__P6a_TN330_Grana.bmp,Aroma,Aroma passato.,Il formaggio ha un aroma passato.
data/images_flat/2019-2020_Trentingrana__IV bimestre__15-01-2020_19° Seduta__P4a_TN311_Fetta.bmp,Aroma,Aroma tostato.,Il formaggio ha un aroma tostato.
data/images_flat/2019-2020_Trentingrana__IV bimestre__15-01-2020_19° Seduta__P4a_TN311_Fetta.bmp,Aroma,Aroma poco caratteristico.,Il formaggio ha un aroma poco caratteristico.
data/images_flat/2019-2020_Trentingrana__IV bimestre__15-01-2020_19° Seduta__P6b_TN330_Fetta.bmp,Aroma,Aroma passato.,Il formaggio ha un aroma passato.
data/images_flat/2019-2020_Trentingrana__IV bimestre__15-01-2020_19° Seduta__P4b_TN311_Grana.bmp,Aroma,Aroma tostato.,Il formaggio ha un aroma tostato.
data/images_flat/2019-2020_Trentingrana__IV bimestre__15-01-2020_19° Seduta__P4b_TN311_Grana.bmp,Aroma,Aroma poco caratteristico.,Il formaggio ha un aroma poco caratteristico.
data/images_flat/2019-2020_Trentingrana__IV bimestre__15-01-2020_19° Seduta__P4a_TN311_Grana.bmp,Aroma,Aroma tostato.,Il formaggio ha un aroma tostato.
data/images_flat/2019-2020_Trentingrana__IV bimestre__15-01-2020_19° Seduta__P4a_TN311_Grana.bmp,Aroma,Aroma poco caratteristico.,Il formaggio ha un aroma poco caratteristico.
data/images_flat/2019-2020_Trentingrana__IV bimestre__15-01-2020_19° Seduta__P6a_TN330_Fetta.bmp,Aroma,Aroma passato.,Il formaggio ha un aroma passato.
data/images_flat/2019-2020_Trentingrana__IV bimestre__15-01-2020_19° Seduta__P4b_TN311_Fetta.bmp,Aroma,Aroma tostato.,Il formaggio ha un aroma tostato.
data/images_flat/2019-2020_Trentingrana__IV bimestre__15-01-2020_19° Seduta__P4b_TN311_Fetta.bmp,Aroma,Aroma poco caratteristico.,Il formaggio ha un aroma poco caratteristico.
data/images_flat/2019-2020_Trentingrana__IV bimestre__15-01-2020_19° Seduta__P6b_TN330_Grana.bmp,Aroma,Aroma passato.,Il formaggio ha un aroma passato.
data/images_flat/2019-2020_Trentingrana__IV bimestre__05-02-2020_22° Seduta__P2b_TN306_Grana.bmp,Aroma,Aroma di erbe amare e carne lessa.,Il formaggio ha un aroma di erbe amare e carne lessa.
data/images_flat/2019-2020_Trentingrana__IV bimestre__05-02-2020_22° Seduta__P3b_TN307_Grana.bmp,Aroma,Aroma di carne lessa.,Il formaggio ha un aroma di carne lessa.
data/images_flat/2019-2020_Trentingrana__IV bimestre__05-02-2020_22° Seduta__P3b_TN307_Grana.bmp,Aroma,Aroma di nocciola e formaggino.,Il formaggio ha un aroma di nocciola e formaggino.
data/images_flat/2019-2020_Trentingrana__IV bimestre__05-02-2020_22° Seduta__P2a_TN306_Fetta.bmp,Aroma,Aroma di erbe amare e carne lessa.,Il formaggio ha un aroma di erbe amare e carne lessa.
data/images_flat/2019-2020_Trentingrana__IV bimestre__05-02-2020_22° Seduta__P3a_TN307_Fetta.bmp,Aroma,Aroma di carne lessa.,Il formaggio ha un aroma di carne lessa.
data/images_flat/2019-2020_Trentingrana__IV bimestre__05-02-2020_22° Seduta__P3a_TN307_Fetta.bmp,Aroma,Aroma di nocciola e formaggino.,Il formaggio ha un aroma di nocciola e formaggino.
data/images_flat/2019-2020_Trentingrana__IV bimestre__05-02-2020_22° Seduta__P3b_TN307_Fetta.bmp,Aroma,Aroma di carne lessa.,Il formaggio ha un aroma di carne lessa.
data/images_flat/2019-2020_Trentingrana__IV bimestre__05-02-2020_22° Seduta__P3b_TN307_Fetta.bmp,Aroma,Aroma di nocciola e formaggino.,Il formaggio ha un aroma di nocciola e formaggino.
data/images_flat/2019-2020_Trentingrana__IV bimestre__05-02-2020_22° Seduta__P2b_TN306_Fetta.bmp,Aroma,Aroma di erbe amare e carne lessa.,Il formaggio ha un aroma di erbe amare e carne lessa.
data/images_flat/2019-2020_Trentingrana__IV bimestre__05-02-2020_22° Seduta__P3a_TN307_Grana.bmp,Aroma,Aroma di carne lessa.,Il formaggio ha un aroma di carne lessa.
data/images_flat/2019-2020_Trentingrana__IV bimestre__05-02-2020_22° Seduta__P3a_TN307_Grana.bmp,Aroma,Aroma di nocciola e formaggino.,Il formaggio ha un aroma di nocciola e formaggino.
data/images_flat/2019-2020_Trentingrana__IV bimestre__05-02-2020_22° Seduta__P2a_TN306_Grana.bmp,Aroma,Aroma di erbe amare e carne lessa.,Il formaggio ha un aroma di erbe amare e carne lessa.
data/images_flat/2019-2020_Trentingrana__IV bimestre__29-01-2020_21° Seduta__P3b_TN311_Fetta.bmp,Aroma,Aroma non confacente il trentingrana.,Il formaggio ha un aroma non confacente il trentingrana.
data/images_flat/2019-2020_Trentingrana__IV bimestre__29-01-2020_21° Seduta__P3a_TN311_Grana.bmp,Aroma,Aroma non confacente il trentingrana.,Il formaggio ha un aroma non confacente il trentingrana.
data/images_flat/2019-2020_Trentingrana__IV bimestre__29-01-2020_21° Seduta__P5b_TN323_Grana.bmp,Aroma,Aroma con glutammato dominante.,Il formaggio ha un aroma con glutammato dominante.
data/images_flat/2019-2020_Trentingrana__IV bimestre__29-01-2020_21° Seduta__P5a_TN323_Fetta.bmp,Aroma,Aroma con glutammato dominante.,Il formaggio ha un aroma con glutammato dominante.
data/images_flat/2019-2020_Trentingrana__IV bimestre__29-01-2020_21° Seduta__P3b_TN311_Grana.bmp,Aroma,Aroma non confacente il trentingrana.,Il formaggio ha un aroma non confacente il trentingrana.
data/images_flat/2019-2020_Trentingrana__IV bimestre__29-01-2020_21° Seduta__P3a_TN311_Fetta.bmp,Aroma,Aroma non confacente il trentingrana.,Il formaggio ha un aroma non confacente il trentingrana.
data/images_flat/2019-2020_Trentingrana__IV bimestre__29-01-2020_21° Seduta__P5b_TN323_Fetta.bmp,Aroma,Aroma con glutammato dominante.,Il formaggio ha un aroma con glutammato dominante.
data/images_flat/2019-2020_Trentingrana__IV bimestre__29-01-2020_21° Seduta__P5a_TN323_Grana.bmp,Aroma,Aroma con glutammato dominante.,Il formaggio ha un aroma con glutammato dominante.
data/images_flat/2019-2020_Trentingrana__V bimestre__04-03-2020_25° Seduta__P6a_TN328_Grana.bmp,Aroma,"Aroma con sentori di nostrano non tipici, sfumati.","Il formaggio ha un aroma con sentori di nostrano non tipici, sfumati."
data/images_flat/2019-2020_Trentingrana__V bimestre__04-03-2020_25° Seduta__P6b_TN328_Fetta.bmp,Aroma,"Aroma con sentori di nostrano non tipici, sfumati.","Il formaggio ha un aroma con sentori di nostrano non tipici, sfumati."
data/images_flat/2019-2020_Trentingrana__V bimestre__04-03-2020_25° Seduta__P4a_TN313_Grana.bmp,Aroma,Aroma di frutta.,Il formaggio ha un aroma di frutta.
data/images_flat/2019-2020_Trentingrana__V bimestre__04-03-2020_25° Seduta__P3b_TN310_Fetta.bmp,Aroma,"Aroma di cacao amaro, vecchio, con note medicinali.","Il formaggio ha un aroma di cacao amaro, vecchio, con note medicinali."
data/images_flat/2019-2020_Trentingrana__V bimestre__04-03-2020_25° Seduta__P3a_TN310_Grana.bmp,Aroma,"Aroma di cacao amaro, vecchio, con note medicinali.","Il formaggio ha un aroma di cacao amaro, vecchio, con note medicinali."
data/images_flat/2019-2020_Trentingrana__V bimestre__04-03-2020_25° Seduta__P4b_TN313_Fetta.bmp,Aroma,Aroma di frutta.,Il formaggio ha un aroma di frutta.
data/images_flat/2019-2020_Trentingrana__V bimestre__04-03-2020_25° Seduta__P6a_TN328_Fetta.bmp,Aroma,"Aroma con sentori di nostrano non tipici, sfumati.","Il formaggio ha un aroma con sentori di nostrano non tipici, sfumati."
data/images_flat/2019-2020_Trentingrana__V bimestre__04-03-2020_25° Seduta__P6b_TN328_Grana.bmp,Aroma,"Aroma con sentori di nostrano non tipici, sfumati.","Il formaggio ha un aroma con sentori di nostrano non tipici, sfumati."
data/images_flat/2019-2020_Trentingrana__V bimestre__04-03-2020_25° Seduta__P3b_TN310_Grana.bmp,Aroma,"Aroma di cacao amaro, vecchio, con note medicinali.","Il formaggio ha un aroma di cacao amaro, vecchio, con note medicinali."
data/images_flat/2019-2020_Trentingrana__V bimestre__04-03-2020_25° Seduta__P4a_TN313_Fetta.bmp,Aroma,Aroma di frutta.,Il formaggio ha un aroma di frutta.
data/images_flat/2019-2020_Trentingrana__V bimestre__04-03-2020_25° Seduta__P4b_TN313_Grana.bmp,Aroma,Aroma di frutta.,Il formaggio ha un aroma di frutta.
data/images_flat/2019-2020_Trentingrana__V bimestre__04-03-2020_25° Seduta__P3a_TN310_Fetta.bmp,Aroma,"Aroma di cacao amaro, vecchio, con note medicinali.","Il formaggio ha un aroma di cacao amaro, vecchio, con note medicinali."
data/images_flat/2019-2020_Trentingrana__I bimestre__04-09-2019_1°Seduta__P2a_TN319_Fetta.bmp,Aroma,Aroma di provolone.,Il formaggio ha un aroma di provolone.
data/images_flat/2019-2020_Trentingrana__I bimestre__04-09-2019_1°Seduta__P2b_TN319_Grana.bmp,Aroma,Aroma di provolone.,Il formaggio ha un aroma di provolone.
data/images_flat/2019-2020_Trentingrana__I bimestre__04-09-2019_1°Seduta__P1a_TN302_Fetta.bmp,Aroma,Aroma di provolone.,Il formaggio ha un aroma di provolone.
data/images_flat/2019-2020_Trentingrana__I bimestre__04-09-2019_1°Seduta__P1b_TN302_Grana.bmp,Aroma,Aroma di provolone.,Il formaggio ha un aroma di provolone.
data/images_flat/2019-2020_Trentingrana__I bimestre__04-09-2019_1°Seduta__P2a_TN319_Grana.bmp,Aroma,Aroma di provolone.,Il formaggio ha un aroma di provolone.
data/images_flat/2019-2020_Trentingrana__I bimestre__04-09-2019_1°Seduta__P2b_TN319_Fetta.bmp,Aroma,Aroma di provolone.,Il formaggio ha un aroma di provolone.
data/images_flat/2019-2020_Trentingrana__I bimestre__04-09-2019_1°Seduta__P1a_TN302_Grana.bmp,Aroma,Aroma di provolone.,Il formaggio ha un aroma di provolone.
data/images_flat/2019-2020_Trentingrana__I bimestre__04-09-2019_1°Seduta__P1b_TN302_Fetta.bmp,Aroma,Aroma di provolone.,Il formaggio ha un aroma di provolone.
data/images_flat/2019-2020_Trentingrana__I bimestre__02-10-2019_5°Seduta__P2b_TN306_Grana.bmp,Aroma,Aroma quasi impercettibile.,Il formaggio ha un aroma quasi impercettibile.
data/images_flat/2019-2020_Trentingrana__I bimestre__02-10-2019_5°Seduta__P2a_TN306_Fetta.bmp,Aroma,Aroma quasi impercettibile.,Il formaggio ha un aroma quasi impercettibile.
data/images_flat/2019-2020_Trentingrana__I bimestre__02-10-2019_5°Seduta__P4a_TN313_Grana.bmp,Aroma,Aroma di idrocarburi.,Il formaggio ha un aroma di idrocarburi.
data/images_flat/2019-2020_Trentingrana__I bimestre__02-10-2019_5°Seduta__P4b_TN313_Fetta.bmp,Aroma,Aroma di idrocarburi.,Il formaggio ha un aroma di idrocarburi.
data/images_flat/2019-2020_Trentingrana__I bimestre__02-10-2019_5°Seduta__P2b_TN306_Fetta.bmp,Aroma,Aroma quasi impercettibile.,Il formaggio ha un aroma quasi impercettibile.
data/images_flat/2019-2020_Trentingrana__I bimestre__02-10-2019_5°Seduta__P2a_TN306_Grana.bmp,Aroma,Aroma quasi impercettibile.,Il formaggio ha un aroma quasi impercettibile.
data/images_flat/2019-2020_Trentingrana__I bimestre__02-10-2019_5°Seduta__P4a_TN313_Fetta.bmp,Aroma,Aroma di idrocarburi.,Il formaggio ha un aroma di idrocarburi.
data/images_flat/2019-2020_Trentingrana__I bimestre__02-10-2019_5°Seduta__P4b_TN313_Grana.bmp,Aroma,Aroma di idrocarburi.,Il formaggio ha un aroma di idrocarburi.
data/images_flat/2019-2020_Trentingrana__I bimestre__18-09-2019_3°Seduta__P1b_TN311_Grana.bmp,Aroma,Aroma non tipico del grana.,Il formaggio ha un aroma non tipico del grana.
data/images_flat/2019-2020_Trentingrana__I bimestre__18-09-2019_3°Seduta__P1a_TN311_Fetta.bmp,Aroma,Aroma non tipico del grana.,Il formaggio ha un aroma non tipico del grana.
data/images_flat/2019-2020_Trentingrana__I bimestre__18-09-2019_3°Seduta__P1b_TN311_Fetta.bmp,Aroma,Aroma non tipico del grana.,Il formaggio ha un aroma non tipico del grana.
data/images_flat/2019-2020_Trentingrana__I bimestre__18-09-2019_3°Seduta__P1a_TN311_Grana.bmp,Aroma,Aroma non tipico del grana.,Il formaggio ha un aroma non tipico del grana.
data/images_flat/2019-2020_Trentingrana__I bimestre__25-09-2019_4°Seduta__P4b_TN316_Grana.bmp,Aroma,Aroma di cipolla.,Il formaggio ha un aroma di cipolla.
data/images_flat/2019-2020_Trentingrana__I bimestre__25-09-2019_4°Seduta__P5a_TN330_Fetta.bmp,Aroma,Aroma di note cotte prevalenti.,Il formaggio ha un aroma di note cotte prevalenti.
data/images_flat/2019-2020_Trentingrana__I bimestre__25-09-2019_4°Seduta__P5b_TN330_Grana.bmp,Aroma,Aroma di note cotte prevalenti.,Il formaggio ha un aroma di note cotte prevalenti.
data/images_flat/2019-2020_Trentingrana__I bimestre__25-09-2019_4°Seduta__P4a_TN316_Fetta.bmp,Aroma,Aroma di cipolla.,Il formaggio ha un aroma di cipolla.
data/images_flat/2019-2020_Trentingrana__I bimestre__25-09-2019_4°Seduta__P5a_TN330_Grana.bmp,Aroma,Aroma di note cotte prevalenti.,Il formaggio ha un aroma di note cotte prevalenti.
data/images_flat/2019-2020_Trentingrana__I bimestre__25-09-2019_4°Seduta__P4b_TN316_Fetta.bmp,Aroma,Aroma di cipolla.,Il formaggio ha un aroma di cipolla.
data/images_flat/2019-2020_Trentingrana__I bimestre__25-09-2019_4°Seduta__P4a_TN316_Grana.bmp,Aroma,Aroma di cipolla.,Il formaggio ha un aroma di cipolla.
data/images_flat/2019-2020_Trentingrana__I bimestre__25-09-2019_4°Seduta__P5b_TN330_Fetta.bmp,Aroma,Aroma di note cotte prevalenti.,Il formaggio ha un aroma di note cotte prevalenti.
data/images_flat/2019-2020_Trentingrana__II bimestre__23-10-2019_8°Seduta__P3b_TN306_Grana.bmp,Aroma,Aroma di erbe amare.,Il formaggio ha un aroma di erbe amare.
data/images_flat/2019-2020_Trentingrana__II bimestre__23-10-2019_8°Seduta__P4a_TN313_Grana.bmp,Aroma,Aroma molto debole.,Il formaggio ha un aroma molto debole.
data/images_flat/2019-2020_Trentingrana__II bimestre__23-10-2019_8°Seduta__P4b_TN313_Fetta.bmp,Aroma,Aroma molto debole.,Il formaggio ha un aroma molto debole.
data/images_flat/2019-2020_Trentingrana__II bimestre__23-10-2019_8°Seduta__P3a_TN306_Fetta.bmp,Aroma,Aroma di erbe amare.,Il formaggio ha un aroma di erbe amare.
data/images_flat/2019-2020_Trentingrana__II bimestre__23-10-2019_8°Seduta__P3b_TN306_Fetta.bmp,Aroma,Aroma di erbe amare.,Il formaggio ha un aroma di erbe amare.
data/images_flat/2019-2020_Trentingrana__II bimestre__23-10-2019_8°Seduta__P4a_TN313_Fetta.bmp,Aroma,Aroma molto debole.,Il formaggio ha un aroma molto debole.
data/images_flat/2019-2020_Trentingrana__II bimestre__23-10-2019_8°Seduta__P4b_TN313_Grana.bmp,Aroma,Aroma molto debole.,Il formaggio ha un aroma molto debole.
data/images_flat/2019-2020_Trentingrana__II bimestre__23-10-2019_8°Seduta__P3a_TN306_Grana.bmp,Aroma,Aroma di erbe amare.,Il formaggio ha un aroma di erbe amare.
data/images_flat/2019-2020_Trentingrana__II bimestre__09-10-2019_6°Seduta__P2b_TN306_Grana.bmp,Aroma,Aroma leggero.,Il formaggio ha un aroma leggero.
data/images_flat/2019-2020_Trentingrana__II bimestre__09-10-2019_6°Seduta__P2b_TN306_Grana.bmp,Aroma,Aroma di leggera fermentazione.,Il formaggio ha un aroma di leggera fermentazione.
data/images_flat/2019-2020_Trentingrana__II bimestre__09-10-2019_6°Seduta__P2a_TN306_Fetta.bmp,Aroma,Aroma leggero.,Il formaggio ha un aroma leggero.
data/images_flat/2019-2020_Trentingrana__II bimestre__09-10-2019_6°Seduta__P2a_TN306_Fetta.bmp,Aroma,Aroma di leggera fermentazione.,Il formaggio ha un aroma di leggera fermentazione.
data/images_flat/2019-2020_Trentingrana__II bimestre__09-10-2019_6°Seduta__P1a_TN302_Fetta.bmp,Aroma,Aroma poco intenso.,Il formaggio ha un aroma poco intenso.
data/images_flat/2019-2020_Trentingrana__II bimestre__09-10-2019_6°Seduta__P4a_TN330_Fetta.bmp,Aroma,Aroma leggero affumicato.,Il formaggio ha un aroma leggero affumicato.
data/images_flat/2019-2020_Trentingrana__II bimestre__09-10-2019_6°Seduta__P4b_TN330_Grana.bmp,Aroma,Aroma leggero affumicato.,Il formaggio ha un aroma leggero affumicato.
data/images_flat/2019-2020_Trentingrana__II bimestre__09-10-2019_6°Seduta__P1b_TN302_Grana.bmp,Aroma,Aroma poco intenso.,Il formaggio ha un aroma poco intenso.
data/images_flat/2019-2020_Trentingrana__II bimestre__09-10-2019_6°Seduta__P2b_TN306_Fetta.bmp,Aroma,Aroma leggero.,Il formaggio ha un aroma leggero.
data/images_flat/2019-2020_Trentingrana__II bimestre__09-10-2019_6°Seduta__P2b_TN306_Fetta.bmp,Aroma,Aroma di leggera fermentazione.,Il formaggio ha un aroma di leggera fermentazione.
data/images_flat/2019-2020_Trentingrana__II bimestre__09-10-2019_6°Seduta__P2a_TN306_Grana.bmp,Aroma,Aroma leggero.,Il formaggio ha un aroma leggero.
data/images_flat/2019-2020_Trentingrana__II bimestre__09-10-2019_6°Seduta__P2a_TN306_Grana.bmp,Aroma,Aroma di leggera fermentazione.,Il formaggio ha un aroma di leggera fermentazione.
data/images_flat/2019-2020_Trentingrana__II bimestre__09-10-2019_6°Seduta__P4a_TN330_Grana.bmp,Aroma,Aroma leggero affumicato.,Il formaggio ha un aroma leggero affumicato.
data/images_flat/2019-2020_Trentingrana__II bimestre__09-10-2019_6°Seduta__P1a_TN302_Grana.bmp,Aroma,Aroma poco intenso.,Il formaggio ha un aroma poco intenso.
data/images_flat/2019-2020_Trentingrana__II bimestre__09-10-2019_6°Seduta__P1b_TN302_Fetta.bmp,Aroma,Aroma poco intenso.,Il formaggio ha un aroma poco intenso.
data/images_flat/2019-2020_Trentingrana__II bimestre__09-10-2019_6°Seduta__P4b_TN330_Fetta.bmp,Aroma,Aroma leggero affumicato.,Il formaggio ha un aroma leggero affumicato.
data/images_flat/2019-2020_Trentingrana__II bimestre__30-10-2019_9°Seduta__P2b_TN310_Fetta.bmp,Aroma,Aroma di fermentazione da Clostridium sporogenes.,Il formaggio ha un aroma di fermentazione da Clostridium sporogenes.
data/images_flat/2019-2020_Trentingrana__II bimestre__30-10-2019_9°Seduta__P2a_TN310_Grana.bmp,Aroma,Aroma di fermentazione da Clostridium sporogenes.,Il formaggio ha un aroma di fermentazione da Clostridium sporogenes.
data/images_flat/2019-2020_Trentingrana__II bimestre__30-10-2019_9°Seduta__P2b_TN310_Grana.bmp,Aroma,Aroma di fermentazione da Clostridium sporogenes.,Il formaggio ha un aroma di fermentazione da Clostridium sporogenes.
data/images_flat/2019-2020_Trentingrana__II bimestre__30-10-2019_9°Seduta__P2a_TN310_Fetta.bmp,Aroma,Aroma di fermentazione da Clostridium sporogenes.,Il formaggio ha un aroma di fermentazione da Clostridium sporogenes.
data/images_flat/2019-2020_Trentingrana__II bimestre__02-10-2019_5°Seduta__P2b_TN306_Grana.bmp,Aroma,Aroma quasi impercettibile.,Il formaggio ha un aroma quasi impercettibile.
data/images_flat/2019-2020_Trentingrana__II bimestre__02-10-2019_5°Seduta__P2a_TN306_Fetta.bmp,Aroma,Aroma quasi impercettibile.,Il formaggio ha un aroma quasi impercettibile.
data/images_flat/2019-2020_Trentingrana__II bimestre__02-10-2019_5°Seduta__P4a_TN313_Grana.bmp,Aroma,Aroma di idrocarburi.,Il formaggio ha un aroma di idrocarburi.
data/images_flat/2019-2020_Trentingrana__II bimestre__02-10-2019_5°Seduta__P4b_TN313_Fetta.bmp,Aroma,Aroma di idrocarburi.,Il formaggio ha un aroma di idrocarburi.
data/images_flat/2019-2020_Trentingrana__II bimestre__02-10-2019_5°Seduta__P2b_TN306_Fetta.bmp,Aroma,Aroma quasi impercettibile.,Il formaggio ha un aroma quasi impercettibile.
data/images_flat/2019-2020_Trentingrana__II bimestre__02-10-2019_5°Seduta__P2a_TN306_Grana.bmp,Aroma,Aroma quasi impercettibile.,Il formaggio ha un aroma quasi impercettibile.
data/images_flat/2019-2020_Trentingrana__II bimestre__02-10-2019_5°Seduta__P4a_TN313_Fetta.bmp,Aroma,Aroma di idrocarburi.,Il formaggio ha un aroma di idrocarburi.
data/images_flat/2019-2020_Trentingrana__II bimestre__02-10-2019_5°Seduta__P4b_TN313_Grana.bmp,Aroma,Aroma di idrocarburi.,Il formaggio ha un aroma di idrocarburi.
data/images_flat/2019-2020_Trentingrana__II bimestre__06-11-2019_10°Seduta__P1b_TN305_Grana.bmp,Aroma,"Aroma poco persistente, sparisce subito.","Il formaggio ha un aroma poco persistente, sparisce subito."
data/images_flat/2019-2020_Trentingrana__II bimestre__06-11-2019_10°Seduta__P1a_TN305_Fetta.bmp,Aroma,"Aroma poco persistente, sparisce subito.","Il formaggio ha un aroma poco persistente, sparisce subito."
data/images_flat/2019-2020_Trentingrana__II bimestre__06-11-2019_10°Seduta__P6a_TN330_Grana.bmp,Aroma,Aroma metallico.,Il formaggio ha un aroma metallico.
data/images_flat/2019-2020_Trentingrana__II bimestre__06-11-2019_10°Seduta__P6b_TN330_Fetta.bmp,Aroma,Aroma metallico.,Il formaggio ha un aroma metallico.
data/images_flat/2019-2020_Trentingrana__II bimestre__06-11-2019_10°Seduta__P1b_TN305_Fetta.bmp,Aroma,"Aroma poco persistente, sparisce subito.","Il formaggio ha un aroma poco persistente, sparisce subito."
data/images_flat/2019-2020_Trentingrana__II bimestre__06-11-2019_10°Seduta__P1a_TN305_Grana.bmp,Aroma,"Aroma poco persistente, sparisce subito.","Il formaggio ha un aroma poco persistente, sparisce subito."
data/images_flat/2019-2020_Trentingrana__II bimestre__06-11-2019_10°Seduta__P6a_TN330_Fetta.bmp,Aroma,Aroma metallico.,Il formaggio ha un aroma metallico.
data/images_flat/2019-2020_Trentingrana__II bimestre__06-11-2019_10°Seduta__P6b_TN330_Grana.bmp,Aroma,Aroma metallico.,Il formaggio ha un aroma metallico.
data/images_flat/2021-2022_Trentingrana__19° Seduta_09-03-2022__P2b_TN306_784_fetta.bmp,Aroma,Aroma leggermente mentolato.,Il formaggio ha un aroma leggermente mentolato.
data/images_flat/2021-2022_Trentingrana__19° Seduta_09-03-2022__P2a_TN306_784_fetta.bmp,Aroma,Aroma leggermente mentolato.,Il formaggio ha un aroma leggermente mentolato.
data/images_flat/2021-2022_Trentingrana__19° Seduta_09-03-2022__P2a_TN306_784_grana.bmp,Aroma,Aroma leggermente mentolato.,Il formaggio ha un aroma leggermente mentolato.
data/images_flat/2021-2022_Trentingrana__19° Seduta_09-03-2022__P2b_TN306_784_grana.bmp,Aroma,Aroma leggermente mentolato.,Il formaggio ha un aroma leggermente mentolato.
data/images_flat/2021-2022_Trentingrana__31° Seduta_29-06-2022__P1b_TN302_125_Grana.bmp,Aroma,Aroma mentolato.,Il formaggio ha un aroma mentolato.
data/images_flat/2021-2022_Trentingrana__31° Seduta_29-06-2022__P1a_TN302_125_Grana.bmp,Aroma,Aroma mentolato.,Il formaggio ha un aroma mentolato.
data/images_flat/2021-2022_Trentingrana__31° Seduta_29-06-2022__P1a_TN302_125_Fetta.bmp,Aroma,Aroma mentolato.,Il formaggio ha un aroma mentolato.
data/images_flat/2021-2022_Trentingrana__31° Seduta_29-06-2022__P1b_TN302_125_Fetta.bmp,Aroma,Aroma mentolato.,Il formaggio ha un aroma mentolato.
data/images_flat/2021-2022_Trentingrana__29° Seduta_15-06-2022__P3b_TN311_760_Fetta.bmp,Aroma,Aroma di passato.,Il formaggio ha un aroma di passato.
data/images_flat/2021-2022_Trentingrana__29° Seduta_15-06-2022__P3a_TN311_760_Fetta.bmp,Aroma,Aroma di passato.,Il formaggio ha un aroma di passato.
data/images_flat/2021-2022_Trentingrana__29° Seduta_15-06-2022__P3a_TN311_760_Grana.bmp,Aroma,Aroma di passato.,Il formaggio ha un aroma di passato.
data/images_flat/2021-2022_Trentingrana__29° Seduta_15-06-2022__P3b_TN311_760_Grana.bmp,Aroma,Aroma di passato.,Il formaggio ha un aroma di passato.
data/images_flat/2021-2022_Trentingrana__13° Seduta_19-01-2022__P4b_TN326_152_grana.bmp,Aroma,Aroma di polvere.,Il formaggio ha un aroma di polvere.
data/images_flat/2021-2022_Trentingrana__13° Seduta_19-01-2022__P4a_TN326_152_grana.bmp,Aroma,Aroma di polvere.,Il formaggio ha un aroma di polvere.
data/images_flat/2021-2022_Trentingrana__13° Seduta_19-01-2022__P4a_TN326_152_fetta.bmp,Aroma,Aroma di polvere.,Il formaggio ha un aroma di polvere.
data/images_flat/2021-2022_Trentingrana__13° Seduta_19-01-2022__P4b_TN326_152_fetta.bmp,Aroma,Aroma di polvere.,Il formaggio ha un aroma di polvere.
data/images_flat/2021-2022_Trentingrana__28° Seduta_08-06-2022__P5a_TN323_123_Fetta.bmp,Aroma,Aroma debole.,Il formaggio ha un aroma debole.
data/images_flat/2021-2022_Trentingrana__28° Seduta_08-06-2022__P5a_TN323_123_Fetta.bmp,Aroma,Aroma mentolato.,Il formaggio ha un aroma mentolato.
data/images_flat/2021-2022_Trentingrana__28° Seduta_08-06-2022__P5b_TN323_123_Fetta.bmp,Aroma,Aroma debole.,Il formaggio ha un aroma debole.
data/images_flat/2021-2022_Trentingrana__28° Seduta_08-06-2022__P5b_TN323_123_Fetta.bmp,Aroma,Aroma mentolato.,Il formaggio ha un aroma mentolato.
data/images_flat/2021-2022_Trentingrana__28° Seduta_08-06-2022__P5b_TN323_123_Grana.bmp,Aroma,Aroma debole.,Il formaggio ha un aroma debole.
data/images_flat/2021-2022_Trentingrana__28° Seduta_08-06-2022__P5b_TN323_123_Grana.bmp,Aroma,Aroma mentolato.,Il formaggio ha un aroma mentolato.
data/images_flat/2021-2022_Trentingrana__28° Seduta_08-06-2022__P5a_TN323_123_Grana.bmp,Aroma,Aroma debole.,Il formaggio ha un aroma debole.
data/images_flat/2021-2022_Trentingrana__28° Seduta_08-06-2022__P5a_TN323_123_Grana.bmp,Aroma,Aroma mentolato.,Il formaggio ha un aroma mentolato.
data/images_flat/2021-2022_Trentingrana__27°Seduta_01-06-2022__P6b_TN326_534_Fetta.bmp,Aroma,Aroma polveroso.,Il formaggio ha un aroma polveroso.
data/images_flat/2021-2022_Trentingrana__27°Seduta_01-06-2022__P6a_TN326_534_Fetta.bmp,Aroma,Aroma polveroso.,Il formaggio ha un aroma polveroso.
data/images_flat/2021-2022_Trentingrana__27°Seduta_01-06-2022__P6a_TN326_534_Grana.bmp,Aroma,Aroma polveroso.,Il formaggio ha un aroma polveroso.
data/images_flat/2021-2022_Trentingrana__27°Seduta_01-06-2022__P6b_TN326_534_Grana.bmp,Aroma,Aroma polveroso.,Il formaggio ha un aroma polveroso.
data/images_flat/2021-2022_Trentingrana__25° Seduta_11-05-2022__P3a_TN311_723_Fetta.bmp,Aroma,Aroma leggermente metallico.,Il formaggio ha un aroma leggermente metallico.
data/images_flat/2021-2022_Trentingrana__25° Seduta_11-05-2022__P3b_TN311_723_Fetta.bmp,Aroma,Aroma leggermente metallico.,Il formaggio ha un aroma leggermente metallico.
data/images_flat/2021-2022_Trentingrana__25° Seduta_11-05-2022__P1b_TN302_947_Fetta.bmp,Aroma,Aroma di stalla momentaneo.,Il formaggio ha un aroma di stalla momentaneo.
data/images_flat/2021-2022_Trentingrana__25° Seduta_11-05-2022__P1a_TN302_947_Fetta.bmp,Aroma,Aroma di stalla momentaneo.,Il formaggio ha un aroma di stalla momentaneo.
data/images_flat/2021-2022_Trentingrana__25° Seduta_11-05-2022__P3b_TN311_723_Grana.bmp,Aroma,Aroma leggermente metallico.,Il formaggio ha un aroma leggermente metallico.
data/images_flat/2021-2022_Trentingrana__25° Seduta_11-05-2022__P3a_TN311_723_Grana.bmp,Aroma,Aroma leggermente metallico.,Il formaggio ha un aroma leggermente metallico.
data/images_flat/2021-2022_Trentingrana__25° Seduta_11-05-2022__P1a_TN302_947_Grana.bmp,Aroma,Aroma di stalla momentaneo.,Il formaggio ha un aroma di stalla momentaneo.
data/images_flat/2021-2022_Trentingrana__25° Seduta_11-05-2022__P1b_TN302_947_Grana.bmp,Aroma,Aroma di stalla momentaneo.,Il formaggio ha un aroma di stalla momentaneo.
data/images_flat/2021-2022_Trentingrana__24° Seduta_04-05-2022__P5b_TN338_874_grana.bmp,Aroma,Aroma metallico.,Il formaggio ha un aroma metallico.
data/images_flat/2021-2022_Trentingrana__24° Seduta_04-05-2022__P5a_TN338_874_grana.bmp,Aroma,Aroma metallico.,Il formaggio ha un aroma metallico.
data/images_flat/2021-2022_Trentingrana__24° Seduta_04-05-2022__P5a_TN338_874_fetta.bmp,Aroma,Aroma metallico.,Il formaggio ha un aroma metallico.
data/images_flat/2021-2022_Trentingrana__24° Seduta_04-05-2022__P5b_TN338_874_fetta.bmp,Aroma,Aroma metallico.,Il formaggio ha un aroma metallico.
data/images_flat/2021-2022_Trentingrana__7° Seduta_17-11-2021__P3a_TN311_215_Grana.bmp,Aroma,Aroma di burro fuso.,Il formaggio ha un aroma di burro fuso.
data/images_flat/2021-2022_Trentingrana__7° Seduta_17-11-2021__P3b_TN311_215_Grana.bmp,Aroma,Aroma di burro fuso.,Il formaggio ha un aroma di burro fuso.
data/images_flat/2021-2022_Trentingrana__7° Seduta_17-11-2021__P3b_TN311_215_Fetta.bmp,Aroma,Aroma di burro fuso.,Il formaggio ha un aroma di burro fuso.
data/images_flat/2021-2022_Trentingrana__7° Seduta_17-11-2021__P3a_TN311_215_Fetta.bmp,Aroma,Aroma di burro fuso.,Il formaggio ha un aroma di burro fuso.
data/images_flat/2021-2022_Trentingrana__21° Seduta_23-03-2022__P3a_TN314_264_fetta.bmp,Aroma,Aroma amaro.,Il formaggio ha un aroma amaro.
data/images_flat/2021-2022_Trentingrana__21° Seduta_23-03-2022__P3b_TN314_264_fetta.bmp,Aroma,Aroma amaro.,Il formaggio ha un aroma amaro.
data/images_flat/2021-2022_Trentingrana__21° Seduta_23-03-2022__P3b_TN314_264_grana.bmp,Aroma,Aroma amaro.,Il formaggio ha un aroma amaro.
data/images_flat/2021-2022_Trentingrana__21° Seduta_23-03-2022__P3a_TN314_264_grana.bmp,Aroma,Aroma amaro.,Il formaggio ha un aroma amaro.
data/images_flat/2021-2022_Trentingrana__26° Seduta_18-05-2022__P3a_TN311_657_fetta.bmp,Aroma,Aroma poco espressivo.,Il formaggio ha un aroma poco espressivo.
data/images_flat/2021-2022_Trentingrana__26° Seduta_18-05-2022__P2b_TN304_234_fetta.bmp,Aroma,Aroma piuttosto debole.,Il formaggio ha un aroma piuttosto debole.
data/images_flat/2021-2022_Trentingrana__26° Seduta_18-05-2022__P2a_TN304_234_fetta.bmp,Aroma,Aroma piuttosto debole.,Il formaggio ha un aroma piuttosto debole.
data/images_flat/2021-2022_Trentingrana__26° Seduta_18-05-2022__P3b_TN311_657_fetta.bmp,Aroma,Aroma poco espressivo.,Il formaggio ha un aroma poco espressivo.
data/images_flat/2021-2022_Trentingrana__26° Seduta_18-05-2022__P4b_TN316_761_grana.bmp,Aroma,Aroma interessante e duraturo.,Il formaggio ha un aroma interessante e duraturo.
data/images_flat/2021-2022_Trentingrana__26° Seduta_18-05-2022__P4a_TN316_761_grana.bmp,Aroma,Aroma interessante e duraturo.,Il formaggio ha un aroma interessante e duraturo.
data/images_flat/2021-2022_Trentingrana__26° Seduta_18-05-2022__P3b_TN311_657_grana.bmp,Aroma,Aroma poco espressivo.,Il formaggio ha un aroma poco espressivo.
data/images_flat/2021-2022_Trentingrana__26° Seduta_18-05-2022__P2a_TN304_234_grana.bmp,Aroma,Aroma piuttosto debole.,Il formaggio ha un aroma piuttosto debole.
data/images_flat/2021-2022_Trentingrana__26° Seduta_18-05-2022__P2b_TN304_234_grana.bmp,Aroma,Aroma piuttosto debole.,Il formaggio ha un aroma piuttosto debole.
data/images_flat/2021-2022_Trentingrana__26° Seduta_18-05-2022__P3a_TN311_657_grana.bmp,Aroma,Aroma poco espressivo.,Il formaggio ha un aroma poco espressivo.
data/images_flat/2021-2022_Trentingrana__26° Seduta_18-05-2022__P4a_TN316_761_fetta.bmp,Aroma,Aroma interessante e duraturo.,Il formaggio ha un aroma interessante e duraturo.
data/images_flat/2021-2022_Trentingrana__26° Seduta_18-05-2022__P4b_TN316_761_fetta.bmp,Aroma,Aroma interessante e duraturo.,Il formaggio ha un aroma interessante e duraturo.
data/images_flat/2021-2022_Trentingrana__8° Seduta_24-11-2021__P3a_TN323_541_Fetta.bmp,Aroma,Aroma di polvere.,Il formaggio ha un aroma di polvere.
data/images_flat/2021-2022_Trentingrana__8° Seduta_24-11-2021__P3b_TN323_541_Fetta.bmp,Aroma,Aroma di polvere.,Il formaggio ha un aroma di polvere.
data/images_flat/2021-2022_Trentingrana__8° Seduta_24-11-2021__P3b_TN323_541_Grana.bmp,Aroma,Aroma di polvere.,Il formaggio ha un aroma di polvere.
data/images_flat/2021-2022_Trentingrana__8° Seduta_24-11-2021__P3a_TN323_541_Grana.bmp,Aroma,Aroma di polvere.,Il formaggio ha un aroma di polvere.
data/images_flat/2021-2022_Trentingrana__4° Seduta_20-10-2021__P3a_TN311_915_Fetta.bmp,Aroma,Aroma di fumo più che bruciato.,Il formaggio ha un aroma di fumo più che bruciato.
data/images_flat/2021-2022_Trentingrana__4° Seduta_20-10-2021__P3b_TN311_915_Fetta.bmp,Aroma,Aroma di fumo più che bruciato.,Il formaggio ha un aroma di fumo più che bruciato.
data/images_flat/2021-2022_Trentingrana__4° Seduta_20-10-2021__P3b_TN311_915_Grana.bmp,Aroma,Aroma di fumo più che bruciato.,Il formaggio ha un aroma di fumo più che bruciato.
data/images_flat/2021-2022_Trentingrana__4° Seduta_20-10-2021__P3a_TN311_915_Grana.bmp,Aroma,Aroma di fumo più che bruciato.,Il formaggio ha un aroma di fumo più che bruciato.
data/images_flat/2021-2022_Trentingrana__17° Seduta_16-02-2022__P2b_TN305_918_fetta.bmp,Aroma,Aroma di sangue.,Il formaggio ha un aroma di sangue.
data/images_flat/2021-2022_Trentingrana__17° Seduta_16-02-2022__P2a_TN305_918_fetta.bmp,Aroma,Aroma di sangue.,Il formaggio ha un aroma di sangue.
data/images_flat/2021-2022_Trentingrana__17° Seduta_16-02-2022__P2a_TN305_918_grana.bmp,Aroma,Aroma di sangue.,Il formaggio ha un aroma di sangue.
data/images_flat/2021-2022_Trentingrana__17° Seduta_16-02-2022__P2b_TN305_918_grana.bmp,Aroma,Aroma di sangue.,Il formaggio ha un aroma di sangue.
data/images_flat/2021-2022_Trentingrana__14° Seduta_26-01-2022__P6b_TN328_793_grana.bmp,Aroma,Aroma piuttosto anonimo.,Il formaggio ha un aroma piuttosto anonimo.
data/images_flat/2021-2022_Trentingrana__14° Seduta_26-01-2022__P6b_TN328_793_grana.bmp,Aroma,Aroma stantio e polveroso.,Il formaggio ha un aroma stantio e polveroso.
data/images_flat/2021-2022_Trentingrana__14° Seduta_26-01-2022__P6a_TN328_793_grana.bmp,Aroma,Aroma piuttosto anonimo.,Il formaggio ha un aroma piuttosto anonimo.
data/images_flat/2021-2022_Trentingrana__14° Seduta_26-01-2022__P6a_TN328_793_grana.bmp,Aroma,Aroma stantio e polveroso.,Il formaggio ha un aroma stantio e polveroso.
data/images_flat/2021-2022_Trentingrana__14° Seduta_26-01-2022__P6a_TN328_793_fetta.bmp,Aroma,Aroma piuttosto anonimo.,Il formaggio ha un aroma piuttosto anonimo.
data/images_flat/2021-2022_Trentingrana__14° Seduta_26-01-2022__P6a_TN328_793_fetta.bmp,Aroma,Aroma stantio e polveroso.,Il formaggio ha un aroma stantio e polveroso.
data/images_flat/2021-2022_Trentingrana__14° Seduta_26-01-2022__P6b_TN328_793_fetta.bmp,Aroma,Aroma piuttosto anonimo.,Il formaggio ha un aroma piuttosto anonimo.
data/images_flat/2021-2022_Trentingrana__14° Seduta_26-01-2022__P6b_TN328_793_fetta.bmp,Aroma,Aroma stantio e polveroso.,Il formaggio ha un aroma stantio e polveroso.
data/images_flat/2021-2022_Trentingrana__3° Seduta_13-10-2021__P3b_TN314_704_Grana.bmp,Aroma,Aroma piccante.,Il formaggio ha un aroma piccante.
data/images_flat/2021-2022_Trentingrana__3° Seduta_13-10-2021__P3a_TN314_704_Grana.bmp,Aroma,Aroma piccante.,Il formaggio ha un aroma piccante.
data/images_flat/2021-2022_Trentingrana__3° Seduta_13-10-2021__P5b_TN319_406_Grana.bmp,Aroma,Aroma metallico.,Il formaggio ha un aroma metallico.
data/images_flat/2021-2022_Trentingrana__3° Seduta_13-10-2021__P5a_TN319_406_Grana.bmp,Aroma,Aroma metallico.,Il formaggio ha un aroma metallico.
data/images_flat/2021-2022_Trentingrana__3° Seduta_13-10-2021__P3a_TN314_704_Fetta.bmp,Aroma,Aroma piccante.,Il formaggio ha un aroma piccante.
data/images_flat/2021-2022_Trentingrana__3° Seduta_13-10-2021__P3b_TN314_704_Fetta.bmp,Aroma,Aroma piccante.,Il formaggio ha un aroma piccante.
data/images_flat/2021-2022_Trentingrana__3° Seduta_13-10-2021__P5a_TN319_406_Fetta.bmp,Aroma,Aroma metallico.,Il formaggio ha un aroma metallico.
data/images_flat/2021-2022_Trentingrana__3° Seduta_13-10-2021__P5b_TN319_406_Fetta.bmp,Aroma,Aroma metallico.,Il formaggio ha un aroma metallico.
data/images_flat/2021-2022_Trentingrana__12° Seduta_12-01-2022__P1b_TN305_753_Grana.bmp,Aroma,Aroma di pepe.,Il formaggio ha un aroma di pepe.
data/images_flat/2021-2022_Trentingrana__12° Seduta_12-01-2022__P3b_TN319_123_Grana.bmp,Aroma,Aroma di mandorle amare.,Il formaggio ha un aroma di mandorle amare.
data/images_flat/2021-2022_Trentingrana__12° Seduta_12-01-2022__P3a_TN319_123_Grana.bmp,Aroma,Aroma di mandorle amare.,Il formaggio ha un aroma di mandorle amare.
data/images_flat/2021-2022_Trentingrana__12° Seduta_12-01-2022__P1a_TN305_753_Grana.bmp,Aroma,Aroma di pepe.,Il formaggio ha un aroma di pepe.
data/images_flat/2021-2022_Trentingrana__12° Seduta_12-01-2022__P1a_TN305_753_Fetta.bmp,Aroma,Aroma di pepe.,Il formaggio ha un aroma di pepe.
data/images_flat/2021-2022_Trentingrana__12° Seduta_12-01-2022__P3a_TN319_123_Fetta.bmp,Aroma,Aroma di mandorle amare.,Il formaggio ha un aroma di mandorle amare.
data/images_flat/2021-2022_Trentingrana__12° Seduta_12-01-2022__P3b_TN319_123_Fetta.bmp,Aroma,Aroma di mandorle amare.,Il formaggio ha un aroma di mandorle amare.
data/images_flat/2021-2022_Trentingrana__12° Seduta_12-01-2022__P1b_TN305_753_Fetta.bmp,Aroma,Aroma di pepe.,Il formaggio ha un aroma di pepe.
data/images_flat/2021-2022_Trentingrana__22° Seduta_30-03-2022__P1a_TN302_159_A_GRANA.bmp,Aroma,Aroma compromesso dalla salinità.,Il formaggio ha un aroma compromesso dalla salinità.
data/images_flat/2021-2022_Trentingrana__22° Seduta_30-03-2022__P1a_TN302_159_A_GRANA.bmp,Aroma,Aroma poco espressivo.,Il formaggio ha un aroma poco espressivo.
data/images_flat/2021-2022_Trentingrana__22° Seduta_30-03-2022__P4b_TN330_469_grana.bmp,Aroma,Aroma di sangue.,Il formaggio ha un aroma di sangue.
data/images_flat/2021-2022_Trentingrana__22° Seduta_30-03-2022__P4a_TN330_469_grana.bmp,Aroma,Aroma di sangue.,Il formaggio ha un aroma di sangue.
data/images_flat/2021-2022_Trentingrana__22° Seduta_30-03-2022__P1b_TN302_159_B_GRANA.bmp,Aroma,Aroma compromesso dalla salinità.,Il formaggio ha un aroma compromesso dalla salinità.
data/images_flat/2021-2022_Trentingrana__22° Seduta_30-03-2022__P1b_TN302_159_B_GRANA.bmp,Aroma,Aroma poco espressivo.,Il formaggio ha un aroma poco espressivo.
data/images_flat/2021-2022_Trentingrana__22° Seduta_30-03-2022__P1a_TN302_159_A_FETTA.bmp,Aroma,Aroma compromesso dalla salinità.,Il formaggio ha un aroma compromesso dalla salinità.
data/images_flat/2021-2022_Trentingrana__22° Seduta_30-03-2022__P1a_TN302_159_A_FETTA.bmp,Aroma,Aroma poco espressivo.,Il formaggio ha un aroma poco espressivo.
data/images_flat/2021-2022_Trentingrana__22° Seduta_30-03-2022__P4a_TN330_469_fetta.bmp,Aroma,Aroma di sangue.,Il formaggio ha un aroma di sangue.
data/images_flat/2021-2022_Trentingrana__22° Seduta_30-03-2022__P1b_TN302_159_B_FETTA.bmp,Aroma,Aroma compromesso dalla salinità.,Il formaggio ha un aroma compromesso dalla salinità.
data/images_flat/2021-2022_Trentingrana__22° Seduta_30-03-2022__P1b_TN302_159_B_FETTA.bmp,Aroma,Aroma poco espressivo.,Il formaggio ha un aroma poco espressivo.
data/images_flat/2021-2022_Trentingrana__22° Seduta_30-03-2022__P4b_TN330_469_fetta.bmp,Aroma,Aroma di sangue.,Il formaggio ha un aroma di sangue.
data/images_flat/2021-2022_Trentingrana__30° Seduta_22-06-2022__P4b_TN319_476_Grana.bmp,Aroma,Aroma piatto.,Il formaggio ha un aroma piatto.
data/images_flat/2021-2022_Trentingrana__30° Seduta_22-06-2022__P4a_TN319_476_Grana.bmp,Aroma,Aroma piatto.,Il formaggio ha un aroma piatto.
data/images_flat/2021-2022_Trentingrana__30° Seduta_22-06-2022__P4a_TN319_476_Fetta.bmp,Aroma,Aroma piatto.,Il formaggio ha un aroma piatto.
data/images_flat/2021-2022_Trentingrana__30° Seduta_22-06-2022__P4b_TN319_476_Fetta.bmp,Aroma,Aroma piatto.,Il formaggio ha un aroma piatto.
data/images_flat/2021-2022_Trentingrana__2° Seduta_06-10-2021__P1a_TN302_747_Grana.bmp,Aroma,Aroma intenso con note tostate e formaggio fuso.,Il formaggio ha un aroma intenso con note tostate e formaggio fuso.
data/images_flat/2021-2022_Trentingrana__2° Seduta_06-10-2021__P4a_TN330_106_Grana.bmp,Aroma,Aroma forte con sentori di malga.,Il formaggio ha un aroma forte con sentori di malga.
data/images_flat/2021-2022_Trentingrana__2° Seduta_06-10-2021__P4a_TN330_106_Grana.bmp,Aroma,Aroma di sapone.,Il formaggio ha un aroma di sapone.
data/images_flat/2021-2022_Trentingrana__2° Seduta_06-10-2021__P4b_TN330_106_Grana.bmp,Aroma,Aroma forte con sentori di malga.,Il formaggio ha un aroma forte con sentori di malga.
data/images_flat/2021-2022_Trentingrana__2° Seduta_06-10-2021__P4b_TN330_106_Grana.bmp,Aroma,Aroma di sapone.,Il formaggio ha un aroma di sapone.
data/images_flat/2021-2022_Trentingrana__2° Seduta_06-10-2021__P1b_TN302_747_Grana.bmp,Aroma,Aroma intenso con note tostate e formaggio fuso.,Il formaggio ha un aroma intenso con note tostate e formaggio fuso.
data/images_flat/2021-2022_Trentingrana__2° Seduta_06-10-2021__P4b_TN330_106_Fetta.bmp,Aroma,Aroma forte con sentori di malga.,Il formaggio ha un aroma forte con sentori di malga.
data/images_flat/2021-2022_Trentingrana__2° Seduta_06-10-2021__P4b_TN330_106_Fetta.bmp,Aroma,Aroma di sapone.,Il formaggio ha un aroma di sapone.
data/images_flat/2021-2022_Trentingrana__2° Seduta_06-10-2021__P1b_TN302_747_Fetta.bmp,Aroma,Aroma intenso con note tostate e formaggio fuso.,Il formaggio ha un aroma intenso con note tostate e formaggio fuso.
data/images_flat/2021-2022_Trentingrana__2° Seduta_06-10-2021__P1a_TN302_747_Fetta.bmp,Aroma,Aroma intenso con note tostate e formaggio fuso.,Il formaggio ha un aroma intenso con note tostate e formaggio fuso.
data/images_flat/2021-2022_Trentingrana__2° Seduta_06-10-2021__P4a_TN330_106_Fetta.bmp,Aroma,Aroma forte con sentori di malga.,Il formaggio ha un aroma forte con sentori di malga.
data/images_flat/2021-2022_Trentingrana__2° Seduta_06-10-2021__P4a_TN330_106_Fetta.bmp,Aroma,Aroma di sapone.,Il formaggio ha un aroma di sapone.
data/images_flat/2021-2022_Trentingrana__16° Seduta_09-02-2022__P5A_TN_330_104_FETTA.bmp,Aroma,Aroma di sangue.,Il formaggio ha un aroma di sangue.
data/images_flat/2021-2022_Trentingrana__16° Seduta_09-02-2022__P4A_TN_326_551_FETTA.bmp,Aroma,Aroma polveroso.,Il formaggio ha un aroma polveroso.
data/images_flat/2021-2022_Trentingrana__16° Seduta_09-02-2022__P4B_TN_326_551_GRANA.bmp,Aroma,Aroma polveroso.,Il formaggio ha un aroma polveroso.
data/images_flat/2021-2022_Trentingrana__16° Seduta_09-02-2022__P5B_TN_330_104_GRANA.bmp,Aroma,Aroma di sangue.,Il formaggio ha un aroma di sangue.
data/images_flat/2021-2022_Trentingrana__16° Seduta_09-02-2022__P5A_TN_330_104_GRANA.bmp,Aroma,Aroma di sangue.,Il formaggio ha un aroma di sangue.
data/images_flat/2021-2022_Trentingrana__16° Seduta_09-02-2022__P4A_TN_326_551_GRANA.bmp,Aroma,Aroma polveroso.,Il formaggio ha un aroma polveroso.
data/images_flat/2021-2022_Trentingrana__16° Seduta_09-02-2022__P4B_TN_326_551_FETTA.bmp,Aroma,Aroma polveroso.,Il formaggio ha un aroma polveroso.
data/images_flat/2021-2022_Trentingrana__16° Seduta_09-02-2022__P5B_TN_330_104_FETTA.bmp,Aroma,Aroma di sangue.,Il formaggio ha un aroma di sangue.
data/images_flat/2021-2022_Trentingrana__9° Seduta_01-12-2021__P3b_TN314_685_Fetta.bmp,Aroma,Aroma di polvere.,Il formaggio ha un aroma di polvere.
data/images_flat/2021-2022_Trentingrana__9° Seduta_01-12-2021__P3a_TN314_685_Fetta.bmp,Aroma,Aroma di polvere.,Il formaggio ha un aroma di polvere.
data/images_flat/2021-2022_Trentingrana__9° Seduta_01-12-2021__P1b_TN307_311_Grana.bmp,Aroma,Aroma squilibrato e poco piacevole.,Il formaggio ha un aroma squilibrato e poco piacevole.
data/images_flat/2021-2022_Trentingrana__9° Seduta_01-12-2021__P1a_TN307_311_Grana.bmp,Aroma,Aroma squilibrato e poco piacevole.,Il formaggio ha un aroma squilibrato e poco piacevole.
data/images_flat/2021-2022_Trentingrana__9° Seduta_01-12-2021__P3a_TN314_685_Grana.bmp,Aroma,Aroma di polvere.,Il formaggio ha un aroma di polvere.
data/images_flat/2021-2022_Trentingrana__9° Seduta_01-12-2021__P3b_TN314_685_Grana.bmp,Aroma,Aroma di polvere.,Il formaggio ha un aroma di polvere.
data/images_flat/2021-2022_Trentingrana__9° Seduta_01-12-2021__P1a_TN307_311_Fetta.bmp,Aroma,Aroma squilibrato e poco piacevole.,Il formaggio ha un aroma squilibrato e poco piacevole.
data/images_flat/2021-2022_Trentingrana__9° Seduta_01-12-2021__P1b_TN307_311_fetta.bmp,Aroma,Aroma squilibrato e poco piacevole.,Il formaggio ha un aroma squilibrato e poco piacevole.
