caption_pred,caption_ref,image_path
La pasta del formaggio è compromessa da fessurazioni profonde.,Il formaggio ha un profumo poco intenso.,data/data/images_flat/2020-2021_Trentingrana__VI bimestre__29°Seduta_07-04-2021__P5_TN_326_555_A_FETTA.bmp
La pasta del formaggio è ruvida.,Il formaggio ha un sapore poco saporito ma equilibrato.,data/data/images_flat/2020-2021_Trentingrana__VI bimestre__29°Seduta_07-04-2021__P5_TN_326_555_A_FETTA.bmp
La pasta del formaggio presenta una fessura.,La pasta del formaggio è disidratata.,data/data/images_flat/2020-2021_Trentingrana__VI bimestre__29°Seduta_07-04-2021__P5_TN_326_555_A_FETTA.bmp
La pasta del formaggio presenta una microocchiatura abbondante.,Il formaggio ha un profumo leggero.,data/data/images_flat/2020-2021_Trentingrana__VI bimestre__29°Seduta_07-04-2021__P3_TN_307_759_A_FETTA.bmp
La pasta del formaggio presenta una microocchiatura estesa.,Il formaggio ha un profumo poco intenso.,data/data/images_flat/2020-2021_Trentingrana__VI bimestre__29°Seduta_07-04-2021__P3_TN_307_759_A_FETTA.bmp
Il formaggio ha un profumo di leggera fermentazione.,Il formaggio ha un aroma molto leggero.,data/data/images_flat/2020-2021_Trentingrana__VI bimestre__29°Seduta_07-04-2021__P3_TN_307_759_A_FETTA.bmp
Il formaggio ha un profumo di intensità moderata.,"Il formaggio ha un aroma di dado, molto concentrato.",data/data/images_flat/2020-2021_Trentingrana__VI bimestre__29°Seduta_07-04-2021__P3_TN_307_759_A_FETTA.bmp
Il formaggio ha un sapore poco umami.,La crosta del formaggio presenta uno spessore diverso tra i due scalzi.,data/data/images_flat/2020-2021_Trentingrana__VI bimestre__29°Seduta_07-04-2021__P3_TN_307_759_A_FETTA.bmp
Il formaggio ha un sapore leggermente amaro e salato prevalenti.,La crosta del formaggio è spessa.,data/data/images_flat/2020-2021_Trentingrana__VI bimestre__29°Seduta_07-04-2021__P3_TN_307_759_A_FETTA.bmp
La pasta del formaggio presenta un alone rosato localizzato al centro.,La pasta del formaggio presenta una macchia centrale.,data/data/images_flat/2020-2021_Trentingrana__VI bimestre__29°Seduta_07-04-2021__P3_TN_307_759_A_FETTA.bmp
La pasta del formaggio presenta una piccola fessura.,Il formaggio ha un profumo poco intenso.,data/data/images_flat/2020-2021_Trentingrana__VI bimestre__29°Seduta_07-04-2021__P2_TN_304_963_A_FETTA.bmp
Il formaggio ha un aroma di polvere.,Il formaggio ha un aroma di intensità bassa.,data/data/images_flat/2020-2021_Trentingrana__VI bimestre__29°Seduta_07-04-2021__P2_TN_304_963_A_FETTA.bmp
Il formaggio ha un aroma di erbe amare.,La pasta del formaggio presenta un alone tendente al rosato.,data/data/images_flat/2020-2021_Trentingrana__VI bimestre__29°Seduta_07-04-2021__P2_TN_304_963_A_FETTA.bmp
La pasta del formaggio presenta una grande fessura.,Il formaggio ha un aroma poco intenso.,data/data/images_flat/2020-2021_Trentingrana__VI bimestre__29°Seduta_07-04-2021__P1_TN_302_851_B_FETTA.bmp
Il formaggio ha un profumo di crauti.,La crosta del formaggio è spessa.,data/data/images_flat/2020-2021_Trentingrana__VI bimestre__29°Seduta_07-04-2021__P1_TN_302_851_B_FETTA.bmp
Il formaggio presenta una texture priva di cristalli.,La pasta del formaggio presenta un aspetto a scaglie.,data/data/images_flat/2020-2021_Trentingrana__VI bimestre__29°Seduta_07-04-2021__P1_TN_302_851_B_FETTA.bmp
La pasta del formaggio presenta una macchia centrale abbastanza marroncina.,Il formaggio ha un profumo di liquirizia.,data/data/images_flat/2020-2021_Trentingrana__III bimestre__16°Seduta_18-12-2020__P4_TN323_813_FETTA_A.bmp
Il formaggio ha un sapore eccessivamente salato.,Il formaggio ha un sapore eccessivamente salato.,data/data/images_flat/2020-2021_Trentingrana__III bimestre__16°Seduta_18-12-2020__P4_TN323_813_FETTA_A.bmp
Il formaggio presenta una texture leggermente asciutta.,Il formaggio ha un aroma persistente.,data/data/images_flat/2020-2021_Trentingrana__III bimestre__16°Seduta_18-12-2020__P4_TN323_813_FETTA_A.bmp
La pasta del formaggio presenta una microocchiatura fine.,Il formaggio presenta una texture leggermente asciutta o pastosa.,data/data/images_flat/2020-2021_Trentingrana__III bimestre__16°Seduta_18-12-2020__P4_TN323_813_FETTA_A.bmp
La pasta del formaggio presenta una microocchiatura rada.,La pasta del formaggio presenta una frattura centrale di ampiezza pronunciata.,data/data/images_flat/2020-2021_Trentingrana__III bimestre__16°Seduta_18-12-2020__P4_TN323_813_FETTA_A.bmp
La pasta del formaggio presenta una piccola fessura.,La pasta del formaggio presenta una grossa fessura centrale.,data/data/images_flat/2020-2021_Trentingrana__III bimestre__16°Seduta_18-12-2020__P4_TN323_813_FETTA_A.bmp
La pasta del formaggio presenta una microocchiatura leggera.,La pasta del formaggio presenta una frattura evidente.,data/data/images_flat/2020-2021_Trentingrana__III bimestre__16°Seduta_18-12-2020__P4_TN323_813_FETTA_A.bmp
Il formaggio ha un sapore scarno e non pieno.,La pasta del formaggio presenta una fessura pronunciata al centro.,data/data/images_flat/2020-2021_Trentingrana__III bimestre__16°Seduta_18-12-2020__P4_TN323_813_FETTA_A.bmp
La pasta del formaggio è dall'aspetto disidratato.,La pasta del formaggio presenta un alone molto evidente.,data/data/images_flat/2020-2021_Trentingrana__III bimestre__16°Seduta_18-12-2020__P4_TN323_813_FETTA_A.bmp
La pasta del formaggio presenta una grana tipo parmigiano con fratture irregolari.,Il formaggio ha un profumo leggero.,data/data/images_flat/2020-2021_Trentingrana__III bimestre__14°Seduta_09-12-2020__P6_TN_330_435_FETTA_B.bmp
La crosta del formaggio è regolare.,Il formaggio ha un profumo di alcol.,data/data/images_flat/2020-2021_Trentingrana__III bimestre__14°Seduta_09-12-2020__P6_TN_330_435_FETTA_B.bmp
La crosta del formaggio è piatta molto sottile.,Il formaggio ha un aroma lieve.,data/data/images_flat/2020-2021_Trentingrana__III bimestre__14°Seduta_09-12-2020__P6_TN_330_435_FETTA_B.bmp
La pasta del formaggio è ruvida.,Il formaggio presenta una texture molto tenera.,data/data/images_flat/2020-2021_Trentingrana__III bimestre__14°Seduta_09-12-2020__P6_TN_330_435_FETTA_B.bmp
La pasta del formaggio è granulosa e compatta.,La pasta del formaggio presenta una leggera microocchiatura.,data/data/images_flat/2020-2021_Trentingrana__III bimestre__14°Seduta_09-12-2020__P6_TN_330_435_FETTA_B.bmp
Il formaggio ha un sapore poco caratterizzato ma equilibrato.,La pasta del formaggio presenta una microocchiatura appena visibile.,data/data/images_flat/2020-2021_Trentingrana__III bimestre__14°Seduta_09-12-2020__P6_TN_330_435_FETTA_B.bmp
La pasta del formaggio presenta una leggera microocchiatura.,La pasta del formaggio è di colore paglierino.,data/data/images_flat/2020-2021_Trentingrana__III bimestre__14°Seduta_09-12-2020__P6_TN_330_435_FETTA_B.bmp
Il formaggio ha un sapore leggermente acido e amaro.,La pasta del formaggio presenta un leggero alone verso il piatto.,data/data/images_flat/2020-2021_Trentingrana__III bimestre__14°Seduta_09-12-2020__P6_TN_330_435_FETTA_B.bmp
"La pasta del formaggio presenta un ampio alone rosato, zona sottostante di colore rosato.",Il formaggio ha un profumo di alcol.,data/data/images_flat/2020-2021_Trentingrana__III bimestre__11°Seduta_19-11-2020__P4_TN319_793b_fetta.bmp
La pasta del formaggio presenta una microocchiatura fitta.,"Il formaggio ha un aroma con sentore non tipico del grana, simile a gorgonzola.",data/data/images_flat/2020-2021_Trentingrana__III bimestre__11°Seduta_19-11-2020__P4_TN319_793b_fetta.bmp
La pasta del formaggio presenta una macchia rosa rosato.,Il formaggio presenta una texture leggermente asciutta.,data/data/images_flat/2020-2021_Trentingrana__III bimestre__11°Seduta_19-11-2020__P4_TN319_793b_fetta.bmp
La pasta del formaggio presenta un'occhiatura piccola a grande.,La crosta del formaggio è sottile.,data/data/images_flat/2020-2021_Trentingrana__III bimestre__11°Seduta_19-11-2020__P4_TN319_793b_fetta.bmp
Il formaggio ha un sapore bruciante in bocca.,La pasta del formaggio è disomogenea e non compiuta nella struttura.,data/data/images_flat/2020-2021_Trentingrana__III bimestre__11°Seduta_19-11-2020__P4_TN319_793b_fetta.bmp
La pasta del formaggio presenta una microocchiatura abbondante.,La pasta del formaggio presenta una piccola fessura.,data/data/images_flat/2020-2021_Trentingrana__III bimestre__11°Seduta_19-11-2020__P4_TN319_793b_fetta.bmp
Il formaggio ha un sapore privo di salato.,La pasta del formaggio presenta un alone lievissimo.,data/data/images_flat/2020-2021_Trentingrana__III bimestre__11°Seduta_19-11-2020__P4_TN319_793b_fetta.bmp
Il formaggio presenta una texture con pochi cristalli.,Il formaggio ha un profumo di latte cotto con nota di formaggio non trentingrana.,data/data/images_flat/2020-2021_Trentingrana__III bimestre__12°Seduta_25-11-2020___P5_TN328_182_FETTA_B.bmp
Il formaggio ha un profumo di alcol.,Il formaggio ha un sapore non dolce.,data/data/images_flat/2020-2021_Trentingrana__III bimestre__12°Seduta_25-11-2020___P5_TN328_182_FETTA_B.bmp
Il formaggio presenta una texture asciutta.,Il formaggio presenta una texture leggermente dura.,data/data/images_flat/2020-2021_Trentingrana__III bimestre__12°Seduta_25-11-2020___P5_TN328_182_FETTA_B.bmp
"Il formaggio ha un sapore privo di pienezza e umami, con umami contenuto.","La pasta del formaggio è a tratti quasi fine, in altri punti con grana non sviluppata e una fessura.",data/data/images_flat/2020-2021_Trentingrana__III bimestre__12°Seduta_25-11-2020___P5_TN328_182_FETTA_B.bmp
La pasta del formaggio è a grana grossa.,La pasta del formaggio presenta un alone centrale rosato e striscia rosa abbastanza marcata al centro.,data/data/images_flat/2020-2021_Trentingrana__III bimestre__12°Seduta_25-11-2020___P5_TN328_182_FETTA_B.bmp
Il formaggio ha un sapore equilibrato con note dolci.,Il formaggio ha un sapore amaro prevalente.,data/data/images_flat/2020-2021_Trentingrana__III bimestre__12°Seduta_25-11-2020___P6_TN330_714_FETTA_A.bmp
La pasta del formaggio presenta una grana molto grossolana.,Il formaggio presenta una texture poco solubile e leggermente asciutta.,data/data/images_flat/2020-2021_Trentingrana__III bimestre__12°Seduta_25-11-2020___P6_TN330_714_FETTA_A.bmp
Il formaggio ha un sapore privo di umami e dolcezza.,La crosta del formaggio presenta uno scalzo irregolare e sottocrosta poco definita.,data/data/images_flat/2020-2021_Trentingrana__III bimestre__12°Seduta_25-11-2020___P6_TN330_714_FETTA_A.bmp
Il formaggio ha un sapore con note dolci.,La pasta del formaggio presenta una microocchiatura.,data/data/images_flat/2020-2021_Trentingrana__III bimestre__12°Seduta_25-11-2020___P6_TN330_714_FETTA_A.bmp
La pasta del formaggio è di colore giallo chiaro.,La pasta del formaggio presenta una microocchiatura diffusa.,data/data/images_flat/2020-2021_Trentingrana__III bimestre__12°Seduta_25-11-2020___P6_TN330_714_FETTA_A.bmp
La pasta del formaggio è a grana fine.,La pasta del formaggio presenta una zona a grana grossolana.,data/data/images_flat/2020-2021_Trentingrana__III bimestre__12°Seduta_25-11-2020___P6_TN330_714_FETTA_A.bmp
La pasta del formaggio è ruvida.,"Il formaggio ha un sapore amaro e salato, senza dolcezza.",data/data/images_flat/2020-2021_Trentingrana__III bimestre__15°Seduta_16-12-2020__P3_TN314_525_FETTA_A.bmp
Il formaggio ha un sapore non dolce.,Il formaggio ha un aroma non piacevole con persistenza.,data/data/images_flat/2020-2021_Trentingrana__III bimestre__15°Seduta_16-12-2020__P3_TN314_525_FETTA_A.bmp
La pasta del formaggio presenta un colore carico sottocrosta e sfumature rosate al bordo dell'alone.,La crosta del formaggio presenta un sottopiatto tendente al verde.,data/data/images_flat/2020-2021_Trentingrana__III bimestre__15°Seduta_16-12-2020__P3_TN314_525_FETTA_A.bmp
Il formaggio ha un sapore molto salato.,La pasta del formaggio presenta una fessura e crepe in corrispondenza del segno esterno dell'ago.,data/data/images_flat/2020-2021_Trentingrana__III bimestre__15°Seduta_16-12-2020__P3_TN314_525_FETTA_A.bmp
Il formaggio ha un aroma molto debole.,La pasta del formaggio è a tratti non sviluppata e piatta.,data/data/images_flat/2020-2021_Trentingrana__III bimestre__15°Seduta_16-12-2020__P3_TN314_525_FETTA_A.bmp
Il formaggio ha un aroma di sangue.,La pasta del formaggio presenta fessurazione pronunciata.,data/data/images_flat/2020-2021_Trentingrana__III bimestre__15°Seduta_16-12-2020__P3_TN314_525_FETTA_A.bmp
Il formaggio ha un aroma di sangue.,La pasta del formaggio presenta uno spacco ampio e ramificato.,data/data/images_flat/2020-2021_Trentingrana__III bimestre__15°Seduta_16-12-2020__P3_TN314_525_FETTA_A.bmp
Il formaggio ha un sapore eccessivamente salato.,La pasta del formaggio presenta una grossa frattura interna.,data/data/images_flat/2020-2021_Trentingrana__III bimestre__15°Seduta_16-12-2020__P3_TN314_525_FETTA_A.bmp
Il formaggio ha un aroma di nocciola.,La pasta del formaggio presenta una fessura molto evidente.,data/data/images_flat/2020-2021_Trentingrana__III bimestre__15°Seduta_16-12-2020__P3_TN314_525_FETTA_A.bmp
Il formaggio ha un profumo di crauti.,"La pasta del formaggio presenta una grossa fessura piena di cristalli, circondata da zone con microocchiatura.",data/data/images_flat/2020-2021_Trentingrana__III bimestre__15°Seduta_16-12-2020__P3_TN314_525_FETTA_A.bmp
Il formaggio ha un aroma di provolone.,La pasta del formaggio presenta una frattura di colore rosa.,data/data/images_flat/2020-2021_Trentingrana__III bimestre__15°Seduta_16-12-2020__P3_TN314_525_FETTA_A.bmp
La pasta del formaggio presenta una microocchiatura.,"Il formaggio ha un profumo di stalla all'apertura, che tende a calare.",data/data/images_flat/2020-2021_Trentingrana__IV bimestre__21°Seduta_10-02-2021__P5_TN323_892_FETTA_B.bmp
"Il formaggio ha un sapore privo di salato, umami e piccante, non equilibrati e salato.",La crosta del formaggio presenta uno scalzo irregolare.,data/data/images_flat/2020-2021_Trentingrana__IV bimestre__21°Seduta_10-02-2021__P5_TN323_892_FETTA_B.bmp
La pasta del formaggio è grassa.,La pasta del formaggio presenta un'area centrale dalla struttura ruvida.,data/data/images_flat/2020-2021_Trentingrana__IV bimestre__21°Seduta_10-02-2021__P5_TN323_892_FETTA_B.bmp
"La pasta del formaggio presenta una frattura buona, struttura granulosa, microocchiatura al centro e due piccole dimensioni.","La pasta del formaggio presenta una bella struttura, grana omogenea e frattura netta, microocchiatura diffusa molto fine.",data/data/images_flat/2020-2021_Trentingrana__IV bimestre__21°Seduta_10-02-2021__P5_TN323_892_FETTA_B.bmp
La pasta del formaggio presenta un leggero alone centrale.,La pasta del formaggio presenta una microocchiatura diffusa.,data/data/images_flat/2020-2021_Trentingrana__IV bimestre__21°Seduta_10-02-2021__P5_TN323_892_FETTA_B.bmp
"Il formaggio presenta una texture friabile con cristalli abbondanti, farinosa e asciutta.",La pasta del formaggio presenta ampia e diffusa occhiatura al centro.,data/data/images_flat/2020-2021_Trentingrana__IV bimestre__21°Seduta_10-02-2021__P5_TN323_892_FETTA_B.bmp
Il formaggio presenta una texture friabile e solubile.,La pasta del formaggio presenta una macchia grigia.,data/data/images_flat/2020-2021_Trentingrana__IV bimestre__21°Seduta_10-02-2021__P5_TN323_892_FETTA_B.bmp
La pasta del formaggio è grassa.,La pasta del formaggio presenta un alone centrale giallo-verde e macchie scure.,data/data/images_flat/2020-2021_Trentingrana__IV bimestre__21°Seduta_10-02-2021__P5_TN323_892_FETTA_B.bmp
Il formaggio ha un sapore privo di salato.,"Il formaggio ha un profumo di sedano e vegetale cotto, molto intenso.",data/data/images_flat/2020-2021_Trentingrana__IV bimestre__21°Seduta_10-02-2021__P6_TN338_211_FETTA_B.bmp
Il formaggio ha un profumo di alcol.,Il formaggio ha un profumo intenso di mela e pesca.,data/data/images_flat/2020-2021_Trentingrana__IV bimestre__21°Seduta_10-02-2021__P6_TN338_211_FETTA_B.bmp
Il formaggio ha un profumo di crauti.,Il formaggio ha un sapore acido persistente.,data/data/images_flat/2020-2021_Trentingrana__IV bimestre__21°Seduta_10-02-2021__P6_TN338_211_FETTA_B.bmp
Il formaggio ha un sapore senza dolcezza.,Il formaggio presenta una texture strana.,data/data/images_flat/2020-2021_Trentingrana__IV bimestre__21°Seduta_10-02-2021__P6_TN338_211_FETTA_B.bmp
Il formaggio presenta una texture asciutta.,"La pasta del formaggio presenta una frattura irregolare, molto legata e compatta.",data/data/images_flat/2020-2021_Trentingrana__IV bimestre__21°Seduta_10-02-2021__P6_TN338_211_FETTA_B.bmp
Il formaggio ha un profumo di paglia sporca.,La pasta del formaggio presenta una struttura diversa tra il cuore e la periferia.,data/data/images_flat/2020-2021_Trentingrana__IV bimestre__21°Seduta_10-02-2021__P6_TN338_211_FETTA_B.bmp
La pasta del formaggio è grassa.,La pasta del formaggio presenta una grana ben presente ma irregolare.,data/data/images_flat/2020-2021_Trentingrana__IV bimestre__21°Seduta_10-02-2021__P6_TN338_211_FETTA_B.bmp
La pasta del formaggio presenta una grana grossa grossa regolare.,La pasta del formaggio presenta un leggero alone.,data/data/images_flat/2020-2021_Trentingrana__IV bimestre__21°Seduta_10-02-2021__P6_TN338_211_FETTA_B.bmp
La pasta del formaggio presenta una microocchiatura al centro e leggera stiratura.,Il formaggio ha un profumo molto complesso.,data/data/images_flat/2020-2021_Trentingrana__IV bimestre__21°Seduta_10-02-2021__P2_TN306_938_FETTA_A.bmp
Il formaggio ha un profumo di gomma bruciata.,Il formaggio ha un sapore equilibrato.,data/data/images_flat/2020-2021_Trentingrana__IV bimestre__21°Seduta_10-02-2021__P2_TN306_938_FETTA_A.bmp
Il formaggio ha un sapore equilibrato con note dolci.,Il formaggio presenta una texture leggermente asciutta.,data/data/images_flat/2020-2021_Trentingrana__IV bimestre__21°Seduta_10-02-2021__P2_TN306_938_FETTA_A.bmp
La crosta del formaggio presenta un colore di fondo carico.,La crosta del formaggio presenta uno scalzo e parte piatta irregolari.,data/data/images_flat/2020-2021_Trentingrana__IV bimestre__21°Seduta_10-02-2021__P2_TN306_938_FETTA_A.bmp
Il formaggio ha un profumo di gomma bruciata.,La crosta del formaggio è sottile con ampio sviluppo laterale.,data/data/images_flat/2020-2021_Trentingrana__IV bimestre__21°Seduta_10-02-2021__P2_TN306_938_FETTA_A.bmp
Il formaggio ha un profumo di moderata intensità.,Il formaggio ha un profumo animale più che di stalla.,data/data/images_flat/2020-2021_Trentingrana__IV bimestre__17°Seduta_13-01-2021__P2_TN304_917_FETTA_B.bmp
La pasta del formaggio presenta un leggero alone centrale.,Il formaggio ha un profumo di vaniglia.,data/data/images_flat/2020-2021_Trentingrana__IV bimestre__17°Seduta_13-01-2021__P2_TN304_917_FETTA_B.bmp
La pasta del formaggio presenta una macchia rosa centrale.,Il formaggio ha un sapore eccessivamente amaro.,data/data/images_flat/2020-2021_Trentingrana__IV bimestre__17°Seduta_13-01-2021__P2_TN304_917_FETTA_B.bmp
Il formaggio ha un sapore leggermente acido e salato.,"Il formaggio ha un sapore acido, amaro e salato prevalenti.",data/data/images_flat/2020-2021_Trentingrana__IV bimestre__17°Seduta_13-01-2021__P3_TN314_726_FETTA_A.bmp
Il formaggio ha un sapore eccessivamente salato.,Il formaggio presenta una texture astringente.,data/data/images_flat/2020-2021_Trentingrana__IV bimestre__17°Seduta_13-01-2021__P3_TN314_726_FETTA_A.bmp
Il formaggio presenta una texture con pochi cristalli.,La pasta del formaggio presenta una fessura profonda al centro.,data/data/images_flat/2020-2021_Trentingrana__IV bimestre__17°Seduta_13-01-2021__P3_TN314_726_FETTA_A.bmp
Il formaggio ha un aroma di sangue.,"La pasta del formaggio presenta una bella grana, una grossa fessura e occhiatura in zona d'angolo.",data/data/images_flat/2020-2021_Trentingrana__IV bimestre__17°Seduta_13-01-2021__P3_TN314_726_FETTA_A.bmp
Il formaggio ha un profumo di nocciola.,La pasta del formaggio presenta una fessura pronunciata.,data/data/images_flat/2020-2021_Trentingrana__IV bimestre__17°Seduta_13-01-2021__P3_TN314_726_FETTA_A.bmp
Il formaggio ha un profumo di nocciola.,La pasta del formaggio presenta una fessura consistente.,data/data/images_flat/2020-2021_Trentingrana__IV bimestre__17°Seduta_13-01-2021__P3_TN314_726_FETTA_A.bmp
La pasta del formaggio è a grana grossolana.,Il formaggio ha un profumo pungente da fermentato.,data/data/images_flat/2020-2021_Trentingrana__I bimestre__16-09-2020_3° Seduta__P1a_TN304_Fetta.bmp
La pasta del formaggio è a grana grossa.,Il formaggio ha un profumo aggressivo.,data/data/images_flat/2020-2021_Trentingrana__I bimestre__16-09-2020_3° Seduta__P1a_TN304_Fetta.bmp
La pasta del formaggio presenta leggera striatura.,Il formaggio ha un sapore sapido e sgradevole.,data/data/images_flat/2020-2021_Trentingrana__I bimestre__16-09-2020_3° Seduta__P1a_TN304_Fetta.bmp
Il formaggio presenta una texture leggermente sabbioso.,Il formaggio ha un sapore carente di sale e umami.,data/data/images_flat/2020-2021_Trentingrana__I bimestre__16-09-2020_3° Seduta__P1a_TN304_Fetta.bmp
La pasta del formaggio è leggermente disidratata.,Il formaggio ha un aroma di salame.,data/data/images_flat/2020-2021_Trentingrana__I bimestre__16-09-2020_3° Seduta__P1a_TN304_Fetta.bmp
"Il formaggio ha un sapore molto saporito e deciso, leggermente piccante con una punta di acido al finale.","La pasta del formaggio è compatta con struttura irregolare in diverse zone, non grandiosa.",data/data/images_flat/2020-2021_Trentingrana__I bimestre__16-09-2020_3° Seduta__P1a_TN304_Fetta.bmp
Il formaggio ha un profumo di kiwi.,La pasta del formaggio presenta qualche piccola fessura.,data/data/images_flat/2020-2021_Trentingrana__I bimestre__16-09-2020_3° Seduta__P1a_TN304_Fetta.bmp
Il formaggio ha un sapore eccessivamente saporito.,La pasta del formaggio presenta due fessure di dimensioni pronunciate.,data/data/images_flat/2020-2021_Trentingrana__I bimestre__16-09-2020_3° Seduta__P1a_TN304_Fetta.bmp
Il formaggio ha un profumo di alcol.,La pasta del formaggio è di colore giallo chiaro tendente al bianco.,data/data/images_flat/2020-2021_Trentingrana__I bimestre__16-09-2020_3° Seduta__P1a_TN304_Fetta.bmp
Il formaggio ha un profumo di crauti.,La pasta del formaggio presenta un alone leggerissimo.,data/data/images_flat/2020-2021_Trentingrana__I bimestre__16-09-2020_3° Seduta__P1a_TN304_Fetta.bmp
Il formaggio ha un profumo di gomma bruciata.,Il formaggio ha un profumo intenso.,data/data/images_flat/2020-2021_Trentingrana__I bimestre__16-09-2020_3° Seduta__P5a_TN323_Fetta.bmp
La crosta del formaggio presenta una sottocrosta grigiastra.,Il formaggio ha un profumo con sentore di legno.,data/data/images_flat/2020-2021_Trentingrana__I bimestre__16-09-2020_3° Seduta__P5a_TN323_Fetta.bmp
La pasta del formaggio è stirata al centro.,"Il formaggio ha un sapore non piccante, non dolce, amaro.",data/data/images_flat/2020-2021_Trentingrana__I bimestre__16-09-2020_3° Seduta__P5a_TN323_Fetta.bmp
Il formaggio ha un sapore equilibrato con note dolci.,Il formaggio ha un sapore leggermente piccante.,data/data/images_flat/2020-2021_Trentingrana__I bimestre__16-09-2020_3° Seduta__P5a_TN323_Fetta.bmp
Il formaggio ha un profumo di moderata intensità.,Il formaggio ha un sapore piccante percettibile.,data/data/images_flat/2020-2021_Trentingrana__I bimestre__16-09-2020_3° Seduta__P5a_TN323_Fetta.bmp
La pasta del formaggio è leggermente stirata al centro.,La pasta del formaggio presenta una grana grassa.,data/data/images_flat/2020-2021_Trentingrana__I bimestre__16-09-2020_3° Seduta__P5a_TN323_Fetta.bmp
Il formaggio ha un profumo di gomma bruciata.,La pasta del formaggio presenta un'occhiatura e ristagno di siero.,data/data/images_flat/2020-2021_Trentingrana__I bimestre__16-09-2020_3° Seduta__P5a_TN323_Fetta.bmp
Il formaggio ha un profumo molto debole.,La pasta del formaggio presenta due piccole fessure.,data/data/images_flat/2020-2021_Trentingrana__I bimestre__16-09-2020_3° Seduta__P5a_TN323_Fetta.bmp
Il formaggio ha un profumo di kiwi e bruciato.,La pasta del formaggio presenta un siero in corrispondenza degli occhi.,data/data/images_flat/2020-2021_Trentingrana__I bimestre__16-09-2020_3° Seduta__P5a_TN323_Fetta.bmp
Il formaggio ha un sapore con una punta di amaro.,Il formaggio ha un aroma fievole.,data/data/images_flat/2020-2021_Trentingrana__I bimestre__09-09-2020_2° Seduta__P3b_TN307_Fetta.bmp
Il formaggio ha un profumo di polvere.,Il formaggio ha un aroma saponato.,data/data/images_flat/2020-2021_Trentingrana__I bimestre__09-09-2020_2° Seduta__P3b_TN307_Fetta.bmp
Il formaggio ha un aroma di sapone.,La pasta del formaggio presenta una fessura molto fine.,data/data/images_flat/2020-2021_Trentingrana__I bimestre__09-09-2020_2° Seduta__P3b_TN307_Fetta.bmp
Il formaggio ha un profumo di polvere.,La pasta del formaggio è dall'aspetto molto asciutto.,data/data/images_flat/2020-2021_Trentingrana__I bimestre__09-09-2020_2° Seduta__P3b_TN307_Fetta.bmp
La pasta del formaggio presenta una fessura.,La pasta del formaggio presenta un taglio superficiale al centro.,data/data/images_flat/2020-2021_Trentingrana__I bimestre__09-09-2020_2° Seduta__P3b_TN307_Fetta.bmp
La pasta del formaggio presenta una sola fessura.,Il formaggio ha un aroma fievole.,data/data/images_flat/2020-2021_Trentingrana__I bimestre__09-09-2020_2° Seduta__P3a_TN307_Fetta.bmp
Il formaggio ha un profumo di kiwi.,Il formaggio ha un aroma saponato.,data/data/images_flat/2020-2021_Trentingrana__I bimestre__09-09-2020_2° Seduta__P3a_TN307_Fetta.bmp
La pasta del formaggio è di colore giallo leggermente grigio.,La pasta del formaggio presenta una fessura molto fine.,data/data/images_flat/2020-2021_Trentingrana__I bimestre__09-09-2020_2° Seduta__P3a_TN307_Fetta.bmp
Il formaggio ha un sapore leggermente acido.,La pasta del formaggio è dall'aspetto molto asciutto.,data/data/images_flat/2020-2021_Trentingrana__I bimestre__09-09-2020_2° Seduta__P3a_TN307_Fetta.bmp
Il formaggio ha un profumo di polvere.,La pasta del formaggio presenta un taglio superficiale al centro.,data/data/images_flat/2020-2021_Trentingrana__I bimestre__09-09-2020_2° Seduta__P3a_TN307_Fetta.bmp
La pasta del formaggio presenta una piccola fessura.,Il formaggio ha un profumo di intensità moderata.,data/data/images_flat/2020-2021_Trentingrana__I bimestre__23-09-2020_4° Seduta__P3b_TN307_Fetta.bmp
Il formaggio ha un sapore con una lieve nota di amaro.,Il formaggio ha un profumo di alcol.,data/data/images_flat/2020-2021_Trentingrana__I bimestre__23-09-2020_4° Seduta__P3b_TN307_Fetta.bmp
La crosta del formaggio presenta una sottocrosta grigiastra.,Il formaggio ha un profumo con leggerissima nota tormentata.,data/data/images_flat/2020-2021_Trentingrana__I bimestre__23-09-2020_4° Seduta__P3b_TN307_Fetta.bmp
"Il formaggio ha un profumo di polvere, pungente.","Il formaggio ha un sapore poco salato, privo di umami.",data/data/images_flat/2020-2021_Trentingrana__I bimestre__23-09-2020_4° Seduta__P3b_TN307_Fetta.bmp
Il formaggio ha un profumo di lievito e pane.,"La crosta del formaggio presenta una parte piatta sottile e altro lato più spesso, spigoli pronunciati.",data/data/images_flat/2020-2021_Trentingrana__I bimestre__23-09-2020_4° Seduta__P3b_TN307_Fetta.bmp
La pasta del formaggio è ruvida.,"La pasta del formaggio presenta piccola disomogeneità di colore, leggermente più carico in certe zone.",data/data/images_flat/2020-2021_Trentingrana__I bimestre__23-09-2020_4° Seduta__P3b_TN307_Fetta.bmp
Il formaggio presenta una texture leggermente farinosa.,Il formaggio ha un profumo di moderata intensità.,data/data/images_flat/2020-2021_Trentingrana__II bimestre__09-10-2020_6°Seduta__P4B_TN316_278 FETTA.bmp
"La crosta del formaggio presenta angoli e scalzo ben definiti, colore diverso tra i piatti.",Il formaggio ha un sapore amaro e salato marcato.,data/data/images_flat/2020-2021_Trentingrana__II bimestre__09-10-2020_6°Seduta__P4B_TN316_278 FETTA.bmp
Il formaggio ha un profumo di crauti.,La pasta del formaggio presenta fratture sotto una superficie piatta.,data/data/images_flat/2020-2021_Trentingrana__II bimestre__09-10-2020_6°Seduta__P4B_TN316_278 FETTA.bmp
"Il formaggio ha un sapore amaro, salato fine e piccante.",La pasta del formaggio presenta una bella struttura e microocchiatura diffusa.,data/data/images_flat/2020-2021_Trentingrana__II bimestre__09-10-2020_6°Seduta__P4B_TN316_278 FETTA.bmp
La crosta del formaggio presenta uno spessore più marcato sulla parte piatta.,La pasta del formaggio non è paglierina.,data/data/images_flat/2020-2021_Trentingrana__II bimestre__09-10-2020_6°Seduta__P4B_TN316_278 FETTA.bmp
Il formaggio ha un profumo poco intenso e poco complesso.,Il formaggio ha un sapore nostrano.,data/data/images_flat/2020-2021_Trentingrana__II bimestre__09-10-2020_6°Seduta__P1B_TN305_584 FETTA.bmp
Il formaggio presenta una texture con cristalli assenti.,"Il formaggio presenta una texture molto solubile, tendente all'eccessivo.",data/data/images_flat/2020-2021_Trentingrana__II bimestre__09-10-2020_6°Seduta__P1B_TN305_584 FETTA.bmp
Il formaggio ha un profumo di cacao.,La pasta del formaggio presenta due zone a grappoli di occhiatura e piccoli ammassi bianchi.,data/data/images_flat/2020-2021_Trentingrana__II bimestre__09-10-2020_6°Seduta__P1B_TN305_584 FETTA.bmp
Il formaggio presenta una texture poco friabile.,La pasta del formaggio presenta un'occhiatura irregolare e problematica.,data/data/images_flat/2020-2021_Trentingrana__II bimestre__09-10-2020_6°Seduta__P1B_TN305_584 FETTA.bmp
Il formaggio presenta una texture poco friabile.,La pasta del formaggio presenta un occhio di grande dimensione e microocchiatura diffusa.,data/data/images_flat/2020-2021_Trentingrana__II bimestre__09-10-2020_6°Seduta__P1B_TN305_584 FETTA.bmp
Il formaggio ha un profumo di erbe balsamiche.,"La pasta del formaggio presenta un'occhiatura di medie dimensioni contenente siero e cristalli, accompagnata da un insieme di piccole occhiature unite al taglio centrale.",data/data/images_flat/2020-2021_Trentingrana__II bimestre__09-10-2020_6°Seduta__P1B_TN305_584 FETTA.bmp
La pasta del formaggio presenta una microocchiatura molto diffusa che conferisce aspetto leggermente.,La pasta del formaggio presenta riflessi giallo carico.,data/data/images_flat/2020-2021_Trentingrana__II bimestre__09-10-2020_6°Seduta__P1B_TN305_584 FETTA.bmp
La pasta del formaggio è leggermente disidratata.,Il formaggio ha un profumo con sentore di nostrano.,data/data/images_flat/2020-2021_Trentingrana__II bimestre__10°Seduta_04-11-2020__P2A_TN306_735_fetta.bmp
La pasta del formaggio presenta una microocchiatura abbondante.,"Il formaggio ha un sapore privo di pienezza e umami, con equilibrio proprio, non dolce.",data/data/images_flat/2020-2021_Trentingrana__II bimestre__10°Seduta_04-11-2020__P2A_TN306_735_fetta.bmp
La pasta del formaggio presenta leggera ossidatura centrale.,Il formaggio presenta una texture pastosa e asciutta.,data/data/images_flat/2020-2021_Trentingrana__II bimestre__10°Seduta_04-11-2020__P2A_TN306_735_fetta.bmp
Il formaggio presenta una texture compatta.,La pasta del formaggio è ruvida.,data/data/images_flat/2020-2021_Trentingrana__II bimestre__10°Seduta_04-11-2020__P2A_TN306_735_fetta.bmp
La crosta del formaggio presenta angoli irregolari.,La pasta del formaggio presenta una microocchiatura ridotta.,data/data/images_flat/2020-2021_Trentingrana__II bimestre__10°Seduta_04-11-2020__P2A_TN306_735_fetta.bmp
Il formaggio presenta una texture compatta.,La pasta del formaggio presenta un alone rosato.,data/data/images_flat/2020-2021_Trentingrana__II bimestre__10°Seduta_04-11-2020__P2A_TN306_735_fetta.bmp
La pasta del formaggio presenta una microocchiatura centrale.,Il formaggio ha un profumo di liquirizia.,data/data/images_flat/2020-2021_Trentingrana__II bimestre__10°Seduta_04-11-2020__P3A_TN307_553_fetta.bmp
Il formaggio ha un profumo di banana.,Il formaggio ha un sapore leggermente acidulo.,data/data/images_flat/2020-2021_Trentingrana__II bimestre__10°Seduta_04-11-2020__P3A_TN307_553_fetta.bmp
Il formaggio presenta una texture con cristalli abbondanti.,"Il formaggio presenta una texture con cristalli grandi, poco cristallizzata e non scrocchiarella.",data/data/images_flat/2020-2021_Trentingrana__II bimestre__10°Seduta_04-11-2020__P3A_TN307_553_fetta.bmp
La pasta del formaggio presenta una microocchiatura centrale.,Il formaggio presenta una texture con cristalli piuttosto duri.,data/data/images_flat/2020-2021_Trentingrana__II bimestre__10°Seduta_04-11-2020__P3A_TN307_553_fetta.bmp
Il formaggio ha un profumo di nocciola.,Il formaggio presenta una texture leggermente schioccante.,data/data/images_flat/2020-2021_Trentingrana__II bimestre__10°Seduta_04-11-2020__P3A_TN307_553_fetta.bmp
Il formaggio ha un profumo di buona intensità.,Il formaggio presenta una texture leggermente troppo umida.,data/data/images_flat/2020-2021_Trentingrana__II bimestre__10°Seduta_04-11-2020__P3A_TN307_553_fetta.bmp
Il formaggio ha un profumo di crauti.,Il formaggio ha un profumo di intensità moderata.,data/data/images_flat/2020-2021_Trentingrana__II bimestre__28-10-2020_9°Seduta__P1A_TN302_527_FETTA.bmp
Il formaggio ha un sapore non equilibrato.,Il formaggio ha un profumo intenso e molto equilibrato.,data/data/images_flat/2020-2021_Trentingrana__II bimestre__28-10-2020_9°Seduta__P1A_TN302_527_FETTA.bmp
Il formaggio ha un profumo di grasso di prosciutto crudo.,Il formaggio ha un sapore eccessivamente piccante e amaro.,data/data/images_flat/2020-2021_Trentingrana__II bimestre__28-10-2020_9°Seduta__P1A_TN302_527_FETTA.bmp
Il formaggio ha un profumo di grasso di prosciutto crudo.,"Il formaggio ha un sapore leggermente acido e piccante, appena accennati.",data/data/images_flat/2020-2021_Trentingrana__II bimestre__28-10-2020_9°Seduta__P1A_TN302_527_FETTA.bmp
Il formaggio ha un profumo di grasso di prosciutto crudo.,Il formaggio ha un aroma di sapone.,data/data/images_flat/2020-2021_Trentingrana__II bimestre__28-10-2020_9°Seduta__P1A_TN302_527_FETTA.bmp
Il formaggio ha un profumo di grasso di prosciutto crudo.,Il formaggio ha un aroma di frutta fresca che ricorda l'uva.,data/data/images_flat/2020-2021_Trentingrana__II bimestre__28-10-2020_9°Seduta__P1A_TN302_527_FETTA.bmp
La pasta del formaggio presenta una piccola fessura.,La pasta del formaggio è leggermente poco regolare.,data/data/images_flat/2020-2021_Trentingrana__II bimestre__28-10-2020_9°Seduta__P1A_TN302_527_FETTA.bmp
Il formaggio presenta una texture compatta.,La pasta del formaggio presenta qualche leggerissima macchia rosata nelle zone di microocchiatura.,data/data/images_flat/2020-2021_Trentingrana__II bimestre__28-10-2020_9°Seduta__P1A_TN302_527_FETTA.bmp
Il formaggio ha un profumo poco intenso.,Il formaggio ha un profumo con prevalenza di crosta.,data/data/images_flat/2020-2021_Trentingrana__II bimestre__21-10-2020_8°Seduta__P1B_TN302_546_FETTA.bmp
La pasta del formaggio presenta una fessura pronunciata.,Il formaggio ha un profumo pungente.,data/data/images_flat/2020-2021_Trentingrana__II bimestre__21-10-2020_8°Seduta__P1B_TN302_546_FETTA.bmp
La pasta del formaggio presenta una piccola fessura.,Il formaggio ha un profumo di polvere.,data/data/images_flat/2020-2021_Trentingrana__II bimestre__21-10-2020_8°Seduta__P1B_TN302_546_FETTA.bmp
Il formaggio ha un sapore leggermente sapido.,Il formaggio ha un sapore eccessivamente salato.,data/data/images_flat/2020-2021_Trentingrana__II bimestre__21-10-2020_8°Seduta__P1B_TN302_546_FETTA.bmp
"La pasta del formaggio presenta numerose fessure sotto un piatto e grana fine, dall'aspetto piatto eriche.",Il formaggio ha un sapore molto squilibrato.,data/data/images_flat/2020-2021_Trentingrana__II bimestre__21-10-2020_8°Seduta__P1B_TN302_546_FETTA.bmp
La pasta del formaggio presenta una grossa fessura.,Il formaggio ha un aroma di sapone.,data/data/images_flat/2020-2021_Trentingrana__II bimestre__21-10-2020_8°Seduta__P1B_TN302_546_FETTA.bmp
La pasta del formaggio presenta una fessura pronunciata.,Il formaggio presenta una texture con cristalli non molto grossi.,data/data/images_flat/2020-2021_Trentingrana__II bimestre__21-10-2020_8°Seduta__P1B_TN302_546_FETTA.bmp
La pasta del formaggio presenta una piccola fessura.,Il formaggio ha un profumo con prevalenza di crosta.,data/data/images_flat/2020-2021_Trentingrana__II bimestre__21-10-2020_8°Seduta__P1A_TN302_546_FETTA.bmp
Il formaggio presenta una texture non granulosa.,Il formaggio ha un profumo pungente.,data/data/images_flat/2020-2021_Trentingrana__II bimestre__21-10-2020_8°Seduta__P1A_TN302_546_FETTA.bmp
Il formaggio ha un sapore non equilibrato.,Il formaggio ha un profumo di polvere.,data/data/images_flat/2020-2021_Trentingrana__II bimestre__21-10-2020_8°Seduta__P1A_TN302_546_FETTA.bmp
Il formaggio ha un sapore non equilibrato.,Il formaggio ha un sapore eccessivamente salato.,data/data/images_flat/2020-2021_Trentingrana__II bimestre__21-10-2020_8°Seduta__P1A_TN302_546_FETTA.bmp
"Il formaggio ha un sapore anonimo, poco salato e poco piccante.",Il formaggio ha un sapore molto squilibrato.,data/data/images_flat/2020-2021_Trentingrana__II bimestre__21-10-2020_8°Seduta__P1A_TN302_546_FETTA.bmp
La pasta del formaggio presenta un alone rosato che dalla crosta si estende a tutta la pasta.,Il formaggio ha un aroma di sapone.,data/data/images_flat/2020-2021_Trentingrana__II bimestre__21-10-2020_8°Seduta__P1A_TN302_546_FETTA.bmp
Il formaggio ha un sapore poco salato.,Il formaggio presenta una texture con cristalli non molto grossi.,data/data/images_flat/2020-2021_Trentingrana__II bimestre__21-10-2020_8°Seduta__P1A_TN302_546_FETTA.bmp
Il formaggio ha un aroma di sapone.,Il formaggio ha un profumo di leggera fermentazione.,data/data/images_flat/2020-2021_Trentingrana__II bimestre__21-10-2020_8°Seduta__P6B_TN330_165FETTA.bmp
La pasta del formaggio presenta un'occhiatura di medie dimensioni.,Il formaggio ha un sapore grasso.,data/data/images_flat/2020-2021_Trentingrana__II bimestre__21-10-2020_8°Seduta__P6B_TN330_165FETTA.bmp
Il formaggio presenta una texture compatta.,Il formaggio ha un aroma di sapone.,data/data/images_flat/2020-2021_Trentingrana__II bimestre__21-10-2020_8°Seduta__P6B_TN330_165FETTA.bmp
Il formaggio ha un aroma di sapone.,Il formaggio ha una texture che ingozza la bocca.,data/data/images_flat/2020-2021_Trentingrana__II bimestre__21-10-2020_8°Seduta__P6B_TN330_165FETTA.bmp
La pasta del formaggio presenta un'occhiatura di calore al centro.,Il formaggio presenta una texture compatta.,data/data/images_flat/2020-2021_Trentingrana__II bimestre__21-10-2020_8°Seduta__P6B_TN330_165FETTA.bmp
Il formaggio ha un profumo di nocciola.,La crosta del formaggio presenta angoli pronunciati.,data/data/images_flat/2020-2021_Trentingrana__II bimestre__21-10-2020_8°Seduta__P6B_TN330_165FETTA.bmp
La pasta del formaggio presenta una fessura pronunciata.,La crosta del formaggio è chiara.,data/data/images_flat/2020-2021_Trentingrana__II bimestre__21-10-2020_8°Seduta__P6B_TN330_165FETTA.bmp
Il formaggio ha un sapore eccessivamente salato.,La pasta del formaggio presenta una microocchiatura in zone molto limitate.,data/data/images_flat/2020-2021_Trentingrana__II bimestre__21-10-2020_8°Seduta__P6B_TN330_165FETTA.bmp
"La pasta del formaggio presenta un'occhiatura centrale, spacco centrale e grana grossolana in alcuni punti.",La pasta del formaggio presenta una microocchiatura raggruppata al centro e più distanziata nel resto della forma.,data/data/images_flat/2020-2021_Trentingrana__II bimestre__21-10-2020_8°Seduta__P6B_TN330_165FETTA.bmp
Il formaggio ha un sapore molto salato e acido.,La pasta del formaggio presenta una fascia appena più satura.,data/data/images_flat/2020-2021_Trentingrana__II bimestre__21-10-2020_8°Seduta__P6B_TN330_165FETTA.bmp
Il formaggio ha un aroma di polvere.,"Il formaggio ha un profumo di stalla all'apertura, poi complesso.",data/data/images_flat/2020-2021_Trentingrana__II bimestre__21-10-2020_8°Seduta__P5A_TN328_354FETTA.bmp
Il formaggio ha un sapore poco salato.,"Il formaggio ha un sapore senza dolcezza, con amaro e sale prevalenti.",data/data/images_flat/2020-2021_Trentingrana__II bimestre__21-10-2020_8°Seduta__P5A_TN328_354FETTA.bmp
Il formaggio ha un profumo di kiwi.,Il formaggio ha un sapore leggermente acido.,data/data/images_flat/2020-2021_Trentingrana__II bimestre__21-10-2020_8°Seduta__P5A_TN328_354FETTA.bmp
Il formaggio ha un sapore eccessivamente salato.,Il formaggio ha un sapore non equilibrato.,data/data/images_flat/2020-2021_Trentingrana__II bimestre__21-10-2020_8°Seduta__P5A_TN328_354FETTA.bmp
Il formaggio ha un profumo di balsamico.,Il formaggio presenta una texture farinosa.,data/data/images_flat/2020-2021_Trentingrana__II bimestre__21-10-2020_8°Seduta__P5A_TN328_354FETTA.bmp
Il formaggio presenta una texture compatta.,La pasta del formaggio presenta una grana meno sviluppata in zone limitate.,data/data/images_flat/2020-2021_Trentingrana__II bimestre__21-10-2020_8°Seduta__P5A_TN328_354FETTA.bmp
Il formaggio ha un profumo di vaniglia con sentori positivi e negativi.,La pasta del formaggio presenta due aree spaccate di dimensioni rilevanti.,data/data/images_flat/2020-2021_Trentingrana__II bimestre__21-10-2020_8°Seduta__P5A_TN328_354FETTA.bmp
Il formaggio ha un profumo di crauti.,Il formaggio ha un profumo di nocciola.,data/data/images_flat/2020-2021_Trentingrana__II bimestre__21-10-2020_8°Seduta__P4A_TN323_443FETTA.bmp
La pasta del formaggio presenta numerose fessure.,Il formaggio ha un sapore amaro.,data/data/images_flat/2020-2021_Trentingrana__II bimestre__21-10-2020_8°Seduta__P4A_TN323_443FETTA.bmp
La pasta del formaggio è grassa.,Il formaggio ha un sapore leggermente acido.,data/data/images_flat/2020-2021_Trentingrana__II bimestre__21-10-2020_8°Seduta__P4A_TN323_443FETTA.bmp
La crosta del formaggio è di colore chiaro.,Il formaggio ha un aroma molto lattico con burro fresco.,data/data/images_flat/2020-2021_Trentingrana__II bimestre__21-10-2020_8°Seduta__P4A_TN323_443FETTA.bmp
La crosta del formaggio presenta una sottocrosta grigiastra.,La pasta del formaggio presenta un grande occhio localizzato subito sotto la superficie.,data/data/images_flat/2020-2021_Trentingrana__II bimestre__21-10-2020_8°Seduta__P4A_TN323_443FETTA.bmp
La pasta del formaggio presenta una grana molto grossolana.,La pasta del formaggio presenta una grande cavità centrale.,data/data/images_flat/2020-2021_Trentingrana__II bimestre__21-10-2020_8°Seduta__P4A_TN323_443FETTA.bmp
Il formaggio ha un profumo di crauti.,La pasta del formaggio presenta un grosso occhio contenente siero.,data/data/images_flat/2020-2021_Trentingrana__II bimestre__21-10-2020_8°Seduta__P4A_TN323_443FETTA.bmp
Il formaggio ha un sapore bruciante.,La pasta del formaggio presenta un ampio occhio centrale molto profondo circondato da un'estesa zona spugnosa.,data/data/images_flat/2020-2021_Trentingrana__II bimestre__21-10-2020_8°Seduta__P4A_TN323_443FETTA.bmp
Il formaggio ha un sapore eccessivamente salato.,La pasta del formaggio presenta un grande occhio centrale.,data/data/images_flat/2020-2021_Trentingrana__II bimestre__21-10-2020_8°Seduta__P4A_TN323_443FETTA.bmp
"La pasta del formaggio presenta una frattura abbastanza regolare, struttura granulosa, leggera microocchiatura.","Il formaggio ha un profumo poco intenso, monotono, di brodo di carne.",data/data/images_flat/2018-2019_Trentingrana__2019-01-16__P4a_319_fetta.bmp
La pasta del formaggio presenta una frattura irregolare e grana fine.,"Il formaggio ha un profumo di vegetale cotto, burro, panna e tostato leggero.",data/data/images_flat/2018-2019_Trentingrana__2019-01-16__P4a_319_fetta.bmp
"La crosta del formaggio è sfumata, spessore sottile e mediamente spessa.",Il formaggio ha un profumo di panna.,data/data/images_flat/2018-2019_Trentingrana__2019-01-16__P4a_319_fetta.bmp
La crosta del formaggio è molto spessa.,"Il formaggio ha un profumo di latte cotto, burro sciolto e frutta secca, buona intensità.",data/data/images_flat/2018-2019_Trentingrana__2019-01-16__P4a_319_fetta.bmp
Il formaggio ha un profumo di latte cotto e brodo di carne con sentore animale.,Il formaggio ha un profumo di latte cotto intenso con note di cacao non zuccherato.,data/data/images_flat/2018-2019_Trentingrana__2019-01-16__P4a_319_fetta.bmp
Il formaggio ha un sapore acido e leggermente salato con umami.,Il formaggio ha un profumo chiuso con leggermente ammoniaca.,data/data/images_flat/2018-2019_Trentingrana__2019-01-16__P4a_319_fetta.bmp
Il formaggio ha un profumo di latte e brodo vegetale.,Il formaggio ha un profumo di panna e burro.,data/data/images_flat/2018-2019_Trentingrana__2019-01-16__P4a_319_fetta.bmp
Il formaggio ha un sapore leggermente amaro.,Il formaggio ha un profumo di formaggio fritto.,data/data/images_flat/2018-2019_Trentingrana__2019-01-16__P4a_319_fetta.bmp
La pasta del formaggio presenta una frattura irregolare e grana fine distribuita omogeneamente.,"Il formaggio ha un sapore con sapidità contenuta, umami marcato, poco piccante e poco equilibrato.",data/data/images_flat/2018-2019_Trentingrana__2019-01-16__P4a_319_fetta.bmp
La pasta del formaggio presenta una frattura evidente e grana presente ma microocchiatura.,Il formaggio ha un sapore equilibrato con leggera nota piccante.,data/data/images_flat/2018-2019_Trentingrana__2019-01-16__P4a_319_fetta.bmp
Il formaggio ha un aroma di crosta di formaggio.,Il formaggio ha un sapore in equilibrio con leggera punta di amaro nel finale.,data/data/images_flat/2018-2019_Trentingrana__2019-01-16__P4a_319_fetta.bmp
Il formaggio ha un profumo di latte cotto e brodo vegetale.,Il formaggio ha un sapore leggermente amaro e salato.,data/data/images_flat/2018-2019_Trentingrana__2019-01-16__P4a_319_fetta.bmp
Il formaggio ha un sapore dolce.,Il formaggio ha un sapore leggermente salato.,data/data/images_flat/2018-2019_Trentingrana__2019-01-16__P4a_319_fetta.bmp
La pasta del formaggio è stirata in parte e con microocchiatura.,Il formaggio ha un sapore dolce con poco sale.,data/data/images_flat/2018-2019_Trentingrana__2019-01-16__P4a_319_fetta.bmp
"La pasta del formaggio presenta una frattura irregolare, grana fine e microocchiatura diffusa.",Il formaggio ha un sapore piccante e pieno con buona persistenza al palato.,data/data/images_flat/2018-2019_Trentingrana__2019-01-16__P4a_319_fetta.bmp
"La pasta del formaggio presenta una frattura irregolare, grana fine e microocchiatura diffusa.",Il formaggio ha un sapore umami con leggero amaro finale.,data/data/images_flat/2018-2019_Trentingrana__2019-01-16__P4a_319_fetta.bmp
Il formaggio presenta una texture pastosa e granulosa poco evidente.,Il formaggio ha un sapore piccante.,data/data/images_flat/2018-2019_Trentingrana__2019-01-16__P4a_319_fetta.bmp
Il formaggio presenta una texture pastosa e poco solubile.,Il formaggio ha un sapore con buon equilibrio di sale.,data/data/images_flat/2018-2019_Trentingrana__2019-01-16__P4a_319_fetta.bmp
La pasta del formaggio presenta una frattura regolare e bella grana.,Il formaggio ha un sapore acido.,data/data/images_flat/2018-2019_Trentingrana__2019-01-16__P4a_319_fetta.bmp
La pasta del formaggio presenta una frattura regolare e grana fine.,"Il formaggio ha un aroma poco caratteristico, propionico e di brodo animale, tipo emmental.",data/data/images_flat/2018-2019_Trentingrana__2019-01-16__P4a_319_fetta.bmp
Il formaggio ha un sapore con leggera piccantezza e resto equilibrato.,Il formaggio ha un aroma vegetale e tostato leggermente.,data/data/images_flat/2018-2019_Trentingrana__2019-01-16__P4a_319_fetta.bmp
"La crosta del formaggio è molto spessa, con spessore disomogeneo nei due lati.",Il formaggio ha un aroma di panna e burro.,data/data/images_flat/2018-2019_Trentingrana__2019-01-16__P4a_319_fetta.bmp
"Il formaggio ha un profumo di burro fuso con note di tostato e brodo, poco caratteristico.","Il formaggio ha un aroma di panna con note di cotto e bruciato, leggero.",data/data/images_flat/2018-2019_Trentingrana__2019-01-16__P4a_319_fetta.bmp
La pasta del formaggio è stirata.,Il formaggio ha un aroma di latte cotto e burro fuso.,data/data/images_flat/2018-2019_Trentingrana__2019-01-16__P4a_319_fetta.bmp
"Il formaggio presenta una texture friabile, non asciutta, con microstruttura fine e pochi cristalli.","Il formaggio ha un aroma di latte cotto eccessivo, cacao, caramello e brodo di carne.",data/data/images_flat/2018-2019_Trentingrana__2019-01-16__P4a_319_fetta.bmp
Il formaggio ha un aroma di crosta di formaggio.,Il formaggio ha un aroma non da grana biscotto.,data/data/images_flat/2018-2019_Trentingrana__2019-01-16__P4a_319_fetta.bmp
Il formaggio ha un profumo di latte cotto e brodo vegetale.,Il formaggio ha un aroma di latte e panna.,data/data/images_flat/2018-2019_Trentingrana__2019-01-16__P4a_319_fetta.bmp
"Il formaggio ha un profumo di latte cotto e burro cotto con nota animale, poco intenso.","Il formaggio presenta una texture quasi gommosa, poco granulosa ma solubile.",data/data/images_flat/2018-2019_Trentingrana__2019-01-16__P4a_319_fetta.bmp
Il formaggio ha un sapore amaro e acido.,Il formaggio ha una texture che lascia in bocca residui cremosi con presenza di cristalli.,data/data/images_flat/2018-2019_Trentingrana__2019-01-16__P4a_319_fetta.bmp
La pasta del formaggio è stirata con microocchiatura.,"Il formaggio presenta una texture dura e compatta, poco solubile, senza grana.",data/data/images_flat/2018-2019_Trentingrana__2019-01-16__P4a_319_fetta.bmp
La pasta del formaggio presenta una frattura non regolare e bella grana.,"Il formaggio presenta una texture morbida che impasta, con qualche cristallo e residuo in bocca.",data/data/images_flat/2018-2019_Trentingrana__2019-01-16__P4a_319_fetta.bmp
La pasta del formaggio è leggermente stirata.,Il formaggio presenta una texture leggermente gommosa.,data/data/images_flat/2018-2019_Trentingrana__2019-01-16__P4a_319_fetta.bmp
"Il formaggio presenta una texture pastosa e compatta, non granulosa, asciutta, con cristalli che lasciano residuo.","Il formaggio presenta una texture morbida e cedevole, che impasta la bocca, con cristalli presenti.",data/data/images_flat/2018-2019_Trentingrana__2019-01-16__P4a_319_fetta.bmp
Il formaggio ha un aroma di crosta di formaggio.,"Il formaggio presenta una texture compatta, adesiva, poco solubile e poco friabile, poco granulosa, con pochi cristalli.",data/data/images_flat/2018-2019_Trentingrana__2019-01-16__P4a_319_fetta.bmp
La pasta del formaggio è stirata in parte e con microocchiatura.,"Il formaggio presenta una texture tenerissima, priva di grana.",data/data/images_flat/2018-2019_Trentingrana__2019-01-16__P4a_319_fetta.bmp
Il formaggio ha un sapore equilibrato con leggera nota salata.,Il formaggio presenta una texture con cristalli presenti e buona solubilità.,data/data/images_flat/2018-2019_Trentingrana__2019-01-16__P4a_319_fetta.bmp
La pasta del formaggio è stirata in parte e con microocchiatura.,Il formaggio presenta una texture con pochi cristalli e molto pastosa.,data/data/images_flat/2018-2019_Trentingrana__2019-01-16__P4a_319_fetta.bmp
Il formaggio ha un profumo di formaggio cotto.,"La crosta del formaggio è mediamente spessa, sfumata su una base scura.",data/data/images_flat/2018-2019_Trentingrana__2019-01-16__P4a_319_fetta.bmp
Il formaggio ha un sapore salato e piccante.,La crosta del formaggio è mediamente spessa con limite sfumato.,data/data/images_flat/2018-2019_Trentingrana__2019-01-16__P4a_319_fetta.bmp
Il formaggio ha un sapore leggermente amaro.,"La crosta del formaggio è sottile e molto fine sulla parte piatta, spessa sugli scalzi.",data/data/images_flat/2018-2019_Trentingrana__2019-01-16__P4a_319_fetta.bmp
"Il formaggio presenta una texture friabile, solubile, con granuli di tirosina presente e friabilità.",La crosta del formaggio è sottile.,data/data/images_flat/2018-2019_Trentingrana__2019-01-16__P4a_319_fetta.bmp
Il formaggio ha un profumo di panna.,La crosta del formaggio è molto sottile sulla faccia superiore.,data/data/images_flat/2018-2019_Trentingrana__2019-01-16__P4a_319_fetta.bmp
"La pasta del formaggio presenta una frattura irregolare e struttura grandiosa, con cristalli evidenti.","La crosta del formaggio è grossa negli scalzi, molto sottile nella parte piatta.",data/data/images_flat/2018-2019_Trentingrana__2019-01-16__P4a_319_fetta.bmp
Il formaggio presenta una texture pastosa e poco solubile.,La pasta del formaggio è stirata con microocchiature centrali e frattura arrotondata.,data/data/images_flat/2018-2019_Trentingrana__2019-01-16__P4a_319_fetta.bmp
La pasta del formaggio è a frattura regolare ma con microocchiatura.,La pasta del formaggio è nettamente stirata al centro con occhiatura centrale di una certa dimensione e frattura buona.,data/data/images_flat/2018-2019_Trentingrana__2019-01-16__P4a_319_fetta.bmp
Il formaggio ha un profumo di panna e brodo vegetale.,La pasta del formaggio è stirata.,data/data/images_flat/2018-2019_Trentingrana__2019-01-16__P4a_319_fetta.bmp
Il formaggio ha un profumo di latte cotto e panna.,La pasta del formaggio presenta una frattura irregolare e microocchiatura localizzata.,data/data/images_flat/2018-2019_Trentingrana__2019-01-16__P4a_319_fetta.bmp
Il formaggio ha un aroma di latte cotto e brodo di carne.,La pasta del formaggio presenta una microocchiatura e zone stirate.,data/data/images_flat/2018-2019_Trentingrana__2019-01-16__P4a_319_fetta.bmp
La crosta del formaggio è mediamente spessa.,"La pasta del formaggio è stirata soprattutto al centro, con microocchiatura in una zona.",data/data/images_flat/2018-2019_Trentingrana__2019-01-16__P4a_319_fetta.bmp
Il formaggio ha un aroma di crosta di formaggio.,"La pasta del formaggio è stirata al centro, con leggera occhiatura e frattura abbastanza regolare.",data/data/images_flat/2018-2019_Trentingrana__2019-01-16__P4a_319_fetta.bmp
La crosta del formaggio è sottile.,La pasta del formaggio è stirata in una grande area con occhiatura non trascurabile.,data/data/images_flat/2018-2019_Trentingrana__2019-01-16__P4a_319_fetta.bmp
Il formaggio ha un sapore equilibrato con retrogusto amaro.,La pasta del formaggio è visibilmente stirata con microocchiatura a tratti.,data/data/images_flat/2018-2019_Trentingrana__2019-01-16__P4a_319_fetta.bmp
Il formaggio ha un profumo di burro fuso con note di tostato e brodo vegetale.,"La pasta del formaggio è stirata fortemente al centro con abbondante occhiatura, anche grossa, nella zona centrale.",data/data/images_flat/2018-2019_Trentingrana__2019-01-16__P4a_319_fetta.bmp
"Il formaggio presenta una texture granulosa, solubile, asciutta, con pochi cristalli.","La pasta del formaggio presenta una frattura irregolare, impugnatura evidente al centro e bocciatura media grossolana.",data/data/images_flat/2018-2019_Trentingrana__2019-01-16__P4a_319_fetta.bmp
Il formaggio ha un profumo di lattici cotti e tostati con note di caffè piuttosto decise.,La pasta del formaggio è di colore molto carico grigiastro con aree scure e una chiazza allungata nella zona sottostante il piatto.,data/data/images_flat/2018-2019_Trentingrana__2019-01-16__P4a_319_fetta.bmp
La pasta del formaggio è stirata con microocchiatura.,"La pasta del formaggio è di colore carico e saturo, con zone più chiare verso gli scalzi.",data/data/images_flat/2018-2019_Trentingrana__2019-01-16__P4a_319_fetta.bmp
Il formaggio ha un profumo di latte cotto e brodo vegetale.,La pasta del formaggio presenta un colore irregolare.,data/data/images_flat/2018-2019_Trentingrana__2019-01-16__P4a_319_fetta.bmp
Il formaggio ha un profumo di crosta.,"La pasta del formaggio è abbastanza omogenea ma di colore carico, con una macchia.",data/data/images_flat/2018-2019_Trentingrana__2019-01-16__P4a_319_fetta.bmp
Il formaggio ha un sapore equilibrato con leggera piccantezza.,La pasta del formaggio è di colore bruno tendente al nocciola con zone rosate.,data/data/images_flat/2018-2019_Trentingrana__2019-01-16__P4a_319_fetta.bmp
La crosta del formaggio è sfumata con spessore mediamente spesso.,La pasta del formaggio è di colore giallo carico con alone rosato.,data/data/images_flat/2018-2019_Trentingrana__2019-01-16__P4a_319_fetta.bmp
Il formaggio ha un sapore equilibrato con acidità prevalente.,La pasta del formaggio presenta macchie rosa di medie dimensioni.,data/data/images_flat/2018-2019_Trentingrana__2019-01-16__P4a_319_fetta.bmp
Il formaggio ha un sapore salato e leggermente piccante.,La pasta del formaggio è di colore eccessivamente carico con evidenti macchie rosate.,data/data/images_flat/2018-2019_Trentingrana__2019-01-16__P4a_319_fetta.bmp
Il formaggio ha un aroma di formaggio cotto.,La pasta del formaggio è di colore molto carico.,data/data/images_flat/2018-2019_Trentingrana__2019-01-16__P4a_319_fetta.bmp
La crosta del formaggio è sottile.,La pasta del formaggio è di colore omogeneamente paglierino carico ambrato.,data/data/images_flat/2018-2019_Trentingrana__2019-01-16__P4a_319_fetta.bmp
Il formaggio ha un profumo di latte e panna con intensità moderata.,"Il formaggio ha un profumo intenso ma poco caratteristico, leggermente stantio e chiuso.",data/data/images_flat/2018-2019_Trentingrana__2019-01-16__P3a_316_fetta.bmp
Il formaggio ha un aroma di brodo di carne.,"Il formaggio ha un profumo di panna e burro cotto, leggero e tostato.",data/data/images_flat/2018-2019_Trentingrana__2019-01-16__P3a_316_fetta.bmp
"La pasta del formaggio presenta una frattura profonda, grana fine, microocchiatura e striature centrali evidenti.",Il formaggio ha un profumo di brodo di carne e burro fuso.,data/data/images_flat/2018-2019_Trentingrana__2019-01-16__P3a_316_fetta.bmp
"La pasta del formaggio presenta una frattura abbastanza regolare, leggermente stirata al centro.","Il formaggio ha un profumo leggermente di stracci sporchi all'inizio, poi di panna vegetale.",data/data/images_flat/2018-2019_Trentingrana__2019-01-16__P3a_316_fetta.bmp
Il formaggio presenta una texture poco solubile.,Il formaggio ha un profumo di cavolfiore con sentore stantio.,data/data/images_flat/2018-2019_Trentingrana__2019-01-16__P3a_316_fetta.bmp
"Il formaggio presenta una texture molto compatta, non granulosa, solubile e leggermente sabbiosa.",Il formaggio ha un profumo di cotto e tostato.,data/data/images_flat/2018-2019_Trentingrana__2019-01-16__P3a_316_fetta.bmp
Il formaggio ha un aroma di crosta di formaggio.,"Il formaggio ha un profumo di intensità moderata con sentori lattei, burro e panna leggermente presente, note di tostato da crosta.",data/data/images_flat/2018-2019_Trentingrana__2019-01-16__P3a_316_fetta.bmp
Il formaggio ha un profumo di panna e burro fuso con note di crosta di formaggio e burro cotto.,"Il formaggio ha un profumo all'apertura pungente quasi ammoniacale, seguito da note tostate decise e speziate, latte cotto quasi bruciato, cacao amaro e caffé.",data/data/images_flat/2018-2019_Trentingrana__2019-01-16__P3a_316_fetta.bmp
"La pasta del formaggio è stirata in una zona, con microocchiatura diffusa.",Il formaggio ha un profumo chiuso.,data/data/images_flat/2018-2019_Trentingrana__2019-01-16__P3a_316_fetta.bmp
La pasta del formaggio presenta una frattura regolare e grana fine.,Il formaggio ha un profumo di burro.,data/data/images_flat/2018-2019_Trentingrana__2019-01-16__P3a_316_fetta.bmp
La pasta del formaggio presenta una frattura irregolare e microocchiatura presente.,Il formaggio ha un profumo di latte crudo con note fruttate.,data/data/images_flat/2018-2019_Trentingrana__2019-01-16__P3a_316_fetta.bmp
Il formaggio ha un profumo di latte e burro fuso con sentori di brodo e verdure cotte.,Il formaggio ha un sapore dolce sapido con buon umami e piccantezza contenuta.,data/data/images_flat/2018-2019_Trentingrana__2019-01-16__P3a_316_fetta.bmp
"Il formaggio ha un sapore salato, acidulo e amaro.",Il formaggio ha un sapore equilibrato con nota acida iniziale.,data/data/images_flat/2018-2019_Trentingrana__2019-01-16__P3a_316_fetta.bmp
"La pasta del formaggio presenta una frattura abbastanza regolare, leggermente stirata al centro e microocchiatura grossolana.",Il formaggio ha un sapore umami accentuato e leggermente piccante.,data/data/images_flat/2018-2019_Trentingrana__2019-01-16__P3a_316_fetta.bmp
"La pasta del formaggio presenta una frattura regolare, grana grossolana e tratti stirati, con microocchiatura a tratti.",Il formaggio ha un sapore dolce.,data/data/images_flat/2018-2019_Trentingrana__2019-01-16__P3a_316_fetta.bmp
Il formaggio ha un aroma di crosta di formaggio.,"Il formaggio ha un sapore non dolce, non amaro, con poco umami.",data/data/images_flat/2018-2019_Trentingrana__2019-01-16__P3a_316_fetta.bmp
"Il formaggio presenta una texture con cristalli presenti, sabbioso-granubilità e leggermente asciutta.","Il formaggio ha un sapore leggermente acido all'inizio, dolciastro nel mezzo, con una punta di amaro nel finale.",data/data/images_flat/2018-2019_Trentingrana__2019-01-16__P3a_316_fetta.bmp
"Il formaggio ha un sapore con acidità elevata, umami eccessivo e piccantezza evidente, non equilibrato.",Il formaggio ha un sapore piccante.,data/data/images_flat/2018-2019_Trentingrana__2019-01-16__P3a_316_fetta.bmp
Il formaggio ha un aroma di brodo e crosta di formaggio.,Il formaggio ha un sapore piccante.,data/data/images_flat/2018-2019_Trentingrana__2019-01-16__P3a_316_fetta.bmp
Il formaggio presenta una texture abbastanza solubile.,Il formaggio ha un sapore piccante e salato.,data/data/images_flat/2018-2019_Trentingrana__2019-01-16__P3a_316_fetta.bmp
"La pasta del formaggio presenta una microocchiatura, frattura irregolare e grana grandiosa, con striature.","Il formaggio ha un aroma con note di sapone e ossidato, meno sgradevole che al naso.",data/data/images_flat/2018-2019_Trentingrana__2019-01-16__P3a_316_fetta.bmp
Il formaggio presenta una texture con cristalli presenti e buona solubilità.,"Il formaggio ha un aroma di panna, burro, latte cotto e tostato, leggero.",data/data/images_flat/2018-2019_Trentingrana__2019-01-16__P3a_316_fetta.bmp
Il formaggio presenta una texture abbastanza solubile.,Il formaggio ha un aroma di brodo animale e leggermente di crosta.,data/data/images_flat/2018-2019_Trentingrana__2019-01-16__P3a_316_fetta.bmp
"Il formaggio presenta una texture morbida, microstruttura grossolana, pochi cristalli.",Il formaggio ha un aroma vegetale balsamico.,data/data/images_flat/2018-2019_Trentingrana__2019-01-16__P3a_316_fetta.bmp
Il formaggio ha un aroma di crosta di formaggio.,Il formaggio ha un aroma leggermente stantio.,data/data/images_flat/2018-2019_Trentingrana__2019-01-16__P3a_316_fetta.bmp
Il formaggio ha un aroma di latte cotto e burro fuso con note di crosta di formaggio.,Il formaggio ha un aroma piacevole ma non tipico del grana.,data/data/images_flat/2018-2019_Trentingrana__2019-01-16__P3a_316_fetta.bmp
Il formaggio ha un profumo di latte e brodo vegetale.,"Il formaggio ha un aroma di nocciola tostata, caramello scuro e brodo di carne.",data/data/images_flat/2018-2019_Trentingrana__2019-01-16__P3a_316_fetta.bmp
Il formaggio ha un profumo di crosta di formaggio e verdura lessa.,Il formaggio ha un aroma difettoso.,data/data/images_flat/2018-2019_Trentingrana__2019-01-16__P3a_316_fetta.bmp
Il formaggio ha un sapore amaro e dolce.,Il formaggio ha un aroma di crosta di formaggio.,data/data/images_flat/2018-2019_Trentingrana__2019-01-16__P3a_316_fetta.bmp
"La pasta del formaggio presenta una frattura abbastanza regolare, grana grossa al centro e più fine verso i piatti.","Il formaggio presenta una texture morbida, poco granulosa, poco solubile, con buona presenza di microcristalli e leggermente adesiva.",data/data/images_flat/2018-2019_Trentingrana__2019-01-16__P3a_316_fetta.bmp
La pasta del formaggio presenta una frattura regolare e grana fine.,"Il formaggio ha una texture che si scioglie bene in bocca, lasciando granelli piccoli e percettibili.",data/data/images_flat/2018-2019_Trentingrana__2019-01-16__P3a_316_fetta.bmp
"La pasta del formaggio presenta una frattura abbastanza regolare, struttura granulosa e compatta, con microocchiatura in una zona centrale, grana grossa.","Il formaggio presenta una texture dura, pasta compatta e poco friabile, grana molto fine, cristalli praticamente assenti, solubile.",data/data/images_flat/2018-2019_Trentingrana__2019-01-16__P3a_316_fetta.bmp
Il formaggio ha un sapore equilibrato.,"Il formaggio presenta una texture granulosa pastosa, pochi cristalli, lascia residuo.",data/data/images_flat/2018-2019_Trentingrana__2019-01-16__P3a_316_fetta.bmp
Il formaggio ha un profumo di brodo.,Il formaggio presenta una texture poco granulosa e pastosa.,data/data/images_flat/2018-2019_Trentingrana__2019-01-16__P3a_316_fetta.bmp
Il formaggio ha un sapore leggermente salato.,"Il formaggio presenta una texture con cristalli rari, tendente al morbido, umida e friabile.",data/data/images_flat/2018-2019_Trentingrana__2019-01-16__P3a_316_fetta.bmp
"La pasta del formaggio presenta una microocchiatura fine e grana abbastanza fine, con un occhio di dimensione e struttura grandi dimensioni.","Il formaggio presenta una texture compatta, poco friabile, poco granulosa, adesiva e quasi senza cristalli.",data/data/images_flat/2018-2019_Trentingrana__2019-01-16__P3a_316_fetta.bmp
"Il formaggio presenta una texture con cristalli, alta solubilità e poca struttura.","Il formaggio presenta una texture molto tenera, grana assente.",data/data/images_flat/2018-2019_Trentingrana__2019-01-16__P3a_316_fetta.bmp
Il formaggio ha un sapore leggermente amaro e salato.,Il formaggio presenta una texture poco umida.,data/data/images_flat/2018-2019_Trentingrana__2019-01-16__P3a_316_fetta.bmp
"La pasta del formaggio presenta una frattura abbastanza regolare, grana grossa al centro e fine verso l'esterno; e sottocrosta stirata.","La crosta del formaggio è molto sottile, con spessore disomogeneo nei due lati.",data/data/images_flat/2018-2019_Trentingrana__2019-01-16__P3a_316_fetta.bmp
"La pasta del formaggio presenta una frattura abbastanza regolare, struttura granulosa e discretamente solubile.","La crosta del formaggio presenta piatti difformi, uno sottile e netto, l'altro con sfumature e spesso.",data/data/images_flat/2018-2019_Trentingrana__2019-01-16__P3a_316_fetta.bmp
"Il formaggio ha un aroma di latte cotto e burro fuso, poco complesso ma abbastanza equilibrato.",La crosta del formaggio è regolare.,data/data/images_flat/2018-2019_Trentingrana__2019-01-16__P3a_316_fetta.bmp
La crosta del formaggio è molto sottile.,La crosta del formaggio è mediamente spessa.,data/data/images_flat/2018-2019_Trentingrana__2019-01-16__P3a_316_fetta.bmp
La pasta del formaggio è stirata.,La crosta del formaggio è sottile.,data/data/images_flat/2018-2019_Trentingrana__2019-01-16__P3a_316_fetta.bmp
"Il formaggio presenta una texture con granuli di tirosina a intensità medio-alta, solubilità e media friabilità leggere.",La crosta del formaggio è sottile su una faccia.,data/data/images_flat/2018-2019_Trentingrana__2019-01-16__P3a_316_fetta.bmp
Il formaggio ha un aroma di latte acido con note di crosta di formaggio.,La crosta del formaggio è sottile.,data/data/images_flat/2018-2019_Trentingrana__2019-01-16__P3a_316_fetta.bmp
Il formaggio ha un sapore salato e leggermente piccante.,La crosta del formaggio è sottile.,data/data/images_flat/2018-2019_Trentingrana__2019-01-16__P3a_316_fetta.bmp
"La pasta del formaggio presenta una frattura abbastanza regolare, struttura grossolana e microocchiatura centrale con occhi piccoli.","La pasta del formaggio è abbastanza fine con striature, uno strappo, cristalli ben visibili e qualche perla.",data/data/images_flat/2018-2019_Trentingrana__2019-01-16__P3a_316_fetta.bmp
Il formaggio ha un sapore leggermente salato.,"La pasta del formaggio presenta uno spacco, buona grana fine e fibre centrali discretamente orientate.",data/data/images_flat/2018-2019_Trentingrana__2019-01-16__P3a_316_fetta.bmp
Il formaggio ha un profumo di latte cotto e brodo di carne con nota di fieno.,La pasta del formaggio presenta una frattura regolare e una crepa interna.,data/data/images_flat/2018-2019_Trentingrana__2019-01-16__P3a_316_fetta.bmp
"La pasta del formaggio presenta una frattura abbastanza regolare, grana fine e microocchiatura diffusa.",La pasta del formaggio presenta uno spacco.,data/data/images_flat/2018-2019_Trentingrana__2019-01-16__P3a_316_fetta.bmp
"Il formaggio presenta una texture con cristalli, alta solubilità e poca struttura.","La pasta del formaggio presenta una frattura regolare, compatta e poco grandiosa, con una fessura.",data/data/images_flat/2018-2019_Trentingrana__2019-01-16__P3a_316_fetta.bmp
"Il formaggio presenta una texture compatta, poco solubile e dura, leggermente asciutta.",La pasta del formaggio presenta strappo evidente.,data/data/images_flat/2018-2019_Trentingrana__2019-01-16__P3a_316_fetta.bmp
"La pasta del formaggio presenta una microocchiatura, frattura irregolare e struttura grandiosa, con aree tendente allo stirato.","La pasta del formaggio presenta una frattura regolare ma presenza di spacco, grana non molto profilata.",data/data/images_flat/2018-2019_Trentingrana__2019-01-16__P3a_316_fetta.bmp
La pasta del formaggio presenta una frattura irregolare e struttura abbastanza omogenea.,"La pasta del formaggio presenta una grossa fessura, grana poco formata e stiratura.",data/data/images_flat/2018-2019_Trentingrana__2019-01-16__P3a_316_fetta.bmp
"La pasta del formaggio presenta una frattura abbastanza regolare, grana fine e microocchiatura diffusa.",La pasta del formaggio presenta una frattura regolare e sfogliatura evidente.,data/data/images_flat/2018-2019_Trentingrana__2019-01-16__P3a_316_fetta.bmp
La pasta del formaggio è stirata con una frattura abbastanza regolare.,La pasta del formaggio presenta un alone più scuro che contrasta con la parte più chiara e qualche macchia rosata.,data/data/images_flat/2018-2019_Trentingrana__2019-01-16__P3a_316_fetta.bmp
"La pasta del formaggio presenta una frattura abbastanza regolare, grana grossolana e microocchiatura presente a tratti.",La pasta del formaggio è di colore giallo carico al centro.,data/data/images_flat/2018-2019_Trentingrana__2019-01-16__P3a_316_fetta.bmp
Il formaggio ha un profumo di latte cotto e panna.,La pasta del formaggio presenta tonalità rosata ai bordi.,data/data/images_flat/2018-2019_Trentingrana__2019-01-16__P3a_316_fetta.bmp
"Il formaggio presenta una texture cedevole ai denti, granulosa e quasi adesiva.",La pasta del formaggio presenta un alone centrale.,data/data/images_flat/2018-2019_Trentingrana__2019-01-16__P3a_316_fetta.bmp
Il formaggio ha un aroma di latte cotto e burro cotto con nota di crosta di formaggio.,La pasta del formaggio è più chiara verso l'esterno con diverse macchie.,data/data/images_flat/2018-2019_Trentingrana__2019-01-16__P3a_316_fetta.bmp
Il formaggio ha un profumo di latte cotto e burro fuso con note di crosta e formaggio cotto in una porzione.,La pasta del formaggio è di colore nocciola al centro.,data/data/images_flat/2018-2019_Trentingrana__2019-01-16__P3a_316_fetta.bmp
Il formaggio ha un aroma di latte acido e yogurt.,La pasta del formaggio è di colore giallo chiaro con macchie rosa.,data/data/images_flat/2018-2019_Trentingrana__2019-01-16__P3a_316_fetta.bmp
Il formaggio ha un sapore dolce e amaro.,La pasta del formaggio presenta un grande alone centrale e piccole macchie rosate.,data/data/images_flat/2018-2019_Trentingrana__2019-01-16__P3a_316_fetta.bmp
Il formaggio ha un aroma di burro fuso e formaggio cotto.,La pasta del formaggio è di colore carico con due macchie rosa.,data/data/images_flat/2018-2019_Trentingrana__2019-01-16__P3a_316_fetta.bmp
La crosta del formaggio è sottile.,"La pasta del formaggio presenta macchie rosa, colore chiaro e alone centrale più scuro.",data/data/images_flat/2018-2019_Trentingrana__2019-01-16__P3a_316_fetta.bmp
La crosta del formaggio è mediamente spessa.,La pasta del formaggio è di colore paglierino omogenamente distribuito.,data/data/images_flat/2018-2019_Trentingrana__2019-01-16__P3a_316_fetta.bmp
Il formaggio ha un sapore leggermente salato.,"Il formaggio ha un profumo mediamente intenso di panna, burro fuso e brodo.",data/data/images_flat/2018-2019_Trentingrana__2019-01-16__P2b_313_fetta.bmp
Il formaggio ha un sapore equilibrato.,"Il formaggio ha un profumo di panna prevalente, seguito da note di vegetale secco e tostato.",data/data/images_flat/2018-2019_Trentingrana__2019-01-16__P2b_313_fetta.bmp
Il formaggio presenta una texture con cristalli presenti.,Il formaggio ha un profumo di burro e latte con leggero sentore di formaggio cotto.,data/data/images_flat/2018-2019_Trentingrana__2019-01-16__P2b_313_fetta.bmp
Il formaggio ha un sapore leggermente piccante.,Il formaggio ha un profumo vegetale.,data/data/images_flat/2018-2019_Trentingrana__2019-01-16__P2b_313_fetta.bmp
Il formaggio ha un sapore leggermente salato.,Il formaggio ha un profumo molto debole.,data/data/images_flat/2018-2019_Trentingrana__2019-01-16__P2b_313_fetta.bmp
Il formaggio ha un aroma di panna.,"Il formaggio ha un profumo leggero e poco complesso con poche note fresche, prevalentemente di cotto, crosta e tostato.",data/data/images_flat/2018-2019_Trentingrana__2019-01-16__P2b_313_fetta.bmp
Il formaggio ha un sapore equilibrato.,Il formaggio ha un profumo molto intenso e positivo.,data/data/images_flat/2018-2019_Trentingrana__2019-01-16__P2b_313_fetta.bmp
Il formaggio ha un aroma di crosta di formaggio.,Il formaggio ha un profumo di panna e brodo vegetale.,data/data/images_flat/2018-2019_Trentingrana__2019-01-16__P2b_313_fetta.bmp
La crosta del formaggio è sottile.,Il formaggio ha un profumo di latte cotto e fieno.,data/data/images_flat/2018-2019_Trentingrana__2019-01-16__P2b_313_fetta.bmp
Il formaggio ha un aroma di panna.,"Il formaggio ha un sapore con sapidità bassa, dolcezza elevata, piccantezza bassa, umami basso e nel complesso scarico.",data/data/images_flat/2018-2019_Trentingrana__2019-01-16__P2b_313_fetta.bmp
Il formaggio ha un aroma di crosta di formaggio.,Il formaggio ha un sapore poco acido con leggermente piccante.,data/data/images_flat/2018-2019_Trentingrana__2019-01-16__P2b_313_fetta.bmp
La crosta del formaggio è mediamente spessa.,Il formaggio ha un sapore equilibrato con leggera piccantezza.,data/data/images_flat/2018-2019_Trentingrana__2019-01-16__P2b_313_fetta.bmp
Il formaggio ha un sapore leggermente salato.,Il formaggio ha un sapore leggermente salato.,data/data/images_flat/2018-2019_Trentingrana__2019-01-16__P2b_313_fetta.bmp
La crosta del formaggio è mediamente spessa.,Il formaggio ha un sapore leggermente salato.,data/data/images_flat/2018-2019_Trentingrana__2019-01-16__P2b_313_fetta.bmp
La pasta del formaggio presenta una frattura irregolare e microocchiatura.,Il formaggio ha un sapore equilibrato e poco salato.,data/data/images_flat/2018-2019_Trentingrana__2019-01-16__P2b_313_fetta.bmp
La crosta del formaggio è mediamente spessa.,Il formaggio ha un sapore equilibrato con note dolci.,data/data/images_flat/2018-2019_Trentingrana__2019-01-16__P2b_313_fetta.bmp
Il formaggio ha un sapore leggermente acido.,Il formaggio ha un sapore poco salato.,data/data/images_flat/2018-2019_Trentingrana__2019-01-16__P2b_313_fetta.bmp
La crosta del formaggio è mediamente spessa.,Il formaggio ha un sapore dolce che pizzica leggermente.,data/data/images_flat/2018-2019_Trentingrana__2019-01-16__P2b_313_fetta.bmp
La crosta del formaggio è mediamente spessa.,Il formaggio ha un sapore scarno di sale.,data/data/images_flat/2018-2019_Trentingrana__2019-01-16__P2b_313_fetta.bmp
La crosta del formaggio è spessa.,"Il formaggio ha un sapore umami, leggermente piccante e leggermente acido.",data/data/images_flat/2018-2019_Trentingrana__2019-01-16__P2b_313_fetta.bmp
Il formaggio ha un aroma di crosta di formaggio.,"Il formaggio ha un aroma di panna, burro e crosta di formaggio.",data/data/images_flat/2018-2019_Trentingrana__2019-01-16__P2b_313_fetta.bmp
Il formaggio presenta una texture con cristalli e buona solubilità.,"Il formaggio ha un aroma di latte cotto, burro e panna.",data/data/images_flat/2018-2019_Trentingrana__2019-01-16__P2b_313_fetta.bmp
La crosta del formaggio è mediamente spessa.,"Il formaggio ha un aroma di panna e burro con nota di crosta di formaggio, leggerissima nota animale di stalla, non negativa.",data/data/images_flat/2018-2019_Trentingrana__2019-01-16__P2b_313_fetta.bmp
"La pasta del formaggio presenta una frattura irregolare, grana fine e microocchiatura.","Il formaggio ha un aroma di panna vegetale, non caratteristico del grana.",data/data/images_flat/2018-2019_Trentingrana__2019-01-16__P2b_313_fetta.bmp
Il formaggio ha un aroma di crosta di grana e latte cotto.,Il formaggio ha un aroma leggero e piacevole.,data/data/images_flat/2018-2019_Trentingrana__2019-01-16__P2b_313_fetta.bmp
Il formaggio ha un sapore equilibrato.,Il formaggio ha un aroma di crosta di grana e brodo di carne.,data/data/images_flat/2018-2019_Trentingrana__2019-01-16__P2b_313_fetta.bmp
"Il formaggio presenta una texture asciutta, granulosa, solubile e leggermente sabbioso.",Il formaggio ha un aroma di leggera crosta.,data/data/images_flat/2018-2019_Trentingrana__2019-01-16__P2b_313_fetta.bmp
"La pasta del formaggio presenta una frattura irregolare, grana fine e microocchiatura.",Il formaggio ha un aroma di crosta di formaggio.,data/data/images_flat/2018-2019_Trentingrana__2019-01-16__P2b_313_fetta.bmp
La pasta del formaggio presenta una frattura irregolare e microocchiatura diffusa.,"Il formaggio presenta una texture leggermente umida, mediamente granulosa e solubile, con pochi cristalli.",data/data/images_flat/2018-2019_Trentingrana__2019-01-16__P2b_313_fetta.bmp
"Il formaggio presenta una texture friabile, solubile, con cristalli di tirosina percepibili.","Il formaggio ha una texture che lascia la bocca abbastanza pulita, con presenza di diversi cristalli.",data/data/images_flat/2018-2019_Trentingrana__2019-01-16__P2b_313_fetta.bmp
"Il formaggio presenta una texture compatta, poco solubile e pastosa.","Il formaggio presenta una texture abbastanza dura, compatta ma friabile, con grana fine e solubile.",data/data/images_flat/2018-2019_Trentingrana__2019-01-16__P2b_313_fetta.bmp
Il formaggio ha un profumo di latte e burro con leggero sentore di crosta.,"Il formaggio presenta una texture morbida con qualche cristallo, asciutta, tende ad impastare, poca grana e si scioglie in bocca.",data/data/images_flat/2018-2019_Trentingrana__2019-01-16__P2b_313_fetta.bmp
La pasta del formaggio è stirata al centro con microocchiatura.,Il formaggio presenta una texture poco pastosa.,data/data/images_flat/2018-2019_Trentingrana__2019-01-16__P2b_313_fetta.bmp
"Il formaggio presenta una texture dura, compatta, grana fine, solubile, con cristalli poco percepibili.","Il formaggio presenta una texture friabile con microstruttura non fine, cristalli numerosi di varie dimensioni, tende ad asciugare le fauci prima della deglutizione.",data/data/images_flat/2018-2019_Trentingrana__2019-01-16__P2b_313_fetta.bmp
Il formaggio ha un sapore leggermente salato.,Il formaggio presenta una texture poco friabile e poco solubile.,data/data/images_flat/2018-2019_Trentingrana__2019-01-16__P2b_313_fetta.bmp
"Il formaggio ha un profumo di latte uht, burro fuso e panna con lieve tostatura.",Il formaggio presenta una texture con poca grana.,data/data/images_flat/2018-2019_Trentingrana__2019-01-16__P2b_313_fetta.bmp
Il formaggio ha un aroma di panna.,Il formaggio presenta una texture con microstruttura assente.,data/data/images_flat/2018-2019_Trentingrana__2019-01-16__P2b_313_fetta.bmp
La crosta del formaggio è sottile.,Il formaggio presenta una texture pastosa.,data/data/images_flat/2018-2019_Trentingrana__2019-01-16__P2b_313_fetta.bmp
"La pasta del formaggio presenta una frattura irregolare, microocchiatura in una porzione e struttura granulosa.",La crosta del formaggio è mediamente spessa.,data/data/images_flat/2018-2019_Trentingrana__2019-01-16__P2b_313_fetta.bmp
Il formaggio ha un profumo di panna.,La crosta del formaggio è spessa agli angoli.,data/data/images_flat/2018-2019_Trentingrana__2019-01-16__P2b_313_fetta.bmp
La crosta del formaggio è mediamente spessa.,La crosta del formaggio è spessa con sottocrosta molto marcato.,data/data/images_flat/2018-2019_Trentingrana__2019-01-16__P2b_313_fetta.bmp
"La pasta del formaggio presenta una frattura irregolare, grana grossolana e microocchiatura diffusa.",La crosta del formaggio è mediamente spessa.,data/data/images_flat/2018-2019_Trentingrana__2019-01-16__P2b_313_fetta.bmp
La pasta del formaggio è stirata in una grande zona e con microocchiatura.,La crosta del formaggio è spessa.,data/data/images_flat/2018-2019_Trentingrana__2019-01-16__P2b_313_fetta.bmp
"Il formaggio presenta una texture friabile, microstruttura fine, cristalli percepibili e solubile.","La pasta del formaggio presenta una frattura irregolare, grana fine e microocchiatura molto fitta anche sotto crosta.",data/data/images_flat/2018-2019_Trentingrana__2019-01-16__P2b_313_fetta.bmp
La crosta del formaggio è mediamente spessa.,"La pasta del formaggio presenta un'occhiatura nel terzo centrale, buona frattura e grana non omogenea per discrezionalità al centro; il rimanente non è fine.",data/data/images_flat/2018-2019_Trentingrana__2019-01-16__P2b_313_fetta.bmp
"Il formaggio presenta una texture friabile, solubile, con granuli di tirosina evidenti.",La pasta del formaggio è stirata con numerosa occhiatura.,data/data/images_flat/2018-2019_Trentingrana__2019-01-16__P2b_313_fetta.bmp
Il formaggio ha un profumo di panna.,La pasta del formaggio presenta una frattura irregolare e microocchiatura diffusa.,data/data/images_flat/2018-2019_Trentingrana__2019-01-16__P2b_313_fetta.bmp
Il formaggio presenta una texture abbastanza solubile.,"La pasta del formaggio presenta una microocchiatura diffusa, zone stirate e occhiatura di notevoli dimensioni in prossimità della sottocrosta.",data/data/images_flat/2018-2019_Trentingrana__2019-01-16__P2b_313_fetta.bmp
"Il formaggio presenta una texture morbida, granulosa, che impasta la bocca, poco solubile e con cristalli percepibili.",La pasta del formaggio è in parte stirata e non omogenea.,data/data/images_flat/2018-2019_Trentingrana__2019-01-16__P2b_313_fetta.bmp
"La pasta del formaggio presenta una microocchiatura, frattura irregolare e struttura grandiosa, con aree tendente allo stirato.","La pasta del formaggio è spinosa, non regolare con occhiatura diffusa.",data/data/images_flat/2018-2019_Trentingrana__2019-01-16__P2b_313_fetta.bmp
"La pasta del formaggio presenta una frattura irregolare, grana poco profilata ma grumosa.","La pasta del formaggio è stirata, con occhiatura diffusa soprattutto in una metà della forma e sotto un piatto nell'altra metà.",data/data/images_flat/2018-2019_Trentingrana__2019-01-16__P2b_313_fetta.bmp
Il formaggio ha un sapore dolce sapido con umami medio e piccantezza poco marcata.,"La pasta del formaggio è difettosa, stirata, con zona con microocchiatura diffusa.",data/data/images_flat/2018-2019_Trentingrana__2019-01-16__P2b_313_fetta.bmp
"La pasta del formaggio presenta una frattura irregolare, grana fine e microocchiatura diffusa.","La pasta del formaggio presenta una frattura evidente e striature, struttura assente.",data/data/images_flat/2018-2019_Trentingrana__2019-01-16__P2b_313_fetta.bmp
Il formaggio ha un profumo di latte e panna.,"La pasta del formaggio presenta un lato spugnoso e struttura disomogenea, colore paglierino carico.",data/data/images_flat/2018-2019_Trentingrana__2019-01-16__P2b_313_fetta.bmp
Il formaggio ha un aroma di panna.,La pasta del formaggio presenta aloni nella zona occhiata evidenziati dalla frattura.,data/data/images_flat/2018-2019_Trentingrana__2019-01-16__P2b_313_fetta.bmp
La pasta del formaggio presenta una frattura irregolare e microocchiatura diffusa.,La pasta del formaggio è di colore omogeneo e non carico.,data/data/images_flat/2018-2019_Trentingrana__2019-01-16__P2b_313_fetta.bmp
Il formaggio ha un aroma di crosta di formaggio.,La pasta del formaggio è di colore omogeneo.,data/data/images_flat/2018-2019_Trentingrana__2019-01-16__P2b_313_fetta.bmp
"Il formaggio ha un profumo di latte cotto e brodo di carne con note di tostato, burro fuso.",La pasta del formaggio è di colore carico abbastanza omogeneo.,data/data/images_flat/2018-2019_Trentingrana__2019-01-16__P2b_313_fetta.bmp
Il formaggio ha un profumo di latte crudo con note di panna e burro fuso.,La pasta del formaggio è di colore carico tendente al bruno.,data/data/images_flat/2018-2019_Trentingrana__2019-01-16__P2b_313_fetta.bmp
Il formaggio ha un aroma di brodo di carne.,La pasta del formaggio è di colore giallo chiaro.,data/data/images_flat/2018-2019_Trentingrana__2019-01-16__P2b_313_fetta.bmp
La crosta del formaggio è sottile.,La pasta del formaggio presenta un alone nella zona con maggiore occhiatura.,data/data/images_flat/2018-2019_Trentingrana__2019-01-16__P2b_313_fetta.bmp
La crosta del formaggio è mediamente spessa.,La pasta del formaggio è di colore giallo carico e omogeneo.,data/data/images_flat/2018-2019_Trentingrana__2019-01-16__P2b_313_fetta.bmp
La pasta del formaggio è stirata al centro con microocchiatura in una porzione.,La pasta del formaggio è di colore chiaro con macchie rosate.,data/data/images_flat/2018-2019_Trentingrana__2019-01-16__P2b_313_fetta.bmp
La crosta del formaggio è mediamente spessa.,La pasta del formaggio è di colore paglierino carico omogeneo con riflesso verdognolo.,data/data/images_flat/2018-2019_Trentingrana__2019-01-16__P2b_313_fetta.bmp
"La pasta del formaggio è a grana fine, con buona frattura.","Il formaggio ha un profumo poco pulito con note pungenti, sentori di pozzo e acqua stagnante.",data/data/images_flat/2018-2019_Trentingrana__2018-10-03__P6b_330_fetta.bmp
Il formaggio ha un profumo di burro fuso e latte cotto con nota di crosta.,Il formaggio ha un profumo impercettibile.,data/data/images_flat/2018-2019_Trentingrana__2018-10-03__P6b_330_fetta.bmp
La crosta del formaggio è spessa.,Il formaggio ha un profumo di latte acidino.,data/data/images_flat/2018-2019_Trentingrana__2018-10-03__P6b_330_fetta.bmp
Il formaggio ha un profumo di brodo.,Il formaggio ha un profumo intenso di grana e formaggio fuso.,data/data/images_flat/2018-2019_Trentingrana__2018-10-03__P6b_330_fetta.bmp
Il formaggio presenta una texture poco solubile.,Il formaggio ha un profumo fermentato con note animali.,data/data/images_flat/2018-2019_Trentingrana__2018-10-03__P6b_330_fetta.bmp
"Il formaggio ha un sapore leggermente piccante e salato, quasi bruciante.","Il formaggio ha un profumo di stalla e nota fecale al primo olfatto, poi dissolve; complesso poco sviluppato e maturo.",data/data/images_flat/2018-2019_Trentingrana__2018-10-03__P6b_330_fetta.bmp
La pasta del formaggio è ruvida e grossolana.,"Il formaggio ha un profumo di burro fuso e brodo, note leggere di emmental.",data/data/images_flat/2018-2019_Trentingrana__2018-10-03__P6b_330_fetta.bmp
"Il formaggio presenta una texture asciutta, granulosa con cristalli e poco solubile.","Il formaggio ha un sapore dolce sapido con nota acida, umami contenuto e piccantezza abbastanza marcata.",data/data/images_flat/2018-2019_Trentingrana__2018-10-03__P6b_330_fetta.bmp
"Il formaggio presenta una texture friabile, con microstruttura fine, cristalli e finale deliquescente nel finale di bocca.",Il formaggio ha un sapore poco caratteristico.,data/data/images_flat/2018-2019_Trentingrana__2018-10-03__P6b_330_fetta.bmp
Il formaggio ha un profumo di brodo.,Il formaggio ha un sapore piccante.,data/data/images_flat/2018-2019_Trentingrana__2018-10-03__P6b_330_fetta.bmp
"Il formaggio presenta una texture friabile, solubile, con tirosina presente e sensazione astringente.",Il formaggio ha un sapore salato e leggermente piccante.,data/data/images_flat/2018-2019_Trentingrana__2018-10-03__P6b_330_fetta.bmp
La crosta del formaggio è molto spessa.,Il formaggio ha un sapore dolciastro e leggermente piccante.,data/data/images_flat/2018-2019_Trentingrana__2018-10-03__P6b_330_fetta.bmp
La crosta del formaggio è sottile.,Il formaggio ha un sapore equilibrato con note dolci.,data/data/images_flat/2018-2019_Trentingrana__2018-10-03__P6b_330_fetta.bmp
La crosta del formaggio è mediamente spessa.,Il formaggio ha un sapore acido e amaro.,data/data/images_flat/2018-2019_Trentingrana__2018-10-03__P6b_330_fetta.bmp
Il formaggio ha un sapore leggermente amaro.,"Il formaggio ha un sapore pungente, salato e piccante.",data/data/images_flat/2018-2019_Trentingrana__2018-10-03__P6b_330_fetta.bmp
La crosta del formaggio è spessa.,Il formaggio ha un sapore molto umami.,data/data/images_flat/2018-2019_Trentingrana__2018-10-03__P6b_330_fetta.bmp
"La pasta del formaggio presenta una bella frattura e grana presente, ma con evidente area spugnosa al centro.","Il formaggio ha un aroma lattico di burro fuso con lievi note lattiche acide, equilibrato nel complesso.",data/data/images_flat/2018-2019_Trentingrana__2018-10-03__P6b_330_fetta.bmp
"La pasta del formaggio è granulosa e ruvida, con disomogeneità accentuata al centro.",Il formaggio ha un aroma povero di carattere.,data/data/images_flat/2018-2019_Trentingrana__2018-10-03__P6b_330_fetta.bmp
Il formaggio ha un profumo di latte e brodo.,Il formaggio ha un aroma cotto.,data/data/images_flat/2018-2019_Trentingrana__2018-10-03__P6b_330_fetta.bmp
Il formaggio ha un profumo di latte acido e yogurt.,Il formaggio ha un aroma lattico acido.,data/data/images_flat/2018-2019_Trentingrana__2018-10-03__P6b_330_fetta.bmp
La pasta del formaggio è di colore omogeneo.,Il formaggio ha un aroma di burro e grana.,data/data/images_flat/2018-2019_Trentingrana__2018-10-03__P6b_330_fetta.bmp
"Il formaggio presenta una texture granulosa, asciutta, con cristalli e solubile.",Il formaggio ha un aroma con puzza indefinita.,data/data/images_flat/2018-2019_Trentingrana__2018-10-03__P6b_330_fetta.bmp
Il formaggio presenta una texture granulosa e solubile.,Il formaggio ha un aroma cotto intenso.,data/data/images_flat/2018-2019_Trentingrana__2018-10-03__P6b_330_fetta.bmp
La pasta del formaggio è di colore carico aranciato.,"Il formaggio presenta una texture cedevole, poco granulosa, umida e quasi adesiva.",data/data/images_flat/2018-2019_Trentingrana__2018-10-03__P6b_330_fetta.bmp
La pasta del formaggio è granulosa con struttura regolare.,"Il formaggio presenta una texture compatta, molto solubile ma poco friabile, con poca grana.",data/data/images_flat/2018-2019_Trentingrana__2018-10-03__P6b_330_fetta.bmp
La pasta del formaggio presenta una bella grana e frattura regolare.,"Il formaggio presenta una texture morbida, asciutta e poco granulosa.",data/data/images_flat/2018-2019_Trentingrana__2018-10-03__P6b_330_fetta.bmp
La pasta del formaggio è di colore chiaro uniforme.,Il formaggio presenta una texture adesiva.,data/data/images_flat/2018-2019_Trentingrana__2018-10-03__P6b_330_fetta.bmp
Il formaggio ha un profumo di burro fuso e formaggio cotto.,"Il formaggio presenta una texture molto morbida, umida e pastosa, con pochi granuli.",data/data/images_flat/2018-2019_Trentingrana__2018-10-03__P6b_330_fetta.bmp
Il formaggio presenta una texture granulosa con cristalli poco solubili.,Il formaggio presenta una texture leggermente umida con cristalli percettibili.,data/data/images_flat/2018-2019_Trentingrana__2018-10-03__P6b_330_fetta.bmp
La crosta del formaggio è sottile.,"Il formaggio presenta una texture umida, fondente a fine bocca.",data/data/images_flat/2018-2019_Trentingrana__2018-10-03__P6b_330_fetta.bmp
"Il formaggio presenta una texture asciutta, granulosa con cristalli e ben solubile.","Il formaggio presenta una texture umida, morbida e solubile.",data/data/images_flat/2018-2019_Trentingrana__2018-10-03__P6b_330_fetta.bmp
Il formaggio presenta una texture leggermente sabbioso-granulosa con pochi cristalli.,"La crosta del formaggio presenta una parte piatta e scalzo ben definiti, spessore medio e spigoli pronunciati.",data/data/images_flat/2018-2019_Trentingrana__2018-10-03__P6b_330_fetta.bmp
Il formaggio ha un profumo di brodo.,La crosta del formaggio è mediamente spessa.,data/data/images_flat/2018-2019_Trentingrana__2018-10-03__P6b_330_fetta.bmp
Il formaggio ha un sapore leggermente salato.,La crosta del formaggio è spessa.,data/data/images_flat/2018-2019_Trentingrana__2018-10-03__P6b_330_fetta.bmp
La pasta del formaggio è di colore omogeneo.,La crosta del formaggio è regolare.,data/data/images_flat/2018-2019_Trentingrana__2018-10-03__P6b_330_fetta.bmp
La crosta del formaggio è molto sottile.,La crosta del formaggio è sottile.,data/data/images_flat/2018-2019_Trentingrana__2018-10-03__P6b_330_fetta.bmp
"La pasta del formaggio presenta una bella frattura e grana presente, ma con evidente area spugnosa al centro.","La crosta del formaggio è sottile, di colore chiaro.",data/data/images_flat/2018-2019_Trentingrana__2018-10-03__P6b_330_fetta.bmp
Il formaggio ha un profumo di brodo.,La crosta del formaggio è sottile.,data/data/images_flat/2018-2019_Trentingrana__2018-10-03__P6b_330_fetta.bmp
"Il formaggio presenta una texture molto pastosa e oleosa, con cristalli abbondanti, troppo morbida.",La crosta del formaggio è mediamente spessa.,data/data/images_flat/2018-2019_Trentingrana__2018-10-03__P6b_330_fetta.bmp
La pasta del formaggio è granulosa e compatta.,"La pasta del formaggio è irregolare e gessata, non dovuta a macchie di umidità.",data/data/images_flat/2018-2019_Trentingrana__2018-10-03__P6b_330_fetta.bmp
La pasta del formaggio presenta una bella grana sia grossolana che fine e frattura omogenea.,La pasta del formaggio è irregolare con zona centrale caratterizzata da strappi fitti e piccoli.,data/data/images_flat/2018-2019_Trentingrana__2018-10-03__P6b_330_fetta.bmp
Il formaggio ha un profumo di latte e brodo.,"La pasta del formaggio è grandiosa e leggermente grossolana, con lieve struttura centrale e frattura ottima.",data/data/images_flat/2018-2019_Trentingrana__2018-10-03__P6b_330_fetta.bmp
Il formaggio presenta una texture molto friabile e solubile.,La pasta del formaggio è omogenea.,data/data/images_flat/2018-2019_Trentingrana__2018-10-03__P6b_330_fetta.bmp
La pasta del formaggio è granulosa e omogenea con microocchiatura.,"La pasta del formaggio presenta zone umide e più chiare, leggera frattura su un piatto.",data/data/images_flat/2018-2019_Trentingrana__2018-10-03__P6b_330_fetta.bmp
La pasta del formaggio è granulosa con frattura abbastanza regolare e presenza di occhiatura.,La pasta del formaggio è sfogliata e gessata.,data/data/images_flat/2018-2019_Trentingrana__2018-10-03__P6b_330_fetta.bmp
"Il formaggio presenta una texture granulosa, asciutta, con cristalli che lasciano un poco di residuo.","La pasta del formaggio presenta rigeneratrice nel senso del piatto, altrimenti grana omogenea.",data/data/images_flat/2018-2019_Trentingrana__2018-10-03__P6b_330_fetta.bmp
Il formaggio ha un profumo di brodo.,La pasta del formaggio presenta piccoli spacchi e grana non bella.,data/data/images_flat/2018-2019_Trentingrana__2018-10-03__P6b_330_fetta.bmp
Il formaggio ha un sapore equilibrato con leggera piccantezza.,La pasta del formaggio è stirata al centro con diversi micro strappi e disomogenea.,data/data/images_flat/2018-2019_Trentingrana__2018-10-03__P6b_330_fetta.bmp
La crosta del formaggio è sottile.,"La pasta del formaggio presenta una bella frattura e grana presente, zona tendente allo stirato e alla foglia, aree umide quasi gessate.",data/data/images_flat/2018-2019_Trentingrana__2018-10-03__P6b_330_fetta.bmp
Il formaggio ha un sapore salato umami e leggermente piccante.,La pasta del formaggio è grandiosa e grossolana.,data/data/images_flat/2018-2019_Trentingrana__2018-10-03__P6b_330_fetta.bmp
"Il formaggio presenta una texture friabile, cedevole al dente, morbida, con cristalli ben percepibili e grossi.",La pasta del formaggio è di colore chiaro tendente al verde grigio.,data/data/images_flat/2018-2019_Trentingrana__2018-10-03__P6b_330_fetta.bmp
La pasta del formaggio presenta una frattura abbastanza regolare e grana grossolana.,La pasta del formaggio è di colore omogeneo e chiaro.,data/data/images_flat/2018-2019_Trentingrana__2018-10-03__P6b_330_fetta.bmp
Il formaggio ha un profumo di burro fuso e formaggio cotto.,La pasta del formaggio è di colore chiaro e uniforme ma con tonalità non tipica.,data/data/images_flat/2018-2019_Trentingrana__2018-10-03__P6b_330_fetta.bmp
La crosta del formaggio è sottile e marcata.,La pasta del formaggio è di colore paglierino omogeneo.,data/data/images_flat/2018-2019_Trentingrana__2018-10-03__P6b_330_fetta.bmp
"Il formaggio presenta una texture friabile, microstruttura fine, cristalli e che lascia un pezzo in bocca.",La pasta del formaggio presenta leggera tonalità verdastra negli angoli.,data/data/images_flat/2018-2019_Trentingrana__2018-10-03__P6b_330_fetta.bmp
Il formaggio ha un sapore leggermente salato.,La pasta del formaggio è di colore chiaro con leggero alone centrale.,data/data/images_flat/2018-2019_Trentingrana__2018-10-03__P6b_330_fetta.bmp
Il formaggio ha un sapore leggermente piccante.,"La pasta del formaggio è omogenea e di colore bello, salvo le zone gessate.",data/data/images_flat/2018-2019_Trentingrana__2018-10-03__P6b_330_fetta.bmp
La crosta del formaggio è sottile.,La pasta del formaggio è di colore giallo tendente al chiaro con aree verdognole.,data/data/images_flat/2018-2019_Trentingrana__2018-10-03__P6b_330_fetta.bmp
Il formaggio ha un sapore piccante.,Il formaggio ha un profumo non molto intenso con nota fruttata.,data/data/images_flat/2018-2019_Trentingrana__2018-10-03__P2b_305_fetta.bmp
"Il formaggio presenta una texture compatta, poco friabile e deformabile.",Il formaggio ha un profumo di verdura lessa.,data/data/images_flat/2018-2019_Trentingrana__2018-10-03__P2b_305_fetta.bmp
Il formaggio ha un sapore leggermente piccante e salato.,Il formaggio ha un profumo di burro fuso.,data/data/images_flat/2018-2019_Trentingrana__2018-10-03__P2b_305_fetta.bmp
La pasta del formaggio è di colore abbastanza chiaro e omogeneo.,Il formaggio ha un profumo di ananas leggero.,data/data/images_flat/2018-2019_Trentingrana__2018-10-03__P2b_305_fetta.bmp
Il formaggio presenta una texture con cristalli e buona solubilità.,Il formaggio ha un profumo di mela con note di tostatura.,data/data/images_flat/2018-2019_Trentingrana__2018-10-03__P2b_305_fetta.bmp
La pasta del formaggio è stirata con qualche microocchiatura.,Il formaggio ha un profumo lieve.,data/data/images_flat/2018-2019_Trentingrana__2018-10-03__P2b_305_fetta.bmp
Il formaggio ha un sapore leggermente acido.,Il formaggio ha un profumo con note di rancido.,data/data/images_flat/2018-2019_Trentingrana__2018-10-03__P2b_305_fetta.bmp
La pasta del formaggio è stirata con microocchiatura.,"Il formaggio ha un sapore dolce sapido con leggera acidità, umami abbastanza intenso e abbastanza equilibrato.",data/data/images_flat/2018-2019_Trentingrana__2018-10-03__P2b_305_fetta.bmp
La pasta del formaggio è di colore carico al centro.,Il formaggio ha un sapore umami con leggera piccantezza al finale.,data/data/images_flat/2018-2019_Trentingrana__2018-10-03__P2b_305_fetta.bmp
Il formaggio ha un sapore leggermente salato.,Il formaggio ha un sapore piccante e poco salato.,data/data/images_flat/2018-2019_Trentingrana__2018-10-03__P2b_305_fetta.bmp
Il formaggio ha un sapore poco salato e piccante.,Il formaggio ha un sapore salato e dolce con una lieve piccantezza.,data/data/images_flat/2018-2019_Trentingrana__2018-10-03__P2b_305_fetta.bmp
Il formaggio ha un profumo di burro fuso e panna.,Il formaggio ha un sapore medio equilibrato con piccole note piccanti.,data/data/images_flat/2018-2019_Trentingrana__2018-10-03__P2b_305_fetta.bmp
La crosta del formaggio è sottile.,Il formaggio ha un sapore abbastanza neutro.,data/data/images_flat/2018-2019_Trentingrana__2018-10-03__P2b_305_fetta.bmp
La pasta del formaggio è di colore paglierino chiaro con alone leggermente più scuro.,"Il formaggio ha un sapore quasi carente di sale e piccante, con squilibrio complessivo.",data/data/images_flat/2018-2019_Trentingrana__2018-10-03__P2b_305_fetta.bmp
La pasta del formaggio è di colore molto carico al centro.,Il formaggio ha un sapore piccante e amaro.,data/data/images_flat/2018-2019_Trentingrana__2018-10-03__P2b_305_fetta.bmp
La crosta del formaggio è mediamente spessa.,Il formaggio ha un aroma lattico dominante con note fruttate e proprioniche.,data/data/images_flat/2018-2019_Trentingrana__2018-10-03__P2b_305_fetta.bmp
Il formaggio ha un profumo di latte e brodo vegetale.,Il formaggio ha un aroma di brodo animale e vegetale.,data/data/images_flat/2018-2019_Trentingrana__2018-10-03__P2b_305_fetta.bmp
"Il formaggio presenta una texture asciutta, granulosa, poco solubile, con pochi cristalli.",Il formaggio ha un aroma di panna.,data/data/images_flat/2018-2019_Trentingrana__2018-10-03__P2b_305_fetta.bmp
Il formaggio presenta una texture leggermente adesiva.,Il formaggio ha un aroma di latte cotto leggero.,data/data/images_flat/2018-2019_Trentingrana__2018-10-03__P2b_305_fetta.bmp
La pasta del formaggio è di colore paglierino chiaro con alone leggermente più scuro.,Il formaggio ha un aroma di provolone.,data/data/images_flat/2018-2019_Trentingrana__2018-10-03__P2b_305_fetta.bmp
Il formaggio presenta una texture pastosa.,Il formaggio ha un aroma di crosta e cotto con note rancide.,data/data/images_flat/2018-2019_Trentingrana__2018-10-03__P2b_305_fetta.bmp
La pasta del formaggio presenta una microocchiatura.,"Il formaggio presenta una texture umida, poco granulosa e poco solubile.",data/data/images_flat/2018-2019_Trentingrana__2018-10-03__P2b_305_fetta.bmp
"Il formaggio ha un sapore acido, umami e leggermente piccante.",Il formaggio presenta una texture con pochissimi granuli di tirosina.,data/data/images_flat/2018-2019_Trentingrana__2018-10-03__P2b_305_fetta.bmp
Il formaggio ha un sapore molto salato con umami.,Il formaggio presenta una texture morbida con poca grana.,data/data/images_flat/2018-2019_Trentingrana__2018-10-03__P2b_305_fetta.bmp
Il formaggio ha un sapore leggermente acido e salato.,Il formaggio presenta una texture leggermente granulosa.,data/data/images_flat/2018-2019_Trentingrana__2018-10-03__P2b_305_fetta.bmp
"Il formaggio presenta una texture morbida, asciutta e con cristalli percepibili.","Il formaggio presenta una texture morbido pastoso, umidità media e granuli mediamente alti.",data/data/images_flat/2018-2019_Trentingrana__2018-10-03__P2b_305_fetta.bmp
"Il formaggio presenta una texture poco friabile, compatta, poco granulosa e abbastanza solubile.",Il formaggio presenta una texture pastosa.,data/data/images_flat/2018-2019_Trentingrana__2018-10-03__P2b_305_fetta.bmp
La pasta del formaggio è di colore carico grigiastro con aree rossastre e fascia chiara sotto un piatto.,Il formaggio presenta una texture morbida che impasta la bocca.,data/data/images_flat/2018-2019_Trentingrana__2018-10-03__P2b_305_fetta.bmp
Il formaggio ha un sapore equilibrato con note dolci piacevoli all'inizio e finale leggermente acidulo.,"Il formaggio presenta una texture morbida, umida, con cristalli.",data/data/images_flat/2018-2019_Trentingrana__2018-10-03__P2b_305_fetta.bmp
Il formaggio ha un profumo di panna.,"La crosta del formaggio presenta una parte piatta e scalzo mediamente spessi, spigoli pronunciati.",data/data/images_flat/2018-2019_Trentingrana__2018-10-03__P2b_305_fetta.bmp
La pasta del formaggio presenta una frattura irregolare e leggere striature.,La crosta del formaggio presenta unghia marcata sugli scalzi.,data/data/images_flat/2018-2019_Trentingrana__2018-10-03__P2b_305_fetta.bmp
Il formaggio presenta una texture leggermente adesiva.,La crosta del formaggio è mediamente spessa.,data/data/images_flat/2018-2019_Trentingrana__2018-10-03__P2b_305_fetta.bmp
La crosta del formaggio è sottile.,"La crosta del formaggio è sottile, di colore chiaro.",data/data/images_flat/2018-2019_Trentingrana__2018-10-03__P2b_305_fetta.bmp
La pasta del formaggio presenta una frattura irregolare e leggere striature.,La crosta del formaggio è sottile.,data/data/images_flat/2018-2019_Trentingrana__2018-10-03__P2b_305_fetta.bmp
Il formaggio ha un sapore leggermente acido.,La pasta del formaggio non è omogenea con aree stirate.,data/data/images_flat/2018-2019_Trentingrana__2018-10-03__P2b_305_fetta.bmp
La crosta del formaggio è molto sottile.,La pasta del formaggio è stirata con frattura circolare e microocchiatura fine.,data/data/images_flat/2018-2019_Trentingrana__2018-10-03__P2b_305_fetta.bmp
La pasta del formaggio è stirata con microocchiatura.,"La pasta del formaggio è a tratti poco evoluta e leggermente stirata, con frattura buona.",data/data/images_flat/2018-2019_Trentingrana__2018-10-03__P2b_305_fetta.bmp
Il formaggio ha un sapore con elevata sapidità e piccantezza.,La pasta del formaggio presenta cristalli e occhiatura centrale.,data/data/images_flat/2018-2019_Trentingrana__2018-10-03__P2b_305_fetta.bmp
"Il formaggio presenta una texture morbida, granulosa, che impasta la bocca, poco solubile, con qualche cristallo.","La pasta del formaggio è stirata con microocchiatura al centro, disomogenea e gessata.",data/data/images_flat/2018-2019_Trentingrana__2018-10-03__P2b_305_fetta.bmp
Il formaggio ha un sapore piccante e salato.,La pasta del formaggio presenta una microocchiatura centrale.,data/data/images_flat/2018-2019_Trentingrana__2018-10-03__P2b_305_fetta.bmp
"Il formaggio presenta una texture pastosa, poco granulosa, asciutta, con pochi cristalli.","La pasta del formaggio presenta qualche frattura, microocchiatura diffusa e leggera stiratura, disomogenea.",data/data/images_flat/2018-2019_Trentingrana__2018-10-03__P2b_305_fetta.bmp
La crosta del formaggio è mediamente spessa.,"La pasta del formaggio presenta una frattura regolare, stiratura a tratti e micro occhiatura.",data/data/images_flat/2018-2019_Trentingrana__2018-10-03__P2b_305_fetta.bmp
La pasta del formaggio presenta una frattura irregolare e struttura compatta.,La pasta del formaggio è leggermente stirata con poco agglomerato congelato.,data/data/images_flat/2018-2019_Trentingrana__2018-10-03__P2b_305_fetta.bmp
Il formaggio ha un profumo di latte cotto e brodo di carne.,La pasta del formaggio è di colore molto carico al centro.,data/data/images_flat/2018-2019_Trentingrana__2018-10-03__P2b_305_fetta.bmp
Il formaggio ha un profumo di frutta matura con intensità alta.,La pasta del formaggio è scura con alone centrale rosa.,data/data/images_flat/2018-2019_Trentingrana__2018-10-03__P2b_305_fetta.bmp
Il formaggio presenta una texture pastosa e poco solubile.,"La pasta del formaggio è di colore estremamente carico al centro, molto più chiara in un angolo.",data/data/images_flat/2018-2019_Trentingrana__2018-10-03__P2b_305_fetta.bmp
La pasta del formaggio è stirata al centro con microocchiatura.,La pasta del formaggio presenta un alone centrale tendente al rosato.,data/data/images_flat/2018-2019_Trentingrana__2018-10-03__P2b_305_fetta.bmp
"Il formaggio presenta una texture morbida, poco granulosa, che impasta la bocca, con qualche cristallo e poco solubile.",La pasta del formaggio è più chiara verso gli scalzi.,data/data/images_flat/2018-2019_Trentingrana__2018-10-03__P2b_305_fetta.bmp
La pasta del formaggio è stirata al centro con microocchiatura.,La pasta del formaggio presenta centro più carico.,data/data/images_flat/2018-2019_Trentingrana__2018-10-03__P2b_305_fetta.bmp
La pasta del formaggio è di colore giallo carico al centro e più chiara ai lati.,La pasta del formaggio presenta un alone centrale nocciola e differenza di colore fra le zone.,data/data/images_flat/2018-2019_Trentingrana__2018-10-03__P2b_305_fetta.bmp
La pasta del formaggio è stirata con microocchiatura.,La pasta del formaggio presenta evidenti aloni rosa.,data/data/images_flat/2018-2019_Trentingrana__2018-10-03__P2b_305_fetta.bmp
La crosta del formaggio è mediamente spessa.,La pasta del formaggio è di colore molto scuro con aree non omogenee.,data/data/images_flat/2018-2019_Trentingrana__2018-10-03__P2b_305_fetta.bmp
Il formaggio presenta una texture asciutta.,Il formaggio ha un profumo non molto intenso con nota fruttata.,data/data/images_flat/2018-2019_Trentingrana__2018-10-03__P2a_305_fetta.bmp
Il formaggio ha un profumo di panna e burro.,Il formaggio ha un profumo di verdura lessa.,data/data/images_flat/2018-2019_Trentingrana__2018-10-03__P2a_305_fetta.bmp
"La pasta del formaggio presenta una frattura irregolare, grana fine e microocchiatura.",Il formaggio ha un profumo di burro fuso.,data/data/images_flat/2018-2019_Trentingrana__2018-10-03__P2a_305_fetta.bmp
"Il formaggio presenta una texture asciutta, granulosa, che impasta la bocca, con cristalli poco percepibili.",Il formaggio ha un profumo di ananas leggero.,data/data/images_flat/2018-2019_Trentingrana__2018-10-03__P2a_305_fetta.bmp
"La pasta del formaggio è granulosa, tendente a impastare.",Il formaggio ha un profumo di mela con note di tostatura.,data/data/images_flat/2018-2019_Trentingrana__2018-10-03__P2a_305_fetta.bmp
"Il formaggio ha un profumo di grana, nocciola e burro.",Il formaggio ha un profumo lieve.,data/data/images_flat/2018-2019_Trentingrana__2018-10-03__P2a_305_fetta.bmp
Il formaggio ha un sapore acido e amaro.,Il formaggio ha un profumo con note di rancido.,data/data/images_flat/2018-2019_Trentingrana__2018-10-03__P2a_305_fetta.bmp
"Il formaggio presenta una texture asciutta, granulosa, con cristalli e solubile.","Il formaggio ha un sapore dolce sapido con leggera acidità, umami abbastanza intenso e abbastanza equilibrato.",data/data/images_flat/2018-2019_Trentingrana__2018-10-03__P2a_305_fetta.bmp
Il formaggio ha un sapore equilibrato con note dolci piacevoli all'inizio e finale leggermente acidulo.,Il formaggio ha un sapore umami con leggera piccantezza al finale.,data/data/images_flat/2018-2019_Trentingrana__2018-10-03__P2a_305_fetta.bmp
La crosta del formaggio è sottile.,Il formaggio ha un sapore piccante e poco salato.,data/data/images_flat/2018-2019_Trentingrana__2018-10-03__P2a_305_fetta.bmp
La crosta del formaggio è sottile.,Il formaggio ha un sapore salato e dolce con una lieve piccantezza.,data/data/images_flat/2018-2019_Trentingrana__2018-10-03__P2a_305_fetta.bmp
"La crosta del formaggio è sottile, con spessore più evidente negli angoli.",Il formaggio ha un sapore medio equilibrato con piccole note piccanti.,data/data/images_flat/2018-2019_Trentingrana__2018-10-03__P2a_305_fetta.bmp
La crosta del formaggio è sottile.,Il formaggio ha un sapore abbastanza neutro.,data/data/images_flat/2018-2019_Trentingrana__2018-10-03__P2a_305_fetta.bmp
Il formaggio ha un sapore piccante e salato.,"Il formaggio ha un sapore quasi carente di sale e piccante, con squilibrio complessivo.",data/data/images_flat/2018-2019_Trentingrana__2018-10-03__P2a_305_fetta.bmp
"La pasta del formaggio presenta una frattura abbastanza regolare, grana media, occhiatura diffusa e alla stiratura in altre zone.",Il formaggio ha un sapore piccante e amaro.,data/data/images_flat/2018-2019_Trentingrana__2018-10-03__P2a_305_fetta.bmp
"Il formaggio presenta una texture asciutta, granulosa, con cristalli e poco solubile.",Il formaggio ha un aroma lattico dominante con note fruttate e proprioniche.,data/data/images_flat/2018-2019_Trentingrana__2018-10-03__P2a_305_fetta.bmp
La pasta del formaggio è grossolana con zone caratterizzate da micro fratture e microocchiatura.,Il formaggio ha un aroma di brodo animale e vegetale.,data/data/images_flat/2018-2019_Trentingrana__2018-10-03__P2a_305_fetta.bmp
"Il formaggio presenta una texture asciutta, poco solubile, lascia residuo.",Il formaggio ha un aroma di panna.,data/data/images_flat/2018-2019_Trentingrana__2018-10-03__P2a_305_fetta.bmp
Il formaggio ha un profumo di brodo e burro.,Il formaggio ha un aroma di latte cotto leggero.,data/data/images_flat/2018-2019_Trentingrana__2018-10-03__P2a_305_fetta.bmp
Il formaggio ha un sapore amaro.,Il formaggio ha un aroma di provolone.,data/data/images_flat/2018-2019_Trentingrana__2018-10-03__P2a_305_fetta.bmp
Il formaggio ha un profumo di burro fuso e latte cotto.,Il formaggio ha un aroma di crosta e cotto con note rancide.,data/data/images_flat/2018-2019_Trentingrana__2018-10-03__P2a_305_fetta.bmp
Il formaggio ha un sapore leggermente salato.,"Il formaggio presenta una texture umida, poco granulosa e poco solubile.",data/data/images_flat/2018-2019_Trentingrana__2018-10-03__P2a_305_fetta.bmp
"La pasta del formaggio è di colore giallo carico, più scura al centro.",Il formaggio presenta una texture con pochissimi granuli di tirosina.,data/data/images_flat/2018-2019_Trentingrana__2018-10-03__P2a_305_fetta.bmp
"La pasta del formaggio è a grana fine, con striature.",Il formaggio presenta una texture morbida con poca grana.,data/data/images_flat/2018-2019_Trentingrana__2018-10-03__P2a_305_fetta.bmp
La crosta del formaggio è sottile.,Il formaggio presenta una texture leggermente granulosa.,data/data/images_flat/2018-2019_Trentingrana__2018-10-03__P2a_305_fetta.bmp
"La pasta del formaggio è di colore giallo carico al centro, più chiara verso il piatto, con zone grigiastre.","Il formaggio presenta una texture morbido pastoso, umidità media e granuli mediamente alti.",data/data/images_flat/2018-2019_Trentingrana__2018-10-03__P2a_305_fetta.bmp
La crosta del formaggio è sottile.,Il formaggio presenta una texture pastosa.,data/data/images_flat/2018-2019_Trentingrana__2018-10-03__P2a_305_fetta.bmp
"Il formaggio ha un profumo di latte cotto e burro cotto con note di tostato e frutta secca, poco intenso.",Il formaggio presenta una texture morbida che impasta la bocca.,data/data/images_flat/2018-2019_Trentingrana__2018-10-03__P2a_305_fetta.bmp
La crosta del formaggio è sottile.,"Il formaggio presenta una texture morbida, umida, con cristalli.",data/data/images_flat/2018-2019_Trentingrana__2018-10-03__P2a_305_fetta.bmp
"Il formaggio ha un profumo poco intenso con note lattiche scariche, burro fuso e brodo.","La crosta del formaggio presenta una parte piatta e scalzo mediamente spessi, spigoli pronunciati.",data/data/images_flat/2018-2019_Trentingrana__2018-10-03__P2a_305_fetta.bmp
Il formaggio ha un sapore acido e piccante.,La crosta del formaggio presenta unghia marcata sugli scalzi.,data/data/images_flat/2018-2019_Trentingrana__2018-10-03__P2a_305_fetta.bmp
Il formaggio ha un profumo di frutta tropicale e ananas.,La crosta del formaggio è mediamente spessa.,data/data/images_flat/2018-2019_Trentingrana__2018-10-03__P2a_305_fetta.bmp
Il formaggio presenta una texture poco solubile.,"La crosta del formaggio è sottile, di colore chiaro.",data/data/images_flat/2018-2019_Trentingrana__2018-10-03__P2a_305_fetta.bmp
"Il formaggio ha un sapore leggermente amaro e salato, non eccessivo.",La crosta del formaggio è sottile.,data/data/images_flat/2018-2019_Trentingrana__2018-10-03__P2a_305_fetta.bmp
"Il formaggio presenta una texture granulosa, solubile e mediamente asciutta.",La pasta del formaggio non è omogenea con aree stirate.,data/data/images_flat/2018-2019_Trentingrana__2018-10-03__P2a_305_fetta.bmp
"La pasta del formaggio è di colore giallo carico al centro, più chiara verso gli scalzi.",La pasta del formaggio è stirata con frattura circolare e microocchiatura fine.,data/data/images_flat/2018-2019_Trentingrana__2018-10-03__P2a_305_fetta.bmp
Il formaggio ha un sapore piccante e acido.,"La pasta del formaggio è a tratti poco evoluta e leggermente stirata, con frattura buona.",data/data/images_flat/2018-2019_Trentingrana__2018-10-03__P2a_305_fetta.bmp
La crosta del formaggio è sottile.,La pasta del formaggio presenta cristalli e occhiatura centrale.,data/data/images_flat/2018-2019_Trentingrana__2018-10-03__P2a_305_fetta.bmp
"Il formaggio presenta una texture asciutta, granulosa, poco solubile, con pochi cristalli.","La pasta del formaggio è stirata con microocchiatura al centro, disomogenea e gessata.",data/data/images_flat/2018-2019_Trentingrana__2018-10-03__P2a_305_fetta.bmp
La crosta del formaggio è sottile.,La pasta del formaggio presenta una microocchiatura centrale.,data/data/images_flat/2018-2019_Trentingrana__2018-10-03__P2a_305_fetta.bmp
Il formaggio ha un sapore amarognolo nel finale con umami.,"La pasta del formaggio presenta qualche frattura, microocchiatura diffusa e leggera stiratura, disomogenea.",data/data/images_flat/2018-2019_Trentingrana__2018-10-03__P2a_305_fetta.bmp
"Il formaggio ha un profumo di grana, nocciola e tostatura.","La pasta del formaggio presenta una frattura regolare, stiratura a tratti e micro occhiatura.",data/data/images_flat/2018-2019_Trentingrana__2018-10-03__P2a_305_fetta.bmp
La pasta del formaggio è di colore carico con tonalità più chiara sottocrostale.,La pasta del formaggio è leggermente stirata con poco agglomerato congelato.,data/data/images_flat/2018-2019_Trentingrana__2018-10-03__P2a_305_fetta.bmp
Il formaggio ha un profumo di brodo vegetale e carne.,La pasta del formaggio è di colore molto carico al centro.,data/data/images_flat/2018-2019_Trentingrana__2018-10-03__P2a_305_fetta.bmp
Il formaggio ha un profumo di latte cotto e crema cotta.,La pasta del formaggio è scura con alone centrale rosa.,data/data/images_flat/2018-2019_Trentingrana__2018-10-03__P2a_305_fetta.bmp
Il formaggio ha un sapore con punta di acido.,"La pasta del formaggio è di colore estremamente carico al centro, molto più chiara in un angolo.",data/data/images_flat/2018-2019_Trentingrana__2018-10-03__P2a_305_fetta.bmp
Il formaggio ha un sapore acido e amaro.,La pasta del formaggio presenta un alone centrale tendente al rosato.,data/data/images_flat/2018-2019_Trentingrana__2018-10-03__P2a_305_fetta.bmp
"La pasta del formaggio presenta una frattura irregolare, struttura omogenea e granulosa.",La pasta del formaggio è più chiara verso gli scalzi.,data/data/images_flat/2018-2019_Trentingrana__2018-10-03__P2a_305_fetta.bmp
Il formaggio ha un profumo di crosta e cotto.,La pasta del formaggio presenta centro più carico.,data/data/images_flat/2018-2019_Trentingrana__2018-10-03__P2a_305_fetta.bmp
Il formaggio ha un profumo di latte cotto e brodo di carne con sentore di brodo di carne.,La pasta del formaggio presenta un alone centrale nocciola e differenza di colore fra le zone.,data/data/images_flat/2018-2019_Trentingrana__2018-10-03__P2a_305_fetta.bmp
Il formaggio presenta una texture poco solubile.,La pasta del formaggio presenta evidenti aloni rosa.,data/data/images_flat/2018-2019_Trentingrana__2018-10-03__P2a_305_fetta.bmp
"Il formaggio presenta una texture asciutta, granulosa, poco solubile, con pochi cristalli.",La pasta del formaggio è di colore molto scuro con aree non omogenee.,data/data/images_flat/2018-2019_Trentingrana__2018-10-03__P2a_305_fetta.bmp
La crosta del formaggio è sottile.,Il formaggio ha un profumo di cotto e ossidato.,data/data/images_flat/2018-2019_Trentingrana__2019-02-06__P3b_306_fetta.bmp
Il formaggio ha un sapore con leggera nota amara.,Il formaggio ha un profumo di burro e panna.,data/data/images_flat/2018-2019_Trentingrana__2019-02-06__P3b_306_fetta.bmp
La crosta del formaggio è mediamente spessa.,Il formaggio ha un profumo di panna e yogurt.,data/data/images_flat/2018-2019_Trentingrana__2019-02-06__P3b_306_fetta.bmp
"La pasta del formaggio presenta una frattura regolare, grana profilata solo a tratti con andamento striato e piccola zona di microocchiatura.",Il formaggio ha un profumo di panna e burro.,data/data/images_flat/2018-2019_Trentingrana__2019-02-06__P3b_306_fetta.bmp
"La pasta del formaggio è grossolana e non omogenea, con frattura irregolare.",Il formaggio ha un profumo di latte crudo delicato.,data/data/images_flat/2018-2019_Trentingrana__2019-02-06__P3b_306_fetta.bmp
"La pasta del formaggio presenta una grana grossa e granulosa, frattura irregolare e qualche microocchiatura.","Il formaggio ha un profumo di latte cotto, burro fuso, brodo di carne, con sentori leggeri di tostato e fruttato.",data/data/images_flat/2018-2019_Trentingrana__2019-02-06__P3b_306_fetta.bmp
Il formaggio ha un aroma di brodo e crosta non del tutto positivo.,"Il formaggio ha un profumo di burro fuso e stantio, entrambi di intensità elevata.",data/data/images_flat/2018-2019_Trentingrana__2019-02-06__P3b_306_fetta.bmp
La pasta del formaggio è leggermente stirata.,"Il formaggio ha un profumo intenso vegetale all'apertura, seguito da verdure cotte, crosta di grana e formaggio cotto.",data/data/images_flat/2018-2019_Trentingrana__2019-02-06__P3b_306_fetta.bmp
Il formaggio ha un sapore salato e leggermente piccante.,Il formaggio ha un profumo leggerissimo.,data/data/images_flat/2018-2019_Trentingrana__2019-02-06__P3b_306_fetta.bmp
Il formaggio presenta una texture granulosa e solubile.,"Il formaggio ha un profumo intenso di grana, floreale e frutta.",data/data/images_flat/2018-2019_Trentingrana__2019-02-06__P3b_306_fetta.bmp
Il formaggio ha un aroma di brodo animale.,"Il formaggio ha un profumo di formaggio fritto, latte e burro.",data/data/images_flat/2018-2019_Trentingrana__2019-02-06__P3b_306_fetta.bmp
Il formaggio ha un sapore salato.,Il formaggio ha un sapore salato.,data/data/images_flat/2018-2019_Trentingrana__2019-02-06__P3b_306_fetta.bmp
La crosta del formaggio è sottile.,Il formaggio ha un sapore dolce e equilibrato.,data/data/images_flat/2018-2019_Trentingrana__2019-02-06__P3b_306_fetta.bmp
La pasta del formaggio è leggermente stirata.,"Il formaggio ha un sapore abbastanza equilibrato, piccantezza praticamente non percepibile.",data/data/images_flat/2018-2019_Trentingrana__2019-02-06__P3b_306_fetta.bmp
Il formaggio ha un aroma di brodo animale.,Il formaggio ha un sapore leggermente salato.,data/data/images_flat/2018-2019_Trentingrana__2019-02-06__P3b_306_fetta.bmp
"La pasta del formaggio presenta una frattura regolare e grana grandiosa, piccola occhiatura e leggera microocchiatura.",Il formaggio ha un sapore acidulo e carente di sale.,data/data/images_flat/2018-2019_Trentingrana__2019-02-06__P3b_306_fetta.bmp
Il formaggio ha un profumo di latte cotto e brodo di carne con nota animale.,"Il formaggio ha un sapore dolce ben percepito, abbastanza equilibrato.",data/data/images_flat/2018-2019_Trentingrana__2019-02-06__P3b_306_fetta.bmp
Il formaggio ha un aroma di burro e formaggio cotto.,Il formaggio ha un sapore equilibrato con nota piccante finale.,data/data/images_flat/2018-2019_Trentingrana__2019-02-06__P3b_306_fetta.bmp
Il formaggio ha un profumo di burro fuso e latte cotto con note di crosta e tostato.,Il formaggio ha un sapore piccante con intensità medio-alta.,data/data/images_flat/2018-2019_Trentingrana__2019-02-06__P3b_306_fetta.bmp
"Il formaggio presenta una texture morbida, poco granulosa, che impasta la bocca, poco solubile, con sensazione farinosa.",Il formaggio ha un sapore abbastanza equilibrato.,data/data/images_flat/2018-2019_Trentingrana__2019-02-06__P3b_306_fetta.bmp
Il formaggio ha un profumo di fieno e brodo.,Il formaggio ha un sapore delicato e equilibrato senza prevalenza di gusto.,data/data/images_flat/2018-2019_Trentingrana__2019-02-06__P3b_306_fetta.bmp
La crosta del formaggio è molto sottile.,Il formaggio ha un sapore equilibrato con note dolci e amare.,data/data/images_flat/2018-2019_Trentingrana__2019-02-06__P3b_306_fetta.bmp
"La pasta del formaggio presenta una microocchiatura, frattura leggermente disomogenea.","Il formaggio ha un sapore dolce, leggermente salato e leggermente piccante in finale.",data/data/images_flat/2018-2019_Trentingrana__2019-02-06__P3b_306_fetta.bmp
La crosta del formaggio è molto sottile sulla parte piatta.,Il formaggio ha un aroma stantio e ossidato.,data/data/images_flat/2018-2019_Trentingrana__2019-02-06__P3b_306_fetta.bmp
Il formaggio ha un sapore con nota dolce e leggerissimo piccante.,Il formaggio ha un aroma cotto leggerissimo con nota positiva di crosta.,data/data/images_flat/2018-2019_Trentingrana__2019-02-06__P3b_306_fetta.bmp
"Il formaggio presenta una texture morbida, granulosa con cristalli che lasciano residuo.",Il formaggio ha un aroma di panna.,data/data/images_flat/2018-2019_Trentingrana__2019-02-06__P3b_306_fetta.bmp
La pasta del formaggio è leggermente stirata.,Il formaggio ha un aroma con componente acida prevalente.,data/data/images_flat/2018-2019_Trentingrana__2019-02-06__P3b_306_fetta.bmp
Il formaggio ha un aroma di burro e formaggio cotto.,Il formaggio ha un aroma di latte e burro crudi.,data/data/images_flat/2018-2019_Trentingrana__2019-02-06__P3b_306_fetta.bmp
Il formaggio ha un sapore amaro.,Il formaggio ha un aroma di lattico cotto e brodo.,data/data/images_flat/2018-2019_Trentingrana__2019-02-06__P3b_306_fetta.bmp
La crosta del formaggio è molto sottile.,Il formaggio ha un aroma di crosta con intensità alta.,data/data/images_flat/2018-2019_Trentingrana__2019-02-06__P3b_306_fetta.bmp
"La pasta del formaggio presenta una frattura non bella, grana omogenea e grumosa.",Il formaggio ha un aroma di lattici cotti con note erbacee.,data/data/images_flat/2018-2019_Trentingrana__2019-02-06__P3b_306_fetta.bmp
Il formaggio ha un aroma di panna.,Il formaggio ha un aroma poco piacevole e metallico.,data/data/images_flat/2018-2019_Trentingrana__2019-02-06__P3b_306_fetta.bmp
La crosta del formaggio presenta una parte piatta mediamente spessa e scalzi pronunciati.,"Il formaggio presenta una texture con granuli di tirosina a intensità medio-alta, alta solubilità e media friabilità.",data/data/images_flat/2018-2019_Trentingrana__2019-02-06__P3b_306_fetta.bmp
Il formaggio presenta una texture molto pastosa.,"Il formaggio presenta una texture morbido asciutto, granuloso con cristalli evidenti.",data/data/images_flat/2018-2019_Trentingrana__2019-02-06__P3b_306_fetta.bmp
Il formaggio ha un sapore amaro.,"Il formaggio presenta una texture friabile e fine, con consistenza finale sabbiosa-farinosa, non asciutta.",data/data/images_flat/2018-2019_Trentingrana__2019-02-06__P3b_306_fetta.bmp
"La pasta del formaggio presenta una frattura abbastanza regolare e grana visibile, ma con evidente area spugnosa al centro.","Il formaggio presenta una texture con cristalli presenti ma non abbondanti, buona friabilità e scarsa solubilità.",data/data/images_flat/2018-2019_Trentingrana__2019-02-06__P3b_306_fetta.bmp
La pasta del formaggio presenta una microocchiatura e grana grossolana.,Il formaggio presenta una texture leggermente molle e cedevole.,data/data/images_flat/2018-2019_Trentingrana__2019-02-06__P3b_306_fetta.bmp
Il formaggio ha un aroma di crosta di formaggio.,"Il formaggio presenta una texture friabile, granulosa, abbastanza solubile e con cristalli percepibili.",data/data/images_flat/2018-2019_Trentingrana__2019-02-06__P3b_306_fetta.bmp
Il formaggio ha un aroma di crosta di formaggio.,Il formaggio presenta una texture con tirosina molto presente e buona solubilità.,data/data/images_flat/2018-2019_Trentingrana__2019-02-06__P3b_306_fetta.bmp
Il formaggio presenta una texture granulosa con cristalli evidenti e solubile.,"Il formaggio presenta una texture friabile, abbastanza solubile e granulosa.",data/data/images_flat/2018-2019_Trentingrana__2019-02-06__P3b_306_fetta.bmp
La crosta del formaggio è sottile.,"Il formaggio presenta una texture con molti cristalli, squilibrio tra umidità e pastosità.",data/data/images_flat/2018-2019_Trentingrana__2019-02-06__P3b_306_fetta.bmp
La crosta del formaggio è sottile.,Il formaggio presenta una texture con pochi cristalli grossi e leggermente sabbioso.,data/data/images_flat/2018-2019_Trentingrana__2019-02-06__P3b_306_fetta.bmp
La crosta del formaggio è sottile.,"La crosta del formaggio presenta uno spessore medio, sottile.",data/data/images_flat/2018-2019_Trentingrana__2019-02-06__P3b_306_fetta.bmp
La crosta del formaggio è sfumata e mediamente spessa.,"La crosta del formaggio presenta unghia marcata, spessore non marcato.",data/data/images_flat/2018-2019_Trentingrana__2019-02-06__P3b_306_fetta.bmp
Il formaggio ha un sapore leggermente amaro.,La crosta del formaggio è sottile.,data/data/images_flat/2018-2019_Trentingrana__2019-02-06__P3b_306_fetta.bmp
La crosta del formaggio è sfumata e sottile.,La crosta del formaggio è sottile e omogenea.,data/data/images_flat/2018-2019_Trentingrana__2019-02-06__P3b_306_fetta.bmp
Il formaggio ha un aroma di panna.,La crosta del formaggio è molto sottile.,data/data/images_flat/2018-2019_Trentingrana__2019-02-06__P3b_306_fetta.bmp
"Il formaggio presenta una texture pastosa, poco solubile e compatta.",La crosta del formaggio è spessa.,data/data/images_flat/2018-2019_Trentingrana__2019-02-06__P3b_306_fetta.bmp
Il formaggio ha un aroma di formaggio cotto e crosta.,"La pasta del formaggio presenta una microocchiatura diffusa, non regolare.",data/data/images_flat/2018-2019_Trentingrana__2019-02-06__P3b_306_fetta.bmp
Il formaggio ha un sapore salato e leggermente piccante.,La pasta del formaggio è leggermente disomogenea con fitta microocchiatura nella parte centrale.,data/data/images_flat/2018-2019_Trentingrana__2019-02-06__P3b_306_fetta.bmp
"Il formaggio presenta una texture pastosa, poco solubile, con granuli di tirosina.",La pasta del formaggio presenta una bella grana fine e microocchiatura di scarso rilievo.,data/data/images_flat/2018-2019_Trentingrana__2019-02-06__P3b_306_fetta.bmp
Il formaggio ha un profumo di latte cotto e brodo di carne con note di carne e frutta secca tostato.,La pasta del formaggio è leggermente stirata.,data/data/images_flat/2018-2019_Trentingrana__2019-02-06__P3b_306_fetta.bmp
Il formaggio presenta una texture pastosa.,La pasta del formaggio presenta striature e microocchiature al centro.,data/data/images_flat/2018-2019_Trentingrana__2019-02-06__P3b_306_fetta.bmp
La crosta del formaggio è mediamente spessa.,La pasta del formaggio presenta una microocchiatura.,data/data/images_flat/2018-2019_Trentingrana__2019-02-06__P3b_306_fetta.bmp
Il formaggio ha un aroma di brodo e crosta non del tutto positivo.,La pasta del formaggio è granulare con stiratura centrale e microocchiatura.,data/data/images_flat/2018-2019_Trentingrana__2019-02-06__P3b_306_fetta.bmp
Il formaggio ha un aroma di panna.,"La pasta del formaggio presenta sfoglia e microocchiature centrali, grana leggermente arrotondata.",data/data/images_flat/2018-2019_Trentingrana__2019-02-06__P3b_306_fetta.bmp
Il formaggio ha un aroma di formaggio cotto e crosta.,La pasta del formaggio presenta una microocchiatura centrale che compromette leggermente una struttura altrimenti buona.,data/data/images_flat/2018-2019_Trentingrana__2019-02-06__P3b_306_fetta.bmp
La crosta del formaggio presenta una parte piatta molto sottile e resto mediamente spessa.,La pasta del formaggio è omogenea con bella grana fine e frattura regolare.,data/data/images_flat/2018-2019_Trentingrana__2019-02-06__P3b_306_fetta.bmp
Il formaggio ha un aroma di crosta di formaggio e formaggio bruciato.,La pasta del formaggio è a grana fine con ampia zona occhiata.,data/data/images_flat/2018-2019_Trentingrana__2019-02-06__P3b_306_fetta.bmp
Il formaggio ha un sapore leggermente salato.,La pasta del formaggio presenta una frattura regolare e grana grossolana.,data/data/images_flat/2018-2019_Trentingrana__2019-02-06__P3b_306_fetta.bmp
Il formaggio ha un aroma di brodo animale.,La pasta del formaggio presenta macchie rosa.,data/data/images_flat/2018-2019_Trentingrana__2019-02-06__P3b_306_fetta.bmp
Il formaggio presenta una texture con buona solubilità e microstruttura ben strutturata.,La pasta del formaggio è di colore chiaro con tre macchie rosate.,data/data/images_flat/2018-2019_Trentingrana__2019-02-06__P3b_306_fetta.bmp
"Il formaggio presenta una texture morbida, granulosa con cristalli evidenti.",La pasta del formaggio è di colore chiaro e omogeneo.,data/data/images_flat/2018-2019_Trentingrana__2019-02-06__P3b_306_fetta.bmp
Il formaggio ha un aroma di crosta di formaggio.,La pasta del formaggio è di colore giallo chiaro con due macchie rosa centrali.,data/data/images_flat/2018-2019_Trentingrana__2019-02-06__P3b_306_fetta.bmp
La pasta del formaggio presenta una frattura abbastanza regolare e grana semi grossolana.,La pasta del formaggio presenta qualche leggera macchia più scura.,data/data/images_flat/2018-2019_Trentingrana__2019-02-06__P3b_306_fetta.bmp
"La pasta del formaggio è grossolana, non ben sviluppata e disomogenea.",La pasta del formaggio è di colore giallo con alone più carico e piccole macchie rosate.,data/data/images_flat/2018-2019_Trentingrana__2019-02-06__P3b_306_fetta.bmp
"La pasta del formaggio è leggermente stirata al centro, con frattura molto regolare.",La pasta del formaggio è di colore chiara con macchie rosa.,data/data/images_flat/2018-2019_Trentingrana__2019-02-06__P3b_306_fetta.bmp
Il formaggio ha un sapore leggermente amaro.,La pasta del formaggio presenta qualche macchia rosa.,data/data/images_flat/2018-2019_Trentingrana__2019-02-06__P3b_306_fetta.bmp
Il formaggio presenta una texture con buona solubilità e microstruttura carente.,La pasta del formaggio è di colore tendente al giallo paglierino.,data/data/images_flat/2018-2019_Trentingrana__2019-02-06__P3b_306_fetta.bmp
Il formaggio ha un sapore con nota dolce e leggerissimo piccante.,La pasta del formaggio è chiara e omogenea con qualche macchia rosata.,data/data/images_flat/2018-2019_Trentingrana__2019-02-06__P3b_306_fetta.bmp
Il formaggio ha un sapore leggermente salato.,La pasta del formaggio è di colore paglierino leggero con velature verdognole.,data/data/images_flat/2018-2019_Trentingrana__2019-02-06__P3b_306_fetta.bmp
La pasta del formaggio è leggermente stirata e non omogenea.,Il formaggio ha un profumo forte di latte e panna con fieno.,data/data/images_flat/2018-2019_Trentingrana__2019-03-06__P5a_319_fetta.bmp
Il formaggio ha un aroma di latte cotto.,Il formaggio ha un profumo di latte cotto e brodo vegetale.,data/data/images_flat/2018-2019_Trentingrana__2019-03-06__P5a_319_fetta.bmp
Il formaggio ha un sapore umami e salato.,Il formaggio ha un profumo di intensità media con note lattee tendenti al cotto e alla maturazione.,data/data/images_flat/2018-2019_Trentingrana__2019-03-06__P5a_319_fetta.bmp
Il formaggio ha un profumo di latte cotto e brodo di carne con sentore di crosta di formaggio.,Il formaggio ha un profumo acido.,data/data/images_flat/2018-2019_Trentingrana__2019-03-06__P5a_319_fetta.bmp
"La pasta del formaggio presenta una microocchiatura diffusa e stirata in una piccola zona, con occhiatura e frattura regolare.",Il formaggio ha un profumo di crosta di formaggio.,data/data/images_flat/2018-2019_Trentingrana__2019-03-06__P5a_319_fetta.bmp
Il formaggio ha un profumo di brodo.,"Il formaggio ha un profumo di burro fuso e formaggio cotto, leggermente ossidato.",data/data/images_flat/2018-2019_Trentingrana__2019-03-06__P5a_319_fetta.bmp
"Il formaggio presenta una texture dura e compatta, grana abbastanza solubile, con pochi cristalli e buona solubilità.","Il formaggio ha un profumo all'apertura pungente e fermentato, seguito da note di crosta di formaggio, cotti intensi fino a caffè.",data/data/images_flat/2018-2019_Trentingrana__2019-03-06__P5a_319_fetta.bmp
La pasta del formaggio è granulosa con microocchiatura a tratti.,"Il formaggio ha un profumo intenso con note floreali, kiwi e panna.",data/data/images_flat/2018-2019_Trentingrana__2019-03-06__P5a_319_fetta.bmp
Il formaggio ha un profumo di crosta di formaggio e brodo.,Il formaggio ha un profumo animale.,data/data/images_flat/2018-2019_Trentingrana__2019-03-06__P5a_319_fetta.bmp
Il formaggio presenta una texture pastosa e poco solubile.,Il formaggio ha un sapore equilibrato con dolcezza marcata.,data/data/images_flat/2018-2019_Trentingrana__2019-03-06__P5a_319_fetta.bmp
"Il formaggio presenta una texture granulosa, solubile e asciutta.",Il formaggio ha un sapore senza note prevalenti e poco umami.,data/data/images_flat/2018-2019_Trentingrana__2019-03-06__P5a_319_fetta.bmp
"Il formaggio presenta una texture friabile con microstruttura presente, cristalli e buona solubilità.",Il formaggio ha un sapore acido e amaro.,data/data/images_flat/2018-2019_Trentingrana__2019-03-06__P5a_319_fetta.bmp
"La pasta del formaggio presenta una microocchiatura, una fessura e struttura grossolana.",Il formaggio ha un sapore di crosta e vecchio.,data/data/images_flat/2018-2019_Trentingrana__2019-03-06__P5a_319_fetta.bmp
Il formaggio ha un aroma di crosta di formaggio.,Il formaggio ha un sapore salato e leggermente piccante.,data/data/images_flat/2018-2019_Trentingrana__2019-03-06__P5a_319_fetta.bmp
Il formaggio ha un sapore equilibrato con note dolci piacevoli all'inizio e finale leggermente acidulo.,Il formaggio ha un sapore molto salato con tendenza acida.,data/data/images_flat/2018-2019_Trentingrana__2019-03-06__P5a_319_fetta.bmp
Il formaggio presenta una texture leggermente gommosa.,Il formaggio ha un sapore equilibrato con note dolciastre.,data/data/images_flat/2018-2019_Trentingrana__2019-03-06__P5a_319_fetta.bmp
"Il formaggio ha un profumo di latte cotto e burro cotto con nota di crosta, leggeri.",Il formaggio ha un sapore salato.,data/data/images_flat/2018-2019_Trentingrana__2019-03-06__P5a_319_fetta.bmp
"Il formaggio presenta una texture con cristalli consistenti, poco solubile.",Il formaggio ha un aroma di frutta secca forte con brodo moderato.,data/data/images_flat/2018-2019_Trentingrana__2019-03-06__P5a_319_fetta.bmp
La pasta del formaggio presenta una microocchiatura diffusa e frattura regolare.,Il formaggio ha un aroma di cotto e crosta.,data/data/images_flat/2018-2019_Trentingrana__2019-03-06__P5a_319_fetta.bmp
Il formaggio ha un profumo di crosta di formaggio e brodo.,Il formaggio ha un aroma povero.,data/data/images_flat/2018-2019_Trentingrana__2019-03-06__P5a_319_fetta.bmp
Il formaggio ha un aroma di formaggio cotto.,Il formaggio ha un aroma tostato e vecchio.,data/data/images_flat/2018-2019_Trentingrana__2019-03-06__P5a_319_fetta.bmp
Il formaggio presenta una texture pastosa e poco solubile.,Il formaggio ha un aroma cotto con note leggermente animali.,data/data/images_flat/2018-2019_Trentingrana__2019-03-06__P5a_319_fetta.bmp
"La crosta del formaggio è molto sottile sulla parte piatta, più spessa sulla parte piatta.",Il formaggio ha un aroma di lattico cotto con note di marcio e putrido.,data/data/images_flat/2018-2019_Trentingrana__2019-03-06__P5a_319_fetta.bmp
La crosta del formaggio è sottile.,Il formaggio ha un aroma burroso con note di brodo.,data/data/images_flat/2018-2019_Trentingrana__2019-03-06__P5a_319_fetta.bmp
Il formaggio ha un sapore amaro e piccante.,Il formaggio ha un aroma non da grana difetto.,data/data/images_flat/2018-2019_Trentingrana__2019-03-06__P5a_319_fetta.bmp
"Il formaggio presenta una texture friabile, non asciutta, con microstruttura fine e cristalli presenti non abbondanti.","Il formaggio presenta una texture con tirosina, solubilità e friabilità moderata.",data/data/images_flat/2018-2019_Trentingrana__2019-03-06__P5a_319_fetta.bmp
La pasta del formaggio presenta una microocchiatura diffusa e un grande occhio.,Il formaggio presenta una texture asciutta con pochi cristalli e tende ad impastare la bocca.,data/data/images_flat/2018-2019_Trentingrana__2019-03-06__P5a_319_fetta.bmp
Il formaggio ha un aroma di latte cotto e burro cotto con nota di brodo e nota animale di crosta.,"Il formaggio presenta una texture morbida, poco strutturata e friabile.",data/data/images_flat/2018-2019_Trentingrana__2019-03-06__P5a_319_fetta.bmp
Il formaggio presenta una texture poco solubile.,"Il formaggio presenta una texture con molti cristalli, decente microstruttura e abbastanza solubile.",data/data/images_flat/2018-2019_Trentingrana__2019-03-06__P5a_319_fetta.bmp
"Il formaggio ha un sapore amaro, piccante e acido, con umami.","Il formaggio presenta una texture pastosa, poco solubile.",data/data/images_flat/2018-2019_Trentingrana__2019-03-06__P5a_319_fetta.bmp
"Il formaggio presenta una texture granulosa, solubile, dura, umida, con microstruttura grossolana e pochi cristalli.","Il formaggio presenta una texture morbida, pastosa e gommosa.",data/data/images_flat/2018-2019_Trentingrana__2019-03-06__P5a_319_fetta.bmp
Il formaggio ha un profumo di brodo.,"Il formaggio presenta una texture di media-bassa durezza, bella solubilità, leggermente asciutta con pochi cristalli medi.",data/data/images_flat/2018-2019_Trentingrana__2019-03-06__P5a_319_fetta.bmp
La crosta del formaggio è mediamente spessa.,Il formaggio presenta una texture con cristalli abbondanti.,data/data/images_flat/2018-2019_Trentingrana__2019-03-06__P5a_319_fetta.bmp
Il formaggio ha un sapore equilibrato con note dolci piacevoli all'inizio e finale leggermente acidulo.,"La crosta del formaggio è irregolare e sfumata, mediamente spessa.",data/data/images_flat/2018-2019_Trentingrana__2019-03-06__P5a_319_fetta.bmp
La pasta del formaggio presenta una microocchiatura e frattura non omogenea.,"La crosta del formaggio è molto sottile sulla parte piatta, più spessa sugli scalzi, con unghia marcata.",data/data/images_flat/2018-2019_Trentingrana__2019-03-06__P5a_319_fetta.bmp
Il formaggio ha un sapore salato.,La crosta del formaggio presenta uno spessore variabile: parte sottile e zona piatta meno marcata.,data/data/images_flat/2018-2019_Trentingrana__2019-03-06__P5a_319_fetta.bmp
La pasta del formaggio è leggermente stirata e grossolana.,La crosta del formaggio è mediamente spessa.,data/data/images_flat/2018-2019_Trentingrana__2019-03-06__P5a_319_fetta.bmp
La pasta del formaggio è stirata con microocchiatura.,"La pasta del formaggio presenta una microocchiatura diffusa circa metà forma, stirata, non omogenea e non regolare.",data/data/images_flat/2018-2019_Trentingrana__2019-03-06__P5a_319_fetta.bmp
Il formaggio ha un profumo di burro fuso e panna.,La pasta del formaggio presenta una microocchiatura fitta e grana stirata in parte.,data/data/images_flat/2018-2019_Trentingrana__2019-03-06__P5a_319_fetta.bmp
Il formaggio ha un profumo di burro fuso e formaggio cotto.,"La pasta del formaggio presenta una microocchiatura anche grossa in ampia area e struttura non omogenea, con centro non definito.",data/data/images_flat/2018-2019_Trentingrana__2019-03-06__P5a_319_fetta.bmp
Il formaggio ha un aroma di crosta e formaggio cotto.,La pasta del formaggio presenta una frattura regolare ma occhiatura importante diffusa.,data/data/images_flat/2018-2019_Trentingrana__2019-03-06__P5a_319_fetta.bmp
La pasta del formaggio presenta una microocchiatura fitta e grana leggermente rotondeggiante.,"La pasta del formaggio non è omogenea, in parte stirata con occhiatura piccola e media, aspetto spugnoso al centro.",data/data/images_flat/2018-2019_Trentingrana__2019-03-06__P5a_319_fetta.bmp
Il formaggio ha un profumo di panna e burro.,"La pasta del formaggio presenta una frattura abbastanza regolare, struttura stirata e compatta, microocchiatura diffusa su tutta la superficie.",data/data/images_flat/2018-2019_Trentingrana__2019-03-06__P5a_319_fetta.bmp
La crosta del formaggio è spessa.,La pasta del formaggio è quasi stirata con microocchiatura diffusa.,data/data/images_flat/2018-2019_Trentingrana__2019-03-06__P5a_319_fetta.bmp
"Il formaggio presenta una texture granulosa, solubile, mediamente dura, con buona presenza di microcristalli.","La pasta del formaggio presenta una microocchiatura presente anche di dimensioni medie, grana media e fine, frattura irregolare.",data/data/images_flat/2018-2019_Trentingrana__2019-03-06__P5a_319_fetta.bmp
"La pasta del formaggio presenta una microocchiatura, frattura irregolare e struttura grandiosa, con aree tendente allo stirato.",La pasta del formaggio presenta una grana poco formata e grandi occhiature.,data/data/images_flat/2018-2019_Trentingrana__2019-03-06__P5a_319_fetta.bmp
La crosta del formaggio è sottile.,La pasta del formaggio è di colore carico verso il centro.,data/data/images_flat/2018-2019_Trentingrana__2019-03-06__P5a_319_fetta.bmp
La crosta del formaggio è sottile.,La pasta del formaggio presenta una zona più chiara sotto il piatto e chiazza rosata.,data/data/images_flat/2018-2019_Trentingrana__2019-03-06__P5a_319_fetta.bmp
Il formaggio ha un profumo di latte cotto e brodo di carne con note di caramello.,La pasta del formaggio è più chiara ai bordi con una macchia rosata.,data/data/images_flat/2018-2019_Trentingrana__2019-03-06__P5a_319_fetta.bmp
Il formaggio ha un sapore leggermente amaro.,La pasta del formaggio è di colore giallo uniforme.,data/data/images_flat/2018-2019_Trentingrana__2019-03-06__P5a_319_fetta.bmp
La crosta del formaggio è mediamente spessa.,La pasta del formaggio è di colore giallo poco carico con qualche leggera macchia rosata.,data/data/images_flat/2018-2019_Trentingrana__2019-03-06__P5a_319_fetta.bmp
Il formaggio ha un aroma di crosta di formaggio e brodo con una punta di nostrano.,La pasta del formaggio è di colore giallo molto carico.,data/data/images_flat/2018-2019_Trentingrana__2019-03-06__P5a_319_fetta.bmp
Il formaggio ha un profumo di latte cotto e panna.,La pasta del formaggio presenta un colore sfumato più scuro verso un piatto e macchia rosa.,data/data/images_flat/2018-2019_Trentingrana__2019-03-06__P5a_319_fetta.bmp
La crosta del formaggio è sottile.,La pasta del formaggio è di colore giallo arancio con zone verdognole.,data/data/images_flat/2018-2019_Trentingrana__2019-03-06__P5a_319_fetta.bmp
Il formaggio presenta una texture pastosa.,"La pasta del formaggio è abbastanza uniforme, tendente al colore carico.",data/data/images_flat/2018-2019_Trentingrana__2019-03-06__P5a_319_fetta.bmp
"Il formaggio presenta una texture friabile, solubile, con cristalli ben percettibili.",Il formaggio ha un profumo di latte cotto moderato e note animali da moderata a forte.,data/data/images_flat/2018-2019_Trentingrana__2019-03-06__P6b_323_fetta.bmp
Il formaggio ha un sapore amaro e piccante.,Il formaggio ha un profumo cotto.,data/data/images_flat/2018-2019_Trentingrana__2019-03-06__P6b_323_fetta.bmp
Il formaggio ha un profumo di burro fuso con leggera nota pungente di crosta.,"Il formaggio ha un profumo leggero, evanescente, con note di tostato.",data/data/images_flat/2018-2019_Trentingrana__2019-03-06__P6b_323_fetta.bmp
"Il formaggio ha un profumo di latte cotto, burro fuso, vegetale secco con sentori di fieno, fruttato e poco tostato.",Il formaggio ha un profumo di latte cotto.,data/data/images_flat/2018-2019_Trentingrana__2019-03-06__P6b_323_fetta.bmp
La crosta del formaggio è mediamente spessa.,"Il formaggio ha un profumo di verdura lessa, formaggio cotto e burro.",data/data/images_flat/2018-2019_Trentingrana__2019-03-06__P6b_323_fetta.bmp
"Il formaggio presenta una texture friabile, non asciutta, con microcristalli fini presenti e struttura fine.","Il formaggio ha un profumo di lattici freschi all'apertura, poi anche cotti.",data/data/images_flat/2018-2019_Trentingrana__2019-03-06__P6b_323_fetta.bmp
Il formaggio presenta una texture granulosa e solubile.,"Il formaggio ha un profumo di grana, tostato, fieno e panna.",data/data/images_flat/2018-2019_Trentingrana__2019-03-06__P6b_323_fetta.bmp
"Il formaggio presenta una texture friabile, non asciutta, con cristalli grossi e che si scioglie in finale senza impasta e ingozza.",Il formaggio ha un profumo di verdura cotta non positivo.,data/data/images_flat/2018-2019_Trentingrana__2019-03-06__P6b_323_fetta.bmp
Il formaggio ha un sapore salato.,"Il formaggio ha un sapore dolce e piccante forti, salato moderato.",data/data/images_flat/2018-2019_Trentingrana__2019-03-06__P6b_323_fetta.bmp
"Il formaggio ha un profumo di latte cotto, burro e tostatura.",Il formaggio ha un sapore amaro.,data/data/images_flat/2018-2019_Trentingrana__2019-03-06__P6b_323_fetta.bmp
La pasta del formaggio presenta una frattura regolare e grana fine.,Il formaggio ha un sapore poco salato con amaro percepibile.,data/data/images_flat/2018-2019_Trentingrana__2019-03-06__P6b_323_fetta.bmp
"La pasta del formaggio presenta una frattura regolare, grana profilata solo a tratti con andamento striati e piccola zona di microocchiatura.",Il formaggio ha un sapore umami.,data/data/images_flat/2018-2019_Trentingrana__2019-03-06__P6b_323_fetta.bmp
"La pasta del formaggio è granulosa e ruvida, con microocchiatura e leggera stiratura in alcuni punti.",Il formaggio ha un sapore neutro.,data/data/images_flat/2018-2019_Trentingrana__2019-03-06__P6b_323_fetta.bmp
"Il formaggio presenta una texture friabile, non asciutta, con microcristalli fini presenti e struttura fine.","Il formaggio ha un sapore equilibrato, non eccessivamente salato, con punta di umami.",data/data/images_flat/2018-2019_Trentingrana__2019-03-06__P6b_323_fetta.bmp
Il formaggio presenta una texture con cristalli e buona solubilità.,"Il formaggio ha un sapore acido, salato e umami abbastanza equilibrati, non piccante, con leggerissima nota amara in finale.",data/data/images_flat/2018-2019_Trentingrana__2019-03-06__P6b_323_fetta.bmp
La pasta del formaggio è granulosa.,Il formaggio ha un sapore salato e piccante.,data/data/images_flat/2018-2019_Trentingrana__2019-03-06__P6b_323_fetta.bmp
Il formaggio ha un sapore con punta di amaro finale.,Il formaggio ha un sapore abbastanza equilibrato con finale leggermente sapido.,data/data/images_flat/2018-2019_Trentingrana__2019-03-06__P6b_323_fetta.bmp
La pasta del formaggio è granulosa.,"Il formaggio ha un sapore leggermente amaro e salato, abbastanza equilibrato.",data/data/images_flat/2018-2019_Trentingrana__2019-03-06__P6b_323_fetta.bmp
"Il formaggio presenta una texture moderatamente dura, friabile, granulosa e solubile, con pochi microcristalli.",Il formaggio ha un aroma animale forte.,data/data/images_flat/2018-2019_Trentingrana__2019-03-06__P6b_323_fetta.bmp
Il formaggio ha un aroma di crosta di formaggio.,Il formaggio ha un aroma cotto.,data/data/images_flat/2018-2019_Trentingrana__2019-03-06__P6b_323_fetta.bmp
Il formaggio ha un aroma di crosta di formaggio.,Il formaggio ha un aroma di crosta di formaggio leggero.,data/data/images_flat/2018-2019_Trentingrana__2019-03-06__P6b_323_fetta.bmp
Il formaggio ha un aroma di crosta di formaggio.,Il formaggio ha un aroma di burro fuso.,data/data/images_flat/2018-2019_Trentingrana__2019-03-06__P6b_323_fetta.bmp
Il formaggio ha un aroma di crosta di formaggio.,Il formaggio ha un aroma di crosta e cotto.,data/data/images_flat/2018-2019_Trentingrana__2019-03-06__P6b_323_fetta.bmp
"La pasta del formaggio è granulosa, con frattura regolare, ma con occhiatura diffusa.",Il formaggio ha un aroma di formaggio cotto e latte cotto.,data/data/images_flat/2018-2019_Trentingrana__2019-03-06__P6b_323_fetta.bmp
Il formaggio ha un sapore salato.,Il formaggio ha un aroma di grana e burro.,data/data/images_flat/2018-2019_Trentingrana__2019-03-06__P6b_323_fetta.bmp
La pasta del formaggio presenta una grana omogenea e grossolana.,"Il formaggio presenta una texture con tirosina, friabilità e solubilità marcate.",data/data/images_flat/2018-2019_Trentingrana__2019-03-06__P6b_323_fetta.bmp
"Il formaggio ha un profumo di latte cotto, burro fuso, fieno e brodo.","Il formaggio presenta una texture asciutta, granulosa con cristalli e solubile.",data/data/images_flat/2018-2019_Trentingrana__2019-03-06__P6b_323_fetta.bmp
Il formaggio ha un profumo di latte cotto e brodo vegetale.,"Il formaggio presenta una texture con cristalli radi e grossi, cedevole e friabile, tendente al sabbioso in finale.",data/data/images_flat/2018-2019_Trentingrana__2019-03-06__P6b_323_fetta.bmp
Il formaggio ha un sapore salato.,"Il formaggio presenta una texture friabile con cristalli, ben bilanciato.",data/data/images_flat/2018-2019_Trentingrana__2019-03-06__P6b_323_fetta.bmp
"La pasta del formaggio presenta una frattura regolare, grana fine e leggera microocchiatura.","Il formaggio presenta una texture morbido e cedevole, con cristalli ben percepibili, solubile e grana abbastanza fine.",data/data/images_flat/2018-2019_Trentingrana__2019-03-06__P6b_323_fetta.bmp
"La pasta del formaggio è granulosa con frattura regolare, ma con occhiatura diffusa.",Il formaggio presenta una texture poco solubile.,data/data/images_flat/2018-2019_Trentingrana__2019-03-06__P6b_323_fetta.bmp
"La pasta del formaggio presenta una frattura abbastanza regolare, grana grossa al centro e più fine verso i piatti.",Il formaggio presenta una texture leggermente asciutta con buona struttura.,data/data/images_flat/2018-2019_Trentingrana__2019-03-06__P6b_323_fetta.bmp
La pasta del formaggio presenta una frattura abbastanza regolare e grana semi fine.,La crosta del formaggio è sfumata e sottile.,data/data/images_flat/2018-2019_Trentingrana__2019-03-06__P6b_323_fetta.bmp
Il formaggio ha un aroma di crosta di formaggio.,La crosta del formaggio è mediamente spessa.,data/data/images_flat/2018-2019_Trentingrana__2019-03-06__P6b_323_fetta.bmp
Il formaggio ha un aroma di crosta di formaggio.,La crosta del formaggio è spessa agli scalzi.,data/data/images_flat/2018-2019_Trentingrana__2019-03-06__P6b_323_fetta.bmp
"Il formaggio ha un profumo di burro fuso e latte cotto con note di crosta, leggermente erbaceo all'apertura.",La crosta del formaggio è sottile.,data/data/images_flat/2018-2019_Trentingrana__2019-03-06__P6b_323_fetta.bmp
Il formaggio ha un sapore leggermente salato.,La crosta del formaggio è spessa.,data/data/images_flat/2018-2019_Trentingrana__2019-03-06__P6b_323_fetta.bmp
"Il formaggio ha un aroma di latte cotto, burro fuso, crosta di formaggio e brodo con nota ossidata.",La pasta del formaggio è a frattura regolare.,data/data/images_flat/2018-2019_Trentingrana__2019-03-06__P6b_323_fetta.bmp
Il formaggio ha un aroma di crosta di formaggio.,"La pasta del formaggio presenta una frattura leggermente irregolare, grana fine e microocchiatura diffusa.",data/data/images_flat/2018-2019_Trentingrana__2019-03-06__P6b_323_fetta.bmp
Il formaggio ha un sapore leggermente amaro.,La pasta del formaggio presenta una frattura regolare e grana fine.,data/data/images_flat/2018-2019_Trentingrana__2019-03-06__P6b_323_fetta.bmp
"La pasta del formaggio è granulosa con frattura abbastanza regolare, ma con occhiatura.",La pasta del formaggio presenta una frattura regolare e struttura granulare omogenea.,data/data/images_flat/2018-2019_Trentingrana__2019-03-06__P6b_323_fetta.bmp
"Il formaggio ha un profumo di latte cotto, burro fuso, vegetale secco con sentori di fieno e tostato.",La pasta del formaggio presenta una frattura regolare e bella grana.,data/data/images_flat/2018-2019_Trentingrana__2019-03-06__P6b_323_fetta.bmp
La pasta del formaggio è granulosa con frattura abbastanza regolare.,La pasta del formaggio presenta una bella grana fine e frattura regolare.,data/data/images_flat/2018-2019_Trentingrana__2019-03-06__P6b_323_fetta.bmp
Il formaggio ha un profumo di crosta di formaggio.,La pasta del formaggio è di bella struttura senza difetti.,data/data/images_flat/2018-2019_Trentingrana__2019-03-06__P6b_323_fetta.bmp
Il formaggio ha un profumo di latte e brodo vegetale.,La pasta del formaggio è di colore uniforme.,data/data/images_flat/2018-2019_Trentingrana__2019-03-06__P6b_323_fetta.bmp
Il formaggio ha un sapore salato.,"La pasta del formaggio è di colore omogeneo, appena giallo.",data/data/images_flat/2018-2019_Trentingrana__2019-03-06__P6b_323_fetta.bmp
"La pasta del formaggio presenta una frattura caratterizzata da avvallamenti, uno strappo e microocchiatura fitta al centro.",La pasta del formaggio è di colore giallo chiaro.,data/data/images_flat/2018-2019_Trentingrana__2019-03-06__P6b_323_fetta.bmp
Il formaggio ha un aroma di crosta di formaggio.,La pasta del formaggio è di colore giallo uniforme.,data/data/images_flat/2018-2019_Trentingrana__2019-03-06__P6b_323_fetta.bmp
"Il formaggio ha un profumo di formaggio fritto, latte cotto e panna.",La pasta del formaggio è di colore giallo leggermente carico e omogeneo.,data/data/images_flat/2018-2019_Trentingrana__2019-03-06__P6b_323_fetta.bmp
"Il formaggio ha un profumo di latte cotto, burro fuso, vegetale secco con sentore di fieno, fruttato e poco tostato.",La pasta del formaggio è di colore uniforme e chiaro.,data/data/images_flat/2018-2019_Trentingrana__2019-03-06__P6b_323_fetta.bmp
La crosta del formaggio è sfumata con spessore medio.,Il formaggio ha un profumo di panna e burro.,data/data/images_flat/2018-2019_Trentingrana__2018-11-21__P1a_302_fetta.bmp
Il formaggio ha un profumo di brodo.,"Il formaggio ha un profumo di latte, burro e frutta matura.",data/data/images_flat/2018-2019_Trentingrana__2018-11-21__P1a_302_fetta.bmp
Il formaggio ha un sapore dolce di intensità media-alta e leggermente piccante.,Il formaggio ha un profumo con punte di fruttato ed erbaceo.,data/data/images_flat/2018-2019_Trentingrana__2018-11-21__P1a_302_fetta.bmp
"Il formaggio presenta una texture morbida e cedevole, con friabilità scarsa e solubilità.",Il formaggio ha un profumo di frutta tropicale e dado.,data/data/images_flat/2018-2019_Trentingrana__2018-11-21__P1a_302_fetta.bmp
La crosta del formaggio è molto sottile.,Il formaggio ha un sapore salato.,data/data/images_flat/2018-2019_Trentingrana__2018-11-21__P1a_302_fetta.bmp
"La pasta del formaggio presenta una microocchiatura, frattura irregolare e struttura grandiosa, con aree tendente allo stirato.",Il formaggio ha un sapore leggermente piccante ma equilibrato.,data/data/images_flat/2018-2019_Trentingrana__2018-11-21__P1a_302_fetta.bmp
Il formaggio ha un profumo di latte cotto e cipolla.,Il formaggio ha un sapore molto acido.,data/data/images_flat/2018-2019_Trentingrana__2018-11-21__P1a_302_fetta.bmp
La pasta del formaggio è stirata.,Il formaggio ha un sapore piccante evidente.,data/data/images_flat/2018-2019_Trentingrana__2018-11-21__P1a_302_fetta.bmp
La crosta del formaggio è molto sottile.,"Il formaggio ha un sapore piccante e bruciante, salato.",data/data/images_flat/2018-2019_Trentingrana__2018-11-21__P1a_302_fetta.bmp
La crosta del formaggio è molto sottile.,Il formaggio ha un sapore tendente all'acido.,data/data/images_flat/2018-2019_Trentingrana__2018-11-21__P1a_302_fetta.bmp
Il formaggio ha un sapore leggermente salato.,Il formaggio ha un sapore molto piccante.,data/data/images_flat/2018-2019_Trentingrana__2018-11-21__P1a_302_fetta.bmp
Il formaggio ha un sapore dolce e equilibrato con piccantezza moderata.,Il formaggio ha un sapore piccante con buona persistenza.,data/data/images_flat/2018-2019_Trentingrana__2018-11-21__P1a_302_fetta.bmp
Il formaggio ha un sapore equilibrato con retrogusto amaro.,"Il formaggio ha un sapore dolce, salato e piccante.",data/data/images_flat/2018-2019_Trentingrana__2018-11-21__P1a_302_fetta.bmp
La pasta del formaggio è di colore giallo carico abbastanza omogeneo.,Il formaggio ha un aroma di formaggio fritto e burro.,data/data/images_flat/2018-2019_Trentingrana__2018-11-21__P1a_302_fetta.bmp
La pasta del formaggio presenta una frattura irregolare e striature.,"Il formaggio ha un aroma di frutta troppo matura, leggero.",data/data/images_flat/2018-2019_Trentingrana__2018-11-21__P1a_302_fetta.bmp
Il formaggio ha un profumo di brodo vegetale e formaggio cotto.,Il formaggio ha un aroma di latte cotto.,data/data/images_flat/2018-2019_Trentingrana__2018-11-21__P1a_302_fetta.bmp
"La crosta del formaggio è sfumata con scalzo e parte piatta di spessore sottile, spigoli molto spessi.",Il formaggio ha un aroma lattico cotto prevalente.,data/data/images_flat/2018-2019_Trentingrana__2018-11-21__P1a_302_fetta.bmp
La crosta del formaggio è mediamente spessa.,"Il formaggio presenta una texture morbida, friabile con bella presenza di granuli e umidità equilibrata.",data/data/images_flat/2018-2019_Trentingrana__2018-11-21__P1a_302_fetta.bmp
La pasta del formaggio è leggermente stirata.,"Il formaggio presenta una texture moderatamente dura, grana fine, solubile, con molti cristalli e asciutta.",data/data/images_flat/2018-2019_Trentingrana__2018-11-21__P1a_302_fetta.bmp
Il formaggio presenta una texture con cristalli e buona solubilità.,Il formaggio presenta una texture leggermente asciutta.,data/data/images_flat/2018-2019_Trentingrana__2018-11-21__P1a_302_fetta.bmp
"Il formaggio ha un sapore equilibrato con assenza di piccante, salato umami.",Il formaggio presenta una texture pastosa con cristalli abbondanti.,data/data/images_flat/2018-2019_Trentingrana__2018-11-21__P1a_302_fetta.bmp
Il formaggio presenta una texture molto pastosa.,Il formaggio presenta una texture adesiva.,data/data/images_flat/2018-2019_Trentingrana__2018-11-21__P1a_302_fetta.bmp
Il formaggio ha un profumo di brodo di carne.,La crosta del formaggio è sfumata e sottile.,data/data/images_flat/2018-2019_Trentingrana__2018-11-21__P1a_302_fetta.bmp
"Il formaggio presenta una texture molto pastosa e oleosa, con cristalli abbondanti, troppo morbida.",La crosta del formaggio è regolare.,data/data/images_flat/2018-2019_Trentingrana__2018-11-21__P1a_302_fetta.bmp
"La pasta del formaggio presenta una frattura abbastanza regolare, grana grossolana e cristalli.",La crosta del formaggio è mediamente spessa.,data/data/images_flat/2018-2019_Trentingrana__2018-11-21__P1a_302_fetta.bmp
"Il formaggio presenta una texture morbida, umida e friabile, con microstruttura fine, cristalli presenti ma grossi presenti in bocca.","La crosta del formaggio è sottile e piatta, con colore più intenso in sottocrosta.",data/data/images_flat/2018-2019_Trentingrana__2018-11-21__P1a_302_fetta.bmp
Il formaggio presenta una texture molto pastosa e poco solubile.,La crosta del formaggio è variabile tra parti piatte e scalzo.,data/data/images_flat/2018-2019_Trentingrana__2018-11-21__P1a_302_fetta.bmp
La crosta del formaggio è molto sottile.,La crosta del formaggio è sottile nelle parti piatte e leggermente più spessa negli scalzi.,data/data/images_flat/2018-2019_Trentingrana__2018-11-21__P1a_302_fetta.bmp
Il formaggio ha un profumo di brodo vegetale.,La pasta del formaggio presenta una grana grossolana.,data/data/images_flat/2018-2019_Trentingrana__2018-11-21__P1a_302_fetta.bmp
Il formaggio ha un sapore dolce sapido con umami medio e piccantezza poco marcata.,La pasta del formaggio è leggermente stirata.,data/data/images_flat/2018-2019_Trentingrana__2018-11-21__P1a_302_fetta.bmp
La pasta del formaggio è leggermente stirata con microocchiatura presente.,La pasta del formaggio presenta una grana molto omogenea.,data/data/images_flat/2018-2019_Trentingrana__2018-11-21__P1a_302_fetta.bmp
Il formaggio presenta una texture molto pastosa.,"La pasta del formaggio è nebulosa, abbastanza regolare.",data/data/images_flat/2018-2019_Trentingrana__2018-11-21__P1a_302_fetta.bmp
Il formaggio ha un profumo di brodo.,La pasta del formaggio presenta una parte stirata ma altra zona a grana bella.,data/data/images_flat/2018-2019_Trentingrana__2018-11-21__P1a_302_fetta.bmp
Il formaggio ha un sapore dolce con intensità alta e amaro con acidità.,"La pasta del formaggio è molto granulosa, tendente a grossolana.",data/data/images_flat/2018-2019_Trentingrana__2018-11-21__P1a_302_fetta.bmp
La crosta del formaggio è molto sottile.,"La pasta del formaggio presenta una grana grossolana, frattura variabile e molti cristalli.",data/data/images_flat/2018-2019_Trentingrana__2018-11-21__P1a_302_fetta.bmp
Il formaggio ha un sapore equilibrato con acidità leggermente piccante nel finale.,"La pasta del formaggio presenta una bella grana leggermente stirata, qualche occhiatura grossa e frattura irregolare.",data/data/images_flat/2018-2019_Trentingrana__2018-11-21__P1a_302_fetta.bmp
Il formaggio presenta una texture pastosa e poco solubile.,La pasta del formaggio è di colore carico omogeneo.,data/data/images_flat/2018-2019_Trentingrana__2018-11-21__P1a_302_fetta.bmp
La pasta del formaggio è di colore giallo chiaro omogeneo.,La pasta del formaggio è di colore omogeneo e abbastanza carico.,data/data/images_flat/2018-2019_Trentingrana__2018-11-21__P1a_302_fetta.bmp
La pasta del formaggio è di colore paglierino omogeneo con tonalità media.,La pasta del formaggio è di colore giallo paglierino leggermente grigiastro.,data/data/images_flat/2018-2019_Trentingrana__2018-11-21__P1a_302_fetta.bmp
Il formaggio ha un profumo di burro fuso e panna.,La pasta del formaggio presenta una sfumatura rosa vicino alla sottocrosta.,data/data/images_flat/2018-2019_Trentingrana__2018-11-21__P1a_302_fetta.bmp
Il formaggio ha un profumo di brodo vegetale.,La pasta del formaggio presenta zone rosastre verso la crosta.,data/data/images_flat/2018-2019_Trentingrana__2018-11-21__P1a_302_fetta.bmp
La pasta del formaggio è leggermente stirata.,La pasta del formaggio presenta un alone più scuro e macchie rosa.,data/data/images_flat/2018-2019_Trentingrana__2018-11-21__P1a_302_fetta.bmp
Il formaggio ha un profumo di latte cotto e brodo vegetale.,"Il formaggio ha un profumo di grana, burro e note floreali.",data/data/images_flat/2018-2019_Trentingrana__2018-11-21__P6a_323_fetta.bmp
Il formaggio ha un profumo di brodo vegetale.,"Il formaggio ha un profumo di latte cotto, molto delicato.",data/data/images_flat/2018-2019_Trentingrana__2018-11-21__P6a_323_fetta.bmp
La crosta del formaggio è molto sottile.,Il formaggio ha un sapore salato e piccante.,data/data/images_flat/2018-2019_Trentingrana__2018-11-21__P6a_323_fetta.bmp
Il formaggio ha un profumo di burro fuso e panna.,Il formaggio ha un sapore equilibrato con leggera sapidità.,data/data/images_flat/2018-2019_Trentingrana__2018-11-21__P6a_323_fetta.bmp
Il formaggio presenta una texture molto solubile.,Il formaggio ha un sapore salato.,data/data/images_flat/2018-2019_Trentingrana__2018-11-21__P6a_323_fetta.bmp
"La pasta del formaggio è di colore giallo carico, omogeneamente distribuito.",Il formaggio ha un sapore sapido che copre altri sapori con nota amara finale.,data/data/images_flat/2018-2019_Trentingrana__2018-11-21__P6a_323_fetta.bmp
La pasta del formaggio è stirata.,Il formaggio ha un sapore leggermente salato.,data/data/images_flat/2018-2019_Trentingrana__2018-11-21__P6a_323_fetta.bmp
La pasta del formaggio presenta una bella grana e microocchiatura presente su un lato.,Il formaggio ha un sapore molto cotto.,data/data/images_flat/2018-2019_Trentingrana__2018-11-21__P6a_323_fetta.bmp
Il formaggio ha un sapore leggermente salato.,Il formaggio ha un aroma di burro e grana.,data/data/images_flat/2018-2019_Trentingrana__2018-11-21__P6a_323_fetta.bmp
Il formaggio ha un profumo di burro fuso e panna.,Il formaggio ha un aroma di insilato con note di crosta.,data/data/images_flat/2018-2019_Trentingrana__2018-11-21__P6a_323_fetta.bmp
Il formaggio ha un sapore salato e piccante.,Il formaggio ha un aroma di latte cotto.,data/data/images_flat/2018-2019_Trentingrana__2018-11-21__P6a_323_fetta.bmp
La pasta del formaggio è di colore giallo chiaro con alone centrale.,"Il formaggio presenta una texture granulosa con bella presenza di granuli, struttura e umidità equilibrate.",data/data/images_flat/2018-2019_Trentingrana__2018-11-21__P6a_323_fetta.bmp
La crosta del formaggio è mediamente spessa.,"Il formaggio presenta una texture morbida, granulometria media, umida e solubile.",data/data/images_flat/2018-2019_Trentingrana__2018-11-21__P6a_323_fetta.bmp
La crosta del formaggio è mediamente spessa.,Il formaggio presenta una texture cedevole.,data/data/images_flat/2018-2019_Trentingrana__2018-11-21__P6a_323_fetta.bmp
La pasta del formaggio è granulosa con microocchiatura e struttura centrale al centro.,"Il formaggio presenta una texture con differente solubilità tra le porzioni, una con struttura stirata.",data/data/images_flat/2018-2019_Trentingrana__2018-11-21__P6a_323_fetta.bmp
"Il formaggio presenta una texture friabile, solubile, con tirosina presente e intensità leggera.",Il formaggio presenta una texture discretamente solubile.,data/data/images_flat/2018-2019_Trentingrana__2018-11-21__P6a_323_fetta.bmp
"Il formaggio presenta una texture morbida, granulosa, poco solubile, con pochi cristalli.",La crosta del formaggio è sottile.,data/data/images_flat/2018-2019_Trentingrana__2018-11-21__P6a_323_fetta.bmp
Il formaggio ha un profumo di latte cotto e cipolla.,La crosta del formaggio è mediamente spessa.,data/data/images_flat/2018-2019_Trentingrana__2018-11-21__P6a_323_fetta.bmp
La pasta del formaggio presenta una microocchiatura diffusa e striature centrali evidenti.,La crosta del formaggio è mediamente spessa.,data/data/images_flat/2018-2019_Trentingrana__2018-11-21__P6a_323_fetta.bmp
La crosta del formaggio è molto sottile.,La crosta del formaggio è sottile.,data/data/images_flat/2018-2019_Trentingrana__2018-11-21__P6a_323_fetta.bmp
La pasta del formaggio è leggermente stirata.,La crosta del formaggio è spessa.,data/data/images_flat/2018-2019_Trentingrana__2018-11-21__P6a_323_fetta.bmp
La pasta del formaggio presenta una frattura irregolare e grana fine distribuita omogeneamente.,"La pasta del formaggio presenta una microocchiatura diffusa, mista e ruvida.",data/data/images_flat/2018-2019_Trentingrana__2018-11-21__P6a_323_fetta.bmp
La pasta del formaggio presenta una frattura abbastanza regolare e grana semi fine.,La pasta del formaggio presenta una microocchiatura diffusa.,data/data/images_flat/2018-2019_Trentingrana__2018-11-21__P6a_323_fetta.bmp
La pasta del formaggio è a grana fine con microocchiatura diffusa.,La pasta del formaggio presenta una microocchiatura molto diffusa e qualche bolla.,data/data/images_flat/2018-2019_Trentingrana__2018-11-21__P6a_323_fetta.bmp
Il formaggio ha un profumo di latte cotto e burro cotto con note di fieno.,La pasta del formaggio presenta una microocchiatura.,data/data/images_flat/2018-2019_Trentingrana__2018-11-21__P6a_323_fetta.bmp
Il formaggio ha un sapore salato.,La pasta del formaggio presenta una microocchiatura diffusa.,data/data/images_flat/2018-2019_Trentingrana__2018-11-21__P6a_323_fetta.bmp
"Il formaggio presenta una texture molto pastosa e oleosa, con cristalli abbondanti, troppo morbida.",La pasta del formaggio presenta microocchiature nella parte centrale e grana abbastanza bella.,data/data/images_flat/2018-2019_Trentingrana__2018-11-21__P6a_323_fetta.bmp
"Il formaggio ha un profumo di latte cotto, burro fuso, vegetale secco con sentori di fieno e nota tostato.",La pasta del formaggio presenta una buona granulosità e microocchiatura diffusa al centro.,data/data/images_flat/2018-2019_Trentingrana__2018-11-21__P6a_323_fetta.bmp
La pasta del formaggio è granulosa con frattura non omogenea.,La pasta del formaggio presenta una bella grana fine e frattura omogenea.,data/data/images_flat/2018-2019_Trentingrana__2018-11-21__P6a_323_fetta.bmp
Il formaggio ha un profumo di brodo vegetale.,La pasta del formaggio presenta una grana grossolana e ampia zona di occhiatura.,data/data/images_flat/2018-2019_Trentingrana__2018-11-21__P6a_323_fetta.bmp
La pasta del formaggio è di colore giallo chiaro omogeneo.,La pasta del formaggio presenta una fascia più scura in zona sottocrosta.,data/data/images_flat/2018-2019_Trentingrana__2018-11-21__P6a_323_fetta.bmp
Il formaggio ha un sapore dolce.,La pasta del formaggio presenta una striscia scura.,data/data/images_flat/2018-2019_Trentingrana__2018-11-21__P6a_323_fetta.bmp
Il formaggio ha un profumo di crosta e brodo.,La pasta del formaggio è di colore carico con strisce.,data/data/images_flat/2018-2019_Trentingrana__2018-11-21__P6a_323_fetta.bmp
Il formaggio ha un sapore amaro e piccante.,La pasta del formaggio presenta una zona rosa e biancastra.,data/data/images_flat/2018-2019_Trentingrana__2018-11-21__P6a_323_fetta.bmp
La pasta del formaggio è stirata in parte e con qualche microocchiatura.,La pasta del formaggio presenta una striscia più scura parallela a un piatto.,data/data/images_flat/2018-2019_Trentingrana__2018-11-21__P6a_323_fetta.bmp
Il formaggio presenta una texture leggermente sabbioso nel finale.,La pasta del formaggio è di colorazione tendente al chiaro e omogenea.,data/data/images_flat/2018-2019_Trentingrana__2018-11-21__P6a_323_fetta.bmp
Il formaggio ha un profumo di latte cotto e burro fuso.,La pasta del formaggio è di colore tendenzialmente chiaro e omogeneo.,data/data/images_flat/2018-2019_Trentingrana__2018-11-21__P6a_323_fetta.bmp
La pasta del formaggio è di colore carico al centro.,Il formaggio ha un profumo vegetale balsamico poco caratteristico della grana.,data/data/images_flat/2018-2019_Trentingrana__2018-09-12__P4b_314_fetta.bmp
Il formaggio presenta una texture pastosa.,Il formaggio ha un profumo animale.,data/data/images_flat/2018-2019_Trentingrana__2018-09-12__P4b_314_fetta.bmp
Il formaggio ha un sapore salato.,Il formaggio ha un profumo di latte cotto e brodo vegetale.,data/data/images_flat/2018-2019_Trentingrana__2018-09-12__P4b_314_fetta.bmp
La crosta del formaggio è mediamente spessa.,"Il formaggio ha un profumo di brodo di carne, burro fuso e latte cotto con note di sottobosco e tostato.",data/data/images_flat/2018-2019_Trentingrana__2018-09-12__P4b_314_fetta.bmp
"La pasta del formaggio presenta una frattura non regolare, striata e microocchiatura.",Il formaggio ha un sapore tendente all'amaro.,data/data/images_flat/2018-2019_Trentingrana__2018-09-12__P4b_314_fetta.bmp
Il formaggio ha un sapore dolce e salato con acidità.,"Il formaggio ha un sapore pungente sulle mucose, tendente al salato più che piccante.",data/data/images_flat/2018-2019_Trentingrana__2018-09-12__P4b_314_fetta.bmp
La pasta del formaggio è di colore molto carico al centro.,Il formaggio ha un sapore abbastanza equilibrato con lieve prevalenza di acidità.,data/data/images_flat/2018-2019_Trentingrana__2018-09-12__P4b_314_fetta.bmp
Il formaggio ha un profumo di burro fuso e panna.,Il formaggio ha un sapore leggermente salato e piccante.,data/data/images_flat/2018-2019_Trentingrana__2018-09-12__P4b_314_fetta.bmp
La crosta del formaggio è sottile.,Il formaggio ha un sapore leggermente acido e piccante.,data/data/images_flat/2018-2019_Trentingrana__2018-09-12__P4b_314_fetta.bmp
"La pasta del formaggio è di colore giallo carico al centro, tendente al più chiaro verso la crosta.","Il formaggio ha un aroma di panna nostrano, non negativo ma non tipico del grana.",data/data/images_flat/2018-2019_Trentingrana__2018-09-12__P4b_314_fetta.bmp
La crosta del formaggio è mediamente spessa.,Il formaggio ha un aroma di cotto prevalente con note di siero e panna acida.,data/data/images_flat/2018-2019_Trentingrana__2018-09-12__P4b_314_fetta.bmp
Il formaggio ha un profumo di latte cotto e brodo di carne con note di carne prevalenti.,Il formaggio ha un aroma di crosta.,data/data/images_flat/2018-2019_Trentingrana__2018-09-12__P4b_314_fetta.bmp
La crosta del formaggio è sottile.,"Il formaggio presenta una texture compatta, poco solubile e pastosa.",data/data/images_flat/2018-2019_Trentingrana__2018-09-12__P4b_314_fetta.bmp
Il formaggio ha un sapore salato.,"Il formaggio presenta una texture morbida, poca grana e che impasta la bocca.",data/data/images_flat/2018-2019_Trentingrana__2018-09-12__P4b_314_fetta.bmp
Il formaggio ha un profumo di latte cotto con note mature e fieno.,"Il formaggio presenta una texture morbida, poco friabile e con poca microstruttura.",data/data/images_flat/2018-2019_Trentingrana__2018-09-12__P4b_314_fetta.bmp
Il formaggio ha un sapore salato.,Il formaggio presenta una texture con grana ben percettibile e cristalli presenti.,data/data/images_flat/2018-2019_Trentingrana__2018-09-12__P4b_314_fetta.bmp
Il formaggio ha un profumo di latte cotto e brodo vegetale.,Il formaggio presenta una texture gommosa.,data/data/images_flat/2018-2019_Trentingrana__2018-09-12__P4b_314_fetta.bmp
Il formaggio presenta una texture molto compatta e poco friabile.,"La crosta del formaggio è di spessore medio, con profilo indefinito.",data/data/images_flat/2018-2019_Trentingrana__2018-09-12__P4b_314_fetta.bmp
"Il formaggio presenta una texture compatta, poco friabile e deformabile.","La crosta del formaggio è mediamente spessa, soprattutto agli angoli.",data/data/images_flat/2018-2019_Trentingrana__2018-09-12__P4b_314_fetta.bmp
Il formaggio ha un profumo di latte cotto e burro cotto con nota di brodo e nota animale.,La crosta del formaggio è spessa.,data/data/images_flat/2018-2019_Trentingrana__2018-09-12__P4b_314_fetta.bmp
La pasta del formaggio è leggermente stirata.,La crosta del formaggio è sottile.,data/data/images_flat/2018-2019_Trentingrana__2018-09-12__P4b_314_fetta.bmp
Il formaggio presenta una texture pastosa e poco solubile.,La crosta del formaggio è mediamente spessa.,data/data/images_flat/2018-2019_Trentingrana__2018-09-12__P4b_314_fetta.bmp
Il formaggio ha un profumo di latte cotto e panna.,La pasta del formaggio è stirata.,data/data/images_flat/2018-2019_Trentingrana__2018-09-12__P4b_314_fetta.bmp
"La pasta del formaggio è stirata al centro, con frattura irregolare.",La pasta del formaggio è tendente allo stirato con qualche occhiatura.,data/data/images_flat/2018-2019_Trentingrana__2018-09-12__P4b_314_fetta.bmp
"La pasta del formaggio presenta una frattura abbastanza regolare, struttura granulosa e alcune fessure.","La pasta del formaggio presenta una frattura omogenea, struttura ruvida e grossolana che tende a farsi più fine verso il centro.",data/data/images_flat/2018-2019_Trentingrana__2018-09-12__P4b_314_fetta.bmp
Il formaggio ha un profumo di latte cotto e brodo vegetale.,La pasta del formaggio è leggermente stirata al centro.,data/data/images_flat/2018-2019_Trentingrana__2018-09-12__P4b_314_fetta.bmp
Il formaggio ha un sapore equilibrato.,"La pasta del formaggio è a tratti stirata, compatta e poco granulosa.",data/data/images_flat/2018-2019_Trentingrana__2018-09-12__P4b_314_fetta.bmp
La crosta del formaggio è sottile.,La pasta del formaggio è regolare e omogenea.,data/data/images_flat/2018-2019_Trentingrana__2018-09-12__P4b_314_fetta.bmp
Il formaggio presenta una texture pastosa.,La pasta del formaggio è di colore decisamente carico.,data/data/images_flat/2018-2019_Trentingrana__2018-09-12__P4b_314_fetta.bmp
La crosta del formaggio è mediamente spessa.,"La pasta del formaggio è di colore molto carico, più chiara su un lato.",data/data/images_flat/2018-2019_Trentingrana__2018-09-12__P4b_314_fetta.bmp
Il formaggio ha un sapore salato.,"La pasta del formaggio è di colore abbastanza omogeneo, tendente al giallo saturo.",data/data/images_flat/2018-2019_Trentingrana__2018-09-12__P4b_314_fetta.bmp
Il formaggio ha un profumo di latte cotto con intensità leggera.,La pasta del formaggio è di colore molto carico.,data/data/images_flat/2018-2019_Trentingrana__2018-09-12__P4b_314_fetta.bmp
Il formaggio ha un sapore salato e leggermente acido.,"La pasta del formaggio presenta due fasce di colore, una più scura sul piatto.",data/data/images_flat/2018-2019_Trentingrana__2018-09-12__P4b_314_fetta.bmp
Il formaggio ha un profumo di latte cotto e brodo leggermente.,La pasta del formaggio è di colore intenso con alone centrale e verso un lato.,data/data/images_flat/2018-2019_Trentingrana__2018-09-12__P4b_314_fetta.bmp
La crosta del formaggio è sottile.,La pasta del formaggio è di colore omogeneo.,data/data/images_flat/2018-2019_Trentingrana__2018-09-12__P4b_314_fetta.bmp
La pasta del formaggio è granulosa con struttura regolare.,Il formaggio ha un profumo leggermente intenso.,data/data/images_flat/2018-2019_Trentingrana__2018-09-12__P1a_304_fetta.bmp
Il formaggio ha un sapore equilibrato.,"Il formaggio ha un profumo leggero di panna con note vegetali, senza grande freschezza.",data/data/images_flat/2018-2019_Trentingrana__2018-09-12__P1a_304_fetta.bmp
"Il formaggio ha un profumo di grana, nocciola e burro.","Il formaggio ha un profumo di panna, burro fuso, latte cotto e tostato, leggero.",data/data/images_flat/2018-2019_Trentingrana__2018-09-12__P1a_304_fetta.bmp
La crosta del formaggio è mediamente spessa.,"Il formaggio ha un profumo di panna e animale, intenso.",data/data/images_flat/2018-2019_Trentingrana__2018-09-12__P1a_304_fetta.bmp
Il formaggio ha un profumo di brodo.,Il formaggio ha un sapore salato.,data/data/images_flat/2018-2019_Trentingrana__2018-09-12__P1a_304_fetta.bmp
La crosta del formaggio presenta una sottocrosta aranciata.,Il formaggio ha un sapore acido e amaro.,data/data/images_flat/2018-2019_Trentingrana__2018-09-12__P1a_304_fetta.bmp
"Il formaggio presenta una texture friabile, microstruttura fine, tendenzialmente umida, con cristalli presenti.",Il formaggio ha un sapore amaro percepibile con salatura disomogenea e poco umami.,data/data/images_flat/2018-2019_Trentingrana__2018-09-12__P1a_304_fetta.bmp
La pasta del formaggio è granulosa e compatta.,"Il formaggio ha un sapore con acidità elevata, sapidità e umami medio-alti.",data/data/images_flat/2018-2019_Trentingrana__2018-09-12__P1a_304_fetta.bmp
"La pasta del formaggio presenta una frattura regolare, struttura granulosa, una fessura e zone stirate.",Il formaggio ha un sapore amaro e persistente.,data/data/images_flat/2018-2019_Trentingrana__2018-09-12__P1a_304_fetta.bmp
Il formaggio presenta una texture friabile con cristalli.,Il formaggio ha un aroma animale.,data/data/images_flat/2018-2019_Trentingrana__2018-09-12__P1a_304_fetta.bmp
Il formaggio presenta una texture granulosa con cristalli e abbastanza solubile.,Il formaggio ha un aroma di burro fuso e latte cotto.,data/data/images_flat/2018-2019_Trentingrana__2018-09-12__P1a_304_fetta.bmp
La pasta del formaggio presenta una frattura regolare e grana fine.,Il formaggio presenta una texture pastosa e persistente in bocca.,data/data/images_flat/2018-2019_Trentingrana__2018-09-12__P1a_304_fetta.bmp
La pasta del formaggio è di colore paglierino carico al centro con alone più scuro.,"Il formaggio presenta una texture asciutta, poco solubile, lascia sensazione farinosa in bocca.",data/data/images_flat/2018-2019_Trentingrana__2018-09-12__P1a_304_fetta.bmp
La pasta del formaggio è granulosa.,Il formaggio presenta una texture con tirosina scarsa.,data/data/images_flat/2018-2019_Trentingrana__2018-09-12__P1a_304_fetta.bmp
Il formaggio ha un sapore acido.,"Il formaggio presenta una texture friabile e morbido, pochi cristalli, impasta la bocca.",data/data/images_flat/2018-2019_Trentingrana__2018-09-12__P1a_304_fetta.bmp
Il formaggio ha un profumo di latte cotto e burro cotto con nota di crosta.,Il formaggio presenta una texture con cristalli.,data/data/images_flat/2018-2019_Trentingrana__2018-09-12__P1a_304_fetta.bmp
La crosta del formaggio è mediamente spessa.,Il formaggio presenta una texture leggermente asciutta.,data/data/images_flat/2018-2019_Trentingrana__2018-09-12__P1a_304_fetta.bmp
La crosta del formaggio è mediamente spessa.,Il formaggio presenta una texture secca.,data/data/images_flat/2018-2019_Trentingrana__2018-09-12__P1a_304_fetta.bmp
Il formaggio ha un sapore leggermente amaro e salato.,"Il formaggio presenta una texture poco friabile, compatta, poco granulosa e abbastanza solubile.",data/data/images_flat/2018-2019_Trentingrana__2018-09-12__P1a_304_fetta.bmp
Il formaggio ha un profumo di latte cotto con note mature e fieno.,"La crosta del formaggio presenta uno scalzo e parti piatte mediamente spesse, spigoli molto spessi e spessore medio.",data/data/images_flat/2018-2019_Trentingrana__2018-09-12__P1a_304_fetta.bmp
La pasta del formaggio è di colore carico.,La crosta del formaggio è mediamente spessa.,data/data/images_flat/2018-2019_Trentingrana__2018-09-12__P1a_304_fetta.bmp
Il formaggio ha un sapore leggermente amaro.,La crosta del formaggio è spessa.,data/data/images_flat/2018-2019_Trentingrana__2018-09-12__P1a_304_fetta.bmp
Il formaggio ha un profumo di burro fuso e bruciato.,La crosta del formaggio è sottile.,data/data/images_flat/2018-2019_Trentingrana__2018-09-12__P1a_304_fetta.bmp
La pasta del formaggio è di colore carico al centro.,"La crosta del formaggio è molto sottile, molto chiara.",data/data/images_flat/2018-2019_Trentingrana__2018-09-12__P1a_304_fetta.bmp
La pasta del formaggio è di colore carico abbastanza omogeneo.,La crosta del formaggio è piuttosto spessa.,data/data/images_flat/2018-2019_Trentingrana__2018-09-12__P1a_304_fetta.bmp
La crosta del formaggio presenta una sottocrosta marcata e agli angoli.,La pasta del formaggio non è omogenea con qualche microocchiatura al centro.,data/data/images_flat/2018-2019_Trentingrana__2018-09-12__P1a_304_fetta.bmp
La pasta del formaggio presenta un colore carico al centro.,"La pasta del formaggio è a grana fine e regolare, leggermente stirata al centro.",data/data/images_flat/2018-2019_Trentingrana__2018-09-12__P1a_304_fetta.bmp
"La pasta del formaggio presenta una frattura regolare, grana fine e striature.","La pasta del formaggio presenta poche e piccole microocchiature, bella frattura e grana regolare.",data/data/images_flat/2018-2019_Trentingrana__2018-09-12__P1a_304_fetta.bmp
"La pasta del formaggio presenta una microocchiatura centrale, frattura regolare, zone compatte e stirata.",La pasta del formaggio presenta una microocchiatura sporadica e qualche zona stirata.,data/data/images_flat/2018-2019_Trentingrana__2018-09-12__P1a_304_fetta.bmp
"Il formaggio presenta una texture friabile con cristalli, lascia residuo sabbioso in finale.",La pasta del formaggio è granulosa fine.,data/data/images_flat/2018-2019_Trentingrana__2018-09-12__P1a_304_fetta.bmp
La pasta del formaggio è di colore giallo carico omogeneo.,La pasta del formaggio è disomogenea con microocchiatura al centro.,data/data/images_flat/2018-2019_Trentingrana__2018-09-12__P1a_304_fetta.bmp
"Il formaggio presenta una texture asciutta, poco solubile, lascia residuo.",La pasta del formaggio presenta un alone centrale carico.,data/data/images_flat/2018-2019_Trentingrana__2018-09-12__P1a_304_fetta.bmp
Il formaggio ha un profumo di panna.,La pasta del formaggio è di colore chiaro con netto alone centrale e chiazza rosata.,data/data/images_flat/2018-2019_Trentingrana__2018-09-12__P1a_304_fetta.bmp
La crosta del formaggio è mediamente spessa.,"La pasta del formaggio è paglierina ai bordi e di colore carico al centro, non molto gialla.",data/data/images_flat/2018-2019_Trentingrana__2018-09-12__P1a_304_fetta.bmp
Il formaggio ha un sapore leggermente amaro.,La pasta del formaggio presenta un alone centrale molto scuro.,data/data/images_flat/2018-2019_Trentingrana__2018-09-12__P1a_304_fetta.bmp
"La crosta del formaggio presenta una parte piatta mediamente spessa, scalzo spesso, spigoli spessi e spessore medio complessivo.",La pasta del formaggio presenta un alone centrale marcato su fondo molto chiaro.,data/data/images_flat/2018-2019_Trentingrana__2018-09-12__P1a_304_fetta.bmp
"Il formaggio ha un sapore con sapidità prevalente, seguito da leggera nota amara e leggermente acido.",La pasta del formaggio è di colore chiara con deciso alone centrale.,data/data/images_flat/2018-2019_Trentingrana__2018-09-12__P1a_304_fetta.bmp
Il formaggio ha un profumo di burro fuso e bruciato.,La pasta del formaggio presenta una sfumatura leggermente più intensa nella zona centrale.,data/data/images_flat/2018-2019_Trentingrana__2018-09-12__P1a_304_fetta.bmp
Il formaggio ha un profumo di latte cotto e brodo vegetale.,"Il formaggio ha un profumo tostato e di frutta con ananas, entrambi di intensità leggera.",data/data/images_flat/2018-2019_Trentingrana__2019-04-03__P2b_314_fetta.bmp
Il formaggio ha un sapore salato e piccante.,Il formaggio ha un profumo di latte.,data/data/images_flat/2018-2019_Trentingrana__2019-04-03__P2b_314_fetta.bmp
Il formaggio presenta una texture granulosa e solubile.,Il formaggio ha un profumo di intensità medio-forte con note vegetali e floreali su latte.,data/data/images_flat/2018-2019_Trentingrana__2019-04-03__P2b_314_fetta.bmp
La crosta del formaggio è molto sottile e disomogenea fra i due piatti.,Il formaggio ha un profumo di yoghurt.,data/data/images_flat/2018-2019_Trentingrana__2019-04-03__P2b_314_fetta.bmp
La pasta del formaggio è a grana fine e omogenea.,Il formaggio ha un profumo con sentore di fermentato.,data/data/images_flat/2018-2019_Trentingrana__2019-04-03__P2b_314_fetta.bmp
Il formaggio ha un sapore dolce sapido con umami marcato e piccantezza media.,"Il formaggio ha un profumo con sentore di stalla, crosta e ossidato.",data/data/images_flat/2018-2019_Trentingrana__2019-04-03__P2b_314_fetta.bmp
Il formaggio ha un profumo di latte cotto e cipolla.,"Il formaggio ha un profumo di latte e crema crudi, leggeri.",data/data/images_flat/2018-2019_Trentingrana__2019-04-03__P2b_314_fetta.bmp
Il formaggio ha un profumo di lattici cotti e verdura lessa leggermente presente.,"Il formaggio ha un profumo di lattico moderatamente intenso, cotto, con leggero sentore fermentato.",data/data/images_flat/2018-2019_Trentingrana__2019-04-03__P2b_314_fetta.bmp
La crosta del formaggio è molto spessa.,"Il formaggio ha un profumo con nota fermentata appena percettibile, fruttato, lattico cotto e brodo.",data/data/images_flat/2018-2019_Trentingrana__2019-04-03__P2b_314_fetta.bmp
Il formaggio ha un sapore salato.,"Il formaggio ha un sapore amaro e acido, non dolce e non piccante, equilibrato.",data/data/images_flat/2018-2019_Trentingrana__2019-04-03__P2b_314_fetta.bmp
La pasta del formaggio presenta una frattura molto irregolare e grana fine distribuita omogeneamente.,Il formaggio ha un sapore acido e amaro.,data/data/images_flat/2018-2019_Trentingrana__2019-04-03__P2b_314_fetta.bmp
Il formaggio ha un sapore salato.,Il formaggio ha un sapore dolce e amaro.,data/data/images_flat/2018-2019_Trentingrana__2019-04-03__P2b_314_fetta.bmp
Il formaggio ha un profumo di latte cotto con nota di frutta secca a intensità moderata e note di fieno.,"Il formaggio ha un sapore piccante, salato umami.",data/data/images_flat/2018-2019_Trentingrana__2019-04-03__P2b_314_fetta.bmp
"La pasta del formaggio è granulosa e compatta, con cristalli evidenti.",Il formaggio ha un sapore acido e salato prevalenti.,data/data/images_flat/2018-2019_Trentingrana__2019-04-03__P2b_314_fetta.bmp
"La pasta del formaggio presenta una frattura regolare, grana fine e striature.","Il formaggio ha un sapore dolce e leggermente salato, con leggera piccantezza al finale.",data/data/images_flat/2018-2019_Trentingrana__2019-04-03__P2b_314_fetta.bmp
Il formaggio ha un sapore salato e piccante.,"Il formaggio ha un sapore con umami prevalente, nota dolce e assenza di piccantezza.",data/data/images_flat/2018-2019_Trentingrana__2019-04-03__P2b_314_fetta.bmp
Il formaggio ha un profumo di brodo.,"Il formaggio ha un aroma di latte cotto e crosta di formaggio con note di frutta secca e tostato, intensità leggera.",data/data/images_flat/2018-2019_Trentingrana__2019-04-03__P2b_314_fetta.bmp
Il formaggio ha un sapore salato e leggermente piccante.,Il formaggio ha un aroma di panna.,data/data/images_flat/2018-2019_Trentingrana__2019-04-03__P2b_314_fetta.bmp
Il formaggio ha un profumo di latte cotto e brodo di carne.,Il formaggio ha un aroma di latte e yogurt.,data/data/images_flat/2018-2019_Trentingrana__2019-04-03__P2b_314_fetta.bmp
La pasta del formaggio presenta una frattura irregolare e grana fine distribuita omogeneamente.,Il formaggio ha un aroma ossidato e fermentato di formaggio vecchio.,data/data/images_flat/2018-2019_Trentingrana__2019-04-03__P2b_314_fetta.bmp
Il formaggio ha un aroma di brodo e crosta di formaggio.,"Il formaggio ha un aroma di stalla, crosta e ossidato.",data/data/images_flat/2018-2019_Trentingrana__2019-04-03__P2b_314_fetta.bmp
Il formaggio ha un sapore con sapidità eccessiva e acidità pronunciata.,Il formaggio ha un aroma di latte cotto con note floreali.,data/data/images_flat/2018-2019_Trentingrana__2019-04-03__P2b_314_fetta.bmp
Il formaggio ha un aroma di crosta di formaggio e ossidato.,Il formaggio ha un aroma tostato deciso con note lattiche cotte.,data/data/images_flat/2018-2019_Trentingrana__2019-04-03__P2b_314_fetta.bmp
Il formaggio ha un sapore acido.,Il formaggio ha un aroma di brodo e frutta tropicale con nota leggera di formaggio cotto.,data/data/images_flat/2018-2019_Trentingrana__2019-04-03__P2b_314_fetta.bmp
La pasta del formaggio è leggermente stirata e grossolana.,"Il formaggio presenta una texture con tirosina di forte intensità, solubilità e friabilità leggere.",data/data/images_flat/2018-2019_Trentingrana__2019-04-03__P2b_314_fetta.bmp
La crosta del formaggio è sottile.,Il formaggio presenta una texture granulosa con cristalli abbastanza solubili.,data/data/images_flat/2018-2019_Trentingrana__2019-04-03__P2b_314_fetta.bmp
"Il formaggio presenta una texture asciutta, granulosa con cristalli e solubile.","Il formaggio presenta una texture consistente al molare, si frange in bella struttura, scioglie con residuo sabbioso, ben umida e con tanti microcristalli.",data/data/images_flat/2018-2019_Trentingrana__2019-04-03__P2b_314_fetta.bmp
La pasta del formaggio presenta una frattura abbastanza regolare e grana grossolana.,"Il formaggio presenta una texture friabile, leggermente secco, pochi cristalli.",data/data/images_flat/2018-2019_Trentingrana__2019-04-03__P2b_314_fetta.bmp
Il formaggio ha un aroma di crosta di formaggio.,Il formaggio presenta una texture pastosa.,data/data/images_flat/2018-2019_Trentingrana__2019-04-03__P2b_314_fetta.bmp
Il formaggio ha un sapore leggermente salato.,"Il formaggio presenta una texture cedevole, molto pastosa e asciutta, poco solubile, con microstruttura sottile e molti cristalli.",data/data/images_flat/2018-2019_Trentingrana__2019-04-03__P2b_314_fetta.bmp
Il formaggio presenta una texture pastosa e poco solubile.,Il formaggio presenta una texture abbastanza solubile.,data/data/images_flat/2018-2019_Trentingrana__2019-04-03__P2b_314_fetta.bmp
Il formaggio ha un aroma di latte cotto e cipolla.,"Il formaggio presenta una texture friabile, solubilità intermedia, untuosità.",data/data/images_flat/2018-2019_Trentingrana__2019-04-03__P2b_314_fetta.bmp
"Il formaggio presenta una texture granulosa, solubile e asciutta.",Il formaggio ha una texture che si scioglie bene in bocca.,data/data/images_flat/2018-2019_Trentingrana__2019-04-03__P2b_314_fetta.bmp
Il formaggio presenta una texture pastosa.,"La crosta del formaggio è sfumata, irregolare e mediamente spessa.",data/data/images_flat/2018-2019_Trentingrana__2019-04-03__P2b_314_fetta.bmp
"Il formaggio presenta una texture granulosa, solubile, mediamente dura, con buona presenza di microcristalli.",La crosta del formaggio presenta uno spessore variabile da un lato all'altro.,data/data/images_flat/2018-2019_Trentingrana__2019-04-03__P2b_314_fetta.bmp
Il formaggio ha un sapore acido e amaro.,La crosta del formaggio è sfumata e molto spessa.,data/data/images_flat/2018-2019_Trentingrana__2019-04-03__P2b_314_fetta.bmp
La pasta del formaggio presenta una frattura regolare e grana fine.,La crosta del formaggio è mediamente spessa con unghia marcata e colore bruno.,data/data/images_flat/2018-2019_Trentingrana__2019-04-03__P2b_314_fetta.bmp
"La pasta del formaggio presenta una frattura regolare, grana grossolana e tratti stirati, con microocchiatura presente a tratti.",La crosta del formaggio è mediamente spessa.,data/data/images_flat/2018-2019_Trentingrana__2019-04-03__P2b_314_fetta.bmp
Il formaggio ha un aroma di brodo e crosta di formaggio.,"La crosta del formaggio presenta spigoli molto pronunciati, in uno con fine occhiatura.",data/data/images_flat/2018-2019_Trentingrana__2019-04-03__P2b_314_fetta.bmp
Il formaggio ha un aroma di formaggio cotto e crosta di formaggio con una punta di stantio.,La crosta del formaggio è sottile.,data/data/images_flat/2018-2019_Trentingrana__2019-04-03__P2b_314_fetta.bmp
La pasta del formaggio è leggermente stirata.,"La pasta del formaggio è disomogenea, grossolana al centro e fine verso l'esterno, ma non ottimale.",data/data/images_flat/2018-2019_Trentingrana__2019-04-03__P2b_314_fetta.bmp
La crosta del formaggio è sottile.,"La pasta del formaggio presenta una frattura e grana regolari, cristalli evidenti.",data/data/images_flat/2018-2019_Trentingrana__2019-04-03__P2b_314_fetta.bmp
La pasta del formaggio presenta una bella frattura e presenza di uno spacco.,La pasta del formaggio è a struttura fine.,data/data/images_flat/2018-2019_Trentingrana__2019-04-03__P2b_314_fetta.bmp
Il formaggio ha un sapore acido e amaro.,"La pasta del formaggio presenta una frattura regolare, grana fine e leggera microocchiatura.",data/data/images_flat/2018-2019_Trentingrana__2019-04-03__P2b_314_fetta.bmp
Il formaggio ha un profumo di brodo.,La pasta del formaggio è grossolana ma regolare.,data/data/images_flat/2018-2019_Trentingrana__2019-04-03__P2b_314_fetta.bmp
"Il formaggio presenta una texture friabile, solubile, con cristalli ben percettibili.","La pasta del formaggio presenta una frattura regolare, struttura granulare e aspetto compatto.",data/data/images_flat/2018-2019_Trentingrana__2019-04-03__P2b_314_fetta.bmp
"Il formaggio presenta una texture asciutta, granulosa con cristalli e solubile.",La pasta del formaggio è scagliosa con grana leggermente arrotondata e occhiature presenti su un angolo.,data/data/images_flat/2018-2019_Trentingrana__2019-04-03__P2b_314_fetta.bmp
Il formaggio ha un aroma di crosta di formaggio.,La pasta del formaggio presenta una frattura regolare e bella grana regolare.,data/data/images_flat/2018-2019_Trentingrana__2019-04-03__P2b_314_fetta.bmp
"Il formaggio presenta una texture asciutta, granulosa con cristalli e solubile.","La pasta del formaggio presenta una frattura molto regolare, assenza di impugnatura eccetto in un'area ristretta, presenza di cristalli grossi e grana grossa.",data/data/images_flat/2018-2019_Trentingrana__2019-04-03__P2b_314_fetta.bmp
Il formaggio ha un profumo di latticini freschi.,La pasta del formaggio è di colore paglierino omogeneo.,data/data/images_flat/2018-2019_Trentingrana__2019-04-03__P2b_314_fetta.bmp
La pasta del formaggio è ruvida e grossolana.,La pasta del formaggio è di colore giallo carico uniforme.,data/data/images_flat/2018-2019_Trentingrana__2019-04-03__P2b_314_fetta.bmp
Il formaggio ha un sapore leggermente salato.,"La pasta del formaggio è di colore chiaro paglierino, omogeneo.",data/data/images_flat/2018-2019_Trentingrana__2019-04-03__P2b_314_fetta.bmp
La crosta del formaggio è sottile.,La pasta del formaggio è di colore carico.,data/data/images_flat/2018-2019_Trentingrana__2019-04-03__P2b_314_fetta.bmp
"Il formaggio presenta una texture friabile, microstruttura grossolana, pochi cristalli grossi.",La pasta del formaggio è più scura verso il piatto.,data/data/images_flat/2018-2019_Trentingrana__2019-04-03__P2b_314_fetta.bmp
"Il formaggio presenta una texture friabile, microstruttura grossolana, pochi cristalli grossi.",La pasta del formaggio è di colore carico omogeneo.,data/data/images_flat/2018-2019_Trentingrana__2019-04-03__P2b_314_fetta.bmp
La pasta del formaggio è a grana fine con microocchiatura diffusa.,La pasta del formaggio è di colore giallo piuttosto carico.,data/data/images_flat/2018-2019_Trentingrana__2019-04-03__P2b_314_fetta.bmp
Il formaggio ha un profumo di latte cotto e brodo di carne con note di formaggio cotto.,La pasta del formaggio è di colore giallo piuttosto carico.,data/data/images_flat/2018-2019_Trentingrana__2019-04-03__P2b_314_fetta.bmp
"Il formaggio presenta una texture friabile, solubile, con cristalli di tirosina evidenti.",La pasta del formaggio è di colore giallo carico e omogeneo.,data/data/images_flat/2018-2019_Trentingrana__2019-04-03__P2b_314_fetta.bmp
Il formaggio ha un sapore dolce con finale leggermente amarognolo.,"La pasta del formaggio è di colore paglierino carico omogeneo, con tonalità leggermente ambrata nel sottocrosta.",data/data/images_flat/2018-2019_Trentingrana__2019-04-03__P2b_314_fetta.bmp
"Il formaggio presenta una texture molto friabile, numerosi cristalli e solubile.","Il formaggio ha un profumo di intensità medio-forte con note di latte intero, panna, brodo di carne e burro fresco.",data/data/images_flat/2018-2019_Trentingrana__2019-04-03__P4a_323_fetta.bmp
La crosta del formaggio è sottile.,Il formaggio ha un profumo fermentato con note di insilato di mais.,data/data/images_flat/2018-2019_Trentingrana__2019-04-03__P4a_323_fetta.bmp
La pasta del formaggio è stirata al centro con grana grossa.,Il formaggio ha un profumo leggero di cotto.,data/data/images_flat/2018-2019_Trentingrana__2019-04-03__P4a_323_fetta.bmp
Il formaggio ha un sapore acido e amaro.,Il formaggio ha un profumo molto leggermente di crosta e ossidato.,data/data/images_flat/2018-2019_Trentingrana__2019-04-03__P4a_323_fetta.bmp
Il formaggio ha un profumo di burro fuso e latte cotto con note di crosta e tostato lieve.,Il formaggio ha un profumo di caramella mou e latte cotto.,data/data/images_flat/2018-2019_Trentingrana__2019-04-03__P4a_323_fetta.bmp
Il formaggio presenta una texture con cristalli presenti.,"Il formaggio ha un profumo con lieve sentore vegetale iniziale, seguito da lattici cotti e formaggio cotto.",data/data/images_flat/2018-2019_Trentingrana__2019-04-03__P4a_323_fetta.bmp
Il formaggio ha un sapore amaro e dolce.,Il formaggio ha un profumo molto fruttato con note lattiche fresche.,data/data/images_flat/2018-2019_Trentingrana__2019-04-03__P4a_323_fetta.bmp
Il formaggio ha un profumo di latte cotto e brodo di carne con nota di carne e leggera nota animale.,Il formaggio ha un sapore leggermente piccante e leggermente amaro.,data/data/images_flat/2018-2019_Trentingrana__2019-04-03__P4a_323_fetta.bmp
Il formaggio ha un profumo di latte cotto e brodo di carne con sentore animale.,Il formaggio ha un sapore salato e leggermente piccante.,data/data/images_flat/2018-2019_Trentingrana__2019-04-03__P4a_323_fetta.bmp
"Il formaggio presenta una texture molto friabile, con cristalli e buona solubilità.","Il formaggio ha un sapore leggermente salato e pieno, senza dolcezza.",data/data/images_flat/2018-2019_Trentingrana__2019-04-03__P4a_323_fetta.bmp
La crosta del formaggio è sottile.,Il formaggio ha un sapore leggermente acido.,data/data/images_flat/2018-2019_Trentingrana__2019-04-03__P4a_323_fetta.bmp
"Il formaggio presenta una texture con cristalli percettibili, grana leggera e morbido pastoso.",Il formaggio ha un sapore acido e pungente.,data/data/images_flat/2018-2019_Trentingrana__2019-04-03__P4a_323_fetta.bmp
La crosta del formaggio è sottile.,Il formaggio ha un sapore salato.,data/data/images_flat/2018-2019_Trentingrana__2019-04-03__P4a_323_fetta.bmp
"Il formaggio presenta una texture abbastanza dura, grana fine, asciutta, con pochi cristalli e solubile.",Il formaggio ha un sapore acido e piccante.,data/data/images_flat/2018-2019_Trentingrana__2019-04-03__P4a_323_fetta.bmp
La pasta del formaggio è stirata al centro con grana grossa.,Il formaggio ha un sapore abbastanza salato con forte componente acida e piccante.,data/data/images_flat/2018-2019_Trentingrana__2019-04-03__P4a_323_fetta.bmp
"La pasta del formaggio è leggermente stirata in parte, con microocchiatura.",Il formaggio ha un sapore piccante ben percepibile con nota leggermente amara.,data/data/images_flat/2018-2019_Trentingrana__2019-04-03__P4a_323_fetta.bmp
Il formaggio presenta una texture con cristalli presenti.,Il formaggio ha un sapore acido e leggermente piccante con umami.,data/data/images_flat/2018-2019_Trentingrana__2019-04-03__P4a_323_fetta.bmp
Il formaggio ha un profumo di latte cotto e brodo.,Il formaggio ha un sapore leggermente pungente ed equilibrato.,data/data/images_flat/2018-2019_Trentingrana__2019-04-03__P4a_323_fetta.bmp
"La pasta del formaggio è granulosa, appena irregolare, con buona frattura.","Il formaggio ha un aroma di latte cotto, leggero.",data/data/images_flat/2018-2019_Trentingrana__2019-04-03__P4a_323_fetta.bmp
"La pasta del formaggio è stirata al centro con occhio grande, microocchiatura in zone, grana presente.",Il formaggio ha un aroma di pasta cotta.,data/data/images_flat/2018-2019_Trentingrana__2019-04-03__P4a_323_fetta.bmp
Il formaggio ha un sapore equilibrato con note dolci piacevoli all'inizio e finale leggermente acidulo.,Il formaggio ha un aroma debole e cotto.,data/data/images_flat/2018-2019_Trentingrana__2019-04-03__P4a_323_fetta.bmp
Il formaggio presenta una texture molto pastosa.,Il formaggio ha un aroma di crosta e ossidato molto leggero con note di latticino fresco tipo quark.,data/data/images_flat/2018-2019_Trentingrana__2019-04-03__P4a_323_fetta.bmp
Il formaggio presenta una texture asciutta con granuli e media durezza.,Il formaggio ha un aroma di latte cotto con note di crosta.,data/data/images_flat/2018-2019_Trentingrana__2019-04-03__P4a_323_fetta.bmp
Il formaggio ha un profumo di lattici cotti e verdura lessa.,"Il formaggio ha un aroma di cotto, crosta di grana e brodo di carne.",data/data/images_flat/2018-2019_Trentingrana__2019-04-03__P4a_323_fetta.bmp
La crosta del formaggio è molto sottile.,Il formaggio ha un aroma lattico cotto.,data/data/images_flat/2018-2019_Trentingrana__2019-04-03__P4a_323_fetta.bmp
"Il formaggio presenta una texture compatta, grana quasi assente, asciutta e poco solubile, con pochi cristalli.","Il formaggio presenta una texture solubile e friabile, con tirosina percepibile a intensità leggera.",data/data/images_flat/2018-2019_Trentingrana__2019-04-03__P4a_323_fetta.bmp
"Il formaggio presenta una texture abbastanza dura e compatta, grana fine, leggermente asciutta.","Il formaggio presenta una texture compatta, asciutta e granulosa con cristalli, poco solubile, lascia residuo sabbioso.",data/data/images_flat/2018-2019_Trentingrana__2019-04-03__P4a_323_fetta.bmp
"Il formaggio presenta una texture friabile, microstruttura fine, tendente al sabbioso nel finale di bocca.","Il formaggio presenta una texture friabile con microstruttura fine e tendenza sabbiosa, lascia bocca pulita, microcristalli presenti in quantità moderata.",data/data/images_flat/2018-2019_Trentingrana__2019-04-03__P4a_323_fetta.bmp
La crosta del formaggio è sottile.,"Il formaggio presenta una texture friabile, secco e asciutto, con microstruttura sufficiente.",data/data/images_flat/2018-2019_Trentingrana__2019-04-03__P4a_323_fetta.bmp
Il formaggio ha un aroma di latte cotto e minestrone di verdura.,Il formaggio presenta una texture asciutta.,data/data/images_flat/2018-2019_Trentingrana__2019-04-03__P4a_323_fetta.bmp
Il formaggio ha un sapore leggermente acido e piccante.,"Il formaggio presenta una texture dura ma friabile, con microstruttura sottile, solubile ma asciutta.",data/data/images_flat/2018-2019_Trentingrana__2019-04-03__P4a_323_fetta.bmp
Il formaggio ha un profumo di brodo vegetale.,Il formaggio presenta una texture granulosa.,data/data/images_flat/2018-2019_Trentingrana__2019-04-03__P4a_323_fetta.bmp
La crosta del formaggio è sottile.,"Il formaggio presenta una texture friabile, asciutta e sabbioso al finale.",data/data/images_flat/2018-2019_Trentingrana__2019-04-03__P4a_323_fetta.bmp
Il formaggio presenta una texture sabbioso-granulosa con cristalli evidenti.,Il formaggio presenta una texture sabbioso con frammenti.,data/data/images_flat/2018-2019_Trentingrana__2019-04-03__P4a_323_fetta.bmp
"La pasta del formaggio presenta una frattura abbastanza regolare, grana grossolana e tratti stirati, con una piccola zona con microocchiatura.",La crosta del formaggio è sfumata con spessore medio.,data/data/images_flat/2018-2019_Trentingrana__2019-04-03__P4a_323_fetta.bmp
Il formaggio ha un profumo di latte cotto e panna.,La crosta del formaggio è mediamente spessa.,data/data/images_flat/2018-2019_Trentingrana__2019-04-03__P4a_323_fetta.bmp
Il formaggio ha un aroma di crosta di formaggio e ossidato.,La crosta del formaggio è mediamente spessa.,data/data/images_flat/2018-2019_Trentingrana__2019-04-03__P4a_323_fetta.bmp
"Il formaggio presenta una texture pastosa, poco solubile, leggermente sabbioso in alcune zone.",La crosta del formaggio è mediamente spessa.,data/data/images_flat/2018-2019_Trentingrana__2019-04-03__P4a_323_fetta.bmp
La crosta del formaggio è sottile.,La crosta del formaggio è molto sottile.,data/data/images_flat/2018-2019_Trentingrana__2019-04-03__P4a_323_fetta.bmp
Il formaggio ha un aroma di brodo e crosta di grana.,"La pasta del formaggio è disomogenea, fine e granulosa.",data/data/images_flat/2018-2019_Trentingrana__2019-04-03__P4a_323_fetta.bmp
"Il formaggio presenta una texture friabile con microstruttura fine, cristalli presenti, tende ad impastare la bocca e in finale.","La pasta del formaggio presenta una frattura regolare, grana evidente al centro e grossi cristalli.",data/data/images_flat/2018-2019_Trentingrana__2019-04-03__P4a_323_fetta.bmp
"Il formaggio presenta una texture friabile, con microstruttura fine, cristalli e finale deliquescente e farinoso.","La pasta del formaggio presenta fratture interne, buona grana tendente al fine e omogenea.",data/data/images_flat/2018-2019_Trentingrana__2019-04-03__P4a_323_fetta.bmp
"Il formaggio presenta una texture cedevole, molle e friabile.","La pasta del formaggio presenta una frattura irregolare a scaglie, presenza di cristalli e grana fine.",data/data/images_flat/2018-2019_Trentingrana__2019-04-03__P4a_323_fetta.bmp
La crosta del formaggio è mediamente spessa.,La pasta del formaggio presenta una frattura abbastanza irregolare e zone stirate.,data/data/images_flat/2018-2019_Trentingrana__2019-04-03__P4a_323_fetta.bmp
La crosta del formaggio è sottile.,La pasta del formaggio è a grana fine con frattura regolare.,data/data/images_flat/2018-2019_Trentingrana__2019-04-03__P4a_323_fetta.bmp
Il formaggio presenta una texture con cristalli percettibili.,"La pasta del formaggio presenta una frattura abbastanza regolare, qualche avvallamento, struttura granulare e compatta.",data/data/images_flat/2018-2019_Trentingrana__2019-04-03__P4a_323_fetta.bmp
"Il formaggio presenta una texture pastosa, poca grana.",La pasta del formaggio è scagliosa con striature localizzate e grana localmente abbastanza bella.,data/data/images_flat/2018-2019_Trentingrana__2019-04-03__P4a_323_fetta.bmp
"Il formaggio presenta una texture morbida, granulosa, poco solubile, con pochi cristalli.",La pasta del formaggio presenta una frattura abbastanza regolare e grana abbastanza omogenea.,data/data/images_flat/2018-2019_Trentingrana__2019-04-03__P4a_323_fetta.bmp
La crosta del formaggio è sottile.,La pasta del formaggio è abbastanza regolare con grana grossolana.,data/data/images_flat/2018-2019_Trentingrana__2019-04-03__P4a_323_fetta.bmp
Il formaggio ha un sapore leggermente amaro.,La pasta del formaggio è di colore paglierino carico.,data/data/images_flat/2018-2019_Trentingrana__2019-04-03__P4a_323_fetta.bmp
"Il formaggio ha un sapore leggermente amaro e salato, non equilibrato.",La pasta del formaggio è di colore aranciato uniforme.,data/data/images_flat/2018-2019_Trentingrana__2019-04-03__P4a_323_fetta.bmp
La crosta del formaggio è sottile.,La pasta del formaggio è di colore omogeneo e chiaro.,data/data/images_flat/2018-2019_Trentingrana__2019-04-03__P4a_323_fetta.bmp
Il formaggio ha un profumo di panna e burro con nota animale e leggera nota animale.,La pasta del formaggio è di colore paglierino omogeneo non carico.,data/data/images_flat/2018-2019_Trentingrana__2019-04-03__P4a_323_fetta.bmp
Il formaggio ha un profumo di brodo.,La pasta del formaggio è di colore giallo abbastanza carico e omogeneo.,data/data/images_flat/2018-2019_Trentingrana__2019-04-03__P4a_323_fetta.bmp
Il formaggio presenta una texture con cristalli presenti.,La pasta del formaggio è di colore uniforme con leggerissima zona rosata.,data/data/images_flat/2018-2019_Trentingrana__2019-04-03__P4a_323_fetta.bmp
Il formaggio ha un profumo di latte cotto e brodo di carne con intensità leggera.,La pasta del formaggio è di colore intenso e omogeneo.,data/data/images_flat/2018-2019_Trentingrana__2019-04-03__P4a_323_fetta.bmp
Il formaggio ha un profumo di latte cotto e burro cotto con nota di crosta.,"La pasta del formaggio è di colore paglierino carico, omogeneo.",data/data/images_flat/2018-2019_Trentingrana__2019-04-03__P4a_323_fetta.bmp
Il formaggio presenta una texture molto friabile e solubile.,"Il formaggio ha un profumo di latte con sentore cotto, intensità moderata e poco cuoio.",data/data/images_flat/2018-2019_Trentingrana__2019-03-13__P6a_330_fetta.bmp
La pasta del formaggio presenta una frattura abbastanza regolare.,Il formaggio ha un profumo di formaggio cotto.,data/data/images_flat/2018-2019_Trentingrana__2019-03-13__P6a_330_fetta.bmp
"Il formaggio ha un profumo di cacao amaro, caffè, tostato, cuoio e caramello all'apertura, seguiti da note di tostato e lattico cotto, leggermente speziato.",Il formaggio ha un profumo di burro fuso e latte cotto.,data/data/images_flat/2018-2019_Trentingrana__2019-03-13__P6a_330_fetta.bmp
La pasta del formaggio presenta una fessura pronunciata.,Il formaggio ha un profumo caratteristico a media intensità.,data/data/images_flat/2018-2019_Trentingrana__2019-03-13__P6a_330_fetta.bmp
La pasta del formaggio presenta una fessura pronunciata.,"Il formaggio ha un profumo di frutta fermentata e acqua stagnante, poco caratteristico.",data/data/images_flat/2018-2019_Trentingrana__2019-03-13__P6a_330_fetta.bmp
Il formaggio presenta una texture solubile e granulosa.,"Il formaggio ha un profumo di frutta matura, fieno e stalla, con nota di grana.",data/data/images_flat/2018-2019_Trentingrana__2019-03-13__P6a_330_fetta.bmp
Il formaggio presenta una texture priva di cristalli.,"Il formaggio ha un profumo di latte acido prevalente, seguito da panna e burro fresco, con note di fruttato e vegetale cotto.",data/data/images_flat/2018-2019_Trentingrana__2019-03-13__P6a_330_fetta.bmp
La pasta del formaggio presenta una microocchiatura molto diffusa che conferisce aspetto spugnoso.,"Il formaggio ha un sapore acido, poco amaro, salato, leggermente piccante e dolce.",data/data/images_flat/2018-2019_Trentingrana__2019-03-13__P6a_330_fetta.bmp
Il formaggio ha un sapore con prevalente sapidità medio-bassa.,Il formaggio ha un sapore amaro e umami.,data/data/images_flat/2018-2019_Trentingrana__2019-03-13__P6a_330_fetta.bmp
Il formaggio ha un sapore leggermente piccante.,Il formaggio ha un sapore di latte con nota di crosta al finale.,data/data/images_flat/2018-2019_Trentingrana__2019-03-13__P6a_330_fetta.bmp
"La pasta del formaggio è grossolana e non omogenea, con cristalli.","Il formaggio ha un sapore dolce, poco salato con umami.",data/data/images_flat/2018-2019_Trentingrana__2019-03-13__P6a_330_fetta.bmp
"Il formaggio ha un profumo di cacao, caffè, tostato, caffè, caffè, caffè, frutta secca,.","Il formaggio ha un sapore dolce e salato equilibrati, con umami debole e piccantezza media.",data/data/images_flat/2018-2019_Trentingrana__2019-03-13__P6a_330_fetta.bmp
Il formaggio ha un aroma di cavolfiore.,"Il formaggio ha un sapore sapido con finale amarognolo, equilibrato e non esagerato.",data/data/images_flat/2018-2019_Trentingrana__2019-03-13__P6a_330_fetta.bmp
La pasta del formaggio presenta una microocchiatura diffusa e un grande occhio.,Il formaggio ha un sapore leggermente sbilanciato verso il salato.,data/data/images_flat/2018-2019_Trentingrana__2019-03-13__P6a_330_fetta.bmp
Il formaggio ha un aroma di cacao amaro.,Il formaggio ha un sapore equilibrato.,data/data/images_flat/2018-2019_Trentingrana__2019-03-13__P6a_330_fetta.bmp
Il formaggio presenta una texture con cristalli molto presenti e consistenza adeguata.,Il formaggio ha un aroma di panna e vegetale.,data/data/images_flat/2018-2019_Trentingrana__2019-03-13__P6a_330_fetta.bmp
La crosta del formaggio presenta un colore di fondo carico.,Il formaggio ha un aroma di burro bruciato.,data/data/images_flat/2018-2019_Trentingrana__2019-03-13__P6a_330_fetta.bmp
La pasta del formaggio presenta una microocchiatura diffusa molto presente e altri occhi in un'area centrale stirata.,Il formaggio ha un aroma di burro fuso.,data/data/images_flat/2018-2019_Trentingrana__2019-03-13__P6a_330_fetta.bmp
La crosta del formaggio è spessa.,Il formaggio ha un aroma medio intenso.,data/data/images_flat/2018-2019_Trentingrana__2019-03-13__P6a_330_fetta.bmp
Il formaggio ha un sapore amaro.,"Il formaggio ha un aroma di burro fuso, formaggio cotto e crosta di formaggio con nota fruttata.",data/data/images_flat/2018-2019_Trentingrana__2019-03-13__P6a_330_fetta.bmp
La pasta del formaggio è granulosa con pochi microocchiatura.,Il formaggio ha un aroma di burro e brodo.,data/data/images_flat/2018-2019_Trentingrana__2019-03-13__P6a_330_fetta.bmp
Il formaggio ha un profumo di cavolfiore.,Il formaggio ha un aroma con sentori lattici.,data/data/images_flat/2018-2019_Trentingrana__2019-03-13__P6a_330_fetta.bmp
La pasta del formaggio presenta una microocchiatura diffusa e un occhio.,"Il formaggio presenta una texture morbida e umida, poco granulosa con piccoli cristalli che lasciano residuo.",data/data/images_flat/2018-2019_Trentingrana__2019-03-13__P6a_330_fetta.bmp
Il formaggio presenta una texture poco solubile.,"Il formaggio presenta una texture morbida, friabile con microstruttura non fine, umida e tendente al pastoso nel finale di bocca.",data/data/images_flat/2018-2019_Trentingrana__2019-03-13__P6a_330_fetta.bmp
La pasta del formaggio presenta una microocchiatura molto diffusa che conferisce aspetto leggermente spugnoso.,"Il formaggio presenta una texture morbida, microstruttura assente, con qualche cristallo.",data/data/images_flat/2018-2019_Trentingrana__2019-03-13__P6a_330_fetta.bmp
La pasta del formaggio presenta una microocchiatura molto diffusa e uno spacco.,Il formaggio presenta una texture gommosa.,data/data/images_flat/2018-2019_Trentingrana__2019-03-13__P6a_330_fetta.bmp
Il formaggio ha un aroma di cacao amaro.,Il formaggio presenta una texture poco friabile e tendente all'umido.,data/data/images_flat/2018-2019_Trentingrana__2019-03-13__P6a_330_fetta.bmp
Il formaggio presenta una texture asciutta.,"Il formaggio presenta una texture ancora umida, legata, poco granulosa e poco solubile.",data/data/images_flat/2018-2019_Trentingrana__2019-03-13__P6a_330_fetta.bmp
"Il formaggio presenta una texture compatta, poco granulosa, solubile e leggermente sabbiosa.","Il formaggio presenta una texture asciutta, solubile, con cristalli di media grandezza.",data/data/images_flat/2018-2019_Trentingrana__2019-03-13__P6a_330_fetta.bmp
La pasta del formaggio è granulosa con microocchiatura a tratti.,"Il formaggio presenta una texture con cristalli medio-grossi, rimane granulosa e sabbiosa.",data/data/images_flat/2018-2019_Trentingrana__2019-03-13__P6a_330_fetta.bmp
La crosta del formaggio è mediamente spessa.,"La crosta del formaggio presenta una sottocrosta dal colore carico, più evidente sulla parte piatta.",data/data/images_flat/2018-2019_Trentingrana__2019-03-13__P6a_330_fetta.bmp
Il formaggio ha un sapore leggermente amaro.,"La crosta del formaggio è sempre mediamente spessa, con parte piatta molto spessa.",data/data/images_flat/2018-2019_Trentingrana__2019-03-13__P6a_330_fetta.bmp
La pasta del formaggio è ruvida e grossolana.,La crosta del formaggio è mediamente spessa con unghia marcata.,data/data/images_flat/2018-2019_Trentingrana__2019-03-13__P6a_330_fetta.bmp
"Il formaggio ha un profumo di cacao, caffè, caffè, tostato, cuoio e caffè, seguiti da note di tostato, seguiti da crosta di grana.",La crosta del formaggio è sottile.,data/data/images_flat/2018-2019_Trentingrana__2019-03-13__P6a_330_fetta.bmp
La pasta del formaggio presenta una microocchiatura molto diffusa che conferisce aspetto spugnoso.,"La crosta del formaggio è spessa, più marcata su una faccia.",data/data/images_flat/2018-2019_Trentingrana__2019-03-13__P6a_330_fetta.bmp
La pasta del formaggio presenta una frattura abbastanza regolare.,La crosta del formaggio presenta spigoli molto pronunciati.,data/data/images_flat/2018-2019_Trentingrana__2019-03-13__P6a_330_fetta.bmp
La pasta del formaggio è leggermente stirata.,"La crosta del formaggio è piuttosto spessa, soprattutto sugli scalzi.",data/data/images_flat/2018-2019_Trentingrana__2019-03-13__P6a_330_fetta.bmp
Il formaggio presenta una texture molto asciutta.,"La pasta del formaggio presenta una frattura regolare, fitta microocchiatura, qualche piccolo strappo, cristalli e un'occhiatura.",data/data/images_flat/2018-2019_Trentingrana__2019-03-13__P6a_330_fetta.bmp
La pasta del formaggio presenta una fessura pronunciata.,"La pasta del formaggio presenta una microocchiatura centrale, grana grossa e omogenea.",data/data/images_flat/2018-2019_Trentingrana__2019-03-13__P6a_330_fetta.bmp
Il formaggio ha un sapore con sapidità prevalente.,La pasta del formaggio presenta un'occhiatura evidente al centro.,data/data/images_flat/2018-2019_Trentingrana__2019-03-13__P6a_330_fetta.bmp
Il formaggio presenta una texture deformabile.,La pasta del formaggio è a frattura regolare con microocchiature diffuse e un'occhiatura al centro.,data/data/images_flat/2018-2019_Trentingrana__2019-03-13__P6a_330_fetta.bmp
La crosta del formaggio è molto sottile.,"La pasta del formaggio presenta una microocchiatura diffusa, una bolla e diverse fenditure.",data/data/images_flat/2018-2019_Trentingrana__2019-03-13__P6a_330_fetta.bmp
"Il formaggio ha un profumo di cacao, caffè, caffè, tostato, cuoio e caramello all'apertura, seguiti da note di tostato e crosta disidratato.","La pasta del formaggio è disomogenea con occhiatura e spacchi, grana grossa.",data/data/images_flat/2018-2019_Trentingrana__2019-03-13__P6a_330_fetta.bmp
"La pasta del formaggio presenta una frattura abbastanza regolare, grana grossolana e tratti stirati, con microocchiatura presente a tratti.","La pasta del formaggio presenta una frattura regolare, microocchiatura prevalente al centro e occhio di dimensione medio-grande al centro.",data/data/images_flat/2018-2019_Trentingrana__2019-03-13__P6a_330_fetta.bmp
Il formaggio ha un aroma di cavolfiore.,"La pasta del formaggio è granulosa con microocchiatura a tratti, piccoli spacchi e un occhio centrale di grandi dimensioni.",data/data/images_flat/2018-2019_Trentingrana__2019-03-13__P6a_330_fetta.bmp
La pasta del formaggio presenta una microocchiatura molto presente e frattura regolare.,La pasta del formaggio presenta una grana grossolana e occhiatura anche grande.,data/data/images_flat/2018-2019_Trentingrana__2019-03-13__P6a_330_fetta.bmp
La pasta del formaggio è ruvida e grossolana.,"La pasta del formaggio presenta un'occhiatura anche grande, grana grossolana e una fessura.",data/data/images_flat/2018-2019_Trentingrana__2019-03-13__P6a_330_fetta.bmp
La pasta del formaggio è leggermente stirata.,"La pasta del formaggio presenta una frattura regolare, grana fine e diffusa, con un'occhiatura al centro.",data/data/images_flat/2018-2019_Trentingrana__2019-03-13__P6a_330_fetta.bmp
Il formaggio presenta una texture compatta e poco friabile.,La pasta del formaggio è di colore carico tendente al grigio nella zona centrale.,data/data/images_flat/2018-2019_Trentingrana__2019-03-13__P6a_330_fetta.bmp
Il formaggio presenta una texture abbastanza solubile.,La pasta del formaggio è di colore saturo nella porzione centrale.,data/data/images_flat/2018-2019_Trentingrana__2019-03-13__P6a_330_fetta.bmp
"Il formaggio ha un profumo di cacao, caffè, caffè, seguito da note di tostato, frutta secca, e frutta secca, con sentore di fermentato; il resto della nonna.",La pasta del formaggio è di colore giallo saturo con zona più chiara.,data/data/images_flat/2018-2019_Trentingrana__2019-03-13__P6a_330_fetta.bmp
La pasta del formaggio presenta una fessura pronunciata.,La pasta del formaggio è di colore abbastanza omogeneo.,data/data/images_flat/2018-2019_Trentingrana__2019-03-13__P6a_330_fetta.bmp
"Il formaggio ha un aroma di cacao, caffè, caffè, cacao e formaggio cotto.",La pasta del formaggio è di colore carico ma omogeneo.,data/data/images_flat/2018-2019_Trentingrana__2019-03-13__P6a_330_fetta.bmp
La pasta del formaggio presenta una microocchiatura diffusa e un grande occhio.,La pasta del formaggio è di colore carico e tendente all'intenso a tratti.,data/data/images_flat/2018-2019_Trentingrana__2019-03-13__P6a_330_fetta.bmp
La crosta del formaggio è spessa.,La pasta del formaggio è di colore giallo carico e omogeneo.,data/data/images_flat/2018-2019_Trentingrana__2019-03-13__P6a_330_fetta.bmp
"Il formaggio presenta una texture asciutta, che si scioglie bene e lascia la bocca.",La pasta del formaggio è di colore giallo carico tendente all'arancio e nocciola.,data/data/images_flat/2018-2019_Trentingrana__2019-03-13__P6a_330_fetta.bmp
"La pasta del formaggio presenta una frattura non regolare, grana presente e superficie disidratata sotto un piatto.",La pasta del formaggio è di colore giallo tendente all'intenso.,data/data/images_flat/2018-2019_Trentingrana__2019-03-13__P6a_330_fetta.bmp
La pasta del formaggio presenta una microocchiatura centrale.,La pasta del formaggio è di colore paglierino carico non uniforme con alone grigio verde.,data/data/images_flat/2018-2019_Trentingrana__2019-03-13__P6a_330_fetta.bmp
Il formaggio ha un sapore leggermente salato umami.,Il formaggio ha un profumo di brodo vegetale.,data/data/images_flat/2018-2019_Trentingrana__2019-03-13__P3b_307_fetta.bmp
La crosta del formaggio è molto sottile.,Il formaggio ha un profumo lieve di latte con poca complessità.,data/data/images_flat/2018-2019_Trentingrana__2019-03-13__P3b_307_fetta.bmp
La crosta del formaggio è mediamente spessa.,Il formaggio ha un profumo acido.,data/data/images_flat/2018-2019_Trentingrana__2019-03-13__P3b_307_fetta.bmp
La pasta del formaggio presenta una microocchiatura.,Il formaggio ha un profumo di panna e burro.,data/data/images_flat/2018-2019_Trentingrana__2019-03-13__P3b_307_fetta.bmp
La pasta del formaggio presenta una frattura irregolare e grana abbastanza omogenea.,"Il formaggio ha un profumo debole e delicato, equilibrato.",data/data/images_flat/2018-2019_Trentingrana__2019-03-13__P3b_307_fetta.bmp
"La pasta del formaggio è di colore paglierino carico, omogeneamente distribuito.","Il formaggio ha un profumo pungente all'apertura, odore negativo di putrido anche nei pezzi interni.",data/data/images_flat/2018-2019_Trentingrana__2019-03-13__P3b_307_fetta.bmp
Il formaggio ha un profumo di lattici cotti e tostati con note di caffè piuttosto decise.,"Il formaggio ha un profumo pungente di latte e panna fermentata, con panna fresca e burro fresco.",data/data/images_flat/2018-2019_Trentingrana__2019-03-13__P3b_307_fetta.bmp
La pasta del formaggio presenta una frattura irregolare e leggere striature.,Il formaggio ha un profumo intenso di grana e frutta matura.,data/data/images_flat/2018-2019_Trentingrana__2019-03-13__P3b_307_fetta.bmp
Il formaggio ha un profumo di brodo.,"Il formaggio ha un profumo di fermentazione leggera, crosta di formaggio e panna acida.",data/data/images_flat/2018-2019_Trentingrana__2019-03-13__P3b_307_fetta.bmp
"Il formaggio ha un profumo di burro fuso e latte cotto con lieve nota di bruciato, intensità moderata.",Il formaggio ha un sapore amaro.,data/data/images_flat/2018-2019_Trentingrana__2019-03-13__P3b_307_fetta.bmp
Il formaggio presenta una texture granulosa con cristalli e solubile.,"Il formaggio ha un sapore amaro, leggermente piccante, scarno, con poco umami.",data/data/images_flat/2018-2019_Trentingrana__2019-03-13__P3b_307_fetta.bmp
"Il formaggio presenta una texture leggermente cedevole, granulosa e ancora poco umida.",Il formaggio ha un sapore leggermente acido e amaro con leggermente piccante.,data/data/images_flat/2018-2019_Trentingrana__2019-03-13__P3b_307_fetta.bmp
"Il formaggio presenta una texture compatta e dura, grana molto fine, solubile, con cristalli quasi assenti.",Il formaggio ha un sapore dolce con scarsa salinità.,data/data/images_flat/2018-2019_Trentingrana__2019-03-13__P3b_307_fetta.bmp
"Il formaggio presenta una texture compatta, dura, friabile, con grana abbastanza sottile e solubile.",Il formaggio ha un sapore leggermente salato.,data/data/images_flat/2018-2019_Trentingrana__2019-03-13__P3b_307_fetta.bmp
"La pasta del formaggio presenta una frattura irregolare e granulosa, con occhiatura e microocchiatura presente a tratti.",Il formaggio ha un sapore dolce e leggermente salato.,data/data/images_flat/2018-2019_Trentingrana__2019-03-13__P3b_307_fetta.bmp
Il formaggio presenta una texture molto pastosa.,Il formaggio ha un sapore poco sapido e poco intenso.,data/data/images_flat/2018-2019_Trentingrana__2019-03-13__P3b_307_fetta.bmp
La crosta del formaggio è sottile.,"Il formaggio ha un sapore dolce sapido, poco salato, con lieve acidità, umami medio e piccantezza evidente nel finale.",data/data/images_flat/2018-2019_Trentingrana__2019-03-13__P3b_307_fetta.bmp
La crosta del formaggio è molto sottile.,Il formaggio ha un sapore equilibrato con buona sapidità non eccessiva.,data/data/images_flat/2018-2019_Trentingrana__2019-03-13__P3b_307_fetta.bmp
La pasta del formaggio è di colore carico ma omogeneo.,Il formaggio ha un sapore dolce.,data/data/images_flat/2018-2019_Trentingrana__2019-03-13__P3b_307_fetta.bmp
La pasta del formaggio è di colore paglierino carico uniforme.,"Il formaggio ha un sapore dolce in apertura, senza piccantezza.",data/data/images_flat/2018-2019_Trentingrana__2019-03-13__P3b_307_fetta.bmp
"Il formaggio presenta una texture friabile e solubile, con cristalli di tirosina presente e buona intensità.",Il formaggio ha un aroma di panna vegetale.,data/data/images_flat/2018-2019_Trentingrana__2019-03-13__P3b_307_fetta.bmp
La pasta del formaggio è di colore paglierino carico uniformemente distribuito con tonalità più scuro al centro.,Il formaggio ha un aroma completamente neutro.,data/data/images_flat/2018-2019_Trentingrana__2019-03-13__P3b_307_fetta.bmp
La pasta del formaggio presenta una frattura irregolare e microocchiatura.,Il formaggio ha un aroma piacevole ma poco tipico del grana.,data/data/images_flat/2018-2019_Trentingrana__2019-03-13__P3b_307_fetta.bmp
La pasta del formaggio presenta una frattura irregolare e grana grossolana.,"Il formaggio ha un aroma leggero, non del tutto caratteristico.",data/data/images_flat/2018-2019_Trentingrana__2019-03-13__P3b_307_fetta.bmp
Il formaggio ha un profumo di formaggio fritto e crosta di formaggio.,"Il formaggio ha un aroma di panna acida, panna fresca e burro fresco con sentori di formaggio fuso, poco caratteristico.",data/data/images_flat/2018-2019_Trentingrana__2019-03-13__P3b_307_fetta.bmp
La crosta del formaggio è molto sottile.,Il formaggio ha un aroma di grana e burro.,data/data/images_flat/2018-2019_Trentingrana__2019-03-13__P3b_307_fetta.bmp
La pasta del formaggio è di colore carico ma omogeneo.,Il formaggio ha un aroma con sentori lattici.,data/data/images_flat/2018-2019_Trentingrana__2019-03-13__P3b_307_fetta.bmp
"La pasta del formaggio è di colore paglierino carico, omogeneamente distribuito.","Il formaggio presenta una texture morbida, asciutta, con cristalli abbondanti e solubile.",data/data/images_flat/2018-2019_Trentingrana__2019-03-13__P3b_307_fetta.bmp
La pasta del formaggio è di colore carico ma omogeneo.,"Il formaggio presenta una texture morbida, friabilità limitata, tende a sciogliersi in bocca con pochi cristalli.",data/data/images_flat/2018-2019_Trentingrana__2019-03-13__P3b_307_fetta.bmp
La pasta del formaggio presenta una frattura irregolare e microocchiatura.,Il formaggio presenta una texture con pochi cristalli.,data/data/images_flat/2018-2019_Trentingrana__2019-03-13__P3b_307_fetta.bmp
"Il formaggio presenta una texture cedevole, friabile e leggermente sabbioso.","Il formaggio presenta una texture pastosa e morbida, con molti cristalli.",data/data/images_flat/2018-2019_Trentingrana__2019-03-13__P3b_307_fetta.bmp
Il formaggio presenta una texture molto friabile e solubile.,Il formaggio presenta una texture umida e pastosa.,data/data/images_flat/2018-2019_Trentingrana__2019-03-13__P3b_307_fetta.bmp
La pasta del formaggio è di colore paglierino carico uniformemente distribuito con leggero riflesso verde.,Il formaggio presenta una texture pastosa con poca grana.,data/data/images_flat/2018-2019_Trentingrana__2019-03-13__P3b_307_fetta.bmp
Il formaggio ha un sapore piccante e amaro.,Il formaggio presenta una texture poco granulosa.,data/data/images_flat/2018-2019_Trentingrana__2019-03-13__P3b_307_fetta.bmp
Il formaggio presenta una texture con cristalli e buona solubilità.,"Il formaggio presenta una texture cedevole, umida, quasi adesiva, poco solubile e poco granulosa.",data/data/images_flat/2018-2019_Trentingrana__2019-03-13__P3b_307_fetta.bmp
"Il formaggio presenta una texture dura, granulosa, solubile, mediamente umida e leggermente sabbiosa.","Il formaggio presenta una texture leggermente morbida, bella umidità e solubilità, cristalli adeguati.",data/data/images_flat/2018-2019_Trentingrana__2019-03-13__P3b_307_fetta.bmp
Il formaggio presenta una texture poco friabile.,Il formaggio presenta una texture molto tenera.,data/data/images_flat/2018-2019_Trentingrana__2019-03-13__P3b_307_fetta.bmp
Il formaggio ha un profumo di burro fuso e latte cotto con lieve nota di bruciato.,Il formaggio presenta una texture con cristalli presenti.,data/data/images_flat/2018-2019_Trentingrana__2019-03-13__P3b_307_fetta.bmp
Il formaggio ha un sapore salato umami e leggermente piccante.,La crosta del formaggio presenta uno spessore pronunciato sugli scalzi e angoli.,data/data/images_flat/2018-2019_Trentingrana__2019-03-13__P3b_307_fetta.bmp
La pasta del formaggio è grossolana ma omogenea con spaccatura.,La crosta del formaggio presenta parti piatte ben definite.,data/data/images_flat/2018-2019_Trentingrana__2019-03-13__P3b_307_fetta.bmp
Il formaggio ha un sapore amaro e acido.,La crosta del formaggio è regolare.,data/data/images_flat/2018-2019_Trentingrana__2019-03-13__P3b_307_fetta.bmp
"La pasta del formaggio presenta una frattura regolare, grana grossolana e microocchiatura.",La crosta del formaggio è mediamente spessa.,data/data/images_flat/2018-2019_Trentingrana__2019-03-13__P3b_307_fetta.bmp
Il formaggio ha un sapore equilibrato con nota dolce e amaro da formaggio da media.,La crosta del formaggio è abbastanza sottile.,data/data/images_flat/2018-2019_Trentingrana__2019-03-13__P3b_307_fetta.bmp
La crosta del formaggio è molto sottile e disomogenea fra i due piatti.,La crosta del formaggio presenta uno spessore diverso tra le parti piatte e gli scalzi più sottili.,data/data/images_flat/2018-2019_Trentingrana__2019-03-13__P3b_307_fetta.bmp
Il formaggio ha un profumo di brodo.,La crosta del formaggio è di spessore medio.,data/data/images_flat/2018-2019_Trentingrana__2019-03-13__P3b_307_fetta.bmp
"Il formaggio presenta una texture friabile con microstruttura finissima, finale leggermente sabbioso.","La pasta del formaggio presenta una frattura regolare, grana grossolana e qualche cristallo.",data/data/images_flat/2018-2019_Trentingrana__2019-03-13__P3b_307_fetta.bmp
La crosta del formaggio è molto sottile e disomogenea fra i due piatti.,La pasta del formaggio è granulosa e omogenea.,data/data/images_flat/2018-2019_Trentingrana__2019-03-13__P3b_307_fetta.bmp
La pasta del formaggio presenta una frattura irregolare e bella grana.,La pasta del formaggio presenta una frattura regolare e grana fine.,data/data/images_flat/2018-2019_Trentingrana__2019-03-13__P3b_307_fetta.bmp
Il formaggio ha un profumo di lattici cotti e tostati con note di caffè piuttosto decise.,La pasta del formaggio è granulosa e regolare.,data/data/images_flat/2018-2019_Trentingrana__2019-03-13__P3b_307_fetta.bmp
"Il formaggio ha un profumo di lattici cotti e tostati, con note di tostato e cacao amaro, intensità leggera.",La pasta del formaggio presenta una frattura regolare e grana media.,data/data/images_flat/2018-2019_Trentingrana__2019-03-13__P3b_307_fetta.bmp
La crosta del formaggio è spessa.,La pasta del formaggio presenta una frattura regolare.,data/data/images_flat/2018-2019_Trentingrana__2019-03-13__P3b_307_fetta.bmp
"Il formaggio ha un profumo di latte acido, kiwi e nocciola.",La pasta del formaggio presenta una frattura regolare e grana abbastanza profilata.,data/data/images_flat/2018-2019_Trentingrana__2019-03-13__P3b_307_fetta.bmp
"Il formaggio presenta una texture compatta, poco granulosa, solubile e leggermente sabbiosa.",La pasta del formaggio è a grana fine con frattura circa omogenea.,data/data/images_flat/2018-2019_Trentingrana__2019-03-13__P3b_307_fetta.bmp
"Il formaggio presenta una texture friabile con microstruttura fine, cristalli e che si scioglie in finale di bocca.",La pasta del formaggio presenta una bella grana e assenza di difetti.,data/data/images_flat/2018-2019_Trentingrana__2019-03-13__P3b_307_fetta.bmp
Il formaggio presenta una texture poco friabile.,"La pasta del formaggio presenta una frattura regolare, pochi cristalli bianchi grossi e ben visibili.",data/data/images_flat/2018-2019_Trentingrana__2019-03-13__P3b_307_fetta.bmp
"Il formaggio presenta una texture friabile, con microstruttura poco presente e cristalli.",La pasta del formaggio è di colore chiaro e uniforme.,data/data/images_flat/2018-2019_Trentingrana__2019-03-13__P3b_307_fetta.bmp
"La pasta del formaggio presenta una frattura profonda, grana grossolana e occhiatura di medie dimensioni medie dimensioni.",La pasta del formaggio è di colore paglierino chiaro e omogeneo.,data/data/images_flat/2018-2019_Trentingrana__2019-03-13__P3b_307_fetta.bmp
Il formaggio ha un profumo di burro fresco e panna.,La pasta del formaggio è di colore paglierino.,data/data/images_flat/2018-2019_Trentingrana__2019-03-13__P3b_307_fetta.bmp
La pasta del formaggio è stirata al centro con microocchiatura.,La pasta del formaggio è di colore chiaro e omogeneo.,data/data/images_flat/2018-2019_Trentingrana__2019-03-13__P3b_307_fetta.bmp
La pasta del formaggio è stirata con microocchiatura.,La pasta del formaggio è di colore chiaro omogeneo.,data/data/images_flat/2018-2019_Trentingrana__2019-03-13__P3b_307_fetta.bmp
"Il formaggio presenta una texture granulosa, asciutta e solubile.",La pasta del formaggio è di colore chiaro e abbastanza omogenea.,data/data/images_flat/2018-2019_Trentingrana__2019-03-13__P3b_307_fetta.bmp
La pasta del formaggio è ruvida con uno strappo e un'occhiatura.,La pasta del formaggio è di colore giallo scarico abbastanza omogeneo.,data/data/images_flat/2018-2019_Trentingrana__2019-03-13__P3b_307_fetta.bmp
Il formaggio presenta una texture molto compatta e poco friabile.,La pasta del formaggio è di colore chiaro e omogeneo.,data/data/images_flat/2018-2019_Trentingrana__2019-03-13__P3b_307_fetta.bmp
Il formaggio ha un sapore leggermente acido e amaro.,La pasta del formaggio è di colore chiaro tendente al bianco.,data/data/images_flat/2018-2019_Trentingrana__2019-03-13__P3b_307_fetta.bmp
"La pasta del formaggio presenta una frattura abbastanza regolare, grana grossa al centro e più fine verso i piatti.",La pasta del formaggio è di colore paglierino con riflessi verdastri.,data/data/images_flat/2018-2019_Trentingrana__2019-03-13__P3b_307_fetta.bmp
La pasta del formaggio è leggermente stirata.,"Il formaggio ha un profumo di intensità moderata, armonico e positivo.",data/data/images_flat/2018-2019_Trentingrana__2018-11-28__P1b_302_fetta.bmp
Il formaggio ha un profumo di brodo vegetale e formaggio cotto.,Il formaggio ha un profumo fermentato con note negative e di marcio.,data/data/images_flat/2018-2019_Trentingrana__2018-11-28__P1b_302_fetta.bmp
Il formaggio presenta una texture molto pastosa.,Il formaggio ha un sapore piccante.,data/data/images_flat/2018-2019_Trentingrana__2018-11-28__P1b_302_fetta.bmp
Il formaggio ha un sapore piccante.,Il formaggio ha un sapore salato e piccante.,data/data/images_flat/2018-2019_Trentingrana__2018-11-28__P1b_302_fetta.bmp
"Il formaggio presenta una texture pastosa, poco solubile e pastosa.",Il formaggio ha un sapore acido e piccante.,data/data/images_flat/2018-2019_Trentingrana__2018-11-28__P1b_302_fetta.bmp
Il formaggio presenta una texture poco solubile.,Il formaggio ha un sapore acido.,data/data/images_flat/2018-2019_Trentingrana__2018-11-28__P1b_302_fetta.bmp
"La pasta del formaggio è stirata al centro, con grana leggera e occhiatura sparsa.",Il formaggio ha un sapore leggermente piccante.,data/data/images_flat/2018-2019_Trentingrana__2018-11-28__P1b_302_fetta.bmp
Il formaggio ha un profumo di brodo vegetale.,"Il formaggio ha un sapore piccante, salato e amaro.",data/data/images_flat/2018-2019_Trentingrana__2018-11-28__P1b_302_fetta.bmp
Il formaggio ha un profumo di latte cotto e burro cotto con brodo e note di tostato.,Il formaggio ha un sapore molto salato e amaro.,data/data/images_flat/2018-2019_Trentingrana__2018-11-28__P1b_302_fetta.bmp
Il formaggio ha un profumo di panna e burro.,Il formaggio ha un aroma cotto.,data/data/images_flat/2018-2019_Trentingrana__2018-11-28__P1b_302_fetta.bmp
"La pasta del formaggio è grossolana e fine, omogenea.",Il formaggio ha un aroma di brodo di carne.,data/data/images_flat/2018-2019_Trentingrana__2018-11-28__P1b_302_fetta.bmp
La pasta del formaggio è leggermente stirata.,Il formaggio presenta una texture asciutta con cristalli.,data/data/images_flat/2018-2019_Trentingrana__2018-11-28__P1b_302_fetta.bmp
Il formaggio ha un sapore salato e leggermente piccante.,"Il formaggio presenta una texture poco friabile, troppo plastica al morso e morbida.",data/data/images_flat/2018-2019_Trentingrana__2018-11-28__P1b_302_fetta.bmp
La pasta del formaggio è di colore molto carico in certe zone.,Il formaggio presenta una texture troppo pastosa.,data/data/images_flat/2018-2019_Trentingrana__2018-11-28__P1b_302_fetta.bmp
Il formaggio ha un profumo di latte cotto e brodo vegetale.,Il formaggio presenta una texture friabile.,data/data/images_flat/2018-2019_Trentingrana__2018-11-28__P1b_302_fetta.bmp
"Il formaggio ha un profumo di burro fuso e latte cotto con profumi maturi, note di tostato e frutta secca, buona intensità.",Il formaggio presenta una texture pastosa.,data/data/images_flat/2018-2019_Trentingrana__2018-11-28__P1b_302_fetta.bmp
La crosta del formaggio è sottile.,Il formaggio presenta una texture compatta e adesiva.,data/data/images_flat/2018-2019_Trentingrana__2018-11-28__P1b_302_fetta.bmp
"Il formaggio presenta una texture pastosa, poco solubile, leggermente sabbioso.","La crosta del formaggio è mediamente spessa con spigoli molto accentuati, limite con la pasta poco distinguibile.",data/data/images_flat/2018-2019_Trentingrana__2018-11-28__P1b_302_fetta.bmp
Il formaggio ha un profumo di brodo.,La crosta del formaggio presenta parti piatte ben definite.,data/data/images_flat/2018-2019_Trentingrana__2018-11-28__P1b_302_fetta.bmp
"La pasta del formaggio è grossolana, non ben sviluppata e disomogenea.",La crosta del formaggio è molto sottile.,data/data/images_flat/2018-2019_Trentingrana__2018-11-28__P1b_302_fetta.bmp
La pasta del formaggio è di colore giallo chiaro con alone centrale.,La pasta del formaggio è mista con grandiosa occhiatura e aree stirate.,data/data/images_flat/2018-2019_Trentingrana__2018-11-28__P1b_302_fetta.bmp
La crosta del formaggio è sottile.,La pasta del formaggio presenta una frattura irregolare su un lato e zona stirata.,data/data/images_flat/2018-2019_Trentingrana__2018-11-28__P1b_302_fetta.bmp
Il formaggio presenta una texture poco solubile.,La pasta del formaggio è grossolana con frattura a roccia.,data/data/images_flat/2018-2019_Trentingrana__2018-11-28__P1b_302_fetta.bmp
La pasta del formaggio è leggermente stirata.,"La pasta del formaggio è granulosa e abbastanza omogenea, con una frattura che attraversa buona parte della sezione, e taglio poco netto.",data/data/images_flat/2018-2019_Trentingrana__2018-11-28__P1b_302_fetta.bmp
Il formaggio ha un profumo di latte cotto e brodo di carne con sentore di panna.,"La pasta del formaggio presenta una struttura irregolare, striature e occhiatura.",data/data/images_flat/2018-2019_Trentingrana__2018-11-28__P1b_302_fetta.bmp
Il formaggio ha un profumo di latte cotto e burro cotto con brodo e leggera nota di crosta.,La pasta del formaggio è parzialmente stirata.,data/data/images_flat/2018-2019_Trentingrana__2018-11-28__P1b_302_fetta.bmp
La pasta del formaggio è parzialmente stirata.,"La pasta del formaggio presenta un'occhiatura piccola, leggermente stirata, grana grossolana e qualche piccola fessura.",data/data/images_flat/2018-2019_Trentingrana__2018-11-28__P1b_302_fetta.bmp
La pasta del formaggio è stirata.,La pasta del formaggio è di colore decisamente carico.,data/data/images_flat/2018-2019_Trentingrana__2018-11-28__P1b_302_fetta.bmp
La pasta del formaggio è stirata.,La pasta del formaggio è di colore carico grigiastro.,data/data/images_flat/2018-2019_Trentingrana__2018-11-28__P1b_302_fetta.bmp
Il formaggio ha un profumo di latte cotto e brodo di carne con sentore di burro cotto.,La pasta del formaggio è di colore giallo paglierino non proprio chiaro con note tendenti al verde grigiastro.,data/data/images_flat/2018-2019_Trentingrana__2018-11-28__P1b_302_fetta.bmp
Il formaggio ha un profumo di burro fuso e latte cotto con nota di crosta.,"La pasta del formaggio è di colore carico, abbastanza omogenea.",data/data/images_flat/2018-2019_Trentingrana__2018-11-28__P1b_302_fetta.bmp
Il formaggio presenta una texture molto pastosa.,La pasta del formaggio è di colore giallo carico.,data/data/images_flat/2018-2019_Trentingrana__2018-11-28__P1b_302_fetta.bmp
La crosta del formaggio è sottile.,"La pasta del formaggio è di colore carico, leggermente più scura al centro.",data/data/images_flat/2018-2019_Trentingrana__2018-11-28__P1b_302_fetta.bmp
"La pasta del formaggio presenta una frattura irregolare, grana fine e microocchiatura.","La pasta del formaggio è di colore intenso, più marcato al centro.",data/data/images_flat/2018-2019_Trentingrana__2018-11-28__P1b_302_fetta.bmp
Il formaggio ha un sapore leggermente salato e piccante.,La pasta del formaggio è di colore scuro non uniforme.,data/data/images_flat/2018-2019_Trentingrana__2018-11-28__P1b_302_fetta.bmp
"La pasta del formaggio presenta una frattura abbastanza regolare, struttura granulosa e una fessura.",Il formaggio ha un profumo di paglia e lettiera con difetti.,data/data/images_flat/2018-2019_Trentingrana__2018-10-10__P3b_310_fetta.bmp
Il formaggio presenta una texture con cristalli abbondanti.,Il formaggio ha un profumo di burro fuso.,data/data/images_flat/2018-2019_Trentingrana__2018-10-10__P3b_310_fetta.bmp
"Il formaggio presenta una texture friabile, microstruttura grossolana, pochi cristalli grossi.","Il formaggio ha un profumo vegetale, balsamiche e di eucalipto.",data/data/images_flat/2018-2019_Trentingrana__2018-10-10__P3b_310_fetta.bmp
"La pasta del formaggio presenta una frattura irregolare, grana fine e microocchiatura.",Il formaggio ha un profumo di crosta con note leggermente speziate.,data/data/images_flat/2018-2019_Trentingrana__2018-10-10__P3b_310_fetta.bmp
Il formaggio ha un sapore amaro e acido.,"Il formaggio ha un profumo di grana, nocciola e fieno.",data/data/images_flat/2018-2019_Trentingrana__2018-10-10__P3b_310_fetta.bmp
"Il formaggio presenta una texture umida, pastosa e quasi liquefabile.","Il formaggio ha un profumo di lattico cotto, tostato e verdure lesse.",data/data/images_flat/2018-2019_Trentingrana__2018-10-10__P3b_310_fetta.bmp
Il formaggio ha un aroma di crosta di formaggio e ossidato.,Il formaggio ha un profumo maturo con forte nota floreale e fruttata.,data/data/images_flat/2018-2019_Trentingrana__2018-10-10__P3b_310_fetta.bmp
Il formaggio ha un sapore con punta di acido.,Il formaggio ha un profumo putrido.,data/data/images_flat/2018-2019_Trentingrana__2018-10-10__P3b_310_fetta.bmp
"La pasta del formaggio è leggermente stirata al centro, frattura irregolare.",Il formaggio ha un profumo di odore animale.,data/data/images_flat/2018-2019_Trentingrana__2018-10-10__P3b_310_fetta.bmp
"Il formaggio presenta una texture pastosa, poco solubile, con poca struttura.",Il formaggio ha un sapore con piccantezza evidente e scarsa dolcezza.,data/data/images_flat/2018-2019_Trentingrana__2018-10-10__P3b_310_fetta.bmp
"Il formaggio presenta una texture morbida, poco granulosa, che impasta la bocca, con cristalli evidenti.",Il formaggio ha un sapore poco salato e piccante.,data/data/images_flat/2018-2019_Trentingrana__2018-10-10__P3b_310_fetta.bmp
"Il formaggio ha un profumo di burro fuso con note di tostato e brodo, poco di carne, buona intensità.",Il formaggio ha un sapore salato con note umami.,data/data/images_flat/2018-2019_Trentingrana__2018-10-10__P3b_310_fetta.bmp
La crosta del formaggio è sottile.,"Il formaggio ha un sapore salato, umami e leggermente piccante.",data/data/images_flat/2018-2019_Trentingrana__2018-10-10__P3b_310_fetta.bmp
"La pasta del formaggio presenta una frattura abbastanza regolare, grana grossa al centro e più fine verso i piatti.",Il formaggio ha un sapore con finale leggermente amaro e tostato.,data/data/images_flat/2018-2019_Trentingrana__2018-10-10__P3b_310_fetta.bmp
"Il formaggio presenta una texture pastosa, poco solubile e adesiva.","Il formaggio ha un sapore amaro, non dolce.",data/data/images_flat/2018-2019_Trentingrana__2018-10-10__P3b_310_fetta.bmp
La crosta del formaggio è sottile.,Il formaggio ha un sapore amaro e piccante.,data/data/images_flat/2018-2019_Trentingrana__2018-10-10__P3b_310_fetta.bmp
"Il formaggio presenta una texture granulosa, solubile e mediamente dura.",Il formaggio ha un sapore amaro e piccante.,data/data/images_flat/2018-2019_Trentingrana__2018-10-10__P3b_310_fetta.bmp
Il formaggio presenta una texture pastosa e poco solubile.,Il formaggio ha un sapore amaro persistente e salato.,data/data/images_flat/2018-2019_Trentingrana__2018-10-10__P3b_310_fetta.bmp
Il formaggio presenta una texture con cristalli percettibili.,"Il formaggio ha un aroma con nota estranea al trentingrana, meno evidente al naso.",data/data/images_flat/2018-2019_Trentingrana__2018-10-10__P3b_310_fetta.bmp
La pasta del formaggio è grossolana ma non uniforme.,Il formaggio ha un aroma di burro e pane tostato.,data/data/images_flat/2018-2019_Trentingrana__2018-10-10__P3b_310_fetta.bmp
"Il formaggio ha un profumo di burro fuso con note di tostato e brodo, poco intensi.",Il formaggio ha un aroma lattico acidulo.,data/data/images_flat/2018-2019_Trentingrana__2018-10-10__P3b_310_fetta.bmp
"Il formaggio ha un sapore leggermente amaro e salato, non equilibrati.","Il formaggio ha un aroma con nota fruttata di ananas, abbastanza intensa.",data/data/images_flat/2018-2019_Trentingrana__2018-10-10__P3b_310_fetta.bmp
Il formaggio ha un sapore leggermente amaro.,Il formaggio ha un aroma animale e marcio.,data/data/images_flat/2018-2019_Trentingrana__2018-10-10__P3b_310_fetta.bmp
La pasta del formaggio presenta una microocchiatura.,Il formaggio presenta una texture molto asciutta.,data/data/images_flat/2018-2019_Trentingrana__2018-10-10__P3b_310_fetta.bmp
Il formaggio ha un sapore amaro e acido.,Il formaggio presenta una texture granulosa con microcristalli presenti.,data/data/images_flat/2018-2019_Trentingrana__2018-10-10__P3b_310_fetta.bmp
"Il formaggio ha un sapore con sapidità e acidità media, nel complesso abbastanza equilibrato.","Il formaggio presenta una texture asciutta, granulosa con cristalli che lascia residuo in bocca.",data/data/images_flat/2018-2019_Trentingrana__2018-10-10__P3b_310_fetta.bmp
Il formaggio ha un aroma di brodo e crosta non del tutto positivo.,"Il formaggio presenta una texture con molti granuli, umidità giusta.",data/data/images_flat/2018-2019_Trentingrana__2018-10-10__P3b_310_fetta.bmp
La crosta del formaggio è sottile.,Il formaggio presenta una texture leggermente asciutta nel finale di bocca.,data/data/images_flat/2018-2019_Trentingrana__2018-10-10__P3b_310_fetta.bmp
La crosta del formaggio è sottile.,Il formaggio presenta una texture sabbiosa.,data/data/images_flat/2018-2019_Trentingrana__2018-10-10__P3b_310_fetta.bmp
La pasta del formaggio presenta una frattura irregolare e leggere striature al centro.,"Il formaggio presenta una texture dura, poco solubile, moderatamente umida e microstruttura piuttosto grossolana.",data/data/images_flat/2018-2019_Trentingrana__2018-10-10__P3b_310_fetta.bmp
Il formaggio ha un aroma di panna.,"La crosta del formaggio presenta una parte piatta sfumata, spessore medio al piatto e scalzo, spigoli pronunciati.",data/data/images_flat/2018-2019_Trentingrana__2018-10-10__P3b_310_fetta.bmp
"La pasta del formaggio è a grana fine, con buona frattura.",La crosta del formaggio è mediamente spessa con sottocrosta aranciata.,data/data/images_flat/2018-2019_Trentingrana__2018-10-10__P3b_310_fetta.bmp
La pasta del formaggio è grossolana con microocchiatura fine e struttura media.,La crosta del formaggio è abbastanza spessa.,data/data/images_flat/2018-2019_Trentingrana__2018-10-10__P3b_310_fetta.bmp
Il formaggio presenta una texture pastosa e poco solubile.,La crosta del formaggio presenta uno spessore disomogeneo tra le due facce.,data/data/images_flat/2018-2019_Trentingrana__2018-10-10__P3b_310_fetta.bmp
"Il formaggio ha un sapore dolce, salato e umami abbastanza equilibrati, non equilibrato.","La crosta del formaggio presenta uno spessore sottile, più marcato sulla parte piatta.",data/data/images_flat/2018-2019_Trentingrana__2018-10-10__P3b_310_fetta.bmp
Il formaggio ha un profumo di latte cotto e cipolla.,La crosta del formaggio è mediamente spessa.,data/data/images_flat/2018-2019_Trentingrana__2018-10-10__P3b_310_fetta.bmp
"Il formaggio presenta una texture granulosa, solubile e asciutta.",La pasta del formaggio è ruvida con uno strappo e un'occhiatura di media grandezza.,data/data/images_flat/2018-2019_Trentingrana__2018-10-10__P3b_310_fetta.bmp
La crosta del formaggio è mediamente spessa.,"La pasta del formaggio presenta una grana grossolana, una frattura e un'occhiatura di medie dimensioni.",data/data/images_flat/2018-2019_Trentingrana__2018-10-10__P3b_310_fetta.bmp
Il formaggio ha un sapore leggermente salato.,La pasta del formaggio presenta una grana grossa ma abbastanza omogenea e frattura buona.,data/data/images_flat/2018-2019_Trentingrana__2018-10-10__P3b_310_fetta.bmp
La pasta del formaggio è leggermente stirata.,La pasta del formaggio presenta una grossa occhiatura e una crepa.,data/data/images_flat/2018-2019_Trentingrana__2018-10-10__P3b_310_fetta.bmp
La pasta del formaggio è leggermente stirata.,"La pasta del formaggio presenta un'occhiatura di medie dimensioni, struttura molto grossolana ma abbastanza regolare.",data/data/images_flat/2018-2019_Trentingrana__2018-10-10__P3b_310_fetta.bmp
La crosta del formaggio è mediamente spessa.,La pasta del formaggio presenta una grossa occhiatura al centro e frattura irregolare.,data/data/images_flat/2018-2019_Trentingrana__2018-10-10__P3b_310_fetta.bmp
La crosta del formaggio è sottile.,"La pasta del formaggio presenta una frattura irregolare, occhiatura di medie dimensioni e grana grossolana.",data/data/images_flat/2018-2019_Trentingrana__2018-10-10__P3b_310_fetta.bmp
La crosta del formaggio è sottile.,La pasta del formaggio presenta un'piccola occhiatura e leggera sfogliatura.,data/data/images_flat/2018-2019_Trentingrana__2018-10-10__P3b_310_fetta.bmp
"Il formaggio ha un sapore acido, salato e piccante.","La pasta del formaggio presenta una molta grana, grossolana.",data/data/images_flat/2018-2019_Trentingrana__2018-10-10__P3b_310_fetta.bmp
Il formaggio ha un profumo di latte cotto e brodo.,La pasta del formaggio è di colore carico ma abbastanza uniforme.,data/data/images_flat/2018-2019_Trentingrana__2018-10-10__P3b_310_fetta.bmp
"Il formaggio ha un aroma di latte cotto e crosta di formaggio, con note di frutta secca e tostato.","La pasta del formaggio è di colore tendenzialmente carico, più chiara verso gli scalzi.",data/data/images_flat/2018-2019_Trentingrana__2018-10-10__P3b_310_fetta.bmp
La pasta del formaggio è leggermente stirata.,La pasta del formaggio è di colore giallo con leggere sfumature rosate.,data/data/images_flat/2018-2019_Trentingrana__2018-10-10__P3b_310_fetta.bmp
Il formaggio ha un profumo di burro fuso e panna.,"La pasta del formaggio è di colore intenso, abbastanza omogeneo.",data/data/images_flat/2018-2019_Trentingrana__2018-10-10__P3b_310_fetta.bmp
Il formaggio ha un aroma di latte cotto e brodo di carne.,"La pasta del formaggio è di colore carico, abbastanza omogeneo, con lievi note rosate.",data/data/images_flat/2018-2019_Trentingrana__2018-10-10__P3b_310_fetta.bmp
La pasta del formaggio presenta una frattura regolare e grana grossolana.,La pasta del formaggio è di colore giallo tendente al carico nocciola.,data/data/images_flat/2018-2019_Trentingrana__2018-10-10__P3b_310_fetta.bmp
La pasta del formaggio è leggermente stirata.,La pasta del formaggio presenta cristalli bianchi omogeneamente diffusi e sottopasta più carico.,data/data/images_flat/2018-2019_Trentingrana__2018-10-10__P3b_310_fetta.bmp
La pasta del formaggio è di colore abbastanza omogeneo e non carico.,Il formaggio ha un profumo poco intenso e complesso di burro fuso con lieve nota di stantio.,data/data/images_flat/2018-2019_Trentingrana__2018-10-10__P6a_330_fetta.bmp
La pasta del formaggio presenta una frattura molto irregolare e leggere striature.,Il formaggio ha un profumo leggermente acido con note lattiche.,data/data/images_flat/2018-2019_Trentingrana__2018-10-10__P6a_330_fetta.bmp
Il formaggio ha un profumo di latte cotto e brodo di carne prevalenti.,Il formaggio ha un profumo fruttato di mela.,data/data/images_flat/2018-2019_Trentingrana__2018-10-10__P6a_330_fetta.bmp
"La crosta del formaggio è sottile, con spessore deciso.",Il formaggio ha un profumo di tostatura abbastanza prevalente.,data/data/images_flat/2018-2019_Trentingrana__2018-10-10__P6a_330_fetta.bmp
"La pasta del formaggio è granulosa, più fine al centro.",Il formaggio ha un profumo leggero di crosta e cotto.,data/data/images_flat/2018-2019_Trentingrana__2018-10-10__P6a_330_fetta.bmp
"La crosta del formaggio è sottile, con spessore deciso.",Il formaggio ha un profumo con leggeri difetti percepibili.,data/data/images_flat/2018-2019_Trentingrana__2018-10-10__P6a_330_fetta.bmp
"Il formaggio presenta una texture friabile, microstruttura fine, pochi cristalli grossi.","Il formaggio ha un profumo pungente alla rottura in alcuni punti, dolciastro in altri, con leggeri sentori di cipolla cotta e panna leggermente passata.",data/data/images_flat/2018-2019_Trentingrana__2018-10-10__P6a_330_fetta.bmp
"La pasta del formaggio presenta una frattura abbastanza regolare, grana grandiosa, più fine verso l'esterno su un lato.",Il formaggio ha un profumo di crosta e cotto.,data/data/images_flat/2018-2019_Trentingrana__2018-10-10__P6a_330_fetta.bmp
Il formaggio presenta una texture con cristalli percettibili.,Il formaggio ha un sapore equilibrato.,data/data/images_flat/2018-2019_Trentingrana__2018-10-10__P6a_330_fetta.bmp
Il formaggio ha un sapore con punta di acido.,Il formaggio ha un sapore piccante.,data/data/images_flat/2018-2019_Trentingrana__2018-10-10__P6a_330_fetta.bmp
La crosta del formaggio è mediamente spessa con sottocrosta marcata soprattutto sugli angoli.,Il formaggio ha un sapore piccante forte e leggermente acido.,data/data/images_flat/2018-2019_Trentingrana__2018-10-10__P6a_330_fetta.bmp
Il formaggio ha un sapore con sapidità e acidità leggermente piccante.,Il formaggio ha un sapore leggermente piccante.,data/data/images_flat/2018-2019_Trentingrana__2018-10-10__P6a_330_fetta.bmp
La pasta del formaggio presenta una bella grana fine e frattura omogenea.,Il formaggio ha un sapore sapido e amaro.,data/data/images_flat/2018-2019_Trentingrana__2018-10-10__P6a_330_fetta.bmp
"La pasta del formaggio presenta una bella grana, ma con piccole sfoglia millimetrica.",Il formaggio ha un sapore amaro.,data/data/images_flat/2018-2019_Trentingrana__2018-10-10__P6a_330_fetta.bmp
La crosta del formaggio è mediamente spessa con spigoli accentuati.,Il formaggio ha un sapore con sapidità leggermente elevata.,data/data/images_flat/2018-2019_Trentingrana__2018-10-10__P6a_330_fetta.bmp
"La pasta del formaggio è di colore giallo carico al centro, tendente al più scuro al grigio in alcune zone.","Il formaggio ha un sapore pieno, leggermente acido, senza picchi marcati.",data/data/images_flat/2018-2019_Trentingrana__2018-10-10__P6a_330_fetta.bmp
Il formaggio ha un profumo di brodo vegetale e formaggio cotto.,"Il formaggio ha un sapore tendente all'amaro, acido e piccante.",data/data/images_flat/2018-2019_Trentingrana__2018-10-10__P6a_330_fetta.bmp
Il formaggio ha un profumo di burro fuso e cotto.,"Il formaggio ha un sapore deciso umami, leggermente salato con lieve piccantezza al finale.",data/data/images_flat/2018-2019_Trentingrana__2018-10-10__P6a_330_fetta.bmp
Il formaggio ha un profumo di panna e burro fresco con sentore di cotto.,Il formaggio ha un sapore molto salato e leggermente piccante.,data/data/images_flat/2018-2019_Trentingrana__2018-10-10__P6a_330_fetta.bmp
"La pasta del formaggio presenta una frattura irregolare e grana grandiosa, ma con zona sfoglia.","Il formaggio ha un aroma non tipico del trentingrana con note di medicina, farmaco e cuoio.",data/data/images_flat/2018-2019_Trentingrana__2018-10-10__P6a_330_fetta.bmp
Il formaggio presenta una texture con cristalli percettibili.,Il formaggio ha un aroma di stalla.,data/data/images_flat/2018-2019_Trentingrana__2018-10-10__P6a_330_fetta.bmp
"Il formaggio ha un profumo di burro e latte con note floreali, poco burro cotto e leggermente di crosta.",Il formaggio ha un aroma stantio.,data/data/images_flat/2018-2019_Trentingrana__2018-10-10__P6a_330_fetta.bmp
La pasta del formaggio è di colore omogeneo.,Il formaggio ha un aroma di brodo e stalla.,data/data/images_flat/2018-2019_Trentingrana__2018-10-10__P6a_330_fetta.bmp
"La crosta del formaggio è mediamente spessa, con scalzo pronunciato.","Il formaggio ha un aroma tostato e di nocciola con note vegetali e lattiche cotte, poco presente.",data/data/images_flat/2018-2019_Trentingrana__2018-10-10__P6a_330_fetta.bmp
La pasta del formaggio è granulosa e omogenea.,"Il formaggio ha un aroma deciso con note animali, di crosta di grana, muffa e sentori di stantio in alcune zone.",data/data/images_flat/2018-2019_Trentingrana__2018-10-10__P6a_330_fetta.bmp
La pasta del formaggio presenta una frattura regolare e grana fine distribuita omogeneamente.,"Il formaggio ha un aroma di cotto, crosta e cuoio.",data/data/images_flat/2018-2019_Trentingrana__2018-10-10__P6a_330_fetta.bmp
La pasta del formaggio è di colore giallo carico omogeneo.,"Il formaggio presenta una texture mediamente asciutta, granulosa e solubile.",data/data/images_flat/2018-2019_Trentingrana__2018-10-10__P6a_330_fetta.bmp
La crosta del formaggio è mediamente spessa.,"Il formaggio presenta una texture asciutta, granulosa, con cristalli.",data/data/images_flat/2018-2019_Trentingrana__2018-10-10__P6a_330_fetta.bmp
"La pasta del formaggio è granulosa con frattura abbastanza regolare, ma con microocchiatura.",Il formaggio presenta una texture troppo morbida.,data/data/images_flat/2018-2019_Trentingrana__2018-10-10__P6a_330_fetta.bmp
"La pasta del formaggio presenta una frattura a scaglie, grana con striature e piccoli strappi.",Il formaggio presenta una texture eccessivamente umida.,data/data/images_flat/2018-2019_Trentingrana__2018-10-10__P6a_330_fetta.bmp
Il formaggio presenta una texture cedevole e pastosa.,"Il formaggio presenta una texture friabile e umida, con struttura fine, morbida e non pastosa.",data/data/images_flat/2018-2019_Trentingrana__2018-10-10__P6a_330_fetta.bmp
Il formaggio ha un sapore amaro.,Il formaggio presenta una texture con buona presenza di tirosina.,data/data/images_flat/2018-2019_Trentingrana__2018-10-10__P6a_330_fetta.bmp
"La pasta del formaggio è a grana fine, con microocchiatura in parte.",Il formaggio presenta una texture solubile con sensazione sabbioso finale.,data/data/images_flat/2018-2019_Trentingrana__2018-10-10__P6a_330_fetta.bmp
"La pasta del formaggio è a grana fine, con buona frattura e microocchiatura.","Il formaggio presenta una texture morbida, abbastanza asciutta, a grana fine, solubile e cristalli percepibili.",data/data/images_flat/2018-2019_Trentingrana__2018-10-10__P6a_330_fetta.bmp
Il formaggio presenta una texture granulosa e solubile.,"La crosta del formaggio presenta una parte piatta e scalzo mediamente spessi, spigoli pronunciati.",data/data/images_flat/2018-2019_Trentingrana__2018-10-10__P6a_330_fetta.bmp
La pasta del formaggio è di colore omogeneo.,La crosta del formaggio è mediamente spessa.,data/data/images_flat/2018-2019_Trentingrana__2018-10-10__P6a_330_fetta.bmp
"La pasta del formaggio è granulosa con bella struttura, microocchiatura e frattura regolare.","La crosta del formaggio è mediamente spessa nella parte piatta, scalzo più pronunciato.",data/data/images_flat/2018-2019_Trentingrana__2018-10-10__P6a_330_fetta.bmp
La pasta del formaggio presenta una microocchiatura molto diffusa e grana grossolana.,"La crosta del formaggio è sottile, leggermente più pronunciata sullo scalzo e sulla parte piatta.",data/data/images_flat/2018-2019_Trentingrana__2018-10-10__P6a_330_fetta.bmp
La crosta del formaggio è mediamente spessa con sottocrosta marcato.,La crosta del formaggio è sottile.,data/data/images_flat/2018-2019_Trentingrana__2018-10-10__P6a_330_fetta.bmp
Il formaggio ha un profumo di burro fuso e formaggio cotto.,"La pasta del formaggio presenta qualche piccola frattura, grana poco grossa e regolare.",data/data/images_flat/2018-2019_Trentingrana__2018-10-10__P6a_330_fetta.bmp
Il formaggio ha un sapore piccante e salato.,"La pasta del formaggio presenta una frattura regolare, grana omogenea e granulosa.",data/data/images_flat/2018-2019_Trentingrana__2018-10-10__P6a_330_fetta.bmp
Il formaggio ha un sapore salato e amaro.,La pasta del formaggio è molto regolare e omogenea.,data/data/images_flat/2018-2019_Trentingrana__2018-10-10__P6a_330_fetta.bmp
Il formaggio ha un profumo di brodo vegetale e formaggio cotto.,"La pasta del formaggio presenta una bella grana a zone, in altre aree qualche strappetto e piccola occhiatura micro o più marcata.",data/data/images_flat/2018-2019_Trentingrana__2018-10-10__P6a_330_fetta.bmp
Il formaggio ha un sapore amarognolo nel finale con umami.,"La pasta del formaggio presenta una bella frattura e grana ben evidente, qualche zona meno regolare.",data/data/images_flat/2018-2019_Trentingrana__2018-10-10__P6a_330_fetta.bmp
Il formaggio presenta una texture con cristalli percettibili.,La pasta del formaggio presenta una grana fine.,data/data/images_flat/2018-2019_Trentingrana__2018-10-10__P6a_330_fetta.bmp
La crosta del formaggio è mediamente spessa.,La pasta del formaggio è di colore chiaro e uniforme.,data/data/images_flat/2018-2019_Trentingrana__2018-10-10__P6a_330_fetta.bmp
Il formaggio presenta una texture pastosa e poco solubile.,La pasta del formaggio è di colore giallo saturo con zone leggermente più chiare.,data/data/images_flat/2018-2019_Trentingrana__2018-10-10__P6a_330_fetta.bmp
La crosta del formaggio è mediamente spessa.,La pasta del formaggio è di colore omogeneo.,data/data/images_flat/2018-2019_Trentingrana__2018-10-10__P6a_330_fetta.bmp
Il formaggio presenta una texture asciutta.,La pasta del formaggio è più chiara nella zona sottocorticale con leggero alone centrale.,data/data/images_flat/2018-2019_Trentingrana__2018-10-10__P6a_330_fetta.bmp
La pasta del formaggio è granulosa e omogenea.,La pasta del formaggio è di colore abbastanza omogeneo.,data/data/images_flat/2018-2019_Trentingrana__2018-10-10__P6a_330_fetta.bmp
Il formaggio presenta una texture umida e solubile in bocca.,La pasta del formaggio è di colore chiaro e omogeneo.,data/data/images_flat/2018-2019_Trentingrana__2018-10-10__P6a_330_fetta.bmp
Il formaggio ha un sapore scarno e non pieno.,Il formaggio ha un profumo intenso di lattico cotto e vegetale secco con lieve nota tostata.,data/data/images_flat/2018-2019_Trentingrana__2018-10-10__P2a_307_fetta.bmp
La pasta del formaggio presenta spugnatura grossa diffusa in tutta la superficie e fessure.,Il formaggio ha un profumo di panna.,data/data/images_flat/2018-2019_Trentingrana__2018-10-10__P2a_307_fetta.bmp
La pasta del formaggio presenta spugnatura grossa diffusa in tutta la sezione.,"Il formaggio ha un profumo di latte, burro e burro fuso.",data/data/images_flat/2018-2019_Trentingrana__2018-10-10__P2a_307_fetta.bmp
La pasta del formaggio presenta molte fratture sotto una superficie piatta.,Il formaggio ha un profumo leggermente di teli sporchi.,data/data/images_flat/2018-2019_Trentingrana__2018-10-10__P2a_307_fetta.bmp
La pasta del formaggio presenta spugnatura grossa diffusa in tutta la sezione.,Il formaggio ha un profumo di noce moscata e frutta secca.,data/data/images_flat/2018-2019_Trentingrana__2018-10-10__P2a_307_fetta.bmp
Il formaggio presenta una texture asciutta.,Il formaggio ha un profumo intenso con note di tostatura e leggermente insilati.,data/data/images_flat/2018-2019_Trentingrana__2018-10-10__P2a_307_fetta.bmp
Il formaggio ha un profumo di crauti.,Il formaggio ha un profumo di brodo vegetale su note cotte.,data/data/images_flat/2018-2019_Trentingrana__2018-10-10__P2a_307_fetta.bmp
La pasta del formaggio presenta spugnatura grossa diffusa in tutta la sezione.,Il formaggio ha un profumo leggermente negativo in parte del formaggio.,data/data/images_flat/2018-2019_Trentingrana__2018-10-10__P2a_307_fetta.bmp
La pasta del formaggio presenta due grosse fessure sotto la zona piatta.,Il formaggio ha un profumo molto pannoso.,data/data/images_flat/2018-2019_Trentingrana__2018-10-10__P2a_307_fetta.bmp
La pasta del formaggio presenta una microocchiatura abbondante.,"Il formaggio ha un sapore dolce sapido con umami e piccantezza equilibrata, sensazione quasi rinfrescante.",data/data/images_flat/2018-2019_Trentingrana__2018-10-10__P2a_307_fetta.bmp
La pasta del formaggio presenta una microocchiatura centrale.,Il formaggio ha un sapore piccante.,data/data/images_flat/2018-2019_Trentingrana__2018-10-10__P2a_307_fetta.bmp
La crosta del formaggio presenta un colore di fondo carico.,Il formaggio ha un sapore equilibrato con leggera sapidità.,data/data/images_flat/2018-2019_Trentingrana__2018-10-10__P2a_307_fetta.bmp
La crosta del formaggio presenta angoli pronunciati.,Il formaggio ha un sapore piccante e acido.,data/data/images_flat/2018-2019_Trentingrana__2018-10-10__P2a_307_fetta.bmp
Il formaggio ha un sapore leggermente prevalente salato.,"Il formaggio ha un sapore amaro, non dolce.",data/data/images_flat/2018-2019_Trentingrana__2018-10-10__P2a_307_fetta.bmp
Il formaggio ha un aroma di sangue.,Il formaggio ha un sapore leggermente amaro.,data/data/images_flat/2018-2019_Trentingrana__2018-10-10__P2a_307_fetta.bmp
Il formaggio presenta una texture compatta.,"Il formaggio ha un sapore leggermente salato e piccante, equilibrato.",data/data/images_flat/2018-2019_Trentingrana__2018-10-10__P2a_307_fetta.bmp
Il formaggio ha un sapore bruciante.,"Il formaggio ha un aroma di latte cotto e burro cotto, non particolarmente complesso, con note di latte UHT.",data/data/images_flat/2018-2019_Trentingrana__2018-10-10__P2a_307_fetta.bmp
Il formaggio presenta una texture asciutta.,Il formaggio ha un aroma di burro.,data/data/images_flat/2018-2019_Trentingrana__2018-10-10__P2a_307_fetta.bmp
La pasta del formaggio presenta una microocchiatura minima e di colore diverse fenditure.,Il formaggio ha un aroma di panna con sentore nostrano.,data/data/images_flat/2018-2019_Trentingrana__2018-10-10__P2a_307_fetta.bmp
"La pasta del formaggio è liscia con frammentazione regolare e occhiatura diffusa, non grandi, non granulosa.",Il formaggio ha un aroma di burro e brodo.,data/data/images_flat/2018-2019_Trentingrana__2018-10-10__P2a_307_fetta.bmp
Il formaggio ha un aroma di sapone.,Il formaggio ha un aroma di stalla.,data/data/images_flat/2018-2019_Trentingrana__2018-10-10__P2a_307_fetta.bmp
Il formaggio ha un profumo di radici fresche.,Il formaggio ha un aroma di burro e panna con note di brodo.,data/data/images_flat/2018-2019_Trentingrana__2018-10-10__P2a_307_fetta.bmp
La pasta del formaggio presenta una microocchiatura molto diffusa.,"Il formaggio presenta una texture umida, cedevole e poco solubile.",data/data/images_flat/2018-2019_Trentingrana__2018-10-10__P2a_307_fetta.bmp
La pasta del formaggio presenta una microocchiatura concentrata su un lato.,"Il formaggio presenta una texture pastosa, poca grana e qualche cristallo.",data/data/images_flat/2018-2019_Trentingrana__2018-10-10__P2a_307_fetta.bmp
Il formaggio ha un aroma di sapone.,"Il formaggio presenta una texture pastosa e untuosa, con bei granuli.",data/data/images_flat/2018-2019_Trentingrana__2018-10-10__P2a_307_fetta.bmp
Il formaggio ha un profumo di polvere.,Il formaggio presenta una texture morbida e leggermente friabile.,data/data/images_flat/2018-2019_Trentingrana__2018-10-10__P2a_307_fetta.bmp
La pasta del formaggio presenta una microocchiatura estesa.,"Il formaggio presenta una texture compatta, poco friabile, con grana fresca.",data/data/images_flat/2018-2019_Trentingrana__2018-10-10__P2a_307_fetta.bmp
La pasta del formaggio presenta molte piccole occhiature diffuse.,"Il formaggio presenta una texture abbastanza morbida, sottile, leggermente asciutta e solubile.",data/data/images_flat/2018-2019_Trentingrana__2018-10-10__P2a_307_fetta.bmp
La crosta del formaggio presenta una sottocrosta grigiastra su sfondo molto carico.,"La crosta del formaggio presenta parti piatte e scalzo sfumati, spessore medio e spigoli pronunciati.",data/data/images_flat/2018-2019_Trentingrana__2018-10-10__P2a_307_fetta.bmp
Il formaggio ha un sapore equilibrato con note dolci.,"La crosta del formaggio è mediamente spessa, più marcata su parte piatta e spigoli.",data/data/images_flat/2018-2019_Trentingrana__2018-10-10__P2a_307_fetta.bmp
La pasta del formaggio presenta microfratture diffuse.,La crosta del formaggio è mediamente spessa ovunque.,data/data/images_flat/2018-2019_Trentingrana__2018-10-10__P2a_307_fetta.bmp
La pasta del formaggio presenta microfratture diffuse.,La crosta del formaggio è regolare con spessore medio.,data/data/images_flat/2018-2019_Trentingrana__2018-10-10__P2a_307_fetta.bmp
La pasta del formaggio presenta microocchiature diffuse.,"La crosta del formaggio è mediamente spessa, più intensa sotto lo scalzo.",data/data/images_flat/2018-2019_Trentingrana__2018-10-10__P2a_307_fetta.bmp
La pasta del formaggio presenta spugnatura grossa diffusa in tutta la superficie e disomogenea.,La crosta del formaggio è mediamente spessa.,data/data/images_flat/2018-2019_Trentingrana__2018-10-10__P2a_307_fetta.bmp
Il formaggio presenta una texture asciutta.,La crosta del formaggio è abbastanza spessa.,data/data/images_flat/2018-2019_Trentingrana__2018-10-10__P2a_307_fetta.bmp
Il formaggio ha un aroma interessante e duraturo.,"La pasta del formaggio presenta qualche piccola occhiatura, struttura regolare e grossolana.",data/data/images_flat/2018-2019_Trentingrana__2018-10-10__P2a_307_fetta.bmp
Il formaggio presenta una texture compatta.,"La pasta del formaggio presenta una grana fine, tendente a striature centrali e frattura a scaglie.",data/data/images_flat/2018-2019_Trentingrana__2018-10-10__P2a_307_fetta.bmp
La pasta del formaggio presenta spugnatura grossa diffusa in tutta la sezione.,"La pasta del formaggio presenta una microocchiatura diffusa e discreta, grana lievemente disomogenea e leggera stiratura al centro.",data/data/images_flat/2018-2019_Trentingrana__2018-10-10__P2a_307_fetta.bmp
"Il formaggio ha un sapore pungente sulla lingua con nota salato e amaro, non piccante.",La pasta del formaggio presenta spugnosità più evidente su un lato.,data/data/images_flat/2018-2019_Trentingrana__2018-10-10__P2a_307_fetta.bmp
Il formaggio ha un sapore bruciante.,La pasta del formaggio presenta zone leggermente stirate e microocchiatura in una zona.,data/data/images_flat/2018-2019_Trentingrana__2018-10-10__P2a_307_fetta.bmp
Il formaggio ha un profumo di crauti.,"La pasta del formaggio è grandiosa, abbastanza regolare, con presenza di microocchiature.",data/data/images_flat/2018-2019_Trentingrana__2018-10-10__P2a_307_fetta.bmp
Il formaggio ha un profumo di alcol.,La pasta del formaggio presenta qualche occhiatura in metà forma e area centrale leggermente stirata.,data/data/images_flat/2018-2019_Trentingrana__2018-10-10__P2a_307_fetta.bmp
La pasta del formaggio presenta spugnatura grossa diffusa in tutta la sezione.,"La pasta del formaggio presenta una bella frattura, grana non omogenea e stirata a tratti.",data/data/images_flat/2018-2019_Trentingrana__2018-10-10__P2a_307_fetta.bmp
Il formaggio ha un aroma di sapone.,La pasta del formaggio presenta una microocchiatura molto pronunciata e leggermente stirata.,data/data/images_flat/2018-2019_Trentingrana__2018-10-10__P2a_307_fetta.bmp
La pasta del formaggio presenta spugnatura grossa diffusa in tutta la sezione.,"La pasta del formaggio è di colore abbastanza uniforme, tendente al grigio e leggero.",data/data/images_flat/2018-2019_Trentingrana__2018-10-10__P2a_307_fetta.bmp
"Il formaggio ha un sapore molto saporito e deciso, leggermente piccante con una punta di acido equilibrata.",La pasta del formaggio presenta un colore leggermente disomogeneo.,data/data/images_flat/2018-2019_Trentingrana__2018-10-10__P2a_307_fetta.bmp
Il formaggio ha un aroma di sangue.,La pasta del formaggio è di colore giallo uniforme non carico.,data/data/images_flat/2018-2019_Trentingrana__2018-10-10__P2a_307_fetta.bmp
Il formaggio ha un profumo di crauti.,La pasta del formaggio è di colore abbastanza carico e omogeneo.,data/data/images_flat/2018-2019_Trentingrana__2018-10-10__P2a_307_fetta.bmp
Il formaggio ha un sapore bruciante in bocca.,La pasta del formaggio è di colore più carico al centro.,data/data/images_flat/2018-2019_Trentingrana__2018-10-10__P2a_307_fetta.bmp
La crosta del formaggio presenta una sottocrosta grigiastra su sfondo molto carico.,La pasta del formaggio presenta colorazione variabile e aree aranciate verso gli scalzi.,data/data/images_flat/2018-2019_Trentingrana__2018-10-10__P2a_307_fetta.bmp
La pasta del formaggio presenta una frattura abbastanza regolare e grana semi fine.,"Il formaggio ha un profumo di moderata intensità con sentori cotti, tostato e quasi fumo.",data/data/images_flat/2018-2019_Trentingrana__2019-02-13__P6b_330_fetta.bmp
"Il formaggio presenta una texture friabile con cristalli, lascia residuo sabbioso in finale.",Il formaggio ha un profumo di panna e burro.,data/data/images_flat/2018-2019_Trentingrana__2019-02-13__P6b_330_fetta.bmp
Il formaggio ha un profumo di latte cotto e brodo.,Il formaggio ha un profumo delicato con leggero sentore di cotto.,data/data/images_flat/2018-2019_Trentingrana__2019-02-13__P6b_330_fetta.bmp
La crosta del formaggio è mediamente spessa.,"Il formaggio ha un profumo di burro fuso e cotto, con note di crosta e ossidato, poco intensi.",data/data/images_flat/2018-2019_Trentingrana__2019-02-13__P6b_330_fetta.bmp
"Il formaggio ha un profumo di burro fuso con note di crosta e brodo, poco intensa.",Il formaggio ha un profumo di lattici cotti e verdura lessa leggermente presente.,data/data/images_flat/2018-2019_Trentingrana__2019-02-13__P6b_330_fetta.bmp
Il formaggio ha un sapore leggermente acido e amaro.,"Il formaggio ha un profumo principalmente vegetale cotto, con note di panna e burro fuso.",data/data/images_flat/2018-2019_Trentingrana__2019-02-13__P6b_330_fetta.bmp
Il formaggio ha un aroma di formaggio bruciato.,Il formaggio ha un sapore amaro e piccante a intensità media.,data/data/images_flat/2018-2019_Trentingrana__2019-02-13__P6b_330_fetta.bmp
Il formaggio ha un aroma di burro.,Il formaggio ha un sapore salato.,data/data/images_flat/2018-2019_Trentingrana__2019-02-13__P6b_330_fetta.bmp
"Il formaggio presenta una texture friabile, cedevole al molare, morbida, con cristalli abbondanti e grossi.",Il formaggio ha un sapore piccante percepibile con nota di amaro.,data/data/images_flat/2018-2019_Trentingrana__2019-02-13__P6b_330_fetta.bmp
La pasta del formaggio presenta una frattura regolare e bella grana.,Il formaggio ha un sapore acido.,data/data/images_flat/2018-2019_Trentingrana__2019-02-13__P6b_330_fetta.bmp
La crosta del formaggio è sottile.,Il formaggio ha un sapore leggermente acido e salato.,data/data/images_flat/2018-2019_Trentingrana__2019-02-13__P6b_330_fetta.bmp
Il formaggio ha un profumo di brodo.,Il formaggio ha un sapore molto salato e piccante.,data/data/images_flat/2018-2019_Trentingrana__2019-02-13__P6b_330_fetta.bmp
Il formaggio ha un aroma di burro fuso e latte cotto con nota di crosta.,Il formaggio ha un sapore con leggera piccantezza e leggero amarognolo.,data/data/images_flat/2018-2019_Trentingrana__2019-02-13__P6b_330_fetta.bmp
La pasta del formaggio presenta un colore carico al centro.,"Il formaggio ha un sapore salato, piccante e leggermente acido, non equilibrato.",data/data/images_flat/2018-2019_Trentingrana__2019-02-13__P6b_330_fetta.bmp
Il formaggio ha un sapore leggermente salato.,"Il formaggio ha un sapore sapido e leggermente piccante, prevalente.",data/data/images_flat/2018-2019_Trentingrana__2019-02-13__P6b_330_fetta.bmp
"La pasta del formaggio è a frattura regolare, con una crepa e grana omogenea grossolana.",Il formaggio ha un aroma poco intenso.,data/data/images_flat/2018-2019_Trentingrana__2019-02-13__P6b_330_fetta.bmp
"Il formaggio presenta una texture friabile con microstruttura fine, cristalli presenti, finale sabbioso.",Il formaggio ha un aroma acido.,data/data/images_flat/2018-2019_Trentingrana__2019-02-13__P6b_330_fetta.bmp
Il formaggio ha un profumo di latte cotto e brodo di carne con sentore vegetale.,Il formaggio ha un aroma di crosta di formaggio e formaggio fuso.,data/data/images_flat/2018-2019_Trentingrana__2019-02-13__P6b_330_fetta.bmp
"La pasta del formaggio presenta una frattura abbastanza regolare, struttura granulosa e alcune fessure.",Il formaggio ha un aroma ossidato e vecchio con un poco di stalla.,data/data/images_flat/2018-2019_Trentingrana__2019-02-13__P6b_330_fetta.bmp
"La pasta del formaggio presenta una frattura regolare e grana grandiosa, ma con striature.",Il formaggio ha un aroma lattico cotto moderato.,data/data/images_flat/2018-2019_Trentingrana__2019-02-13__P6b_330_fetta.bmp
"La pasta del formaggio presenta una frattura regolare, grana grandiosa, piccola zona stirata e leggera microocchiatura.",Il formaggio ha un aroma tostato e lattico cotto.,data/data/images_flat/2018-2019_Trentingrana__2019-02-13__P6b_330_fetta.bmp
La pasta del formaggio presenta una frattura abbastanza regolare e grana fine.,Il formaggio presenta una texture poco dura e con scarsa tirosina.,data/data/images_flat/2018-2019_Trentingrana__2019-02-13__P6b_330_fetta.bmp
La pasta del formaggio presenta un colore carico al centro.,"Il formaggio presenta una texture granulosa con cristalli poco solubili, lascia residuo farinoso.",data/data/images_flat/2018-2019_Trentingrana__2019-02-13__P6b_330_fetta.bmp
Il formaggio presenta una texture poco solubile.,"Il formaggio presenta una texture friabile con struttura grossolana, lascia bocca disidratata e cristalli grossi presenti.",data/data/images_flat/2018-2019_Trentingrana__2019-02-13__P6b_330_fetta.bmp
Il formaggio ha un sapore leggermente salato.,"Il formaggio presenta una texture friabile, solubile, con pochi cristalli.",data/data/images_flat/2018-2019_Trentingrana__2019-02-13__P6b_330_fetta.bmp
"Il formaggio ha un profumo di burro fuso e latte cotto con profumi maturi, note di tostato e frutta secca, buona intensità.",Il formaggio presenta una texture morbido pastosa.,data/data/images_flat/2018-2019_Trentingrana__2019-02-13__P6b_330_fetta.bmp
Il formaggio ha un profumo di panna e burro fresco.,"Il formaggio presenta una texture con poca grana, abbastanza adesiva e pochi cristalli.",data/data/images_flat/2018-2019_Trentingrana__2019-02-13__P6b_330_fetta.bmp
La pasta del formaggio è di colore abbastanza omogeneo.,Il formaggio presenta una texture gommosa con cristalli.,data/data/images_flat/2018-2019_Trentingrana__2019-02-13__P6b_330_fetta.bmp
Il formaggio ha un profumo di panna e burro fresco.,Il formaggio presenta una texture con cristalli fini che lascia bocca pulita.,data/data/images_flat/2018-2019_Trentingrana__2019-02-13__P6b_330_fetta.bmp
Il formaggio ha un sapore salato.,La crosta del formaggio è mediamente spessa.,data/data/images_flat/2018-2019_Trentingrana__2019-02-13__P6b_330_fetta.bmp
Il formaggio ha un profumo di burro fuso con note di tostato e frutta fermentata.,La crosta del formaggio è sfumata con spessore medio.,data/data/images_flat/2018-2019_Trentingrana__2019-02-13__P6b_330_fetta.bmp
"Il formaggio presenta una texture morbida, granulosa, che impasta la bocca, con qualche cristallo ma lascia residuo.",La crosta del formaggio è mediamente spessa o superiore.,data/data/images_flat/2018-2019_Trentingrana__2019-02-13__P6b_330_fetta.bmp
La pasta del formaggio è di colore giallo abbastanza carico con alone più scuro.,La crosta del formaggio è mediamente spessa.,data/data/images_flat/2018-2019_Trentingrana__2019-02-13__P6b_330_fetta.bmp
"Il formaggio presenta una texture cedevole, umida e poco granulosa.","La crosta del formaggio è molto sottile nelle parti piatte, più spessa negli scalzi con spigoli pronunciati.",data/data/images_flat/2018-2019_Trentingrana__2019-02-13__P6b_330_fetta.bmp
Il formaggio ha un profumo di burro fuso con leggera nota pungente di crosta.,La crosta del formaggio è piuttosto spessa.,data/data/images_flat/2018-2019_Trentingrana__2019-02-13__P6b_330_fetta.bmp
Il formaggio ha un sapore leggermente salato.,"La pasta del formaggio non è omogenea, con area centrale tendente allo stirato e grossolana.",data/data/images_flat/2018-2019_Trentingrana__2019-02-13__P6b_330_fetta.bmp
Il formaggio ha un profumo di brodo vegetale.,"La pasta del formaggio presenta una frattura a scaglie, grana non omogenea al centro con striature, microocchiature esterne e grana più grossa.",data/data/images_flat/2018-2019_Trentingrana__2019-02-13__P6b_330_fetta.bmp
La pasta del formaggio presenta una frattura regolare e grana fine.,La pasta del formaggio presenta una grana omogenea nella sua incompiutezza.,data/data/images_flat/2018-2019_Trentingrana__2019-02-13__P6b_330_fetta.bmp
"Il formaggio ha un profumo di burro fuso e latte cotto con profumi maturi, note di tostato e frutta secca, buona intensità.",La pasta del formaggio presenta leggera striatura.,data/data/images_flat/2018-2019_Trentingrana__2019-02-13__P6b_330_fetta.bmp
"La pasta del formaggio presenta una frattura abbastanza regolare, scaglie grosse e cristalli.",La pasta del formaggio è leggermente stirata in parte.,data/data/images_flat/2018-2019_Trentingrana__2019-02-13__P6b_330_fetta.bmp
Il formaggio presenta una texture con cristalli e consistenza gommosa.,"La pasta del formaggio presenta una frattura abbastanza regolare, leggera microocchiatura e leggera stiratura in una piccola zona.",data/data/images_flat/2018-2019_Trentingrana__2019-02-13__P6b_330_fetta.bmp
Il formaggio ha un aroma di latte.,"La pasta del formaggio è leggermente stirata, non omogenea.",data/data/images_flat/2018-2019_Trentingrana__2019-02-13__P6b_330_fetta.bmp
"Il formaggio presenta una texture morbida, poco granulosa e con pochi cristalli.","La pasta del formaggio presenta un'occhiatura al centro, struttura leggermente disomogenea e frattura regolare.",data/data/images_flat/2018-2019_Trentingrana__2019-02-13__P6b_330_fetta.bmp
Il formaggio ha un sapore acido.,"La pasta del formaggio presenta una frattura regolare, leggermente stirata al centro.",data/data/images_flat/2018-2019_Trentingrana__2019-02-13__P6b_330_fetta.bmp
"La pasta del formaggio è a grana fine, con leggera stiratura in parte.",La pasta del formaggio è di colore carico al centro.,data/data/images_flat/2018-2019_Trentingrana__2019-02-13__P6b_330_fetta.bmp
"La pasta del formaggio presenta una frattura regolare, grana fine e leggera microocchiatura.",La pasta del formaggio è di colore giallo leggermente grigiastro con alone.,data/data/images_flat/2018-2019_Trentingrana__2019-02-13__P6b_330_fetta.bmp
La pasta del formaggio è di colore paglierino chiaro uniforme.,La pasta del formaggio presenta un colore carico nella parte centrale e colore non chiaro verso l'esterno.,data/data/images_flat/2018-2019_Trentingrana__2019-02-13__P6b_330_fetta.bmp
Il formaggio ha un aroma di crosta.,La pasta del formaggio presenta un leggero alone centrale.,data/data/images_flat/2018-2019_Trentingrana__2019-02-13__P6b_330_fetta.bmp
La pasta del formaggio è di colore giallo abbastanza carico.,La pasta del formaggio è di colore carico uniforme.,data/data/images_flat/2018-2019_Trentingrana__2019-02-13__P6b_330_fetta.bmp
Il formaggio ha un sapore salato e leggermente piccante.,La pasta del formaggio è di colore giallo chiaro con alone centrale.,data/data/images_flat/2018-2019_Trentingrana__2019-02-13__P6b_330_fetta.bmp
"La pasta del formaggio presenta una frattura regolare e grana grandiosa, piccola occhiatura e leggera microocchiatura.",La pasta del formaggio è di colore carico con alone centrale.,data/data/images_flat/2018-2019_Trentingrana__2019-02-13__P6b_330_fetta.bmp
"Il formaggio ha un sapore con sapidità elevata, umami equilibrato e lieve retrogusto amaro.",La pasta del formaggio presenta un leggero alone centrale tendente allo scuro ma comunque chiara.,data/data/images_flat/2018-2019_Trentingrana__2019-02-13__P6b_330_fetta.bmp
Il formaggio ha un profumo di latte cotto con intensità leggera e note di siero acido.,"La pasta del formaggio è paglierina chiara non omogenea, più carica centralmente con leggero alone grigiastro.",data/data/images_flat/2018-2019_Trentingrana__2019-02-13__P6b_330_fetta.bmp
La pasta del formaggio presenta un colore non omogeneo e aloni rosa e marrone.,Il formaggio ha un profumo di latte e panna con intensità moderata.,data/data/images_flat/2018-2019_Trentingrana__2019-02-13__P4a_311_fetta.bmp
La pasta del formaggio è di colore leggermente rosato.,Il formaggio ha un profumo vegetale e cotto.,data/data/images_flat/2018-2019_Trentingrana__2019-02-13__P4a_311_fetta.bmp
Il formaggio ha un sapore salato e acido.,"Il formaggio ha un profumo su base lattea dolce con note vegetali e di brodo, intensità moderata.",data/data/images_flat/2018-2019_Trentingrana__2019-02-13__P4a_311_fetta.bmp
La crosta del formaggio è sottile con unghia evidente di colore scuro.,Il formaggio ha un profumo di pasta cotta.,data/data/images_flat/2018-2019_Trentingrana__2019-02-13__P4a_311_fetta.bmp
La pasta del formaggio è di colore carico.,Il formaggio ha un profumo di burro fresco e formaggio cotto.,data/data/images_flat/2018-2019_Trentingrana__2019-02-13__P4a_311_fetta.bmp
La crosta del formaggio presenta un limite sfumato e scalzi spessi.,Il formaggio ha un profumo di panna intensa.,data/data/images_flat/2018-2019_Trentingrana__2019-02-13__P4a_311_fetta.bmp
Il formaggio ha un sapore acido e amaro.,Il formaggio ha un profumo di brodo leggermente difettoso.,data/data/images_flat/2018-2019_Trentingrana__2019-02-13__P4a_311_fetta.bmp
La crosta del formaggio è sottile sulla parte piatta.,"Il formaggio ha un profumo di fermentazione con note di insilato, panna fresca, burro fresco e leggera tostatura.",data/data/images_flat/2018-2019_Trentingrana__2019-02-13__P4a_311_fetta.bmp
La crosta del formaggio è sottile.,"Il formaggio ha un sapore con acidità e sapidità a intensità medio-alta, piccantezza media.",data/data/images_flat/2018-2019_Trentingrana__2019-02-13__P4a_311_fetta.bmp
"La pasta del formaggio è di colore paglierino non carico, omogeneo.",Il formaggio ha un sapore salato.,data/data/images_flat/2018-2019_Trentingrana__2019-02-13__P4a_311_fetta.bmp
La pasta del formaggio presenta un colore carico al centro.,Il formaggio ha un sapore complesso con nota piccante.,data/data/images_flat/2018-2019_Trentingrana__2019-02-13__P4a_311_fetta.bmp
Il formaggio ha un profumo di cavolfiore.,Il formaggio ha un sapore acido e leggermente salato.,data/data/images_flat/2018-2019_Trentingrana__2019-02-13__P4a_311_fetta.bmp
Il formaggio ha un sapore amaro e acido.,Il formaggio ha un sapore acidulo.,data/data/images_flat/2018-2019_Trentingrana__2019-02-13__P4a_311_fetta.bmp
Il formaggio ha un sapore acido e amaro.,Il formaggio ha un sapore poco marcato.,data/data/images_flat/2018-2019_Trentingrana__2019-02-13__P4a_311_fetta.bmp
La crosta del formaggio è sottile.,"Il formaggio ha un sapore con solo un accento di umami, non piccante.",data/data/images_flat/2018-2019_Trentingrana__2019-02-13__P4a_311_fetta.bmp
"La pasta del formaggio presenta una frattura abbastanza regolare, grana grossa al centro e più fine verso i piatti.",Il formaggio ha un sapore leggermente salato con intensità media.,data/data/images_flat/2018-2019_Trentingrana__2019-02-13__P4a_311_fetta.bmp
"La pasta del formaggio è di colore giallo carico, più intenso al centro.",Il formaggio ha un sapore piccante pronunciato con sapidità e acidità che ricoprono la dolcezza.,data/data/images_flat/2018-2019_Trentingrana__2019-02-13__P4a_311_fetta.bmp
La crosta del formaggio presenta una parte piatta molto sottile e resto mediamente spesso.,"Il formaggio ha un aroma di latte acidificato e yogurt, intensità alta.",data/data/images_flat/2018-2019_Trentingrana__2019-02-13__P4a_311_fetta.bmp
La crosta del formaggio è sottile.,Il formaggio ha un aroma di latte.,data/data/images_flat/2018-2019_Trentingrana__2019-02-13__P4a_311_fetta.bmp
Il formaggio ha un sapore equilibrato con piccantezza praticamente assente.,Il formaggio ha un aroma neutro.,data/data/images_flat/2018-2019_Trentingrana__2019-02-13__P4a_311_fetta.bmp
Il formaggio ha un profumo di cavolfiore.,"Il formaggio ha un aroma con sentore di fermentato, non tipico del grana.",data/data/images_flat/2018-2019_Trentingrana__2019-02-13__P4a_311_fetta.bmp
"La pasta del formaggio presenta una bella grana e frattura non del tutto regolare, priva di difetti.",Il formaggio ha un aroma di brodo e formaggio cotto.,data/data/images_flat/2018-2019_Trentingrana__2019-02-13__P4a_311_fetta.bmp
Il formaggio ha un sapore acido e amaro.,Il formaggio ha un aroma di panna.,data/data/images_flat/2018-2019_Trentingrana__2019-02-13__P4a_311_fetta.bmp
Il formaggio ha un aroma di cavolfiore.,"Il formaggio ha un aroma di fermentato e lattico cotto, non fresco.",data/data/images_flat/2018-2019_Trentingrana__2019-02-13__P4a_311_fetta.bmp
Il formaggio ha un aroma di cavolfiore.,"Il formaggio presenta una texture molto friabile e solubile, con cristalli di tirosina poco percettibili.",data/data/images_flat/2018-2019_Trentingrana__2019-02-13__P4a_311_fetta.bmp
La crosta del formaggio è sottile.,"Il formaggio presenta una texture asciutta, friabile e leggermente sabbioso.",data/data/images_flat/2018-2019_Trentingrana__2019-02-13__P4a_311_fetta.bmp
Il formaggio ha un aroma di burro fuso e crosta di formaggio.,"Il formaggio presenta una texture friabile, non asciutta, con cristalli adeguati.",data/data/images_flat/2018-2019_Trentingrana__2019-02-13__P4a_311_fetta.bmp
La pasta del formaggio è di colore paglierino carico omogeneo.,Il formaggio presenta una texture morbida e solubile.,data/data/images_flat/2018-2019_Trentingrana__2019-02-13__P4a_311_fetta.bmp
La pasta del formaggio è di colore carico ma omogeneo.,"Il formaggio presenta una texture molle e cedevole, poco solubile.",data/data/images_flat/2018-2019_Trentingrana__2019-02-13__P4a_311_fetta.bmp
Il formaggio ha un sapore dolce con scarsa sapidità e piccantezza.,"Il formaggio presenta una texture molle e cedevole, privo di struttura.",data/data/images_flat/2018-2019_Trentingrana__2019-02-13__P4a_311_fetta.bmp
La pasta del formaggio è leggermente occhiata su metà forma.,"Il formaggio presenta una texture inizialmente sabbioso fine, lascia bocca abbastanza pulita.",data/data/images_flat/2018-2019_Trentingrana__2019-02-13__P4a_311_fetta.bmp
"La pasta del formaggio è di colore giallo carico al centro, tendente al rosa.",La crosta del formaggio presenta uno spessore dispari e zone mediamente spesse.,data/data/images_flat/2018-2019_Trentingrana__2019-02-13__P4a_311_fetta.bmp
"Il formaggio presenta una texture asciutta, granulosa, con cristalli e poco solubile.","La crosta del formaggio presenta uno spessore più marcato sotto, parte piatta mediamente spessa e spigoli pronunciati.",data/data/images_flat/2018-2019_Trentingrana__2019-02-13__P4a_311_fetta.bmp
Il formaggio ha un sapore amaro e piccante.,La crosta del formaggio presenta una parte piatta molto sottile.,data/data/images_flat/2018-2019_Trentingrana__2019-02-13__P4a_311_fetta.bmp
La pasta del formaggio è granulosa e regolare.,La crosta del formaggio è sottile.,data/data/images_flat/2018-2019_Trentingrana__2019-02-13__P4a_311_fetta.bmp
Il formaggio ha un aroma di brodo e crosta di formaggio.,La crosta del formaggio è irregolare nel colore.,data/data/images_flat/2018-2019_Trentingrana__2019-02-13__P4a_311_fetta.bmp
La crosta del formaggio è mediamente spessa.,La crosta del formaggio è sottile.,data/data/images_flat/2018-2019_Trentingrana__2019-02-13__P4a_311_fetta.bmp
Il formaggio ha un profumo di frutta tropicale.,La pasta del formaggio presenta una frattura disomogenea e granulosa.,data/data/images_flat/2018-2019_Trentingrana__2019-02-13__P4a_311_fetta.bmp
La crosta del formaggio è sottile.,La pasta del formaggio presenta una frattura irregolare e grana poco grossolana.,data/data/images_flat/2018-2019_Trentingrana__2019-02-13__P4a_311_fetta.bmp
La pasta del formaggio è di colore giallo carico omogeneo.,"La pasta del formaggio presenta una frattura irregolare, struttura omogenea e granulosa.",data/data/images_flat/2018-2019_Trentingrana__2019-02-13__P4a_311_fetta.bmp
Il formaggio ha un sapore leggermente acido.,"La pasta del formaggio presenta una frattura irregolare, grana fine e cristalli visibili.",data/data/images_flat/2018-2019_Trentingrana__2019-02-13__P4a_311_fetta.bmp
Il formaggio ha un profumo di fieno e brodo.,La pasta del formaggio presenta una grana grossa omogenea.,data/data/images_flat/2018-2019_Trentingrana__2019-02-13__P4a_311_fetta.bmp
Il formaggio ha un aroma di frutta secca e grana.,La pasta del formaggio presenta una frattura non regolare e struttura poco granulare.,data/data/images_flat/2018-2019_Trentingrana__2019-02-13__P4a_311_fetta.bmp
Il formaggio ha un profumo di burro fuso e formaggio cotto.,La pasta del formaggio presenta una frattura leggermente irregolare e granulosità più fine al centro.,data/data/images_flat/2018-2019_Trentingrana__2019-02-13__P4a_311_fetta.bmp
"Il formaggio presenta una texture friabile, con cristalli grossi, microstruttura fine e finale deliquescente nel finale di bocca.",La pasta del formaggio presenta una frattura grossolana e bella grana.,data/data/images_flat/2018-2019_Trentingrana__2019-02-13__P4a_311_fetta.bmp
La pasta del formaggio è a grana fine con leggera stiratura in parte.,La pasta del formaggio presenta una grana grandiosa e frattura irregolare.,data/data/images_flat/2018-2019_Trentingrana__2019-02-13__P4a_311_fetta.bmp
La crosta del formaggio è mediamente spessa.,La pasta del formaggio è molto chiara con leggero alone centrale.,data/data/images_flat/2018-2019_Trentingrana__2019-02-13__P4a_311_fetta.bmp
La crosta del formaggio è mediamente spessa.,La pasta del formaggio è di colore carico e uniforme.,data/data/images_flat/2018-2019_Trentingrana__2019-02-13__P4a_311_fetta.bmp
Il formaggio ha un sapore amaro e piccante.,"La pasta del formaggio è di colore saturo, non troppo carico e omogeneo.",data/data/images_flat/2018-2019_Trentingrana__2019-02-13__P4a_311_fetta.bmp
Il formaggio ha un profumo di formaggio cotto.,La pasta del formaggio presenta colorazione rosata ai bordi.,data/data/images_flat/2018-2019_Trentingrana__2019-02-13__P4a_311_fetta.bmp
Il formaggio ha un aroma di erbe amare.,La pasta del formaggio è di colore giallo carico.,data/data/images_flat/2018-2019_Trentingrana__2019-02-13__P4a_311_fetta.bmp
"La pasta del formaggio presenta una frattura a grana regolare, microocchiatura, leggermente grossolana al centro.",La pasta del formaggio è di colore paglierino chiaro omogeneo.,data/data/images_flat/2018-2019_Trentingrana__2019-02-13__P4a_311_fetta.bmp
La pasta del formaggio è di colore giallo carico.,La pasta del formaggio è di colore giallo abbastanza carico.,data/data/images_flat/2018-2019_Trentingrana__2019-02-13__P4a_311_fetta.bmp
"Il formaggio presenta una texture granulosa, asciutta, con cristalli e solubile.",La pasta del formaggio è di colore regolare.,data/data/images_flat/2018-2019_Trentingrana__2019-02-13__P4a_311_fetta.bmp
Il formaggio ha un profumo di cipolla e minestrone di verdura.,La pasta del formaggio è di colore omogeneo ma carico.,data/data/images_flat/2018-2019_Trentingrana__2019-02-13__P4a_311_fetta.bmp
La crosta del formaggio è sottile.,La pasta del formaggio è di colore paglierino carico con leggero alone verde grigiastro.,data/data/images_flat/2018-2019_Trentingrana__2019-02-13__P4a_311_fetta.bmp
La pasta del formaggio è di colore paglierino carico omogeneo con alone grigio verdognolo.,Il formaggio ha un profumo di frutta matura con intensità alta.,data/data/images_flat/2018-2019_Trentingrana__2019-02-13__P2b_305_fetta.bmp
Il formaggio ha un aroma di panna.,Il formaggio ha un profumo animale di letame.,data/data/images_flat/2018-2019_Trentingrana__2019-02-13__P2b_305_fetta.bmp
La pasta del formaggio è stirata con microocchiatura e una piccola occhiatura.,Il formaggio ha un profumo di piedi.,data/data/images_flat/2018-2019_Trentingrana__2019-02-13__P2b_305_fetta.bmp
Il formaggio ha un sapore acido e leggermente piccante.,Il formaggio ha un profumo di crosta e brodo.,data/data/images_flat/2018-2019_Trentingrana__2019-02-13__P2b_305_fetta.bmp
La crosta del formaggio è sottile.,"Il formaggio ha un profumo molto delicato, non paglierina.",data/data/images_flat/2018-2019_Trentingrana__2019-02-13__P2b_305_fetta.bmp
La pasta del formaggio è stirata e difettosa.,Il formaggio ha un profumo ossidato con note di crosta.,data/data/images_flat/2018-2019_Trentingrana__2019-02-13__P2b_305_fetta.bmp
Il formaggio ha un aroma di crosta di formaggio.,Il formaggio ha un profumo di formaggio cotto.,data/data/images_flat/2018-2019_Trentingrana__2019-02-13__P2b_305_fetta.bmp
La crosta del formaggio è molto sottile.,"Il formaggio ha un profumo di emmental senza difetti, non tipico.",data/data/images_flat/2018-2019_Trentingrana__2019-02-13__P2b_305_fetta.bmp
Il formaggio ha un sapore leggermente salato.,"Il formaggio ha un profumo fruttato con panna, burro fuso e leggero sentore di verdure cotte e pane tostato.",data/data/images_flat/2018-2019_Trentingrana__2019-02-13__P2b_305_fetta.bmp
La pasta del formaggio è di colore carico aranciato.,Il formaggio ha un sapore dolce di elevata intensità e piccante di media intensità.,data/data/images_flat/2018-2019_Trentingrana__2019-02-13__P2b_305_fetta.bmp
Il formaggio ha un sapore salato.,Il formaggio ha un sapore salato.,data/data/images_flat/2018-2019_Trentingrana__2019-02-13__P2b_305_fetta.bmp
La crosta del formaggio è sfumata con spigoli accentuati e spessore sottile.,"Il formaggio ha un sapore scarno, manca di umami.",data/data/images_flat/2018-2019_Trentingrana__2019-02-13__P2b_305_fetta.bmp
Il formaggio ha un sapore leggermente salato.,"Al palato, il formaggio è poco insapore.",data/data/images_flat/2018-2019_Trentingrana__2019-02-13__P2b_305_fetta.bmp
La pasta del formaggio è stirata con microocchiatura e vasca centrale al centro.,Il formaggio ha un sapore nostrano.,data/data/images_flat/2018-2019_Trentingrana__2019-02-13__P2b_305_fetta.bmp
Il formaggio ha un sapore leggermente salato.,Il formaggio ha un sapore abbastanza equilibrato con piccantezza praticamente assente.,data/data/images_flat/2018-2019_Trentingrana__2019-02-13__P2b_305_fetta.bmp
"La pasta del formaggio presenta una frattura regolare, grana fine e striature.",Il formaggio ha un sapore equilibrato e medio intenso.,data/data/images_flat/2018-2019_Trentingrana__2019-02-13__P2b_305_fetta.bmp
La pasta del formaggio è stirata con microocchiatura e una piccola occhiatura.,Il formaggio ha un sapore salato.,data/data/images_flat/2018-2019_Trentingrana__2019-02-13__P2b_305_fetta.bmp
"Il formaggio ha un aroma di latte cotto, burro fuso, crosta di formaggio e brodo di carne.","Il formaggio ha un sapore inizialmente sapido e leggermente piccante, seguito da dolcezza.",data/data/images_flat/2018-2019_Trentingrana__2019-02-13__P2b_305_fetta.bmp
"Il formaggio presenta una texture friabile, con microstruttura abbastanza fine, cristalli presenti, tende a impastare la bocca nel finale di bocca.",Il formaggio ha un aroma di frutta matura con intensità alta.,data/data/images_flat/2018-2019_Trentingrana__2019-02-13__P2b_305_fetta.bmp
La pasta del formaggio è stirata con fratture.,"Il formaggio ha un aroma fermentato, non tipico del trentingrana.",data/data/images_flat/2018-2019_Trentingrana__2019-02-13__P2b_305_fetta.bmp
Il formaggio presenta una texture leggermente asciutta.,Il formaggio ha un aroma di crosta di formaggio.,data/data/images_flat/2018-2019_Trentingrana__2019-02-13__P2b_305_fetta.bmp
"La pasta del formaggio è di colore giallo carico al centro, più chiara verso gli scalzi.",Il formaggio ha un aroma non tipico e nostrano.,data/data/images_flat/2018-2019_Trentingrana__2019-02-13__P2b_305_fetta.bmp
Il formaggio ha un aroma di crosta di formaggio.,Il formaggio ha un aroma di crosta e ossidato.,data/data/images_flat/2018-2019_Trentingrana__2019-02-13__P2b_305_fetta.bmp
"Il formaggio ha un sapore equilibrato, dolce sapido con umami medio, piccantezza contenuta e lieve nota rinfrescante.","Il formaggio ha un aroma di latte cotto, molto neutro.",data/data/images_flat/2018-2019_Trentingrana__2019-02-13__P2b_305_fetta.bmp
Il formaggio ha un profumo di latte cotto e panna.,Il formaggio ha un aroma non tipico.,data/data/images_flat/2018-2019_Trentingrana__2019-02-13__P2b_305_fetta.bmp
La pasta del formaggio è stirata con microocchiatura e vasca centrale al centro.,Il formaggio ha un aroma principalmente di lattico cotto.,data/data/images_flat/2018-2019_Trentingrana__2019-02-13__P2b_305_fetta.bmp
"La pasta del formaggio è di colore paglierino carico, omogeneamente distribuito.","Il formaggio presenta una texture elastica, granulosa, asciutta e poco solubile con pochi cristalli.",data/data/images_flat/2018-2019_Trentingrana__2019-02-13__P2b_305_fetta.bmp
"La pasta del formaggio presenta una frattura regolare, striata e una crepa profonda.","Il formaggio presenta una texture asciutta nonostante l'umidità, con friabilità scarsa.",data/data/images_flat/2018-2019_Trentingrana__2019-02-13__P2b_305_fetta.bmp
Il formaggio ha un aroma di crosta di formaggio.,Il formaggio presenta una texture leggermente gommosa.,data/data/images_flat/2018-2019_Trentingrana__2019-02-13__P2b_305_fetta.bmp
Il formaggio ha un sapore leggermente acido e leggermente piccante.,Il formaggio presenta una texture molle e senza grana.,data/data/images_flat/2018-2019_Trentingrana__2019-02-13__P2b_305_fetta.bmp
Il formaggio ha un aroma di panna.,"Il formaggio presenta una texture abbastanza dura e compatta, grana molto fine, cristalli non percepibili, leggermente asciutta.",data/data/images_flat/2018-2019_Trentingrana__2019-02-13__P2b_305_fetta.bmp
Il formaggio ha un sapore leggermente salato.,"Il formaggio presenta una texture piuttosto compatta, poco friabile e pastosa, con scarsa solubilità.",data/data/images_flat/2018-2019_Trentingrana__2019-02-13__P2b_305_fetta.bmp
Il formaggio ha un sapore leggermente salato e leggermente piccante.,Il formaggio presenta una texture gommosa.,data/data/images_flat/2018-2019_Trentingrana__2019-02-13__P2b_305_fetta.bmp
"La pasta del formaggio presenta una frattura irregolare e struttura granulosa, priva di occhiatura e cristalli evidenti.","Il formaggio presenta una texture granulosa, che si scioglie bene e lascia la bocca abbastanza pulita.",data/data/images_flat/2018-2019_Trentingrana__2019-02-13__P2b_305_fetta.bmp
Il formaggio ha un sapore leggermente acido.,La crosta del formaggio è sfumata con spessore medio.,data/data/images_flat/2018-2019_Trentingrana__2019-02-13__P2b_305_fetta.bmp
Il formaggio ha un profumo di panna e burro.,La crosta del formaggio è poco evidente per via dello sfondo intenso.,data/data/images_flat/2018-2019_Trentingrana__2019-02-13__P2b_305_fetta.bmp
Il formaggio ha un aroma di crosta di formaggio.,La crosta del formaggio è mediamente spessa.,data/data/images_flat/2018-2019_Trentingrana__2019-02-13__P2b_305_fetta.bmp
La pasta del formaggio è stirata con microocchiatura.,La crosta del formaggio è mediamente spessa.,data/data/images_flat/2018-2019_Trentingrana__2019-02-13__P2b_305_fetta.bmp
Il formaggio ha un aroma di crosta di formaggio.,La crosta del formaggio è mediamente spessa con spigoli pronunciati.,data/data/images_flat/2018-2019_Trentingrana__2019-02-13__P2b_305_fetta.bmp
Il formaggio ha un profumo di latte cotto e panna.,La crosta del formaggio è piuttosto spessa.,data/data/images_flat/2018-2019_Trentingrana__2019-02-13__P2b_305_fetta.bmp
Il formaggio ha un aroma di crosta di formaggio.,La pasta del formaggio non è omogenea con aree stirate.,data/data/images_flat/2018-2019_Trentingrana__2019-02-13__P2b_305_fetta.bmp
"Il formaggio presenta una texture molto pastosa e oleosa, con cristalli abbondanti, troppo morbida.",La pasta del formaggio è stirata con fratture profonde.,data/data/images_flat/2018-2019_Trentingrana__2019-02-13__P2b_305_fetta.bmp
La pasta del formaggio presenta una frattura irregolare e zone stirate.,La pasta del formaggio presenta evidenti fratture centrali e stirata.,data/data/images_flat/2018-2019_Trentingrana__2019-02-13__P2b_305_fetta.bmp
La pasta del formaggio è stirata con microocchiatura e vasca centrale al centro.,La pasta del formaggio presenta striature e presenza di crepe.,data/data/images_flat/2018-2019_Trentingrana__2019-02-13__P2b_305_fetta.bmp
Il formaggio ha un sapore leggermente salato con note umami.,"La pasta del formaggio è stirata in varie parti con spacchi, non granulosa.",data/data/images_flat/2018-2019_Trentingrana__2019-02-13__P2b_305_fetta.bmp
Il formaggio ha un aroma di crosta di formaggio.,"La pasta del formaggio non è granulosa, compatta e stirata, con fessura interna.",data/data/images_flat/2018-2019_Trentingrana__2019-02-13__P2b_305_fetta.bmp
La crosta del formaggio è molto sottile.,La pasta del formaggio è stirata con fratture.,data/data/images_flat/2018-2019_Trentingrana__2019-02-13__P2b_305_fetta.bmp
Il formaggio ha un profumo di panna.,La pasta del formaggio presenta grandi fessure e stiratura.,data/data/images_flat/2018-2019_Trentingrana__2019-02-13__P2b_305_fetta.bmp
La pasta del formaggio è di colore giallo carico.,"La pasta del formaggio presenta distribuzione omogenea, tra paglierino carico e dorato.",data/data/images_flat/2018-2019_Trentingrana__2019-02-13__P2b_305_fetta.bmp
Il formaggio ha un profumo di panna.,La pasta del formaggio è di colore carico aranciato.,data/data/images_flat/2018-2019_Trentingrana__2019-02-13__P2b_305_fetta.bmp
Il formaggio ha un sapore leggermente amaro.,La pasta del formaggio è di colore molto carico con fascia leggermente più chiara sotto un piatto.,data/data/images_flat/2018-2019_Trentingrana__2019-02-13__P2b_305_fetta.bmp
"Il formaggio presenta una texture asciutta, granulosa, solubile, lascia residuo in bocca.",La pasta del formaggio è di colore giallo grigiastro.,data/data/images_flat/2018-2019_Trentingrana__2019-02-13__P2b_305_fetta.bmp
Il formaggio ha un sapore leggermente salato.,La pasta del formaggio è di colore molto carico e aranciato.,data/data/images_flat/2018-2019_Trentingrana__2019-02-13__P2b_305_fetta.bmp
La pasta del formaggio è stirata con microocchiatura.,La pasta del formaggio è di colore giallo molto carico.,data/data/images_flat/2018-2019_Trentingrana__2019-02-13__P2b_305_fetta.bmp
La crosta del formaggio è mediamente spessa.,La pasta del formaggio è di colore molto intenso e sfumato fra i piatti.,data/data/images_flat/2018-2019_Trentingrana__2019-02-13__P2b_305_fetta.bmp
"Il formaggio ha un sapore equilibrato, leggermente salato e piccante.",La pasta del formaggio è di colore giallo intenso con alone centrale.,data/data/images_flat/2018-2019_Trentingrana__2019-02-13__P2b_305_fetta.bmp
Il formaggio ha un sapore salato.,"Il formaggio ha un profumo non particolarmente intenso, piatto, con note animali e di paglia, a tratti di acqua ristagnante.",data/data/images_flat/2018-2019_Trentingrana__2018-10-31__P5a_323_fetta.bmp
La pasta del formaggio presenta un alone centrale molto scuro.,Il formaggio ha un profumo di burro fuso e latte.,data/data/images_flat/2018-2019_Trentingrana__2018-10-31__P5a_323_fetta.bmp
"Il formaggio ha un sapore equilibrato, senza umami.","Il formaggio ha un profumo molto delicato, quasi impercettibile.",data/data/images_flat/2018-2019_Trentingrana__2018-10-31__P5a_323_fetta.bmp
"La pasta del formaggio è stirata al centro, con struttura fine nelle zone non stirate.","Il formaggio ha un profumo di panna, vaniglia, frutta e farina.",data/data/images_flat/2018-2019_Trentingrana__2018-10-31__P5a_323_fetta.bmp
Il formaggio ha un sapore equilibrato con leggera nota di amaro.,Il formaggio ha un profumo leggermente difettoso.,data/data/images_flat/2018-2019_Trentingrana__2018-10-31__P5a_323_fetta.bmp
Il formaggio presenta una texture asciutta.,Il formaggio ha un profumo di crosta e cotto.,data/data/images_flat/2018-2019_Trentingrana__2018-10-31__P5a_323_fetta.bmp
Il formaggio ha un profumo di leggera fermentazione.,"Il formaggio ha un profumo di stalla, formaggio cotto e burro con intensità discreta.",data/data/images_flat/2018-2019_Trentingrana__2018-10-31__P5a_323_fetta.bmp
"La pasta del formaggio presenta una frattura caratterizzata da avvallamenti, zona stirata e microocchiatura fitta al centro.","Il formaggio ha un profumo di note fermentative, insilato e kiwi maturo.",data/data/images_flat/2018-2019_Trentingrana__2018-10-31__P5a_323_fetta.bmp
La crosta del formaggio presenta un colore di fondo carico e poco contrasto.,Il formaggio ha un profumo animale e stallatico.,data/data/images_flat/2018-2019_Trentingrana__2018-10-31__P5a_323_fetta.bmp
La pasta del formaggio presenta una frattura regolare e grana fine.,"Il formaggio ha un sapore con dolcezza evidente, umami marcato e piccantezza equilibrata.",data/data/images_flat/2018-2019_Trentingrana__2018-10-31__P5a_323_fetta.bmp
Il formaggio ha un profumo di leggera fermentazione.,Il formaggio ha un sapore neutro.,data/data/images_flat/2018-2019_Trentingrana__2018-10-31__P5a_323_fetta.bmp
Il formaggio presenta una texture asciutta.,Il formaggio ha un sapore umami e dolce.,data/data/images_flat/2018-2019_Trentingrana__2018-10-31__P5a_323_fetta.bmp
"Il formaggio presenta una texture compatta, poco friabile e deformabile.",Il formaggio ha un sapore equilibrato e dolce.,data/data/images_flat/2018-2019_Trentingrana__2018-10-31__P5a_323_fetta.bmp
La crosta del formaggio è mediamente spessa.,Il formaggio ha un sapore equilibrato con intensità contenuta.,data/data/images_flat/2018-2019_Trentingrana__2018-10-31__P5a_323_fetta.bmp
La pasta del formaggio presenta una frattura regolare e grana fine.,"Il formaggio ha un sapore medio, equilibrato, con note dolciastre.",data/data/images_flat/2018-2019_Trentingrana__2018-10-31__P5a_323_fetta.bmp
Il formaggio presenta una texture pastosa e poco solubile.,Il formaggio ha un sapore amaro.,data/data/images_flat/2018-2019_Trentingrana__2018-10-31__P5a_323_fetta.bmp
Il formaggio ha un sapore acido.,Il formaggio ha un aroma non sempre pulito con note tipiche affiancate a note animali poco gradevoli su alcune porzioni.,data/data/images_flat/2018-2019_Trentingrana__2018-10-31__P5a_323_fetta.bmp
Il formaggio ha un profumo di leggera fermentazione.,Il formaggio ha un aroma molto neutro.,data/data/images_flat/2018-2019_Trentingrana__2018-10-31__P5a_323_fetta.bmp
Il formaggio ha un profumo di leggera fermentazione.,Il formaggio ha un aroma vegetale.,data/data/images_flat/2018-2019_Trentingrana__2018-10-31__P5a_323_fetta.bmp
La pasta del formaggio è stirata al centro con struttura fine nelle zone non stirate.,Il formaggio ha un aroma poco caratteristico e poco intenso.,data/data/images_flat/2018-2019_Trentingrana__2018-10-31__P5a_323_fetta.bmp
Il formaggio ha un profumo molto leggero con sentore di cotto.,Il formaggio ha un aroma cotto.,data/data/images_flat/2018-2019_Trentingrana__2018-10-31__P5a_323_fetta.bmp
"La pasta del formaggio è stirata al centro, con grana grossa.",Il formaggio ha un aroma di stalla.,data/data/images_flat/2018-2019_Trentingrana__2018-10-31__P5a_323_fetta.bmp
Il formaggio ha un sapore salato.,Il formaggio ha un aroma di burro e brodo vegetale.,data/data/images_flat/2018-2019_Trentingrana__2018-10-31__P5a_323_fetta.bmp
Il formaggio ha un sapore equilibrato con note dolci.,"Il formaggio presenta una texture granulosa, solubile e abbastanza asciutta.",data/data/images_flat/2018-2019_Trentingrana__2018-10-31__P5a_323_fetta.bmp
"Il formaggio presenta una texture compatta, poco friabile, poco solubile e che impasta la bocca.",Il formaggio presenta una texture senza struttura e cristalli.,data/data/images_flat/2018-2019_Trentingrana__2018-10-31__P5a_323_fetta.bmp
La pasta del formaggio presenta un colore carico al centro.,"Il formaggio ha una texture che impasta, asciutta, poco granulosa e poco solubile, con qualche cristallo.",data/data/images_flat/2018-2019_Trentingrana__2018-10-31__P5a_323_fetta.bmp
Il formaggio presenta una texture asciutta.,"Il formaggio presenta una texture pastosa in bocca, poco solubile.",data/data/images_flat/2018-2019_Trentingrana__2018-10-31__P5a_323_fetta.bmp
La crosta del formaggio è mediamente spessa.,"Il formaggio presenta una texture compatta, leggermente adesiva, poco friabile e poco solubile.",data/data/images_flat/2018-2019_Trentingrana__2018-10-31__P5a_323_fetta.bmp
"Il formaggio ha un sapore equilibrato, non dolce.",Il formaggio presenta una texture pastosa con cristalli.,data/data/images_flat/2018-2019_Trentingrana__2018-10-31__P5a_323_fetta.bmp
La pasta del formaggio presenta un alone centrale molto scuro e zona laterale verdognola.,"Il formaggio presenta una texture a grana fine, asciutta e pastosa, morbida.",data/data/images_flat/2018-2019_Trentingrana__2018-10-31__P5a_323_fetta.bmp
La pasta del formaggio presenta un colore non omogeneo e alone.,Il formaggio presenta una texture troppo morbida e poco strutturata.,data/data/images_flat/2018-2019_Trentingrana__2018-10-31__P5a_323_fetta.bmp
"La pasta del formaggio è stirata al centro, con frattura irregolare e struttura compatta.","Il formaggio presenta una texture asciutta, troppo pastosa e poco friabile, con cristalli medi.",data/data/images_flat/2018-2019_Trentingrana__2018-10-31__P5a_323_fetta.bmp
La pasta del formaggio è di colore giallo medio tendente al giallo carico.,Il formaggio presenta una texture dura ma cedevole.,data/data/images_flat/2018-2019_Trentingrana__2018-10-31__P5a_323_fetta.bmp
"La pasta del formaggio è stirata al centro, con struttura fine nelle zone non stirate.","La crosta del formaggio è mediamente spessa, evidente.",data/data/images_flat/2018-2019_Trentingrana__2018-10-31__P5a_323_fetta.bmp
La pasta del formaggio presenta un colore non omogeneo.,La crosta del formaggio è mediamente spessa.,data/data/images_flat/2018-2019_Trentingrana__2018-10-31__P5a_323_fetta.bmp
"Il formaggio ha un sapore scarno, non dolce.","La crosta del formaggio è spessa, con spessore superiore al medio.",data/data/images_flat/2018-2019_Trentingrana__2018-10-31__P5a_323_fetta.bmp
"La pasta del formaggio presenta una frattura abbastanza regolare, struttura stirata a tratti, qualche zona tendente allo stirato.",La crosta del formaggio presenta una parte piatta sottile e lato abbastanza spesso.,data/data/images_flat/2018-2019_Trentingrana__2018-10-31__P5a_323_fetta.bmp
"La pasta del formaggio è stirata al centro, con struttura fine nelle zone non stirate.",La crosta del formaggio è mediamente spessa.,data/data/images_flat/2018-2019_Trentingrana__2018-10-31__P5a_323_fetta.bmp
Il formaggio ha un sapore equilibrato tra le diverse note.,La crosta del formaggio presenta un difetto che dall'esterno entra nell'unghia.,data/data/images_flat/2018-2019_Trentingrana__2018-10-31__P5a_323_fetta.bmp
La crosta del formaggio presenta una sottocrosta grigiastra su un lato e di colore disomogeneo.,La crosta del formaggio è spessa.,data/data/images_flat/2018-2019_Trentingrana__2018-10-31__P5a_323_fetta.bmp
Il formaggio ha un sapore salato.,"La crosta del formaggio è molto variabile, da parte piatta a scalzi, con spessore medio.",data/data/images_flat/2018-2019_Trentingrana__2018-10-31__P5a_323_fetta.bmp
Il formaggio ha un profumo di buona intensità con sentore di nostrano.,La crosta del formaggio presenta spigoli pronunciati e superficie grossolana.,data/data/images_flat/2018-2019_Trentingrana__2018-10-31__P5a_323_fetta.bmp
"Il formaggio ha un sapore equilibrato, leggermente salato e piccante.",La pasta del formaggio è mista con parte centrale stirata.,data/data/images_flat/2018-2019_Trentingrana__2018-10-31__P5a_323_fetta.bmp
La pasta del formaggio presenta una microocchiatura.,La pasta del formaggio presenta una frattura regolare ma struttura disomogenea e zone stirate.,data/data/images_flat/2018-2019_Trentingrana__2018-10-31__P5a_323_fetta.bmp
La crosta del formaggio presenta uno spessore a tratti sottile.,La pasta del formaggio è disomogenea con stiratura al centro e struttura assente in alcuni punti.,data/data/images_flat/2018-2019_Trentingrana__2018-10-31__P5a_323_fetta.bmp
La pasta del formaggio presenta un alone centrale molto scuro.,La pasta del formaggio è molto stirata con scarsa grana.,data/data/images_flat/2018-2019_Trentingrana__2018-10-31__P5a_323_fetta.bmp
Il formaggio ha un sapore salato.,La pasta del formaggio è stirata.,data/data/images_flat/2018-2019_Trentingrana__2018-10-31__P5a_323_fetta.bmp
La crosta del formaggio presenta una sottocrosta grigiastra su sfondo molto carico.,"La pasta del formaggio è spinosa e stirata, senza grana.",data/data/images_flat/2018-2019_Trentingrana__2018-10-31__P5a_323_fetta.bmp
"La pasta del formaggio presenta una frattura irregolare, struttura omogenea e grana fine.",La pasta del formaggio è stirata e poca grana a tratti.,data/data/images_flat/2018-2019_Trentingrana__2018-10-31__P5a_323_fetta.bmp
La pasta del formaggio è stirata al centro.,La pasta del formaggio è stirata e difettosa.,data/data/images_flat/2018-2019_Trentingrana__2018-10-31__P5a_323_fetta.bmp
La pasta del formaggio presenta un alone centrale molto scuro e zona laterale verdognola.,La pasta del formaggio è leggermente stirata con grana grossolana.,data/data/images_flat/2018-2019_Trentingrana__2018-10-31__P5a_323_fetta.bmp
La pasta del formaggio è stirata al centro.,"La pasta del formaggio è stirata poco presente, con pochi occhi.",data/data/images_flat/2018-2019_Trentingrana__2018-10-31__P5a_323_fetta.bmp
"La pasta del formaggio presenta una frattura irregolare e grana grandiosav, microocchiature centrali.",La pasta del formaggio presenta un alone centrale molto evidente.,data/data/images_flat/2018-2019_Trentingrana__2018-10-31__P5a_323_fetta.bmp
Il formaggio ha un sapore equilibrato tra le diverse note.,La pasta del formaggio presenta un evidente alone scuro.,data/data/images_flat/2018-2019_Trentingrana__2018-10-31__P5a_323_fetta.bmp
La pasta del formaggio presenta un alone centrale molto carico.,La pasta del formaggio è bicolore con colore molto saturo al centro.,data/data/images_flat/2018-2019_Trentingrana__2018-10-31__P5a_323_fetta.bmp
Il formaggio ha un sapore equilibrato con note dolci.,La pasta del formaggio presenta un'ampia macchia interna rosata.,data/data/images_flat/2018-2019_Trentingrana__2018-10-31__P5a_323_fetta.bmp
Il formaggio presenta una texture asciutta.,La pasta del formaggio presenta un alone centrale.,data/data/images_flat/2018-2019_Trentingrana__2018-10-31__P5a_323_fetta.bmp
La crosta del formaggio presenta uno spessore variabile: più evidente sulla parte piatta.,La pasta del formaggio presenta un alone centrale marcato.,data/data/images_flat/2018-2019_Trentingrana__2018-10-31__P5a_323_fetta.bmp
La pasta del formaggio è di colore giallo chiaro con alone centrale.,La pasta del formaggio presenta un vistoso alone centrale più scuro.,data/data/images_flat/2018-2019_Trentingrana__2018-10-31__P5a_323_fetta.bmp
Il formaggio ha un profumo di ananas e caramello.,La pasta del formaggio presenta un deciso alone centrale aranciato.,data/data/images_flat/2018-2019_Trentingrana__2018-10-31__P5a_323_fetta.bmp
"La pasta del formaggio presenta una frattura irregolare, grana pronunciata e microocchiatura.",La pasta del formaggio presenta un evidente alone centrale di colore nocciola.,data/data/images_flat/2018-2019_Trentingrana__2018-10-31__P5a_323_fetta.bmp
Il formaggio ha un profumo di leggera tostatura prevalente.,La pasta del formaggio presenta un alone centrale marcato.,data/data/images_flat/2018-2019_Trentingrana__2018-10-31__P5a_323_fetta.bmp
La crosta del formaggio è mediamente spessa.,La pasta del formaggio presenta una macchia molto scura al centro.,data/data/images_flat/2018-2019_Trentingrana__2018-10-31__P5a_323_fetta.bmp
La pasta del formaggio presenta un alone centrale molto scuro.,"Il formaggio ha un profumo non particolarmente intenso, piatto, con note animali e di paglia, a tratti di acqua ristagnante.",data/data/images_flat/2018-2019_Trentingrana__2018-10-31__P5b_323_fetta.bmp
Il formaggio ha un profumo di cavolo cotto.,Il formaggio ha un profumo di burro fuso e latte.,data/data/images_flat/2018-2019_Trentingrana__2018-10-31__P5b_323_fetta.bmp
La crosta del formaggio presenta una sottocrosta grigiastra su sfondo molto carico.,"Il formaggio ha un profumo molto delicato, quasi impercettibile.",data/data/images_flat/2018-2019_Trentingrana__2018-10-31__P5b_323_fetta.bmp
La pasta del formaggio è leggermente stirata in zona centrale con microocchiatura.,"Il formaggio ha un profumo di panna, vaniglia, frutta e farina.",data/data/images_flat/2018-2019_Trentingrana__2018-10-31__P5b_323_fetta.bmp
"La pasta del formaggio è stirata al centro, con grana grossa ma struttura.",Il formaggio ha un profumo leggermente difettoso.,data/data/images_flat/2018-2019_Trentingrana__2018-10-31__P5b_323_fetta.bmp
La pasta del formaggio presenta un colore carico al centro.,Il formaggio ha un profumo di crosta e cotto.,data/data/images_flat/2018-2019_Trentingrana__2018-10-31__P5b_323_fetta.bmp
"Il formaggio ha un sapore scarno e povero, con scarsa salinità.","Il formaggio ha un profumo di stalla, formaggio cotto e burro con intensità discreta.",data/data/images_flat/2018-2019_Trentingrana__2018-10-31__P5b_323_fetta.bmp
La pasta del formaggio presenta un alone centrale molto carico.,"Il formaggio ha un profumo di note fermentative, insilato e kiwi maturo.",data/data/images_flat/2018-2019_Trentingrana__2018-10-31__P5b_323_fetta.bmp
La pasta del formaggio presenta un alone centrale scuro.,Il formaggio ha un profumo animale e stallatico.,data/data/images_flat/2018-2019_Trentingrana__2018-10-31__P5b_323_fetta.bmp
La pasta del formaggio presenta un colore carico al centro.,"Il formaggio ha un sapore con dolcezza evidente, umami marcato e piccantezza equilibrata.",data/data/images_flat/2018-2019_Trentingrana__2018-10-31__P5b_323_fetta.bmp
Il formaggio ha un profumo di leggera fermentazione.,Il formaggio ha un sapore neutro.,data/data/images_flat/2018-2019_Trentingrana__2018-10-31__P5b_323_fetta.bmp
Il formaggio ha un sapore eccessivamente salato.,Il formaggio ha un sapore umami e dolce.,data/data/images_flat/2018-2019_Trentingrana__2018-10-31__P5b_323_fetta.bmp
"Il formaggio presenta una texture morbida al morso, estremamente friabile, con struttura stirata e di microstruttura grossolana.",Il formaggio ha un sapore equilibrato e dolce.,data/data/images_flat/2018-2019_Trentingrana__2018-10-31__P5b_323_fetta.bmp
La pasta del formaggio presenta un colore carico al centro.,Il formaggio ha un sapore equilibrato con intensità contenuta.,data/data/images_flat/2018-2019_Trentingrana__2018-10-31__P5b_323_fetta.bmp
Il formaggio ha un profumo di cavolo cotto.,"Il formaggio ha un sapore medio, equilibrato, con note dolciastre.",data/data/images_flat/2018-2019_Trentingrana__2018-10-31__P5b_323_fetta.bmp
La pasta del formaggio presenta una microocchiatura.,Il formaggio ha un sapore amaro.,data/data/images_flat/2018-2019_Trentingrana__2018-10-31__P5b_323_fetta.bmp
Il formaggio ha un profumo di gomma bruciata.,Il formaggio ha un aroma non sempre pulito con note tipiche affiancate a note animali poco gradevoli su alcune porzioni.,data/data/images_flat/2018-2019_Trentingrana__2018-10-31__P5b_323_fetta.bmp
Il formaggio ha un profumo di latte cotto con sentore di muffa.,Il formaggio ha un aroma molto neutro.,data/data/images_flat/2018-2019_Trentingrana__2018-10-31__P5b_323_fetta.bmp
Il formaggio ha un sapore salato.,Il formaggio ha un aroma vegetale.,data/data/images_flat/2018-2019_Trentingrana__2018-10-31__P5b_323_fetta.bmp
Il formaggio ha un sapore equilibrato con note dolci.,Il formaggio ha un aroma poco caratteristico e poco intenso.,data/data/images_flat/2018-2019_Trentingrana__2018-10-31__P5b_323_fetta.bmp
Il formaggio ha un profumo di leggera fermentazione.,Il formaggio ha un aroma cotto.,data/data/images_flat/2018-2019_Trentingrana__2018-10-31__P5b_323_fetta.bmp
La pasta del formaggio presenta una leggera microocchiatura.,Il formaggio ha un aroma di stalla.,data/data/images_flat/2018-2019_Trentingrana__2018-10-31__P5b_323_fetta.bmp
Il formaggio ha un profumo di latte cotto con note mature e fieno.,Il formaggio ha un aroma di burro e brodo vegetale.,data/data/images_flat/2018-2019_Trentingrana__2018-10-31__P5b_323_fetta.bmp
Il formaggio ha un profumo di cavolo cotto.,"Il formaggio presenta una texture granulosa, solubile e abbastanza asciutta.",data/data/images_flat/2018-2019_Trentingrana__2018-10-31__P5b_323_fetta.bmp
Il formaggio ha un sapore leggermente amaro.,Il formaggio presenta una texture senza struttura e cristalli.,data/data/images_flat/2018-2019_Trentingrana__2018-10-31__P5b_323_fetta.bmp
"Il formaggio presenta una texture umida, pastosa e quasi liquefabile.","Il formaggio ha una texture che impasta, asciutta, poco granulosa e poco solubile, con qualche cristallo.",data/data/images_flat/2018-2019_Trentingrana__2018-10-31__P5b_323_fetta.bmp
Il formaggio presenta una texture mediamente umida.,"Il formaggio presenta una texture pastosa in bocca, poco solubile.",data/data/images_flat/2018-2019_Trentingrana__2018-10-31__P5b_323_fetta.bmp
La crosta del formaggio presenta un colore di fondo carico e poco contrastante.,"Il formaggio presenta una texture compatta, leggermente adesiva, poco friabile e poco solubile.",data/data/images_flat/2018-2019_Trentingrana__2018-10-31__P5b_323_fetta.bmp
"Il formaggio presenta una texture asciutta, poco solubile, lascia residuo.",Il formaggio presenta una texture pastosa con cristalli.,data/data/images_flat/2018-2019_Trentingrana__2018-10-31__P5b_323_fetta.bmp
"La pasta del formaggio presenta una frattura regolare, struttura granulosa e una fessura.","Il formaggio presenta una texture a grana fine, asciutta e pastosa, morbida.",data/data/images_flat/2018-2019_Trentingrana__2018-10-31__P5b_323_fetta.bmp
Il formaggio ha un sapore equilibrato tra le diverse note.,Il formaggio presenta una texture troppo morbida e poco strutturata.,data/data/images_flat/2018-2019_Trentingrana__2018-10-31__P5b_323_fetta.bmp
Il formaggio ha un sapore poco salato.,"Il formaggio presenta una texture asciutta, troppo pastosa e poco friabile, con cristalli medi.",data/data/images_flat/2018-2019_Trentingrana__2018-10-31__P5b_323_fetta.bmp
La crosta del formaggio presenta un'unghia spessa.,Il formaggio presenta una texture dura ma cedevole.,data/data/images_flat/2018-2019_Trentingrana__2018-10-31__P5b_323_fetta.bmp
La crosta del formaggio presenta un colore di fondo carico e poco contrastante.,"La crosta del formaggio è mediamente spessa, evidente.",data/data/images_flat/2018-2019_Trentingrana__2018-10-31__P5b_323_fetta.bmp
La pasta del formaggio presenta una leggera stiratura.,La crosta del formaggio è mediamente spessa.,data/data/images_flat/2018-2019_Trentingrana__2018-10-31__P5b_323_fetta.bmp
Il formaggio ha un profumo di latte cotto con note mature e crosta.,"La crosta del formaggio è spessa, con spessore superiore al medio.",data/data/images_flat/2018-2019_Trentingrana__2018-10-31__P5b_323_fetta.bmp
"Il formaggio ha un profumo di cacao, caffè, caramello e latte cotto.",La crosta del formaggio presenta una parte piatta sottile e lato abbastanza spesso.,data/data/images_flat/2018-2019_Trentingrana__2018-10-31__P5b_323_fetta.bmp
"Il formaggio presenta una texture umida, molle e quasi senza grana.",La crosta del formaggio è mediamente spessa.,data/data/images_flat/2018-2019_Trentingrana__2018-10-31__P5b_323_fetta.bmp
La crosta del formaggio presenta una sottocrosta grigiastra su sfondo molto carico.,La crosta del formaggio presenta un difetto che dall'esterno entra nell'unghia.,data/data/images_flat/2018-2019_Trentingrana__2018-10-31__P5b_323_fetta.bmp
"Il formaggio presenta una texture molto umida, solubile e poco granulosa.",La crosta del formaggio è spessa.,data/data/images_flat/2018-2019_Trentingrana__2018-10-31__P5b_323_fetta.bmp
Il formaggio ha un profumo di cavolo cotto.,"La crosta del formaggio è molto variabile, da parte piatta a scalzi, con spessore medio.",data/data/images_flat/2018-2019_Trentingrana__2018-10-31__P5b_323_fetta.bmp
"Il formaggio presenta una texture morbida, granulosa, che impasta la bocca, con qualche cristallo ma lascia residuo.",La crosta del formaggio presenta spigoli pronunciati e superficie grossolana.,data/data/images_flat/2018-2019_Trentingrana__2018-10-31__P5b_323_fetta.bmp
"Il formaggio presenta una texture umida, poco granulosa e poco solubile.",La pasta del formaggio è mista con parte centrale stirata.,data/data/images_flat/2018-2019_Trentingrana__2018-10-31__P5b_323_fetta.bmp
La pasta del formaggio è stirata al centro.,La pasta del formaggio presenta una frattura regolare ma struttura disomogenea e zone stirate.,data/data/images_flat/2018-2019_Trentingrana__2018-10-31__P5b_323_fetta.bmp
Il formaggio ha un profumo di buona intensità con sentore di muffa.,La pasta del formaggio è disomogenea con stiratura al centro e struttura assente in alcuni punti.,data/data/images_flat/2018-2019_Trentingrana__2018-10-31__P5b_323_fetta.bmp
Il formaggio ha un sapore amaro.,La pasta del formaggio è molto stirata con scarsa grana.,data/data/images_flat/2018-2019_Trentingrana__2018-10-31__P5b_323_fetta.bmp
Il formaggio ha un profumo di nocciola.,La pasta del formaggio è stirata.,data/data/images_flat/2018-2019_Trentingrana__2018-10-31__P5b_323_fetta.bmp
La pasta del formaggio è granulosa.,"La pasta del formaggio è spinosa e stirata, senza grana.",data/data/images_flat/2018-2019_Trentingrana__2018-10-31__P5b_323_fetta.bmp
La pasta del formaggio presenta una microocchiatura.,La pasta del formaggio è stirata e poca grana a tratti.,data/data/images_flat/2018-2019_Trentingrana__2018-10-31__P5b_323_fetta.bmp
Il formaggio ha un profumo di gomma bruciata.,La pasta del formaggio è stirata e difettosa.,data/data/images_flat/2018-2019_Trentingrana__2018-10-31__P5b_323_fetta.bmp
"Il formaggio presenta una texture umida, morbida, che impasta la bocca, con qualche cristallo.",La pasta del formaggio è leggermente stirata con grana grossolana.,data/data/images_flat/2018-2019_Trentingrana__2018-10-31__P5b_323_fetta.bmp
"Il formaggio presenta una texture umida, molle, poco granulosa e quasi sabbiosa.","La pasta del formaggio è stirata poco presente, con pochi occhi.",data/data/images_flat/2018-2019_Trentingrana__2018-10-31__P5b_323_fetta.bmp
La pasta del formaggio è grossolana e disomogenea.,La pasta del formaggio presenta un alone centrale molto evidente.,data/data/images_flat/2018-2019_Trentingrana__2018-10-31__P5b_323_fetta.bmp
Il formaggio presenta una texture asciutta.,La pasta del formaggio presenta un evidente alone scuro.,data/data/images_flat/2018-2019_Trentingrana__2018-10-31__P5b_323_fetta.bmp
Il formaggio ha un sapore scarno e poco salato.,La pasta del formaggio è bicolore con colore molto saturo al centro.,data/data/images_flat/2018-2019_Trentingrana__2018-10-31__P5b_323_fetta.bmp
Il formaggio ha un sapore leggermente salato.,La pasta del formaggio presenta un'ampia macchia interna rosata.,data/data/images_flat/2018-2019_Trentingrana__2018-10-31__P5b_323_fetta.bmp
La crosta del formaggio è mediamente spessa.,La pasta del formaggio presenta un alone centrale.,data/data/images_flat/2018-2019_Trentingrana__2018-10-31__P5b_323_fetta.bmp
Il formaggio ha un profumo di stalla.,La pasta del formaggio presenta un alone centrale marcato.,data/data/images_flat/2018-2019_Trentingrana__2018-10-31__P5b_323_fetta.bmp
La crosta del formaggio è mediamente spessa.,La pasta del formaggio presenta un vistoso alone centrale più scuro.,data/data/images_flat/2018-2019_Trentingrana__2018-10-31__P5b_323_fetta.bmp
Il formaggio ha un profumo di stalla e insilato.,La pasta del formaggio presenta un deciso alone centrale aranciato.,data/data/images_flat/2018-2019_Trentingrana__2018-10-31__P5b_323_fetta.bmp
Il formaggio ha un profumo di caramello e latte cotto.,La pasta del formaggio presenta un evidente alone centrale di colore nocciola.,data/data/images_flat/2018-2019_Trentingrana__2018-10-31__P5b_323_fetta.bmp
Il formaggio ha un sapore eccessivamente salato.,La pasta del formaggio presenta un alone centrale marcato.,data/data/images_flat/2018-2019_Trentingrana__2018-10-31__P5b_323_fetta.bmp
Il formaggio presenta una texture molto umida.,La pasta del formaggio presenta una macchia molto scura al centro.,data/data/images_flat/2018-2019_Trentingrana__2018-10-31__P5b_323_fetta.bmp
La crosta del formaggio è di colore molto carico.,Il formaggio ha un profumo intenso e equilibrato con note lattiche cotte e di brodo.,data/data/images_flat/2018-2019_Trentingrana__2018-10-31__P6a_330_fetta.bmp
"La pasta del formaggio è fine e stirata al centro, con frattura irregolare.",Il formaggio ha un profumo leggero di ossidato e di erba fermentata.,data/data/images_flat/2018-2019_Trentingrana__2018-10-31__P6a_330_fetta.bmp
La pasta del formaggio è granulosa.,Il formaggio ha un profumo di panna e burro.,data/data/images_flat/2018-2019_Trentingrana__2018-10-31__P6a_330_fetta.bmp
Il formaggio presenta una texture poco solubile e che si impasta in bocca.,Il formaggio ha un profumo leggero di stalla.,data/data/images_flat/2018-2019_Trentingrana__2018-10-31__P6a_330_fetta.bmp
La crosta del formaggio è sfumata e mediamente spessa.,"Il formaggio ha un profumo di latte e grana con poco fruttato, non intensi.",data/data/images_flat/2018-2019_Trentingrana__2018-10-31__P6a_330_fetta.bmp
Il formaggio ha un sapore acido prevalente.,Il formaggio ha un profumo di vegetali fermentati.,data/data/images_flat/2018-2019_Trentingrana__2018-10-31__P6a_330_fetta.bmp
Il formaggio ha un aroma di burro fuso e formaggio cotto.,Il formaggio ha un sapore dolce sapido con sapidità contenuta e umami equilibrato.,data/data/images_flat/2018-2019_Trentingrana__2018-10-31__P6a_330_fetta.bmp
"Il formaggio ha un sapore acido, umami e leggermente piccante.",Il formaggio ha un sapore con eccesso di umami.,data/data/images_flat/2018-2019_Trentingrana__2018-10-31__P6a_330_fetta.bmp
La crosta del formaggio è di colore chiaro.,Il formaggio ha un sapore leggermente amaro e salato.,data/data/images_flat/2018-2019_Trentingrana__2018-10-31__P6a_330_fetta.bmp
La pasta del formaggio è striata al centro.,Il formaggio ha un sapore salato e leggermente piccante al finale.,data/data/images_flat/2018-2019_Trentingrana__2018-10-31__P6a_330_fetta.bmp
Il formaggio presenta una texture compatta.,"Il formaggio ha un sapore non equilibrato, salato e amaro.",data/data/images_flat/2018-2019_Trentingrana__2018-10-31__P6a_330_fetta.bmp
Il formaggio presenta una texture poco solubile.,Il formaggio ha un sapore piccante e amarognolo.,data/data/images_flat/2018-2019_Trentingrana__2018-10-31__P6a_330_fetta.bmp
Il formaggio ha un sapore eccessivamente salato.,Il formaggio ha un sapore salato.,data/data/images_flat/2018-2019_Trentingrana__2018-10-31__P6a_330_fetta.bmp
Il formaggio ha un sapore privo di salato.,Il formaggio ha un sapore medio e equilibrato.,data/data/images_flat/2018-2019_Trentingrana__2018-10-31__P6a_330_fetta.bmp
Il formaggio presenta una texture asciutta.,"Il formaggio ha un aroma poco complesso e piatto, di burro fuso e brodo.",data/data/images_flat/2018-2019_Trentingrana__2018-10-31__P6a_330_fetta.bmp
Il formaggio ha un aroma di fumo.,Il formaggio ha un aroma di umami.,data/data/images_flat/2018-2019_Trentingrana__2018-10-31__P6a_330_fetta.bmp
Il formaggio ha un sapore poco salato.,Il formaggio ha un aroma fermentato.,data/data/images_flat/2018-2019_Trentingrana__2018-10-31__P6a_330_fetta.bmp
"Il formaggio presenta una texture granulosa, asciutta, con cristalli che lasciano un poco di residuo.",Il formaggio ha un aroma di crosta di pane e latte cotto.,data/data/images_flat/2018-2019_Trentingrana__2018-10-31__P6a_330_fetta.bmp
La crosta del formaggio presenta un colore di fondo carico e poco contrasto.,Il formaggio ha un aroma di stalla e crosta.,data/data/images_flat/2018-2019_Trentingrana__2018-10-31__P6a_330_fetta.bmp
La crosta del formaggio è più spessa sulla parte piatta.,Il formaggio ha un aroma medio con retrogusto che ricorda altri formaggi più che il grana.,data/data/images_flat/2018-2019_Trentingrana__2018-10-31__P6a_330_fetta.bmp
"Il formaggio ha un sapore scarno e povero, con scarsa salinità.","Il formaggio presenta una texture leggermente umida, solubile, compatta e mediamente granulosa.",data/data/images_flat/2018-2019_Trentingrana__2018-10-31__P6a_330_fetta.bmp
La crosta del formaggio presenta un colore di fondo carico e poco contrasto.,Il formaggio presenta una texture con pochi microcristalli e granella.,data/data/images_flat/2018-2019_Trentingrana__2018-10-31__P6a_330_fetta.bmp
Il formaggio ha un sapore leggermente salato e piccante.,"Il formaggio presenta una texture pastosa, asciutta, poco solubile, con qualche cristallo.",data/data/images_flat/2018-2019_Trentingrana__2018-10-31__P6a_330_fetta.bmp
Il formaggio ha un aroma di brodo animale.,"Il formaggio presenta una texture pastosa, poco solubile e molle sotto i denti.",data/data/images_flat/2018-2019_Trentingrana__2018-10-31__P6a_330_fetta.bmp
"Il formaggio ha un sapore scarno e povero, con scarsa salate.",Il formaggio presenta una texture granulosa in finale.,data/data/images_flat/2018-2019_Trentingrana__2018-10-31__P6a_330_fetta.bmp
Il formaggio ha un profumo di fumo con note non identificate sgradevoli.,Il formaggio presenta una texture gommosa.,data/data/images_flat/2018-2019_Trentingrana__2018-10-31__P6a_330_fetta.bmp
La crosta del formaggio è mediamente spessa.,"Il formaggio presenta una texture moderatamente dura, pastosa e asciutta, granulosa.",data/data/images_flat/2018-2019_Trentingrana__2018-10-31__P6a_330_fetta.bmp
Il formaggio presenta una texture poco solubile e farinosa.,"Il formaggio presenta una texture con microcristalli, leggermente morbida.",data/data/images_flat/2018-2019_Trentingrana__2018-10-31__P6a_330_fetta.bmp
"Il formaggio ha un profumo di fumo, poi di grana.","Il formaggio presenta una texture dura, buona presenza di granuli e umidità equilibrata.",data/data/images_flat/2018-2019_Trentingrana__2018-10-31__P6a_330_fetta.bmp
Il formaggio presenta una texture asciutta.,La crosta del formaggio presenta uno spessore sottile sulla parte piatta e spigoli mediamente spessi.,data/data/images_flat/2018-2019_Trentingrana__2018-10-31__P6a_330_fetta.bmp
La crosta del formaggio è più sottile sulla parte piatta.,La crosta del formaggio è mediamente spessa.,data/data/images_flat/2018-2019_Trentingrana__2018-10-31__P6a_330_fetta.bmp
Il formaggio ha un sapore privo di salato.,La crosta del formaggio presenta uno spessore a tratti sottile.,data/data/images_flat/2018-2019_Trentingrana__2018-10-31__P6a_330_fetta.bmp
Il formaggio presenta una texture pastosa.,"La crosta del formaggio è spessa sul lato, parte piatta regolare.",data/data/images_flat/2018-2019_Trentingrana__2018-10-31__P6a_330_fetta.bmp
Il formaggio ha un aroma di provolone.,La crosta del formaggio presenta uno spessore variabile: più marcato sotto lo scalzo e la parte piatta.,data/data/images_flat/2018-2019_Trentingrana__2018-10-31__P6a_330_fetta.bmp
La pasta del formaggio presenta una leggera stiratura.,La crosta del formaggio è leggermente più spessa della media.,data/data/images_flat/2018-2019_Trentingrana__2018-10-31__P6a_330_fetta.bmp
La pasta del formaggio presenta una leggera microocchiatura.,La crosta del formaggio è mediamente spessa.,data/data/images_flat/2018-2019_Trentingrana__2018-10-31__P6a_330_fetta.bmp
Il formaggio ha un profumo di brodo vegetale.,"La crosta del formaggio presenta spigoli pronunciati, spessore superiore al mediamente spesso.",data/data/images_flat/2018-2019_Trentingrana__2018-10-31__P6a_330_fetta.bmp
Il formaggio ha un sapore acido e amaro.,La pasta del formaggio presenta una frattura mista tra regolare e simil stirata al centro.,data/data/images_flat/2018-2019_Trentingrana__2018-10-31__P6a_330_fetta.bmp
Il formaggio presenta una texture con leggera sabbiosità finale.,"La pasta del formaggio presenta una frattura regolare, microocchiatura inferiore, struttura irregolare al centro con stiratura, zona spugnosa sotto lo scalzo e qualche frattura.",data/data/images_flat/2018-2019_Trentingrana__2018-10-31__P6a_330_fetta.bmp
Il formaggio ha un aroma di erbe amare.,La pasta del formaggio è stirata al centro con fasci grossi.,data/data/images_flat/2018-2019_Trentingrana__2018-10-31__P6a_330_fetta.bmp
La crosta del formaggio presenta un colore di fondo carico e poco contrastante.,La pasta del formaggio è poco strutturata e molto pressata.,data/data/images_flat/2018-2019_Trentingrana__2018-10-31__P6a_330_fetta.bmp
"Il formaggio ha un sapore scarno, manca umami e pienezza.",La pasta del formaggio presenta striature centrali e microocchiatura.,data/data/images_flat/2018-2019_Trentingrana__2018-10-31__P6a_330_fetta.bmp
Il formaggio ha un sapore poco salato.,La pasta del formaggio è dall'aspetto setato.,data/data/images_flat/2018-2019_Trentingrana__2018-10-31__P6a_330_fetta.bmp
La pasta del formaggio è quasi grossolana e quasi stirata.,La pasta del formaggio è stirata e fratturata.,data/data/images_flat/2018-2019_Trentingrana__2018-10-31__P6a_330_fetta.bmp
La crosta del formaggio è molto sottile.,"La pasta del formaggio presenta una frattura regolare, bella grana a tratti, leggermente stirata in alcuni punti, con area spugnosa sotto lo scalzo.",data/data/images_flat/2018-2019_Trentingrana__2018-10-31__P6a_330_fetta.bmp
Il formaggio ha un sapore leggermente piccante.,"La pasta del formaggio presenta piccola sfoglia, grana poco profilata e struttura stirata al centro.",data/data/images_flat/2018-2019_Trentingrana__2018-10-31__P6a_330_fetta.bmp
Il formaggio presenta una texture compatta.,"La pasta del formaggio è stirata con grana grossa, frattura omogenea e spaccatura.",data/data/images_flat/2018-2019_Trentingrana__2018-10-31__P6a_330_fetta.bmp
La crosta del formaggio presenta un colore di fondo carico e poco contrastante.,"La pasta del formaggio è stirata con grana grossolana, occhi fini, fessura al centro e zona spugnosa su un lato.",data/data/images_flat/2018-2019_Trentingrana__2018-10-31__P6a_330_fetta.bmp
Il formaggio presenta una texture compatta.,La pasta del formaggio presenta un alone centrale non carico.,data/data/images_flat/2018-2019_Trentingrana__2018-10-31__P6a_330_fetta.bmp
Il formaggio ha un profumo di latte cotto con note di nocciola e brodo di carne.,La pasta del formaggio è di colore chiaro con zona bianca sotto lo scalzo e alone centrale.,data/data/images_flat/2018-2019_Trentingrana__2018-10-31__P6a_330_fetta.bmp
Il formaggio presenta una texture compatta.,"La pasta del formaggio è di colore giallo paglierino chiarissimo verso lo scalzo, appena più carico al centro.",data/data/images_flat/2018-2019_Trentingrana__2018-10-31__P6a_330_fetta.bmp
Il formaggio ha un profumo di burro fuso con leggera nota pungente di crosta.,La pasta del formaggio presenta una macchia più scura al centro.,data/data/images_flat/2018-2019_Trentingrana__2018-10-31__P6a_330_fetta.bmp
Il formaggio ha un profumo di polvere.,La pasta del formaggio presenta un leggeri alone più carico in centro.,data/data/images_flat/2018-2019_Trentingrana__2018-10-31__P6a_330_fetta.bmp
Il formaggio presenta una texture molto pastosa.,"La pasta del formaggio è più chiara nella zona sottostante uno scalzo, con leggero alone.",data/data/images_flat/2018-2019_Trentingrana__2018-10-31__P6a_330_fetta.bmp
La pasta del formaggio presenta una bella struttura fine al centro e zona cie consistente.,La pasta del formaggio presenta un evidente alone centrale più scuro.,data/data/images_flat/2018-2019_Trentingrana__2018-10-31__P6a_330_fetta.bmp
La pasta del formaggio presenta una leggera microocchiatura.,La pasta del formaggio è tendente al chiaro e omogenea.,data/data/images_flat/2018-2019_Trentingrana__2018-10-31__P6a_330_fetta.bmp
Il formaggio ha un profumo di caramello e latte cotto.,La pasta del formaggio è di colore giallo carico tendenzialmente non uniforme.,data/data/images_flat/2018-2019_Trentingrana__2018-10-31__P6a_330_fetta.bmp
La crosta del formaggio è mediamente spessa.,Il formaggio ha un profumo di frutta matura con note di pozzo di scarico e sentore di topo morto.,data/data/images_flat/2018-2019_Trentingrana__2019-01-23__P3a_310_fetta.bmp
Il formaggio ha un sapore leggermente salato.,Il formaggio ha un profumo di bruciato e crosta.,data/data/images_flat/2018-2019_Trentingrana__2019-01-23__P3a_310_fetta.bmp
Il formaggio ha un profumo di panna e burro.,Il formaggio ha un profumo vegetale e cotto leggermente bruciato.,data/data/images_flat/2018-2019_Trentingrana__2019-01-23__P3a_310_fetta.bmp
Il formaggio ha un profumo di burro fuso e formaggio da panna.,Il formaggio ha un profumo difettoso.,data/data/images_flat/2018-2019_Trentingrana__2019-01-23__P3a_310_fetta.bmp
La pasta del formaggio presenta una frattura irregolare e grana fine distribuita omogeneamente.,Il formaggio ha un profumo molto debole con sentore di formaggio ossidato.,data/data/images_flat/2018-2019_Trentingrana__2019-01-23__P3a_310_fetta.bmp
La pasta del formaggio presenta una bella grana e microocchiatura diffusa.,Il formaggio ha un profumo di verdura lessa con note di cavolfiore e sentore animale di letame a intensità moderata.,data/data/images_flat/2018-2019_Trentingrana__2019-01-23__P3a_310_fetta.bmp
La pasta del formaggio presenta una frattura irregolare e grana fine distribuita omogeneamente.,Il formaggio ha un profumo fermentato con un poco di marcio.,data/data/images_flat/2018-2019_Trentingrana__2019-01-23__P3a_310_fetta.bmp
La crosta del formaggio è sottile.,Il formaggio ha un profumo di latte cotto e formaggio fritto.,data/data/images_flat/2018-2019_Trentingrana__2019-01-23__P3a_310_fetta.bmp
La crosta del formaggio è mediamente spessa.,"Il formaggio ha un profumo di burro sciolto e latte con panna, sentori maturi, buona intensità e poco di frutta secca tostata.",data/data/images_flat/2018-2019_Trentingrana__2019-01-23__P3a_310_fetta.bmp
La pasta del formaggio è leggermente stirata.,Il formaggio ha un profumo di brodo vegetale.,data/data/images_flat/2018-2019_Trentingrana__2019-01-23__P3a_310_fetta.bmp
Il formaggio presenta una texture con cristalli percettibili.,Il formaggio ha un sapore eccessivamente sapido.,data/data/images_flat/2018-2019_Trentingrana__2019-01-23__P3a_310_fetta.bmp
La crosta del formaggio è mediamente spessa.,Il formaggio ha un sapore leggermente salato.,data/data/images_flat/2018-2019_Trentingrana__2019-01-23__P3a_310_fetta.bmp
Il formaggio ha un profumo di panna.,Il formaggio ha un sapore non equilibrato e salato.,data/data/images_flat/2018-2019_Trentingrana__2019-01-23__P3a_310_fetta.bmp
Il formaggio presenta una texture poco solubile e dura.,Il formaggio ha un sapore leggermente piccante e salato.,data/data/images_flat/2018-2019_Trentingrana__2019-01-23__P3a_310_fetta.bmp
Il formaggio ha un profumo di latte cotto e panna.,Il formaggio ha un sapore piccante e forte.,data/data/images_flat/2018-2019_Trentingrana__2019-01-23__P3a_310_fetta.bmp
La pasta del formaggio è di colore giallo carico omogeneo.,Il formaggio ha un sapore salato e acido con una lieve nota amara al finale.,data/data/images_flat/2018-2019_Trentingrana__2019-01-23__P3a_310_fetta.bmp
"Il formaggio ha un profumo di burro fuso e latte cotto con note di crosta e frutta secca, leggermente ossidato.",Il formaggio ha un sapore acido e umami.,data/data/images_flat/2018-2019_Trentingrana__2019-01-23__P3a_310_fetta.bmp
"Il formaggio presenta una texture friabile, solubile, con cristalli ben percettibili.","Il formaggio ha un sapore poco umami, equilibrato, non dolce, con assenza di piccantezza.",data/data/images_flat/2018-2019_Trentingrana__2019-01-23__P3a_310_fetta.bmp
"Il formaggio presenta una texture morbida e friabile, microstruttura fine, tendente a impastare, cristalli percepibili e che impastare la bocca nel complesso solubile.",Il formaggio ha un sapore acido.,data/data/images_flat/2018-2019_Trentingrana__2019-01-23__P3a_310_fetta.bmp
Il formaggio ha un profumo di panna e burro.,"Il formaggio ha un aroma fermentato, sporco e putrido.",data/data/images_flat/2018-2019_Trentingrana__2019-01-23__P3a_310_fetta.bmp
La crosta del formaggio è sottile.,Il formaggio ha un aroma di bruciato e crosta.,data/data/images_flat/2018-2019_Trentingrana__2019-01-23__P3a_310_fetta.bmp
La pasta del formaggio è grossolana con frattura non molto regolare.,Il formaggio ha un aroma tostato.,data/data/images_flat/2018-2019_Trentingrana__2019-01-23__P3a_310_fetta.bmp
Il formaggio presenta una texture pastosa e poco solubile.,"Il formaggio ha un aroma di verdura lessa e stantio, entrambi forti.",data/data/images_flat/2018-2019_Trentingrana__2019-01-23__P3a_310_fetta.bmp
"Il formaggio presenta una texture morbida, asciutta, poco solubile, con cristalli poco percepibili.",Il formaggio ha un aroma di erbe amare.,data/data/images_flat/2018-2019_Trentingrana__2019-01-23__P3a_310_fetta.bmp
La crosta del formaggio è mediamente spessa.,"Il formaggio ha un aroma con nota estranea al trentingrana, simile a emmental o di stalla.",data/data/images_flat/2018-2019_Trentingrana__2019-01-23__P3a_310_fetta.bmp
La pasta del formaggio presenta una frattura irregolare e grana fine distribuita omogeneamente.,Il formaggio ha un aroma quasi neutro una volta svanito l'acido.,data/data/images_flat/2018-2019_Trentingrana__2019-01-23__P3a_310_fetta.bmp
Il formaggio presenta una texture con cristalli presenti.,"Il formaggio presenta una texture cedevole, umida e poco granulosa.",data/data/images_flat/2018-2019_Trentingrana__2019-01-23__P3a_310_fetta.bmp
La pasta del formaggio presenta una frattura irregolare e grana fine distribuita omogeneamente.,"Il formaggio presenta una texture dura, compatta, a grana fine, con pochi cristalli e abbastanza solubile.",data/data/images_flat/2018-2019_Trentingrana__2019-01-23__P3a_310_fetta.bmp
La pasta del formaggio è leggermente stirata.,Il formaggio presenta una texture granulosa con cristalli evidenti e abbastanza solubile.,data/data/images_flat/2018-2019_Trentingrana__2019-01-23__P3a_310_fetta.bmp
"La pasta del formaggio presenta una frattura irregolare, grana fine e microocchiatura.",Il formaggio presenta una texture dura e poco friabile.,data/data/images_flat/2018-2019_Trentingrana__2019-01-23__P3a_310_fetta.bmp
Il formaggio ha un profumo di burro fuso e latte cotto con nota di crosta.,"Il formaggio presenta una texture con granuli di tirosina moderati, leggermente gommosa, friabilità e solubilità leggere.",data/data/images_flat/2018-2019_Trentingrana__2019-01-23__P3a_310_fetta.bmp
"Il formaggio presenta una texture morbida, granulosa, poco solubile, con pochi cristalli.",Il formaggio presenta una texture compatta e poco friabile.,data/data/images_flat/2018-2019_Trentingrana__2019-01-23__P3a_310_fetta.bmp
Il formaggio ha un profumo di latte cotto e cipolla.,"Il formaggio presenta una texture friabile ma troppo morbida, con cristalli presenti.",data/data/images_flat/2018-2019_Trentingrana__2019-01-23__P3a_310_fetta.bmp
"La pasta del formaggio presenta una frattura irregolare, grana fine e microocchiatura.","Il formaggio presenta una texture asciutta, farinosa, con buoni cristalli e media solubilità.",data/data/images_flat/2018-2019_Trentingrana__2019-01-23__P3a_310_fetta.bmp
Il formaggio ha un sapore leggermente salato.,La crosta del formaggio presenta una parte piatta e scalzo mediamente spessi.,data/data/images_flat/2018-2019_Trentingrana__2019-01-23__P3a_310_fetta.bmp
"La pasta del formaggio presenta una frattura irregolare, grana grandiosa, cristalli.",La crosta del formaggio è più evidente sulla parte piatta.,data/data/images_flat/2018-2019_Trentingrana__2019-01-23__P3a_310_fetta.bmp
La pasta del formaggio è di colore carico ma omogeneo.,La crosta del formaggio presenta uno spessore ridotto e disomogeneo tra i lati.,data/data/images_flat/2018-2019_Trentingrana__2019-01-23__P3a_310_fetta.bmp
La crosta del formaggio è mediamente spessa.,La crosta del formaggio è regolare.,data/data/images_flat/2018-2019_Trentingrana__2019-01-23__P3a_310_fetta.bmp
"La pasta del formaggio presenta una bella frattura, grana non sempre ben profilata.",La crosta del formaggio è mediamente spessa con unghia marcata sulla parte piatta.,data/data/images_flat/2018-2019_Trentingrana__2019-01-23__P3a_310_fetta.bmp
La pasta del formaggio è di colore paglierino carico con alone grigio verdastro.,La crosta del formaggio è sottile.,data/data/images_flat/2018-2019_Trentingrana__2019-01-23__P3a_310_fetta.bmp
"La pasta del formaggio presenta una frattura non bella, grana omogenea e grumosa.","La pasta del formaggio è cedevole, umida, poco granulosa.",data/data/images_flat/2018-2019_Trentingrana__2019-01-23__P3a_310_fetta.bmp
Il formaggio ha un sapore con elevata sapidità e piccantezza.,La pasta del formaggio è compatta con grana fine e pochi cristalli.,data/data/images_flat/2018-2019_Trentingrana__2019-01-23__P3a_310_fetta.bmp
"La pasta del formaggio presenta una frattura irregolare, grana fine e microocchiatura.",La pasta del formaggio presenta una grana e cristalli abbastanza evidenti.,data/data/images_flat/2018-2019_Trentingrana__2019-01-23__P3a_310_fetta.bmp
Il formaggio presenta una texture pastosa.,La pasta del formaggio è dura e poco friabile.,data/data/images_flat/2018-2019_Trentingrana__2019-01-23__P3a_310_fetta.bmp
La pasta del formaggio è granulosa e compatta.,"La pasta del formaggio presenta granuli di tirosina moderati, leggermente gommosa e con leggera friabilità e solubilità.",data/data/images_flat/2018-2019_Trentingrana__2019-01-23__P3a_310_fetta.bmp
Il formaggio presenta una texture pastosa e poco solubile.,La pasta del formaggio è compatta e poco friabile.,data/data/images_flat/2018-2019_Trentingrana__2019-01-23__P3a_310_fetta.bmp
Il formaggio ha un profumo di burro fuso e formaggio da crosta.,La pasta del formaggio è friabile con cristalli presenti.,data/data/images_flat/2018-2019_Trentingrana__2019-01-23__P3a_310_fetta.bmp
Il formaggio ha un sapore equilibrato.,"La pasta del formaggio è secca e farinosa, con cristalli evidenti.",data/data/images_flat/2018-2019_Trentingrana__2019-01-23__P3a_310_fetta.bmp
"Il formaggio presenta una texture morbida, granulosa, che impasta la bocca, poco solubile, con sensazione farinosa.",La pasta del formaggio presenta un evidente alone centrale.,data/data/images_flat/2018-2019_Trentingrana__2019-01-23__P3a_310_fetta.bmp
Il formaggio ha un profumo di latte e brodo vegetale.,La pasta del formaggio presenta un alone centrale più scuro e banda chiara sotto la crosta.,data/data/images_flat/2018-2019_Trentingrana__2019-01-23__P3a_310_fetta.bmp
La pasta del formaggio presenta una frattura irregolare e struttura granulosa.,"La pasta del formaggio presenta una porzione centrale più carica, colore poco saturo.",data/data/images_flat/2018-2019_Trentingrana__2019-01-23__P3a_310_fetta.bmp
Il formaggio presenta una texture con buona grana e microcristalli.,La pasta del formaggio è più gialla nella zona centrale.,data/data/images_flat/2018-2019_Trentingrana__2019-01-23__P3a_310_fetta.bmp
La pasta del formaggio è di colore carico al centro e più chiaro verso la crosta.,La pasta del formaggio presenta un alone centrale più scuro.,data/data/images_flat/2018-2019_Trentingrana__2019-01-23__P3a_310_fetta.bmp
La pasta del formaggio presenta una frattura abbastanza regolare e struttura granulare.,La pasta del formaggio è di colore carico e aranciato.,data/data/images_flat/2018-2019_Trentingrana__2019-01-23__P3a_310_fetta.bmp
"Il formaggio presenta una texture pastosa, asciutta e poco solubile.",La pasta del formaggio è da colore giallo chiaro a giallo carico verso il centro con alone.,data/data/images_flat/2018-2019_Trentingrana__2019-01-23__P3a_310_fetta.bmp
La crosta del formaggio è mediamente spessa.,La pasta del formaggio presenta un alone centrale arancio rosato.,data/data/images_flat/2018-2019_Trentingrana__2019-01-23__P3a_310_fetta.bmp
Il formaggio ha un sapore con punta di amaro.,La pasta del formaggio presenta una macchia centrale più scura.,data/data/images_flat/2018-2019_Trentingrana__2019-01-23__P3a_310_fetta.bmp
"Il formaggio presenta una texture granulosa, solubile e asciutta.",La pasta del formaggio presenta un alone centrale scuro.,data/data/images_flat/2018-2019_Trentingrana__2019-01-23__P3a_310_fetta.bmp
La pasta del formaggio è di colore giallo carico con alone centrale.,"Il formaggio ha un profumo poco intenso e piatto, con note di pungente, frutta fermentata, burro cotto e legno.",data/data/images_flat/2018-2019_Trentingrana__2019-01-23__P1a_302_fetta.bmp
La pasta del formaggio presenta una frattura regolare e grana fine.,Il formaggio ha un profumo leggero di formaggio cotto.,data/data/images_flat/2018-2019_Trentingrana__2019-01-23__P1a_302_fetta.bmp
La pasta del formaggio è di colore giallo carico e omogeneo.,Il formaggio ha un profumo leggero.,data/data/images_flat/2018-2019_Trentingrana__2019-01-23__P1a_302_fetta.bmp
La crosta del formaggio è sottile.,Il formaggio ha un profumo debole.,data/data/images_flat/2018-2019_Trentingrana__2019-01-23__P1a_302_fetta.bmp
Il formaggio presenta una texture asciutta e poco solubile.,Il formaggio ha un profumo di formaggio fermentato forte.,data/data/images_flat/2018-2019_Trentingrana__2019-01-23__P1a_302_fetta.bmp
"La pasta del formaggio è di colore giallo carico al centro, tendente al più scuro verso la crosta.","Il formaggio ha un profumo pungente all'apertura, non rilevabile nei pezzi.",data/data/images_flat/2018-2019_Trentingrana__2019-01-23__P1a_302_fetta.bmp
La crosta del formaggio è mediamente spessa.,Il formaggio ha un profumo di latte.,data/data/images_flat/2018-2019_Trentingrana__2019-01-23__P1a_302_fetta.bmp
"La pasta del formaggio presenta una frattura regolare, grana grossa al centro e leggere striature al centro.",Il formaggio ha un profumo leggero.,data/data/images_flat/2018-2019_Trentingrana__2019-01-23__P1a_302_fetta.bmp
Il formaggio ha un profumo di panna e burro.,Il formaggio ha un profumo di latte cotto e brodo.,data/data/images_flat/2018-2019_Trentingrana__2019-01-23__P1a_302_fetta.bmp
Il formaggio ha un sapore salato e leggermente piccante.,"Il formaggio ha un sapore dolce sapido, umami medio, poco piccante.",data/data/images_flat/2018-2019_Trentingrana__2019-01-23__P1a_302_fetta.bmp
La crosta del formaggio è mediamente spessa.,Il formaggio ha un sapore solo leggermente piccante.,data/data/images_flat/2018-2019_Trentingrana__2019-01-23__P1a_302_fetta.bmp
La pasta del formaggio è di colore giallo carico e uniforme.,"Il formaggio ha un sapore inizialmente dolce, successivamente non equilibrato tra salato e piccante.",data/data/images_flat/2018-2019_Trentingrana__2019-01-23__P1a_302_fetta.bmp
Il formaggio ha un sapore salato e leggermente piccante.,"Il formaggio ha un sapore equilibrato, dolce con punta di piccante.",data/data/images_flat/2018-2019_Trentingrana__2019-01-23__P1a_302_fetta.bmp
Il formaggio ha un profumo di formaggio cotto e brodo vegetale.,Il formaggio ha un sapore piccante e forte.,data/data/images_flat/2018-2019_Trentingrana__2019-01-23__P1a_302_fetta.bmp
Il formaggio presenta una texture con tirosina scarsa.,Il formaggio ha un sapore leggermente amaro e non persistente.,data/data/images_flat/2018-2019_Trentingrana__2019-01-23__P1a_302_fetta.bmp
La pasta del formaggio è leggermente stirata.,"Il formaggio ha un sapore acido, amaro e leggermente piccante.",data/data/images_flat/2018-2019_Trentingrana__2019-01-23__P1a_302_fetta.bmp
La crosta del formaggio è mediamente spessa.,Il formaggio ha un sapore pungente per il sale.,data/data/images_flat/2018-2019_Trentingrana__2019-01-23__P1a_302_fetta.bmp
Il formaggio ha un profumo di latte cotto e panna.,Il formaggio ha un sapore piccante.,data/data/images_flat/2018-2019_Trentingrana__2019-01-23__P1a_302_fetta.bmp
La pasta del formaggio è leggermente stirata e non omogenea.,"Il formaggio ha un aroma piatto e monocorde con frutta fermentata, cartone e note di nostrano.",data/data/images_flat/2018-2019_Trentingrana__2019-01-23__P1a_302_fetta.bmp
La pasta del formaggio è a frattura regolare.,Il formaggio ha un aroma leggero di formaggio cotto e brodo animale.,data/data/images_flat/2018-2019_Trentingrana__2019-01-23__P1a_302_fetta.bmp
Il formaggio ha un sapore equilibrato con note dolci piacevoli all'inizio e finale leggermente acidulo.,"Il formaggio ha un aroma di panna, non propriamente da grana.",data/data/images_flat/2018-2019_Trentingrana__2019-01-23__P1a_302_fetta.bmp
La crosta del formaggio è mediamente spessa.,Il formaggio ha un aroma piacevole ma non tipico del grana.,data/data/images_flat/2018-2019_Trentingrana__2019-01-23__P1a_302_fetta.bmp
Il formaggio ha un profumo di note vegetali e lattiche fresche.,Il formaggio ha un aroma di formaggio fermentato molto forte e rancido forte.,data/data/images_flat/2018-2019_Trentingrana__2019-01-23__P1a_302_fetta.bmp
Il formaggio ha un profumo di latte cotto e brodo di carne.,"Il formaggio ha un aroma di note vegetali amare non fastidiose, crosta di grana e formaggio cotto.",data/data/images_flat/2018-2019_Trentingrana__2019-01-23__P1a_302_fetta.bmp
Il formaggio ha un sapore leggermente piccante.,Il formaggio ha un aroma leggermente piccante.,data/data/images_flat/2018-2019_Trentingrana__2019-01-23__P1a_302_fetta.bmp
"La pasta del formaggio è di colore giallo carico, più scura al centro.","Il formaggio presenta una texture asciutta, granulosa, poco solubile, con pochi microcristalli.",data/data/images_flat/2018-2019_Trentingrana__2019-01-23__P1a_302_fetta.bmp
"La pasta del formaggio presenta una frattura abbastanza regolare, struttura granulosa e tendente allo stirato.","Il formaggio presenta una texture poco friabile, con grana fine ma percepibile, leggermente asciutta e cristalli sensibili.",data/data/images_flat/2018-2019_Trentingrana__2019-01-23__P1a_302_fetta.bmp
La pasta del formaggio presenta un colore carico al centro.,"Il formaggio presenta una texture morbida, asciutta, granulosa, tende a impastare e con cristalli evidenti.",data/data/images_flat/2018-2019_Trentingrana__2019-01-23__P1a_302_fetta.bmp
Il formaggio presenta una texture pastosa e poco solubile.,Il formaggio presenta una texture con poca grana e poco solubile.,data/data/images_flat/2018-2019_Trentingrana__2019-01-23__P1a_302_fetta.bmp
La pasta del formaggio è di colore giallo carico.,Il formaggio presenta una texture moderatamente solubile e friabile.,data/data/images_flat/2018-2019_Trentingrana__2019-01-23__P1a_302_fetta.bmp
Il formaggio ha un profumo di burro fuso e panna.,Il formaggio presenta una texture pastosa con pochi cristalli.,data/data/images_flat/2018-2019_Trentingrana__2019-01-23__P1a_302_fetta.bmp
Il formaggio ha un profumo di latte cotto e brodo di carne con cipolla.,"Il formaggio presenta una texture friabile ma morbido al morso, tendente al plastico e che incolla ai denti.",data/data/images_flat/2018-2019_Trentingrana__2019-01-23__P1a_302_fetta.bmp
La pasta del formaggio è leggermente stirata.,Il formaggio presenta una texture molto solubile.,data/data/images_flat/2018-2019_Trentingrana__2019-01-23__P1a_302_fetta.bmp
"Il formaggio presenta una texture morbida, granulosa, poco solubile, con pochi cristalli.","La crosta del formaggio è sfumata con scalzo e parte piatta mediamente spessa, spigoli pronunciati.",data/data/images_flat/2018-2019_Trentingrana__2019-01-23__P1a_302_fetta.bmp
La pasta del formaggio è leggermente stirata.,"La crosta del formaggio presenta uno spessore poco evidente negli angoli, sfumato nel resto.",data/data/images_flat/2018-2019_Trentingrana__2019-01-23__P1a_302_fetta.bmp
Il formaggio ha un sapore equilibrato tra le diverse note.,La crosta del formaggio è sfumata con scalzi spessi e parti piatte mediamente spesse.,data/data/images_flat/2018-2019_Trentingrana__2019-01-23__P1a_302_fetta.bmp
Il formaggio ha un sapore equilibrato con note dolci.,La crosta del formaggio è regolare.,data/data/images_flat/2018-2019_Trentingrana__2019-01-23__P1a_302_fetta.bmp
Il formaggio presenta una texture con cristalli presenti.,"La crosta del formaggio presenta uno spessore medio nelle zone piatte e spessa sugli scalzi, molto fine.",data/data/images_flat/2018-2019_Trentingrana__2019-01-23__P1a_302_fetta.bmp
"La pasta del formaggio è granulosa, appena irregolare, con buona frattura.",La crosta del formaggio è mediamente spessa.,data/data/images_flat/2018-2019_Trentingrana__2019-01-23__P1a_302_fetta.bmp
Il formaggio ha un profumo di panna e burro.,La crosta del formaggio è più sottile su un lato.,data/data/images_flat/2018-2019_Trentingrana__2019-01-23__P1a_302_fetta.bmp
La crosta del formaggio è molto sottile.,La crosta del formaggio è molto spessa negli scalzi con spigoli pronunciati.,data/data/images_flat/2018-2019_Trentingrana__2019-01-23__P1a_302_fetta.bmp
La crosta del formaggio è mediamente spessa.,"La pasta del formaggio è asciutta e granulosa, con pochi microcristalli.",data/data/images_flat/2018-2019_Trentingrana__2019-01-23__P1a_302_fetta.bmp
La pasta del formaggio è di colore giallo carico.,"La pasta del formaggio è consistente con grana fine ma percepibile, poco friabile, leggera asciuttezza e cristalli sensibili.",data/data/images_flat/2018-2019_Trentingrana__2019-01-23__P1a_302_fetta.bmp
La pasta del formaggio è leggermente stirata e non omogenea.,"La pasta del formaggio è granulosa, tendente a impastare, con cristalli evidenti.",data/data/images_flat/2018-2019_Trentingrana__2019-01-23__P1a_302_fetta.bmp
Il formaggio ha un profumo di formaggio cotto e crosta.,La pasta del formaggio presenta una poca grana.,data/data/images_flat/2018-2019_Trentingrana__2019-01-23__P1a_302_fetta.bmp
La pasta del formaggio è stirata al centro con microocchiatura.,La pasta del formaggio è pastosa con pochi cristalli.,data/data/images_flat/2018-2019_Trentingrana__2019-01-23__P1a_302_fetta.bmp
Il formaggio ha un profumo di latte cotto e cipolla.,La pasta del formaggio è di colore aranciato.,data/data/images_flat/2018-2019_Trentingrana__2019-01-23__P1a_302_fetta.bmp
Il formaggio ha un profumo di latte cotto e panna.,La pasta del formaggio è di colore carico e uniforme.,data/data/images_flat/2018-2019_Trentingrana__2019-01-23__P1a_302_fetta.bmp
La crosta del formaggio è mediamente spessa.,"La pasta del formaggio è di colore giallo carico al centro, tendente al più leggero verso l'esterno.",data/data/images_flat/2018-2019_Trentingrana__2019-01-23__P1a_302_fetta.bmp
Il formaggio ha un profumo di latte cotto e brodo vegetale.,La pasta del formaggio è di colore giallina.,data/data/images_flat/2018-2019_Trentingrana__2019-01-23__P1a_302_fetta.bmp
La pasta del formaggio è di colore carico al centro.,La pasta del formaggio è di colore giallo carico.,data/data/images_flat/2018-2019_Trentingrana__2019-01-23__P1a_302_fetta.bmp
La pasta del formaggio presenta una frattura caratterizzata da avvallamenti e piccole fratture cristalline.,La pasta del formaggio è di colore carico omogeneo.,data/data/images_flat/2018-2019_Trentingrana__2019-01-23__P1a_302_fetta.bmp
"La pasta del formaggio è granulosa, compatta e quasi stirata.",La pasta del formaggio è di colore giallo con leggero alone rosato.,data/data/images_flat/2018-2019_Trentingrana__2019-01-23__P1a_302_fetta.bmp
Il formaggio ha un profumo di formaggio fritto e crosta di formaggio.,La pasta del formaggio è di colore carico e leggermente più intenso al centro.,data/data/images_flat/2018-2019_Trentingrana__2019-01-23__P1a_302_fetta.bmp
"Il formaggio presenta una texture morbida, granulosa, poco solubile, con pochi cristalli.",La pasta del formaggio è di colore eccessivamente carico.,data/data/images_flat/2018-2019_Trentingrana__2019-01-23__P1a_302_fetta.bmp
"Il formaggio presenta una texture poco solubile, leggermente sabbioso in alcune zone.","La pasta del formaggio è di colore giallo tendente allo scuro, non del tutto uniforme.",data/data/images_flat/2018-2019_Trentingrana__2019-01-23__P1a_302_fetta.bmp
La crosta del formaggio è mediamente spessa.,Il formaggio ha un profumo poco intenso con note di lettiera e ossidato.,data/data/images_flat/2018-2019_Trentingrana__2019-01-23__P2b_305_fetta.bmp
La crosta del formaggio è mediamente spessa.,Il formaggio ha un profumo leggero di formaggio cotto e crosta.,data/data/images_flat/2018-2019_Trentingrana__2019-01-23__P2b_305_fetta.bmp
La crosta del formaggio è sottile.,Il formaggio ha un profumo di latte dolce intenso.,data/data/images_flat/2018-2019_Trentingrana__2019-01-23__P2b_305_fetta.bmp
Il formaggio ha un profumo di latte e brodo animale.,Il formaggio ha un profumo moderatamente rancido e speziato.,data/data/images_flat/2018-2019_Trentingrana__2019-01-23__P2b_305_fetta.bmp
La crosta del formaggio è sottile.,"Il formaggio ha un profumo di intensità media-bassa con note lattee, burro e latte cotto.",data/data/images_flat/2018-2019_Trentingrana__2019-01-23__P2b_305_fetta.bmp
La pasta del formaggio è stirata.,"Il formaggio ha un profumo di latte cotto, formaggio cotto e brodo.",data/data/images_flat/2018-2019_Trentingrana__2019-01-23__P2b_305_fetta.bmp
Il formaggio presenta una texture troppo morbida.,Il formaggio ha un sapore con lieve nota amara.,data/data/images_flat/2018-2019_Trentingrana__2019-01-23__P2b_305_fetta.bmp
"Il formaggio ha un aroma di frutta troppo matura, seguito da brodo animale e vegetale.",Il formaggio ha un sapore salato e acido con punta di piccante.,data/data/images_flat/2018-2019_Trentingrana__2019-01-23__P2b_305_fetta.bmp
"Il formaggio presenta una texture morbida e pastosa, grana fine e asciutta.",Il formaggio ha un sapore salato.,data/data/images_flat/2018-2019_Trentingrana__2019-01-23__P2b_305_fetta.bmp
"Il formaggio presenta una texture asciutta e granulosa, tende a impastare verso il finale con qualche cristallo e poco solubile.",Il formaggio ha un sapore non equilibrato e salato.,data/data/images_flat/2018-2019_Trentingrana__2019-01-23__P2b_305_fetta.bmp
Il formaggio ha un sapore leggermente acido.,Il formaggio ha un sapore acido da moderato a forte e piccante intenso.,data/data/images_flat/2018-2019_Trentingrana__2019-01-23__P2b_305_fetta.bmp
Il formaggio ha un sapore acido e leggermente piccante.,Il formaggio ha un sapore salato e umami leggermente prevalenti.,data/data/images_flat/2018-2019_Trentingrana__2019-01-23__P2b_305_fetta.bmp
Il formaggio presenta una texture compatta e poco friabile.,Il formaggio ha un sapore leggermente acido e salato.,data/data/images_flat/2018-2019_Trentingrana__2019-01-23__P2b_305_fetta.bmp
Il formaggio ha un profumo di panna.,"Il formaggio ha un sapore eccessivamente salato, con gusto altrimenti pieno.",data/data/images_flat/2018-2019_Trentingrana__2019-01-23__P2b_305_fetta.bmp
Il formaggio ha un profumo di burro fuso e latte cotto con lieve nota di bruciato.,Il formaggio ha un sapore piuttosto neutro.,data/data/images_flat/2018-2019_Trentingrana__2019-01-23__P2b_305_fetta.bmp
La pasta del formaggio presenta una frattura irregolare e leggere striature.,Il formaggio ha un aroma di burro cotto con note di frutta fermentata poco caratteristiche.,data/data/images_flat/2018-2019_Trentingrana__2019-01-23__P2b_305_fetta.bmp
Il formaggio ha un profumo di latte cotto e brodo di carne con note di carne e tostato.,Il formaggio ha un aroma di formaggio cotto.,data/data/images_flat/2018-2019_Trentingrana__2019-01-23__P2b_305_fetta.bmp
"La pasta del formaggio è stirata e compatta con zona centrale tendente al gessato, non omogenea e frattura regolare.",Il formaggio ha un aroma moderatamente rancido.,data/data/images_flat/2018-2019_Trentingrana__2019-01-23__P2b_305_fetta.bmp
Il formaggio ha un profumo di panna.,Il formaggio ha un aroma di brodo di carne.,data/data/images_flat/2018-2019_Trentingrana__2019-01-23__P2b_305_fetta.bmp
La crosta del formaggio è molto sottile.,Il formaggio ha un aroma di brodo e burro cotto.,data/data/images_flat/2018-2019_Trentingrana__2019-01-23__P2b_305_fetta.bmp
Il formaggio ha un aroma di provolone.,"Il formaggio presenta una texture leggermente cedevole, mediamente granulosa e solubile, con pochi microcristalli.",data/data/images_flat/2018-2019_Trentingrana__2019-01-23__P2b_305_fetta.bmp
"Il formaggio presenta una texture umida, pastosa e quasi liquefabile.","Il formaggio presenta una texture dura, friabile, con grana grossolana, cristalli ben percepibili e abbastanza solubile.",data/data/images_flat/2018-2019_Trentingrana__2019-01-23__P2b_305_fetta.bmp
La crosta del formaggio è molto sottile.,"Il formaggio presenta una texture granulosa che tende a impastare, lascia residuo polveroso e qualche cristallo.",data/data/images_flat/2018-2019_Trentingrana__2019-01-23__P2b_305_fetta.bmp
"La pasta del formaggio è stirata al centro, con struttura fine e grana abbastanza bella.","Il formaggio presenta una texture con qualche cristallo, positiva.",data/data/images_flat/2018-2019_Trentingrana__2019-01-23__P2b_305_fetta.bmp
Il formaggio ha un sapore piccante e salato.,"Il formaggio presenta una texture moderatamente friabile e solubile, con tirosina leggera.",data/data/images_flat/2018-2019_Trentingrana__2019-01-23__P2b_305_fetta.bmp
Il formaggio ha un sapore dolce con leggera nota amara.,"Il formaggio presenta una texture compatta, umida, pastosa, poco granulosa, solubile con pochi cristalli.",data/data/images_flat/2018-2019_Trentingrana__2019-01-23__P2b_305_fetta.bmp
Il formaggio ha un aroma di crosta e cotto.,Il formaggio presenta una texture con pochi cristalli.,data/data/images_flat/2018-2019_Trentingrana__2019-01-23__P2b_305_fetta.bmp
Il formaggio ha un sapore acido e amaro.,"Il formaggio presenta una texture cedevole al dente, si frattura in microstruttura grossolana con cristalli presenti e impasta la bocca.",data/data/images_flat/2018-2019_Trentingrana__2019-01-23__P2b_305_fetta.bmp
La crosta del formaggio è mediamente spessa.,Il formaggio presenta una texture poco solubile e tendente al pastoso.,data/data/images_flat/2018-2019_Trentingrana__2019-01-23__P2b_305_fetta.bmp
Il formaggio presenta una texture troppo pastosa.,"La crosta del formaggio è sfumata con scalzo e parte piatta mediamente spessa, spigoli marcati.",data/data/images_flat/2018-2019_Trentingrana__2019-01-23__P2b_305_fetta.bmp
Il formaggio ha un profumo di panna.,La crosta del formaggio è di colore grigiastro.,data/data/images_flat/2018-2019_Trentingrana__2019-01-23__P2b_305_fetta.bmp
"Il formaggio ha un sapore con elevata sapidità e umami, lieve acidità.",La crosta del formaggio è sottile.,data/data/images_flat/2018-2019_Trentingrana__2019-01-23__P2b_305_fetta.bmp
La pasta del formaggio è stirata.,La crosta del formaggio è sottile.,data/data/images_flat/2018-2019_Trentingrana__2019-01-23__P2b_305_fetta.bmp
La pasta del formaggio è stirata con microocchiatura.,"La pasta del formaggio è leggermente cedevole, mediamente granulosa, con pochi microcristalli.",data/data/images_flat/2018-2019_Trentingrana__2019-01-23__P2b_305_fetta.bmp
"Il formaggio presenta una texture umida, pastosa e quasi liquefabile.",La pasta del formaggio è friabile con grana grossolana e cristalli ben percepibili.,data/data/images_flat/2018-2019_Trentingrana__2019-01-23__P2b_305_fetta.bmp
Il formaggio ha un aroma di crosta e formaggio cotto.,"La pasta del formaggio è granulosa che tende a impastare, con residuo polveroso e alcuni cristalli.",data/data/images_flat/2018-2019_Trentingrana__2019-01-23__P2b_305_fetta.bmp
La crosta del formaggio è sottile.,La pasta del formaggio presenta qualche cristallo.,data/data/images_flat/2018-2019_Trentingrana__2019-01-23__P2b_305_fetta.bmp
Il formaggio ha un profumo di frutta secca a intensità moderata.,"La pasta del formaggio è compatta, poco granulosa e con pochi cristalli.",data/data/images_flat/2018-2019_Trentingrana__2019-01-23__P2b_305_fetta.bmp
Il formaggio ha un profumo di latte cotto e burro fuso.,La pasta del formaggio presenta pochi cristalli.,data/data/images_flat/2018-2019_Trentingrana__2019-01-23__P2b_305_fetta.bmp
La pasta del formaggio presenta una leggera stiratura.,La pasta del formaggio è che si frattura in microstruttura grossolana con cristalli presenti.,data/data/images_flat/2018-2019_Trentingrana__2019-01-23__P2b_305_fetta.bmp
"Il formaggio presenta una texture molto pastosa, non da grana.",La pasta del formaggio presenta un alone centrale tendente all'aranciato.,data/data/images_flat/2018-2019_Trentingrana__2019-01-23__P2b_305_fetta.bmp
Il formaggio ha un profumo di latte e brodo vegetale.,La pasta del formaggio presenta un alone più scuro.,data/data/images_flat/2018-2019_Trentingrana__2019-01-23__P2b_305_fetta.bmp
Il formaggio ha un profumo di latte cotto e panna.,La pasta del formaggio è di colore giallo carico al centro.,data/data/images_flat/2018-2019_Trentingrana__2019-01-23__P2b_305_fetta.bmp
La pasta del formaggio è stirata al centro.,La pasta del formaggio presenta un colore non omogeneo.,data/data/images_flat/2018-2019_Trentingrana__2019-01-23__P2b_305_fetta.bmp
Il formaggio ha un sapore umami e salato.,La pasta del formaggio è di colore paglierino.,data/data/images_flat/2018-2019_Trentingrana__2019-01-23__P2b_305_fetta.bmp
"Il formaggio presenta una texture morbida, poco granulosa, che impasta la bocca, poco solubile, con sensazione farinosa.","La pasta del formaggio è di colore poco carico, leggermente più scura al centro.",data/data/images_flat/2018-2019_Trentingrana__2019-01-23__P2b_305_fetta.bmp
Il formaggio presenta una texture poco solubile.,La pasta del formaggio è di colore giallo non carico con leggeri alone più gialli e sfumature leggermente rosacee.,data/data/images_flat/2018-2019_Trentingrana__2019-01-23__P2b_305_fetta.bmp
La pasta del formaggio presenta una frattura irregolare e grana grandiosa.,La pasta del formaggio presenta un alone centrale.,data/data/images_flat/2018-2019_Trentingrana__2019-01-23__P2b_305_fetta.bmp
Il formaggio ha un profumo di latte cotto e cipolla.,La pasta del formaggio è di colore più carico al centro.,data/data/images_flat/2018-2019_Trentingrana__2019-01-23__P2b_305_fetta.bmp
Il formaggio ha un sapore piccante e salato.,La pasta del formaggio presenta un alone di colore carico.,data/data/images_flat/2018-2019_Trentingrana__2019-01-23__P2b_305_fetta.bmp
Il formaggio ha un aroma di latte cotto e brodo di carne.,"Il formaggio ha un profumo di stalla, marcio e fermentato.",data/data/images_flat/2018-2019_Trentingrana__2019-01-23__P6b_323_fetta.bmp
"Il formaggio ha un sapore con sapidità elevata, umami marcato e piccantezza evidente, non equilibrato.","Il formaggio ha un profumo di tostato forte, con note di crosta e formaggio cotto.",data/data/images_flat/2018-2019_Trentingrana__2019-01-23__P6b_323_fetta.bmp
Il formaggio ha un sapore piccante e leggermente acre in gola.,Il formaggio ha un profumo leggero fruttato.,data/data/images_flat/2018-2019_Trentingrana__2019-01-23__P6b_323_fetta.bmp
La pasta del formaggio è stirata con microocchiatura.,Il formaggio ha un profumo di cipolla sgradevole.,data/data/images_flat/2018-2019_Trentingrana__2019-01-23__P6b_323_fetta.bmp
Il formaggio ha un profumo di burro fuso e panna.,Il formaggio ha un profumo di burro fuso con sentori di crosta.,data/data/images_flat/2018-2019_Trentingrana__2019-01-23__P6b_323_fetta.bmp
La pasta del formaggio è stirata con microocchiatura e una piccola occhiatura.,Il formaggio ha un profumo moderatamente ossidato con note di ananas e speziato.,data/data/images_flat/2018-2019_Trentingrana__2019-01-23__P6b_323_fetta.bmp
Il formaggio ha un aroma di crosta e cotto.,"Il formaggio ha un profumo di fumo all'apertura, seguito da note fermentate.",data/data/images_flat/2018-2019_Trentingrana__2019-01-23__P6b_323_fetta.bmp
Il formaggio ha un profumo di latte cotto e burro fuso.,"Il formaggio ha un profumo di latte intero, panna e burro sciolto con poco brodo di carne, buona intensità.",data/data/images_flat/2018-2019_Trentingrana__2019-01-23__P6b_323_fetta.bmp
"Il formaggio ha un sapore dolce con sapidità pronunciata, umami medio-alto e lieve retrogusto amaro, poco equilibrato.",Il formaggio ha un profumo di burro e brodo vegetale.,data/data/images_flat/2018-2019_Trentingrana__2019-01-23__P6b_323_fetta.bmp
La pasta del formaggio è stirata con microocchiatura e una piccola occhiatura.,"Il formaggio ha un sapore dolce, poco sapido, umami medio e poco piccante.",data/data/images_flat/2018-2019_Trentingrana__2019-01-23__P6b_323_fetta.bmp
Il formaggio ha un aroma di crosta di formaggio.,Il formaggio ha un sapore abbastanza equilibrato con leggero accento di umami.,data/data/images_flat/2018-2019_Trentingrana__2019-01-23__P6b_323_fetta.bmp
La pasta del formaggio è stirata con microocchiatura.,Il formaggio ha un sapore salato.,data/data/images_flat/2018-2019_Trentingrana__2019-01-23__P6b_323_fetta.bmp
La crosta del formaggio è mediamente spessa.,Il formaggio ha un sapore non eccessivamente salato e leggermente acido.,data/data/images_flat/2018-2019_Trentingrana__2019-01-23__P6b_323_fetta.bmp
Il formaggio ha un sapore acido e leggermente piccante.,Il formaggio ha un sapore piccante forte.,data/data/images_flat/2018-2019_Trentingrana__2019-01-23__P6b_323_fetta.bmp
Il formaggio presenta una texture con cristalli e buona solubilità.,Il formaggio ha un sapore salato con note umami.,data/data/images_flat/2018-2019_Trentingrana__2019-01-23__P6b_323_fetta.bmp
La pasta del formaggio è stirata con microocchiatura non tipica.,Il formaggio ha un sapore acido e amaro.,data/data/images_flat/2018-2019_Trentingrana__2019-01-23__P6b_323_fetta.bmp
La pasta del formaggio è stirata con microocchiatura e una piccola occhiatura.,"Il formaggio ha un sapore equilibrato, non piccante, con buona armonia.",data/data/images_flat/2018-2019_Trentingrana__2019-01-23__P6b_323_fetta.bmp
"Il formaggio presenta una texture asciutta, granulosa con cristalli evidenti e solubile.","Il formaggio ha un sapore poco salato, amaro e piccante.",data/data/images_flat/2018-2019_Trentingrana__2019-01-23__P6b_323_fetta.bmp
"Il formaggio presenta una texture friabile con microstruttura fine, cristalli evidenti e finale leggermente sabbioso.",Il formaggio ha un aroma a tratti putrido e marcio con note di nostrano e frutta fermentata.,data/data/images_flat/2018-2019_Trentingrana__2019-01-23__P6b_323_fetta.bmp
Il formaggio ha un aroma di latte cotto e panna.,Il formaggio ha un aroma tostato con note di brodo di carne.,data/data/images_flat/2018-2019_Trentingrana__2019-01-23__P6b_323_fetta.bmp
Il formaggio ha un profumo di burro fuso e formaggio cotto.,Il formaggio ha un aroma di panna e vegetale.,data/data/images_flat/2018-2019_Trentingrana__2019-01-23__P6b_323_fetta.bmp
Il formaggio ha un sapore leggermente salato.,"Il formaggio ha un aroma stantio e rancido, con intensità forte.",data/data/images_flat/2018-2019_Trentingrana__2019-01-23__P6b_323_fetta.bmp
La pasta del formaggio è stirata e difettosa.,Il formaggio ha un aroma lattico cotto.,data/data/images_flat/2018-2019_Trentingrana__2019-01-23__P6b_323_fetta.bmp
"Il formaggio ha un sapore con sapidità e umami accentuati, lieve nota acida e piccante quasi bruciante.",Il formaggio ha un aroma relativamente intenso con sentore di crosta.,data/data/images_flat/2018-2019_Trentingrana__2019-01-23__P6b_323_fetta.bmp
Il formaggio ha un sapore salato.,Il formaggio ha un aroma di formaggio cotto.,data/data/images_flat/2018-2019_Trentingrana__2019-01-23__P6b_323_fetta.bmp
Il formaggio ha un sapore piccante con note di cotto.,"Il formaggio presenta una texture cedevole, poco granulosa, con pochi microcristalli.",data/data/images_flat/2018-2019_Trentingrana__2019-01-23__P6b_323_fetta.bmp
La crosta del formaggio è mediamente spessa.,"Il formaggio presenta una texture dura, compatta, poco friabile, con grana finissima e asciutta.",data/data/images_flat/2018-2019_Trentingrana__2019-01-23__P6b_323_fetta.bmp
Il formaggio ha un aroma di crosta e ossidato.,"Il formaggio presenta una texture granulosa, morbida, con cristalli evidenti.",data/data/images_flat/2018-2019_Trentingrana__2019-01-23__P6b_323_fetta.bmp
Il formaggio ha un sapore salato e leggermente piccante.,Il formaggio presenta una texture poco friabile e solubile.,data/data/images_flat/2018-2019_Trentingrana__2019-01-23__P6b_323_fetta.bmp
"Il formaggio presenta una texture poco friabile, compatta, poco granulosa e abbastanza solubile.","Il formaggio presenta una texture senza tirosina, friabilità e solubilità moderata.",data/data/images_flat/2018-2019_Trentingrana__2019-01-23__P6b_323_fetta.bmp
La pasta del formaggio è stirata con microocchiatura.,"Il formaggio presenta una texture compatta, quasi gommosa e deformabile, non friabile.",data/data/images_flat/2018-2019_Trentingrana__2019-01-23__P6b_323_fetta.bmp
Il formaggio ha un sapore dolce con elevata intensità e piccantezza.,Il formaggio presenta una texture con struttura grossolana e cristalli non percepibili.,data/data/images_flat/2018-2019_Trentingrana__2019-01-23__P6b_323_fetta.bmp
Il formaggio ha un sapore acido e leggermente piccante.,Il formaggio presenta una texture con microstruttura scarsa ma nel complesso solubile.,data/data/images_flat/2018-2019_Trentingrana__2019-01-23__P6b_323_fetta.bmp
Il formaggio presenta una texture friabile ma asciutta.,"La crosta del formaggio presenta uno scalzo e parte piatta mediamente spessa, spigoli pronunciati.",data/data/images_flat/2018-2019_Trentingrana__2019-01-23__P6b_323_fetta.bmp
Il formaggio ha un profumo di crosta e brodo.,La crosta del formaggio è mediamente spessa e sfumata.,data/data/images_flat/2018-2019_Trentingrana__2019-01-23__P6b_323_fetta.bmp
La pasta del formaggio è stirata con microocchiatura.,La crosta del formaggio è spessa sui lati.,data/data/images_flat/2018-2019_Trentingrana__2019-01-23__P6b_323_fetta.bmp
"Il formaggio presenta una texture morbida, granulosa, che impasta la bocca, poco solubile, con qualche cristallo e poco di microcristallo.",La crosta del formaggio è spessa.,data/data/images_flat/2018-2019_Trentingrana__2019-01-23__P6b_323_fetta.bmp
La pasta del formaggio è stirata con microocchiatura.,La crosta del formaggio è molto spessa sugli scalzi.,data/data/images_flat/2018-2019_Trentingrana__2019-01-23__P6b_323_fetta.bmp
Il formaggio ha un profumo di latte cotto e brodo di carne.,La crosta del formaggio è mediamente spessa.,data/data/images_flat/2018-2019_Trentingrana__2019-01-23__P6b_323_fetta.bmp
"Il formaggio ha un sapore con sapidità medio-alta, umami marcato e piccantezza media.",La crosta del formaggio è spessa.,data/data/images_flat/2018-2019_Trentingrana__2019-01-23__P6b_323_fetta.bmp
Il formaggio ha un profumo di frutta e burro con nota animale.,"La pasta del formaggio è cedevole, poco granulosa, con pochi microcristalli.",data/data/images_flat/2018-2019_Trentingrana__2019-01-23__P6b_323_fetta.bmp
Il formaggio ha un sapore leggermente salato.,"La pasta del formaggio è compatta, poco friabile, con grana finissima.",data/data/images_flat/2018-2019_Trentingrana__2019-01-23__P6b_323_fetta.bmp
Il formaggio ha un aroma di crosta di formaggio.,La pasta del formaggio è granulosa con cristalli evidenti.,data/data/images_flat/2018-2019_Trentingrana__2019-01-23__P6b_323_fetta.bmp
La pasta del formaggio è stirata con microocchiatura.,"La pasta del formaggio è compatta, quasi gommosa e deformabile, non friabile.",data/data/images_flat/2018-2019_Trentingrana__2019-01-23__P6b_323_fetta.bmp
"Il formaggio presenta una texture compatta, poco friabile e deformabile.","La pasta del formaggio non è fine, priva di cristalli percettibili.",data/data/images_flat/2018-2019_Trentingrana__2019-01-23__P6b_323_fetta.bmp
Il formaggio ha un sapore dolce con poco marcato.,La pasta del formaggio presenta una microstruttura scarsa ma nel complesso solubile.,data/data/images_flat/2018-2019_Trentingrana__2019-01-23__P6b_323_fetta.bmp
Il formaggio ha un aroma di crosta di formaggio.,"La pasta del formaggio è di colore carico, sganciato.",data/data/images_flat/2018-2019_Trentingrana__2019-01-23__P6b_323_fetta.bmp
"Il formaggio presenta una texture con cristalli, alta solubilità e poca struttura.",La pasta del formaggio è di colore carico e uniforme.,data/data/images_flat/2018-2019_Trentingrana__2019-01-23__P6b_323_fetta.bmp
"Il formaggio presenta una texture con cristalli fini, molto solubile.","La pasta del formaggio è di colore giallo molto carico, omogenea.",data/data/images_flat/2018-2019_Trentingrana__2019-01-23__P6b_323_fetta.bmp
"Il formaggio presenta una texture poco friabile, molto solubile, con cristalli di tirosina presenti.",La pasta del formaggio è di colore giallo carico.,data/data/images_flat/2018-2019_Trentingrana__2019-01-23__P6b_323_fetta.bmp
La pasta del formaggio è stirata con microocchiatura e una piccola occhiatura.,La pasta del formaggio è di colore molto carico e omogeneo.,data/data/images_flat/2018-2019_Trentingrana__2019-01-23__P6b_323_fetta.bmp
La crosta del formaggio è mediamente spessa.,La pasta del formaggio è di colore giallo piuttosto carico e uniforme.,data/data/images_flat/2018-2019_Trentingrana__2019-01-23__P6b_323_fetta.bmp
Il formaggio presenta una texture molto solubile.,La pasta del formaggio è di colore molto carico.,data/data/images_flat/2018-2019_Trentingrana__2019-01-23__P6b_323_fetta.bmp
La crosta del formaggio è sottile.,La pasta del formaggio è di colore omogeneo ma eccessivamente carico.,data/data/images_flat/2018-2019_Trentingrana__2019-01-23__P6b_323_fetta.bmp
La crosta del formaggio è molto sottile.,La pasta del formaggio è di colore scuro tendente al grigio.,data/data/images_flat/2018-2019_Trentingrana__2019-01-23__P6b_323_fetta.bmp
"La pasta del formaggio presenta una frattura irregolare, struttura a tratti stirata e a tratti bella, una piccola zona con microocchiatura.","Il formaggio ha un profumo disomogeneo tra i diversi pezzi, da latte acidificato a latte cotto, con intensità moderata.",data/data/images_flat/2018-2019_Trentingrana__2019-03-26__P1a_302_fetta.bmp
"Il formaggio presenta una texture molto tenera, cristalli molto solubili.",Il formaggio ha un profumo di teli sporchi all'inizio.,data/data/images_flat/2018-2019_Trentingrana__2019-03-26__P1a_302_fetta.bmp
"La pasta del formaggio è di colore chiaro, leggermente più carica al centro.","Il formaggio ha un profumo di burro e panna con nota di cuoio, buona intensità.",data/data/images_flat/2018-2019_Trentingrana__2019-03-26__P1a_302_fetta.bmp
"Il formaggio presenta una texture compatta, poco granulosa, solubile e leggermente sabbioso.",Il formaggio ha un profumo di brodo.,data/data/images_flat/2018-2019_Trentingrana__2019-03-26__P1a_302_fetta.bmp
"La pasta del formaggio è di colore giallo carico tendente all'aranciato, uniforme.","Il formaggio ha un profumo di cotto, leggermente ossidato, burro fuso.",data/data/images_flat/2018-2019_Trentingrana__2019-03-26__P1a_302_fetta.bmp
Il formaggio ha un profumo di brodo.,Il formaggio ha un profumo delicato di crosta di formaggio e burro cotto con lieve nota di nostrano.,data/data/images_flat/2018-2019_Trentingrana__2019-03-26__P1a_302_fetta.bmp
La pasta del formaggio presenta una frattura irregolare e leggere striature.,Il formaggio ha un sapore leggermente acido in negativo.,data/data/images_flat/2018-2019_Trentingrana__2019-03-26__P1a_302_fetta.bmp
La pasta del formaggio presenta una frattura irregolare e leggere striature.,Il formaggio ha un sapore salato.,data/data/images_flat/2018-2019_Trentingrana__2019-03-26__P1a_302_fetta.bmp
La pasta del formaggio è disomogenea.,"Il formaggio ha un sapore pungente e amaro, non in eccesso.",data/data/images_flat/2018-2019_Trentingrana__2019-03-26__P1a_302_fetta.bmp
La crosta del formaggio è spessa con limite sfumato.,Il formaggio ha un sapore amaro.,data/data/images_flat/2018-2019_Trentingrana__2019-03-26__P1a_302_fetta.bmp
Il formaggio ha un sapore salato.,Il formaggio ha un sapore molto salato e leggermente piccante.,data/data/images_flat/2018-2019_Trentingrana__2019-03-26__P1a_302_fetta.bmp
La pasta del formaggio presenta una frattura irregolare e leggere striature.,"Il formaggio ha un sapore dolce sapido con umami medio, piccantezza contenuta e abbastanza equilibrato.",data/data/images_flat/2018-2019_Trentingrana__2019-03-26__P1a_302_fetta.bmp
Il formaggio ha un sapore equilibrato con acidità in gola.,"Il formaggio ha un sapore piccante, eccessivamente salato e sbilanciato.",data/data/images_flat/2018-2019_Trentingrana__2019-03-26__P1a_302_fetta.bmp
"La pasta del formaggio è di colore paglierino scarico, appena più carico al centro.",Il formaggio ha un aroma tostato e latte cotto con intensità leggera.,data/data/images_flat/2018-2019_Trentingrana__2019-03-26__P1a_302_fetta.bmp
La pasta del formaggio presenta un leggero alone centrale.,Il formaggio ha un aroma di panna.,data/data/images_flat/2018-2019_Trentingrana__2019-03-26__P1a_302_fetta.bmp
"Il formaggio presenta una texture morbida, poco granulosa e poco solubile.",Il formaggio ha un aroma di crosta di formaggio.,data/data/images_flat/2018-2019_Trentingrana__2019-03-26__P1a_302_fetta.bmp
"La pasta del formaggio presenta una frattura irregolare, struttura granulosa, microocchiatura e una fessura.",Il formaggio ha un aroma di burro fuso e formaggio cotto.,data/data/images_flat/2018-2019_Trentingrana__2019-03-26__P1a_302_fetta.bmp
"La pasta del formaggio è di colore giallo abbastanza carico, leggermente al centro.","Il formaggio ha un aroma lattico in bocca con note di panna, burro cotto e crosta di formaggio.",data/data/images_flat/2018-2019_Trentingrana__2019-03-26__P1a_302_fetta.bmp
"Il formaggio ha un profumo di brodo, formaggio fuso e burro fuso.","Il formaggio presenta una texture con granuli di tirosina non percettibili in alcuni cubetti, friabilità e solubilità scarsa.",data/data/images_flat/2018-2019_Trentingrana__2019-03-26__P1a_302_fetta.bmp
"La pasta del formaggio presenta una frattura irregolare, struttura granulosa e una fessura.","Il formaggio presenta una texture morbida, asciutta e abbastanza granulosa, con pochi cristalli e abbastanza solubile.",data/data/images_flat/2018-2019_Trentingrana__2019-03-26__P1a_302_fetta.bmp
Il formaggio ha un sapore equilibrato con leggera nota amara.,"Il formaggio presenta una texture consistente e friabile, non asciutta, senza cristalli percepibili.",data/data/images_flat/2018-2019_Trentingrana__2019-03-26__P1a_302_fetta.bmp
"Il formaggio ha un sapore dolce sapido con umami medio e piccantezza evidente, equilibrato.",Il formaggio presenta una texture equilibrata ma scarsa solubilità.,data/data/images_flat/2018-2019_Trentingrana__2019-03-26__P1a_302_fetta.bmp
Il formaggio ha un sapore equilibrato con piccantezza moderata.,"Il formaggio presenta una texture abbastanza morbida, granulosa, con microstruttura grossolana e poco solubile.",data/data/images_flat/2018-2019_Trentingrana__2019-03-26__P1a_302_fetta.bmp
La crosta del formaggio è mediamente spessa con unghia marcata.,"Il formaggio presenta una texture mediamente dura, granulosa e solubile.",data/data/images_flat/2018-2019_Trentingrana__2019-03-26__P1a_302_fetta.bmp
Il formaggio ha un profumo di brodo.,La crosta del formaggio è mediamente spessa e sfumata.,data/data/images_flat/2018-2019_Trentingrana__2019-03-26__P1a_302_fetta.bmp
Il formaggio ha un sapore salato e leggermente piccante.,"La crosta del formaggio presenta un colore di fondo molto carico, poco contrasto.",data/data/images_flat/2018-2019_Trentingrana__2019-03-26__P1a_302_fetta.bmp
Il formaggio ha un sapore equilibrato con leggera piccantezza.,"La crosta del formaggio è netta e sottile su una faccia, sfumata e spessa sull'altra.",data/data/images_flat/2018-2019_Trentingrana__2019-03-26__P1a_302_fetta.bmp
La crosta del formaggio è molto sottile su un lato.,La pasta del formaggio è disomogenea.,data/data/images_flat/2018-2019_Trentingrana__2019-03-26__P1a_302_fetta.bmp
Il formaggio presenta una texture abbastanza solubile.,"La pasta del formaggio presenta una frattura abbastanza regolare ma disomogenea nelle due metà, grana che forma striature al centro.",data/data/images_flat/2018-2019_Trentingrana__2019-03-26__P1a_302_fetta.bmp
"La pasta del formaggio presenta una frattura irregolare e grana regolari, occhiatura di medie dimensioni, zona sottostante a tratti e microocchiatura.","La pasta del formaggio presenta una frattura discreta e grana abbastanza omogenea, fine.",data/data/images_flat/2018-2019_Trentingrana__2019-03-26__P1a_302_fetta.bmp
La pasta del formaggio presenta un leggero alone centrale.,"La pasta del formaggio presenta una frattura irregolare, stirata al centro.",data/data/images_flat/2018-2019_Trentingrana__2019-03-26__P1a_302_fetta.bmp
Il formaggio ha un sapore salato.,"La pasta del formaggio presenta una frattura caratterizzata da dosso e cunetta, struttura granulosa.",data/data/images_flat/2018-2019_Trentingrana__2019-03-26__P1a_302_fetta.bmp
"La pasta del formaggio presenta una frattura profonda, grana grossolana e occhiatura di medie dimensioni.","La pasta del formaggio presenta una frattura irregolare, grana presente ma con evidenti striature.",data/data/images_flat/2018-2019_Trentingrana__2019-03-26__P1a_302_fetta.bmp
"La pasta del formaggio è di colore paglierino scarico, omogeneamente distribuito.",La pasta del formaggio presenta grandi striature al centro e grana grossolana.,data/data/images_flat/2018-2019_Trentingrana__2019-03-26__P1a_302_fetta.bmp
La pasta del formaggio presenta una frattura irregolare e struttura grandiosa.,La pasta del formaggio è di colore molto carico al centro.,data/data/images_flat/2018-2019_Trentingrana__2019-03-26__P1a_302_fetta.bmp
Il formaggio ha un profumo di brodo.,La pasta del formaggio è di colore molto carico con alone che sfuma verso un piatto più bianco.,data/data/images_flat/2018-2019_Trentingrana__2019-03-26__P1a_302_fetta.bmp
La pasta del formaggio presenta un leggero alone centrale.,La pasta del formaggio presenta un alone leggero centrale e tinte chiare.,data/data/images_flat/2018-2019_Trentingrana__2019-03-26__P1a_302_fetta.bmp
"Il formaggio presenta una texture dura, compatta ma friabile, con microstruttura grossolana e pochi cristalli.",La pasta del formaggio presenta un alone centrale.,data/data/images_flat/2018-2019_Trentingrana__2019-03-26__P1a_302_fetta.bmp
"Il formaggio ha un sapore equilibrato con assenza di piccante, acido e dolcezza.","La pasta del formaggio è di colore giallo non carico, con alone centrale più scuro e sfumatura rosata.",data/data/images_flat/2018-2019_Trentingrana__2019-03-26__P1a_302_fetta.bmp
La crosta del formaggio è molto sottile.,La pasta del formaggio è grigiastra con evidente alone nocciola al centro.,data/data/images_flat/2018-2019_Trentingrana__2019-03-26__P1a_302_fetta.bmp
Il formaggio ha un sapore acido e leggermente salato con umami.,La pasta del formaggio presenta un grande alone centrale scuro.,data/data/images_flat/2018-2019_Trentingrana__2019-03-26__P1a_302_fetta.bmp
"Il formaggio presenta una texture asciutta, farinosa e poco solubile.","Il formaggio ha un profumo di latte cotto e frutta secca di formaggio stagionato, intensità moderata.",data/data/images_flat/2018-2019_Trentingrana__2019-03-26__P3b_307_fetta.bmp
Il formaggio ha un aroma persistente.,Il formaggio ha un profumo di brodo vegetale.,data/data/images_flat/2018-2019_Trentingrana__2019-03-26__P3b_307_fetta.bmp
"Il formaggio presenta una texture solubile e dura, asciutta, con cristalli abbondanti e che lasciano residuo.","Il formaggio ha un profumo di panna, latte e burro sciolto con intensità moderata.",data/data/images_flat/2018-2019_Trentingrana__2019-03-26__P3b_307_fetta.bmp
La pasta del formaggio presenta una frattura irregolare e leggere striature al centro.,Il formaggio ha un profumo di burro sciolto.,data/data/images_flat/2018-2019_Trentingrana__2019-03-26__P3b_307_fetta.bmp
La pasta del formaggio è passato.,"Il formaggio ha un profumo di brodo vegetale, stalla e ossidato piuttosto intenso.",data/data/images_flat/2018-2019_Trentingrana__2019-03-26__P3b_307_fetta.bmp
"Il formaggio presenta una texture asciutta, granulosa, che impasta la bocca e poco solubile.","Il formaggio ha un profumo con note pungenti, di tela bagnata e acqua ristagnante.",data/data/images_flat/2018-2019_Trentingrana__2019-03-26__P3b_307_fetta.bmp
"La pasta del formaggio presenta una frattura non regolare, leggermente stirata.","Il formaggio ha un profumo chiuso di verdura cotta, non del tutto positivo.",data/data/images_flat/2018-2019_Trentingrana__2019-03-26__P3b_307_fetta.bmp
Il formaggio ha un aroma di passato.,"Il formaggio ha un sapore equilibrato, tendente al piccante.",data/data/images_flat/2018-2019_Trentingrana__2019-03-26__P3b_307_fetta.bmp
La pasta del formaggio presenta un leggero alone centrale.,Il formaggio ha un sapore acido e leggermente piccante.,data/data/images_flat/2018-2019_Trentingrana__2019-03-26__P3b_307_fetta.bmp
"Il formaggio presenta una texture asciutta, farinosa e poco solubile.","Il formaggio ha un sapore salato, amaro e leggermente piccante.",data/data/images_flat/2018-2019_Trentingrana__2019-03-26__P3b_307_fetta.bmp
Il formaggio ha un aroma metallico.,Il formaggio ha un sapore dolce.,data/data/images_flat/2018-2019_Trentingrana__2019-03-26__P3b_307_fetta.bmp
Il formaggio ha un aroma di passato.,"Il formaggio ha un sapore senza piccantezza, umami tendente a coprire con punta di amaro.",data/data/images_flat/2018-2019_Trentingrana__2019-03-26__P3b_307_fetta.bmp
Il formaggio ha un aroma di passato.,Il formaggio ha un sapore marcatamente sapido con nota piccante eccessiva e lieve acidità.,data/data/images_flat/2018-2019_Trentingrana__2019-03-26__P3b_307_fetta.bmp
Il formaggio ha un aroma di passato.,Il formaggio ha un aroma tostato leggero con note di crosta di formaggio.,data/data/images_flat/2018-2019_Trentingrana__2019-03-26__P3b_307_fetta.bmp
La pasta del formaggio presenta una fessura pronunciata.,Il formaggio ha un aroma di latte cotto e tostato.,data/data/images_flat/2018-2019_Trentingrana__2019-03-26__P3b_307_fetta.bmp
Il formaggio ha un sapore complesso e leggermente amaro.,Il formaggio ha un aroma di crosta molto cotto e tostato.,data/data/images_flat/2018-2019_Trentingrana__2019-03-26__P3b_307_fetta.bmp
Il formaggio ha un sapore salato e piccante.,"Il formaggio ha un aroma poco caratteristico con note di formaggio cotto, crosta, tela bagnata e acqua stagnante, con sottofondo di nota lattica di burro.",data/data/images_flat/2018-2019_Trentingrana__2019-03-26__P3b_307_fetta.bmp
La pasta del formaggio presenta una frattura irregolare e leggere striature.,"Il formaggio presenta una texture asciutta, poco granulosa e pastosa, poco solubile.",data/data/images_flat/2018-2019_Trentingrana__2019-03-26__P3b_307_fetta.bmp
"Il formaggio presenta una texture asciutta, poco solubile e pochi cristalli.","Il formaggio presenta una texture friabile con microstruttura fine, cristalli presenti, tende a liquefarsi nel finale di bocca.",data/data/images_flat/2018-2019_Trentingrana__2019-03-26__P3b_307_fetta.bmp
La pasta del formaggio è di colore rosato salmone.,Il formaggio presenta una texture friabile e bilanciata.,data/data/images_flat/2018-2019_Trentingrana__2019-03-26__P3b_307_fetta.bmp
Il formaggio ha un sapore salato e piccante.,"Il formaggio presenta una texture morbida e cedevole, con microstruttura sottile e solubile.",data/data/images_flat/2018-2019_Trentingrana__2019-03-26__P3b_307_fetta.bmp
La pasta del formaggio è grassa.,"Il formaggio presenta una texture cedevole, umida e poco granulosa.",data/data/images_flat/2018-2019_Trentingrana__2019-03-26__P3b_307_fetta.bmp
Il formaggio ha un sapore amaro e netto.,La crosta del formaggio è sottile.,data/data/images_flat/2018-2019_Trentingrana__2019-03-26__P3b_307_fetta.bmp
Il formaggio ha un aroma metallico.,La crosta del formaggio è mediamente spessa.,data/data/images_flat/2018-2019_Trentingrana__2019-03-26__P3b_307_fetta.bmp
Il formaggio ha un sapore complesso e leggermente piccante.,La crosta del formaggio è uniforme.,data/data/images_flat/2018-2019_Trentingrana__2019-03-26__P3b_307_fetta.bmp
La pasta del formaggio è di colore rosato salmone.,La pasta del formaggio presenta una grana grandiosa e regolare.,data/data/images_flat/2018-2019_Trentingrana__2019-03-26__P3b_307_fetta.bmp
"Il formaggio ha un sapore anonimo, poco umami e poco complesso.","La pasta del formaggio presenta una frattura abbastanza regolare, grana omogenea, cristalli su un lato e leggera microocchiatura.",data/data/images_flat/2018-2019_Trentingrana__2019-03-26__P3b_307_fetta.bmp
"Il formaggio ha un sapore complesso e persistente, salato contenuto e umami contenuto.","La pasta del formaggio presenta una frattura buona e struttura granulosa molto regolare, ma con microocchiatura su una porzione.",data/data/images_flat/2018-2019_Trentingrana__2019-03-26__P3b_307_fetta.bmp
La pasta del formaggio presenta un colore rosato in corrispondenza di un'area piatta.,"La pasta del formaggio presenta una frattura abbastanza regolare, grana fine e microocchiatura su un lato.",data/data/images_flat/2018-2019_Trentingrana__2019-03-26__P3b_307_fetta.bmp
Il formaggio ha un sapore nostrano.,"La pasta del formaggio presenta una frattura abbastanza regolare, struttura granulosa con leggera microocchiatura diffusa ma rada.",data/data/images_flat/2018-2019_Trentingrana__2019-03-26__P3b_307_fetta.bmp
La pasta del formaggio presenta una fessura pronunciata.,"La pasta del formaggio presenta una frattura irregolare, grana abbastanza evidente ma grossolana, e piccola zona con microocchiatura.",data/data/images_flat/2018-2019_Trentingrana__2019-03-26__P3b_307_fetta.bmp
La pasta del formaggio presenta un leggero alone centrale.,La pasta del formaggio presenta un'occhiatura grossolana su un lato.,data/data/images_flat/2018-2019_Trentingrana__2019-03-26__P3b_307_fetta.bmp
Il formaggio ha un profumo complesso e poco complesso.,La pasta del formaggio presenta un colore carico al centro.,data/data/images_flat/2018-2019_Trentingrana__2019-03-26__P3b_307_fetta.bmp
Il formaggio ha un profumo complesso e poco complesso.,La pasta del formaggio è di colore chiaro e uniforme.,data/data/images_flat/2018-2019_Trentingrana__2019-03-26__P3b_307_fetta.bmp
La pasta del formaggio è a grana fine con cristalli ben percettibili.,La pasta del formaggio è di colore omogeneo e chiaro.,data/data/images_flat/2018-2019_Trentingrana__2019-03-26__P3b_307_fetta.bmp
Il formaggio ha un profumo di funghi freschi.,La pasta del formaggio è di colore chiaro.,data/data/images_flat/2018-2019_Trentingrana__2019-03-26__P3b_307_fetta.bmp
Il formaggio ha un sapore persistente e amaro.,La pasta del formaggio è di colore giallo chiaro con leggere macchioline rosate.,data/data/images_flat/2018-2019_Trentingrana__2019-03-26__P3b_307_fetta.bmp
"Il formaggio presenta una texture asciutta, poco solubile e che impasta la bocca.","La pasta del formaggio presenta un colore poco carico, leggermente più intenso al centro, e presenza di grani di tirosina.",data/data/images_flat/2018-2019_Trentingrana__2019-03-26__P3b_307_fetta.bmp
Il formaggio ha un aroma metallico.,La pasta del formaggio è di colore tendente al chiaro e uniforme.,data/data/images_flat/2018-2019_Trentingrana__2019-03-26__P3b_307_fetta.bmp
Il formaggio ha un sapore leggermente amaro e piccante.,"Il formaggio ha un profumo vegetale di fieno e balsamico, leggermente estraneo.",data/data/images_flat/2018-2019_Trentingrana__2018-11-14__P3b_314_fetta.bmp
"Il formaggio ha un profumo di burro fuso, latte cotto e tostatura.","Il formaggio ha un profumo di crosta, verdure lesse e tostato intenso.",data/data/images_flat/2018-2019_Trentingrana__2018-11-14__P3b_314_fetta.bmp
La pasta del formaggio presenta una frattura irregolare e leggere striature.,Il formaggio ha un profumo ossidato e stantio.,data/data/images_flat/2018-2019_Trentingrana__2018-11-14__P3b_314_fetta.bmp
La pasta del formaggio presenta una frattura irregolare e struttura abbastanza omogenea.,Il formaggio ha un profumo di frutta secca e crosta di formaggio stagionato.,data/data/images_flat/2018-2019_Trentingrana__2018-11-14__P3b_314_fetta.bmp
La pasta del formaggio presenta una frattura irregolare e struttura granulosa.,Il formaggio ha un profumo leggero.,data/data/images_flat/2018-2019_Trentingrana__2018-11-14__P3b_314_fetta.bmp
Il formaggio ha un profumo di burro fuso e panna.,Il formaggio ha un profumo pungente di formaggio stagionato.,data/data/images_flat/2018-2019_Trentingrana__2018-11-14__P3b_314_fetta.bmp
Il formaggio presenta una texture poco solubile.,"Il formaggio ha un profumo animale con note di tostato deciso, liquirizia, caramello scuro e cacao.",data/data/images_flat/2018-2019_Trentingrana__2018-11-14__P3b_314_fetta.bmp
La crosta del formaggio è mediamente spessa.,Il formaggio ha un profumo di verdure cotte predominante.,data/data/images_flat/2018-2019_Trentingrana__2018-11-14__P3b_314_fetta.bmp
Il formaggio ha un profumo di brodo vegetale.,Il formaggio ha un profumo di frutta con note di latte acido.,data/data/images_flat/2018-2019_Trentingrana__2018-11-14__P3b_314_fetta.bmp
Il formaggio ha un sapore salato.,Il formaggio ha un sapore piccante con note di stalla.,data/data/images_flat/2018-2019_Trentingrana__2018-11-14__P3b_314_fetta.bmp
"Il formaggio presenta una texture asciutta, granulosa e poco solubile.","Il formaggio ha un sapore acido, salato e umami.",data/data/images_flat/2018-2019_Trentingrana__2018-11-14__P3b_314_fetta.bmp
"La pasta del formaggio presenta una frattura irregolare, grana fine e microocchiatura diffusa.",Il formaggio ha un sapore leggermente salato con note umami e piccante.,data/data/images_flat/2018-2019_Trentingrana__2018-11-14__P3b_314_fetta.bmp
La crosta del formaggio è spessa.,Il formaggio ha un sapore amaro.,data/data/images_flat/2018-2019_Trentingrana__2018-11-14__P3b_314_fetta.bmp
La pasta del formaggio presenta una frattura irregolare e struttura granulare.,Il formaggio ha un sapore salato con punta di piccante.,data/data/images_flat/2018-2019_Trentingrana__2018-11-14__P3b_314_fetta.bmp
La pasta del formaggio è granulosa.,Il formaggio ha un sapore tendente al piccante.,data/data/images_flat/2018-2019_Trentingrana__2018-11-14__P3b_314_fetta.bmp
La pasta del formaggio presenta una microocchiatura diffusa e frattura irregolare.,"Il formaggio ha un sapore eccessivamente salato, vuoto di umami, con note amare e senza dolcezza.",data/data/images_flat/2018-2019_Trentingrana__2018-11-14__P3b_314_fetta.bmp
Il formaggio ha un sapore piccante.,Il formaggio ha un sapore piccante e molto salato.,data/data/images_flat/2018-2019_Trentingrana__2018-11-14__P3b_314_fetta.bmp
Il formaggio presenta una texture poco solubile.,Il formaggio ha un sapore salato e piccante.,data/data/images_flat/2018-2019_Trentingrana__2018-11-14__P3b_314_fetta.bmp
Il formaggio ha un profumo di brodo vegetale.,Il formaggio ha un sapore sapido e leggermente piccante.,data/data/images_flat/2018-2019_Trentingrana__2018-11-14__P3b_314_fetta.bmp
La pasta del formaggio è di colore omogeneo.,Il formaggio ha un aroma cotto.,data/data/images_flat/2018-2019_Trentingrana__2018-11-14__P3b_314_fetta.bmp
Il formaggio ha un sapore acido e amaro.,Il formaggio ha un aroma bruciato.,data/data/images_flat/2018-2019_Trentingrana__2018-11-14__P3b_314_fetta.bmp
"Il formaggio ha un sapore leggermente amaro, non dolce.",Il formaggio ha un aroma ossidato.,data/data/images_flat/2018-2019_Trentingrana__2018-11-14__P3b_314_fetta.bmp
La crosta del formaggio è mediamente spessa.,Il formaggio ha un aroma tostato con note di crosta di formaggio.,data/data/images_flat/2018-2019_Trentingrana__2018-11-14__P3b_314_fetta.bmp
"La pasta del formaggio presenta una frattura irregolare, grana fine e microocchiatura diffusa.",Il formaggio ha un aroma di latte cotto e crosta di formaggio.,data/data/images_flat/2018-2019_Trentingrana__2018-11-14__P3b_314_fetta.bmp
"Il formaggio ha un sapore con sapidità prevalente seguita da dolcezza, nel complesso abbastanza equilibrato.",Il formaggio presenta una texture granulosa con cristalli evidenti.,data/data/images_flat/2018-2019_Trentingrana__2018-11-14__P3b_314_fetta.bmp
La pasta del formaggio è di colore omogeneo.,"Il formaggio presenta una texture dura, granulosa, leggermente asciutta, con cristalli.",data/data/images_flat/2018-2019_Trentingrana__2018-11-14__P3b_314_fetta.bmp
Il formaggio ha un profumo di brodo vegetale.,"Il formaggio presenta una texture friabile, non asciutta, con microcristalli e grossi cristalli presenti, che asciuga nel finale.",data/data/images_flat/2018-2019_Trentingrana__2018-11-14__P3b_314_fetta.bmp
Il formaggio ha un sapore salato.,Il formaggio presenta una texture con cristalli abbondanti.,data/data/images_flat/2018-2019_Trentingrana__2018-11-14__P3b_314_fetta.bmp
La pasta del formaggio è di colore omogeneo.,Il formaggio presenta una texture leggermente adesiva.,data/data/images_flat/2018-2019_Trentingrana__2018-11-14__P3b_314_fetta.bmp
La pasta del formaggio è granulosa.,La crosta del formaggio è mediamente spessa.,data/data/images_flat/2018-2019_Trentingrana__2018-11-14__P3b_314_fetta.bmp
La pasta del formaggio è di colore paglierino chiaro omogeneo.,La crosta del formaggio è sottile con spigoli marcati.,data/data/images_flat/2018-2019_Trentingrana__2018-11-14__P3b_314_fetta.bmp
"La pasta del formaggio presenta una frattura irregolare, grana fine e microocchiatura diffusa.",La crosta del formaggio è mediamente spessa.,data/data/images_flat/2018-2019_Trentingrana__2018-11-14__P3b_314_fetta.bmp
La crosta del formaggio è spessa.,La crosta del formaggio è mediamente spessa.,data/data/images_flat/2018-2019_Trentingrana__2018-11-14__P3b_314_fetta.bmp
Il formaggio ha un profumo di brodo.,La crosta del formaggio è molto sottile con spigoli pronunciati.,data/data/images_flat/2018-2019_Trentingrana__2018-11-14__P3b_314_fetta.bmp
Il formaggio ha un profumo di brodo.,La pasta del formaggio è fine con uno strappo da gonfiore clostridico.,data/data/images_flat/2018-2019_Trentingrana__2018-11-14__P3b_314_fetta.bmp
Il formaggio ha un profumo di brodo di carne.,"La pasta del formaggio presenta una grana media, qualche microocchiatura fine e frattura leggermente irregolare.",data/data/images_flat/2018-2019_Trentingrana__2018-11-14__P3b_314_fetta.bmp
"Il formaggio ha un profumo di latte cotto, burro fuso, fieno e brodo di carne, con sentore vegetale di fieno.",La pasta del formaggio è stirata.,data/data/images_flat/2018-2019_Trentingrana__2018-11-14__P3b_314_fetta.bmp
Il formaggio ha un profumo di brodo.,La pasta del formaggio è bella ma leggermente arrotondata.,data/data/images_flat/2018-2019_Trentingrana__2018-11-14__P3b_314_fetta.bmp
La crosta del formaggio è mediamente spessa.,La pasta del formaggio presenta una bella grana e uno strappo.,data/data/images_flat/2018-2019_Trentingrana__2018-11-14__P3b_314_fetta.bmp
"Il formaggio ha un profumo di burro fuso con note di tostato e brodo, poco affumicato.","La pasta del formaggio non è del tutto strutturata, con occhiatura sparsa e fratture pronunciate.",data/data/images_flat/2018-2019_Trentingrana__2018-11-14__P3b_314_fetta.bmp
Il formaggio ha un sapore leggermente salato.,La pasta del formaggio è di colore abbastanza omogeneo.,data/data/images_flat/2018-2019_Trentingrana__2018-11-14__P3b_314_fetta.bmp
La crosta del formaggio è spessa.,La pasta del formaggio è di colore abbastanza uniforme.,data/data/images_flat/2018-2019_Trentingrana__2018-11-14__P3b_314_fetta.bmp
Il formaggio ha un profumo di brodo di carne.,La pasta del formaggio è di colore giallo chiaro con leggere sfumature grigiastre verso gli scalzi.,data/data/images_flat/2018-2019_Trentingrana__2018-11-14__P3b_314_fetta.bmp
La pasta del formaggio presenta una frattura irregolare e struttura granulosa.,La pasta del formaggio presenta leggero grigio nella zona sottocrosca.,data/data/images_flat/2018-2019_Trentingrana__2018-11-14__P3b_314_fetta.bmp
"Il formaggio ha un sapore con sapidità pronunciata, umami medio-alto e lieve retrogusto amaro, poco equilibrato.",La pasta del formaggio è di colore chiaro uniforme.,data/data/images_flat/2018-2019_Trentingrana__2018-11-14__P3b_314_fetta.bmp
Il formaggio ha un sapore acido.,Il formaggio ha un profumo di note lattiche bruciate con sentori caratteristici.,data/data/images_flat/2018-2019_Trentingrana__2018-09-19__P5a_323_fetta.bmp
Il formaggio ha un profumo di brodo.,Il formaggio ha un profumo di fermentato.,data/data/images_flat/2018-2019_Trentingrana__2018-09-19__P5a_323_fetta.bmp
Il formaggio presenta una texture con cristalli presenti.,Il formaggio ha un profumo di yogurt.,data/data/images_flat/2018-2019_Trentingrana__2018-09-19__P5a_323_fetta.bmp
La pasta del formaggio presenta una microocchiatura molto diffusa e frattura regolare.,Il formaggio ha un profumo con sentore di fermentato.,data/data/images_flat/2018-2019_Trentingrana__2018-09-19__P5a_323_fetta.bmp
Il formaggio ha un profumo di brodo.,"Il formaggio ha un profumo di grana, latte e floreale.",data/data/images_flat/2018-2019_Trentingrana__2018-09-19__P5a_323_fetta.bmp
La pasta del formaggio è di colore omogeneo.,Il formaggio ha un profumo dolciastro di cavolfiore cotto.,data/data/images_flat/2018-2019_Trentingrana__2018-09-19__P5a_323_fetta.bmp
Il formaggio presenta una texture con cristalli percettibili.,"Il formaggio ha un sapore con elevata sapidità e umami, piuttosto piccante e bruciante in chiusura, con leggero retrogusto amaro.",data/data/images_flat/2018-2019_Trentingrana__2018-09-19__P5a_323_fetta.bmp
La pasta del formaggio è di colore giallo carico omogeneo.,Il formaggio ha un sapore molto sbilanciato sull'umami.,data/data/images_flat/2018-2019_Trentingrana__2018-09-19__P5a_323_fetta.bmp
Il formaggio ha un sapore leggermente amaro.,Il formaggio ha un sapore leggermente salato e piccante.,data/data/images_flat/2018-2019_Trentingrana__2018-09-19__P5a_323_fetta.bmp
"La pasta del formaggio presenta una bella frattura, microocchiatura a tratti e grana non molto profilata.",Il formaggio ha un sapore salato e non equilibrato.,data/data/images_flat/2018-2019_Trentingrana__2018-09-19__P5a_323_fetta.bmp
La crosta del formaggio è mediamente spessa.,Il formaggio ha un sapore equilibrato con finale amarognolo.,data/data/images_flat/2018-2019_Trentingrana__2018-09-19__P5a_323_fetta.bmp
Il formaggio ha un profumo di brodo di carne.,Il formaggio ha un sapore leggermente amaro.,data/data/images_flat/2018-2019_Trentingrana__2018-09-19__P5a_323_fetta.bmp
Il formaggio ha un sapore salato.,Il formaggio ha un sapore salato.,data/data/images_flat/2018-2019_Trentingrana__2018-09-19__P5a_323_fetta.bmp
La pasta del formaggio presenta una microocchiatura diffusa.,Il formaggio presenta una texture con cristalli percettibili.,data/data/images_flat/2018-2019_Trentingrana__2018-09-19__P5a_323_fetta.bmp
La crosta del formaggio è mediamente spessa.,Il formaggio presenta una texture friabile che lascia la bocca impastata.,data/data/images_flat/2018-2019_Trentingrana__2018-09-19__P5a_323_fetta.bmp
"La pasta del formaggio è di colore giallo abbastanza carico, leggermente alonata.",Il formaggio presenta una texture granulosa con pochi cristalli.,data/data/images_flat/2018-2019_Trentingrana__2018-09-19__P5a_323_fetta.bmp
La pasta del formaggio è abbastanza regolare con grana grossolana.,"La crosta del formaggio presenta una parte piatta mediamente spessa, scalzo spessa, spigoli pronunciati e spessore medio.",data/data/images_flat/2018-2019_Trentingrana__2018-09-19__P5a_323_fetta.bmp
La pasta del formaggio presenta una microocchiatura diffusa.,La crosta del formaggio è spessa sui lati e negli angoli.,data/data/images_flat/2018-2019_Trentingrana__2018-09-19__P5a_323_fetta.bmp
Il formaggio presenta una texture pastosa e asciutta.,La crosta del formaggio è irregolare.,data/data/images_flat/2018-2019_Trentingrana__2018-09-19__P5a_323_fetta.bmp
La pasta del formaggio è leggermente stirata.,La crosta del formaggio è mediamente spessa.,data/data/images_flat/2018-2019_Trentingrana__2018-09-19__P5a_323_fetta.bmp
La pasta del formaggio è di colore omogeneo.,La crosta del formaggio è spessa.,data/data/images_flat/2018-2019_Trentingrana__2018-09-19__P5a_323_fetta.bmp
La pasta del formaggio è abbastanza omogenea con grana grossolana e una fessura.,La crosta del formaggio è mediamente spessa.,data/data/images_flat/2018-2019_Trentingrana__2018-09-19__P5a_323_fetta.bmp
"La pasta del formaggio è grossolana e fine, con frattura media e microocchiatura diffusa.",La crosta del formaggio è mediamente spessa.,data/data/images_flat/2018-2019_Trentingrana__2018-09-19__P5a_323_fetta.bmp
"Il formaggio presenta una texture compatta, poco friabile e deformabile.",La crosta del formaggio è mediamente spessa con spigoli pronunciati.,data/data/images_flat/2018-2019_Trentingrana__2018-09-19__P5a_323_fetta.bmp
"Il formaggio presenta una texture friabile con cristalli grossi, microstruttura fine e finale deliquescente e farinosa.",La pasta del formaggio presenta una frattura poco irregolare e qualche microocchiatura.,data/data/images_flat/2018-2019_Trentingrana__2018-09-19__P5a_323_fetta.bmp
Il formaggio presenta una texture pastosa e poco solubile.,La pasta del formaggio è granulosa.,data/data/images_flat/2018-2019_Trentingrana__2018-09-19__P5a_323_fetta.bmp
La pasta del formaggio è di colore paglierino omogeneo.,La pasta del formaggio è granulosa e regolare.,data/data/images_flat/2018-2019_Trentingrana__2018-09-19__P5a_323_fetta.bmp
Il formaggio ha un profumo di grana e burro.,La pasta del formaggio presenta microocchiature e dittatura al centro.,data/data/images_flat/2018-2019_Trentingrana__2018-09-19__P5a_323_fetta.bmp
La crosta del formaggio è mediamente spessa.,La pasta del formaggio è bella ma non del tutto omogenea.,data/data/images_flat/2018-2019_Trentingrana__2018-09-19__P5a_323_fetta.bmp
La crosta del formaggio è mediamente spessa.,"La pasta del formaggio presenta una grana grossolana e assenza di grana fine, occhiatura assente e frattura media.",data/data/images_flat/2018-2019_Trentingrana__2018-09-19__P5a_323_fetta.bmp
Il formaggio presenta una texture abbastanza solubile.,"La pasta del formaggio presenta un colore non omogeneo, più marcato nel centro e più chiaro in sottocrosta.",data/data/images_flat/2018-2019_Trentingrana__2018-09-19__P5a_323_fetta.bmp
"La pasta del formaggio presenta una microocchiatura centrale, frattura irregolare e grana grandiosa, cristalli ben percepibili.",La pasta del formaggio è più scura al centro con chiazza rosata.,data/data/images_flat/2018-2019_Trentingrana__2018-09-19__P5a_323_fetta.bmp
La pasta del formaggio presenta una microocchiatura diffusa e grana grossolana.,La pasta del formaggio presenta un colore poco omogeneo.,data/data/images_flat/2018-2019_Trentingrana__2018-09-19__P5a_323_fetta.bmp
La pasta del formaggio presenta una microocchiatura molto diffusa che conferisce aspetto spugnoso.,La pasta del formaggio è di colore giallo poco carico con alone più scuro al centro.,data/data/images_flat/2018-2019_Trentingrana__2018-09-19__P5a_323_fetta.bmp
La pasta del formaggio è leggermente stirata.,La pasta del formaggio è di colore giallo carico.,data/data/images_flat/2018-2019_Trentingrana__2018-09-19__P5a_323_fetta.bmp
Il formaggio ha un sapore dolce e leggermente piccante in finale.,La pasta del formaggio presenta un colore più carico al centro rispetto alla zona vicino ai piatti.,data/data/images_flat/2018-2019_Trentingrana__2018-09-19__P5a_323_fetta.bmp
Il formaggio ha un sapore leggermente amaro.,La pasta del formaggio è di colore intenso al centro.,data/data/images_flat/2018-2019_Trentingrana__2018-09-19__P5a_323_fetta.bmp
La pasta del formaggio presenta una microocchiatura e struttura regolare.,"La pasta del formaggio presenta un colore non molto omogeneo, più carico al centro.",data/data/images_flat/2018-2019_Trentingrana__2018-09-19__P5a_323_fetta.bmp
Il formaggio ha un sapore salato.,La pasta del formaggio è di colore giallo troppo carico.,data/data/images_flat/2018-2019_Trentingrana__2018-09-19__P5a_323_fetta.bmp
"Il formaggio presenta una texture asciutta, che impasta la bocca e lascia residuo.",Il formaggio ha un profumo lattico intenso con lievi sentori fermentati e animali.,data/data/images_flat/2018-2019_Trentingrana__2018-09-26__P1b_302_fetta.bmp
La crosta del formaggio è mediamente spessa.,Il formaggio ha un profumo di caramella mou e latte cotto.,data/data/images_flat/2018-2019_Trentingrana__2018-09-26__P1b_302_fetta.bmp
La pasta del formaggio è di colore chiaro e abbastanza omogeneo.,"Il formaggio ha un profumo molto leggero, quasi impercettibile.",data/data/images_flat/2018-2019_Trentingrana__2018-09-26__P1b_302_fetta.bmp
"Il formaggio presenta una texture granulosa, solubile e mediamente asciutta.",Il formaggio ha un profumo leggero di pane e lievito.,data/data/images_flat/2018-2019_Trentingrana__2018-09-26__P1b_302_fetta.bmp
Il formaggio ha un profumo di brodo.,Il formaggio ha un profumo leggero e poco caratterizzato.,data/data/images_flat/2018-2019_Trentingrana__2018-09-26__P1b_302_fetta.bmp
"La pasta del formaggio è a grana fine, con striature e piccoli cristalli evidenti.",Il formaggio ha un profumo mediamente complesso con note dolciastre e mature.,data/data/images_flat/2018-2019_Trentingrana__2018-09-26__P1b_302_fetta.bmp
Il formaggio ha un sapore equilibrato.,Il formaggio ha un profumo intenso di grana.,data/data/images_flat/2018-2019_Trentingrana__2018-09-26__P1b_302_fetta.bmp
La crosta del formaggio è mediamente spessa.,"Il formaggio ha un sapore sapido con umami, piccantezza media e leggera acidità, nota metallica.",data/data/images_flat/2018-2019_Trentingrana__2018-09-26__P1b_302_fetta.bmp
"Il formaggio presenta una texture granulosa, solubile e mediamente dura.",Il formaggio ha un sapore piccante percepito ma non eccessivo.,data/data/images_flat/2018-2019_Trentingrana__2018-09-26__P1b_302_fetta.bmp
Il formaggio ha un profumo di latte cotto e cipolla.,Il formaggio ha un sapore sapido e dolce.,data/data/images_flat/2018-2019_Trentingrana__2018-09-26__P1b_302_fetta.bmp
La pasta del formaggio è di colore leggermente carico al centro.,Il formaggio ha un sapore amaro.,data/data/images_flat/2018-2019_Trentingrana__2018-09-26__P1b_302_fetta.bmp
Il formaggio ha un sapore salato.,Il formaggio ha un sapore amaro e acido.,data/data/images_flat/2018-2019_Trentingrana__2018-09-26__P1b_302_fetta.bmp
Il formaggio ha un sapore equilibrato.,"Il formaggio ha un sapore pieno e piccante con umami, non dolce.",data/data/images_flat/2018-2019_Trentingrana__2018-09-26__P1b_302_fetta.bmp
"Il formaggio presenta una texture morbida, granulosa con cristalli evidenti, poco solubile e poco perle.",Il formaggio ha un sapore salato e leggermente piccante al finale.,data/data/images_flat/2018-2019_Trentingrana__2018-09-26__P1b_302_fetta.bmp
Il formaggio ha un profumo di panna.,Il formaggio ha un sapore molto sapido con umami.,data/data/images_flat/2018-2019_Trentingrana__2018-09-26__P1b_302_fetta.bmp
"Il formaggio presenta una texture morbida e pastosa, grana fine e solubile, cristalli ben percepibili.",Il formaggio ha un sapore salato.,data/data/images_flat/2018-2019_Trentingrana__2018-09-26__P1b_302_fetta.bmp
La crosta del formaggio è mediamente spessa.,"Il formaggio ha un aroma con note lattiche cotte e note animali, non solo di glutammato.",data/data/images_flat/2018-2019_Trentingrana__2018-09-26__P1b_302_fetta.bmp
Il formaggio ha un sapore equilibrato con note dolci piacevoli all'inizio e finale leggermente acidulo.,Il formaggio ha un aroma di latte cotto.,data/data/images_flat/2018-2019_Trentingrana__2018-09-26__P1b_302_fetta.bmp
Il formaggio ha un sapore leggermente amaro.,Il formaggio ha un aroma di panna e leggero sentore di cotto.,data/data/images_flat/2018-2019_Trentingrana__2018-09-26__P1b_302_fetta.bmp
La pasta del formaggio è di colore giallo chiaro con tonalità media dimensione nelle zone di colore giallo.,Il formaggio ha un aroma di burro e brodo.,data/data/images_flat/2018-2019_Trentingrana__2018-09-26__P1b_302_fetta.bmp
Il formaggio ha un profumo di burro fuso e formaggio cotto.,"Il formaggio presenta una texture leggermente cedevole, poco aggregata ma solubile.",data/data/images_flat/2018-2019_Trentingrana__2018-09-26__P1b_302_fetta.bmp
"La pasta del formaggio è a grana fine, con striature.",Il formaggio presenta una texture adesiva.,data/data/images_flat/2018-2019_Trentingrana__2018-09-26__P1b_302_fetta.bmp
La crosta del formaggio è mediamente spessa.,Il formaggio presenta una texture solubile.,data/data/images_flat/2018-2019_Trentingrana__2018-09-26__P1b_302_fetta.bmp
Il formaggio presenta una texture friabile ma asciutta.,Il formaggio presenta una texture pastosa.,data/data/images_flat/2018-2019_Trentingrana__2018-09-26__P1b_302_fetta.bmp
La crosta del formaggio è mediamente spessa.,"Il formaggio presenta una texture asciutta, granulosa con cristalli e ben solubile.",data/data/images_flat/2018-2019_Trentingrana__2018-09-26__P1b_302_fetta.bmp
Il formaggio presenta una texture pastosa.,"Il formaggio presenta una texture umida, cedevole e pastosa, con poca struttura.",data/data/images_flat/2018-2019_Trentingrana__2018-09-26__P1b_302_fetta.bmp
La crosta del formaggio è mediamente spessa.,"Il formaggio presenta una texture asciutta, pastosa e poco solubile.",data/data/images_flat/2018-2019_Trentingrana__2018-09-26__P1b_302_fetta.bmp
"Il formaggio ha un sapore amaro, piccante e persistente.",Il formaggio presenta una texture leggermente gommosa.,data/data/images_flat/2018-2019_Trentingrana__2018-09-26__P1b_302_fetta.bmp
Il formaggio ha un sapore amaro e piccante.,La crosta del formaggio è mediamente spessa.,data/data/images_flat/2018-2019_Trentingrana__2018-09-26__P1b_302_fetta.bmp
Il formaggio ha un profumo di brodo.,La crosta del formaggio è molto sottile in alcuni punti.,data/data/images_flat/2018-2019_Trentingrana__2018-09-26__P1b_302_fetta.bmp
"La crosta del formaggio è sottile, con spessore poco deciso.",La crosta del formaggio è mediamente spessa.,data/data/images_flat/2018-2019_Trentingrana__2018-09-26__P1b_302_fetta.bmp
La crosta del formaggio è mediamente spessa.,"La crosta del formaggio è sottile, di colore chiaro.",data/data/images_flat/2018-2019_Trentingrana__2018-09-26__P1b_302_fetta.bmp
"La pasta del formaggio presenta una frattura a grana regolare, sfogliature e microocchiature diffuse al centro.",La crosta del formaggio è mediamente spessa.,data/data/images_flat/2018-2019_Trentingrana__2018-09-26__P1b_302_fetta.bmp
"Il formaggio presenta una texture umida, pastosa e quasi liquefabile.",La crosta del formaggio è mediamente spessa.,data/data/images_flat/2018-2019_Trentingrana__2018-09-26__P1b_302_fetta.bmp
Il formaggio ha un sapore amaro e piccante.,La pasta del formaggio è regolare con grana abbastanza fine.,data/data/images_flat/2018-2019_Trentingrana__2018-09-26__P1b_302_fetta.bmp
Il formaggio ha un profumo di brodo vegetale e formaggio cotto.,"La pasta del formaggio è grossolana, pronunciata e omogenea.",data/data/images_flat/2018-2019_Trentingrana__2018-09-26__P1b_302_fetta.bmp
"Il formaggio presenta una texture asciutta, poco solubile, lascia sensazione farinosa in bocca.",La pasta del formaggio è grandiosa con discreto taglio.,data/data/images_flat/2018-2019_Trentingrana__2018-09-26__P1b_302_fetta.bmp
Il formaggio ha un profumo di latte cotto e minestrone di verdura.,La pasta del formaggio non è omogenea.,data/data/images_flat/2018-2019_Trentingrana__2018-09-26__P1b_302_fetta.bmp
Il formaggio ha un profumo di brodo.,La pasta del formaggio è grossolana con qualche microocchiatura.,data/data/images_flat/2018-2019_Trentingrana__2018-09-26__P1b_302_fetta.bmp
Il formaggio presenta una texture umida e solubile in bocca.,La pasta del formaggio presenta microocchiature e grana piatta.,data/data/images_flat/2018-2019_Trentingrana__2018-09-26__P1b_302_fetta.bmp
La crosta del formaggio è mediamente spessa.,La pasta del formaggio è omogenea con qualche piccola occhiatura.,data/data/images_flat/2018-2019_Trentingrana__2018-09-26__P1b_302_fetta.bmp
La crosta del formaggio è mediamente spessa.,"La pasta del formaggio presenta una frattura regolare, poco granulosa e tendente allo stirato.",data/data/images_flat/2018-2019_Trentingrana__2018-09-26__P1b_302_fetta.bmp
"Il formaggio presenta una texture granulosa, solubile e mediamente asciutta.",La pasta del formaggio è piuttosto grossolana con frattura media.,data/data/images_flat/2018-2019_Trentingrana__2018-09-26__P1b_302_fetta.bmp
La crosta del formaggio è mediamente spessa.,"La pasta del formaggio presenta una microocchiatura, agglomerati bianchi evidenti e striature centrali leggibili.",data/data/images_flat/2018-2019_Trentingrana__2018-09-26__P1b_302_fetta.bmp
"La pasta del formaggio presenta una bella struttura granulosa, microocchiatura e frattura irregolare.",La pasta del formaggio è più chiara nella zona sottocorticale ma abbastanza omogenea nel colore.,data/data/images_flat/2018-2019_Trentingrana__2018-09-26__P1b_302_fetta.bmp
"La pasta del formaggio è a grana fine, con microocchiatura nella metà della forma e stiratura sottocrosta.",La pasta del formaggio è di colore giallo paglierino marcato.,data/data/images_flat/2018-2019_Trentingrana__2018-09-26__P1b_302_fetta.bmp
"La pasta del formaggio è a grana fine, con striature al centro.",La pasta del formaggio è di colore abbastanza chiaro e omogeneo.,data/data/images_flat/2018-2019_Trentingrana__2018-09-26__P1b_302_fetta.bmp
Il formaggio ha un sapore equilibrato.,La pasta del formaggio è di colore abbastanza chiaro e uniforme.,data/data/images_flat/2018-2019_Trentingrana__2018-09-26__P1b_302_fetta.bmp
La pasta del formaggio è di colore omogeneo.,La pasta del formaggio è di colore leggermente carico e omogeneo.,data/data/images_flat/2018-2019_Trentingrana__2018-09-26__P1b_302_fetta.bmp
La pasta del formaggio è di colore paglierino chiaro con tonalità quasi rosato.,La pasta del formaggio non è molto chiara ma abbastanza omogenea.,data/data/images_flat/2018-2019_Trentingrana__2018-09-26__P1b_302_fetta.bmp
La pasta del formaggio è di colore abbastanza omogeneo.,La pasta del formaggio è di colore abbastanza omogeneo e chiaro.,data/data/images_flat/2018-2019_Trentingrana__2018-09-26__P1b_302_fetta.bmp
Il formaggio ha un sapore piccante e salato.,La pasta del formaggio è di colore carico ma omogeneo.,data/data/images_flat/2018-2019_Trentingrana__2018-09-26__P1b_302_fetta.bmp
La crosta del formaggio è mediamente spessa.,La pasta del formaggio è di colore giallo carico omogeneo.,data/data/images_flat/2018-2019_Trentingrana__2018-09-26__P1b_302_fetta.bmp
Il formaggio ha un sapore piccante e salato.,La pasta del formaggio è di colore chiaro tendente al grigio.,data/data/images_flat/2018-2019_Trentingrana__2018-09-26__P1b_302_fetta.bmp
Il formaggio ha un aroma di burro cotto e crosta.,Il formaggio ha un profumo di burro fuso.,data/data/images_flat/2018-2019_Trentingrana__2019-03-20__P5b_316_fetta.bmp
La pasta del formaggio presenta una microocchiatura centrale che conferisce aspetto leggermente spugnoso.,Il formaggio ha un profumo di panna.,data/data/images_flat/2018-2019_Trentingrana__2019-03-20__P5b_316_fetta.bmp
Il formaggio ha un aroma di brodo e fieno.,Il formaggio ha un profumo caratteristico con lieve nota pungente.,data/data/images_flat/2018-2019_Trentingrana__2019-03-20__P5b_316_fetta.bmp
La crosta del formaggio è sottile.,Il formaggio ha un sapore leggermente salato e piccante.,data/data/images_flat/2018-2019_Trentingrana__2019-03-20__P5b_316_fetta.bmp
Il formaggio ha un profumo di cavolfiore.,Il formaggio ha un sapore umami e equilibrato.,data/data/images_flat/2018-2019_Trentingrana__2019-03-20__P5b_316_fetta.bmp
La pasta del formaggio presenta una microocchiatura.,Il formaggio ha un sapore leggermente amaro da subito.,data/data/images_flat/2018-2019_Trentingrana__2019-03-20__P5b_316_fetta.bmp
La crosta del formaggio è sottile sulla parte piatta.,"Il formaggio ha un sapore con sapidità elevata, umami equilibrato e piccantezza marcata.",data/data/images_flat/2018-2019_Trentingrana__2019-03-20__P5b_316_fetta.bmp
Il formaggio ha un aroma di brodo.,Il formaggio ha un sapore salato.,data/data/images_flat/2018-2019_Trentingrana__2019-03-20__P5b_316_fetta.bmp
Il formaggio ha un aroma di brodo.,"Il formaggio ha un aroma di latte animale e letame, poco tipico del grana.",data/data/images_flat/2018-2019_Trentingrana__2019-03-20__P5b_316_fetta.bmp
Il formaggio ha un profumo di cavolfiore.,Il formaggio ha un aroma di burro fuso.,data/data/images_flat/2018-2019_Trentingrana__2019-03-20__P5b_316_fetta.bmp
La crosta del formaggio è spessa con sottocrosta aranciata.,"Il formaggio ha un aroma di lattici cotti, tostati, con note erbacee, brodo vegetale e animale.",data/data/images_flat/2018-2019_Trentingrana__2019-03-20__P5b_316_fetta.bmp
"Il formaggio ha un aroma di cacao amaro, note lattiche cotte e note di crosta di formaggio.","Il formaggio ha un aroma lattico evoluto, burro fuso con sentori di fieno e brodo, caratteristico.",data/data/images_flat/2018-2019_Trentingrana__2019-03-20__P5b_316_fetta.bmp
Il formaggio ha un profumo di brodo.,"Il formaggio presenta una texture asciutta, morbida e poco solubile.",data/data/images_flat/2018-2019_Trentingrana__2019-03-20__P5b_316_fetta.bmp
La pasta del formaggio è ruvida e grossolana.,Il formaggio presenta una texture solubile e granulosa.,data/data/images_flat/2018-2019_Trentingrana__2019-03-20__P5b_316_fetta.bmp
Il formaggio ha un profumo di ananas.,Il formaggio presenta una texture compatta.,data/data/images_flat/2018-2019_Trentingrana__2019-03-20__P5b_316_fetta.bmp
La crosta del formaggio è sottile.,"Il formaggio presenta una texture granulosa, solubile, leggermente asciutta con zone più umide.",data/data/images_flat/2018-2019_Trentingrana__2019-03-20__P5b_316_fetta.bmp
Il formaggio ha un aroma di erbe amare.,Il formaggio presenta una texture con cristalli presenti.,data/data/images_flat/2018-2019_Trentingrana__2019-03-20__P5b_316_fetta.bmp
La crosta del formaggio è mediamente spessa.,La crosta del formaggio è mediamente spessa.,data/data/images_flat/2018-2019_Trentingrana__2019-03-20__P5b_316_fetta.bmp
La crosta del formaggio è sottile.,"La crosta del formaggio presenta una sottocrosta marcata, soprattutto nella parte piatta.",data/data/images_flat/2018-2019_Trentingrana__2019-03-20__P5b_316_fetta.bmp
Il formaggio presenta una texture poco solubile.,La crosta del formaggio è mediamente spessa.,data/data/images_flat/2018-2019_Trentingrana__2019-03-20__P5b_316_fetta.bmp
Il formaggio ha un aroma di cavolfiore.,La pasta del formaggio presenta un'occhiatura fitta.,data/data/images_flat/2018-2019_Trentingrana__2019-03-20__P5b_316_fetta.bmp
La pasta del formaggio è dall'aspetto grandioso con qualche piccola occhiatura sparsa e cristalli.,La pasta del formaggio è striata e spugnosa.,data/data/images_flat/2018-2019_Trentingrana__2019-03-20__P5b_316_fetta.bmp
La pasta del formaggio presenta una microocchiatura centrale.,La pasta del formaggio presenta una microocchiatura diffusa e piccole zone stirate.,data/data/images_flat/2018-2019_Trentingrana__2019-03-20__P5b_316_fetta.bmp
Il formaggio presenta una texture umida e solubile.,La pasta del formaggio è stirata con microocchiatura centrale che conferisce aspetto spugnoso.,data/data/images_flat/2018-2019_Trentingrana__2019-03-20__P5b_316_fetta.bmp
Il formaggio presenta una texture compatta ma poco friabile.,La pasta del formaggio presenta una microocchiatura diffusa.,data/data/images_flat/2018-2019_Trentingrana__2019-03-20__P5b_316_fetta.bmp
Il formaggio presenta una texture granulosa ma poco solubile.,La pasta del formaggio è spugnosa a tratti e stirata.,data/data/images_flat/2018-2019_Trentingrana__2019-03-20__P5b_316_fetta.bmp
"La pasta del formaggio presenta una frattura abbastanza regolare, struttura granulosa e tendente allo stirato, con microocchiatura in una zona.","La pasta del formaggio è stirata con bocciatura in zona centrale ampia, non uniformemente formata.",data/data/images_flat/2018-2019_Trentingrana__2019-03-20__P5b_316_fetta.bmp
"Il formaggio presenta una texture asciutta, poco solubile, lascia residuo.",La pasta del formaggio è di colore carico con banda più chiara nella zona sottocrostale e colore più scuro nella zona centrale.,data/data/images_flat/2018-2019_Trentingrana__2019-03-20__P5b_316_fetta.bmp
"Il formaggio presenta una texture con cristalli medio grossi, bocca pulita nel complesso.","La pasta del formaggio è di colore carico, tendente all'arancio.",data/data/images_flat/2018-2019_Trentingrana__2019-03-20__P5b_316_fetta.bmp
Il formaggio ha un profumo di cavolfiore.,La pasta del formaggio presenta un colore leggermente non omogeneo.,data/data/images_flat/2018-2019_Trentingrana__2019-03-20__P5b_316_fetta.bmp
Il formaggio ha un profumo di cavolfiore.,La pasta del formaggio è di colore giallo poco carico ma omogeneo.,data/data/images_flat/2018-2019_Trentingrana__2019-03-20__P5b_316_fetta.bmp
La pasta del formaggio è a grana fine e omogenea.,La pasta del formaggio è di colore giallo chiaro uniforme.,data/data/images_flat/2018-2019_Trentingrana__2019-03-20__P5b_316_fetta.bmp
La crosta del formaggio è molto sottile.,Il formaggio ha un profumo di vegetale e fieno.,data/data/images_flat/2018-2019_Trentingrana__2019-03-20__P1a_302_fetta.bmp
Il formaggio presenta una texture leggermente asciutta.,Il formaggio ha un profumo di panna con note di vegetale lesso.,data/data/images_flat/2018-2019_Trentingrana__2019-03-20__P1a_302_fetta.bmp
Il formaggio ha un sapore leggermente acido.,"Il formaggio ha un profumo poco intenso ma abbastanza caratteristico, con note di lattico cotto prevalenti e poco complesso.",data/data/images_flat/2018-2019_Trentingrana__2019-03-20__P1a_302_fetta.bmp
La pasta del formaggio presenta una frattura irregolare e microocchiatura.,Il formaggio ha un profumo poco intenso ma positivo.,data/data/images_flat/2018-2019_Trentingrana__2019-03-20__P1a_302_fetta.bmp
La crosta del formaggio è sottile.,Il formaggio ha un sapore salato.,data/data/images_flat/2018-2019_Trentingrana__2019-03-20__P1a_302_fetta.bmp
Il formaggio ha un sapore dolce poco equilibrato con salato.,Il formaggio ha un sapore piccante e acido.,data/data/images_flat/2018-2019_Trentingrana__2019-03-20__P1a_302_fetta.bmp
La pasta del formaggio è stirata al centro con microocchiatura.,Il formaggio ha un sapore piccante.,data/data/images_flat/2018-2019_Trentingrana__2019-03-20__P1a_302_fetta.bmp
"Il formaggio ha un sapore con sapidità prevalente seguita da dolcezza, nel complesso abbastanza equilibrato.",Il formaggio ha un sapore salato e leggermente piccante.,data/data/images_flat/2018-2019_Trentingrana__2019-03-20__P1a_302_fetta.bmp
La pasta del formaggio è stirata al centro.,Il formaggio ha un sapore molto salato con umami.,data/data/images_flat/2018-2019_Trentingrana__2019-03-20__P1a_302_fetta.bmp
Il formaggio ha un aroma di latte cotto e burro fuso.,Il formaggio ha un sapore dolce sapido con lieve piccantezza e buon umami.,data/data/images_flat/2018-2019_Trentingrana__2019-03-20__P1a_302_fetta.bmp
La pasta del formaggio presenta una frattura irregolare e microocchiatura.,Il formaggio ha un sapore salato e pungente.,data/data/images_flat/2018-2019_Trentingrana__2019-03-20__P1a_302_fetta.bmp
Il formaggio ha un aroma di latte cotto e burro fuso.,Il formaggio ha un aroma cotto.,data/data/images_flat/2018-2019_Trentingrana__2019-03-20__P1a_302_fetta.bmp
"Il formaggio presenta una texture friabile con microstruttura finissima, finale leggermente sabbioso.",Il formaggio ha un aroma di brodo di carne.,data/data/images_flat/2018-2019_Trentingrana__2019-03-20__P1a_302_fetta.bmp
"La pasta del formaggio presenta una frattura irregolare e interna, grana fine nelle zone stirate e microocchiatura fitta al centro.","Il formaggio ha un aroma di latte cotto e burro cotto prevalenti, caratteristico ma poco complesso.",data/data/images_flat/2018-2019_Trentingrana__2019-03-20__P1a_302_fetta.bmp
La crosta del formaggio è sottile.,Il formaggio ha un aroma di sedano.,data/data/images_flat/2018-2019_Trentingrana__2019-03-20__P1a_302_fetta.bmp
Il formaggio ha un aroma di brodo di carne.,"Il formaggio presenta una texture asciutta, granulosa con cristalli e poco solubile.",data/data/images_flat/2018-2019_Trentingrana__2019-03-20__P1a_302_fetta.bmp
La pasta del formaggio è leggermente stirata.,Il formaggio presenta una texture leggermente asciutta.,data/data/images_flat/2018-2019_Trentingrana__2019-03-20__P1a_302_fetta.bmp
La pasta del formaggio presenta una frattura irregolare e leggere striature.,Il formaggio presenta una texture leggermente adesiva.,data/data/images_flat/2018-2019_Trentingrana__2019-03-20__P1a_302_fetta.bmp
Il formaggio ha un profumo di latte cotto e panna.,"Il formaggio presenta una texture solubile, poca grana.",data/data/images_flat/2018-2019_Trentingrana__2019-03-20__P1a_302_fetta.bmp
Il formaggio ha un profumo di latte cotto e burro fuso con sentori di brodo e nota animale di paglia.,"Il formaggio presenta una texture leggermente cedevole, poco solubile ma granulosa.",data/data/images_flat/2018-2019_Trentingrana__2019-03-20__P1a_302_fetta.bmp
La pasta del formaggio presenta una frattura irregolare e leggere striature.,Il formaggio presenta una texture tenerissima con cristalli.,data/data/images_flat/2018-2019_Trentingrana__2019-03-20__P1a_302_fetta.bmp
La pasta del formaggio presenta una frattura irregolare e microocchiatura.,La crosta del formaggio presenta uno spessore non uniforme: sottile da un lato e molto sottile dall'altro.,data/data/images_flat/2018-2019_Trentingrana__2019-03-20__P1a_302_fetta.bmp
La crosta del formaggio è sottile.,"La crosta del formaggio è molto sottile, più spessa sulla parte piatta.",data/data/images_flat/2018-2019_Trentingrana__2019-03-20__P1a_302_fetta.bmp
"Il formaggio ha un aroma di latte cotto e burro cotto prevalenti, caratteristico ma poco complesso.",La crosta del formaggio presenta uno spessore diverso tra le facce.,data/data/images_flat/2018-2019_Trentingrana__2019-03-20__P1a_302_fetta.bmp
"Il formaggio presenta una texture molle e cedevole, senza grana.","La pasta del formaggio presenta una frattura profonda, occhiatura di medie dimensioni e altre fratture più piccole, zona con cristalli piatta.",data/data/images_flat/2018-2019_Trentingrana__2019-03-20__P1a_302_fetta.bmp
Il formaggio presenta una texture pastosa.,La pasta del formaggio presenta un grave difetto centrale caratterizzato da vivi e crepa profonda.,data/data/images_flat/2018-2019_Trentingrana__2019-03-20__P1a_302_fetta.bmp
La crosta del formaggio è molto sottile.,La pasta del formaggio presenta una frattura irregolare e disomogenea.,data/data/images_flat/2018-2019_Trentingrana__2019-03-20__P1a_302_fetta.bmp
Il formaggio ha un sapore leggermente acido.,La pasta del formaggio non è omogenea.,data/data/images_flat/2018-2019_Trentingrana__2019-03-20__P1a_302_fetta.bmp
"Il formaggio presenta una texture compatta, poco friabile e poco solubile.",La pasta del formaggio è stirata con uno strappo grosso e un'occhiatura.,data/data/images_flat/2018-2019_Trentingrana__2019-03-20__P1a_302_fetta.bmp
Il formaggio ha un sapore acido.,"La pasta del formaggio presenta una bella frattura e bella grana, con piccole sfoglie e una zona cavernosa.",data/data/images_flat/2018-2019_Trentingrana__2019-03-20__P1a_302_fetta.bmp
Il formaggio ha un sapore piccante e acido.,"La pasta del formaggio presenta un enorme occhio e spaccatura, grana poco formata e non uniforme, leggera occhiatura e alcune fessure.",data/data/images_flat/2018-2019_Trentingrana__2019-03-20__P1a_302_fetta.bmp
La crosta del formaggio è sottile.,La pasta del formaggio è di colore chiaro aranciato con fascia bianca sottocorticale e zona piatta.,data/data/images_flat/2018-2019_Trentingrana__2019-03-20__P1a_302_fetta.bmp
La crosta del formaggio è sottile.,La pasta del formaggio è di colore disomogeneo.,data/data/images_flat/2018-2019_Trentingrana__2019-03-20__P1a_302_fetta.bmp
La crosta del formaggio è sfumata con spigoli accentuati e spessore sottile.,La pasta del formaggio è di colore molto chiaro con qualche leggerissima macchia rosa.,data/data/images_flat/2018-2019_Trentingrana__2019-03-20__P1a_302_fetta.bmp
Il formaggio presenta una texture molto pastosa e poco solubile.,La pasta del formaggio è di colore chiaro e abbastanza omogeneo.,data/data/images_flat/2018-2019_Trentingrana__2019-03-20__P1a_302_fetta.bmp
La pasta del formaggio presenta una frattura irregolare e microocchiatura.,La pasta del formaggio è di colore tendenzialmente chiaro con aree più chiare verso l'esterno.,data/data/images_flat/2018-2019_Trentingrana__2019-03-20__P1a_302_fetta.bmp
Il formaggio ha un sapore equilibrato.,La pasta del formaggio presenta macchie rosa e colore chiaro.,data/data/images_flat/2018-2019_Trentingrana__2019-03-20__P1a_302_fetta.bmp
Il formaggio ha un profumo di latte acido con intensità media.,Il formaggio ha un profumo di latte e panna con intensità medio-alta.,data/data/images_flat/2018-2019_Trentingrana__2019-02-27__P5a_319_fetta.bmp
Il formaggio ha un profumo di panna.,"Il formaggio ha un profumo di moderata intensità con note lattiche, pane e tostato.",data/data/images_flat/2018-2019_Trentingrana__2019-02-27__P5a_319_fetta.bmp
Il formaggio ha un aroma di brodo e crosta di formaggio.,Il formaggio ha un profumo di burro fuso e latte cotto.,data/data/images_flat/2018-2019_Trentingrana__2019-02-27__P5a_319_fetta.bmp
Il formaggio ha un sapore amaro e dolce.,Il formaggio ha un profumo leggero.,data/data/images_flat/2018-2019_Trentingrana__2019-02-27__P5a_319_fetta.bmp
La crosta del formaggio è mediamente spessa.,Il formaggio ha un profumo di verdura lessa leggeramente percettibile.,data/data/images_flat/2018-2019_Trentingrana__2019-02-27__P5a_319_fetta.bmp
La crosta del formaggio è mediamente spessa.,"Il formaggio ha un profumo di burro fuso e burro cotto con brodo, mediamente intenso ed equilibrato.",data/data/images_flat/2018-2019_Trentingrana__2019-02-27__P5a_319_fetta.bmp
La pasta del formaggio è stirata in alcune zone e spinosa in altre per grana e microocchiature.,"Il formaggio ha un profumo inizialmente di leggera fermentazione, seguito da panna fresca, burro fresco e note fruttate.",data/data/images_flat/2018-2019_Trentingrana__2019-02-27__P5a_319_fetta.bmp
Il formaggio ha un sapore leggermente amaro e salato.,Il formaggio ha un sapore equilibrato con dolcezza intensa.,data/data/images_flat/2018-2019_Trentingrana__2019-02-27__P5a_319_fetta.bmp
Il formaggio ha un sapore salato umami e leggermente amaro.,Il formaggio ha un sapore salato e amaro.,data/data/images_flat/2018-2019_Trentingrana__2019-02-27__P5a_319_fetta.bmp
La crosta del formaggio è mediamente spessa.,"Il formaggio ha un sapore amaro, resto presente e equilibrato.",data/data/images_flat/2018-2019_Trentingrana__2019-02-27__P5a_319_fetta.bmp
Il formaggio ha un sapore salato.,Il formaggio ha un sapore salato e leggermente piccante.,data/data/images_flat/2018-2019_Trentingrana__2019-02-27__P5a_319_fetta.bmp
Il formaggio ha un sapore amaro e dolce.,Il formaggio ha un sapore salato con leggera acidità e punta di amaro finale.,data/data/images_flat/2018-2019_Trentingrana__2019-02-27__P5a_319_fetta.bmp
La crosta del formaggio è mediamente spessa.,Il formaggio ha un sapore equilibrato.,data/data/images_flat/2018-2019_Trentingrana__2019-02-27__P5a_319_fetta.bmp
La crosta del formaggio è sottile.,Il formaggio ha un sapore equilibrato con nota finale leggermente amarognola.,data/data/images_flat/2018-2019_Trentingrana__2019-02-27__P5a_319_fetta.bmp
La pasta del formaggio è stirata in alcune zone e spinosa in altre per grana e microocchiature.,Il formaggio ha un aroma di latte intenso.,data/data/images_flat/2018-2019_Trentingrana__2019-02-27__P5a_319_fetta.bmp
"La pasta del formaggio presenta una microocchiatura, frattura irregolare e grana grossolana.","Il formaggio ha un aroma di latte fermentato, latte cotto e erbe.",data/data/images_flat/2018-2019_Trentingrana__2019-02-27__P5a_319_fetta.bmp
Il formaggio ha un aroma di brodo con note di crosta di formaggio.,"Il formaggio ha un aroma di panna e burro cotto, gradevole.",data/data/images_flat/2018-2019_Trentingrana__2019-02-27__P5a_319_fetta.bmp
La pasta del formaggio è stirata in alcune zone e spinosa in altre per grana e microocchiature.,Il formaggio ha un aroma leggero e poco persistente.,data/data/images_flat/2018-2019_Trentingrana__2019-02-27__P5a_319_fetta.bmp
La pasta del formaggio è stirata in ampia zona centrale con microocchiatura diffusa.,"Il formaggio presenta una texture con cristalli di tirosina, solubilità e friabilità medio-alta.",data/data/images_flat/2018-2019_Trentingrana__2019-02-27__P5a_319_fetta.bmp
Il formaggio ha un sapore piccante e amarognolo.,"Il formaggio ha una texture che tende a compattarsi, con piccoli cristalli poco solubili.",data/data/images_flat/2018-2019_Trentingrana__2019-02-27__P5a_319_fetta.bmp
La pasta del formaggio presenta una frattura irregolare e impugnatura centrale.,"Il formaggio presenta una texture con cristalli grossi percepibili, buona friabilità e scarsa umidità.",data/data/images_flat/2018-2019_Trentingrana__2019-02-27__P5a_319_fetta.bmp
Il formaggio ha un sapore equilibrato.,"Il formaggio presenta una texture pastosa, poco solubile e adesiva.",data/data/images_flat/2018-2019_Trentingrana__2019-02-27__P5a_319_fetta.bmp
Il formaggio ha un sapore piccante.,Il formaggio presenta una texture friabile.,data/data/images_flat/2018-2019_Trentingrana__2019-02-27__P5a_319_fetta.bmp
Il formaggio ha un sapore dolce.,"Il formaggio presenta una texture mediamente dura, friabile, solubile e granulosa, con pochi microcristalli.",data/data/images_flat/2018-2019_Trentingrana__2019-02-27__P5a_319_fetta.bmp
La pasta del formaggio è stirata con microocchiatura e caverne.,Il formaggio presenta una texture sabbioso-granulosa con cristalli.,data/data/images_flat/2018-2019_Trentingrana__2019-02-27__P5a_319_fetta.bmp
Il formaggio ha un sapore equilibrato con sapidità prevalente.,"La crosta del formaggio è disomogenea e sfumata, spessore medio.",data/data/images_flat/2018-2019_Trentingrana__2019-02-27__P5a_319_fetta.bmp
"Il formaggio presenta una texture compatta, poco granulosa, solubile, con pochi cristalli.","La crosta del formaggio è sfumata sulla parte piatta, più spessa in alcuni tratti e più sottile in altri, con profilo definito.",data/data/images_flat/2018-2019_Trentingrana__2019-02-27__P5a_319_fetta.bmp
La pasta del formaggio è stirata con microocchiatura e una piccola occhiatura.,La crosta del formaggio è mediamente spessa.,data/data/images_flat/2018-2019_Trentingrana__2019-02-27__P5a_319_fetta.bmp
"La pasta del formaggio presenta una microocchiatura, frattura irregolare e grana grossolana.",La crosta del formaggio è molto sottile.,data/data/images_flat/2018-2019_Trentingrana__2019-02-27__P5a_319_fetta.bmp
La crosta del formaggio è mediamente spessa con unghia marcata sugli angoli.,La crosta del formaggio è spessa e sfumata.,data/data/images_flat/2018-2019_Trentingrana__2019-02-27__P5a_319_fetta.bmp
Il formaggio presenta una texture compatta e poco friabile.,La crosta del formaggio è sottile.,data/data/images_flat/2018-2019_Trentingrana__2019-02-27__P5a_319_fetta.bmp
La pasta del formaggio è stirata in parte e con microocchiatura.,La pasta del formaggio è finissima con microocchiatura e struttura regolare.,data/data/images_flat/2018-2019_Trentingrana__2019-02-27__P5a_319_fetta.bmp
Il formaggio ha un profumo di cavolfiore.,"La pasta del formaggio è tendente a sgretolarsi e disidratata verso l'esterno, con microocchiature inferiori.",data/data/images_flat/2018-2019_Trentingrana__2019-02-27__P5a_319_fetta.bmp
Il formaggio ha un profumo di burro fuso e panna.,"La pasta del formaggio presenta una microocchiatura fine e rada, struttura fine, tendente a essere più asciutta verso una zona.",data/data/images_flat/2018-2019_Trentingrana__2019-02-27__P5a_319_fetta.bmp
Il formaggio ha un profumo di panna e burro fresco.,La pasta del formaggio presenta una leggera microocchiatura.,data/data/images_flat/2018-2019_Trentingrana__2019-02-27__P5a_319_fetta.bmp
La crosta del formaggio è sottile.,"La pasta del formaggio presenta una frattura abbastanza regolare e microocchiatura molto diffusa, estremamente sottile.",data/data/images_flat/2018-2019_Trentingrana__2019-02-27__P5a_319_fetta.bmp
"La pasta del formaggio presenta una microocchiatura, frattura irregolare e struttura grandiosa, con aree tendente allo stirato.","La pasta del formaggio presenta una frattura regolare, microocchiatura a tratti e grana poco profilata.",data/data/images_flat/2018-2019_Trentingrana__2019-02-27__P5a_319_fetta.bmp
"Il formaggio presenta una texture solubile, friabile, con tirosina presente e sensazione astringente.","La pasta del formaggio presenta una frattura regolare e impugnatura centrale, superficie molto asciutta.",data/data/images_flat/2018-2019_Trentingrana__2019-02-27__P5a_319_fetta.bmp
La crosta del formaggio è mediamente spessa.,La pasta del formaggio è di colore leggermente carico al centro.,data/data/images_flat/2018-2019_Trentingrana__2019-02-27__P5a_319_fetta.bmp
La pasta del formaggio è stirata in parte e con microocchiatura.,La pasta del formaggio è uniforme con tonalità biancastra in superficie e marrone in sottocrosta.,data/data/images_flat/2018-2019_Trentingrana__2019-02-27__P5a_319_fetta.bmp
La crosta del formaggio è sottile.,La pasta del formaggio presenta aree di colore diverso.,data/data/images_flat/2018-2019_Trentingrana__2019-02-27__P5a_319_fetta.bmp
La crosta del formaggio è mediamente spessa.,La pasta del formaggio è di colore poco carico e omogeneo.,data/data/images_flat/2018-2019_Trentingrana__2019-02-27__P5a_319_fetta.bmp
Il formaggio ha un sapore leggermente acido.,La pasta del formaggio presenta una lieve sfumatura di colore verso l'esterno.,data/data/images_flat/2018-2019_Trentingrana__2019-02-27__P5a_319_fetta.bmp
La crosta del formaggio è mediamente spessa.,La pasta del formaggio è di colore giallo abbastanza omogeneo con leggero alone centrale.,data/data/images_flat/2018-2019_Trentingrana__2019-02-27__P5a_319_fetta.bmp
Il formaggio ha un profumo di cavolfiore.,La pasta del formaggio è paglierina molto scarica con riflessi grigi.,data/data/images_flat/2018-2019_Trentingrana__2019-02-27__P5a_319_fetta.bmp
Il formaggio ha un aroma di brodo e fieno.,Il formaggio ha un profumo negativo con intensità alta.,data/data/images_flat/2018-2019_Trentingrana__2019-02-27__P3a_307_fetta.bmp
"La pasta del formaggio presenta una frattura abbastanza regolare, grana grossolana e tratti stirati, con microocchiatura a tratti.",Il formaggio ha un profumo di acidi grassi.,data/data/images_flat/2018-2019_Trentingrana__2019-02-27__P3a_307_fetta.bmp
Il formaggio ha un sapore leggermente acido e piccante.,"Il formaggio ha un profumo leggermente moderato con bouquet floreale e vegetale, molto delicato ed elegante.",data/data/images_flat/2018-2019_Trentingrana__2019-02-27__P3a_307_fetta.bmp
Il formaggio ha un aroma di brodo di carne.,Il formaggio ha un profumo ossidato con punta di fermentato.,data/data/images_flat/2018-2019_Trentingrana__2019-02-27__P3a_307_fetta.bmp
La pasta del formaggio presenta una leggera microocchiatura e grana non omogenea.,Il formaggio ha un profumo di cotti prevalenti con nota di caffellatte.,data/data/images_flat/2018-2019_Trentingrana__2019-02-27__P3a_307_fetta.bmp
Il formaggio presenta una texture poco friabile.,"Il formaggio ha un profumo di latte acido, yogurt, fermentato e panna acida.",data/data/images_flat/2018-2019_Trentingrana__2019-02-27__P3a_307_fetta.bmp
Il formaggio ha un aroma di brodo di carne.,"Il formaggio ha un profumo prevalentemente di latte acido, panna acida e brodo.",data/data/images_flat/2018-2019_Trentingrana__2019-02-27__P3a_307_fetta.bmp
"La pasta del formaggio presenta una microocchiatura molto fine e grande, grana complesso piatta e leggermente spugnosa.",Il formaggio ha un sapore piccante e amaro con intensità alta.,data/data/images_flat/2018-2019_Trentingrana__2019-02-27__P3a_307_fetta.bmp
Il formaggio ha un sapore piccante e acre in gola con umami.,"Il formaggio ha un sapore amaro, piccante e acre in gola.",data/data/images_flat/2018-2019_Trentingrana__2019-02-27__P3a_307_fetta.bmp
Il formaggio ha un aroma di burro cotto e crosta di formaggio.,"Il formaggio ha un sapore salato e amaro, non dolce, poco umami.",data/data/images_flat/2018-2019_Trentingrana__2019-02-27__P3a_307_fetta.bmp
"Il formaggio presenta una texture con cristalli fini, molto solubile.",Il formaggio ha un sapore acido e amaro.,data/data/images_flat/2018-2019_Trentingrana__2019-02-27__P3a_307_fetta.bmp
"La pasta del formaggio presenta una frattura regolare, grana presente e ben definita.",Il formaggio ha un sapore con punta di piccante e salato.,data/data/images_flat/2018-2019_Trentingrana__2019-02-27__P3a_307_fetta.bmp
Il formaggio ha un aroma di brodo di carne.,Il formaggio ha un sapore umami con amaro nel finale.,data/data/images_flat/2018-2019_Trentingrana__2019-02-27__P3a_307_fetta.bmp
Il formaggio ha un sapore piccante.,Il formaggio ha un sapore con acidità quasi rinfrescante.,data/data/images_flat/2018-2019_Trentingrana__2019-02-27__P3a_307_fetta.bmp
Il formaggio ha un sapore piccante.,"Il formaggio ha un sapore principalmente acido, seguito da salato e piccante, con nota dolce quasi assente.",data/data/images_flat/2018-2019_Trentingrana__2019-02-27__P3a_307_fetta.bmp
"Il formaggio ha un aroma di latte di burro fuso e brodo di carne, poco caratteristico.",Il formaggio ha un aroma non tipico del grana.,data/data/images_flat/2018-2019_Trentingrana__2019-02-27__P3a_307_fetta.bmp
Il formaggio ha un sapore dolce e leggermente acre in gola.,Il formaggio ha un aroma con troppi lattici cotti.,data/data/images_flat/2018-2019_Trentingrana__2019-02-27__P3a_307_fetta.bmp
La pasta del formaggio presenta una leggera microocchiatura.,"Il formaggio ha un aroma di note lattiche fermentate, ossidato e di sapone.",data/data/images_flat/2018-2019_Trentingrana__2019-02-27__P3a_307_fetta.bmp
Il formaggio ha un aroma di burro fuso e formaggio cotto.,Il formaggio ha un aroma di latte acido.,data/data/images_flat/2018-2019_Trentingrana__2019-02-27__P3a_307_fetta.bmp
Il formaggio ha un sapore acido e leggermente piccante.,"Il formaggio presenta una texture molto friabile e solubile, con granuli di tirosina persistenti.",data/data/images_flat/2018-2019_Trentingrana__2019-02-27__P3a_307_fetta.bmp
Il formaggio presenta una texture poco friabile.,Il formaggio presenta una texture friabile che si sgretola in bocca con cristalli.,data/data/images_flat/2018-2019_Trentingrana__2019-02-27__P3a_307_fetta.bmp
La crosta del formaggio è spessa.,"Il formaggio presenta una texture umida, friabile con microstruttura fine e sabbiosa, lascia bocca pulita, con cristalli presenti anche grossi.",data/data/images_flat/2018-2019_Trentingrana__2019-02-27__P3a_307_fetta.bmp
"Il formaggio ha un profumo di latte acido, panna e yogurt.","Il formaggio presenta una texture umida, friabile, con strana cedevolezza e assenza di cristalli.",data/data/images_flat/2018-2019_Trentingrana__2019-02-27__P3a_307_fetta.bmp
Il formaggio presenta una texture poco granulosa e compatta.,"Il formaggio presenta una texture cedevole, poco consistente, disaggregata ma solubile.",data/data/images_flat/2018-2019_Trentingrana__2019-02-27__P3a_307_fetta.bmp
Il formaggio ha un profumo di burro fuso e panna.,"Il formaggio presenta una texture con cristalli abbondanti, si scioglie rapidamente in bocca.",data/data/images_flat/2018-2019_Trentingrana__2019-02-27__P3a_307_fetta.bmp
Il formaggio ha un aroma di brodo di carne.,"La crosta del formaggio è disomogenea e sfumata su un lato, con spessore sottile.",data/data/images_flat/2018-2019_Trentingrana__2019-02-27__P3a_307_fetta.bmp
La pasta del formaggio presenta una frattura regolare ma occhiatura presente e diffusa.,La crosta del formaggio è sottile.,data/data/images_flat/2018-2019_Trentingrana__2019-02-27__P3a_307_fetta.bmp
Il formaggio ha un sapore leggermente salato.,La crosta del formaggio è mediamente spessa.,data/data/images_flat/2018-2019_Trentingrana__2019-02-27__P3a_307_fetta.bmp
"Il formaggio ha un profumo di latte acido, panna e yogurt.",La crosta del formaggio è mediamente spessa.,data/data/images_flat/2018-2019_Trentingrana__2019-02-27__P3a_307_fetta.bmp
"La pasta del formaggio presenta una frattura regolare ma occhiatura presente e diffusa, grana grossa ma omogenea e grossolana.",La crosta del formaggio è sottile.,data/data/images_flat/2018-2019_Trentingrana__2019-02-27__P3a_307_fetta.bmp
"Il formaggio presenta una texture poco granulosa, asciutta, tende a impastare con cristalli, tende a impastare la bocca nel finale.",La crosta del formaggio è spessa.,data/data/images_flat/2018-2019_Trentingrana__2019-02-27__P3a_307_fetta.bmp
Il formaggio ha un profumo di brodo vegetale.,La pasta del formaggio presenta una microocchiatura e aspetto ruvido.,data/data/images_flat/2018-2019_Trentingrana__2019-02-27__P3a_307_fetta.bmp
"La pasta del formaggio presenta una frattura regolare, struttura granulosa, presenza di occhiatura fine e piccola zona.",La pasta del formaggio presenta una grana grossolana e occhiatura fitta dall'effetto spugnoso.,data/data/images_flat/2018-2019_Trentingrana__2019-02-27__P3a_307_fetta.bmp
Il formaggio ha un aroma di brodo di carne.,"La pasta del formaggio presenta una microocchiatura diffusa in vasta zona, anche di grosse dimensioni, nonostante la grana omogenea e fine.",data/data/images_flat/2018-2019_Trentingrana__2019-02-27__P3a_307_fetta.bmp
Il formaggio ha un sapore leggermente piccante e salato.,La pasta del formaggio presenta una microocchiatura evidente.,data/data/images_flat/2018-2019_Trentingrana__2019-02-27__P3a_307_fetta.bmp
Il formaggio ha un aroma di burro fuso e formaggio cotto.,"La pasta del formaggio presenta una struttura anomala, non granulosa, con occhiatura.",data/data/images_flat/2018-2019_Trentingrana__2019-02-27__P3a_307_fetta.bmp
Il formaggio presenta una texture poco solubile.,La pasta del formaggio presenta una granulosità decisa e occhiatura medio-grande soprattutto in mezza forma.,data/data/images_flat/2018-2019_Trentingrana__2019-02-27__P3a_307_fetta.bmp
Il formaggio ha un sapore equilibrato e dolce.,"La pasta del formaggio presenta una grana evidente e grani grossi, occhiatura diffusa a tratti.",data/data/images_flat/2018-2019_Trentingrana__2019-02-27__P3a_307_fetta.bmp
La crosta del formaggio è spessa.,"La pasta del formaggio presenta una frattura regolare, occhiatura diffusa su tutta la superficie con occhi di piccole dimensioni.",data/data/images_flat/2018-2019_Trentingrana__2019-02-27__P3a_307_fetta.bmp
"La crosta del formaggio è disomogenea e sfumata, mediamente spessa.",La pasta del formaggio è di colore chiaro.,data/data/images_flat/2018-2019_Trentingrana__2019-02-27__P3a_307_fetta.bmp
La crosta del formaggio è spessa.,La pasta del formaggio è di colore aranciato uniforme.,data/data/images_flat/2018-2019_Trentingrana__2019-02-27__P3a_307_fetta.bmp
Il formaggio presenta una texture poco friabile.,La pasta del formaggio è di colore omogeneo e chiaro.,data/data/images_flat/2018-2019_Trentingrana__2019-02-27__P3a_307_fetta.bmp
Il formaggio ha un profumo di burro fuso e panna.,La pasta del formaggio presenta colorazione rosata ai bordi e alle zone scalze.,data/data/images_flat/2018-2019_Trentingrana__2019-02-27__P3a_307_fetta.bmp
"Il formaggio presenta una texture con cristalli di tirosina, solubilità e friabilità medie.","La pasta del formaggio è di colore chiaro ma pallido, anomalo per il grana.",data/data/images_flat/2018-2019_Trentingrana__2019-02-27__P3a_307_fetta.bmp
Il formaggio ha un aroma di burro e brodo.,La pasta del formaggio è di colore omogeneo.,data/data/images_flat/2018-2019_Trentingrana__2019-02-27__P3a_307_fetta.bmp
"Il formaggio ha un profumo di burro fuso e latte cotto con sentori di brodo, intensità moderata.",La pasta del formaggio è di colore omogeneo mediamente carico.,data/data/images_flat/2018-2019_Trentingrana__2019-02-27__P3a_307_fetta.bmp
Il formaggio ha un profumo di brodo vegetale.,La pasta del formaggio è di colore paglierino carico con velature grige.,data/data/images_flat/2018-2019_Trentingrana__2019-02-27__P3a_307_fetta.bmp
Il formaggio ha un aroma di crosta di formaggio.,Il formaggio ha un profumo vegetale balsamico.,data/data/images_flat/2018-2019_Trentingrana__2019-02-20__P1a_310_fetta.bmp
La pasta del formaggio è di colore giallo carico.,"Il formaggio ha un profumo di buona intensità con sentori lattei e di latte cotto, burro, poco fresco.",data/data/images_flat/2018-2019_Trentingrana__2019-02-20__P1a_310_fetta.bmp
Il formaggio ha un sapore acido e salato con acidità moderata.,Il formaggio ha un profumo di burro e panna con leggero brodo.,data/data/images_flat/2018-2019_Trentingrana__2019-02-20__P1a_310_fetta.bmp
La pasta del formaggio presenta una frattura abbastanza regolare e stirata al centro.,Il formaggio ha un profumo leggermente di crosta.,data/data/images_flat/2018-2019_Trentingrana__2019-02-20__P1a_310_fetta.bmp
Il formaggio ha un profumo di burro fuso e formaggio cotto.,"Il formaggio ha un profumo debole e poco percettibile, con sentore di erbaceo e leggero fermentato.",data/data/images_flat/2018-2019_Trentingrana__2019-02-20__P1a_310_fetta.bmp
Il formaggio ha un profumo di latte e brodo vegetale.,"Il formaggio ha un profumo leggero di crosta di formaggio e cotto, con prevalenza di burro.",data/data/images_flat/2018-2019_Trentingrana__2019-02-20__P1a_310_fetta.bmp
La pasta del formaggio è stirata con microocchiatura.,"Il formaggio ha un profumo poco intenso di crosta di formaggio e acqua stagnante, con note del nostrano.",data/data/images_flat/2018-2019_Trentingrana__2019-02-20__P1a_310_fetta.bmp
"Il formaggio presenta una texture compatta e dura, poco friabile, con scarsa solubilità e cristalli.",Il formaggio ha un profumo vegetale di cipolla e sedano.,data/data/images_flat/2018-2019_Trentingrana__2019-02-20__P1a_310_fetta.bmp
"Il formaggio presenta una texture molto pastosa, non da grana.","Il formaggio ha un profumo di fermentazione, seguito da panna, con note fruttate floreali e leggereo aroma di prodotti da forno.",data/data/images_flat/2018-2019_Trentingrana__2019-02-20__P1a_310_fetta.bmp
La pasta del formaggio è di colore giallo carico.,Il formaggio ha un sapore salato.,data/data/images_flat/2018-2019_Trentingrana__2019-02-20__P1a_310_fetta.bmp
La pasta del formaggio è di colore paglierino scarico non uniforme.,"Il formaggio ha un sapore non piccante, poco umami, salino e acido.",data/data/images_flat/2018-2019_Trentingrana__2019-02-20__P1a_310_fetta.bmp
"Il formaggio ha un aroma di burro e lattici cotti, formaggio cotto e crosta di formaggio con lieve sentore di formaggio.",Il formaggio ha un sapore acidulo.,data/data/images_flat/2018-2019_Trentingrana__2019-02-20__P1a_310_fetta.bmp
Il formaggio ha un aroma di crosta di formaggio.,Il formaggio ha un sapore salato e piccante.,data/data/images_flat/2018-2019_Trentingrana__2019-02-20__P1a_310_fetta.bmp
"La pasta del formaggio è di colore carico tendente al grigio, più chiara nella zona sottocrostale.",Il formaggio ha un sapore leggermente acido e pungente in gola.,data/data/images_flat/2018-2019_Trentingrana__2019-02-20__P1a_310_fetta.bmp
Il formaggio ha un profumo di burro fuso e formaggio cotto.,"Il formaggio ha un sapore salato e umami equilibrato, con acidità marcata e nessuna nota amara.",data/data/images_flat/2018-2019_Trentingrana__2019-02-20__P1a_310_fetta.bmp
"Il formaggio presenta una texture friabile e solubile, con microstruttura buona e pochissimi cristalli.","Il formaggio ha un sapore con dolcezza medio bassa, sapidità e umami medio alti, piccantezza media, non molto equilibrato.",data/data/images_flat/2018-2019_Trentingrana__2019-02-20__P1a_310_fetta.bmp
La pasta del formaggio presenta una microocchiatura diffusa e stirata in una piccola zona.,Il formaggio ha un sapore equilibrato con bassa persistenza e piccantezza appena percettibile.,data/data/images_flat/2018-2019_Trentingrana__2019-02-20__P1a_310_fetta.bmp
Il formaggio ha un profumo di latte e brodo vegetale.,Il formaggio ha un aroma di formaggio cotto.,data/data/images_flat/2018-2019_Trentingrana__2019-02-20__P1a_310_fetta.bmp
Il formaggio ha un sapore acido e salato.,Il formaggio ha un aroma piuttosto neutro.,data/data/images_flat/2018-2019_Trentingrana__2019-02-20__P1a_310_fetta.bmp
Il formaggio ha un sapore acido e leggermente salato.,Il formaggio ha un aroma non tipico del grana.,data/data/images_flat/2018-2019_Trentingrana__2019-02-20__P1a_310_fetta.bmp
Il formaggio ha un sapore con acidità iniziale leggermente pungente.,Il formaggio ha un aroma di burro e formaggio cotto leggero.,data/data/images_flat/2018-2019_Trentingrana__2019-02-20__P1a_310_fetta.bmp
La pasta del formaggio presenta una microocchiatura presente e grana omogenea.,"Il formaggio ha un aroma con note più tipiche del nostrano che del grana, di formaggio cotto e crosta.",data/data/images_flat/2018-2019_Trentingrana__2019-02-20__P1a_310_fetta.bmp
Il formaggio ha un sapore equilibrato e leggermente acidulo.,Il formaggio ha un aroma lattico cotto e tostato.,data/data/images_flat/2018-2019_Trentingrana__2019-02-20__P1a_310_fetta.bmp
Il formaggio ha un aroma di crosta di formaggio.,"Il formaggio presenta una texture morbida, asciutta, con cristalli e poco solubile.",data/data/images_flat/2018-2019_Trentingrana__2019-02-20__P1a_310_fetta.bmp
La crosta del formaggio è spessa.,"Il formaggio presenta una texture morbida al morso, con microgranuli pochi ma fini.",data/data/images_flat/2018-2019_Trentingrana__2019-02-20__P1a_310_fetta.bmp
"Il formaggio presenta una texture pastosa e compatta, non granulosa, asciutta, con pochi cristalli e solubile.",Il formaggio presenta una texture senza cristalli.,data/data/images_flat/2018-2019_Trentingrana__2019-02-20__P1a_310_fetta.bmp
La pasta del formaggio è stirata con microocchiatura.,"Il formaggio presenta una texture friabile, microstruttura poco presente, cristalli adeguati.",data/data/images_flat/2018-2019_Trentingrana__2019-02-20__P1a_310_fetta.bmp
Il formaggio ha un sapore leggermente salato.,Il formaggio presenta una texture asciutta.,data/data/images_flat/2018-2019_Trentingrana__2019-02-20__P1a_310_fetta.bmp
"La pasta del formaggio è di colore paglierino carico, omogeneamente distribuito.",Il formaggio presenta una texture pastosa e poco solubile.,data/data/images_flat/2018-2019_Trentingrana__2019-02-20__P1a_310_fetta.bmp
"La pasta del formaggio è di colore carico tendente al grigio, più chiara sotto un piatto e uno scalzo.","Il formaggio presenta una texture compatta, grana abbastanza fine, piuttosto solubile, con pochissimi cristalli.",data/data/images_flat/2018-2019_Trentingrana__2019-02-20__P1a_310_fetta.bmp
Il formaggio ha un aroma di latte cotto e crosta di formaggio.,"Il formaggio presenta una texture poco coesa, cedevole e solubile.",data/data/images_flat/2018-2019_Trentingrana__2019-02-20__P1a_310_fetta.bmp
"Il formaggio ha un profumo di burro fuso e latte cotto con lieve nota di bruciato, intensità moderata.",Il formaggio ha una texture che lascia granuli sabbiosi in bocca.,data/data/images_flat/2018-2019_Trentingrana__2019-02-20__P1a_310_fetta.bmp
Il formaggio ha un profumo di latte e brodo vegetale.,La crosta del formaggio presenta una parte piatta e sottocrosta poco distinguibile.,data/data/images_flat/2018-2019_Trentingrana__2019-02-20__P1a_310_fetta.bmp
La crosta del formaggio è molto sottile.,"La crosta del formaggio presenta un limite sfumato, nel complesso piatta e sottile.",data/data/images_flat/2018-2019_Trentingrana__2019-02-20__P1a_310_fetta.bmp
La pasta del formaggio è di colore molto carico al centro.,"La crosta del formaggio è sottile con sottocrosta poco evidente, pur sembrando relativamente spessa per la forma ridotta del formaggio.",data/data/images_flat/2018-2019_Trentingrana__2019-02-20__P1a_310_fetta.bmp
La pasta del formaggio è di colore carico grigiastro con alone.,La crosta del formaggio è sottile.,data/data/images_flat/2018-2019_Trentingrana__2019-02-20__P1a_310_fetta.bmp
La pasta del formaggio è di colore giallo carico.,La pasta del formaggio presenta una frattura irregolare e striature nella grana.,data/data/images_flat/2018-2019_Trentingrana__2019-02-20__P1a_310_fetta.bmp
La pasta del formaggio è stirata.,"La pasta del formaggio presenta una frattura irregolare e grana grandiosav, tendente a una direzione delle fibre al centro, non stirata.",data/data/images_flat/2018-2019_Trentingrana__2019-02-20__P1a_310_fetta.bmp
Il formaggio ha un sapore salato con acidità medio-bassa.,La pasta del formaggio presenta una frattura irregolare e striature centrali.,data/data/images_flat/2018-2019_Trentingrana__2019-02-20__P1a_310_fetta.bmp
La pasta del formaggio è stirata.,La pasta del formaggio è stirata.,data/data/images_flat/2018-2019_Trentingrana__2019-02-20__P1a_310_fetta.bmp
La crosta del formaggio è mediamente spessa.,"La pasta del formaggio presenta una frattura non regolare, leggermente stirata al centro.",data/data/images_flat/2018-2019_Trentingrana__2019-02-20__P1a_310_fetta.bmp
Il formaggio ha un sapore equilibrato con dolcezza medio-alta.,"La pasta del formaggio presenta una frattura abbastanza regolare, granulosa e con evidenti andamenti striati.",data/data/images_flat/2018-2019_Trentingrana__2019-02-20__P1a_310_fetta.bmp
Il formaggio ha un sapore salato.,La pasta del formaggio presenta striature e grana grossolana.,data/data/images_flat/2018-2019_Trentingrana__2019-02-20__P1a_310_fetta.bmp
Il formaggio ha un sapore dolce con intensità alta e salato a intensità media.,"La pasta del formaggio non è molto regolare, grossolana e priva di occhiatura.",data/data/images_flat/2018-2019_Trentingrana__2019-02-20__P1a_310_fetta.bmp
"Il formaggio presenta una texture dura e compatta ma friabile, con microstruttura abbastanza solubile e cristalli presenti.","La pasta del formaggio è di colore giallo carico, abbastanza uniforme.",data/data/images_flat/2018-2019_Trentingrana__2019-02-20__P1a_310_fetta.bmp
Il formaggio ha un aroma di crosta di formaggio.,"La pasta del formaggio è di colore giallo carico, omogeneamente distribuito.",data/data/images_flat/2018-2019_Trentingrana__2019-02-20__P1a_310_fetta.bmp
Il formaggio presenta una texture pastosa e poco solubile.,La pasta del formaggio è di colore giallo saturo.,data/data/images_flat/2018-2019_Trentingrana__2019-02-20__P1a_310_fetta.bmp
Il formaggio ha un aroma di crosta di formaggio.,La pasta del formaggio è di colore carico omogeneo.,data/data/images_flat/2018-2019_Trentingrana__2019-02-20__P1a_310_fetta.bmp
Il formaggio ha un aroma di latte e burro fuso.,La pasta del formaggio è di colore molto carico e omogeneo.,data/data/images_flat/2018-2019_Trentingrana__2019-02-20__P1a_310_fetta.bmp
La crosta del formaggio è sottile.,La pasta del formaggio è di colore giallo carico tendente all'arancio.,data/data/images_flat/2018-2019_Trentingrana__2019-02-20__P1a_310_fetta.bmp
La pasta del formaggio è stirata.,La pasta del formaggio è di colore troppo carico.,data/data/images_flat/2018-2019_Trentingrana__2019-02-20__P1a_310_fetta.bmp
La pasta del formaggio è stirata.,La pasta del formaggio è di colore scuro carico.,data/data/images_flat/2018-2019_Trentingrana__2019-02-20__P1a_310_fetta.bmp
Il formaggio ha un profumo di burro e panna con intensità moderata.,La pasta del formaggio è di colore dorato.,data/data/images_flat/2018-2019_Trentingrana__2019-02-20__P1a_310_fetta.bmp
La pasta del formaggio presenta una frattura irregolare e struttura abbastanza omogenea.,Il formaggio ha un profumo di burro fuso con note di spezia.,data/data/images_flat/2018-2019_Trentingrana__2018-10-24__P5a_326_fetta.bmp
La pasta del formaggio è granulosa con spaccature e struttura compatta.,Il formaggio ha un profumo intenso di grana.,data/data/images_flat/2018-2019_Trentingrana__2018-10-24__P5a_326_fetta.bmp
La pasta del formaggio è a frattura regolare.,Il formaggio ha un profumo vegetale.,data/data/images_flat/2018-2019_Trentingrana__2018-10-24__P5a_326_fetta.bmp
La pasta del formaggio presenta una frattura non molto bella e grana a tratti leggermente schiacciata.,Il formaggio ha un profumo di crosta.,data/data/images_flat/2018-2019_Trentingrana__2018-10-24__P5a_326_fetta.bmp
La pasta del formaggio presenta un colore più scuro in centro e aloni rosati.,Il formaggio ha un profumo leggermente fermentato.,data/data/images_flat/2018-2019_Trentingrana__2018-10-24__P5a_326_fetta.bmp
"La pasta del formaggio è di colore carico, maggiormente al centro.","Il formaggio ha un profumo di formaggio non tipico, svanisce rapidamente.",data/data/images_flat/2018-2019_Trentingrana__2018-10-24__P5a_326_fetta.bmp
"La pasta del formaggio è di colore tendenzialmente carico, più chiara verso gli scalzi.",Il formaggio ha un profumo leggero di vegetale cotto all'apertura.,data/data/images_flat/2018-2019_Trentingrana__2018-10-24__P5a_326_fetta.bmp
Il formaggio presenta una texture molto solubile.,Il formaggio ha un profumo di latte fresco con note di frutta tropicale.,data/data/images_flat/2018-2019_Trentingrana__2018-10-24__P5a_326_fetta.bmp
Il formaggio ha un profumo di burro fuso e latte cotto.,"Il formaggio ha un sapore leggermente amaro e salato, piccante ma poco strutturato e slegato.",data/data/images_flat/2018-2019_Trentingrana__2018-10-24__P5a_326_fetta.bmp
La pasta del formaggio presenta un'occhiatura.,Il formaggio ha un sapore medio equilibrato con finale amarognolo.,data/data/images_flat/2018-2019_Trentingrana__2018-10-24__P5a_326_fetta.bmp
Il formaggio ha un profumo di latte cotto e brodo di carne.,Il formaggio ha un sapore leggermente dolce.,data/data/images_flat/2018-2019_Trentingrana__2018-10-24__P5a_326_fetta.bmp
"Il formaggio presenta una texture friabile, non asciutta, con cristalli e buona solubilità.",Il formaggio ha un sapore acido e amaro.,data/data/images_flat/2018-2019_Trentingrana__2018-10-24__P5a_326_fetta.bmp
Il formaggio ha un sapore salato.,Il formaggio ha un sapore leggermente salato.,data/data/images_flat/2018-2019_Trentingrana__2018-10-24__P5a_326_fetta.bmp
La crosta del formaggio è sottile.,Il formaggio ha un sapore moderatamente piccante sulla lingua con amaro.,data/data/images_flat/2018-2019_Trentingrana__2018-10-24__P5a_326_fetta.bmp
Il formaggio presenta una texture pastosa e poco solubile.,Il formaggio ha un sapore umami leggermente preponderante.,data/data/images_flat/2018-2019_Trentingrana__2018-10-24__P5a_326_fetta.bmp
La crosta del formaggio è sottile.,"Il formaggio ha un sapore leggermente piccante con nota amara, non fastidiosi.",data/data/images_flat/2018-2019_Trentingrana__2018-10-24__P5a_326_fetta.bmp
Il formaggio presenta una texture poco solubile e farinosa.,Il formaggio ha un aroma di verdura lessa.,data/data/images_flat/2018-2019_Trentingrana__2018-10-24__P5a_326_fetta.bmp
La pasta del formaggio presenta una frattura irregolare e crepa centrale.,Il formaggio ha un aroma burroso con note di fumo e tostato.,data/data/images_flat/2018-2019_Trentingrana__2018-10-24__P5a_326_fetta.bmp
Il formaggio presenta una texture poco solubile e farinosa.,Il formaggio ha un aroma di panna.,data/data/images_flat/2018-2019_Trentingrana__2018-10-24__P5a_326_fetta.bmp
La pasta del formaggio presenta una frattura irregolare e struttura abbastanza omogenea.,Il formaggio ha un aroma di latte cotto.,data/data/images_flat/2018-2019_Trentingrana__2018-10-24__P5a_326_fetta.bmp
"Il formaggio presenta una texture asciutta, granulosa, poco solubile, con pochi cristalli.","Il formaggio presenta una texture morbida, pastosa e asciutta.",data/data/images_flat/2018-2019_Trentingrana__2018-10-24__P5a_326_fetta.bmp
"La pasta del formaggio è grossolana e fine, omogenea, con bella frattura.",Il formaggio presenta una texture con pochi cristalli e struttura presente.,data/data/images_flat/2018-2019_Trentingrana__2018-10-24__P5a_326_fetta.bmp
La pasta del formaggio è stirata.,Il formaggio presenta una texture troppo asciutta e poco solubile.,data/data/images_flat/2018-2019_Trentingrana__2018-10-24__P5a_326_fetta.bmp
La pasta del formaggio è di colore chiaro e abbastanza omogeneo.,"Il formaggio presenta una texture morbida, poca grana, qualche cristallo e poco solubile.",data/data/images_flat/2018-2019_Trentingrana__2018-10-24__P5a_326_fetta.bmp
"Il formaggio presenta una texture morbida, asciutta, poco solubile e che impasta la bocca, con cristalli presenti.",Il formaggio presenta una texture molle con qualche granello di tirosina.,data/data/images_flat/2018-2019_Trentingrana__2018-10-24__P5a_326_fetta.bmp
Il formaggio ha un sapore leggermente acido.,Il formaggio presenta una texture tenera con cristalli.,data/data/images_flat/2018-2019_Trentingrana__2018-10-24__P5a_326_fetta.bmp
La pasta del formaggio presenta una frattura irregolare e struttura granulosa.,"Il formaggio presenta una texture compatta, leggermente umida e adesiva.",data/data/images_flat/2018-2019_Trentingrana__2018-10-24__P5a_326_fetta.bmp
La crosta del formaggio è sottile.,Il formaggio presenta una texture abbastanza solubile.,data/data/images_flat/2018-2019_Trentingrana__2018-10-24__P5a_326_fetta.bmp
La crosta del formaggio presenta uno spessore più accentuato su una faccia.,La crosta del formaggio è sottile nella parte piatta e spigoli pronunciati.,data/data/images_flat/2018-2019_Trentingrana__2018-10-24__P5a_326_fetta.bmp
La pasta del formaggio è leggermente stirata.,La crosta del formaggio è spessa.,data/data/images_flat/2018-2019_Trentingrana__2018-10-24__P5a_326_fetta.bmp
Il formaggio presenta una texture molto pastosa e asciutta.,La crosta del formaggio è mediamente spessa.,data/data/images_flat/2018-2019_Trentingrana__2018-10-24__P5a_326_fetta.bmp
Il formaggio ha un sapore salato.,La crosta del formaggio è mediamente spessa.,data/data/images_flat/2018-2019_Trentingrana__2018-10-24__P5a_326_fetta.bmp
Il formaggio presenta una texture poco solubile.,La crosta del formaggio è mediamente spessa.,data/data/images_flat/2018-2019_Trentingrana__2018-10-24__P5a_326_fetta.bmp
La pasta del formaggio è granulosa con frattura irregolare e struttura compatta.,La pasta del formaggio è stirata.,data/data/images_flat/2018-2019_Trentingrana__2018-10-24__P5a_326_fetta.bmp
Il formaggio presenta una texture poco solubile.,"La pasta del formaggio presenta una frattura pronunciata, altre più piccole, tendente allo stirato, cristalli e microocchiatura.",data/data/images_flat/2018-2019_Trentingrana__2018-10-24__P5a_326_fetta.bmp
Il formaggio ha un profumo di latte cotto e brodo di carne con note di verdura lessa.,La pasta del formaggio è stirata al centro.,data/data/images_flat/2018-2019_Trentingrana__2018-10-24__P5a_326_fetta.bmp
La crosta del formaggio è sottile.,La pasta del formaggio presenta spaccature.,data/data/images_flat/2018-2019_Trentingrana__2018-10-24__P5a_326_fetta.bmp
"Il formaggio presenta una texture friabile, non asciutta, con microstruttura fine e assenza di cristalli.",La pasta del formaggio presenta sporadiche occhiature e ampie zone stirate.,data/data/images_flat/2018-2019_Trentingrana__2018-10-24__P5a_326_fetta.bmp
"Il formaggio ha un sapore equilibrato, leggermente salato e piccante.",La pasta del formaggio è stirata con grana piatta.,data/data/images_flat/2018-2019_Trentingrana__2018-10-24__P5a_326_fetta.bmp
"Il formaggio ha un profumo di latte cotto, burro fuso, vegetale secco con sentore di bruciato e poco intenso.","La pasta del formaggio è stirata, con strappo evidente e altri minori, leggera microocchiatura.",data/data/images_flat/2018-2019_Trentingrana__2018-10-24__P5a_326_fetta.bmp
Il formaggio presenta una texture poco solubile e farinosa.,La pasta del formaggio è stirata con fessurazioni.,data/data/images_flat/2018-2019_Trentingrana__2018-10-24__P5a_326_fetta.bmp
La pasta del formaggio presenta una frattura irregolare e struttura omogenea.,"La pasta del formaggio presenta spaccature, solchi netti e struttura poco compatta.",data/data/images_flat/2018-2019_Trentingrana__2018-10-24__P5a_326_fetta.bmp
Il formaggio ha un profumo di brodo.,La pasta del formaggio presenta un alone carico al centro.,data/data/images_flat/2018-2019_Trentingrana__2018-10-24__P5a_326_fetta.bmp
Il formaggio presenta una texture poco solubile e farinosa.,La pasta del formaggio presenta un alone centrale e zona sottoposta più bianca.,data/data/images_flat/2018-2019_Trentingrana__2018-10-24__P5a_326_fetta.bmp
La crosta del formaggio è sottile.,La pasta del formaggio è più chiara verso lo scalzo.,data/data/images_flat/2018-2019_Trentingrana__2018-10-24__P5a_326_fetta.bmp
La crosta del formaggio è sottile.,La pasta del formaggio è più chiara verso gli scalzi.,data/data/images_flat/2018-2019_Trentingrana__2018-10-24__P5a_326_fetta.bmp
Il formaggio ha un sapore leggermente salato.,La pasta del formaggio è più chiara lateralmente.,data/data/images_flat/2018-2019_Trentingrana__2018-10-24__P5a_326_fetta.bmp
"Il formaggio presenta una texture asciutta, granulosa, poco solubile e che lascia residuo.","La pasta del formaggio presenta un alone centrale, più chiara nelle zone sotto un piatto e uno scalzo.",data/data/images_flat/2018-2019_Trentingrana__2018-10-24__P5a_326_fetta.bmp
Il formaggio ha un sapore salato.,La pasta del formaggio è di colore piuttosto chiara anche se con zone di tonalità diversa.,data/data/images_flat/2018-2019_Trentingrana__2018-10-24__P5a_326_fetta.bmp
"Il formaggio presenta una texture morbida, poca grana e che impasta la bocca.",La pasta del formaggio presenta un alone scuro non uniforme.,data/data/images_flat/2018-2019_Trentingrana__2018-10-24__P5a_326_fetta.bmp
"Il formaggio presenta una texture asciutta, poco solubile e che impasta poco la bocca.",Il formaggio ha un profumo di bruciato.,data/data/images_flat/2018-2019_Trentingrana__2018-10-24__P1a_304_fetta.bmp
La crosta del formaggio è sottile sulla parte piatta.,Il formaggio ha un profumo di burro fuso e note floreali.,data/data/images_flat/2018-2019_Trentingrana__2018-10-24__P1a_304_fetta.bmp
La pasta del formaggio presenta una frattura irregolare e grana grossolana.,"Il formaggio ha un profumo di tostatura evidente, nel complesso equilibrato.",data/data/images_flat/2018-2019_Trentingrana__2018-10-24__P1a_304_fetta.bmp
La pasta del formaggio presenta una frattura irregolare e grana ben strutturata.,Il formaggio ha un profumo di crosta con note fruttate di mela.,data/data/images_flat/2018-2019_Trentingrana__2018-10-24__P1a_304_fetta.bmp
La pasta del formaggio presenta una frattura irregolare e grana fine distribuita omogeneamente.,Il formaggio ha un profumo di formaggio maturo tendente alla sovramaturazione.,data/data/images_flat/2018-2019_Trentingrana__2018-10-24__P1a_304_fetta.bmp
Il formaggio presenta una texture compatta.,Il formaggio ha un profumo di insilato negativo.,data/data/images_flat/2018-2019_Trentingrana__2018-10-24__P1a_304_fetta.bmp
Il formaggio ha un profumo di crauti.,"Il formaggio ha un profumo di crosta con note di secco, legno e fieno.",data/data/images_flat/2018-2019_Trentingrana__2018-10-24__P1a_304_fetta.bmp
La pasta del formaggio presenta una fessura pronunciata.,Il formaggio ha un profumo di latte acido.,data/data/images_flat/2018-2019_Trentingrana__2018-10-24__P1a_304_fetta.bmp
Il formaggio ha un profumo di crauti.,Il formaggio ha un sapore amaro.,data/data/images_flat/2018-2019_Trentingrana__2018-10-24__P1a_304_fetta.bmp
"Il formaggio ha un profumo intenso di latte, burro fuso, poco complesso.",Il formaggio ha un sapore in buon equilibrio e leggermente piccante.,data/data/images_flat/2018-2019_Trentingrana__2018-10-24__P1a_304_fetta.bmp
La pasta del formaggio presenta una frattura irregolare e grana fine distribuita omogeneamente.,Il formaggio ha un sapore amaro e acidulo.,data/data/images_flat/2018-2019_Trentingrana__2018-10-24__P1a_304_fetta.bmp
Il formaggio ha un aroma di polvere.,Il formaggio ha un sapore con dolcezza percepibile.,data/data/images_flat/2018-2019_Trentingrana__2018-10-24__P1a_304_fetta.bmp
"Il formaggio ha un profumo di gomma bruciata, più evidente all'apertura.","Il formaggio ha un sapore grasso, dolce e amaro, da formaggio maturo tendente alla sovramaturazione.",data/data/images_flat/2018-2019_Trentingrana__2018-10-24__P1a_304_fetta.bmp
Il formaggio ha un profumo di alcol.,Il formaggio ha un sapore acido e amaro.,data/data/images_flat/2018-2019_Trentingrana__2018-10-24__P1a_304_fetta.bmp
Il formaggio ha un profumo intenso ed equilibrato.,"Il formaggio ha un sapore amaro, acido e leggermente salato, non equilibrato.",data/data/images_flat/2018-2019_Trentingrana__2018-10-24__P1a_304_fetta.bmp
La pasta del formaggio è ruvida.,Il formaggio ha un sapore piccante e pungente.,data/data/images_flat/2018-2019_Trentingrana__2018-10-24__P1a_304_fetta.bmp
La pasta del formaggio presenta una frattura irregolare e leggere striature al centro.,"Il formaggio ha un sapore piccante, dolciastro e acido.",data/data/images_flat/2018-2019_Trentingrana__2018-10-24__P1a_304_fetta.bmp
La crosta del formaggio è di spessore variabile tra i lati.,Il formaggio ha un aroma bruciato.,data/data/images_flat/2018-2019_Trentingrana__2018-10-24__P1a_304_fetta.bmp
Il formaggio ha un profumo di cavolo cotto.,"Il formaggio ha un aroma di gorgonzola, non tipico, acido.",data/data/images_flat/2018-2019_Trentingrana__2018-10-24__P1a_304_fetta.bmp
Il formaggio ha un profumo di cavolo cotto.,Il formaggio ha un aroma leggermente cotto.,data/data/images_flat/2018-2019_Trentingrana__2018-10-24__P1a_304_fetta.bmp
La crosta del formaggio presenta un colore di fondo molto carico.,Il formaggio ha un aroma di formaggio maturo tendente alla sovramaturazione.,data/data/images_flat/2018-2019_Trentingrana__2018-10-24__P1a_304_fetta.bmp
Il formaggio ha un aroma di crauti.,Il formaggio ha un aroma di formaggio vecchio.,data/data/images_flat/2018-2019_Trentingrana__2018-10-24__P1a_304_fetta.bmp
Il formaggio presenta una texture molto asciutta e poco solubile.,Il formaggio ha un aroma di latte acido e fermentato.,data/data/images_flat/2018-2019_Trentingrana__2018-10-24__P1a_304_fetta.bmp
Il formaggio ha un profumo intenso.,Il formaggio presenta una texture morbida con molti cristalli.,data/data/images_flat/2018-2019_Trentingrana__2018-10-24__P1a_304_fetta.bmp
Il formaggio ha un profumo di crauti.,Il formaggio presenta una texture con scarsa microstruttura e mancanza di cristalli.,data/data/images_flat/2018-2019_Trentingrana__2018-10-24__P1a_304_fetta.bmp
"La crosta del formaggio presenta una sottocrosta grigiastra, di colore diverso tra i due piatti.",Il formaggio presenta una texture molto friabile e asciutta.,data/data/images_flat/2018-2019_Trentingrana__2018-10-24__P1a_304_fetta.bmp
Il formaggio ha un profumo intenso di burro fuso con note di nostrano e lievito.,Il formaggio presenta una texture granulosa con cristalli evidenti e solubile.,data/data/images_flat/2018-2019_Trentingrana__2018-10-24__P1a_304_fetta.bmp
Il formaggio ha un aroma metallico.,Il formaggio presenta una texture leggermente asciutta.,data/data/images_flat/2018-2019_Trentingrana__2018-10-24__P1a_304_fetta.bmp
Il formaggio ha un sapore acido e amaro.,Il formaggio presenta una texture con molti granuli di tirosina.,data/data/images_flat/2018-2019_Trentingrana__2018-10-24__P1a_304_fetta.bmp
La pasta del formaggio presenta una frattura irregolare e grana grandiosa.,"Il formaggio presenta una texture molto friabile, struttura fine e quasi asciutta.",data/data/images_flat/2018-2019_Trentingrana__2018-10-24__P1a_304_fetta.bmp
Il formaggio ha un sapore poco umami e leggermente piccante.,Il formaggio presenta una texture con leggera sabbiosità finale.,data/data/images_flat/2018-2019_Trentingrana__2018-10-24__P1a_304_fetta.bmp
Il formaggio ha un sapore molto salato con umami e piccantezza deboli.,Il formaggio presenta una texture granulosa.,data/data/images_flat/2018-2019_Trentingrana__2018-10-24__P1a_304_fetta.bmp
La pasta del formaggio è ruvida.,"La crosta del formaggio è sottile, ben distinta dalla pasta.",data/data/images_flat/2018-2019_Trentingrana__2018-10-24__P1a_304_fetta.bmp
Il formaggio ha un profumo di crauti.,La crosta del formaggio presenta uno spessore sottile su un lato e mediamente spessa sull'altro.,data/data/images_flat/2018-2019_Trentingrana__2018-10-24__P1a_304_fetta.bmp
"Il formaggio presenta una texture asciutta, poco solubile e farinosa.","La crosta del formaggio è di spessore molto sottile su un lato, decisamente più spessa sull'altro.",data/data/images_flat/2018-2019_Trentingrana__2018-10-24__P1a_304_fetta.bmp
Il formaggio ha un profumo di crauti.,La crosta del formaggio presenta uno spessore più marcato sulla parte piatta.,data/data/images_flat/2018-2019_Trentingrana__2018-10-24__P1a_304_fetta.bmp
Il formaggio ha un profumo di crauti.,La crosta del formaggio è sottile.,data/data/images_flat/2018-2019_Trentingrana__2018-10-24__P1a_304_fetta.bmp
Il formaggio ha un sapore molto piccante.,"La crosta del formaggio è mediamente spessa, con spigoli più marcati rispetto alla parte piatta.",data/data/images_flat/2018-2019_Trentingrana__2018-10-24__P1a_304_fetta.bmp
"La pasta del formaggio presenta una piccola frattura, altre più piccole e grana abbastanza omogenea.","La crosta del formaggio è variabile, spessore nel complesso sottile.",data/data/images_flat/2018-2019_Trentingrana__2018-10-24__P1a_304_fetta.bmp
Il formaggio presenta una texture granulosa.,La pasta del formaggio presenta una frattura regolare non perfetta.,data/data/images_flat/2018-2019_Trentingrana__2018-10-24__P1a_304_fetta.bmp
"La pasta del formaggio è grossolana e omogenea, con frattura di medie dimensioni e una fessura pronunciata.",La pasta del formaggio è a grana media con frattura leggermente irregolare e cristalli evidenti.,data/data/images_flat/2018-2019_Trentingrana__2018-10-24__P1a_304_fetta.bmp
Il formaggio presenta una texture granulosa.,La pasta del formaggio presenta una frattura disomogenea e grana uniforme granulosa.,data/data/images_flat/2018-2019_Trentingrana__2018-10-24__P1a_304_fetta.bmp
Il formaggio ha un aroma di sangue.,La pasta del formaggio presenta una frattura regolare e sporadica microocchiatura.,data/data/images_flat/2018-2019_Trentingrana__2018-10-24__P1a_304_fetta.bmp
"Il formaggio ha un profumo intenso ed equilibrato, tipico della grana.",La pasta del formaggio è granulosa con frattura abbastanza regolare.,data/data/images_flat/2018-2019_Trentingrana__2018-10-24__P1a_304_fetta.bmp
La crosta del formaggio presenta un'unghia spessa.,La pasta del formaggio presenta microocchiature e grana leggermente scagliosa.,data/data/images_flat/2018-2019_Trentingrana__2018-10-24__P1a_304_fetta.bmp
"Il formaggio ha un profumo intenso ed equilibrato, amaro, con tostatura e note lattiche.","La pasta del formaggio presenta una grana grossolana e grandiosa, difforme tra il piatto e lo scalzo, qualche piccolo strappo e microocchiatura centrale.",data/data/images_flat/2018-2019_Trentingrana__2018-10-24__P1a_304_fetta.bmp
La pasta del formaggio presenta una microocchiatura molto diffusa e grana grossolana.,La pasta del formaggio presenta una bella grana grossa e frattura media.,data/data/images_flat/2018-2019_Trentingrana__2018-10-24__P1a_304_fetta.bmp
"Il formaggio ha un profumo intenso di latte uht, burro sciolto e formaggio nostrano.","La pasta del formaggio presenta una bella grana tendente a grossolana nella zona bagnata, con occhiature.",data/data/images_flat/2018-2019_Trentingrana__2018-10-24__P1a_304_fetta.bmp
Il formaggio ha un profumo di crauti.,La pasta del formaggio presenta un alone in prossimità della frattura.,data/data/images_flat/2018-2019_Trentingrana__2018-10-24__P1a_304_fetta.bmp
Il formaggio ha un profumo di kiwi e nocciola.,La pasta del formaggio presenta un netto alone rosato e macchie.,data/data/images_flat/2018-2019_Trentingrana__2018-10-24__P1a_304_fetta.bmp
"Il formaggio ha un sapore molto saporito e deciso, leggermente piccante con una punta di acido equilibrata.",La pasta del formaggio presenta un colore più carico al centro.,data/data/images_flat/2018-2019_Trentingrana__2018-10-24__P1a_304_fetta.bmp
La pasta del formaggio presenta una fessura pronunciata.,La pasta del formaggio presenta numerose macchie rosate e colore disomogeneo.,data/data/images_flat/2018-2019_Trentingrana__2018-10-24__P1a_304_fetta.bmp
Il formaggio ha un profumo di crauti.,La pasta del formaggio è di colore paglierino più carico verso il centro.,data/data/images_flat/2018-2019_Trentingrana__2018-10-24__P1a_304_fetta.bmp
Il formaggio ha un aroma di sangue.,La pasta del formaggio presenta una zona centrale più scura.,data/data/images_flat/2018-2019_Trentingrana__2018-10-24__P1a_304_fetta.bmp
Il formaggio ha un profumo di crauti.,"La pasta del formaggio presenta un alone centrale e anello rosato, più chiara sotto la crosta e uno scalzo.",data/data/images_flat/2018-2019_Trentingrana__2018-10-24__P1a_304_fetta.bmp
Il formaggio presenta una texture asciutta.,La pasta del formaggio è di colore giallo medio carico con qualche zona rosata.,data/data/images_flat/2018-2019_Trentingrana__2018-10-24__P1a_304_fetta.bmp
Il formaggio ha un profumo di crauti.,"La pasta del formaggio presenta macchie rosa e colorazione non uniforme, tendente al chiaro.",data/data/images_flat/2018-2019_Trentingrana__2018-10-24__P1a_304_fetta.bmp
La pasta del formaggio presenta una microocchiatura molto diffusa.,Il formaggio ha un profumo di caramella mou e burro cotto.,data/data/images_flat/2018-2019_Trentingrana__2019-01-30__P6a_330_fetta.bmp
La pasta del formaggio presenta una piccola frattura e grana regolari.,Il formaggio ha un profumo di panna.,data/data/images_flat/2018-2019_Trentingrana__2019-01-30__P6a_330_fetta.bmp
La pasta del formaggio presenta un colore più carico al centro e macchie rosate.,Il formaggio ha un profumo di crosta.,data/data/images_flat/2018-2019_Trentingrana__2019-01-30__P6a_330_fetta.bmp
La pasta del formaggio è ruvida.,Il formaggio ha un profumo poco marcato con leggero sentore di cotto.,data/data/images_flat/2018-2019_Trentingrana__2019-01-30__P6a_330_fetta.bmp
Il formaggio ha un sapore amaro e acido.,"Il formaggio ha un profumo leggero fruttato e lattico cotto, con poco brodo e tostato.",data/data/images_flat/2018-2019_Trentingrana__2019-01-30__P6a_330_fetta.bmp
La pasta del formaggio è ruvida.,Il formaggio ha un profumo lieve.,data/data/images_flat/2018-2019_Trentingrana__2019-01-30__P6a_330_fetta.bmp
"Il formaggio ha un sapore saporito e piccante, non equilibrato.","Il formaggio ha un profumo di formaggio fritto, nota vegetale al bordo e latte crudo.",data/data/images_flat/2018-2019_Trentingrana__2019-01-30__P6a_330_fetta.bmp
La crosta del formaggio è spessa.,Il formaggio ha un sapore con dolcezza poco percepita.,data/data/images_flat/2018-2019_Trentingrana__2019-01-30__P6a_330_fetta.bmp
La pasta del formaggio è di colore giallo abbastanza carico.,Il formaggio ha un sapore salato.,data/data/images_flat/2018-2019_Trentingrana__2019-01-30__P6a_330_fetta.bmp
Il formaggio ha un profumo di gomma bruciata.,Il formaggio ha un sapore salato e leggermente piccante.,data/data/images_flat/2018-2019_Trentingrana__2019-01-30__P6a_330_fetta.bmp
"Il formaggio ha un sapore poco saporito e deciso, leggermente piccante con una punta di acido equilibrata.","Il formaggio ha un sapore sapido prevalente, seguito da dolce e piccante persistente.",data/data/images_flat/2018-2019_Trentingrana__2019-01-30__P6a_330_fetta.bmp
La pasta del formaggio è fine e uniforme.,"Il formaggio ha un sapore pungente per eccesso di sale, con acidità e amarezza equilibrate.",data/data/images_flat/2018-2019_Trentingrana__2019-01-30__P6a_330_fetta.bmp
La pasta del formaggio è di colore paglierino.,Il formaggio ha un sapore dolce e leggermente piccante.,data/data/images_flat/2018-2019_Trentingrana__2019-01-30__P6a_330_fetta.bmp
"La crosta del formaggio presenta un colore di fondo carico, poco contrastante.",Il formaggio ha un sapore salato.,data/data/images_flat/2018-2019_Trentingrana__2019-01-30__P6a_330_fetta.bmp
La pasta del formaggio è ruvida.,Il formaggio ha un aroma di latte cotto e verdura cotta.,data/data/images_flat/2018-2019_Trentingrana__2019-01-30__P6a_330_fetta.bmp
La pasta del formaggio è a grana fine con cristalli evidenti.,Il formaggio ha un aroma poco intenso.,data/data/images_flat/2018-2019_Trentingrana__2019-01-30__P6a_330_fetta.bmp
Il formaggio ha un profumo di gomma bruciata.,"Il formaggio ha un aroma non tipico del grana, fermentato e anomalo.",data/data/images_flat/2018-2019_Trentingrana__2019-01-30__P6a_330_fetta.bmp
La crosta del formaggio è regolare.,"Il formaggio ha un aroma di vegetale secco, brodo, burro fuso e lattico cotto.",data/data/images_flat/2018-2019_Trentingrana__2019-01-30__P6a_330_fetta.bmp
"La crosta del formaggio presenta una sottocrosta grigiastra, di colore diverso da un lato.",Il formaggio ha un aroma di burro con note di crosta di formaggio.,data/data/images_flat/2018-2019_Trentingrana__2019-01-30__P6a_330_fetta.bmp
La pasta del formaggio presenta una bella frattura e struttura granulosa a tratti meno definita.,"Il formaggio presenta una texture morbida, granulosa con cristalli.",data/data/images_flat/2018-2019_Trentingrana__2019-01-30__P6a_330_fetta.bmp
La crosta del formaggio è spessa.,"Il formaggio presenta una texture friabile con microstruttura buona, cristalli percepibili e giusta umidità.",data/data/images_flat/2018-2019_Trentingrana__2019-01-30__P6a_330_fetta.bmp
"La pasta del formaggio è granulosa e ruvida, con ma più grossolana.",Il formaggio presenta una texture con cristalli e buona solubilità.,data/data/images_flat/2018-2019_Trentingrana__2019-01-30__P6a_330_fetta.bmp
La crosta del formaggio è molto sottile.,Il formaggio presenta una texture asciutta.,data/data/images_flat/2018-2019_Trentingrana__2019-01-30__P6a_330_fetta.bmp
La crosta del formaggio è di colore chiaro.,"Il formaggio presenta una texture asciutta, farinosa e poco solubile.",data/data/images_flat/2018-2019_Trentingrana__2019-01-30__P6a_330_fetta.bmp
La pasta del formaggio è ruvida.,Il formaggio presenta una texture poco solubile.,data/data/images_flat/2018-2019_Trentingrana__2019-01-30__P6a_330_fetta.bmp
Il formaggio ha un profumo di cavolo cotto.,Il formaggio presenta una texture sabbioso con cristalli abbondanti.,data/data/images_flat/2018-2019_Trentingrana__2019-01-30__P6a_330_fetta.bmp
Il formaggio presenta una texture asciutta.,La crosta del formaggio è regolare.,data/data/images_flat/2018-2019_Trentingrana__2019-01-30__P6a_330_fetta.bmp
Il formaggio ha un sapore privo di salato.,La crosta del formaggio presenta unghia pronunciata soprattutto sugli spigoli.,data/data/images_flat/2018-2019_Trentingrana__2019-01-30__P6a_330_fetta.bmp
La crosta del formaggio è regolare.,La crosta del formaggio è mediamente spessa.,data/data/images_flat/2018-2019_Trentingrana__2019-01-30__P6a_330_fetta.bmp
La crosta del formaggio è di colore chiaro.,La crosta del formaggio è molto sottile.,data/data/images_flat/2018-2019_Trentingrana__2019-01-30__P6a_330_fetta.bmp
Il formaggio ha un sapore acido e amaro.,"La pasta del formaggio presenta una frattura a scaglie, grana con striature e piccoli strappi.",data/data/images_flat/2018-2019_Trentingrana__2019-01-30__P6a_330_fetta.bmp
Il formaggio ha un profumo di crauti.,"La pasta del formaggio presenta una frattura regolare, granulosa, presenza di fratture interne, tendenza a scagliare e area con microocchiatura.",data/data/images_flat/2018-2019_Trentingrana__2019-01-30__P6a_330_fetta.bmp
Il formaggio ha un profumo di insilato di mais dominante.,La pasta del formaggio presenta una frattura irregolare e leggere striature.,data/data/images_flat/2018-2019_Trentingrana__2019-01-30__P6a_330_fetta.bmp
La pasta del formaggio presenta una leggera microocchiatura.,La pasta del formaggio è molto grossolana con sporadiche microocchiature e piccole zone stirate.,data/data/images_flat/2018-2019_Trentingrana__2019-01-30__P6a_330_fetta.bmp
Il formaggio presenta una texture asciutta.,La pasta del formaggio presenta una bella grana ma struttura slegata e numerosi piccoli spacchi.,data/data/images_flat/2018-2019_Trentingrana__2019-01-30__P6a_330_fetta.bmp
"Il formaggio ha un sapore leggermente saporito e piccante, nel complesso equilibrato.",La pasta del formaggio presenta frequenti spacchi e microocchiatura centrale.,data/data/images_flat/2018-2019_Trentingrana__2019-01-30__P6a_330_fetta.bmp
La pasta del formaggio presenta un colore più carico al centro e banda chiara sotto la fascia subcentrale.,La pasta del formaggio presenta un'occhiatura poco presente e frattura irregolare.,data/data/images_flat/2018-2019_Trentingrana__2019-01-30__P6a_330_fetta.bmp
La crosta del formaggio è regolare.,La pasta del formaggio è tendente al rosato e di colore uniforme.,data/data/images_flat/2018-2019_Trentingrana__2019-01-30__P6a_330_fetta.bmp
La pasta del formaggio presenta una macchia più scura.,La pasta del formaggio è di colore chiaro con lieve carico al centro.,data/data/images_flat/2018-2019_Trentingrana__2019-01-30__P6a_330_fetta.bmp
La pasta del formaggio è ruvida.,La pasta del formaggio è leggermente più scura ai bordi.,data/data/images_flat/2018-2019_Trentingrana__2019-01-30__P6a_330_fetta.bmp
Il formaggio ha un profumo di crauti.,La pasta del formaggio è di colore paglierino.,data/data/images_flat/2018-2019_Trentingrana__2019-01-30__P6a_330_fetta.bmp
Il formaggio ha un sapore acido e amaro.,La pasta del formaggio è di colore omogeneo non molto carico.,data/data/images_flat/2018-2019_Trentingrana__2019-01-30__P6a_330_fetta.bmp
La pasta del formaggio è di colore carico con fascia più chiara sotto la superficie.,La pasta del formaggio presenta una zona leggermente rosata.,data/data/images_flat/2018-2019_Trentingrana__2019-01-30__P6a_330_fetta.bmp
Il formaggio ha un sapore privo di salato.,"La pasta del formaggio è di colore paglierino omogeneo, con leggeri aloni verdolini.",data/data/images_flat/2018-2019_Trentingrana__2019-01-30__P6a_330_fetta.bmp
Il formaggio ha un aroma di crosta di formaggio e formaggio cotto.,Il formaggio ha un profumo di frutta fermentata.,data/data/images_flat/2018-2019_Trentingrana__2019-01-30__P4a_307_fetta.bmp
Il formaggio presenta una texture con cristalli percettibili.,Il formaggio ha un profumo vegetale balsamico.,data/data/images_flat/2018-2019_Trentingrana__2019-01-30__P4a_307_fetta.bmp
Il formaggio ha un sapore leggermente amaro.,Il formaggio ha un profumo ossidato e fermentato.,data/data/images_flat/2018-2019_Trentingrana__2019-01-30__P4a_307_fetta.bmp
"La pasta del formaggio è granulosa con microocchiatura a tratti, leggera stiratura in una zona.","Il formaggio ha un profumo di brodo di carne, panna, burro leggero e note lattiche acide.",data/data/images_flat/2018-2019_Trentingrana__2019-01-30__P4a_307_fetta.bmp
La pasta del formaggio presenta una microocchiatura fitta e grana leggermente grossolana.,Il formaggio ha un profumo su base lattica delicata con aroma di formaggio quasi fermentato.,data/data/images_flat/2018-2019_Trentingrana__2019-01-30__P4a_307_fetta.bmp
Il formaggio ha un sapore leggermente amaro.,Il formaggio ha un profumo acido.,data/data/images_flat/2018-2019_Trentingrana__2019-01-30__P4a_307_fetta.bmp
Il formaggio ha un profumo di burro fuso e formaggio cotto.,Il formaggio ha un profumo fermentato.,data/data/images_flat/2018-2019_Trentingrana__2019-01-30__P4a_307_fetta.bmp
"Il formaggio presenta una texture con cristalli percettibili, grana leggera e asciutta.",Il formaggio ha un sapore prevalentemente dolce con piccantezza percepibile.,data/data/images_flat/2018-2019_Trentingrana__2019-01-30__P4a_307_fetta.bmp
La crosta del formaggio è mediamente spessa.,Il formaggio ha un sapore piccante.,data/data/images_flat/2018-2019_Trentingrana__2019-01-30__P4a_307_fetta.bmp
"Il formaggio presenta una texture con cristalli grossi, bocca pulita nel complesso.",Il formaggio ha un sapore piccante.,data/data/images_flat/2018-2019_Trentingrana__2019-01-30__P4a_307_fetta.bmp
Il formaggio ha un profumo di brodo vegetale e formaggio cotto.,Il formaggio ha un sapore salato con punta di piccante.,data/data/images_flat/2018-2019_Trentingrana__2019-01-30__P4a_307_fetta.bmp
La crosta del formaggio è sottile.,Il formaggio ha un sapore dolce ed equilibrato con nota piccante percettibile.,data/data/images_flat/2018-2019_Trentingrana__2019-01-30__P4a_307_fetta.bmp
La crosta del formaggio è mediamente spessa.,"Il formaggio ha un sapore pungente sulla lingua, con note di amaro e acido.",data/data/images_flat/2018-2019_Trentingrana__2019-01-30__P4a_307_fetta.bmp
La crosta del formaggio è mediamente spessa.,Il formaggio ha un sapore amaro e acido.,data/data/images_flat/2018-2019_Trentingrana__2019-01-30__P4a_307_fetta.bmp
La crosta del formaggio è spessa.,Il formaggio ha un sapore acido.,data/data/images_flat/2018-2019_Trentingrana__2019-01-30__P4a_307_fetta.bmp
La crosta del formaggio è sottile.,Il formaggio ha un aroma di latte cotto con note di fermentato.,data/data/images_flat/2018-2019_Trentingrana__2019-01-30__P4a_307_fetta.bmp
La pasta del formaggio presenta una microocchiatura diffusa e qualche strappo.,Il formaggio ha un aroma ossidato e stantio.,data/data/images_flat/2018-2019_Trentingrana__2019-01-30__P4a_307_fetta.bmp
Il formaggio presenta una texture molto pastosa.,Il formaggio ha un aroma prevalentemente fruttato e lattico fresco.,data/data/images_flat/2018-2019_Trentingrana__2019-01-30__P4a_307_fetta.bmp
Il formaggio presenta una texture molto pastosa.,Il formaggio ha un aroma non tipico.,data/data/images_flat/2018-2019_Trentingrana__2019-01-30__P4a_307_fetta.bmp
Il formaggio ha un sapore equilibrato con note dolci piacevoli all'inizio e finale leggermente acidulo.,Il formaggio ha un aroma acido e fermentato.,data/data/images_flat/2018-2019_Trentingrana__2019-01-30__P4a_307_fetta.bmp
"Il formaggio presenta una texture con cristalli, alta solubilità e poca struttura.","Il formaggio presenta una texture pastosa che impasta la bocca, con poca grana, cristalli evidenti ma scarsa solubilità e finale sabbioso.",data/data/images_flat/2018-2019_Trentingrana__2019-01-30__P4a_307_fetta.bmp
"Il formaggio presenta una texture con cristalli percettibili, grana leggera e solubile.","Il formaggio presenta una texture umida, tenera e che impasta la bocca nel finale.",data/data/images_flat/2018-2019_Trentingrana__2019-01-30__P4a_307_fetta.bmp
"Il formaggio ha un profumo di latte cotto, burro, vegetale secco con sentori di fieno, fruttato e poco tostato.",Il formaggio presenta una texture morbida e abbastanza pastosa.,data/data/images_flat/2018-2019_Trentingrana__2019-01-30__P4a_307_fetta.bmp
Il formaggio ha un sapore leggermente piccante.,Il formaggio presenta una texture morbida e pastosa.,data/data/images_flat/2018-2019_Trentingrana__2019-01-30__P4a_307_fetta.bmp
La pasta del formaggio è a grana fine con microocchiature diffuse e un'occhiatura grossolana.,"Il formaggio presenta una texture poco cedevole, con tirosina presente.",data/data/images_flat/2018-2019_Trentingrana__2019-01-30__P4a_307_fetta.bmp
La crosta del formaggio è sottile.,"Il formaggio ha una texture che lascia la bocca poco pulita, con frammenti poco solubili.",data/data/images_flat/2018-2019_Trentingrana__2019-01-30__P4a_307_fetta.bmp
Il formaggio ha un profumo di formaggio fritto e crosta di formaggio.,La crosta del formaggio presenta uno spessore più marcato su un lato.,data/data/images_flat/2018-2019_Trentingrana__2019-01-30__P4a_307_fetta.bmp
La pasta del formaggio presenta una frattura abbastanza regolare e grana semi fine.,La crosta del formaggio è sottile e omogenea.,data/data/images_flat/2018-2019_Trentingrana__2019-01-30__P4a_307_fetta.bmp
Il formaggio ha un profumo di burro fuso e formaggio cotto.,"La crosta del formaggio è sottile, con unghia spessa e colore non marcato.",data/data/images_flat/2018-2019_Trentingrana__2019-01-30__P4a_307_fetta.bmp
"La pasta del formaggio presenta una microocchiatura centrale, frattura regolare e qualche strappo.",La crosta del formaggio è mediamente spessa.,data/data/images_flat/2018-2019_Trentingrana__2019-01-30__P4a_307_fetta.bmp
"Il formaggio presenta una texture morbida e friabile, ma con microstruttura abbastanza fine, cristalli presenti ma non abbondanti; impasta e ingozza nel finale.",La crosta del formaggio è abbastanza spessa.,data/data/images_flat/2018-2019_Trentingrana__2019-01-30__P4a_307_fetta.bmp
Il formaggio ha un aroma di brodo e crosta di formaggio.,"La pasta del formaggio presenta una microocchiatura non fitta, qualche occhio di dimensioni medie, cristalli evidenti e grana fine.",data/data/images_flat/2018-2019_Trentingrana__2019-01-30__P4a_307_fetta.bmp
Il formaggio ha un sapore acido e piccante.,"La pasta del formaggio presenta tre occhiature visibili di dimensioni grandi, altre più piccole diffuse, grana omogenea con leggera stiratura in zone limitate.",data/data/images_flat/2018-2019_Trentingrana__2019-01-30__P4a_307_fetta.bmp
Il formaggio ha un profumo di formaggio maturo tendente allo scuro e cotto.,La pasta del formaggio presenta occhiature numerose e cristalli evidenti.,data/data/images_flat/2018-2019_Trentingrana__2019-01-30__P4a_307_fetta.bmp
La crosta del formaggio è sottile.,La pasta del formaggio presenta striature e occhiatura pronunciata.,data/data/images_flat/2018-2019_Trentingrana__2019-01-30__P4a_307_fetta.bmp
La pasta del formaggio presenta una microocchiatura.,La pasta del formaggio presenta una microocchiatura e occhiatura di grandi dimensioni.,data/data/images_flat/2018-2019_Trentingrana__2019-01-30__P4a_307_fetta.bmp
Il formaggio ha un profumo di burro fuso e formaggio da crosta.,"La pasta del formaggio non è omogenea, in parte stirata, con occhiatura da emmentaler.",data/data/images_flat/2018-2019_Trentingrana__2019-01-30__P4a_307_fetta.bmp
La pasta del formaggio è leggermente stirata.,La pasta del formaggio presenta un'occhiatura di piccole dimensioni distribuita abbastanza uniformemente e zona di stiratura.,data/data/images_flat/2018-2019_Trentingrana__2019-01-30__P4a_307_fetta.bmp
Il formaggio ha un profumo di brodo vegetale e formaggio cotto.,"La pasta del formaggio presenta un'occhiatura più concentrata su un piatto e uno scalzo, prevalentemente di grandi dimensioni.",data/data/images_flat/2018-2019_Trentingrana__2019-01-30__P4a_307_fetta.bmp
Il formaggio presenta una texture pastosa e adesiva.,La pasta del formaggio è di colore leggermente carico ma uniforme.,data/data/images_flat/2018-2019_Trentingrana__2019-01-30__P4a_307_fetta.bmp
Il formaggio presenta una texture con cristalli e buona solubilità.,"La pasta del formaggio è di colore omogeneo, poco saturo.",data/data/images_flat/2018-2019_Trentingrana__2019-01-30__P4a_307_fetta.bmp
Il formaggio ha un aroma di brodo e crosta di formaggio.,La pasta del formaggio è di colore giallo carico.,data/data/images_flat/2018-2019_Trentingrana__2019-01-30__P4a_307_fetta.bmp
Il formaggio ha un profumo di brodo vegetale.,La pasta del formaggio è di colore paglierino chiaro omogeneo.,data/data/images_flat/2018-2019_Trentingrana__2019-01-30__P4a_307_fetta.bmp
"Il formaggio presenta una texture poco solubile, leggermente sabbioso al finale.",La pasta del formaggio presenta una zona più scura.,data/data/images_flat/2018-2019_Trentingrana__2019-01-30__P4a_307_fetta.bmp
La crosta del formaggio è mediamente spessa.,La pasta del formaggio è di colore paglierino intenso e omogeneo.,data/data/images_flat/2018-2019_Trentingrana__2019-01-30__P4a_307_fetta.bmp
Il formaggio ha un aroma di burro e grana.,Il formaggio ha un profumo di frutta fermentata.,data/data/images_flat/2018-2019_Trentingrana__2019-01-30__P4b_307_fetta.bmp
La crosta del formaggio è mediamente spessa.,Il formaggio ha un profumo vegetale balsamico.,data/data/images_flat/2018-2019_Trentingrana__2019-01-30__P4b_307_fetta.bmp
Il formaggio ha un profumo di latte cotto e burro fuso con note di crosta di formaggio.,Il formaggio ha un profumo ossidato e fermentato.,data/data/images_flat/2018-2019_Trentingrana__2019-01-30__P4b_307_fetta.bmp
La pasta del formaggio presenta una frattura irregolare e microocchiatura diffusa.,"Il formaggio ha un profumo di brodo di carne, panna, burro leggero e note lattiche acide.",data/data/images_flat/2018-2019_Trentingrana__2019-01-30__P4b_307_fetta.bmp
"La pasta del formaggio presenta una frattura abbastanza regolare, grana grossolana e piccoli cristalli.",Il formaggio ha un profumo su base lattica delicata con aroma di formaggio quasi fermentato.,data/data/images_flat/2018-2019_Trentingrana__2019-01-30__P4b_307_fetta.bmp
La crosta del formaggio è mediamente spessa.,Il formaggio ha un profumo acido.,data/data/images_flat/2018-2019_Trentingrana__2019-01-30__P4b_307_fetta.bmp
Il formaggio ha un sapore leggermente amaro.,Il formaggio ha un profumo fermentato.,data/data/images_flat/2018-2019_Trentingrana__2019-01-30__P4b_307_fetta.bmp
Il formaggio ha un sapore leggermente salato.,Il formaggio ha un sapore prevalentemente dolce con piccantezza percepibile.,data/data/images_flat/2018-2019_Trentingrana__2019-01-30__P4b_307_fetta.bmp
Il formaggio ha un aroma di crosta di formaggio e formaggio cotto.,Il formaggio ha un sapore piccante.,data/data/images_flat/2018-2019_Trentingrana__2019-01-30__P4b_307_fetta.bmp
La crosta del formaggio è sottile.,Il formaggio ha un sapore piccante.,data/data/images_flat/2018-2019_Trentingrana__2019-01-30__P4b_307_fetta.bmp
La pasta del formaggio presenta una frattura irregolare e grana fine distribuita omogeneamente.,Il formaggio ha un sapore salato con punta di piccante.,data/data/images_flat/2018-2019_Trentingrana__2019-01-30__P4b_307_fetta.bmp
Il formaggio ha un sapore leggermente salato.,Il formaggio ha un sapore dolce ed equilibrato con nota piccante percettibile.,data/data/images_flat/2018-2019_Trentingrana__2019-01-30__P4b_307_fetta.bmp
La pasta del formaggio presenta una frattura irregolare e microocchiatura diffusa.,"Il formaggio ha un sapore pungente sulla lingua, con note di amaro e acido.",data/data/images_flat/2018-2019_Trentingrana__2019-01-30__P4b_307_fetta.bmp
Il formaggio ha un aroma di burro e formaggio cotto.,Il formaggio ha un sapore amaro e acido.,data/data/images_flat/2018-2019_Trentingrana__2019-01-30__P4b_307_fetta.bmp
La pasta del formaggio è leggermente stirata.,Il formaggio ha un sapore acido.,data/data/images_flat/2018-2019_Trentingrana__2019-01-30__P4b_307_fetta.bmp
La crosta del formaggio è mediamente spessa.,Il formaggio ha un aroma di latte cotto con note di fermentato.,data/data/images_flat/2018-2019_Trentingrana__2019-01-30__P4b_307_fetta.bmp
La pasta del formaggio presenta una frattura abbastanza regolare e grana fine.,Il formaggio ha un aroma ossidato e stantio.,data/data/images_flat/2018-2019_Trentingrana__2019-01-30__P4b_307_fetta.bmp
Il formaggio ha un aroma di crosta e ossidato.,Il formaggio ha un aroma prevalentemente fruttato e lattico fresco.,data/data/images_flat/2018-2019_Trentingrana__2019-01-30__P4b_307_fetta.bmp
La crosta del formaggio è sottile.,Il formaggio ha un aroma non tipico.,data/data/images_flat/2018-2019_Trentingrana__2019-01-30__P4b_307_fetta.bmp
Il formaggio ha un aroma di crosta di formaggio e ossidato.,Il formaggio ha un aroma acido e fermentato.,data/data/images_flat/2018-2019_Trentingrana__2019-01-30__P4b_307_fetta.bmp
La pasta del formaggio è leggermente stirata.,"Il formaggio presenta una texture pastosa che impasta la bocca, con poca grana, cristalli evidenti ma scarsa solubilità e finale sabbioso.",data/data/images_flat/2018-2019_Trentingrana__2019-01-30__P4b_307_fetta.bmp
"Il formaggio presenta una texture friabile con microstruttura fine, microcristalli presenti e non asciutta.","Il formaggio presenta una texture umida, tenera e che impasta la bocca nel finale.",data/data/images_flat/2018-2019_Trentingrana__2019-01-30__P4b_307_fetta.bmp
Il formaggio ha un profumo di brodo vegetale e formaggio cotto.,Il formaggio presenta una texture morbida e abbastanza pastosa.,data/data/images_flat/2018-2019_Trentingrana__2019-01-30__P4b_307_fetta.bmp
La pasta del formaggio presenta una frattura irregolare e microocchiatura centrale.,Il formaggio presenta una texture morbida e pastosa.,data/data/images_flat/2018-2019_Trentingrana__2019-01-30__P4b_307_fetta.bmp
Il formaggio ha un sapore leggermente acido.,"Il formaggio presenta una texture poco cedevole, con tirosina presente.",data/data/images_flat/2018-2019_Trentingrana__2019-01-30__P4b_307_fetta.bmp
Il formaggio ha un aroma di crosta di formaggio e crosta di formaggio.,"Il formaggio ha una texture che lascia la bocca poco pulita, con frammenti poco solubili.",data/data/images_flat/2018-2019_Trentingrana__2019-01-30__P4b_307_fetta.bmp
Il formaggio ha un aroma di formaggio cotto e crosta di formaggio.,La crosta del formaggio presenta uno spessore più marcato su un lato.,data/data/images_flat/2018-2019_Trentingrana__2019-01-30__P4b_307_fetta.bmp
Il formaggio ha un sapore equilibrato con note dolci piacevoli all'inizio e finale leggermente acidulo.,La crosta del formaggio è sottile e omogenea.,data/data/images_flat/2018-2019_Trentingrana__2019-01-30__P4b_307_fetta.bmp
Il formaggio ha un profumo di burro fuso e latte cotto con note di crosta.,"La crosta del formaggio è sottile, con unghia spessa e colore non marcato.",data/data/images_flat/2018-2019_Trentingrana__2019-01-30__P4b_307_fetta.bmp
Il formaggio ha un profumo di panna.,La crosta del formaggio è mediamente spessa.,data/data/images_flat/2018-2019_Trentingrana__2019-01-30__P4b_307_fetta.bmp
Il formaggio ha un aroma di crosta di formaggio.,La crosta del formaggio è abbastanza spessa.,data/data/images_flat/2018-2019_Trentingrana__2019-01-30__P4b_307_fetta.bmp
La crosta del formaggio è mediamente spessa.,"La pasta del formaggio presenta una microocchiatura non fitta, qualche occhio di dimensioni medie, cristalli evidenti e grana fine.",data/data/images_flat/2018-2019_Trentingrana__2019-01-30__P4b_307_fetta.bmp
Il formaggio presenta una texture con cristalli percettibili.,"La pasta del formaggio presenta tre occhiature visibili di dimensioni grandi, altre più piccole diffuse, grana omogenea con leggera stiratura in zone limitate.",data/data/images_flat/2018-2019_Trentingrana__2019-01-30__P4b_307_fetta.bmp
Il formaggio ha un aroma di crosta di formaggio.,La pasta del formaggio presenta occhiature numerose e cristalli evidenti.,data/data/images_flat/2018-2019_Trentingrana__2019-01-30__P4b_307_fetta.bmp
Il formaggio ha un aroma di crosta di formaggio e formaggio bruciato.,La pasta del formaggio presenta striature e occhiatura pronunciata.,data/data/images_flat/2018-2019_Trentingrana__2019-01-30__P4b_307_fetta.bmp
Il formaggio ha un aroma di crosta di formaggio e formaggio bruciato.,La pasta del formaggio presenta una microocchiatura e occhiatura di grandi dimensioni.,data/data/images_flat/2018-2019_Trentingrana__2019-01-30__P4b_307_fetta.bmp
La pasta del formaggio è leggermente stirata.,"La pasta del formaggio non è omogenea, in parte stirata, con occhiatura da emmentaler.",data/data/images_flat/2018-2019_Trentingrana__2019-01-30__P4b_307_fetta.bmp
"Il formaggio presenta una texture morbida, poco granulosa e poco solubile.",La pasta del formaggio presenta un'occhiatura di piccole dimensioni distribuita abbastanza uniformemente e zona di stiratura.,data/data/images_flat/2018-2019_Trentingrana__2019-01-30__P4b_307_fetta.bmp
"La pasta del formaggio è granulosa con frattura regolare, ma con occhiatura diffusa.","La pasta del formaggio presenta un'occhiatura più concentrata su un piatto e uno scalzo, prevalentemente di grandi dimensioni.",data/data/images_flat/2018-2019_Trentingrana__2019-01-30__P4b_307_fetta.bmp
La crosta del formaggio è mediamente spessa.,La pasta del formaggio è di colore leggermente carico ma uniforme.,data/data/images_flat/2018-2019_Trentingrana__2019-01-30__P4b_307_fetta.bmp
Il formaggio ha un sapore leggermente salato.,"La pasta del formaggio è di colore omogeneo, poco saturo.",data/data/images_flat/2018-2019_Trentingrana__2019-01-30__P4b_307_fetta.bmp
La crosta del formaggio è mediamente spessa.,La pasta del formaggio è di colore giallo carico.,data/data/images_flat/2018-2019_Trentingrana__2019-01-30__P4b_307_fetta.bmp
"Il formaggio presenta una texture morbida, umida e friabile.",La pasta del formaggio è di colore paglierino chiaro omogeneo.,data/data/images_flat/2018-2019_Trentingrana__2019-01-30__P4b_307_fetta.bmp
"Il formaggio presenta una texture morbida, granulosa con cristalli evidenti.",La pasta del formaggio presenta una zona più scura.,data/data/images_flat/2018-2019_Trentingrana__2019-01-30__P4b_307_fetta.bmp
"La pasta del formaggio presenta una frattura abbastanza regolare e grana fine, ma con qualche microocchiatura e a tratti.",La pasta del formaggio è di colore paglierino intenso e omogeneo.,data/data/images_flat/2018-2019_Trentingrana__2019-01-30__P4b_307_fetta.bmp
Il formaggio presenta una texture priva di cristalli.,Il formaggio ha un profumo scarico.,data/data/images_flat/2019-2020_Trentingrana__III bimestre__20-11-2019_12° Seduta__P5a_TN328_Fetta.bmp
Il formaggio ha un sapore equilibrato.,Il formaggio ha un profumo vegetale.,data/data/images_flat/2019-2020_Trentingrana__III bimestre__20-11-2019_12° Seduta__P5a_TN328_Fetta.bmp
La pasta del formaggio presenta una fessura pronunciata.,La pasta del formaggio presenta una fessura sottile.,data/data/images_flat/2019-2020_Trentingrana__III bimestre__18-12-2019_17° Seduta__P1a_TN302_Fetta.bmp
La pasta del formaggio presenta numerose fessure.,La pasta del formaggio presenta una grossa fessura.,data/data/images_flat/2019-2020_Trentingrana__III bimestre__18-12-2019_17° Seduta__P1a_TN302_Fetta.bmp
Il formaggio ha un sapore amaro e netto.,Il formaggio ha un sapore leggermente salato.,data/data/images_flat/2019-2020_Trentingrana__III bimestre__06-12-2019_15° Seduta__P3a_TN310_Fetta.bmp
Il formaggio ha un profumo vegetale balsamico.,Il formaggio ha un aroma di cipolla.,data/data/images_flat/2019-2020_Trentingrana__III bimestre__06-12-2019_15° Seduta__P3a_TN310_Fetta.bmp
La pasta del formaggio presenta una microocchiatura simile a zone quasi assente.,Il formaggio ha un sapore fortemente piccante e persistente.,data/data/images_flat/2019-2020_Trentingrana__III bimestre__27-11-2019_13° Seduta__P2a_TN304_Fetta.bmp
Il formaggio ha un sapore leggermente amaro.,Il formaggio ha un aroma di crauti.,data/data/images_flat/2019-2020_Trentingrana__III bimestre__11-12-2019_16° Seduta__P4b_TN319_Fetta.bmp
La pasta del formaggio presenta una grossa fessura.,Il formaggio presenta una texture compatta.,data/data/images_flat/2019-2020_Trentingrana__III bimestre__11-12-2019_16° Seduta__P4b_TN319_Fetta.bmp
La pasta del formaggio presenta una grande fessura.,Il formaggio presenta una texture con pochi cristalli.,data/data/images_flat/2019-2020_Trentingrana__III bimestre__11-12-2019_16° Seduta__P4b_TN319_Fetta.bmp
La pasta del formaggio presenta numerose fessure sotto la zona di un piatto.,Il formaggio ha un profumo di fieno greco.,data/data/images_flat/2019-2020_Trentingrana__III bimestre__11-12-2019_16° Seduta__P1a_TN302_Fetta.bmp
Il formaggio presenta una texture leggermente asciutta.,Il formaggio presenta una texture poco granulosa e deformabile.,data/data/images_flat/2019-2020_Trentingrana__III bimestre__11-12-2019_16° Seduta__P1a_TN302_Fetta.bmp
Il formaggio ha un sapore leggermente sapido.,Il formaggio presenta una texture senza cristalli e senza grana.,data/data/images_flat/2019-2020_Trentingrana__III bimestre__11-12-2019_16° Seduta__P1a_TN302_Fetta.bmp
Il formaggio ha un profumo molto tenue.,Il formaggio ha un profumo presente all'apertura.,data/data/images_flat/2019-2020_Trentingrana__III bimestre__11-12-2019_16° Seduta__P6b_TN326_Fetta.bmp
Il formaggio ha un profumo molto leggero e fugace.,Il formaggio ha un profumo molto tenue.,data/data/images_flat/2019-2020_Trentingrana__III bimestre__11-12-2019_16° Seduta__P6b_TN326_Fetta.bmp
Il formaggio ha un profumo di buona intensità.,Il formaggio ha un profumo poco intenso e poco complesso.,data/data/images_flat/2019-2020_Trentingrana__III bimestre__11-12-2019_16° Seduta__P6b_TN326_Fetta.bmp
Il formaggio presenta una texture compatta.,Il formaggio ha un aroma di scarico.,data/data/images_flat/2019-2020_Trentingrana__III bimestre__11-12-2019_16° Seduta__P6b_TN326_Fetta.bmp
Il formaggio ha un aroma di ananas.,Il formaggio presenta una texture non granulosa.,data/data/images_flat/2019-2020_Trentingrana__III bimestre__11-12-2019_16° Seduta__P6b_TN326_Fetta.bmp
Il formaggio ha un profumo di cacao.,"Il formaggio presenta una texture compatta, non granulosa, non friabile.",data/data/images_flat/2019-2020_Trentingrana__III bimestre__11-12-2019_16° Seduta__P6b_TN326_Fetta.bmp
Il formaggio ha un aroma di ananas.,La pasta del formaggio è senza grana.,data/data/images_flat/2019-2020_Trentingrana__III bimestre__11-12-2019_16° Seduta__P6b_TN326_Fetta.bmp
Il formaggio ha un profumo molto tenue.,La pasta del formaggio presenta diverse zone quasi lisce.,data/data/images_flat/2019-2020_Trentingrana__III bimestre__11-12-2019_16° Seduta__P6b_TN326_Fetta.bmp
La pasta del formaggio è ruvida.,Il formaggio ha un profumo poco intenso.,data/data/images_flat/2019-2020_Trentingrana__IV bimestre__08-01-2020_18° Seduta__P4a_TN328_Fetta.bmp
Il formaggio ha un sapore amaro.,Il formaggio ha un sapore eccessivamente piccante rispetto alle altre note.,data/data/images_flat/2019-2020_Trentingrana__IV bimestre__08-01-2020_18° Seduta__P4a_TN328_Fetta.bmp
Il formaggio ha un profumo di ananas e pompelmo.,Il formaggio presenta una texture poco friabile.,data/data/images_flat/2019-2020_Trentingrana__IV bimestre__08-01-2020_18° Seduta__P4a_TN328_Fetta.bmp
Il formaggio presenta una texture leggermente asciutta.,Il formaggio presenta una texture priva di cristalli.,data/data/images_flat/2019-2020_Trentingrana__IV bimestre__08-01-2020_18° Seduta__P4a_TN328_Fetta.bmp
La pasta del formaggio presenta un taglio sottocrosta e disidratata.,La pasta del formaggio presenta tante piccole fratture.,data/data/images_flat/2019-2020_Trentingrana__IV bimestre__08-01-2020_18° Seduta__P4a_TN328_Fetta.bmp
La pasta del formaggio presenta una piccola fessura.,La pasta del formaggio presenta una presenza di fessure abbondanti.,data/data/images_flat/2019-2020_Trentingrana__IV bimestre__08-01-2020_18° Seduta__P4a_TN328_Fetta.bmp
Il formaggio presenta una texture senza grana.,Il formaggio ha un sapore eccessivamente piccante.,data/data/images_flat/2019-2020_Trentingrana__IV bimestre__08-01-2020_18° Seduta__P2a_TN304_Fetta.bmp
Il formaggio ha un profumo molto leggero e fugace.,Il formaggio presenta una texture priva di cristalli.,data/data/images_flat/2019-2020_Trentingrana__IV bimestre__08-01-2020_18° Seduta__P2a_TN304_Fetta.bmp
Il formaggio presenta una texture asciutta.,Il formaggio ha un profumo poco intenso.,data/data/images_flat/2019-2020_Trentingrana__IV bimestre__08-01-2020_18° Seduta__P4b_TN328_Fetta.bmp
La pasta del formaggio è dall'aspetto disidratato.,Il formaggio ha un sapore eccessivamente piccante rispetto alle altre note.,data/data/images_flat/2019-2020_Trentingrana__IV bimestre__08-01-2020_18° Seduta__P4b_TN328_Fetta.bmp
Il formaggio presenta una texture solubile e granulosa.,Il formaggio presenta una texture poco friabile.,data/data/images_flat/2019-2020_Trentingrana__IV bimestre__08-01-2020_18° Seduta__P4b_TN328_Fetta.bmp
Il formaggio ha un profumo vegetale balsamico.,Il formaggio presenta una texture priva di cristalli.,data/data/images_flat/2019-2020_Trentingrana__IV bimestre__08-01-2020_18° Seduta__P4b_TN328_Fetta.bmp
Il formaggio presenta una texture asciutta.,La pasta del formaggio presenta tante piccole fratture.,data/data/images_flat/2019-2020_Trentingrana__IV bimestre__08-01-2020_18° Seduta__P4b_TN328_Fetta.bmp
Il formaggio presenta una texture compatta.,La pasta del formaggio presenta una presenza di fessure abbondanti.,data/data/images_flat/2019-2020_Trentingrana__IV bimestre__08-01-2020_18° Seduta__P4b_TN328_Fetta.bmp
Il formaggio presenta una texture compatta.,Il formaggio ha un profumo leggero.,data/data/images_flat/2019-2020_Trentingrana__IV bimestre__08-01-2020_18° Seduta__P6a_TN338_Fetta.bmp
La pasta del formaggio è disidratata.,Il formaggio ha un sapore eccessivamente salato.,data/data/images_flat/2019-2020_Trentingrana__IV bimestre__08-01-2020_18° Seduta__P6a_TN338_Fetta.bmp
Il formaggio presenta una texture poco friabile.,Il formaggio presenta una texture priva di cristalli.,data/data/images_flat/2019-2020_Trentingrana__IV bimestre__08-01-2020_18° Seduta__P6a_TN338_Fetta.bmp
La pasta del formaggio è di colore appena saturo.,Il formaggio ha un profumo di limone ammuffito.,data/data/images_flat/2019-2020_Trentingrana__IV bimestre__19-02-2020_24° Seduta__P6a_TN319_Fetta.bmp
Il formaggio ha un sapore non equilibrato.,Il formaggio ha un sapore leggermente sapido.,data/data/images_flat/2019-2020_Trentingrana__IV bimestre__19-02-2020_24° Seduta__P6a_TN319_Fetta.bmp
La pasta del formaggio è dall'aspetto asciutto.,Il formaggio ha un aroma di sapone.,data/data/images_flat/2019-2020_Trentingrana__IV bimestre__19-02-2020_24° Seduta__P6a_TN319_Fetta.bmp
Il formaggio ha un profumo di cacao.,La crosta del formaggio presenta uno scalzo disidratato e ammuffito.,data/data/images_flat/2019-2020_Trentingrana__IV bimestre__19-02-2020_24° Seduta__P6a_TN319_Fetta.bmp
Il formaggio ha un profumo di cacao.,La crosta del formaggio è e sottocrosta fuse e sfumate.,data/data/images_flat/2019-2020_Trentingrana__IV bimestre__19-02-2020_24° Seduta__P6a_TN319_Fetta.bmp
La pasta del formaggio presenta una frattura caratterizzata da tagli.,La pasta del formaggio è disidratata sotto gli scalzi.,data/data/images_flat/2019-2020_Trentingrana__IV bimestre__19-02-2020_24° Seduta__P6a_TN319_Fetta.bmp
La pasta del formaggio presenta una fessura.,La pasta del formaggio presenta zone disidratate sottocroste e zona disidratata secca.,data/data/images_flat/2019-2020_Trentingrana__IV bimestre__19-02-2020_24° Seduta__P6a_TN319_Fetta.bmp
Il formaggio ha un sapore equilibrato.,La pasta del formaggio presenta un difetto strutturale su un lato.,data/data/images_flat/2019-2020_Trentingrana__IV bimestre__19-02-2020_24° Seduta__P6a_TN319_Fetta.bmp
Il formaggio ha un profumo poco intenso.,La pasta del formaggio presenta un'anomalia di muffa sullo scalzo.,data/data/images_flat/2019-2020_Trentingrana__IV bimestre__19-02-2020_24° Seduta__P6a_TN319_Fetta.bmp
Il formaggio ha un sapore appena salato.,La pasta del formaggio presenta una muffa sotto lo scalzo.,data/data/images_flat/2019-2020_Trentingrana__IV bimestre__19-02-2020_24° Seduta__P6a_TN319_Fetta.bmp
Il formaggio ha un profumo di caffè.,La pasta del formaggio è sporca e in parte bruciata.,data/data/images_flat/2019-2020_Trentingrana__IV bimestre__19-02-2020_24° Seduta__P6a_TN319_Fetta.bmp
La pasta del formaggio è a grana grossolana.,La pasta del formaggio presenta una macchia presente sullo scalzo.,data/data/images_flat/2019-2020_Trentingrana__IV bimestre__19-02-2020_24° Seduta__P6a_TN319_Fetta.bmp
Il formaggio ha un profumo di cacao.,La pasta del formaggio presenta una zona caratterizzata da fitti puntini neri.,data/data/images_flat/2019-2020_Trentingrana__IV bimestre__19-02-2020_24° Seduta__P6a_TN319_Fetta.bmp
Il formaggio ha un aroma di provolone.,"La pasta del formaggio è di colore uniforme, con discolorazione nella zona vicino allo scalzo.",data/data/images_flat/2019-2020_Trentingrana__IV bimestre__19-02-2020_24° Seduta__P6a_TN319_Fetta.bmp
La pasta del formaggio è a grana grossolana.,La pasta del formaggio presenta una grossa macchia di muffa.,data/data/images_flat/2019-2020_Trentingrana__IV bimestre__19-02-2020_24° Seduta__P6a_TN319_Fetta.bmp
La pasta del formaggio presenta una fascia centrale di colore più scuro.,La pasta del formaggio presenta una muffa laterale.,data/data/images_flat/2019-2020_Trentingrana__IV bimestre__19-02-2020_24° Seduta__P6a_TN319_Fetta.bmp
La pasta del formaggio presenta un alone rosato che dalla crosta si estende a tutta la pasta.,La pasta del formaggio presenta una parte di colore sporco.,data/data/images_flat/2019-2020_Trentingrana__IV bimestre__19-02-2020_24° Seduta__P6a_TN319_Fetta.bmp
Il formaggio presenta una texture asciutta.,Il formaggio ha un profumo di pane e lievito.,data/data/images_flat/2019-2020_Trentingrana__IV bimestre__19-02-2020_24° Seduta__P1a_TN302_Fetta.bmp
Il formaggio ha un profumo di erbe balsamiche.,Il formaggio ha un profumo sgradevole di grasso animale ossidato all'apertura.,data/data/images_flat/2019-2020_Trentingrana__IV bimestre__19-02-2020_24° Seduta__P1a_TN302_Fetta.bmp
Il formaggio ha un profumo di erbe balsamiche.,Il formaggio ha un aroma di carne lessa.,data/data/images_flat/2019-2020_Trentingrana__IV bimestre__19-02-2020_24° Seduta__P1a_TN302_Fetta.bmp
Il formaggio ha un sapore poco dolce e leggermente amaro.,Il formaggio ha un aroma di erbe amare.,data/data/images_flat/2019-2020_Trentingrana__IV bimestre__19-02-2020_24° Seduta__P1a_TN302_Fetta.bmp
Il formaggio ha un profumo di cacao.,"Il formaggio ha un sapore amaro dominante, poco umami, non dolce.",data/data/images_flat/2019-2020_Trentingrana__IV bimestre__19-02-2020_24° Seduta__P4a_TN307_Fetta.bmp
Il formaggio ha un sapore con note dolci.,Il formaggio ha un sapore poco sapido.,data/data/images_flat/2019-2020_Trentingrana__IV bimestre__19-02-2020_24° Seduta__P4a_TN307_Fetta.bmp
Il formaggio ha un profumo di ananas.,Il formaggio ha un aroma poco complesso con note lattiche di panna e yogurt.,data/data/images_flat/2019-2020_Trentingrana__IV bimestre__19-02-2020_24° Seduta__P4a_TN307_Fetta.bmp
Il formaggio ha un profumo di caffè.,Il formaggio ha una texture che ingozza la bocca.,data/data/images_flat/2019-2020_Trentingrana__IV bimestre__19-02-2020_24° Seduta__P4a_TN307_Fetta.bmp
Il formaggio ha un profumo di crauti.,La pasta del formaggio presenta un piccolo alone centrale.,data/data/images_flat/2019-2020_Trentingrana__IV bimestre__19-02-2020_24° Seduta__P4a_TN307_Fetta.bmp
Il formaggio ha un aroma di lettiera.,La pasta del formaggio è di colore bianco cipria.,data/data/images_flat/2019-2020_Trentingrana__IV bimestre__19-02-2020_24° Seduta__P4a_TN307_Fetta.bmp
La crosta del formaggio presenta una sottocrosta rosata.,"Il formaggio ha un profumo con nota bruciata, poco intenso.",data/data/images_flat/2019-2020_Trentingrana__IV bimestre__15-01-2020_19° Seduta__P2a_TN306_Fetta.bmp
Il formaggio ha un sapore leggermente piccante.,Il formaggio ha un sapore umami eccessivo.,data/data/images_flat/2019-2020_Trentingrana__IV bimestre__15-01-2020_19° Seduta__P2a_TN306_Fetta.bmp
La pasta del formaggio è di colore paglierino.,La pasta del formaggio presenta una fessura.,data/data/images_flat/2019-2020_Trentingrana__IV bimestre__15-01-2020_19° Seduta__P2a_TN306_Fetta.bmp
Il formaggio ha un aroma di passato.,Il formaggio ha un aroma tostato.,data/data/images_flat/2019-2020_Trentingrana__IV bimestre__15-01-2020_19° Seduta__P4a_TN311_Fetta.bmp
Il formaggio presenta una texture molto friabile.,Il formaggio ha un aroma poco caratteristico.,data/data/images_flat/2019-2020_Trentingrana__IV bimestre__15-01-2020_19° Seduta__P4a_TN311_Fetta.bmp
Il formaggio ha un profumo di cacao.,La pasta del formaggio è stirata al centro.,data/data/images_flat/2019-2020_Trentingrana__IV bimestre__15-01-2020_19° Seduta__P4a_TN311_Fetta.bmp
La pasta del formaggio presenta una piccola fessura.,La pasta del formaggio presenta una microocchiatura centrale.,data/data/images_flat/2019-2020_Trentingrana__IV bimestre__05-02-2020_22° Seduta__P1b_TN305_Fetta.bmp
Il formaggio ha un aroma di polvere.,Il formaggio ha un profumo intenso.,data/data/images_flat/2019-2020_Trentingrana__IV bimestre__05-02-2020_22° Seduta__P5a_TN323_Fetta.bmp
Il formaggio ha un profumo di kiwi.,Il formaggio presenta una texture leggermente allappante.,data/data/images_flat/2019-2020_Trentingrana__IV bimestre__05-02-2020_22° Seduta__P5a_TN323_Fetta.bmp
Il formaggio presenta una texture compatta e deformabile.,Il formaggio ha un profumo di tostato e cotto.,data/data/images_flat/2019-2020_Trentingrana__IV bimestre__29-01-2020_21° Seduta__P5b_TN323_Fetta.bmp
Il formaggio presenta una texture con cristalli assenti.,Il formaggio ha un sapore poco umami e salato.,data/data/images_flat/2019-2020_Trentingrana__IV bimestre__29-01-2020_21° Seduta__P5b_TN323_Fetta.bmp
Il formaggio presenta una texture compatta.,Il formaggio ha un aroma con glutammato dominante.,data/data/images_flat/2019-2020_Trentingrana__IV bimestre__29-01-2020_21° Seduta__P5b_TN323_Fetta.bmp
Il formaggio ha un profumo di cacao.,Il formaggio ha una texture che ingozza la bocca.,data/data/images_flat/2019-2020_Trentingrana__IV bimestre__29-01-2020_21° Seduta__P5b_TN323_Fetta.bmp
Il formaggio ha un sapore leggermente amaro.,La pasta del formaggio presenta una frattura radiale diffusa al centro e due fessure.,data/data/images_flat/2019-2020_Trentingrana__IV bimestre__29-01-2020_21° Seduta__P5b_TN323_Fetta.bmp
Il formaggio ha un profumo di cacao.,La pasta del formaggio presenta una zona spugnosa vicino alla fessura e stirata in prossimità del taglio.,data/data/images_flat/2019-2020_Trentingrana__IV bimestre__29-01-2020_21° Seduta__P5b_TN323_Fetta.bmp
"La pasta del formaggio presenta una grande fessura lunga, il resto della frattura.",La pasta del formaggio non è paglierina.,data/data/images_flat/2019-2020_Trentingrana__IV bimestre__29-01-2020_21° Seduta__P5b_TN323_Fetta.bmp
Il formaggio ha un aroma di sapone.,"Il formaggio ha un sapore non equilibrato, quasi poco salato.",data/data/images_flat/2019-2020_Trentingrana__IV bimestre__29-01-2020_21° Seduta__P2b_TN305_Fetta.bmp
La pasta del formaggio presenta una piccola fessura.,La pasta del formaggio presenta un'area centrale tendente allo stirato.,data/data/images_flat/2019-2020_Trentingrana__IV bimestre__29-01-2020_21° Seduta__P2b_TN305_Fetta.bmp
Il formaggio presenta una texture poco friabile.,La pasta del formaggio presenta un alone centrale rosato.,data/data/images_flat/2019-2020_Trentingrana__IV bimestre__29-01-2020_21° Seduta__P2b_TN305_Fetta.bmp
Il formaggio ha un aroma di lettiera.,La crosta del formaggio presenta una sottocrosta di colore diverso tra piatti.,data/data/images_flat/2019-2020_Trentingrana__V bimestre__04-03-2020_25° Seduta__P5b_TN314_Fetta.bmp
Il formaggio ha un sapore equilibrato.,La pasta del formaggio presenta un leggero alone.,data/data/images_flat/2019-2020_Trentingrana__V bimestre__04-03-2020_25° Seduta__P5b_TN314_Fetta.bmp
Il formaggio presenta una texture con cristalli presenti.,Il formaggio ha un aroma di provolone.,data/data/images_flat/2019-2020_Trentingrana__I bimestre__04-09-2019_1°Seduta__P2a_TN319_Fetta.bmp
Il formaggio ha un profumo di burro fuso e latte cotto con nota di bruciato.,Il formaggio ha un aroma di provolone.,data/data/images_flat/2019-2020_Trentingrana__I bimestre__04-09-2019_1°Seduta__P1a_TN302_Fetta.bmp
La pasta del formaggio è regolare e granulosa.,Il formaggio presenta una texture con pochi cristalli.,data/data/images_flat/2019-2020_Trentingrana__I bimestre__02-10-2019_5°Seduta__P6a_TN326_Fetta.bmp
"La pasta del formaggio presenta una bella frattura, grana omogenea e tendente al gessato.",La pasta del formaggio presenta piccoli strappi nella zona sottostante al piatto.,data/data/images_flat/2019-2020_Trentingrana__I bimestre__02-10-2019_5°Seduta__P6a_TN326_Fetta.bmp
Il formaggio presenta una texture leggermente adesiva.,Il formaggio ha un profumo di caffè e cacao amaro.,data/data/images_flat/2019-2020_Trentingrana__I bimestre__18-09-2019_3°Seduta__P1b_TN311_Fetta.bmp
La crosta del formaggio è sottile.,Il formaggio ha un aroma non tipico del grana.,data/data/images_flat/2019-2020_Trentingrana__I bimestre__18-09-2019_3°Seduta__P1b_TN311_Fetta.bmp
La pasta del formaggio presenta una frattura irregolare e leggere striature.,La pasta del formaggio presenta una fascia bianca e zona diffusa rosata.,data/data/images_flat/2019-2020_Trentingrana__I bimestre__18-09-2019_3°Seduta__P1b_TN311_Fetta.bmp
"La pasta del formaggio presenta una frattura regolare, grana grossolana e microocchiatura.","Il formaggio ha un sapore salato e piccante, non equilibrato.",data/data/images_flat/2019-2020_Trentingrana__I bimestre__18-09-2019_3°Seduta__P1a_TN310_Fetta.bmp
La pasta del formaggio presenta una microocchiatura e frattura irregolare.,La pasta del formaggio presenta un alone quasi bianco.,data/data/images_flat/2019-2020_Trentingrana__I bimestre__18-09-2019_3°Seduta__P1a_TN310_Fetta.bmp
Il formaggio ha un sapore equilibrato con note dolci piacevoli all'inizio e finale leggermente acidulo.,Il formaggio ha un profumo di erbe balsamiche.,data/data/images_flat/2019-2020_Trentingrana__I bimestre__18-09-2019_3°Seduta__P1b_TN323_Fetta.bmp
La pasta del formaggio è grossolana con qualche microocchiatura.,Il formaggio ha un sapore equilibrato tra le diverse note.,data/data/images_flat/2019-2020_Trentingrana__I bimestre__18-09-2019_3°Seduta__P1b_TN323_Fetta.bmp
Il formaggio ha un profumo di latte cotto e brodo di carne con sentore di crosta.,Il formaggio ha un profumo acre.,data/data/images_flat/2019-2020_Trentingrana__I bimestre__25-09-2019_4°Seduta__P6b_TN338_Fetta.bmp
La pasta del formaggio è stirata al centro con microocchiatura.,Il formaggio ha un sapore leggermente astringente.,data/data/images_flat/2019-2020_Trentingrana__I bimestre__25-09-2019_4°Seduta__P6b_TN338_Fetta.bmp
Il formaggio ha un sapore umami e leggermente salato.,Il formaggio ha un sapore tendente al dolce e prevalente.,data/data/images_flat/2019-2020_Trentingrana__I bimestre__25-09-2019_4°Seduta__P6b_TN338_Fetta.bmp
"Il formaggio presenta una texture compatta, poco friabile e deformabile.",La pasta del formaggio è stirata al centro.,data/data/images_flat/2019-2020_Trentingrana__I bimestre__25-09-2019_4°Seduta__P6b_TN338_Fetta.bmp
Il formaggio presenta una texture poco friabile.,La pasta del formaggio presenta assenza di grana.,data/data/images_flat/2019-2020_Trentingrana__I bimestre__25-09-2019_4°Seduta__P6b_TN338_Fetta.bmp
Il formaggio presenta una texture poco friabile.,Il formaggio ha un profumo di solvente e acetone.,data/data/images_flat/2019-2020_Trentingrana__II bimestre__23-10-2019_8°Seduta__P5a_TN316_Fetta.bmp
Il formaggio presenta una texture molle e senza grana.,"Il formaggio ha un sapore equilibrato con note amare, manca la dolcezza.",data/data/images_flat/2019-2020_Trentingrana__II bimestre__23-10-2019_8°Seduta__P5a_TN316_Fetta.bmp
Il formaggio ha un sapore complesso ma non tipico del grana.,Il formaggio presenta una texture poco granulosa.,data/data/images_flat/2019-2020_Trentingrana__II bimestre__23-10-2019_8°Seduta__P5a_TN316_Fetta.bmp
La pasta del formaggio presenta una piccola fessura.,Il formaggio ha un profumo di uovo sodo e zolfo.,data/data/images_flat/2019-2020_Trentingrana__II bimestre__30-10-2019_9°Seduta__P5a_TN328_Fetta.bmp
La pasta del formaggio presenta un colore rosato in prossimità della frattura.,Il formaggio ha un sapore poco salato.,data/data/images_flat/2019-2020_Trentingrana__II bimestre__30-10-2019_9°Seduta__P5a_TN328_Fetta.bmp
Il formaggio ha un sapore molto salato.,Il formaggio ha un sapore astringente.,data/data/images_flat/2019-2020_Trentingrana__II bimestre__30-10-2019_9°Seduta__P5a_TN328_Fetta.bmp
Il formaggio ha un sapore molto salato.,Il formaggio presenta una texture malleabile e deformabile.,data/data/images_flat/2019-2020_Trentingrana__II bimestre__30-10-2019_9°Seduta__P5a_TN328_Fetta.bmp
Il formaggio ha un aroma di sapone.,La pasta del formaggio presenta tante piccole fessure nella zona centrale e aspetto sgretolato.,data/data/images_flat/2019-2020_Trentingrana__II bimestre__30-10-2019_9°Seduta__P5a_TN328_Fetta.bmp
La pasta del formaggio presenta una macchia centrale marroncina.,La pasta del formaggio è slegata.,data/data/images_flat/2019-2020_Trentingrana__II bimestre__30-10-2019_9°Seduta__P5a_TN328_Fetta.bmp
Il formaggio ha un profumo di crauti.,Il formaggio ha un profumo di caffè.,data/data/images_flat/2019-2020_Trentingrana__II bimestre__06-11-2019_10°Seduta__P3b_TN313_Fetta.bmp
Il formaggio presenta una texture compatta e poco friabile.,Il formaggio presenta una texture non granulosa.,data/data/images_flat/2019-2020_Trentingrana__II bimestre__06-11-2019_10°Seduta__P3b_TN313_Fetta.bmp
Il formaggio ha un profumo di caramello e pasticceria.,La pasta del formaggio presenta un alone rosa centrale.,data/data/images_flat/2019-2020_Trentingrana__II bimestre__06-11-2019_10°Seduta__P3b_TN313_Fetta.bmp
La pasta del formaggio presenta una fessura pronunciata.,Il formaggio ha un profumo di caffè.,data/data/images_flat/2019-2020_Trentingrana__II bimestre__06-11-2019_10°Seduta__P3a_TN313_Fetta.bmp
Il formaggio ha un profumo di nocciola.,Il formaggio presenta una texture non granulosa.,data/data/images_flat/2019-2020_Trentingrana__II bimestre__06-11-2019_10°Seduta__P3a_TN313_Fetta.bmp
La pasta del formaggio presenta una fessura pronunciata.,La pasta del formaggio presenta un alone rosa centrale.,data/data/images_flat/2019-2020_Trentingrana__II bimestre__06-11-2019_10°Seduta__P3a_TN313_Fetta.bmp
Il formaggio ha un profumo di crauti.,Il formaggio ha un profumo poco intenso.,data/data/images_flat/2019-2020_Trentingrana__II bimestre__06-11-2019_10°Seduta__P6b_TN330_Fetta.bmp
La pasta del formaggio presenta numerose fessure pronunciate.,Il formaggio ha un aroma metallico.,data/data/images_flat/2019-2020_Trentingrana__II bimestre__06-11-2019_10°Seduta__P6b_TN330_Fetta.bmp
Il formaggio ha un profumo di crauti.,La pasta del formaggio presenta piccole fratture al di sotto di un piatto.,data/data/images_flat/2021-2022_Trentingrana__20° Seduta_16-03-2022__P1a_TN302_226_fetta.bmp
Il formaggio ha un profumo di pecorino.,Il formaggio presenta una texture con cristalli percepibili.,data/data/images_flat/2021-2022_Trentingrana__20° Seduta_16-03-2022__P2a_TN305_928_fetta.bmp
La pasta del formaggio presenta una struttura a scaglie sotto la zona appiatti spaccatura.,La pasta del formaggio presenta numerose piccole spaccature nei pressi dello scalzo.,data/data/images_flat/2021-2022_Trentingrana__20° Seduta_16-03-2022__P2a_TN305_928_fetta.bmp
Il formaggio ha un sapore equilibrato.,Il formaggio ha un sapore sapido.,data/data/images_flat/2021-2022_Trentingrana__31° Seduta_29-06-2022__P4b_TN316_246_Fetta.bmp
Il formaggio ha un sapore equilibrato.,Il formaggio presenta una texture molto eterogenea.,data/data/images_flat/2021-2022_Trentingrana__31° Seduta_29-06-2022__P4b_TN316_246_Fetta.bmp
Il formaggio presenta una texture senza cristalli.,La crosta del formaggio presenta un colore di fondo scuro.,data/data/images_flat/2021-2022_Trentingrana__29° Seduta_15-06-2022__P1a_TN302_610_Fetta.bmp
Il formaggio ha un profumo di crauti.,La crosta del formaggio presenta un difetto nella zona dello scalzo che si estende nella sottocrosta.,data/data/images_flat/2021-2022_Trentingrana__13° Seduta_19-01-2022__P5b_TN330_782_fetta.bmp
Il formaggio ha un sapore poco umami.,"La pasta del formaggio presenta una grana grossolana, non perfettamente omogenea.",data/data/images_flat/2021-2022_Trentingrana__13° Seduta_19-01-2022__P5b_TN330_782_fetta.bmp
Il formaggio ha un profumo di liquirizia.,Il formaggio ha un profumo di plastica bruciata all'apertura.,data/data/images_flat/2021-2022_Trentingrana__13° Seduta_19-01-2022__P3a_TN319_837_fetta.bmp
Il formaggio ha un profumo di alcol.,Il formaggio ha un profumo di liquirizia e radice.,data/data/images_flat/2021-2022_Trentingrana__13° Seduta_19-01-2022__P3a_TN319_837_fetta.bmp
Il formaggio ha un profumo di caramello.,Il formaggio ha un sapore pungente sulla lingua più che piccante.,data/data/images_flat/2021-2022_Trentingrana__13° Seduta_19-01-2022__P3a_TN319_837_fetta.bmp
Il formaggio ha un profumo di moderata intensità.,La crosta del formaggio presenta una sottocrosta grigiastra.,data/data/images_flat/2021-2022_Trentingrana__13° Seduta_19-01-2022__P3a_TN319_837_fetta.bmp
La pasta del formaggio presenta una grana molto grossolana e piccole fratture diffuse.,Il formaggio ha un aroma di polvere.,data/data/images_flat/2021-2022_Trentingrana__13° Seduta_19-01-2022__P4b_TN326_152_fetta.bmp
Il formaggio presenta una texture priva di cristalli.,Il formaggio presenta una texture asciutta.,data/data/images_flat/2021-2022_Trentingrana__13° Seduta_19-01-2022__P4b_TN326_152_fetta.bmp
La pasta del formaggio presenta una grana molto grossolana e microocchiatura in una piccola zona della forma.,La pasta del formaggio presenta una bella struttura nella metà della forma.,data/data/images_flat/2021-2022_Trentingrana__13° Seduta_19-01-2022__P4b_TN326_152_fetta.bmp
La crosta del formaggio presenta una sottocrosta grigiastra.,Il formaggio ha un aroma di polvere.,data/data/images_flat/2021-2022_Trentingrana__13° Seduta_19-01-2022__P4a_TN326_152_fetta.bmp
La pasta del formaggio presenta una leggera microocchiatura.,Il formaggio presenta una texture asciutta.,data/data/images_flat/2021-2022_Trentingrana__13° Seduta_19-01-2022__P4a_TN326_152_fetta.bmp
La pasta del formaggio è grassa.,La pasta del formaggio presenta una bella struttura nella metà della forma.,data/data/images_flat/2021-2022_Trentingrana__13° Seduta_19-01-2022__P4a_TN326_152_fetta.bmp
"Il formaggio presenta una texture non granulosa, solubile.",Il formaggio ha un aroma polveroso.,data/data/images_flat/2021-2022_Trentingrana__27°Seduta_01-06-2022__P6b_TN326_534_Fetta.bmp
Il formaggio ha un profumo poco complesso.,Il formaggio presenta una texture asciutta.,data/data/images_flat/2021-2022_Trentingrana__27°Seduta_01-06-2022__P6b_TN326_534_Fetta.bmp
Il formaggio ha un profumo di crauti.,Il formaggio ha un sapore molto leggero.,data/data/images_flat/2021-2022_Trentingrana__25° Seduta_11-05-2022__P4b_TN319_425_Fetta.bmp
Il formaggio presenta una texture non granulosa.,La pasta del formaggio presenta una fascia di colore sotto crosta marrone che sfuma verso l'interno.,data/data/images_flat/2021-2022_Trentingrana__25° Seduta_11-05-2022__P4b_TN319_425_Fetta.bmp
La pasta del formaggio presenta un'occhiatura al centro e piccole fratture.,Il formaggio ha un aroma leggermente metallico.,data/data/images_flat/2021-2022_Trentingrana__25° Seduta_11-05-2022__P3a_TN311_723_Fetta.bmp
La pasta del formaggio è ruvida.,Il formaggio ha un aroma leggermente metallico.,data/data/images_flat/2021-2022_Trentingrana__25° Seduta_11-05-2022__P3b_TN311_723_Fetta.bmp
La pasta del formaggio è stirata al centro.,La crosta del formaggio presenta stacco poco visibile dalla pasta.,data/data/images_flat/2021-2022_Trentingrana__24° Seduta_04-05-2022__P1a_TN305_226_fetta.bmp
La pasta del formaggio presenta un leggero alone centrale.,Il formaggio ha un aroma di burro fuso.,data/data/images_flat/2021-2022_Trentingrana__7° Seduta_17-11-2021__P3a_TN311_215_Fetta.bmp
La pasta del formaggio presenta una piccola frattura.,La pasta del formaggio è slegata.,data/data/images_flat/2021-2022_Trentingrana__7° Seduta_17-11-2021__P3a_TN311_215_Fetta.bmp
Il formaggio ha un sapore acido e amaro.,La pasta del formaggio è molto umida.,data/data/images_flat/2021-2022_Trentingrana__7° Seduta_17-11-2021__P3a_TN311_215_Fetta.bmp
Il formaggio ha un sapore privo di salato.,La pasta del formaggio è di colore rosato salmone.,data/data/images_flat/2021-2022_Trentingrana__7° Seduta_17-11-2021__P3a_TN311_215_Fetta.bmp
Il formaggio ha un profumo di latte e brodo.,"La pasta del formaggio presenta vistose spaccature, altre più piccole, e piccola occhiatura.",data/data/images_flat/2021-2022_Trentingrana__7° Seduta_17-11-2021__P5b_TN326_891_Fetta.bmp
La pasta del formaggio presenta una fessura pronunciata.,La crosta del formaggio è sottile ma carico di colore.,data/data/images_flat/2021-2022_Trentingrana__21° Seduta_23-03-2022__P1b_TN310_375_fetta.bmp
Il formaggio ha un aroma di zafferano.,"La pasta del formaggio presenta una microocchiatura molto fitta e aspetto spugnoso al centro, grana fine con perle verso l'esterno.",data/data/images_flat/2021-2022_Trentingrana__21° Seduta_23-03-2022__P1b_TN310_375_fetta.bmp
La pasta del formaggio è disidratata.,La pasta del formaggio presenta una fascia rosa arancio nella parte centrale sotto zona più chiara.,data/data/images_flat/2021-2022_Trentingrana__21° Seduta_23-03-2022__P1b_TN310_375_fetta.bmp
Il formaggio ha un sapore poco dolce e amaro.,"La crosta del formaggio è spessa, ben marcata.",data/data/images_flat/2021-2022_Trentingrana__21° Seduta_23-03-2022__P5a_TN330_961_fetta.bmp
Il formaggio ha un sapore poco insipido.,La pasta del formaggio è a grana grossa.,data/data/images_flat/2021-2022_Trentingrana__21° Seduta_23-03-2022__P5a_TN330_961_fetta.bmp
Il formaggio ha un profumo di crauti.,Il formaggio ha un profumo percettibile all'apertura.,data/data/images_flat/2021-2022_Trentingrana__15° Seduta_02-02-2022__P6b_TN328_865_fetta.bmp
Il formaggio ha un profumo di crauti.,Il formaggio ha un profumo percettibile all'apertura.,data/data/images_flat/2021-2022_Trentingrana__15° Seduta_02-02-2022__P6a_TN328_865_fetta.bmp
"Il formaggio ha un sapore amaro, non dolce.",Il formaggio ha un profumo con leggera nota animale.,data/data/images_flat/2021-2022_Trentingrana__26° Seduta_18-05-2022__P3a_TN311_657_fetta.bmp
La pasta del formaggio è dall'aspetto setato.,Il formaggio ha un sapore non equilibrato.,data/data/images_flat/2021-2022_Trentingrana__26° Seduta_18-05-2022__P3a_TN311_657_fetta.bmp
Il formaggio presenta una texture umida e solubile in bocca.,Il formaggio ha un aroma poco espressivo.,data/data/images_flat/2021-2022_Trentingrana__26° Seduta_18-05-2022__P3a_TN311_657_fetta.bmp
"La pasta del formaggio presenta una frattura regolare, struttura granulosa, fessure e zone stirate.",La pasta del formaggio presenta un colore più intenso e rossiccio verso uno degli scalzi.,data/data/images_flat/2021-2022_Trentingrana__26° Seduta_18-05-2022__P3a_TN311_657_fetta.bmp
La pasta del formaggio è ruvida e grossolana.,La pasta del formaggio è di colore molto carico verso uno scalzo.,data/data/images_flat/2021-2022_Trentingrana__26° Seduta_18-05-2022__P3a_TN311_657_fetta.bmp
La pasta del formaggio presenta un'occhiatura piccola e grana leggermente rotondeggiante.,Il formaggio ha un profumo di minerale e roccia.,data/data/images_flat/2021-2022_Trentingrana__26° Seduta_18-05-2022__P2a_TN304_234_fetta.bmp
Il formaggio ha un sapore non tipico del grana.,Il formaggio ha un sapore amaro ma insipido.,data/data/images_flat/2021-2022_Trentingrana__26° Seduta_18-05-2022__P2a_TN304_234_fetta.bmp
Il formaggio presenta una texture asciutta.,Il formaggio ha un aroma piuttosto debole.,data/data/images_flat/2021-2022_Trentingrana__26° Seduta_18-05-2022__P2a_TN304_234_fetta.bmp
La pasta del formaggio è a grana grossolana.,Il formaggio presenta una texture molto asciutta.,data/data/images_flat/2021-2022_Trentingrana__26° Seduta_18-05-2022__P2a_TN304_234_fetta.bmp
La pasta del formaggio è grassa.,Il formaggio ha un profumo di eucalipto.,data/data/images_flat/2021-2022_Trentingrana__8° Seduta_24-11-2021__P1a_TN302_972_Fetta.bmp
La pasta del formaggio presenta una microocchiatura leggera.,Il formaggio ha un sapore con lieve punta di amarognolo.,data/data/images_flat/2021-2022_Trentingrana__8° Seduta_24-11-2021__P1a_TN302_972_Fetta.bmp
La pasta del formaggio presenta una leggera microocchiatura.,Il formaggio ha un sapore bruciante.,data/data/images_flat/2021-2022_Trentingrana__8° Seduta_24-11-2021__P1a_TN302_972_Fetta.bmp
Il formaggio ha un sapore equilibrato con nota acida.,Il formaggio ha un aroma di sangue.,data/data/images_flat/2021-2022_Trentingrana__17° Seduta_16-02-2022__P2a_TN305_918_fetta.bmp
Il formaggio ha un profumo di crauti.,"Il formaggio ha un profumo di cavolo, più evidente all'apertura.",data/data/images_flat/2021-2022_Trentingrana__17° Seduta_16-02-2022__P6a_TN328_738_fetta.bmp
Il formaggio ha un profumo di sangue.,Il formaggio ha un profumo di muffa bianca.,data/data/images_flat/2021-2022_Trentingrana__17° Seduta_16-02-2022__P6a_TN328_738_fetta.bmp
La crosta del formaggio presenta una sottocrosta grigiastra.,Il formaggio ha un sapore neutro.,data/data/images_flat/2021-2022_Trentingrana__17° Seduta_16-02-2022__P6a_TN328_738_fetta.bmp
Il formaggio ha un sapore privo di salata e piccante.,La crosta del formaggio presenta una sottocrosta grigiastra.,data/data/images_flat/2021-2022_Trentingrana__17° Seduta_16-02-2022__P6a_TN328_738_fetta.bmp
Il formaggio presenta una texture asciutta.,La pasta del formaggio è scagliosa con zona superficiale piatta.,data/data/images_flat/2021-2022_Trentingrana__17° Seduta_16-02-2022__P4a_TN314_437_fetta.bmp
Il formaggio ha un profumo di grasso di prosciutto crudo.,La crosta del formaggio presenta una sottocrosta grigia da un lato e rossastra dall'altro.,data/data/images_flat/2021-2022_Trentingrana__5° Seduta_27-10-2021__P2b_TN306_494_Fetta.bmp
Il formaggio ha un sapore leggermente prevalente salato.,La crosta del formaggio presenta una sottocrosta grigia da un lato e rossastra dall'altro.,data/data/images_flat/2021-2022_Trentingrana__5° Seduta_27-10-2021__P2a_TN306_494_Fetta.bmp
La pasta del formaggio presenta una grana molto grossolana e piccole fessure.,La crosta del formaggio presenta una sottocrosta molto spessa sugli scalzi.,data/data/images_flat/2021-2022_Trentingrana__3° Seduta_13-10-2021__P1a_TN307_902_Fetta.bmp
La pasta del formaggio è leggermente scollata in una metà della forma.,La pasta del formaggio presenta qualche piccolo occhio e microocchiatura in una piccola area della forma.,data/data/images_flat/2021-2022_Trentingrana__3° Seduta_13-10-2021__P1a_TN307_902_Fetta.bmp
Il formaggio presenta una texture compatta.,Il formaggio ha un aroma compromesso dalla salinità.,data/data/images_flat/2021-2022_Trentingrana__22° Seduta_30-03-2022__P1b_TN302_159_B_FETTA.bmp
Il formaggio presenta una texture asciutta.,Il formaggio ha un aroma poco espressivo.,data/data/images_flat/2021-2022_Trentingrana__22° Seduta_30-03-2022__P1b_TN302_159_B_FETTA.bmp
La crosta del formaggio è mediamente spessa.,La crosta del formaggio presenta un colore di fondo carico.,data/data/images_flat/2021-2022_Trentingrana__10° Seduta_07-12-2021__P1b_TN302_849_Fetta.bmp
"La pasta del formaggio presenta una frattura abbastanza regolare, struttura granulosa e compatta, grana grossolana e priva di microocchiatura.",La pasta del formaggio presenta due grane diverse compresenti.,data/data/images_flat/2021-2022_Trentingrana__10° Seduta_07-12-2021__P1b_TN302_849_Fetta.bmp
Il formaggio ha un aroma di sangue.,Il formaggio ha una texture che ingozza la bocca.,data/data/images_flat/2021-2022_Trentingrana__30° Seduta_22-06-2022__P2a_TN305_727_Fetta.bmp
Il formaggio ha un profumo di crauti.,La crosta del formaggio presenta un colore di fondo carico.,data/data/images_flat/2021-2022_Trentingrana__30° Seduta_22-06-2022__P2a_TN305_727_Fetta.bmp
"Il formaggio ha un sapore scarno e povero, con note salate, poco umami al e non equilibrate tra loro, lievemente salato.",La pasta del formaggio è scagliosa nella zona sottostante.,data/data/images_flat/2021-2022_Trentingrana__30° Seduta_22-06-2022__P2a_TN305_727_Fetta.bmp
Il formaggio ha un profumo poco intenso.,Il formaggio ha un sapore insipido.,data/data/images_flat/2021-2022_Trentingrana__30° Seduta_22-06-2022__P1b_TN302_248_Fetta.bmp
Il formaggio presenta una texture compatta.,Il formaggio presenta una texture con struttura stirata.,data/data/images_flat/2021-2022_Trentingrana__30° Seduta_22-06-2022__P1b_TN302_248_Fetta.bmp
Il formaggio ha un aroma di sangue.,La crosta del formaggio presenta un colore di fondo carico.,data/data/images_flat/2021-2022_Trentingrana__30° Seduta_22-06-2022__P1b_TN302_248_Fetta.bmp
Il formaggio ha un sapore scarno.,"La pasta del formaggio è omogenea al centro, diversa in periferia.",data/data/images_flat/2021-2022_Trentingrana__30° Seduta_22-06-2022__P3b_TN307_911_Fetta.bmp
La pasta del formaggio è compromessa da fessurazioni profonde.,La pasta del formaggio è ruvida.,data/data/images_flat/2021-2022_Trentingrana__30° Seduta_22-06-2022__P3b_TN307_911_Fetta.bmp
Il formaggio ha un aroma di frutta secca e nocciola con cattivo sentore.,"La pasta del formaggio presenta una struttura strana, falsamente granulosa e compatta.",data/data/images_flat/2021-2022_Trentingrana__30° Seduta_22-06-2022__P3b_TN307_911_Fetta.bmp
Il formaggio presenta una texture compatta.,La pasta del formaggio presenta un alone bianco pallido.,data/data/images_flat/2021-2022_Trentingrana__30° Seduta_22-06-2022__P3b_TN307_911_Fetta.bmp
Il formaggio presenta una texture compatta.,Il formaggio ha un sapore poco umami e poco pieno.,data/data/images_flat/2021-2022_Trentingrana__16° Seduta_09-02-2022__P1A_TN_302_210_FETTA.bmp
Il formaggio ha un profumo di ananas.,Il formaggio presenta una texture asciutta.,data/data/images_flat/2021-2022_Trentingrana__16° Seduta_09-02-2022__P1A_TN_302_210_FETTA.bmp
La pasta del formaggio presenta una piccola fessura.,Il formaggio ha un aroma polveroso.,data/data/images_flat/2021-2022_Trentingrana__16° Seduta_09-02-2022__P4A_TN_326_551_FETTA.bmp
Il formaggio ha un profumo di alcol.,Il formaggio ha un profumo marcio.,data/data/images_flat/2021-2022_Trentingrana__6° Seduta_10-11-2021__P1_TN302_680_FETTA_A.bmp
La pasta del formaggio presenta una microocchiatura leggera.,Il formaggio ha un sapore eccessivamente salato.,data/data/images_flat/2021-2022_Trentingrana__6° Seduta_10-11-2021__P1_TN302_680_FETTA_A.bmp
Il formaggio ha un sapore allappante.,Il formaggio ha un profumo marcio.,data/data/images_flat/2021-2022_Trentingrana__6° Seduta_10-11-2021__P1a_TN302_680_Fetta.bmp
Il formaggio ha un profumo di polvere.,Il formaggio ha un sapore eccessivamente salato.,data/data/images_flat/2021-2022_Trentingrana__6° Seduta_10-11-2021__P1a_TN302_680_Fetta.bmp
Il formaggio ha un profumo di crauti.,Il formaggio ha un profumo di crauti.,data/data/images_flat/2021-2022_Trentingrana__9° Seduta_01-12-2021__P3a_TN314_685_Fetta.bmp
La pasta del formaggio è compromessa da fessurazioni profonde.,Il formaggio ha un aroma di polvere.,data/data/images_flat/2021-2022_Trentingrana__9° Seduta_01-12-2021__P3a_TN314_685_Fetta.bmp
