dedup_key,attribute,caption_pre,caption_clean,frequency,sample_row_id,error
Profumo::no difetti ma non tipico,Profumo,no difetti ma non tipico,NON_DESCRITTO,4,44110,
Profumo::discreta intensità',Profumo,"discreta intensità',",Profumo di discreta intensità.,2,46794,
Profumo::sentore di legno,Profumo,Sentore di legno,Profumo con sentore di legno.,4,3839,
Profumo::bella intensità,Profumo,Bella intensità,Profumo di buona intensità.,10,2166,
Profumo::emmental,Profumo,emmental,Profumo di emmental.,4,30769,
Profumo::molto intenso ma in negativo mi ricorda una essenza come il fieno greco comunque pungente,Profumo,Molto intenso ma in negativo....mi ricorda una essenza come il fieno greco...comunque pungente,"Profumo molto intenso, pungente, con note di fieno greco.",4,324,
Profumo::odore vegetale strano … buccia anguria,Profumo,"Odore vegetale strano …,buccia anguria?",Note olfattive vegetali di buccia di anguria.,4,51595,
Profumo::latte,Profumo,latte,Profumo di latte.,20,5775,
Profumo::poco intenso ma anche note vegetali brodo vegetale,Profumo,"poco intenso ma anche note vegetali , brodo vegetale",Profumo poco intenso con note vegetali e brodo vegetale.,4,44111,
Profumo::vegetale,Profumo,vegetale,Profumo vegetale.,20,5923,
Profumo::in negativo spezzando i cubetti profumo brodo vegetale e di animale/letame intensità media,Profumo,in negativo spezzando i cubetti profumo brodo vegetale e di animale/letame intensità media,"Profumo di brodo vegetale e animale, intensità moderata.",4,41359,
Profumo::ossidata e bruciata,Profumo,ossidata e bruciata,Profumo ossidata e bruciato.,4,11526,
Profumo::intensità buona una nota di cuoio su base di burro e panna,Profumo,"intensità buona, una nota di cuoio su base di burro e panna","Profumo di burro e panna con nota di cuoio, buona intensità.",4,30716,
Profumo::media intensità sentore anomalo (nostrano),Profumo,Media intensità. Sentore anomalo (nostrano),Profumo di media intensità con sentore anomalo nostrano.,4,2346,
Profumo::neutro,Profumo,Neutro,Profumo neutro.,8,50056,
Profumo::animale,Profumo,animale,Profumo animale.,16,11179,
Profumo::burro fuso brodo emmental leggeri,Profumo,"burro fuso, brodo, emmental leggeri","Profumo di burro fuso e brodo, note leggere di emmental.",4,7316,
Profumo::bouquet moderato con note vegetali e di brodo vegetale latte crosta,Profumo,"bouquet moderato con note vegetali e di brodo vegetale, latte, crosta","Profumo moderato con note vegetali, di brodo vegetale e latte, con sentore di crosta.",4,20420,
Profumo::crosta e brodo,Profumo,crosta e brodo,Profumo di crosta e brodo.,8,24292,
Profumo::moderata l'intensità sentori cotti tostato quasi fumo,Profumo,"moderata l'intensità. sentori cotti. tostato, quasi fumo","Profumo di moderata intensità con sentori cotti, tostato e quasi fumo.",4,23800,
Profumo::noce moscata frutta secca,Profumo,"noce moscata, frutta secca",Profumo di noce moscata e frutta secca.,4,22164,
Profumo::intensità bassissima,Profumo,Intensità bassissima,Profumo molto debole.,4,49866,
Profumo::leggero formaggio cotto e crosta,Profumo,leggero formaggio cotto e crosta,Profumo leggero di formaggio cotto e crosta.,4,27841,
Profumo::nota ossidata / fermentata poco complesso,Profumo,"nota ossidata / fermentata, poco complesso","Profumo con nota ossidata e fermentata, poco complesso.",4,36963,
Profumo::erbe balsamiche,Profumo,Erbe Balsamiche,Profumo di erbe balsamiche.,12,49803,
Profumo::punte di fruttato ed erbaceo,Profumo,punte di fruttato ed erbaceo,Profumo con punte di fruttato ed erbaceo.,4,14112,
Profumo::cotto leggero,Profumo,cotto leggero,Profumo leggero di cotto.,4,40240,
Profumo::leggero e povero,Profumo,leggero e povero,Profumo leggero e poco complesso.,4,15485,
Profumo::all'apertura odore pungente fermentato poi crosta di formaggio cotti intensi fino al caffè,Profumo,"All'apertura odore pungente, fermentato, poi crosta di formaggio, cotti intensi, fino al caffè","Profumo all'apertura pungente e fermentato, seguito da note di crosta di formaggio, cotti intensi fino a caffè.",4,11177,
Profumo::marcio,Profumo,Marcio,Profumo marcio.,8,51854,
Profumo::latte/grana e un poco fruttato ma non intensi i profumi,Profumo,latte/grana e un poco fruttato.. ma non intensi i profumi,"Profumo di latte e grana con poco fruttato, non intensi.",4,25588,
"Profumo::alla prima olfazione sentore di formaggio ""altro"" fermentazione non tipica trentingrana poi si perde e resta un'intensità bassa",Profumo,"alla prima olfazione sentore di formaggio ""altro"". Fermentazione non tipica trentingrana. poi si perde e resta un'intensità bassa","Profumo di formaggio con sentore di fermentazione atipica, poi poco intenso.",4,41361,
Profumo::crosta di grana all'apertura poi anche leggero erbaceo fresco,Profumo,"Crosta di grana all'apertura, poi anche leggero erbaceo fresco","Profumo di crosta di grana all'apertura, seguito da leggero erbaceo fresco.",4,12856,
Profumo::nota pungente di latte e panna fermentata panna fresca burro fresco,Profumo,"nota pungente di latte e panna fermentata, panna fresca, burro fresco","Profumo pungente di latte e panna fermentata, con panna fresca e burro fresco.",4,18723,
Profumo::oltre altostato e al maturo presente qualche lieve nota fresca,Profumo,"oltre altostato e al maturo, presente qualche lieve nota fresca",Profumo maturo con lieve nota fresca.,4,7777,
Profumo::leggermente insilatopungente,Profumo,leggermente insilatopungente;,Profumo leggermente insilato e pungente.,8,29102,
Profumo::noce,Profumo,Noce,Profumo di noce.,4,2358,
Profumo::fruttato e tostato leggereo lattio fresco,Profumo,fruttato e tostato leggereo lattio fresco,"Profumo fruttato e tostato, leggermente lattico fresco.",4,42642,
Profumo::caramella mou latte cotto,Profumo,"caramella mou, latte cotto",Profumo di caramella mou e latte cotto.,8,16876,
Profumo::tra l'altro un poco' di cuoio animale,Profumo,tra l'altro un poco' di cuoio-animale,Profumo con poco di cuoio e note animali.,4,44279,
Profumo::burro fuso leggero sentore di affumicato,Profumo,"burro fuso, leggero sentore di affumicato",Profumo di burro fuso con leggero sentore di affumicato.,4,5848,
Profumo::note fermentative insilato e kiwi stramaturo non piacevole,Profumo,"note fermentative, insilato e kiwi stramaturo, non piacevole","Profumo di note fermentative, insilato e kiwi maturo.",4,25665,
Profumo::marcio putrido,Profumo,"marcio, putrido,",Profumo marcio e putrido.,4,13768,
Profumo::molto intenso e positivo,Profumo,molto intenso e positivo,Profumo molto intenso e positivo.,4,5928,
Profumo::assoluntamente non caratteristico a tratti putrido frutta fermentata,Profumo,"assoluntamente non caratteristico, a tratti putrido, frutta fermentata","Profumo non caratteristico, a tratti putrido, con note di frutta fermentata.",4,41477,
Profumo::solo una piccola nota di bruciato,Profumo,Solo una piccola nota di bruciato,Profumo con una lieve nota di bruciato.,4,1715,
Profumo::buona intensità,Profumo,Buona intensità,Profumo di buona intensità.,32,269,
Profumo::burro cotto crosta latte cotto o uht,Profumo,"burro cotto, crosta, latte cotto o uht","Profumo di burro cotto, crosta e latte cotto.",4,31899,
Profumo::sento poco non so se perché raffreddato o perché povero il fromage,Profumo,Sento poco. Non so se perché raffreddato o perché povero il fromage,Profumo poco percepibile.,4,1133,
Profumo::burro fresco e formaggio cotto,Profumo,burro fresco e formaggio cotto...,Profumo di burro fresco e formaggio cotto.,4,24084,
Profumo::un campione con odore positivo 3 con odore negativo,Profumo,"Un campione con odore positivo, 3 con odore negativo",NON_DESCRITTO,4,49391,
Profumo::leggero pungente all'inizio da butirrico,Profumo,"Leggero, pungente all'inizio da butirrico?",Profumo leggero e pungente all'inizio con note di acido butirrico.,4,50077,
Profumo::non so se ho scritto che son raffreddato,Profumo,Non so se ho scritto che son raffreddato,NON_DESCRITTO,4,1147,
Profumo::odore stantio e cipolla solo all’apertura,Profumo,Odore stantio e cipolla solo all’apertura,Profumo stantio con note di cipolla all'apertura.,4,51394,
Profumo::tostatura eccessiva gomma bruciata,Profumo,"tostatura eccessiva, gomma bruciata",Profumo di tostatura eccessiva e gomma bruciata.,4,25511,
Profumo::ananas e frutta esotica,Profumo,Ananas e frutta esotica,Profumo di ananas e frutta esotica.,4,1780,
Profumo::intenso no difetti,Profumo,intenso no difetti,"Profumo non intenso, senza difetti.",4,18263,
Profumo::poco intenso ma positivo,Profumo,poco intenso ma positivo,Profumo poco intenso ma positivo.,8,29486,
Profumo::frutta tropicale,Profumo,frutta tropicale,Profumo di frutta tropicale.,4,7773,
Profumo::leggera verdura cotta,Profumo,leggera verdura cotta,Profumo di verdura cotta leggero.,4,16719,
Profumo::stracci sporchi all'inizio poi vegetale balsamico + cotto,Profumo,stracci sporchi all'inizio poi vegetale balsamico + cotto,"Profumo inizialmente di stracci sporchi, poi vegetale balsamico e cotto.",4,40310,
Profumo::al primo impatto non buono,Profumo,Al primo impatto non buono,NON_DESCRITTO,4,14,
Profumo::ossidato stantio,Profumo,"ossidato, stantio",Profumo ossidato e stantio.,4,33903,
Profumo::stantio cavolfiore,Profumo,"stantio, cavolfiore",Profumo di cavolfiore con sentore stantio.,4,5462,
Profumo::pane tostato latte cottto un poco' di panna intensità bassa,Profumo,pane. Tostato. Latte cottto. un poco' di panna. Intensità bassa,"Profumo di pane tostato, latte cotto e panna, con intensità bassa.",4,11382,
Profumo::crem caramel,Profumo,Crem Caramel,Profumo di crema e caramello.,4,4251,
Profumo::debole e delicato equilibrato,Profumo,debole e delicato. equilibrato,"Profumo debole e delicato, equilibrato.",4,18721,
Profumo::tostato forte crosta formaggio cotto,Profumo,"tostato forte, crosta, formaggio cotto","Profumo di tostato forte, con note di crosta e formaggio cotto.",4,27771,
Profumo::plastica,Profumo,Plastica,Profumo di plastica.,4,3238,
Profumo::essenziale poco latte note vegetali fieno,Profumo,"essenziale. poco latte. note vegetali, fieno","Profumo essenziale con note vegetali e fieno, poco lattico.",2,46290,
Profumo::non sa di grana,Profumo,Non sa di grana,Profumo non tipico del grana.,4,51692,
Profumo::positivo ma poco intenso,Profumo,positivo ma poco intenso,Profumo positivo ma poco intenso.,4,5774,
Profumo::all'apertura ottimi lattici freschi poi anche cotti,Profumo,"All'apertura ottimi lattici freschi, poi anche cotti","Profumo di lattici freschi all'apertura, poi anche cotti.",4,11457,
Profumo::odore di stantio,Profumo,odore di stantio,Profumo stantio.,4,33825,
Profumo::insilato,Profumo,insilato,Profumo di insilato.,8,42431,
Profumo::brodo formagio fuso e burro fusu,Profumo,"brodo, formagio fuso e burro fusu","Profumo di brodo, formaggio fuso e burro fuso.",4,41142,
Profumo::latte cotto fieno,Profumo,latte cotto;fieno;,Profumo di latte cotto e fieno.,4,5930,
Profumo::intenso caramello latte cotto lieve nota bruciata,Profumo,"intenso, caramello, latte cotto, lieve nota bruciata",Profumo intenso di caramello e latte cotto con lieve nota bruciata.,4,41141,
Profumo::tostato mburro fuso latte cotto vegetale (fieno) e fruttato,Profumo,"Tostato mburro fuso latte cotto, vegetale (fieno) e fruttato","Profumo di tostato, burro fuso, latte cotto, vegetale con note di fieno e fruttato.",4,18803,
Profumo::sporco non positivo,Profumo,sporco non positivo,Profumo non positivo.,4,9407,
Profumo::latte e panna forte fieno forte,Profumo,latte e panna forte;fieno forte,Profumo forte di latte e panna con fieno.,4,11170,
Profumo::leggermente difettoso,Profumo,leggermente difettoso,Profumo leggermente difettoso.,8,13836,
Profumo::difettoso frutta fermentata nota chimica stantio,Profumo,"difettoso, frutta fermentata, nota chimica, stantio",Profumo di frutta fermentata con nota chimica e stantio.,4,32290,
Profumo::verdura lessa cavolfiore moderato una porzione su 4 animale letame moderato,Profumo,"verdura lessa: cavolfiore MODERATO, una porzione su 4 animale: letame MODERATO",Profumo di verdura lessa con note di cavolfiore e sentore animale di letame a intensità moderata.,4,27355,
Profumo::grana tipico intenso,Profumo,grana tipico intenso...,Profumo intenso di grana.,4,44609,
Profumo::all'apertura solvente liquame,Profumo,All'apertura solvente liquame,Profumo di solvente e liquame all'apertura.,4,3320,
Profumo::complesso,Profumo,Complesso,Profumo complesso.,4,270,
Profumo::lattici cotti intensi all'apertura anche un poco' di fermentato vegetale,Profumo,"Lattici cotti intensi, all'apertura anche un poco' di fermentato vegetale","Profumo di lattici cotti intensi, all'apertura con sentore di fermentato vegetale.",4,18260,
Profumo::molto interessante,Profumo,Molto interessante,NON_DESCRITTO,8,50767,
Profumo::frutta burro un poco ossidato,Profumo,"frutta, burro un poco- ossidato",Profumo di frutta e burro con una leggera nota ossidato.,4,40315,
Profumo::nota di crosta di formaggio che ricordano un poco un nostrano frutta fermentata,Profumo,"nota di crosta di formaggio che ricordano un poco un nostrano, frutta fermentata",Profumo di crosta di formaggio con ricordo di nostrano e nota di frutta fermentata.,4,26118,
Profumo::solo all’apertura stagnante,Profumo,Solo all’apertura stagnante,Profumo stagnante all'apertura.,4,51351,
Profumo::all'apertura nota di bruciato poi lattici cotti e lieve fermentato fugace,Profumo,"All'apertura nota di bruciato, poi lattici cotti e lieve fermentato fugace","Profumo all'apertura di bruciato, seguito da note lattiche cotte e lieve fermentato fugace.",4,17339,
Profumo::latte dolce intenso,Profumo,latte dolce intenso,Profumo di latte dolce intenso.,4,27843,
Profumo::non molto intenso note vegetali e minerali poco complesso,Profumo,non molto intenso. note vegetali e minerali. poco complesso,"Profumo poco intenso con note vegetali e minerali, poco complesso.",4,32361,
Profumo::alito di caffè,Profumo,Alito di caffè,Profumo di caffè.,4,50431,
Profumo::formaggio fritto bordo vegetale latte crudo,Profumo,formaggio fritto;bordo vegetale;latte crudo,"Profumo di formaggio fritto, nota vegetale al bordo e latte crudo.",4,47133,
Profumo::molto pannoso piacevole,Profumo,"molto pannoso, piacevole",Profumo molto pannosetto e piacevole.,4,13698,
Profumo::frutta matura pozzo di scarico topo morto,Profumo,"frutta matura, pozzo di scarico, topo morto",Profumo di frutta matura con note di pozzo di scarico e sentore di topo morto.,4,27350,
Profumo::intenso ma difettoso pozzo marcio putrido,Profumo,"intenso ma difettoso, pozzo, marcio, putrido","Profumo intenso con note di pozzo, marcio e putrido.",4,5997,
Profumo::grana nocciola burro,Profumo,"grana, nocciola, burro","Profumo di grana, nocciola e burro.",4,44693,
Profumo::note vegetali negative fermentate,Profumo,"note vegetali negative, fermentate",Profumo di note vegetali negative e fermentate.,4,44196,
Profumo::leggerissimo,Profumo,leggerissimo,Profumo leggerissimo.,8,9163,
Profumo::alito al caffè,Profumo,Alito al Caffè ...,Profumo di caffè.,4,49392,
Profumo::intensità messa negativa perché non piacevole puzza,Profumo,"Intensità messa negativa perché non piacevole, puzza,,,,",Profumo sgradevole con puzza.,4,50809,
Profumo::burro fuso burro cotto brodo mediamente intenso equilibrato,Profumo,"burro fuso, burro cotto,brodo, mediamente intenso, equilibrato","Profumo di burro fuso e burro cotto con brodo, mediamente intenso ed equilibrato.",4,41085,
Profumo::latte cotto o bruciato,Profumo,latte cotto o bruciato,Profumo di latte cotto o bruciato.,4,6002,
Profumo::prevalente mente latte acido panna acida e brodo,Profumo,"prevalente mente latte acido, panna acida e brodo","Profumo prevalentemente di latte acido, panna acida e brodo.",4,41310,
Profumo::molta panna,Profumo,Molta panna,Profumo di panna intensa.,4,24085,
Profumo::difettoso,Profumo,difettoso,Profumo difettoso.,4,27353,
Profumo::marcio putrido fermentato e marcito,Profumo,"marcio, putrido, fermentato e marcito","Profumo fermentato, marcio e putrido.",8,29100,
Profumo::alcool,Profumo,Alcool,Profumo di alcol.,24,309,
Profumo::lattici cotti tostati liquirizia cacao caffè mou,Profumo,"lattici cotti, tostati, liquirizia, cacao, caffè, mou","Profumo di lattici cotti e tostati con note di liquirizia, cacao e caffè.",4,6004,
Profumo::molto elegante,Profumo,Molto elegante,Profumo molto elegante.,12,2382,
Profumo::gomma bruciata,Profumo,Gomma bruciata,Profumo di gomma bruciata.,8,51388,
Profumo::all'apertura anche frutta e fiori poi panna,Profumo,"all'apertura anche frutta e fiori, poi panna","Profumo all'apertura di frutta e fiori, seguito da nota di panna.",4,5850,
Profumo::note mature latte cotto fieno,Profumo,note mature. latte cotto. fieno,Profumo di latte cotto con note mature e fieno.,4,44699,
Profumo::animale muffa ossidato,Profumo,"animale, muffa, ossidato",Profumo animale con note di muffa e ossidato.,2,46623,
Profumo::brodo di carne burro fuso,Profumo,"brodo di carne, burro fuso",Profumo di brodo di carne e burro fuso.,4,5460,
Profumo::non equilibrato brodo vegetale dominante,Profumo,"non equilibrato, brodo vegetale dominante","Profumo non equilibrato, con brodo vegetale dominante.",4,25502,
Profumo::su un plateau di sensazioni mature spicca una forte nota floreale addirittura fruttata anomalo gradevole,Profumo,"Su un plateau di sensazioni mature spicca una forte nota floreale, addirittura fruttata. anomalo, gradevole",Profumo maturo con forte nota floreale e fruttata.,4,21713,
Profumo::non equilibrato nell' espressione,Profumo,Non equilibrato nell' espressione,Profumo non equilibrato.,4,1781,
Profumo::profumo fresco,Profumo,Profumo fresco,Profumo fresco.,4,498,
Profumo::intensità medio forte note vegetali e floreali su latte particolare,Profumo,Intensità medio-forte. Note vegetali e floreali su latte. Particolare,Profumo di intensità medio-forte con note vegetali e floreali su latte.,4,16947,
Profumo::moderata intensità,Profumo,Moderata intensità,Profumo di moderata intensità.,26,276,
Profumo::non caratteristico principalmente animale,Profumo,non caratteristico principalmente animale,"Profumo principalmente animale, non caratteristico.",4,7776,
Profumo::brodo vegetale fruttato e lattico cotto,Profumo,"brodo vegetale, fruttato e lattico cotto","Profumo di brodo vegetale, fruttato e lattico cotto.",4,47354,
Profumo::sa di muffa bianca del camembert,Profumo,Sa di muffa bianca del camembert,Profumo di muffa bianca.,4,51354,
Profumo::paana burro miele,Profumo,"paana, burro, miele...","Profumo di panna, burro e miele.",2,46801,
Profumo::leggermente vegetale fieno,Profumo,leggermente vegetale fieno,Profumo leggermente vegetale di fieno.,4,22345,
Profumo::buona intensità tanto pane tostatura,Profumo,"Buona intensità. Tanto pane, tostatura",Profumo di pane e tostatura con buona intensità.,4,3294,
Profumo::all'apertura nota pungente poi lattici cotti e un poco' di fermentato soprattutto in un pezzo,Profumo,"All'apertura nota pungente, poi lattici cotti e un poco' di fermentato soprattutto in un pezzo","Profumo pungente all'apertura, seguito da note lattiche cotte e leggermente fermentate.",4,16723,
Profumo::puzza di piedi,Profumo,puzza di piedi,Profumo di piedi.,4,24290,
Profumo::cioccolato fondente,Profumo,cioccolato fondente,Profumo di cioccolato fondente.,4,47358,
Profumo::frutta tropicale ananas,Profumo,"frutta tropicale, ananas",Profumo di frutta tropicale e ananas.,4,33678,
Profumo::radici fresche,Profumo,Radici fresche,Profumo di radici fresche.,4,50813,
Profumo::inteso panna burro fuso leggermete speziato e tostato,Profumo,inteso panna burro fuso leggermete speziato e tostato,"Profumo intenso di panna e burro fuso, leggermente speziato e tostato.",2,46130,
Profumo::lieve sentore vegetale iniziale poi lattici cotti formaggio cotto,Profumo,"Lieve sentore vegetale iniziale, poi lattici cotti, formaggio cotto","Profumo con lieve sentore vegetale iniziale, seguito da lattici cotti e formaggio cotto.",4,16877,
Profumo::vaniglia,Profumo,Vaniglia,Profumo di vaniglia.,8,2519,
Profumo::frutta tropicale dado,Profumo,"frutta tropicale, dado",Profumo di frutta tropicale e dado.,4,14117,
Profumo::balsamico eucalipto,Profumo,Balsamico eucalipto,Note olfattive di balsamico e eucalipto.,4,51132,
Profumo::delicato ma positivo,Profumo,delicato ma positivo.,Profumo delicato e positivo.,4,35682,
Profumo::intenso e molto equilibrato,Profumo,Intenso e molto equilibrato,Profumo intenso e molto equilibrato.,4,5043,
Profumo::fruttato leggero tostato e brodo panna percettibile e poco verdure cotte,Profumo,"fruttato, leggero tostato e brodo, panna percettibile e poco verdure cotte","Profumo fruttato con note di tostato e brodo, panna percettibile e poco di verdure cotte.",4,42852,
Profumo::animale tendente alla stalla tostato pane cotto,Profumo,"animale tendente alla stalla. tostato, pane. cotto","Profumo animale tendente alla stalla, con note di tostato, pane e cotto.",4,12922,
Profumo::molto intenso da formaggio grana con piccole note anche di formaggio fuso,Profumo,molto intenso da formaggio grana con piccole note anche di formaggio fuso,Profumo molto intenso di grana con piccole note di formaggio fuso.,4,32368,
Profumo::insilato di mais dominante,Profumo,insilato di mais dominante,Profumo di insilato di mais dominante.,4,37390,
Profumo::fermentazione segue panna fruttato (floreale) e un legereo aroma che ricorda i prodotti da formo (biscotti),Profumo,"fermentazione, segue panna, fruttato (floreale) e un legereo aroma che ricorda i prodotti da formo (biscotti)","Profumo di fermentazione, seguito da panna, con note fruttate floreali e leggereo aroma di prodotti da forno.",4,42712,
Profumo::qualche nota di verdura lessa,Profumo,qualche nota di verdura lessa,Profumo con note di verdura lessa.,4,37223,
Profumo::poco marcato leggero sentore di cotto,Profumo,"poco marcato, leggero sentore di cotto",Profumo poco marcato con leggero sentore di cotto.,4,47130,
Profumo::formaggio fritto latte burro,Profumo,formaggio fritto;latte;burro,"Profumo di formaggio fritto, latte e burro.",4,9165,
Profumo::nota fermentata appena percettibile fruttato lattico cotto e brodo,Profumo,"nota fermentata appena percettibile, fruttato lattico cotto e brodo","Profumo con nota fermentata appena percettibile, fruttato, lattico cotto e brodo.",4,16955,
Profumo::lieve sentore di cotto e erba fermentata,Profumo,lieve sentore di cotto e erba fermentata,Profumo lieve di cotto e erba fermentata.,4,33595,
Profumo::solo all'apertura odore stantio,Profumo,Solo all'apertura odore stantio,Profumo leggermente stantio all'apertura.,4,268,
Profumo::fermentato animale,Profumo,fermentato animale,Profumo fermentato con note animali.,4,7314,
Profumo::animale più che stalla,Profumo,Animale più che stalla,Profumo animale più che di stalla.,4,2518,
Profumo::equilibrato piacevole,Profumo,"equilibrato, piacevole",Profumo equilibrato e piacevole.,4,9826,
Profumo::burro burro fuso,Profumo,"burro, burro fuso",Profumo di burro fuso.,12,25965,
Profumo::anche alcol,Profumo,Anche alcol,Note olfattive di alcol.,10,2010,
Profumo::profumo leggero nessun difetto o sentore strano evanescente tostato,Profumo,profumo leggero. nessun difetto o sentore strano. evanescente. tostato,"Profumo leggero, evanescente, con note di tostato.",4,11452,
Profumo::brodo di carne burro fuso e panna,Profumo,brodo di carne burro fuso e panna,"Profumo di brodo di carne, burro fuso e panna.",4,24227,
Profumo::tostaura evidente ma in genere equilibrato,Profumo,"tostaura evidente, ma in genere equilibrato","Profumo di tostatura evidente, nel complesso equilibrato.",4,44777,
Profumo::non particolarmente armonico note dominanti di brodo e di latte cotto a tratti bruciato,Profumo,"non particolarmente armonico, note dominanti di brodo e di latte cotto, a tratti bruciato","Profumo non particolarmente armonico, con note dominanti di brodo e latte cotto, a tratti bruciato.",2,46632,
Profumo::debole non tipico del grana,Profumo,"debole, non tipico del grana","Profumo debole, non tipico del grana.",4,16797,
Profumo::panna latte cotto burro brodo di carne,Profumo,panna latte cotto burro brodo di carne,"Profumo di panna cotta, latte cotto, burro e brodo di carne.",2,46298,
Profumo::intensità media burro fuso latte cotto lieve nota di bruciato,Profumo,"intensità media, burro fuso, latte cotto, lieve nota di bruciato","Profumo di burro fuso e latte cotto con lieve nota di bruciato, intensità moderata.",4,42640,
Profumo::nota di latte acido prevalente segue la panna e il burro fresco fruttato e vegetale cotto,Profumo,"nota di latte acido prevalente, segue la panna e il burro fresco, fruttato e vegetale cotto","Profumo di latte acido prevalente, seguito da panna e burro fresco, con note di fruttato e vegetale cotto.",4,18341,
Profumo::chiuso,Profumo,chiuso,Profumo chiuso.,12,25970,
Profumo::pane tostato brodo panne e burro fruttato molto leggero,Profumo,"pane tostato brodo, panne e burro, fruttato molto leggero","Profumo di pane tostato, brodo, panna e burro, con note fruttate molto leggere.",4,18880,
Profumo::lettiera,Profumo,Lettiera,Profumo di lettiera.,4,48612,
Profumo::primo olfatto>puzza / come di altro formaggio non tipico trrentingrana svanisce poi non convince,Profumo,"primo olfatto>puzza / come di altro formaggio, non tipico trrentingrana. svanisce poi. non convince.","Profumo di formaggio non tipico, svanisce rapidamente.",4,44615,
Profumo::alla rottura pungente in un pezzo dolciastro in altri leggeri cipolla cotta e panna un poco passata,Profumo,"alla rottura pungente in un pezzo, dolciastro in altri, leggeri cipolla cotta e panna un poco passata","Profumo pungente alla rottura in alcuni punti, dolciastro in altri, con leggeri sentori di cipolla cotta e panna leggermente passata.",4,21624,
Profumo::liquirizia radice,Profumo,Liquirizia radice,Profumo di liquirizia e radice.,4,50718,
Profumo::vegetale balsamico poco da grana,Profumo,vegetale balsamico poco da grana,Profumo vegetale balsamico poco caratteristico della grana.,4,15427,
Profumo::intensità moderata,Profumo,Intensità moderata,Profumo di intensità moderata.,24,1022,
Profumo::fruttato lattico cotto,Profumo,Fruttato lattico cotto,Profumo fruttato con note lattiche cotte.,4,16801,
Profumo::intenso positivouna nota leggeerbacea in un pezzo,Profumo,intenso positivouna nota leggeerbacea in un pezzo,Profumo intenso con nota leggermente erbacea.,4,11389,
Profumo::iniziale diverso (teli sporco) poi vegetali e eun poco cotto,Profumo,iniziale diverso (teli sporco) poi vegetali e eun poco cotto,"Profumo inizialmente diverso, poi vegetale e leggermente cotto.",4,13131,
Profumo::leggermente propionico,Profumo,leggermente propionico,Profumo leggermente propionico.,16,5851,
Profumo::balsamico,Profumo,Balsamico,Profumo balsamico.,4,48899,
Profumo::latte cotto e nocciola,Profumo,latte cotto e nocciola,Profumo di latte cotto e nocciola.,4,14251,
Profumo::ossidato forse fermentato,Profumo,ossidato. forse fermentato.,Profumo ossidato e fermentato.,4,47410,
Profumo::burro fuso formaggio da crosta,Profumo,"burro fuso, formaggio da crosta",Profumo di burro fuso e formaggio da crosta.,4,26119,
Profumo::mediamente intenso su qualche pezzo note di frutta fermentata,Profumo,"mediamente intenso, su qualche pezzo note di frutta fermentata",Profumo mediamente intenso con note di frutta fermentata.,4,7460,
Profumo::delicato ma lattico caratteristico,Profumo,"delicato ma lattico, caratteristico",Profumo delicato ma lattico.,4,35559,
Profumo::albume,Profumo,albume,Profumo di albume.,2,46876,
Profumo::leggerissimo scompare dopo 2 secondi,Profumo,"Leggerissimo, scompare dopo 2 secondi",Profumo molto leggero e fugace.,4,48664,
Profumo::prima olfazione non gradita la definisco nostrano,Profumo,Prima olfazione non gradita. La definisco nostrano,Profumo nostrano.,4,49584,
Profumo::cavolfiore,Profumo,cavolfiore,Profumo di cavolfiore.,8,18258,
Profumo::leggermente cotto,Profumo,leggermente cotto,Profumo leggermente cotto.,12,15595,
Profumo::latte fresco,Profumo,latte fresco,Profumo di latte fresco.,4,35680,
Profumo::debole leggero sentore di fermentato,Profumo,"debole, leggero sentore di fermentato",Profumo debole con leggero sentore di fermentato.,4,27424,
Profumo::lattici moderatamente intensi anche cotti leggero fermentato non spiacevole,Profumo,"Lattici moderatamente intensi, anche cotti, leggero fermentato non spiacevole","Profumo di lattico moderatamente intenso, cotto, con leggero sentore fermentato.",4,16954,
Profumo::burro e brodo vegetale,Profumo,burro e brodo vegetale,Profumo di burro e brodo vegetale.,4,27779,
Profumo::vegetale pungente (non ricordo il vegetale),Profumo,vegetale pungente (non ricordo il vegetale),Profumo vegetale pungente.,4,40309,
Profumo::formaggio fritto latte cotto panna,Profumo,formaggio fritto;latte cotto;panna;,"Profumo di formaggio fritto, latte cotto e panna.",4,5853,
Profumo::latte fermentato forte,Profumo,latte fermentato forte,Profumo forte di latte fermentato.,4,11590,
Profumo::semplice lattico di panna nota di formaggino,Profumo,"semplice, lattico di panna, nota di formaggino",Profumo semplice di panna lattica con nota di formaggino.,4,30768,
Profumo::banana verde,Profumo,Banana verde,Profumo di banana verde.,4,41,
Profumo::panna e un leggero brodo,Profumo,panna e un leggero brodo,Profumo di panna e brodo leggermente percettibile.,4,18411,
Profumo::latte crudo,Profumo,latte crudo,Profumo di latte crudo.,4,18872,
Profumo::legero,Profumo,legero,Profumo leggero.,4,27702,
Profumo::delicato,Profumo,delicato,Profumo delicato.,8,33827,
Profumo::panna latte acido,Profumo,panna latte acido,Profumo di panna e latte con nota acida.,4,18408,
Profumo::qualcosa di non ottimale che non so definire,Profumo,Qualcosa di non ottimale che non so definire,NON_DESCRITTO,4,508,
Profumo::intenso positivo,Profumo,intenso positivo,Profumo intenso.,4,20173,
Profumo::intensità' elevata di burro fuso burro,Profumo,"intensità' elevata, di burro fuso, burro,",Profumo intenso di burro fuso.,2,46123,
Profumo::su base lattea delicata spicca un aroma di formaggio quasi fermentato non tipico del trentingrana non una puzza ma quasi,Profumo,"su base lattea delicata spicca un aroma di formaggio quasi fermentato non tipico del trentingrana. non una puzza, ma quasi",Profumo su base lattica delicata con aroma di formaggio quasi fermentato.,4,47412,
Profumo::grana nocciola fieno,Profumo,"grana, nocciola, fieno","Profumo di grana, nocciola e fieno.",4,21710,
Profumo::lattico cotto prevalente ma anche erbaceio (fieno) e brodo di carcne,Profumo,lattico cotto prevalente ma anche erbaceio (fieno) e brodo di carcne,Profumo di lattico cotto prevalente con note di fieno e brodo animale.,4,34370,
Profumo::vegetale burro fresco,Profumo,"VEGETALE , BURRO FRESCO",Profumo vegetale con note di burro fresco.,4,37216,
Profumo::intenso e complesso note di crosta di formaggio e frutta fermentata non particolarmente equilibrato,Profumo,"intenso e complesso, note di crosta di formaggio e frutta fermentata, non particolarmente equilibrato","Profumo intenso e complesso con note di crosta di formaggio e frutta fermentata, non particolarmente equilibrato.",4,37383,
Profumo::fruttato floreale nocciola/tostato un poco troppo,Profumo,"fruttato, floreale, nocciola/tostato un poco- troppo",Profumo fruttato e floreale con note di nocciola e tostato leggermente marcate.,4,44189,
Profumo::burro fuso butirrico intensità moderata tostato forte intensità leggera/moderata attenzione una porzione ha pure un occhio da fermentazione butirrica,Profumo,"burro fuso, butirrico intensità moderata, tostato forte intensità leggera/moderata; ATTENZIONE una porzione ha pure un occhio da fermentazione butirrica","Profumo di burro fuso con nota butirrica a intensità moderata, tostato a intensità leggera-moderata, e localmente di fermentazione butirrica.",4,30665,
Profumo::tende ai sentori cotti tostato nocciola panna media intensità,Profumo,"tende ai sentori cotti, tostato, nocciola. panna. media intensità","Profumo tendente ai sentori cotti, tostato e nocciola, con note di panna, intensità moderata.",4,42844,
Profumo::latticini frachi,Profumo,latticini frachi,Profumo di latticini freschi.,4,13692,
Profumo::latte cotto panna,Profumo,latte cotto;panna;,Profumo di latte cotto e panna.,8,6007,
Profumo::intenso e burroso con leggera tostatura,Profumo,intenso e burroso con leggera tostatura,Profumo intenso e burroso con leggera tostatura.,4,35563,
Profumo::intensità' moderata note vegetali anche brodo su base di burro e latte uht crosta,Profumo,"intensità' moderata. note vegetali, anche brodo, su base di burro e latte uht. crosta","Profumo di intensità moderata con note vegetali e di brodo su base di burro e latte, con sentori di crosta.",4,40311,
Profumo::nota di sedano brodo vegetale latte caramellato,Profumo,"nota di sedano, brodo vegetale, latte caramellato","Profumo di sedano, brodo vegetale e latte caramellato.",8,29101,
Profumo::atipico frutta fermentata crosta di formaggio,Profumo,"atipico, frutta fermentata, crosta di formaggio",Profumo atipico di frutta fermentata e crosta di formaggio.,8,29421,
Profumo::latte cotto e panna cotta intensità medio alta,Profumo,latte cotto e panna cotta intensità medio alta,Profumo di latte cotto e panna cotta con intensità medio-alta.,4,9413,
Profumo::leggero per fortuna perché' percepisco una nota fecale,Profumo,leggero. per fortuna perché' percepisco una nota fecale,Profumo leggero con nota fecale.,4,25510,
Profumo::burrro fuso latte,Profumo,"burrro fuso, latte",Profumo di burro fuso e latte.,4,25657,
Profumo::nota bruciata,Profumo,Nota bruciata,Profumo con nota bruciata.,8,3495,
Profumo::note quasi di puzzone alla prima olfazione,Profumo,Note quasi di puzzone alla prima olfazione,Profumo con note quasi di puzzone all'apertura.,4,4216,
Profumo::solo spezzando i pezzi e al momento della frattura si avverte puzza di marcio putrido che x lo più se ne va asciugamdosi,Profumo,"solo spezzando i pezzi e al momento della frattura si avverte puzza di marcio putrido, che x lo più se ne va asciugamdosi","Profumo di marcio e putrido alla frattura, attenuato all'asciugatura.",2,46211,
Profumo::burro fuso latte cotto buono,Profumo,"burro fuso, latte cotto. buono",Profumo di burro fuso e latte cotto.,4,18336,
Profumo::putrido prevalente alla rottura dei pezzi,Profumo,putrido prevalente alla rottura dei pezzi,Profumo putrido prevalente alla rottura dei pezzi.,4,32289,
Profumo::latte acido pungente fermentato,Profumo,"LATTE ACIDO, PUNGENTE, FERMENTATO","Profumo di latte acido, pungente e fermentato.",4,37384,
Profumo::yogurt alla frutta,Profumo,Yogurt alla frutta,Profumo di yogurt alla frutta.,4,808,
Profumo::poco intenso ma equilibrato burro fuso dominante,Profumo,"poco intenso ma equilibrato, burro fuso dominante","Profumo poco intenso ma equilibrato, con burro fuso dominante.",4,7768,
Profumo::vaniglia peccato per bruciato,Profumo,Vaniglia! Peccato per bruciato!,Profumo di vaniglia con nota di bruciato.,4,1436,
Profumo::nocciola,Profumo,NOcciola,Profumo di nocciola.,20,1289,
Profumo::fermentazione (insilato) panna fresca burro fresco e leggera tostatura,Profumo,"fermentazione (insilato) panna fresca, burro fresco e leggera tostatura","Profumo di fermentazione con note di insilato, panna fresca, burro fresco e leggera tostatura.",4,24087,
Profumo::solvente acetone,Profumo,Solvente acetone,Profumo di solvente e acetone.,4,49997,
Profumo::moderata l'intensità latte uht burro sciolto pane,Profumo,"moderata l'intensità. Latte uht, burro sciolto. pane","Profumo di latte uht, burro sciolto e pane, con intensità moderata.",4,18255,
Profumo::all'inizio stalla ma lo cala,Profumo,All'inizio stalla...ma lo cala,"Profumo di stalla all'apertura, che tende a calare.",10,1942,
Profumo::yogurth nocciola tostato,Profumo,"yogurth, nocciola, tostato","Profumo di yogurt, nocciola e tostato.",4,32214,
Profumo::molto leggero,Profumo,molto leggero,Profumo molto leggero.,4,18870,
Profumo::pronunciato di latte cotto,Profumo,pronunciato di latte cotto,Profumo pronunciato di latte cotto.,4,15372,
Profumo::burro fuso latte cotto,Profumo,burro fuso;latte cotto,Profumo di burro fuso e latte cotto.,4,41082,
Profumo::yogurt alla frutta più che parte acido,Profumo,Yogurt alla frutta più che parte acido,Profumo di yogurt alla frutta con sentore acido.,4,49127,
Profumo::leggera fermentazione,Profumo,Leggera fermentazione,Profumo di leggera fermentazione.,4,5284,
Profumo::caramello alla apertura,Profumo,Caramello alla apertura,Profumo di caramello all'apertura.,4,49113,
Profumo::ho segnato cuoio ma in realtà ho sentito odore di suola di scarpe o gomma,Profumo,"Ho segnato cuoio ma in realtà ho sentito odore di suola di scarpe, o gomma",Profumo di gomma e suola di scarpe.,4,50167,
Profumo::all'apertura un poco' di fumo poi fermentato,Profumo,"all'apertura un poco' di fumo, poi fermentato,","Profumo di fumo all'apertura, seguito da note fermentate.",4,27776,
Profumo::presenza di note un p di stalla insilato,Profumo,"presenza di note un p; di stalla, insilato",Profumo con note di stalla e insilato.,4,44692,
Profumo::burro fuso e bruciato,Profumo,"burro fuso e bruciato,",Profumo di burro fuso e bruciato.,4,35747,
Profumo::balsamico liquirizia,Profumo,Balsamico liquirizia,Profumo di balsamico e liquirizia.,4,49791,
Profumo::strinato,Profumo,strinato,Profumo strinato.,2,46288,
Profumo::yogurt,Profumo,yogurt,Profumo di yogurt.,4,35441,
Profumo::gradevole di latte ma leggero,Profumo,gradevole di latte ma leggero,"Profumo gradevole di latte, leggero.",4,44198,
Profumo::grana latte e floreale,Profumo,"grana, latte e floreale..","Profumo di grana, latte e floreale.",4,35443,
Profumo::peccato per leggera nota bruciata,Profumo,Peccato per leggera nota bruciata,Profumo con leggera nota bruciata.,4,865,
Profumo::poco intenso nota lattica di burro fuso evidente fieno,Profumo,"poco intenso, nota lattica di burro fuso evidente, fieno",Profumo poco intenso di burro fuso con nota lattica e fieno.,8,29549,
Profumo::burroso,Profumo,burroso,Profumo burroso.,4,41419,
Profumo::animale tostato deciso liquirizia caramello scuro cacao,Profumo,"animale, tostato deciso, liquirizia, caramello scuro, cacao","Profumo animale con note di tostato deciso, liquirizia, caramello scuro e cacao.",4,33907,
Profumo::all'apertuta insilato vegetale allapertura vegetale balsamico eucalipto,Profumo,all'apertuta insilato vegetale allapertura vegetale balsamico eucalipto?,"Profumo di insilato, vegetale e balsamico con note di eucalipto all'apertura.",4,12921,
Profumo::vegetale fieno,Profumo,vegetale fieno?,Note olfattive di vegetale e fieno.,8,29479,
Profumo::negativo intenistà alta,Profumo,negativo intenistà alta,Profumo negativo con intensità alta.,4,41303,
Profumo::note positive da grana tipico latte ma con tostatura anche forte sebbene molto piacevole,Profumo,"note positive da grana tipico, latte, ma con tostatura anche forte... sebbene molto piacevole",Profumo di grana con note lattiche e tostatura intensa.,2,46633,
Profumo::stantio e cotto,Profumo,stantio e cotto,Profumo stantio e cotto.,4,32365,
Profumo::intensità' buona,Profumo,intensità' buona.,Profumo di buona intensità.,4,33751,
Profumo::lattico dominante burro cotto burro sciolto poco intenso brodo,Profumo,"lattico dominante, burro cotto, burro sciolto, poco intenso. brodo","Profumo lattico dominante di burro cotto e burro sciolto, poco intenso, con nota di brodo.",4,42780,
Profumo::leggermente fruttato,Profumo,leggermente fruttato,Profumo leggermente fruttato.,4,33594,
Profumo::il sentore di nostrano é un dubbio,Profumo,Il sentore di nostrano é un dubbio,Profumo con sentore di nostrano.,4,4907,
Profumo::salsa al caramello mou bruciacchiata,Profumo,Salsa al caramello mou bruciacchiata,Profumo di caramello bruciacchiato con note di mou.,4,1437,
Profumo::lievito pane,Profumo,Lievito pane?,Note olfattive di lievito e pane.,4,3244,
Profumo::crosta fruttato mela,Profumo,"crosta, fruttato mela",Profumo di crosta con note fruttate di mela.,4,44779,
Profumo::carente sulle note lattiche,Profumo,Carente sulle note lattiche,Profumo carente di note lattiche.,4,4224,
Profumo::anche vegetale dolce cotto,Profumo,anche vegetale dolce cotto,Profumo vegetale dolce cotto.,4,33753,
Profumo::leggero/moderato come intensità' note di pane tostato burro latte cotto fungo/tartufo,Profumo,"leggero/moderato come intensità'. note di pane tostato. burro, latte cotto. fungo/tartufo","Profumo di pane tostato, burro e latte cotto, con note di fungo e tartufo, a intensità leggera e moderata.",4,6003,
Profumo::lievissimo quasi inesistente come un presidente di fondazione,Profumo,"lievissimo, quasi inesistente, come un presidente di Fondazione",NON_DESCRITTO,4,34367,
Profumo::pochi pregi lieve,Profumo,"pochi pregi, lieve",Profumo lieve.,4,7931,
Profumo::non percesco particolari odori,Profumo,non percesco particolari odori,Profumo poco percepibile.,4,42779,
Profumo::frutta matura intensità medio alta,Profumo,frutta matura intensità medio alta,"Profumo di frutta matura, intensità medio-alta.",4,24218,
Profumo::vegetale floreale all'apertura 1 pezzo negativo gli altri discreti buoni,Profumo,"vegetale floreale all'apertura, 1 pezzo negativo, gli altri discreti buoni","Profumo vegetale e floreale all'apertura, un pezzo con profumo negativo, gli altri discreti.",4,33830,
Profumo::poco profumo,Profumo,Poco profumo,Profumo poco intenso.,4,48897,
Profumo::intensità media note lattee tendenti al cotto/maturo,Profumo,Intensità media. note lattee tendenti al cotto/maturo,Profumo di intensità media con note lattee tendenti al cotto e alla maturazione.,4,11172,
Profumo::intenso,Profumo,Intenso,Profumo intenso.,28,3838,
Profumo::all'apertura ododre pungente quasi ammoniacale poi tostati decisi e speziati latte cotto quasi bruciato cacao amaro e caffé,Profumo,"all'apertura ododre pungente, quasi ammoniacale, poi tostati decisi e speziati, latte cotto quasi bruciato, cacao amaro e caffé","Profumo all'apertura pungente quasi ammoniacale, seguito da note tostate decise e speziate, latte cotto quasi bruciato, cacao amaro e caffé.",4,5465,
Profumo::poco intenso piatto pungente frutta fermentata burro cotto legno,Profumo,"poco intenso, piatto, pungente, frutta fermentata, burro cotto, legno","Profumo poco intenso e piatto, con note di pungente, frutta fermentata, burro cotto e legno.",4,27700,
Profumo::difettoso nota di paglia / lettiera,Profumo,"difettoso, nota di paglia / lettiera",Profumo di paglia e lettiera con difetti.,4,21705,
Profumo::pane lievito,Profumo,PANE LIEVITO,Note olfattive di pane e lievito.,4,49017,
Profumo::note un poco' pungenti all'apertura poi lattici cotti formaggio cotto,Profumo,"Note un poco' pungenti all'apertura, poi lattici cotti, formaggio cotto","Profumo poco pungente all'apertura, seguito da note lattiche di formaggio cotto.",4,23875,
Profumo::nota pungente all apertura e poi dolciastra leggermente propionica che prevale sui lattici cotti panna e burro sciolto successivi asciugandosi migliora,Profumo,"nota pungente all apertura e poi dolciastra, leggermente propionica che prevale sui lattici cotti, panna e burro sciolto successivi, asciugandosi migliora","Profumo pungente all'apertura con note dolciastre e leggermente propioniche, che prevalgono su lattico cotto, panna e burro sciolto.",2,46883,
Profumo::burro cotto formaggio cotto,Profumo,"Burro cotto, formaggio cotto",Profumo di burro cotto e formaggio cotto.,4,49498,
Profumo::anche intenso ma nostrano e latte cotto leggero,Profumo,"Anche intenso, ma nostrano e latte cotto leggero",Profumo intenso di latte cotto e nota nostrana leggera.,4,4105,
Profumo::panna animale intenso,Profumo,"panna, animale, intenso","Profumo di panna e animale, intenso.",4,15937,
Profumo::fiori e frutta,Profumo,fiori e frutta,Profumo di fiori e frutta.,4,13837,
Profumo::fruttato panna fieno e nota fermentata molto leggera,Profumo,"Fruttato, panna, fieno e nota fermentata molto leggera","Profumo fruttato con note di panna, fieno e sentore fermentato molto leggero.",4,41366,
Profumo::vegetale fermentato,Profumo,vegetale fermentato,Profumo vegetale fermentato.,4,44280,
Profumo::poco intenso note non caratteristiche da nostrano lettiera ossidato,Profumo,"poco intenso, note non caratteristiche da nostrano, lettiera, ossidato",Profumo poco intenso con note di lettiera e ossidato.,4,27840,
Profumo::frutta matura fieno stalla grana,Profumo,"frutta matura, fieno-stalla, grana","Profumo di frutta matura, fieno e stalla, con nota di grana.",4,18339,
Profumo::maturi i sentori latte cotto poco burro frutta secca pane,Profumo,"maturi i sentori, latte cotto, poco burro, frutta secca, pane","Profumo maturo di latte cotto, poco burro, frutta secca e pane.",4,26049,
Profumo::crosta leggermente speziato,Profumo,"crosta, leggermente speziato",Profumo di crosta con note leggermente speziate.,4,21709,
Profumo::minestrone verdura cipolla,Profumo,"minestrone verdura, cipolla",Profumo di minestrone con verdura e cipolla.,4,34371,
Profumo::principalmente panna e fruttato segue il burro il latte cotto e un leggero tostato,Profumo,"Principalmente panna e fruttato, segue il burro, il latte cotto e un leggero tostato","Profumo principalmente di panna e fruttato, seguiti da burro, latte cotto e leggero tostato.",4,9832,
Profumo::odore di formaggio vecchio,Profumo,odore di formaggio vecchio,Profumo di formaggio maturo.,4,9238,
Profumo::latte fresco muschio,Profumo,latte fresco;muschio,Profumo di latte fresco e muschio.,4,20484,
Profumo::frutta fermentata,Profumo,frutta fermentata,Profumo di frutta fermentata.,16,7850,
Profumo::nota bruciata poco intenso,Profumo,"Nota bruciata, poco intenso","Profumo con nota bruciata, poco intenso.",4,49310,
Profumo::abbastanza equilibrato note caratteristiche presenti,Profumo,"abbastanza equilibrato, note caratteristiche presenti",Profumo abbastanza equilibrato con note caratteristiche.,4,7383,
Profumo::burro mfuso latte cotto fruttato tostato e verdure cotte,Profumo,"burro mfuso latte cotto fruttato, tostato e verdure cotte","Profumo di burro fuso, latte cotto, fruttato, tostato e verdure cotte.",4,18418,
Profumo::burro fuso leggera crosta,Profumo,"burro fuso, leggera crosta",Profumo di burro fuso.,4,24153,
Profumo::fieno burro fuso,Profumo,"fieno, burro fuso",Profumo di fieno e burro fuso.,4,44104,
Profumo::insilato negativo,Profumo,insilato negativo,Profumo di insilato negativo.,4,44782,
Profumo::su un pezzo nota animale di cuoio cavallo sui restanti pezzi odore un poco scarico e poco complesso,Profumo,"su un pezzo nota animale di cuoio, cavallo, sui restanti pezzi odore un poco scarico e poco complesso","Profumo di cuoio e cavallo su alcuni pezzi, poco intenso e poco complesso sui rimanenti.",4,37467,
Profumo::intenso all'apertura panna e anche vegetale fresco floreale,Profumo,"Intenso all'apertura, panna e anche vegetale fresco, floreale","Profumo intenso all'apertura, di panna e vegetale fresco con note floreali.",4,18876,
Profumo::fruttato muschio,Profumo,fruttato;muschio,Profumo fruttato con note di muschio.,4,40312,
Profumo::poca panna latte e burro non crudi un fondo animale\stalla fieno,Profumo,"poca panna, latte e burro non crudi. un fondo animale\stalla. fieno","Profumo di panna e latte con burro cotto, fondo animale di stalla e note di fieno.",4,31745,
Profumo::vegetale cotto,Profumo,vegetale cotto,Profumo vegetale cotto.,4,9325,
Profumo::moderato note lattee pane tostato,Profumo,moderato. note lattee. pane. tostato,"Profumo di moderata intensità con note lattiche, pane e tostato.",4,41081,
Profumo::panna leggermente cotto,Profumo,panna leggermente cotto,Profumo di panna leggermente cotto.,2,46204,
Profumo::inizialmente burro fresco alla frattura note di bruciato,Profumo,"inizialmente burro fresco, alla frattura note di bruciato","Profumo di burro fresco all'apertura, con note di bruciato alla frattura.",4,11386,
Profumo::lattici cotti e tostati anche troppo decisi (caffè),Profumo,lattici cotti e tostati anche troppo decisi (caffè),"Profumo di lattici cotti e tostati, con note di caffè piuttosto decise.",4,41140,
Profumo::ossidato,Profumo,ossidato,Profumo ossidato.,20,9324,
Profumo::intensità al più moderata,Profumo,Intensità al più moderata,Profumo di intensità moderata.,4,11522,
Profumo::solo all'apertura poi no l'ho sento,Profumo,Solo all'apertura poi no l'ho sento,Profumo percepibile solo all'apertura.,8,3494,
Profumo::latte panna ma tostato,Profumo,"latte, panna ma tostato...",Profumo di latte e panna con note di tostato.,4,18878,
Profumo::erba,Profumo,erba,Profumo di erba.,8,29417,
Profumo::fiori frutta panna fresca,Profumo,"fiori, frutta, panna fresca","Profumo di fiori, frutta e panna fresca.",4,16722,
Profumo::prima olfazione>odore sgradevole verso animale il resto e' sfondo,Profumo,prima olfazione>odore sgradevole verso animale. il resto e' sfondo,Profumo con nota animale all'apertura.,4,40241,
Profumo::vegetale balsamico,Profumo,vegetale balsamico,Profumo vegetale balsamico.,32,29415,
Profumo::latte e panna cotta forte fieno forte,Profumo,latte e panna cotta forte;fieno forte,Profumo forte di latte e panna cotta con note di fieno.,4,11380,
Profumo::debole,Profumo,debole,Profumo debole.,12,11595,
Profumo::intenso abbastanza equilibrato nota di latte cotto dominante su un pezzo vira verso il bruciato,Profumo,"intenso, abbastanza equilibrato, nota di latte cotto dominante, su un pezzo vira verso il bruciato","Profumo intenso e abbastanza equilibrato con nota di latte cotto dominante, che vira verso il bruciato su un pezzo.",4,25964,
Profumo::fieno yogurth e tostatura,Profumo,"fieno, yogurth e tostatura","Profumo di fieno, yogurt e tostatura.",4,18416,
Profumo::burro sciolto,Profumo,burro sciolto,Profumo di burro sciolto.,8,16795,
Profumo::latte cotto e brodo di carne cipolla,Profumo,"latte cotto e brodo di carne, cipolla",Profumo di latte cotto e brodo di carne con cipolla.,4,44114,
Profumo::poco intenso e complesso nota quasi floreale burro sciolto,Profumo,"poco intenso e complesso, nota quasi floreale, burro sciolto","Profumo poco intenso e complesso, con nota quasi floreale e burro sciolto.",4,31828,
Profumo::chiuso poco intenso,Profumo,chiuso poco intenso,Profumo chiuso e poco intenso.,4,36967,
Profumo::crosta e stantio,Profumo,crosta e stantio,Profumo di crosta e stantio.,4,14252,
Profumo::vegetale acre,Profumo,vegetale acre,Profumo vegetale e acre.,4,26120,
Profumo::vegetale buono,Profumo,Vegetale buono,Profumo vegetale.,4,48500,
Profumo::poco intenso e complesso lattico cotto e brodo,Profumo,"poco intenso e complesso, lattico cotto e brodo","Profumo poco intenso e complesso, lattico cotto e brodo.",4,32213,
Profumo::nota animale alla prima olfazione poi si allegerisce non punisco pane burro latte cotto,Profumo,"nota animale alla prima olfazione, poi si allegerisce, non punisco. pane, burro. latte cotto","Profumo animale all'apertura che si allegerisce, con note di pane, burro e latte cotto.",4,20483,
Profumo::latte crudo delicato,Profumo,latte crudo delicato,Profumo di latte crudo delicato.,4,9159,
Profumo::sa di grasso di prosciutto crudo,Profumo,Sa di grasso di prosciutto crudo,Profumo di grasso di prosciutto crudo.,4,4248,
Profumo::funghi freschi,Profumo,Funghi freschi,Profumo di funghi freschi.,8,51849,
Profumo::leggero sentore di corsta di fromaggio e cotto più' burro,Profumo,"leggero sentore di corsta di fromaggio e cotto, più' burro","Profumo leggero di crosta di formaggio e cotto, con prevalenza di burro.",4,42709,
Profumo::poco pulito note pungenti al naso sentori di pozzo e acqua stagnante,Profumo,"poco pulito, note pungenti al naso, sentori di pozzo e acqua stagnante,","Profumo poco pulito con note pungenti, sentori di pozzo e acqua stagnante.",4,7306,
Profumo::quasi disturba,Profumo,Quasi disturba!,NON_DESCRITTO,4,1727,
Profumo::latte cotto burro fruttato,Profumo,latte cotto;burro;fruttato,"Profumo di latte cotto, burro e fruttato.",4,47356,
Profumo::panna e brodo vegetale,Profumo,panna e brodo vegetale,Profumo di panna e brodo vegetale.,4,5929,
Profumo::un solo pezzo aveva un pessimo odore,Profumo,Un solo pezzo aveva un pessimo odore,NON_DESCRITTO,4,48611,
Profumo::latte acido tostato con leggero vegetale secco,Profumo,"Latte acido, tostato con leggero vegetale secco",Profumo di latte acido e tostato con leggero sentore vegetale secco.,4,5998,
Profumo::caramello latte cotto,Profumo,"caramello, latte cotto",Profumo di caramello e latte cotto.,4,44702,
Profumo::panna vaniglia frutta farina,Profumo,"panna, vaniglia, frutta, farina","Profumo di panna, vaniglia, frutta e farina.",4,25661,
Profumo::intenso con note florali kiwi e panna,Profumo,"intenso con note florali, kiwi e panna","Profumo intenso con note floreali, kiwi e panna.",4,11178,
Profumo::leggermente bruciato,Profumo,Leggermente bruciato,Profumo leggermente bruciato.,8,3240,
Profumo::mediamente intenso panna burro fuso brodo congetto lieve nota ossidata e pungente,Profumo,"mediamente intenso, panna, burro fuso, brodo, congetto, lieve nota ossidata e pungente","Profumo mediamente intenso di panna, burro fuso e brodo, con lieve nota ossidata e pungente.",4,27420,
Profumo::leggermente odore anomalo che non riconsoco,Profumo,leggermente odore anomalo che non riconsoco,Profumo leggermente anomalo.,4,15483,
Profumo::odore pungente all'apertura ma che poi non trovo nei pezzi,Profumo,"odore pungente all'apertura, ma che poi non trovo nei pezzi","Profumo pungente all'apertura, non rilevabile nei pezzi.",4,27706,
Profumo::tende negativo forte sedano,Profumo,tende negativo forte sedano,"Profumo tendente al negativo, forte, di sedano.",4,13766,
Profumo::peccato per sfumatura bruciata,Profumo,Peccato per sfumatura bruciata!,Profumo con sfumatura bruciata.,4,2318,
Profumo::peccato per leggero sentore di alcool,Profumo,Peccato per leggero sentore di alcool,Profumo con leggero sentore di alcol.,4,1332,
Profumo::all'apertura ottimo panna e lattici alla rottura di un pezzo odore un poco' sgradevole tendente allo stantio,Profumo,"All'apertura, ottimo panna e lattici; alla rottura di un pezzo odore un poco' sgradevole, tendente allo stantio","Profumo di panna e note lattiche all'apertura, con sentore leggermente stantio alla rottura.",4,11597,
Profumo::acido,Profumo,acido,Profumo acido.,12,11173,
Profumo::sentore di urina,Profumo,Sentore di urina...,Profumo con sentore di urina.,4,1121,
Profumo::intensità moderata pane tostato cuoio sentori lattei cotti,Profumo,intensità moderata. pane tostato. . cuoio. sentori lattei cotti,"Profumo di pane tostato e cuoio con sentori lattei cotti, intensità moderata.",4,16716,
Profumo::latte e burro leggero animale,Profumo,"latte e burro, leggero animale",Profumo di latte e burro con leggero sentore animale.,4,16720,
Profumo::leggero su note lattee delicate rinvengo sentori vegetali di brodo vegetale,Profumo,"leggero. su note lattee delicate rinvengo sentori vegetali, di brodo vegetale",Profumo leggero su note lattee delicate con sentori di brodo vegetale.,4,27428,
Profumo::intensità limitata,Profumo,Intensità limitata,Profumo poco intenso.,4,3278,
Profumo::intensità contenuta su note lattee rinvengo anche un sentore floreale,Profumo,intensità contenuta. su note lattee rinvengo anche un sentore floreale,Profumo di intensità contenuta con note lattee e sentore floreale.,4,30814,
Profumo::miele intenso,Profumo,"Miele,intenso",Profumo intenso di miele.,8,49753,
Profumo::positivo no difetti poco intenso,Profumo,positivo no difetti poco intenso,"Profumo poco intenso, privo di difetti.",4,37387,
Profumo::delicato crosta di formaggio burro cotto lieve nota di nostrano,Profumo,"delicato, crosta di formaggio, burro cotto, lieve nota di nostrano",Profumo delicato di crosta di formaggio e burro cotto con lieve nota di nostrano.,4,30719,
Profumo::burro panna pozzo di ascarico latte acido,Profumo,"burro, panna, pozzo di ascarico, latte acido","Profumo di burro, panna e latte acido.",4,27630,
Profumo::fruttato e floreale all'apertura del barattolo,Profumo,fruttato e floreale all'apertura del barattolo,Profumo fruttato e floreale all'apertura.,4,20487,
Profumo::intensità elevata con grana tipico burro e leggera tostatura,Profumo,"intensità elevata con grana tipico, burro e leggera tostatura",Profumo di intensità elevata con burro e leggera tostatura.,4,9248,
Profumo::tenue senza particolari note negative,Profumo,Tenue senza particolari note negative,Profumo tenue senza particolari note negative.,4,51742,
Profumo::poco intenso panna burro sciolto lieve nota proprionica poco intenso crosta di formaggio,Profumo,"poco intenso, panna, burro sciolto, lieve nota proprionica, poco intenso, crosta di formaggio",Profumo poco intenso di panna e burro sciolto con lieve nota proprionica e sentore di crosta di formaggio.,4,41421,
Profumo::erbacea alo apertura della vaschetta ossidato e crosta dominanti su frattura fresca,Profumo,"Erbacea alo, apertura della vaschetta, ossidato e crosta dominanti su frattura fresca","Profumo erbaceo all'apertura della vaschetta, con ossidato e crosta dominanti su frattura fresca.",4,50085,
Profumo::intensità medio forte latte intero panna brodo di carne burr ofresco,Profumo,"Intensità medio-forte. Latte intero, panna. Brodo di carne. burr ofresco","Profumo di intensità medio-forte con note di latte intero, panna, brodo di carne e burro fresco.",4,16870,
Profumo::leggero sentore di fermentato,Profumo,leggero sentore di fermentato,Profumo con leggero sentore di fermentato.,4,7386,
Profumo::molto fruttato con note lattiche freche,Profumo,molto fruttato con note lattiche freche,Profumo molto fruttato con note lattiche fresche.,4,16878,
Profumo::note leggermente tostate che prevalgono,Profumo,note leggermente tostate che prevalgono,Profumo leggermente tostato prevalente.,4,7851,
Profumo::lattico di burro fuso ma con note lievemente pungenti quasi fermentate brodo evidente,Profumo,"lattico di burro fuso ma con note lievemente pungenti, quasi fermentate, brodo evidente","Profumo lattico di burro fuso con note lievemente pungenti e fermentate, brodo evidente.",4,22251,
Profumo::in positivo intensità burro fuso medio alta,Profumo,in positivo intensità burro fuso medio alta,Profumo di burro fuso con intensità medio-alta.,4,9833,
Profumo::gomma,Profumo,gomma,Profumo di gomma.,4,466,
Profumo::intensità' buona latte intero panna burro sciolto poco brodo di carne,Profumo,"intensità' buona. latte intero, panna, burro sciolto. poco brodo di carne","Profumo di latte intero, panna e burro sciolto con poco brodo di carne, buona intensità.",4,27778,
Profumo::frutta secca intensità media,Profumo,frutta secca intensità media,Profumo di frutta secca a intensità moderata.,4,9917,
Profumo::poco intenso fermentato,Profumo,"poco intenso, fermentato","Profumo poco intenso, fermentato.",2,46294,
Profumo::animale e stalla intensità alta,Profumo,animale e stalla intensità alta,"Profumo animale e di stalla, intensità alta.",4,41471,
Profumo::forte persistente formaggio stagionato,Profumo,forte persistente formaggio stagionato....,Profumo forte e persistente di formaggio stagionato.,2,46287,
Profumo::poco intenso sentore di cotto,Profumo,"poco intenso, sentore di cotto",Profumo poco intenso con sentore di cotto.,4,35802,
Profumo::leggero sentore di cotto profumo poco marcato,Profumo,"leggero sentore di cotto, profumo poco marcato","Profumo leggero di cotto, poco marcato.",4,20423,
Profumo::soprattutto all'apertura,Profumo,Soprattutto all'apertura,NON_DESCRITTO,4,5050,
Profumo::panna burro latte fresco,Profumo,panna;burro;latte fresco,"Profumo di panna, burro e latte fresco.",4,14250,
Profumo::debole poco percettibile,Profumo,debole. poco percettibile,"Profumo debole, poco percettibile.",4,18798,
Profumo::all'apertura una cerrta pungenza poi anche in 3 pezzi odore negativo di putrido,Profumo,"all'apertura una cerrta pungenza, poi anche in 3 pezzi odore negativo, di putrido","Profumo pungente all'apertura, odore negativo di putrido anche nei pezzi interni.",4,18722,
Profumo::panna e burro fuso molto presenti segue il tostatofruttato e il brodo di carne,Profumo,"Panna e burro fuso molto presenti, segue il tostatofruttato e il brodo di carne","Profumo di panna e burro fuso molto presenti, seguito da note di tostato e fruttato con brodo di carne.",2,46214,
Profumo::poco intenso note lattiche deboli stantio,Profumo,"poco intenso, note lattiche deboli, stantio",Profumo poco intenso con note lattiche deboli e stantio.,4,42570,
Profumo::ammoniaca iniziale un poco' di stantio crosta di grana,Profumo,"Ammoniaca iniziale, un poco' di stantio, crosta di grana","Profumo di ammoniaca iniziale, leggermente stantio, con note di crosta di grana.",4,32366,
Profumo::intenso ma con note da tostatura e leggerm insilati,Profumo,intenso ma con note da tostatura e leggerm. insilati,Profumo intenso con note di tostatura e leggermente insilati.,4,22165,
Profumo::all'apertura anche fruttato dolce quasi banana poi solo lattici anche formaggio cotto,Profumo,"all'apertura anche fruttato dolce, quasi banana, poi solo lattici, anche formaggio cotto","Profumo di frutta dolce con note di banana all'apertura, seguito da note lattiche e formaggio cotto.",4,41420,
Profumo::poco intenso burro fuso nota fermentata brodo,Profumo,"poco intenso, burro fuso, nota fermentata, brodo",Profumo poco intenso di burro fuso con nota fermentata e brodo.,4,5766,
Profumo::panna latte cotto tostato con un poco di fruttato,Profumo,"Panna, latte cotto, tostato, con un poco di fruttato","Profumo di panna e latte cotto, tostato, con poco fruttato.",4,5844,
Profumo::intenso quasi pungente nota di frutta fermentata oltre alle caratteristiche note lattiche,Profumo,"intenso, quasi pungente, nota di frutta fermentata oltre alle caratteristiche note lattiche","Profumo intenso, quasi pungente, con note di frutta fermentata e note lattiche.",4,40316,
Profumo::burro freasco e verdure cotte brodo di carne leggera nota di fermentazione,Profumo,"burro freasco e verdure cotte, brodo di carne, leggera nota di fermentazione","Profumo di burro fresco e verdure cotte, con brodo di carne e leggera nota di fermentazione.",4,9328,
Profumo::mediamente buono ma con punte dolciastre e mature,Profumo,"mediamente buono, ma con punte dolciastre e mature",Profumo mediamente complesso con note dolciastre e mature.,4,37307,
Profumo::fermentazione leggera crosta di formaggio e panna acida,Profumo,"fermentazione leggera, crosta di formaggio e panna acida","Profumo di fermentazione leggera, crosta di formaggio e panna acida.",4,18726,
Profumo::buona intensità sentori maturi brodo crosta burro cotto,Profumo,"Buona intensità. Sentori maturi. brodo, crosta, burro cotto","Profumo con buona intensità, sentori maturi di brodo, crosta e burro cotto.",4,22350,
Profumo::grana floreale frutta intenso,Profumo,"grana, floreale, frutta... intenso","Profumo intenso di grana, floreale e frutta.",4,9164,
Profumo::molto tenue,Profumo,Molto tenue,Profumo molto tenue.,4,51126,
Profumo::note di fermentato,Profumo,note di fermentato,Profumo di fermentato.,4,35440,
Profumo::latte e brodo vegetale,Profumo,latte e brodo vegetale,Profumo di latte e brodo vegetale.,8,9410,
Profumo::leggero ma non difetti,Profumo,leggero ma non difetti,Profumo leggero senza difetti.,8,16715,
Profumo::frutta secca crosta/formaggio stagionato,Profumo,frutta secca;crosta/formaggio stagionato,Profumo di frutta secca e crosta di formaggio stagionato.,4,33904,
Profumo::forse uno dei più\ interessanti della batteria,Profumo,forse uno dei più\ interessanti della batteria...,NON_DESCRITTO,4,22256,
Profumo::leggero cotto burro fuso e crosta,Profumo,"leggero cotto, burro fuso e crosta",Profumo leggermente cotto di burro fuso e crosta.,4,12925,
Profumo::sentori tostato cotto,Profumo,"Sentori tostato, cotto",Profumo di tostato e cotto.,4,49504,
Profumo::lieve e iniziale,Profumo,Lieve e iniziale,Profumo lieve e iniziale.,4,49653,
Profumo::all'apertura teli sporchi e poi brodo vegetale,Profumo,all'apertura teli sporchi e poi brodo vegetale,"Profumo di teli sporchi all'apertura, seguito da brodo vegetale.",4,17331,
Profumo::difetto biscotto tostato,Profumo,"difetto, biscotto tostato",Profumo di biscotto tostato con nota di difetto.,4,25508,
Profumo::leggero crosta e formaggio cotto,Profumo,leggero crosta e formaggio cotto,Profumo leggero di crosta e formaggio cotto.,4,13832,
Profumo::lievito,Profumo,Lievito ?,Note olfattive di lievito.,4,49111,
Profumo::brodo vegetale panna,Profumo,brodo vegetale panna,Profumo di brodo vegetale e panna.,4,15371,
Profumo::burro e burro fuso intenso,Profumo,burro e burro fuso intenso,Profumo di burro e burro fuso intenso.,4,22344,
Profumo::peccato presenza nota polverosa,Profumo,Peccato presenza nota polverosa,Profumo con nota polverosa.,4,499,
Profumo::latte bruciato forse caramello vanilgia mah,Profumo,latte bruciato forse caramello vanilgia mah,Profumo di latte bruciato con note di caramello e vaniglia.,4,44694,
Profumo::leggermente propionico insilato difettoso,Profumo,"leggermente propionico, insilato, difettoso","Profumo leggermente propionico con note di insilato, difettoso.",4,11599,
Profumo::buona intensità' latte fresco panna burro sciolto sentori dolci e lattei,Profumo,"buona intensità'. latte fresco, panna, burro sciolto. Sentori dolci e lattei","Profumo di latte fresco, panna e burro sciolto con sentori dolci e lattei, buona intensità.",4,40381,
Profumo::tanto burro,Profumo,Tanto burro,Profumo di burro intenso.,4,3491,
Profumo::leggero vegetale cotto allo spezzare,Profumo,leggero vegetale cotto allo spezzare,Profumo leggero di vegetale cotto all'apertura.,4,44616,
Profumo::siero latte cotto brodo e leggera crosta di formaggio,Profumo,"siero, latte cotto, brodo e leggera crosta di formaggio","Profumo di siero, latte cotto, brodo e leggera nota di crosta di formaggio.",4,15598,
Profumo::scarico,Profumo,Scarico,Profumo scarico.,4,48499,
Profumo::latte cotto burro umami verdure lesse e una legger crosta di formaggio,Profumo,"Latte cotto, burro , umami, verdure lesse e una legger crosta di formaggio","Profumo di latte cotto, burro, verdure lesse e leggermente di crosta di formaggio.",4,15374,
Profumo::leggero fermentato odore debole,Profumo,leggero fermentato. odore debole,Profumo leggermente fermentato e debole.,4,18875,
Profumo::grana tipico medio intenso,Profumo,grana tipico medio intenso..,Profumo di grana a intensità media.,4,37224,
Profumo::grana burro floreale,Profumo,"grana, burro, floreale","Profumo di grana, burro e note floreali.",4,14181,
Profumo::molto diversi i 4 pezzi e all'apertura,Profumo,Molto diversi i 4 pezzi e all'apertura,NON_DESCRITTO,4,5067,
Profumo::crosta e ossidato,Profumo,crosta e ossidato,Profumo di crosta e ossidato.,4,9240,
Profumo::profumi maturi o cotti crosta note vegetali e leggermente animali/cuoio non difetti,Profumo,"Profumi maturi o cotti, crosta. note vegetali e leggermente animali/cuoio. Non difetti","Profumo maturo e cotto con note vegetali e leggermente animali, sentore di cuoio dalla crosta.",4,15373,
Profumo::yogurth formaggio floreale,Profumo,"yogurth, formaggio..., floreale...","Profumo di yogurt, formaggio e note floreali.",4,13761,
Profumo::leggermente fermentato frutta matura,Profumo,"leggermente fermentato, frutta matura",Profumo leggermente fermentato con nota di frutta matura.,4,40385,
Profumo::putrido trremendo,Profumo,"Putrido, trremendo",Profumo putrido.,4,21715,
Profumo::grana tostato fieno panna,Profumo,"grana, tostato, fieno, panna","Profumo di grana, tostato, fieno e panna.",4,11458,
Profumo::sedano troppo vegetale cotto abbasso voto altrimenti molto intenso,Profumo,"Sedano. Troppo vegetale cotto, abbasso voto. Altrimenti molto intenso","Profumo di sedano e vegetale cotto, molto intenso.",10,1951,
Profumo::latte cotto burro fuso brodo di carne e leggero tostato e fruttato,Profumo,"latte cotto, burro fuso brodo di carne e leggero tostato e fruttato","Profumo di latte cotto, burro fuso, brodo di carne, con sentori leggeri di tostato e fruttato.",4,9160,
Profumo::un poco cotto,Profumo,un poco cotto,Profumo poco cotto.,4,33829,
Profumo::crosta di formaggio e brodo,Profumo,crosta di formaggio e brodo,Profumo di crosta di formaggio e brodo.,4,42426,
Profumo::poco complesso ma pulito panna latte cotto burro fuso mancano le note evolute,Profumo,"poco complesso ma pulito, panna, latte cotto, burro fuso, mancano le note evolute","Profumo poco complesso ma pulito, di panna, latte cotto e burro fuso.",2,46128,
Profumo::inizialmente si percepisce una leggera fermentazione segue panna fresca burro fresco e fruttato,Profumo,"Inizialmente si percepisce una leggera fermentazione, segue panna fresca, burro fresco e fruttato","Profumo inizialmente di leggera fermentazione, seguito da panna fresca, burro fresco e note fruttate.",4,41086,
Profumo::molto intenso burro e grana,Profumo,"molto intenso, burro e grana .......",Profumo molto intenso di burro e grana.,4,44105,
Profumo::leggero formaggio cotto,Profumo,leggero formaggio cotto,Profumo leggero di formaggio cotto.,4,27701,
Profumo::intensità lieve poca complessità latte e poco più,Profumo,intensità lieve. poca complessità. Latte e poco più,Profumo lieve di latte con poca complessità.,4,18717,
Profumo::leggero e sa di emmental,Profumo,leggero e sa di emmental,Profumo leggero con note di emmental.,4,30765,
Profumo::caratteristico ma con lieve nota pungente,Profumo,caratteristico ma con lieve nota pungente,Profumo caratteristico con lieve nota pungente.,8,29165,
Profumo::elegante molta nocciola e kiwi,Profumo,"Elegante,,,molta nocciola e kiwi",Profumo di nocciola e kiwi.,4,1430,
Profumo::abbastanza blano privo di aromi se non leggeremte burro cotto,Profumo,"abbastanza blano, privo di aromi, se non leggeremte burro cotto","Profumo abbastanza blando, con leggerissime note di burro cotto.",4,30767,
Profumo::poco intenso latte e floreale,Profumo,Poco intenso. Latte e floreale,Profumo poco intenso di latte e floreale.,4,49137,
Profumo::brodo,Profumo,brodo,Profumo di brodo.,44,6006,
Profumo::leggermente crosta,Profumo,leggermente crosta,Profumo leggermente di crosta.,12,29546,
Profumo::panna yogurt,Profumo,panna yogurt,Profumo di panna e yogurt.,4,9157,
Profumo::crosta di formaggio,Profumo,crosta di formaggio,Profumo di crosta di formaggio.,4,11174,
Profumo::burro panna leggermente ossidato,Profumo,"burro, panna, leggermente ossidato","Profumo di burro e panna, leggermente ossidato.",4,9408,
Profumo::eucalipto,Profumo,Eucalipto?,Note olfattive di eucalipto.,4,51280,
Profumo::ossidato fermentato non piacevole,Profumo,"ossidato, fermentato. non piacevole",Profumo ossidato e fermentato.,4,23873,
Profumo::proprio aggressivo non piacevole,Profumo,Proprio aggressivo non piacevole,Profumo aggressivo.,4,4039,
Profumo::latte acido panna yogurt,Profumo,latte acido panna yogurt,"Profumo di latte acido, panna e yogurt.",4,13139,
Profumo::buona intensità burro latte cotto panna crosta,Profumo,"buona intensità. Burro, latte cotto, panna. crosta","Profumo di burro, latte cotto e panna con buona intensità.",4,18409,
Profumo::leggero sentore di bruciato e stalla all'inizio,Profumo,Leggero sentore di bruciato e stalla all'inizio!,Profumo leggero di bruciato e stalla all'inizio.,4,1148,
Profumo::strano a tratti sentiva di pesce perplesso,Profumo,Strano. A tratti sentiva di pesce. Perplesso,"Profumo strano, di pesce a tratti.",4,4958,
Profumo::positivo molto intenso,Profumo,positivo molto intenso,Profumo molto intenso.,4,30573,
Profumo::predominante il lattico cotto e il brodo,Profumo,predominante il lattico cotto e il brodo,Profumo di lattico cotto e brodo predominanti.,4,33677,
Profumo::burro fuso dominante forse leggera nota pungente che ricorda il latte fermentato,Profumo,"burro fuso dominante, forse leggera nota pungente che ricorda il latte fermentato",Profumo di burro fuso dominante con leggera nota pungente di latte fermentato.,4,26041,
Profumo::non molto intenso ma abbastanza caratteristico poco complesso note di lattico cotto prevalenti,Profumo,"non molto intenso ma abbastanza caratteristico, poco complesso, note di lattico cotto prevalenti","Profumo poco intenso ma abbastanza caratteristico, con note di lattico cotto prevalenti e poco complesso.",8,29485,
Profumo::leggero odore verdura lessa,Profumo,leggero odore verdura lessa,Profumo leggero di verdura lessa.,4,30816,
Profumo::latte cotto crosta di formaggio,Profumo,latte cotto;crosta di formaggio,Profumo di latte cotto e crosta di formaggio.,4,9333,
Profumo::note poco tipiche e caratteristiche,Profumo,note poco tipiche e caratteristiche,Profumo poco tipico.,2,46800,
Profumo::verdura lessa e formaggio cotto e burro,Profumo,verdura lessa e formaggio cotto e burro,"Profumo di verdura lessa, formaggio cotto e burro.",4,11456,
Profumo::leggermente,Profumo,leggermente,Profumo leggermente intenso.,4,15931,
Profumo::burro fuso,Profumo,burro fuso,Profumo di burro fuso.,20,7925,
Profumo::formaggio cotto,Profumo,formaggio cotto,Profumo di formaggio cotto.,16,18334,
Profumo::note vegetali lesse cipolla passata latte cotto,Profumo,"note vegetali lesse, cipolla passata, latte cotto","Profumo di note vegetali lesse, cipolla passata e latte cotto.",8,29548,
Profumo::latte burro burro fuso,Profumo,"latte, burro, burro fuso","Profumo di latte, burro e burro fuso.",4,22162,
Profumo::dado glutammato molto forte e spiacevole,Profumo,"Dado, glutammato molto forte e spiacevole",Profumo di dado con sentori di glutammato molto intenso e spiacevole.,4,1434,
Profumo::siero acido intensità medio alta,Profumo,siero acido intensità medio alta,Profumo di siero acido con intensità medio-alta.,4,9245,
Profumo::fruttato panna e burro fresco,Profumo,Fruttato panna e burro fresco,Profumo fruttato con note di panna e burro fresco.,4,18264,
Profumo::teli sporchi,Profumo,Teli sporchi,Profumo di stalla.,4,50449,
Profumo::fruttato mela( crosta,Profumo,"fruttato mela(, crosta",Profumo fruttato di mela.,4,21618,
Profumo::note forti tostate e emmenthal/grana,Profumo,note forti tostate e emmenthal/grana,Profumo con note forti tostate e di grana.,4,40247,
Profumo::mela e pesca forti,Profumo,Mela e pesca forti!,Profumo intenso di mela e pesca.,10,1952,
Profumo::banana,Profumo,Banana,Profumo di banana.,4,51688,
Profumo::difettoso cipolla sgradevole,Profumo,difettoso cipolla sgradevole,Profumo di cipolla sgradevole.,4,27773,
Profumo::burro fuso panna burro,Profumo,"burro fuso,panna, burro",Profumo di burro fuso e panna.,4,40243,
Profumo::panna&burro,Profumo,panna&burro,Profumo di panna e burro.,4,18719,
Profumo::elegante kiwi,Profumo,Elegante... Kiwi,Note olfattive di kiwi.,4,989,
Profumo::leggero odore di stalla,Profumo,leggero odore di stalla,Profumo leggero di stalla.,4,25586,
Profumo::peccato lieve nota bruciara,Profumo,Peccato lieve nota bruciara,Profumo con lieve nota bruciata.,4,4249,
Profumo::in qualche pezzo note aspre di fermentato negative in altri no,Profumo,"in qualche pezzo note aspre, di fermentato, negative, in altri no",Profumo con note aspre e di fermentato in alcuni punti.,4,20109,
Profumo::vegetale e latte cotto,Profumo,vegetale e latte cotto,Profumo vegetale e di latte cotto.,4,24149,
Profumo::aggressivo non piacevole,Profumo,Aggressivo non piacevole,Profumo aggressivo.,4,3858,
Profumo::leggermente di stalla,Profumo,leggermente di stalla,Profumo leggermente di stalla.,4,42571,
Profumo::buona intensità' non grande la complessita' tostato,Profumo,"Buona intensità', non grande la complessita'. tostato","Profumo tostato con buona intensità, poco complesso.",2,46626,
Profumo::fieno tostato nocciola,Profumo,"fieno, tostato, nocciola","Profumo di fieno, tostato e nocciola.",4,31752,
Profumo::panna burro crudo,Profumo,"panna, burro crudo",Profumo di panna e burro fresco.,4,47190,
Profumo::tostato forte,Profumo,tostato forte,Profumo tostato forte.,4,34364,
Profumo::un poco pungente note lattiche,Profumo,un poco- pungente note lattiche,Profumo poco pungente con note lattiche.,4,47470,
Profumo::fermentato deciso dolciastro solo allo spezzarsi dei pezzi,Profumo,"Fermentato deciso, dolciastro, solo allo spezzarsi dei pezzi","Profumo di fermentato deciso e dolciastro, percepibile allo spezzarsi dei pezzi.",4,15489,
Profumo::intensità' moderata semtori di panna latte intero burro sciolto lieve tostato,Profumo,"intensità' moderata. semtori di panna, latte intero, burro sciolto. lieve tostato","Profumo di intensità moderata con sentori di panna, latte intero e burro sciolto, leggermente tostato.",4,47524,
Profumo::latte panna burro fresco crudo nocciola leggero,Profumo,"latte, panna, burro fresco crudo. Nocciola leggero","Profumo di latte, panna e burro fresco con sentore leggero di nocciola.",4,36886,
Profumo::bel naso da grana con leggera tostatura,Profumo,bel naso da grana con leggera tostatura...,Profumo da grana con leggera tostatura.,4,35743,
Profumo::rancido moderato spezziato moderato,Profumo,rancido MODERATO;spezziato MODERATO,Profumo moderatamente rancido e speziato.,4,27845,
Profumo::leggero fermentato,Profumo,leggero fermentato,Profumo leggermente fermentato.,8,25969,
Profumo::in un pezzo odore negativo deciso mentre negli altri prevalgono i lattici,Profumo,"In un pezzo odore negativo deciso, mentre negli altri prevalgono i lattici","Profumo con odore negativo deciso in alcune zone, mentre in altre prevalgono le note lattiche.",4,27426,
Profumo::panna e burro,Profumo,panna e burro,Profumo di panna e burro.,12,5544,
Profumo::intenso con note leggermente tostate burro e form fuso,Profumo,"intenso con note leggermente tostate, burro e form.fuso","Profumo intenso con note leggermente tostate, burro e formaggio fuso.",4,36888,
Profumo::poco intenso e complesso burro fuso lieve nota di stantio,Profumo,"poco intenso e complesso, burro fuso, lieve nota di stantio",Profumo poco intenso e complesso di burro fuso con lieve nota di stantio.,4,21614,
Profumo::burro un poco acido,Profumo,burro;un poco- acido,Profumo di burro con un poco di acido.,4,11313,
Profumo::poco caratteristico frutta fermentata acqua stagnante,Profumo,"poco caratteristico, frutta fermentata, acqua stagnante","Profumo di frutta fermentata e acqua stagnante, poco caratteristico.",4,18338,
Profumo::soprattutto uovo sodo zolfo,Profumo,"Soprattutto uovo sodo, zolfo",Profumo di uovo sodo e zolfo.,4,50303,
Profumo::intensità leggera poco complesso panna e burro stop,Profumo,Intensità leggera. Poco complesso. Panna e burro. Stop,"Profumo leggero di panna e burro, poco complesso.",4,49184,
Profumo::sembra più vecchio,Profumo,Sembra più vecchio,NON_DESCRITTO,4,48661,
Profumo::burro msciolto panna fresca fruttato e pane tostato,Profumo,"burro msciolto, panna fresca, fruttato e pane tostato","Profumo di burro sciolto, panna fresca, note fruttate e pane tostato.",4,41422,
Profumo::latto cotto burro tostato,Profumo,Latto cotto burro tostato,"Profumo di latte cotto, burro e tostatura.",4,5767,
Profumo::solo una porzione su 4 è fortemente negativa,Profumo,Solo una porzione su 4 è fortemente negativa,NON_DESCRITTO,4,49881,
Profumo::note lattiche bruciate comunque non mancano le note caratteristiche,Profumo,"note lattiche bruciate, comunque non mancano le note caratteristiche",Profumo di note lattiche bruciate con sentori caratteristici.,4,35439,
Profumo::latte burro fuso burro,Profumo,"latte, burro fuso, burro",Profumo di latte e burro fuso.,4,21798,
Profumo::intensità' moderata sentori lattei burro poca panna tostato crosta,Profumo,"intensità' moderata. sentori lattei, burro, poca panna. tostato. crosta","Profumo di intensità moderata con sentori lattei, burro e panna leggermente presente, note di tostato da crosta.",4,5464,
Profumo::latte crudo fruttato,Profumo,latte crudo;fruttato,Profumo di latte crudo con note fruttate.,4,5468,
Profumo::moderato nota non convincente di verdura cotta,Profumo,Moderato. Nota non convincente di verdura cotta,Profumo moderato con nota di verdura cotta.,4,49177,
Profumo::profumo leggero ma positivo,Profumo,profumo leggero ma positivo,Profumo leggero e positivo.,4,15538,
Profumo::non molto intenso crosta di formaggio acqua stagnante pozzo di scarico note del nostrano,Profumo,"non molto intenso, crosta di formaggio, acqua stagnante, pozzo di scarico, note del nostrano","Profumo poco intenso di crosta di formaggio e acqua stagnante, con note del nostrano.",4,42710,
Profumo::un poco' piatto poco complesso,Profumo,"Un poco' piatto, poco complesso",Profumo poco complesso e piatto.,4,48689,
Profumo::latte nocciola leggera tostatura,Profumo,"latte, nocciola, leggera tostatura",Profumo di latte e nocciola con leggera tostatura.,4,11318,
Profumo::grana tipico nocciola e burro,Profumo,"grana tipico, nocciola e burro",Profumo di nocciola e burro.,4,35683,
Profumo::pozzo acqua stagnante,Profumo,"Pozzo, acqua stagnante",Profumo di pozzo e acqua stagnante.,4,50413,
Profumo::vegetale balsamico eucalipto,Profumo,vegetale balsamico eucalipto?,"Note olfattive vegetali, balsamiche e di eucalipto.",4,21708,
Profumo::leggere di teli sporchi,Profumo,leggere di teli sporchi,Profumo leggermente di teli sporchi.,4,22163,
Profumo::burro fuso e panna,Profumo,burro fuso e panna,Profumo di burro fuso e panna.,4,33749,
Profumo::leggermente fermentato,Profumo,leggermente fermentato,Profumo leggermente fermentato.,4,44614,
Profumo::note positive ma tostatura leggerm invadente,Profumo,note positive ma tostatura leggerm invadente,Profumo con note positive ma tostatura leggermente invadente.,2,46213,
Profumo::latte fresco frutta tropicale,Profumo,latte fresco frutta tropicale,Profumo di latte fresco con note di frutta tropicale.,4,44618,
Profumo::tostato bruciato (caffe ) vegetali cotti,Profumo,tostato bruciato (caffe?) vegetali cotti,Profumo di tostato e bruciato con note di caffè e vegetali cotti.,4,6000,
Profumo::burro floreale burro fuso poco latte,Profumo,"burro, floreale,burro fuso poco,latte","Profumo di burro e latte con note floreali, poco burro fuso.",4,22253,
Profumo::spezzando un pezzo no percepito un leggero odore di cipolla,Profumo,Spezzando un pezzo no percepito un leggero odore di cipolla,Profumo leggermente cipollato.,4,4780,
Profumo::leggero all inizio di sporco,Profumo,leggero all-inizio di sporco,Profumo leggero all'inizio con sentore di sporco.,2,46624,
Profumo::intensità' moderata crosta brodo veetale una nota animale appena sentito poi sfuma,Profumo,"intensità' moderata. crosta, brodo veetale. una nota animale appena sentito poi sfuma","Profumo di moderata intensità con note di crosta e brodo vegetale, sentore animale che sfuma.",4,33597,
Profumo::brodo vegertale latte burro,Profumo,brodo vegertale;latte;burro,"Profumo di brodo vegetale, latte e burro.",4,17333,
Profumo::verdura lessa,Profumo,verdura lessa,Profumo di verdura lessa.,4,22349,
Profumo::peccato perla leggera nota animale,Profumo,"Peccato perla leggera nota animale,,",Profumo con leggera nota animale.,4,51188,
Profumo::latte uht burro fuso panna lieve tostatura,Profumo,"latte uht, burro fuso, panna, lieve tostatura","Profumo di latte uht, burro fuso e panna con lieve tostatura.",4,12852,
Profumo::decismente ossidato quasi rancido,Profumo,"decismente ossidato, quasi rancido","Profumo decisamente ossidato, quasi rancido.",4,23874,
Profumo::molto diverso alle apertura e spezzando i pezzi fresco prima più stagionato poi,Profumo,"Molto diverso alle apertura e spezzando i pezzi. Fresco prima, più stagionato poi","Profumo fresco all'apertura, più stagionato spezzando i pezzi.",4,4096,
Profumo::solvente ___(,Profumo,solvente ___(,Profumo di solvente.,4,18874,
Profumo::delicato leggero sentore di cotto,Profumo,"delicato, leggero sentore di cotto",Profumo delicato con leggero sentore di cotto.,4,23803,
Profumo::intensità buona burro cotto panna leggero tostato,Profumo,Intensità buona. burro cotto. panna leggero. tostato,"Profumo di burro cotto, panna leggera e tostato, con intensità buona.",4,9919,
Profumo::cotti prevalenti quasi caffellatte,Profumo,"cotti prevalenti, quasi caffellatte",Profumo di cotti prevalenti con nota di caffellatte.,4,41308,
Profumo::frutta verdura lessa,Profumo,"frutta , verdura lessa",Profumo di frutta e verdura lessa.,4,7465,
Profumo::burro e panna leggero brodo,Profumo,"burro e panna, leggero brodo",Profumo di burro e panna con leggero brodo.,4,42706,
Profumo::leggero d intensità crosta cotto,Profumo,"leggero d-intensità. Crosta, cotto",Profumo leggero di crosta e cotto.,4,21622,
Profumo::leggero poco percettibile,Profumo,leggero poco percettibile,Profumo leggero e poco percettibile.,8,7848,
Profumo::burro fuso burro leggera crosta pungente,Profumo,"burro fuso, burro, leggera crosta pungente",Profumo di burro fuso con leggera nota pungente di crosta.,4,25503,
Profumo::latte cotto leggero,Profumo,latte cotto leggero,Profumo di latte cotto leggero.,4,13697,
Profumo::intenso ed equilibrato forse prevalenza tostatura,Profumo,"intenso ed equilibrato, forse prevalenza tostatura...",Profumo intenso ed equilibrato con prevalenza di tostatura.,4,26127,
Profumo::lattico cotto burro ve leggero tostato,Profumo,"lattico cotto, burro ve leggero tostato","Profumo di lattico cotto, burro fresco leggero e tostato.",4,21803,
Profumo::intenso fruttato e nocciola latte,Profumo,intenso fruttato.. e nocciola-latte,Profumo intenso fruttato con note di nocciola e latte.,4,11528,
Profumo::leggero e non complesso,Profumo,Leggero e non complesso,Profumo leggero e poco complesso.,4,4779,
Profumo::fruttato ananas,Profumo,fruttato ananas,Profumo fruttato di ananas.,10,13762,
Profumo::leggero odore di insilato,Profumo,leggero odore di insilato,Profumo leggermente di insilato.,4,26125,
Profumo::fum[ nocciola frytta matura,Profumo,"fum[, nocciola, frytta matura","Profumo di fumo, nocciola e frutta matura.",4,32291,
Profumo::all’apertura più evidente od sgradevole,Profumo,All’apertura più evidente od sgradevole,Profumo all'apertura evidente e sgradevole.,4,50519,
Profumo::difetti e pregi che si annullano,Profumo,difetti e pregi che si annullano,NON_DESCRITTO,4,26051,
Profumo::lattico cotto tostato e verdure lesse,Profumo,lattico cotto tostato e verdure lesse,"Profumo di lattico cotto, tostato e verdure lesse.",4,21712,
Profumo::buona intensità latte intero fresco panna burro,Profumo,"buona intensità. latte intero fresco, panna. burro","Profumo di latte intero fresco, panna e burro con buona intensità.",4,23870,
Profumo::peccato per sfumatura di bruciato,Profumo,Peccato per sfumatura di bruciato,Profumo con sfumatura di bruciato.,4,2576,
Profumo::y0gurth,Profumo,Y0gurth,NON_DESCRITTO,8,49749,
Profumo::intenso positivo tranne su un pezzetto leggermente fermentato,Profumo,intenso positivo tranne su un pezzetto leggermente fermentato,"Profumo intenso, leggermente fermentato su un pezzetto.",4,44278,
Profumo::ok ma molto leggero,Profumo,Ok ma molto leggero,Profumo molto leggero.,4,48493,
Profumo::nota di brodo vegetale,Profumo,nota di brodo vegetale,Profumo di brodo vegetale.,4,40384,
Profumo::intenso grana e formaggio fuso,Profumo,intenso grana e formaggio fuso,Profumo intenso di grana e formaggio fuso.,4,7312,
Profumo::panna prevalente,Profumo,panna prevalente,Profumo di panna prevalente.,4,22352,
Profumo::3 su 4 panna verdura lessa dolciastra leggero fermentato in 1 pezzo odore di marcio,Profumo,"3 su 4 panna, verdura lessa dolciastra, leggero fermentato, in 1 pezzo odore di marcio","Profumo di panna, verdura lessa dolciastra e leggero fermentato; in un'area odore di marcio.",4,33676,
Profumo::non molto buono come impatto iniziale,Profumo,Non molto buono come impatto iniziale,NON_DESCRITTO,4,2347,
Profumo::intensità' moderata un pochetto di panna latte cotto pane burro sciolto fieno lieve ma complesso,Profumo,intensità' moderata. un pochetto di panna. latte cotto. Pane. burro sciolto. Fieno. lieve ma complesso,"Profumo di moderata intensità con note di panna, latte cotto, pane, burro sciolto e fieno, lieve ma complesso.",4,33674,
Profumo::profumo anomalo alla prima occasione fa diminuire i voto,Profumo,Profumo anomalo alla prima occasione fa diminuire i voto,Profumo anomalo all'apertura.,10,1959,
Profumo::latte e panna intensità medio alta,Profumo,latte e panna intensità medio alta,Profumo di latte e panna con intensità medio-alta.,4,41079,
Profumo::burro sciolto e cotto latte cotto tostatura,Profumo,"Burro sciolto e cotto, latte cotto. tostatura.",Profumo di burro sciolto e cotto con latte cotto e note di tostatura.,4,37222,
Profumo::cotto,Profumo,cotto,Profumo cotto.,24,11451,
Profumo::bruciato crosta,Profumo,"bruciato, crosta",Profumo di bruciato e crosta.,4,27351,
Profumo::odore leggero di stantio,Profumo,odore leggero di stantio,Profumo leggermente stantio.,8,29099,
Profumo::sentore di fieno greco,Profumo,Sentore di fieno greco,Profumo di fieno greco.,4,48760,
Profumo::burro e burro fuso latte fresco,Profumo,"burro e burro fuso, latte fresco",Profumo di burro e burro fuso con latte fresco.,2,46207,
Profumo::crosta secco legno fieno,Profumo,"crosta. secco, legno, fieno","Profumo di crosta con note di secco, legno e fieno.",4,44783,
Profumo::grana tipico leggermente tostato,Profumo,grana tipico leggermente tostato,Profumo di grana leggermente tostato.,4,40317,
Profumo::stalla marcio fermentato,Profumo,"stalla, marcio, fermentato","Profumo di stalla, marcio e fermentato.",4,27770,
Profumo::note negative marcio fermentato,Profumo,"note negative, marcio, fermentato",Profumo fermentato con note negative e di marcio.,4,20361,
Profumo::grana intenso con tostatura e note florali miele,Profumo,"grana intenso con tostatura e note florali, miele","Profumo intenso di grana con tostatura, note floreali e miele.",4,21801,
Profumo::panna e burro fuso,Profumo,panna e burro fuso,Profumo di panna e burro fuso.,4,9322,
Profumo::caratteristico ma di medio equilibrio panna burro fuso brodo di pollo,Profumo,"caratteristico ma di medio equilibrio, panna, burro fuso, brodo di pollo","Profumo di panna, burro fuso e brodo di pollo, di medio equilibrio.",4,30572,
Profumo::leggero non complesso poche note fresche più\ cotto e crosta tostato,Profumo,leggero. non complesso. poche note fresche. più\ cotto e crosta. tostato,"Profumo leggero e poco complesso con poche note fresche, prevalentemente di cotto, crosta e tostato.",4,5926,
Profumo::principlamente vegetale cotto segue panna e burro fuso,Profumo,"principlamente vegetale cotto, segue panna e burro fuso","Profumo principalmente vegetale cotto, con note di panna e burro fuso.",4,23807,
Profumo::panna fresca sentori lattici e verdure lesse,Profumo,Panna fresca sentori lattici e verdure lesse,Profumo di panna fresca con sentori lattici e verdure lesse.,4,12859,
Profumo::brodo burro,Profumo,"brodo, burro",Profumo di brodo e burro.,4,22353,
Profumo::crosta cotto,Profumo,"crosta, cotto",Profumo di crosta e cotto.,4,21625,
Profumo::latte panna brodo vegetale,Profumo,latte;panna;brodo vegetale;,"Profumo di latte, panna e brodo vegetale.",4,24221,
Profumo::profumo equilibrato di panna e latte cotto,Profumo,profumo equilibrato di panna e latte cotto,Profumo equilibrato di panna e latte cotto.,4,24223,
Profumo::burro fuso e tostato,Profumo,burro fuso e tostato,Profumo di burro fuso e tostato.,4,35807,
Profumo::latticini freschi leggero erbaceo,Profumo,latticini freschi leggero erbaceo,Profumo di latticini freschi con note erbacee leggere.,4,32211,
Profumo::burro e formaggio cotto,Profumo,burro e formaggio cotto,Profumo di burro e formaggio cotto.,4,11316,
Profumo::burro fresco debole,Profumo,"burro fresco, debole","Profumo di burro fresco, debole.",4,33832,
Profumo::latte cotto forte latte bruciato e stalla moderato,Profumo,latte cotto forte;latte bruciato e stalla moderato,Profumo di latte cotto forte con note di latte bruciato e stalla di intensità moderata.,4,11520,
Profumo::su uno dei pezzi note di ossidato,Profumo,"Su uno dei pezzi, note di ossidato",Profumo di ossidato su uno dei pezzi.,8,49752,
Profumo::dolce,Profumo,Dolce,Profumo dolce.,4,49480,
Profumo::piatto poco complesso nota lattica burro fuso nota fruttata,Profumo,"piatto, poco complesso, nota lattica burro fuso, nota fruttata","Profumo piatto, poco complesso, con nota lattica di burro fuso e nota fruttata.",4,12857,
Profumo::intenso equilibrato e da grana tipico,Profumo,"intenso, equilibrato e da grana tipico","Profumo intenso ed equilibrato, tipico della grana.",4,13691,
Profumo::latte acidino,Profumo,latte acidino,Profumo di latte acidino.,4,7311,
Profumo::note di burro e panna,Profumo,note di burro e panna,Profumo di burro e panna.,4,42849,
Profumo::sentore da stalla iniziale che poi sparisce,Profumo,Sentore da stalla iniziale...che poi sparisce,"Profumo di stalla all'apertura, che svanisce.",4,1272,
Profumo::fieno crosta di formaggio e grana,Profumo,"fieno, crosta di formaggio e grana","Profumo di fieno, crosta di formaggio e grana.",4,9332,
Profumo::odssidato,Profumo,odssidato,Profumo ossidato.,4,17337,
Profumo::panna e burro fresco fruttato e leggero tostato,Profumo,"panna e burro fresco, fruttato e leggero tostato",Profumo di panna e burro fresco con note fruttate e leggero tostato.,4,47186,
Profumo::leggermente fieno,Profumo,leggermente fieno,Profumo leggermente di fieno.,4,35561,
Profumo::leggero sentori maturi cotti tostarti poco fresco,Profumo,"leggero. sentori maturi, cotti tostarti. poco fresco","Profumo leggero con sentori maturi, cotti e tostati, poco fresco.",4,7854,
Profumo::assenza di odori negativi abbastanza intenso e positivo,Profumo,assenza di odori negativi abbastanza intenso e positivo,"Profumo abbastanza intenso e positivo, senza odori negativi.",4,34368,
Profumo::ananas e pompelmo,Profumo,Ananas e pompelmo,Profumo di ananas e pompelmo.,4,48768,
Profumo::troppo debole per valutare con sicurezza,Profumo,Troppo debole per valutare con sicurezza,Profumo molto debole.,4,3849,
Profumo::prevale il probumo di formaggio grigliato e tostato segue panna latte cotto e burro fuso,Profumo,"Prevale il probumo di formaggio grigliato e tostato, segue panna, latte cotto e burro fuso","Profumo di formaggio tostato con note di panna, latte cotto e burro fuso.",4,15486,
Profumo::fungo muffa,Profumo,fungo;muffa,Profumo di fungo e muffa.,4,40239,
Profumo::panna scaldata,Profumo,panna scaldata,Profumo di panna scaldata.,4,35748,
Profumo::latte cotto,Profumo,latte cotto,Profumo di latte cotto.,26,11454,
Profumo::leggermente pungente un poco chiusolegg insilato,Profumo,leggermente pungente un poco chiusolegg insilato;,"Profumo leggermente pungente, poco chiuso, con sentori di insilato.",4,40318,
Profumo::lattico dominante burro fuso burro cotto nota di brodo poco complesso ma abbastanza intenso,Profumo,"lattico dominante, burro fuso, burro cotto, nota di brodo, poco complesso ma abbastanza intenso","Profumo lattico dominante con burro fuso, burro cotto e nota di brodo, poco complesso ma abbastanza intenso.",4,40246,
Profumo::all apertura del barattolino profumo fruttato e vanigliato molto particolare poi alla rottura dei pezzi più panna e lattici freschi uno non cosi buono,Profumo,"all apertura del barattolino profumo fruttato e vanigliato, molto particolare, poi alla rottura dei pezzi più panna e lattici freschi, uno non cosi buono","Profumo fruttato e vanigliato all'apertura, con note di panna e lattico fresco alla rottura dei pezzi.",4,21806,
Profumo::polvere anche,Profumo,"Polvere anche,,,",Profumo di polvere.,4,50893,
Profumo::intrigante,Profumo,Intrigante,NON_DESCRITTO,4,51216,
Profumo::trovo del brodo vegetale su note cotte,Profumo,"trovo del brodo vegetale, su note cotte",Profumo di brodo vegetale su note cotte.,4,22168,
Profumo::leggero di pane lievito,Profumo,leggero di pane lievito,Profumo leggero di pane e lievito.,4,37304,
Profumo::burro fuso formaggio cotto leggermete ossidato,Profumo,"burro fuso, formaggio cotto, leggermete ossidato","Profumo di burro fuso e formaggio cotto, leggermente ossidato.",4,11176,
Profumo::debolissimo,Profumo,Debolissimo,Profumo molto debole.,8,48547,
Profumo::leggero sentore di cotto odore dominante di latte fresco,Profumo,"leggero sentore di cotto, odore dominante di latte fresco",Profumo di latte fresco con leggero sentore di cotto.,4,7855,
Profumo::leggero sentore di ossidato e di erba fermentata,Profumo,leggero sentore di ossidato e di erba fermentata,Profumo leggero di ossidato e di erba fermentata.,4,25583,
Profumo::una botta di taleggio al primo olfatto poi il nulla,Profumo,una botta di taleggio al primo olfatto....poi il nulla,"Profumo di taleggio al primo olfatto, poi molto debole.",4,41473,
Profumo::all'apertura cantina e muffa tostati decisi poi lattici molto stagionati,Profumo,"all'apertura, cantina e muffa, tostati decisi, poi lattici molto stagionati","Profumo all'apertura di cantina e muffa, tostati decisi, poi note lattiche molto stagionate.",4,31904,
Profumo::lievi intensità,Profumo,Lievi intensità,Profumo leggero.,4,871,
Profumo::burro latte leggero sentore di formaggio cotto,Profumo,"burro, latte, leggero sentore di formaggio cotto",Profumo di burro e latte con leggero sentore di formaggio cotto.,4,5922,
Profumo::agrumi (all'apertura),Profumo,Agrumi (all'apertura),Profumo di agrumi all'apertura.,4,2381,
Profumo::poca intensità,Profumo,Poca intensità,Profumo poco intenso.,4,48863,
Profumo::burro fuso cotto crosta e sooidato poco intensi,Profumo,"burro fuso, cotto, crosta e sooidato, poco intensi","Profumo di burro fuso e cotto, con note di crosta e ossidato, poco intensi.",4,23804,
Profumo::poco intenso e poco complesso,Profumo,Poco intenso e poco complesso,Profumo poco intenso e poco complesso.,12,4052,
Profumo::odore sgradevole di fumo e altro che non riesco be a identificare,Profumo,odore sgradevole di fumo e altro che non riesco be a identificare,Profumo di fumo con note non identificate sgradevoli.,4,26048,
Profumo::debole e poco percettibile si sente un sentore di erbaceo e leggero fermentato,Profumo,debole e poco percettibile. Si sente un sentore di erbaceo e leggero fermentato,"Profumo debole e poco percettibile, con sentore di erbaceo e leggero fermentato.",4,42708,
Profumo::vegetale fieno balsamico non spiacevole ma un poco estraneo,Profumo,vegetale fieno balsamico non spiacevole ma un poco estraneo,"Profumo vegetale di fieno e balsamico, leggermente estraneo.",4,33901,
Profumo::peccato per il fondo di bruciato,Profumo,Peccato per il fondo di bruciato,Profumo con fondo di bruciato.,4,5052,
Profumo::media intensità,Profumo,Media intensità,Profumo di intensità moderata.,8,3321,
Profumo::prima olfazione sentore di stalla per il resto latte burro cotti tostato,Profumo,prima olfazione sentore di stalla. per il resto latte burro cotti. tostato,"Profumo con sentore di stalla all'apertura, seguito da note di latte e burro cotti con tostato.",4,27638,
Profumo::all'apertura leggero floreale molto volatile poi lattici cotti e crosta di grana anche difformi fra i pezzi,Profumo,"all'apertura leggero floreale molto volatile, poi lattici cotti e crosta di grana, anche difformi fra i pezzi","Profumo leggero e floreale all'apertura, molto volatile, seguito da note lattiche cotte e di crosta di grana, con variabilità fra i pezzi.",4,24155,
Profumo::mediamente intenso panna burro fuso brodo,Profumo,"mediamente intenso, panna, burro fuso, brodo","Profumo mediamente intenso di panna, burro fuso e brodo.",4,5920,
Profumo::vinilico,Profumo,Vinilico,Profumo vinilico.,4,1482,
Profumo::molto variegati all'apertura e nei singoli pezzi frutta matura e panna ma anche negativi e volatili tipo ammoniaca e fermentato quasi marcio,Profumo,"Molto variegati all'apertura e nei singoli pezzi. Frutta matura e panna, ma anche negativi e volatili, tipo ammoniaca e fermentato, quasi marcio","Profumo variegato all'apertura e nei singoli pezzi, con frutta matura e panna, ma anche note di ammoniaca e fermentato.",4,31827,
Profumo::dicreto buono in 3 pezzi su 4 ma in 1 c'è del marcio putrido,Profumo,"dicreto buono in 3 pezzi su 4, ma in 1 c'è del marcio, putrido",Profumo marcio e putrido in alcune porzioni.,4,33599,
Profumo::frutta matura,Profumo,frutta matura,Profumo di frutta matura.,4,20172,
Profumo::panna burro fuso brodo di carne e fruttato,Profumo,panna burro fuso brodo di carne e fruttato,"Profumo di panna, burro fuso, brodo di carne e fruttato.",4,16724,
Profumo::su note mature mi parve sentire note vegetali anche floreali all inizio,Profumo,"su note mature mi parve sentire note vegetali, anche floreali all-inizio","Profumo con note mature, vegetali e floreali all'inizio.",4,36970,
Profumo::odore chimico tipo colpa o simili,Profumo,Odore chimico tipo colpa o simili,Profumo di tipo chimico.,4,39,
Profumo::impercettibile,Profumo,impercettibile,Profumo impercettibile.,8,7309,
Profumo::strano acetone fiore e solvente,Profumo,"strano.. acetone, fiore e solvente","Profumo di acetone, fiore e solvente.",4,37392,
Profumo::stalla ma solo al primo impatto,Profumo,Stalla ma solo al primo impatto!,Profumo di stalla al primo impatto.,4,4902,
Profumo::grasso di prosciutto crudo,Profumo,Grasso di prosciutto crudo,Profumo di grasso di prosciutto crudo.,4,1416,
Profumo::cavolfiore minestrone verdura,Profumo,"CAVOLFIORE , MINESTRONE VERDURA",Profumo di cavolfiore e verdura di minestrone.,4,36880,
Profumo::yogurt frutta tropicale,Profumo,"yogurt,frutta tropicale",Profumo di yogurt e frutta tropicale.,8,35740,
Profumo::profumo molto delicato quasi impercettibile,Profumo,"profumo molto delicato, quasi impercettibile.","Profumo molto delicato, quasi impercettibile.",4,25660,
Profumo::anche di discreta intensità ma sento una note animale latte cotto e burro cotto,Profumo,"Anche di discreta intensità, ma sento una note animale. Latte cotto e burro cotto","Profumo di latte cotto e burro cotto con nota animale, di discreta intensità.",4,11592,
Profumo::animale letame,Profumo,animale letame,Profumo animale di letame.,4,24289,
Profumo::bruciato,Profumo,bruciato,Profumo di bruciato.,8,32288,
Profumo::nota lattica meno evidente rispetto a quella di brodo che un poco domina,Profumo,"nota lattica meno evidente rispetto a quella di brodo, che un poco domina",Profumo di brodo leggermente dominante rispetto alla nota lattica.,4,22342,
Profumo::pasta cotta,Profumo,pasta cotta,Profumo di pasta cotta.,8,18796,
Profumo::leggermente latte acido,Profumo,leggermente latte acido,Profumo leggermente acido con note lattiche.,4,21617,
Profumo::erbaceo all'apertura poi classici,Profumo,"Erbaceo all'apertura, poi classici","Profumo erbaceo all'apertura, poi note classiche.",4,31750,
Profumo::vegetale cipolla sedano,Profumo,"vegetale, cipolla sedano",Profumo vegetale di cipolla e sedano.,4,42711,
Profumo::nota vegetale di primo naso poi si alleggerisce,Profumo,Nota vegetale di primo naso. Poi si alleggerisce,"Profumo vegetale all'apertura, poi leggermente più delicato.",4,4645,
Profumo::all'apertura anche fieno formaggio cotto crosta di grana latte cotto,Profumo,"All'apertura anche fieno, formaggio cotto, crosta di grana, latte cotto","Profumo di fieno, formaggio cotto, crosta di grana e latte cotto all'apertura.",4,11317,
Profumo::all'apertura negativo (sporco fermentato) poi non si sente,Profumo,all'apertura negativo (sporco fermentato) poi non si sente,"Profumo negativo all'apertura con sentore di fermentato sporco, poi non percettibile.",4,30666,
Profumo::latte brodo di carne,Profumo,latte ;brodo di carne,Profumo di latte e brodo animale.,4,9921,
Profumo::fermentato pungente,Profumo,"fermentato, pungente",Profumo fermentato e pungente.,4,9243,
Profumo::intensità bassa pochissime note lattee fresche il resto è noia,Profumo,intensità bassa. pochissime note lattee fresche. il resto è noia,Profumo poco intenso con pochissime note lattiche fresche.,4,9331,
Profumo::intenso da grana e frutta matura,Profumo,"intenso, da grana e frutta matura",Profumo intenso di grana e frutta matura.,4,18724,
Profumo::molto complesso,Profumo,Molto complesso!,Profumo molto complesso.,10,2024,
Profumo::acidi grassi,Profumo,acidi grassi,Profumo di acidi grassi.,4,41304,
Profumo::leggermente pungente,Profumo,leggermente pungente,Profumo leggermente pungente.,8,33675,
Profumo::note evolute dominanti,Profumo,Note evolute dominanti,Profumo con note evolute dominanti.,4,4622,
Profumo::sentore di grasso animale ossidato (eg salame invecchiato),Profumo,Sentore di grasso animale ossidato (eg: salame invecchiato),Profumo di grasso animale ossidato.,4,50174,
Profumo::brodo di carne panna burro leggero latte acido,Profumo,"brodo di carne, panna, burro leggero latte acido","Profumo di brodo di carne, panna, burro leggero e note lattiche acide.",4,47411,
Profumo::leggeri difetti percepibili,Profumo,leggeri difetti percepibili,Profumo con leggeri difetti percepibili.,4,21623,
Profumo::frutato e lattico fresco (panna burro),Profumo,frutato e lattico fresco (panna burro),Profumo fruttato e lattico fresco con note di panna e burro.,4,47523,
Profumo::pannoso elegante ma moderata intensità,Profumo,"Pannoso, elegante, ma moderata intensità",Profumo elegante con moderata intensità.,4,1790,
Profumo::meido alta con un poco di tostatura per,Profumo,meido alta con un poco di tostatura per;,Profumo di mela con note di tostatura.,4,7928,
Profumo::pane tostato potentissimo,Profumo,Pane tostato potentissimo,Profumo intenso di pane tostato.,4,4726,
Profumo::non percettibile senza odore,Profumo,non percettibile. senza odore,"Profumo impercettibile, senza odore.",4,17336,
Profumo::sentore di fermentato,Profumo,sentore di fermentato,Profumo con sentore di fermentato.,8,16951,
Profumo::intensità leggero moderata bouquet floreale per lopiù anche vegetale molto delicato e elegante particolare,Profumo,"intensità leggero-moderata. Bouquet floreale per lopiù, anche vegetale. Molto delicato e elegante. Particolare","Profumo leggermente moderato con bouquet floreale e vegetale, molto delicato ed elegante.",4,41305,
Profumo::latte crudo panna,Profumo,latte crudo;panna;,Profumo di latte crudo e panna.,4,27427,
Profumo::debole scarno nessun difetto ma pochi pregi tostato cotto,Profumo,"debole, scarno. Nessun difetto ma pochi pregi. Tostato, cotto","Profumo debole e scarno, con note di tostato e cotto.",4,7392,
Profumo::leggera presenza di fungo muffa,Profumo,leggera presenza di fungo-muffa,Profumo con leggera presenza di fungo e muffa.,4,11388,
Profumo::leggero,Profumo,Leggero,Profumo leggero.,72,195,
Profumo::odore salato,Profumo,odore salato,Profumo salato.,4,37393,
Profumo::debole frutta matura,Profumo,debole frutta matura,Profumo debole di frutta matura.,4,47519,
Profumo::latte acido yogurt fermentato panna acida difettoso,Profumo,"latte acido, yogurt, fermentato, panna acida, difettoso","Profumo di latte acido, yogurt, fermentato e panna acida.",4,41309,
Profumo::cipolla minestrone verdura,Profumo,"cipolla, minestrone verdura",Profumo di cipolla e minestrone di verdura.,4,35560,
Profumo::leggero fruttato,Profumo,leggero fruttato,Profumo leggero fruttato.,4,27772,
Profumo::grana kiwi nocciola e tostato,Profumo,"grana, kiwi, nocciola e tostato..","Profumo di grana, kiwi, nocciola e tostato.",4,9920,
Profumo::burro fuso burro floreale,Profumo,"burro fuso, burro, floreale",Profumo di burro fuso e note floreali.,4,44776,
Profumo::stantio passato,Profumo,"stantio, passato",Profumo stantio e passato.,4,32287,
Profumo::frutta latte acido,Profumo,"frutta, latte acido",Profumo di frutta con note di latte acido.,4,33909,
Profumo::intenso da grana,Profumo,intenso da grana...,Profumo intenso di grana.,8,37308,
Profumo::fruttato molto intenso ananas e tropicale,Profumo,fruttato molto intenso ananas e tropicale,Profumo molto intenso di frutta tropicale con note di ananas.,4,9244,
Profumo::buona intensità' profumi maturi burro fusolatte cotto anche un pochetto di tostato e frutta seccasecca,Profumo,"buona intensità'. profumi maturi, burro fusolatte cotto. anche un pochetto di tostato e frutta seccasecca","Profumo di burro fuso e latte cotto con profumi maturi, note di tostato e frutta secca, buona intensità.",4,33828,
Profumo::lieve nota fermentata lattico presente e caratteristico,Profumo,"lieve nota fermentata, lattico presente e caratteristico",Profumo con lieve nota fermentata e nota lattica caratteristica.,4,31905,
Profumo::gradevole di latte cotto e leggera crosta,Profumo,gradevole di latte cotto e leggera crosta,"Profumo di latte cotto e crosta, leggero.",4,36964,
Profumo::polvere pungente,Profumo,"Polvere, pungente","Profumo di polvere, pungente.",4,730,
Profumo::note vegetali e lattiche fresche,Profumo,note vegetali e lattiche fresche,Profumo di note vegetali e lattiche fresche.,4,9918,
Profumo::molto molto tenue,Profumo,Molto molto tenue,Profumo molto tenue.,4,48752,
Profumo::frutta secca intensità media fineo fermentato intensità alta,Profumo,frutta secca intensità media;fineo fermentato intensità alta,Profumo di frutta secca a intensità moderata e note di fieno fermentato intense.,4,23868,
Profumo::vegetale e cotto leggermente bruciato,Profumo,vegetale e cotto leggermente bruciato,Profumo vegetale e cotto leggermente bruciato.,4,27352,
Profumo::latte e panna intensità media,Profumo,latte e panna intensità media,Profumo di latte e panna con intensità moderata.,4,24078,
Profumo::all'apertura odore stagnante poi non si sente,Profumo,All'apertura odore stagnante poi non si sente,"Profumo stagnante all'apertura, poi non percepibile.",4,452,
Profumo::brodo vegetale verdure lesse stantio,Profumo,"brodo vegetale, verdure lesse, stantio","Profumo di brodo vegetale e verdure lesse, leggermente stantio.",4,6001,
Profumo::leggere note bruciate,Profumo,Leggere note bruciate,Profumo con leggere note bruciate.,4,4936,
Profumo::prevalentemente brodo vegetale panna burro e verdure cotte,Profumo,"Prevalentemente brodo vegetale, panna, burro e verdure cotte","Profumo prevalentemente di brodo vegetale, panna, burro e verdure cotte.",4,41478,
Profumo::latte e crema cotti,Profumo,latte e crema cotti,Profumo di latte cotto e crema cotta.,4,16799,
Profumo::burro sciolto e brodo,Profumo,burro sciolto e brodo,Profumo di burro sciolto e brodo.,4,30668,
Profumo::terra animale putrido,Profumo,"terra, animale, putrido,","Profumo di terra e animale, leggermente putrido.",8,29420,
Profumo::al primo olfatto sfumatura non gradevole,Profumo,"Al primo olfatto, sfumatura non gradevole",Profumo con sfumatura non gradevole all'apertura.,4,5074,
Profumo::latte cotto e panna,Profumo,latte cotto e panna,Profumo di latte cotto e panna.,4,30766,
Profumo::quasi nota acetica,Profumo,Quasi nota acetica,Profumo quasi acetico.,4,49923,
Profumo::gradevole di lattico cotto ma un poco leggero,Profumo,gradevole di lattico cotto ma un poco- leggero,"Profumo gradevole di lattico cotto, leggermente leggero.",4,33755,
Profumo::latte burro e frutta matura,Profumo,"latte, burro e frutta matura","Profumo di latte, burro e frutta matura.",4,14111,
Profumo::ananas e caramella mu,Profumo,Ananas e caramella mu,Profumo di ananas e caramello.,4,51127,
Profumo::complesso abbastanza caratteristico ma con note di frutta fermentata molto volatili,Profumo,"complesso, abbastanza caratteristico ma con note di frutta fermentata molto volatili",Profumo complesso con note di frutta fermentata molto volatili.,2,46884,
Profumo::mollica di pane burro cotto,Profumo,"Mollica di pane, burro cotto",Profumo di mollica di pane e burro cotto.,4,3239,
Profumo::paglia,Profumo,Paglia,Profumo di paglia.,8,277,
Profumo::abbastanza intenso,Profumo,Abbastanza intenso,Profumo abbastanza intenso.,4,5124,
Profumo::al primo olfatto odore sgradevole stalla fecale poi dissolve resta comunque povero e maturo,Profumo,"al primo olfatto odore sgradevole, stalla, fecale. poi dissolve. Resta comunque povero e maturo","Profumo di stalla e nota fecale al primo olfatto, poi dissolve; complesso poco sviluppato e maturo.",4,7315,
Profumo::peccato sfumatura bruciata e brodo che ho dimenticato,Profumo,"Peccato sfumatura bruciata e brodo che, ho dimenticato",Profumo con sfumature di bruciato e brodo.,4,1483,
Profumo::brodo vegetale latte cotto,Profumo,brodo vegetale;latte cotto;,Profumo di brodo vegetale e latte cotto.,4,47188,
Profumo::all' apertura plastica bruciata,Profumo,All' apertura plastica bruciata,Profumo di plastica bruciata all'apertura.,4,50717,
Profumo::complesso e piacevole,Profumo,Complesso e piacevole,Profumo complesso e piacevole.,4,465,
Profumo::panna alto,Profumo,panna alto,Profumo di panna intensa.,4,27425,
Profumo::poco intenso e complesso a tratti note di formaggio nostrano scarico,Profumo,"poco intenso e complesso, a tratti note di formaggio nostrano, scarico","Profumo poco intenso e poco complesso, con note di formaggio nostrano, tendente allo scarico.",4,35799,
Profumo::latte cotto moderato fermentato moderato,Profumo,latte cotto moderato;fermentato moderato,"Profumo di latte cotto con nota fermentata, entrambi di intensità moderata.",4,11310,
Profumo::formaggio fritto,Profumo,formaggio fritto;,Profumo di formaggio fritto.,4,5545,
Profumo::latte/panna cotto,Profumo,"latte/panna , cotto",Profumo di latte e panna cotta.,4,5769,
Profumo::leggero caramello,Profumo,leggero caramello,Profumo di caramello leggero.,4,44103,
Profumo::poco complesso,Profumo,Poco complesso,Profumo poco complesso.,8,4250,
Profumo::poco intenso monotono brodo di carne,Profumo,"poco intenso, monotono, brodo di carne","Profumo poco intenso, monotono, di brodo di carne.",4,5535,
Profumo::cavolo cotto,Profumo,Cavolo cotto,Profumo di cavolo cotto.,4,50057,
Profumo::tanta nanna ma nota di formaggio non trentingrana,Profumo,"Tanta nanna, ma nota di formaggio non trentingrana",Profumo di latte cotto con nota di formaggio non trentingrana.,4,1284,
Profumo::fruttato,Profumo,fruttato,Profumo fruttato.,20,7388,
Profumo::frutta ma anche di crosta di formaggio,Profumo,frutta ma anche di crosta di formaggio,Profumo di frutta e crosta di formaggio.,4,9327,
Profumo::povero poco complesso discreta intensità,Profumo,Povero. Poco complesso. Discreta intensità,Profumo poco complesso con discreta intensità.,4,4485,
Profumo::un paio di pezzi profumo verdura lessa,Profumo,un paio di pezzi profumo verdura lessa,Profumo di verdura lessa.,4,7923,
Profumo::intenso complesso equilibrato note di latte cotto e burro cotto lievissima nota di bruciato salvia,Profumo,"intenso, complesso, equilibrato, note di latte cotto e burro cotto, lievissima nota di bruciato, salvia","Profumo intenso, complesso e equilibrato, con note di latte cotto e burro cotto, lievissima nota di bruciato e sentore di salvia.",4,13137,
Profumo::crosta e brodo vegetale,Profumo,crosta e brodo vegetale,Profumo di crosta e brodo vegetale.,4,24222,
Profumo::in negativo animale intensità bassa in positivo latte coto e siero acido intensità alta,Profumo,in negativo animale intensità bassa;;in positivo latte coto e siero acido intensità alta,Profumo con note animali a bassa intensità e latte cotto con siero acido a alta intensità.,4,9329,
Profumo::note pungenti tela bagnata acqua ristagnante,Profumo,"note pungenti, tela bagnata, acqua ristagnante","Profumo con note pungenti, di tela bagnata e acqua ristagnante.",4,30621,
Profumo::intensità bassa,Profumo,Intensità bassa,Profumo poco intenso.,8,192,
Profumo::intensità' appena più' che leggera note lattee mature cotte sentore vegetale leggero,Profumo,"intensità' appena più' che leggera. note lattee mature, cotte. sentore vegetale leggero","Profumo di intensità appena più che leggera con note lattee mature e cotte, sentore vegetale leggero.",4,13132,
Profumo::fermentato intendo alcool,Profumo,Fermentato intendo alcool,Profumo fermentato con note di alcol.,4,1799,
Profumo::correggi fieno non meno 1 ma più 0 2,Profumo,Correggi fieno non meno 1 ma più 0.2,NON_DESCRITTO,4,202,
Profumo::cotto crosta,Profumo,cotto crosta,Profumo di cotto e crosta.,4,32360,
Profumo::kiwi e mela,Profumo,Kiwi e mela,Profumo di kiwi e mela.,10,2182,
Profumo::latte floreale e grana,Profumo,"latte, floreale e grana..","Profumo di latte, con note floreali e di grana.",4,7466,
Profumo::vaniglia sentori molto buoni insieme ad altri non buoni,Profumo,Vaniglia. Sentori molto buoni insieme ad altri non buoni,Profumo di vaniglia con sentori positivi e negativi.,4,2521,
Profumo::grana con leggera tostatura e poche note florali,Profumo,grana con leggera tostatura e poche note florali,Profumo di grana con leggera tostatura e poche note floreali.,4,37476,
Profumo::latte e burro,Profumo,latte e burro,Profumo di latte e burro.,4,42846,
Profumo::tostati caffè cacao latte cotto molto,Profumo,"tostati - caffè, cacao - latte cotto molto,","Profumo di tostati, caffè, cacao e latte cotto molto intenso.",4,27636,
Profumo::burro fuso e crosta di formaggio poco intenso,Profumo,"burro fuso e crosta di formaggio, poco intenso","Profumo di burro fuso e crosta di formaggio, poco intenso.",4,40383,
Profumo::poco intenso caramella mou note di formaggio nostrano,Profumo,"poco intenso, caramella mou, note di formaggio nostrano",Profumo poco intenso con note di caramello e formaggio nostrano.,8,29037,
Profumo::alla prima olfazione odore anomalo di altro formaggio quantomeno,Profumo,"Alla prima olfazione odore anomalo, di altro formaggio quantomeno.",Profumo anomalo alla prima olfazione.,4,692,
Profumo::in più di un pezzo sentore di marcio fermentato cattico putrido,Profumo,"in più di un pezzo sentore di marcio, fermentato cattico, putrido","Profumo con sentore di marcio, fermentato e putrido.",4,5773,
Profumo::molto intenso da grana con leggera tostatura e floreale,Profumo,molto intenso da grana con leggera tostatura e floreale,Profumo molto intenso di grana con leggera tostatura e note floreali.,4,7774,
Profumo::sentore di cotto e ossidato,Profumo,sentore di cotto e ossidato,Profumo di cotto e ossidato.,4,9154,
Profumo::dddddddddd,Profumo,dddddddddd,NON_DESCRITTO,4,16794,
Profumo::chiuso verdura cotta non del tutto positivo,Profumo,chiuso verdura cotta non del tutto positivo,"Profumo chiuso di verdura cotta, non del tutto positivo.",4,30622,
Profumo::mediamente intenso note lattiche presenti ma con profumi che riconducono al floreale e all ossidato note vegetali di paglia,Profumo,"mediamente intenso, note lattiche presenti ma con profumi che riconducono al floreale e all-ossidato, note vegetali di paglia","Profumo mediamente intenso con note lattiche, floreali, ossidato e vegetali di paglia.",4,7845,
Profumo::alcuni pezzi con tostati molto decisi quasi troppo speziati,Profumo,"alcuni pezzi con tostati molto decisi quasi troppo, speziati,",Profumo di tostato deciso con note speziate.,4,36971,
Profumo::confetteria,Profumo,Confetteria,Profumo di confetteria.,14,2192,
Profumo::troppa crosta,Profumo,Troppa crosta,Profumo con prevalenza di crosta.,4,5270,
Profumo::chiuso leggermente ammoniaca,Profumo,chiuso leggermente ammoniaca,Profumo chiuso con leggermente ammoniaca.,4,5543,
Profumo::media intensità profumi tipici abbastanza complesso,Profumo,Media intensità. Profumi tipici. Abbastanza complesso,"Profumo di intensità moderata, abbastanza complesso.",4,49131,
Profumo::cipolla,Profumo,Cipolla,Profumo di cipolla.,4,50168,
Profumo::ruttato latioco cotto e legera nota fermentata,Profumo,"ruttato, latioco cotto e legera nota fermentata","Profumo di burro fuso, latte cotto e leggera nota fermentata.",4,24157,
Profumo::fermentazione percettibile latte cotto e burro sciolto,Profumo,"fermentazione percettibile, latte cotto e burro sciolto",Profumo di fermentazione percettibile con latte cotto e burro sciolto.,4,42782,
Profumo::lettiera note animali,Profumo,Lettiera note animali,Profumo di lettiera con note animali.,14,2126,
Profumo::crosta cotto verdura lessa,Profumo,"crosta, cotto, verdura lessa",Profumo di crosta cotta con note di verdura lessa.,4,9828,
Profumo::latte cotto burro fuso vegelale secco (fieno) fruttato e poco tostato,Profumo,latte cotto burro fuso vegelale secco (fieno) fruttato e poco tostato,"Profumo di latte cotto, burro fuso, vegetale secco con sentori di fieno, fruttato e poco tostato.",4,23877,
Profumo::iniziale nota tostata segue panna latte cotto e burro fuso,Profumo,"iniziale nota tostata, segue panna latte cotto e burro fuso","Profumo iniziale tostato, seguito da panna cotta e burro fuso.",4,9412,
Profumo::mediamente intenso lieve nota propionica nota di acqua stagnante pozzo,Profumo,"mediamente intenso, lieve nota propionica, nota di acqua stagnante, pozzo",Profumo mediamente intenso con lieve nota propionica e di acqua stagnante.,4,41365,
Profumo::all’inizio ho sentito fumo poi scomparso,Profumo,"All’inizio ho sentito fumo, Poi scomparso","Profumo iniziale di fumo, poi svanito.",4,51669,
Profumo::intenso ma poco caratteristico stantio chiuso catina,Profumo,"intenso ma poco caratteristico, stantio, chiuso, catina","Profumo intenso ma poco caratteristico, leggermente stantio e chiuso.",4,5458,
Profumo::burro sciolto latte panna sentori maturi buona intensità' poco di frutta secca tostata,Profumo,burro sciolto. Latte. panna. sentori maturi. buona intensità'.. poco di frutta secca tostata,"Profumo di burro sciolto e latte con panna, sentori maturi, buona intensità e poco di frutta secca tostata.",4,27358,
Profumo::vegetale erbaceo cotto,Profumo,"vegetale, erbaceo, cotto","Profumo vegetale, erbaceo e cotto.",4,11596,
Profumo::alla apertura soltanto,Profumo,Alla apertura soltanto,Profumo presente all'apertura.,4,48751,
Profumo::alcol,Profumo,Alcol,Profumo di alcol.,8,872,
Profumo::floreale e fruttato fresco pannoso,Profumo,"floreale e fruttato, fresco, pannoso","Profumo floreale e fruttato, fresco.",4,7384,
Profumo::leggermente fruttato ananas(,Profumo,leggermente fruttato ananas(,Profumo leggermente fruttato di ananas.,4,15487,
Profumo::leggerissimo crosta e ossidato,Profumo,leggerissimo crosta e ossidato,Profumo molto leggermente di crosta e ossidato.,4,16875,
Profumo::poco intenso note lattiche scariche burro cotto brodo,Profumo,"poco intenso, note lattiche scariche, burro cotto, brodo","Profumo poco intenso con note lattiche scariche, burro cotto e brodo.",4,37215,
Profumo::leggero sentore di cotto,Profumo,leggero sentore di cotto,Profumo leggero di cotto.,12,12924,
Profumo::crauti,Profumo,Crauti,Profumo di crauti.,34,0,
Profumo::odore di burro fuso con note di tostato e brodo vegetale nell'insieme non del tutto gradevole,Profumo,"odore di burro fuso, con note di tostato e brodo vegetale, nell'insieme non del tutto gradevole",Profumo di burro fuso con note di tostato e brodo vegetale.,4,5999,
Profumo::forte,Profumo,Forte,Profumo forte.,4,38,
Profumo::funghi,Profumo,Funghi,Profumo di funghi.,4,863,
Profumo::vegetale crosta,Profumo,"vegetale, crosta",Profumo vegetale con note di crosta.,4,13763,
Profumo::una porzione penalizza perché di fermentato,Profumo,una porzione penalizza perché di fermentato,Profumo con note di fermentato in una porzione.,4,7468,
Profumo::latte cotto brodo,Profumo,"latte cotto , brodo",Profumo di latte cotto e brodo.,4,27709,
Profumo::brodo di carne,Profumo,brodo di carne,Profumo di brodo di carne.,4,44282,
Profumo::moderato,Profumo,Moderato,Profumo di moderata intensità.,8,1464,
Profumo::molto vegetale,Profumo,Molto vegetale,Profumo molto vegetale.,4,4051,
Profumo::misto di brodo vegetale stalla e ossidato piuttosto intenso,Profumo,"misto di brodo vegetale, stalla e ossidato piuttosto intenso","Profumo di brodo vegetale, stalla e ossidato piuttosto intenso.",4,30620,
Profumo::fruttato burro fuso e latte cotto nota tostata finale,Profumo,"fruttato burro fuso e latte cotto, nota tostata finale",Profumo fruttato di burro fuso e latte cotto con nota tostata finale.,4,9916,
Profumo::cotto e ossidato,Profumo,cotto e ossidato,Profumo cotto e ossidato.,4,31902,
Profumo::latte e brodo,Profumo,latte e brodo,Profumo di latte e brodo.,4,47526,
Profumo::nota animale,Profumo,nota animale,Profumo con nota animale.,4,32207,
Profumo::crosta,Profumo,crosta,Profumo di crosta.,20,13833,
Profumo::burro fuso burro un poco di fieno,Profumo,"burro fuso, burro, un poco di fieno",Profumo di burro fuso con un poco di fieno.,2,46627,
Profumo::leggerissima nota tormentata,Profumo,Leggerissima nota tormentata,Profumo con leggerissima nota tormentata.,4,4439,
Profumo::frutta matura intensità alta,Profumo,frutta matura intensità alta,Profumo di frutta matura con intensità alta.,4,24288,
Profumo::burroso con leggero sentore erbaceo,Profumo,"burroso, con leggero sentore erbaceo",Profumo burroso con leggero sentore erbaceo.,4,35687,
Profumo::fieno,Profumo,fieno,Profumo di fieno.,4,37388,
Profumo::panna burro,Profumo,panna;burro,Profumo di panna e burro.,8,14110,
Profumo::minerale roccia,Profumo,Minerale-roccia,Profumo di minerale e roccia.,4,51197,
Profumo::netto burro fuso e burro,Profumo,"netto, burro fuso, e burro",Profumo netto di burro fuso.,2,46879,
Profumo::sentore di stalla crosta e ossidato,Profumo,"sentore di stalla, crosta e ossidato","Profumo con sentore di stalla, crosta e ossidato.",4,16952,
Profumo::cotti molto speziato tipo pepe animale polveroso crosta vecchia,Profumo,"cotti molto, speziato tipo pepe, animale, polveroso, crosta vecchia","Profumo molto cotto, speziato tipo pepe, animale, polveroso, di crosta vecchia.",2,46295,
Profumo::intensità' media con note da frutta matura e un p di emmenthal non troppo tipico,Profumo,intensità' media con note da frutta matura e un p; di emmenthal non troppo tipico,Profumo di intensità moderata con note di frutta matura e un poco di emmenthal.,4,31829,
Profumo::burro cotto nota di confetto,Profumo,"Burro cotto, nota di confetto",Profumo di burro cotto con nota di confetto.,4,2541,
Profumo::panna e burro fresco ma frutta tropicale frutta fermentata poco caratteristico,Profumo,"panna e burro fresco, ma frutta tropicale, frutta fermentata, poco caratteristico","Profumo di panna e burro fresco con note di frutta tropicale e frutta fermentata, poco caratteristico.",4,18877,
Profumo::fermentato insilato di mais,Profumo,"fermentato, insilato di mais",Profumo fermentato con note di insilato di mais.,4,16872,
Profumo::latte e crema crudi ma leggeri,Profumo,latte e crema crudi ma leggeri,"Profumo di latte e crema crudi, leggeri.",4,16953,
Profumo::all'apertura vegetali intensi poi lattici cotti tostati quasi caffè complessivamente non negativi,Profumo,"all'apertura vegetali intensi, poi lattici cotti, tostati quasi caffè, complessivamente non negativi","Profumo all'apertura con vegetali intensi, seguiti da note lattiche cotte e tostate quasi caffè, complessivamente non negativo.",4,24225,
Profumo::burro fuso crosta,Profumo,"burro fuso, crosta.",Profumo di burro fuso con sentori di crosta.,4,27774,
Profumo::burro fuso formaggio cotto crosta cou una punta di bruciato,Profumo,"burro, fuso, formaggio cotto, crosta cou una punta di bruciato.","Profumo di burro fuso, formaggio cotto e crosta con una punta di bruciato.",4,16721,
Profumo::intenso con note tipiche ed anche da burro,Profumo,intenso con note tipiche ed anche da burro,Profumo intenso con note di burro.,4,40387,
Profumo::nota animale quasi sporca e note aromatiche tipiche dei formaggi svizzeri tipo sbrinz,Profumo,nota animale quasi sporca e note aromatiche tipiche dei formaggi svizzeri tipo sbrinz,Profumo con nota animale e note aromatiche tipiche dei formaggi svizzeri tipo sbrinz.,4,21796,
Profumo::nota blievemente bruciata per iol resto caratteristico,Profumo,"nota blievemente bruciata, per iol resto caratteristico",Profumo leggermente bruciato con carattere gradevole nel complesso.,4,31751,
Profumo::una nota di stalla formaggio cotto tanto e burro discreta l intensità,Profumo,"una nota di stalla, formaggio cotto, tanto, e burro. discreta l-intensità","Profumo di stalla, formaggio cotto e burro con intensità discreta.",4,25664,
Profumo::intenso ma con note da formaggio fritto&crosta,Profumo,intenso ma con note da formaggio fritto&crosta,Profumo intenso con note di formaggio fritto e crosta.,4,36972,
Profumo::tostato,Profumo,Tostato,Profumo tostato.,4,51528,
Profumo::intensità bassa prevalgono profumi erbacei vegetali freschi fors'anche floreali strano bouquet gradevole,Profumo,"intensità bassa. prevalgono profumi erbacei, vegetali freschi, fors'anche floreali. Strano bouquet, gradevole","Profumo di bassa intensità con prevalenza di note erbacee e vegetali freschi, possibili sentori floreali.",4,9247,
Profumo::tostato intensità leggera frutta (ananas) intensità leggera,Profumo,tostato intensità leggera;frutta (ananas) intensità leggera,"Profumo tostato e di frutta con ananas, entrambi di intensità leggera.",4,16945,
Profumo::latte cotto moderato animale moderato/forte,Profumo,latte cotto moderato;animale moderato/forte,Profumo di latte cotto moderato e note animali da moderata a forte.,4,11450,
Profumo::formaggio pronto,Profumo,formaggio pronto,NON_DESCRITTO,4,13130,
Profumo::insilato pungente,Profumo,insilato pungente,Profumo di insilato pungente.,4,27423,
Profumo::note vegetali a tratti anche intense,Profumo,Note vegetali a tratti anche intense,Profumo con note vegetali a tratti intenso.,4,13136,
Profumo::poco intenso e complesso presenti le note caratteristiche ma scarico,Profumo,"poco intenso e complesso, presenti le note caratteristiche ma scarico","Profumo poco intenso e poco complesso, con note caratteristiche ma scariche.",4,32367,
Profumo::abbastanza intenso note di formaggio nostrano lievemente ossidato burro cotto,Profumo,"abbastanza intenso, note di formaggio nostrano, lievemente ossidato, burro cotto",Profumo abbastanza intenso di formaggio nostrano con burro cotto e lieve nota ossidata.,4,18415,
Profumo::prevalenti note di cotto latte cotto panna cotta burro cotto quasi caramello,Profumo,"prevalenti note di cotto, latte cotto, panna cotta, burro cotto, quasi caramello","Profumo di latte cotto, panna cotta e burro cotto con note di caramello.",4,36879,
Profumo::disomogeneo tra le porzioni 2 in positivo latte e panna intensità alta 2 in negativo verdure lesse intensità alta,Profumo,disomogeneo tra le porzioni;2 in positivo latte e panna intensità alta;2 in negativo verdure lesse intensità alta,"Profumo disomogeneo tra le porzioni: latte e panna ad alta intensità nelle aree positive, verdure lesse ad alta intensità nelle aree negative.",4,24148,
Profumo::disomogeneo tra i diversi pezzi da latte acidificato a formaggio stagionato latte cotto intensità moderata,Profumo,disomogeneo tra i diversi pezzi da latte acidificato a formaggio stagionato latte cotto intensità moderata,"Profumo disomogeneo tra i diversi pezzi, da latte acidificato a latte cotto, con intensità moderata.",4,30714,
Profumo::brodo di carne burro e panna tostato,Profumo,brodo di carne burro e panna tostato,"Profumo di brodo di carne, burro e panna con nota tostata.",2,46802,
Profumo::latte cotto formaggio cotto e brodo,Profumo,"latte cotto, formaggio cotto e brodo","Profumo di latte cotto, formaggio cotto e brodo.",4,27849,
Profumo::intenso profumo di panna e latte,Profumo,Intenso profumo di panna e latte,Profumo intenso di panna e latte.,4,16800,
Profumo::note di rancido,Profumo,note di rancido,Profumo con note di rancido.,4,7932,
Profumo::2 porzioni su 4 con leggero odore negativo,Profumo,2 porzioni su 4 con leggero odore negativo,Profumo leggermente negativo in parte del formaggio.,4,22169,
Profumo::kiwi,Profumo,Kiwi...,Note olfattive di kiwi.,12,822,
Profumo::intenso caratteristico burro fuso brodo vegetale secco lieve puzza di tele bagnate,Profumo,"intenso, caratteristico, burro fuso, brodo, vegetale secco, lieve puzza di tele bagnate","Profumo intenso di burro fuso, brodo e vegetale secco con lieve sentore di tele bagnate.",4,18800,
Profumo::muschio,Profumo,Muschio,Profumo di muschio.,4,1008,
Profumo::moderata intensità panna cotto frutta secca anche note vegetali di brodo,Profumo,"moderata intensità. panna, cotto. frutta secca. anche note vegetali di brodo","Profumo di moderata intensità con panna e cotto, note di frutta secca e vegetali di brodo.",4,9415,
Profumo::poco intenso manca tra i commenti,Profumo,Poco intenso manca tra i commenti?,Profumo poco intenso.,4,196,
Profumo::latte leggero burro e crosta di formaggio,Profumo,"latte,leggero burro e crosta di formaggio",Profumo di latte e burro leggero con note di crosta di formaggio.,2,46291,
Profumo::lattici cotti e verdura lessa leggera,Profumo,lattici cotti e verdura lessa leggera,Profumo di lattici cotti e verdura lessa leggermente presente.,4,23805,
Profumo::ossidato e crosta leggeri,Profumo,"ossidato e crosta, leggeri",Profumo leggermente ossidato con note di crosta.,4,9912,
Profumo::burro fresco panna buona intensità,Profumo,"Burro fresco, panna. Buona intensità",Profumo di burro fresco e panna con buona intensità.,4,41137,
Profumo::formaggio fiore leggera tostatura,Profumo,"formaggio, fiore, leggera tostatura",Profumo di formaggio e fiore con leggera tostatura.,2,46885,
Profumo::buona intensità sentori lattei più d'uno,Profumo,"Buona intensità. Sentori lattei , più d'uno",Profumo di buona intensità con sentori lattei múltipli.,4,49497,
Profumo::molto poco intenso,Profumo,Molto poco intenso,Profumo molto poco intenso.,10,2004,
Profumo::burro burro fuso e crosta leggeri,Profumo,"burro, burro fuso e crosta, leggeri","Profumo di burro e burro fuso con note di crosta, leggeri.",4,5768,
Profumo::brodo / tostato bruciato,Profumo,brodo / tostato bruciato,Profumo di brodo con note di tostato bruciato.,4,33748,
Profumo::fievole,Profumo,fievole,Profumo fievole.,4,24150,
Profumo::latte privo di particolari note,Profumo,latte privo di particolari note,Profumo di latte privo di particolari note.,4,35567,
Profumo::crosta formaggio stantio,Profumo,"crosta, formaggio stantio",Profumo di crosta e formaggio stantio.,4,27634,
Profumo::panna e latticini freschi con un poco di vegetale/lessato,Profumo,panna e latticini freschi con un poco- di vegetale/lessato,Profumo di panna e latticini freschi con poco vegetale e lessato.,4,27631,
Profumo::vegetalke cotto burro panna tostato leggero,Profumo,"Vegetalke cotto, burro, panna, tostato leggero","Profumo di vegetale cotto, burro, panna e tostato leggero.",4,5536,
Profumo::intenso ed elegante,Profumo,Intenso ed elegante,Profumo intenso ed elegante.,4,1465,
Profumo::medio moderata intensità panna latte intero burro sciolto poca crosta,Profumo,"medio moderata intensità. Panna, latte intero, burro sciolto. poca crosta","Profumo di panna, latte e burro sciolto con intensità moderata.",4,30618,
Profumo::emmental no difetti ma non tipico,Profumo,emmental no difetti ma non tipico,"Profumo di emmental senza difetti, non tipico.",4,24296,
Profumo::sentore di cotto,Profumo,sentore di cotto,Profumo di cotto.,4,35742,
Profumo::panna cotta,Profumo,Panna cotta,Profumo di panna cotta.,4,50601,
Profumo::animale stallatico,Profumo,animale stallatico,Profumo animale e stallatico.,4,25666,
Profumo::molto intenso da grana e con note florali e leggera tostatura,Profumo,molto intenso da grana e con note florali e leggera tostatura,Profumo molto intenso da grana con note floreali e leggera tostatura.,4,31906,
Profumo::panna leggere fungo,Profumo,panna leggere fungo,Profumo di panna leggera con note di fungo.,4,12851,
Profumo::formaggio cotto e burro fuso,Profumo,formaggio cotto e burro fuso,Profumo di formaggio cotto e burro fuso.,4,16798,
Profumo::burro panna fruttato tostato mallo di noce brodo di carne,Profumo,burro panna fruttato tostato mallo di noce brodo di carne,"Profumo di burro, panna, frutta, tostato, mallo di noce e brodo di carne.",2,46886,
Profumo::leggero non del tutto da grana,Profumo,"leggero, non del tutto da grana","Profumo leggero, non completamente caratteristico di grana.",4,41475,
Profumo::ossidato moderato frutta ananas moderato speziato moderato (tutti questi parmetri hanno un contributo negativo),Profumo,"ossidato MODERATO, frutta: ananas MODERATO, speziato MOderato;(tutti questi parmetri hanno un contributo negativo)",Profumo moderatamente ossidato con note di ananas e speziato.,4,27775,
Profumo::fieno fermentato crosta di grana,Profumo,"fieno fermentato, crosta di grana",Profumo di fieno fermentato e crosta di grana.,4,26123,
Profumo::fermentato un poco' anche marcio,Profumo,"fermentato, un poco' anche marcio",Profumo fermentato con un poco di marcio.,4,27356,
Profumo::elegante cioccolata e anche lievito,Profumo,Elegante! Cioccolata e anche lievito...,Profumo di cioccolata e lievito.,4,2542,
Profumo::panna e burro brodo leggera notaa animale,Profumo,"panna e burro, brodo, leggera notaa animale",Profumo di panna e burro con brodo e leggera nota animale.,4,7778,
Profumo::debole fieno pane poco fresco,Profumo,"debole. fieno, pane. poco fresco","Profumo debole di fieno e pane, poco fresco.",4,31822,
Profumo::fermentato yogurt ne negativi ne positivi,Profumo,"fermentato, yogurt ne negativi ne positivi","Profumo fermentato con note di yogurt, né negative né positive.",4,30763,
Profumo::burro cotto,Profumo,Burro cotto,Profumo di burro cotto.,14,2181,
Profumo::crosta di grana verdura lessa,Profumo,"Crosta di grana, verdura lessa",Profumo di crosta di grana e verdura lessa.,4,12926,
Profumo::note dolciastre con floreale e frutta un pò di grana,Profumo,note dolciastre con floreale e frutta.. un pò di grana!,"Profumo dolciastro con note floreali, fruttato e sentore di grana.",4,9416,
Profumo::intensità' moderata ma qualit' positive ed armoniche,Profumo,"intensità' moderata, ma qualit' positive ed armoniche","Profumo di intensità moderata, armonico e positivo.",4,20357,
Profumo::profumo caratteristico media intensità,Profumo,"Profumo caratteristico, media intensità",Profumo caratteristico a media intensità.,4,18337,
Profumo::leggermente kefir/yogurt ins mais,Profumo,leggermente kefir/yogurt ins mais,Profumo leggermente lattico di kefir e yogurt con nota di mais insilato.,4,35621,
Profumo::leggero moderato tostato lieve cotto,Profumo,leggero-moderato. tostato. lieve cotto,Profumo leggero-moderato con note di tostato e lieve cotto.,4,17332,
Profumo::acre,Profumo,Acre,Profumo acre.,4,49876,
Profumo::intensità medio moderata oltre a note lattee mature c'è qualcosa di vegetale leggero,Profumo,"intensità medio-moderata. oltre a note lattee mature, c'è qualcosa di vegetale leggero",Profumo di intensità moderata con note lattiche mature e sentore vegetale leggero.,4,18871,
Profumo::pungente stagionato,Profumo,pungente stagionato,Profumo pungente di formaggio stagionato.,4,33906,
Profumo::note cotte crosta burro fuso non sento note latte fresche,Profumo,"Note cotte, crosta,burro fuso. non sento note latte fresche","Profumo di note cotte, crosta e burro fuso, senza note lattiche fresche.",4,15541,
Profumo::intensità media all'apertura anche fruttato,Profumo,"Intensità media, all'apertura anche fruttato",Profumo di intensità media con note fruttate all'apertura.,4,18799,
Profumo::burro latte yoguth fumè floreale,Profumo,"burro, latte, yoguth, fumè, floreale...","Profumo di burro, latte, yogurt e note floreali con sentore affumicato.",4,9836,
Profumo::no difetti ma chiuso,Profumo,no difetti ma chiuso,Profumo chiuso.,4,5466,
Profumo::fermentato,Profumo,fermentato,Profumo fermentato.,16,11527,
Profumo::nessu aroma particoare,Profumo,nessu aroma particoare,NON_DESCRITTO,4,27421,
Profumo::profumo molto debole ed inoltre si sente solo odore di formaggio vecchio passato,Profumo,"profumo molto debole ed inoltre si sente solo odore di formaggio vecchio, passato",Profumo molto debole con sentore di formaggio ossidato.,4,27354,
Profumo::tanta nanna e latte ben intenso,Profumo,Tanta nanna e latte. Ben intenso,Profumo intenso di panna e latte.,4,4432,
Profumo::prima olfazione tra animale e stalla,Profumo,Prima olfazione: tra animale e stalla,Profumo tra animale e stalla.,4,49390,
Profumo::stalla insilato non positivo,Profumo,"stalla, insilato non positivo",Profumo di stalla e insilato.,4,32292,
Profumo::profumo intenso latte cotto burro crosta,Profumo,"profumo intenso. latte cotto, burro, crosta","Profumo intenso di latte cotto, burro e crosta.",4,25972,
Profumo::poco complesso e poco intenso,Profumo,Poco complesso e poco intenso,Profumo poco complesso e poco intenso.,4,4038,
Profumo::leggero nessun difetto,Profumo,leggero. nessun difetto,Profumo leggero.,4,42634,
Profumo::panna burro lato cotto leggero tostato,Profumo,Panna burro lato cotto leggero tostato,"Profumo di panna e burro cotto, leggero e tostato.",4,5459,
Profumo::cacao caffè tostato cuoio caramello soprattutto all'apertura del barattolo poi tostati più semplici e lattico cotto leggermente speziato,Profumo,"cacao, caffè, tostato, cuoio, caramello - soprattutto all'apertura del barattolo, poi tostati più semplici e lattico cotto, leggermente speziato","Profumo di cacao, caffè, tostato, cuoio e caramello all'apertura, seguiti da note più semplici di tostato e lattico cotto, leggermente speziato.",4,44700,
Profumo::crosta solo accennata,Profumo,Crosta solo accennata,Profumo con leggero accenno di crosta.,4,5125,
Profumo::fungo,Profumo,fungo,Profumo di fungo.,4,13690,
Profumo::intensità più che moderata,Profumo,Intensità più che moderata,Profumo più che moderatamente intenso.,4,4623,
Profumo::kiwi e bruciato,Profumo,"Kiwi,,,e bruciato?",Note olfattive di kiwi e bruciato.,4,1127,
Profumo::lattico acido yogurt tostato burro fuso,Profumo,lattico acido yogurt tostato burro fuso,"Profumo lattico e acido con note di yogurt, tostato e burro fuso.",4,12929,
Profumo::formaggio cotto latte,Profumo,formaggio cotto;latte,Profumo di formaggio cotto e latte.,4,40382,
Profumo::profumo molto debole,Profumo,profumo molto debole,Profumo molto debole.,4,5925,
Profumo::polvere,Profumo,Polvere,Profumo di polvere.,16,40,
Profumo::grana yogurth intenso,Profumo,"grana, yogurth, intenso..","Profumo di grana e yogurt, intenso.",4,26050,
Profumo::odori solo all’apertura,Profumo,Odori solo all’apertura,Profumo percettibile all'apertura.,4,51122,
Profumo::latte burro grana fieno e nocciola,Profumo,"latte, burro, grana, fieno e nocciola","Profumo di latte, burro, grana, fieno e nocciola.",4,25973,
Profumo::sentori di cotto affumicato lessato,Profumo,"sentori di cotto, affumicato, lessato","Profumo di cotto, affumicato e lessato.",4,31749,
Profumo::sensazione pungente all'apertura poi note vegetali un poco' fermentate un poco' di affumicato lattico cotto,Profumo,"sensazione pungente all'apertura, poi note vegetali un poco' fermentate, un poco' di affumicato, lattico cotto","Profumo pungente all'apertura con note vegetali leggermente fermentate, poco affumicato e lattico cotto.",4,9330,
Profumo::brodo di carna burro fuso e latte cotto leggero sottobosco e tostato,Profumo,"Brodo di carna, burro fuso e latte cotto, leggero sottobosco e tostato","Profumo di brodo di carne, burro fuso e latte cotto con note di sottobosco e tostato.",4,15430,
Profumo::accenno di crosta,Profumo,accenno di crosta,Profumo con accenno di crosta.,4,44275,
Profumo::yoghurt,Profumo,yoghurt,Profumo di yoghurt.,4,16949,
Profumo::pungente,Profumo,Pungente,Profumo pungente.,4,5271,
Profumo::leggero anche qualcosa di vegetale e floreale,Profumo,"leggero, anche qualcosa di vegetale e floreale",Profumo leggero con note vegetali e floreali.,4,26126,
Profumo::ossidato e punta di fermentato,Profumo,ossidato e punta di fermentato,Profumo ossidato con punta di fermentato.,4,41307,
Profumo::salamoia crauti,Profumo,salamoia crauti,Profumo di salamoia e crauti.,4,7393,
Profumo::amido,Profumo,Amido,Profumo di amido.,4,4223,
Profumo::prima olfazione stalla/fecale poiresta una sensazione di tostato pane frutta secca intensità più che moderata ignoro il primo odore sgradevole,Profumo,"prima olfazione: stalla/fecale. poiresta una sensazione di tostato, pane frutta secca. intensità più che moderata, ignoro il primo odore sgradevole","Profumo di stalla all'apertura, seguito da note di tostato, pane e frutta secca, con intensità più che moderata.",4,9835,
Profumo::latte cotto caramello,Profumo,"latte cotto, caramello",Profumo di latte cotto e caramello.,4,33601,
Profumo::positivo di burro e panna leggero sentoee di cotto,Profumo,positivo di burro e panna. leggero sentoee di cotto,Profumo positivo di burro e panna con leggero sentore di cotto.,4,47522,
Profumo::al primo impatto stracci sporchi,Profumo,al primo impatto stracci sporchi,Profumo di stracci sporchi all'apertura.,4,9241,
Profumo::sentore di cotto tostato,Profumo,"sentore di cotto, tostato",Profumo di cotto e tostato.,4,5463,
Profumo::latte acido,Profumo,latte acido,Profumo di latte acido.,12,13760,
Profumo::latte cotto intensità leggera verdure lesse intensità leggera animale intensità leggera,Profumo,latte cotto intensità leggera;verdure lesse intensità leggera;animale intensità leggera,"Profumo di latte cotto, verdure lesse e note animali, tutti a intensità leggera.",4,16714,
Profumo::animale moderato crauti moderato cipolla leggero,Profumo,animale MODERATO;crauti MODERATO;cipolla LEGGERO,"Profumo con note animali e di crauti moderate, leggermente cipolloso.",4,27635,
Profumo::tostatura tyroppo prevalente,Profumo,tostatura tyroppo prevalente,Profumo di tostatura abbastanza prevalente.,4,21619,
Profumo::sentore di panna,Profumo,sentore di panna,Profumo di panna.,4,25971,
Profumo::vegetale e cotto/bruciato,Profumo,vegetale e cotto/bruciato,Profumo vegetale con note di cotto e bruciato.,4,41136,
Profumo::crosta verdure lesse tostato forte,Profumo,"crosta, verdure lesse, tostato forte","Profumo di crosta, verdure lesse e tostato intenso.",4,33902,
Profumo::fruttato intenso (pesca),Profumo,fruttato intenso (pesca),Profumo intenso fruttato con note di pesca.,4,42432,
Profumo::poco intenso,Profumo,Poco intenso,Profumo poco intenso.,40,203,
Profumo::caffè,Profumo,Caffè,Profumo di caffè.,4,48773,
Profumo::intenso vegetale all'apertura poi verdure cotte crosta di grana e formaggio cotto,Profumo,"Intenso vegetale all'apertura, poi verdure cotte, crosta di grana e formaggio cotto","Profumo intenso vegetale all'apertura, seguito da verdure cotte, crosta di grana e formaggio cotto.",4,9162,
Profumo::formaggio fermentato forte,Profumo,formaggio ;fermentato FORTE,Profumo di formaggio fermentato forte.,4,27705,
Profumo::molto pannoso,Profumo,molto pannoso,Profumo molto pannoso.,4,22170,
Profumo::buona intensità sentori lattei anche se poco freschi sentore di latte cotto burro comunque corretto,Profumo,"buona intensità. sentori lattei anche se poco freschi. sentore di latte cotto, burro. comunque corretto","Profumo di buona intensità con sentori lattei e di latte cotto, burro, poco fresco.",4,42704,
Profumo::intenso equilibrato piacevoli note lattiche cotte e di brodo,Profumo,"intenso, equilibrato, piacevoli note lattiche cotte e di brodo",Profumo intenso e equilibrato con note lattiche cotte e di brodo.,4,25579,
Profumo::piuttosto intenso con tostaura anche prevalente,Profumo,piuttosto intenso con tostaura anche prevalente,Profumo piuttosto intenso con note di tostatura prevalente.,4,22347,
Profumo::floreale panna,Profumo,"Floreale, panna",Profumo floreale con note di panna.,8,9414,
Profumo::leggero pane latte anche fresco burro peccato che poco intenso,Profumo,"leggero. pane, latte anche fresco, burro. peccato che poco intenso","Profumo leggero di pane, latte fresco e burro, poco intenso.",4,21804,
Profumo::una porzione ripsetto alle altre ha un profumo di animale,Profumo,una porzione ripsetto alle altre ha un profumo di animale,Profumo di animale in una porzione.,2,46791,
Profumo::da formaggio fresco,Profumo,"da formaggio fresco,",Profumo da formaggio fresco.,4,9911,
Profumo::nota inizialmente nota fermentata frutta fermentata crosta di formaggio formaggio vecchio comunque presente la nota lattica e di glutammato,Profumo,"nota inizialmente nota fermentata, frutta fermentata, crosta di formaggio, formaggio vecchio, comunque presente la nota lattica e di glutammato","Profumo con note fermentate di frutta fermentata, crosta di formaggio e formaggio vecchio, con nota lattica e di glutammato.",4,30670,
Profumo::peccato per bruciato,Profumo,Peccato per bruciato,Profumo leggermente bruciato.,8,731,
Profumo::non tipico da altro formaggio cotto,Profumo,non tipico da altro formaggio cotto,"Profumo non tipico, di altro formaggio cotto.",4,6005,
Profumo::intensità moderata latte sentore cotto poco cuoio,Profumo,intensità moderata. latte. sentore cotto. poco cuoio,"Profumo di latte con sentore cotto, intensità moderata e poco cuoio.",4,18332,
Profumo::stalla al primo impatto poi si apre,Profumo,Stalla al primo impatto poi si apre!!!,"Profumo di stalla all'apertura, poi complesso.",4,5320,
Profumo::vegetale e cotto,Profumo,vegetale e cotto,Profumo vegetale e cotto.,4,24079,
Profumo::delicato frutta tropicale leggermente fermentata,Profumo,"delicato frutta tropicale, leggermente fermentata","Profumo delicato di frutta tropicale, leggermente fermentato.",4,35800,
Profumo::caratteristico abbastanza complesso nite di latte cotto e burro cotto brodo lievissima nota ossidata,Profumo,"caratteristico, abbastanza complesso, nite di latte cotto e burro cotto, brodo, lievissima nota ossidata","Profumo caratteristico e abbastanza complesso, con note di latte cotto e burro cotto, brodo e lievissima nota ossidata.",4,35679,
Profumo::muffa,Profumo,muffa,Profumo di muffa.,4,13830,
Profumo::leggero ma delicatamente delizioso nelle note lattee panna,Profumo,"leggero, ma delicatamente delizioso nelle note lattee, panna",Profumo leggero con delicate note lattiche di panna.,2,46122,
Profumo::latte fresco panna brodo vegetale,Profumo,latte fresco;panna;brodo vegetale,"Profumo di latte fresco, panna e brodo vegetale.",4,5776,
Profumo::molto delicato non ricorda il grana,Profumo,"molto delicato, non ricorda il grana","Profumo molto delicato, non paglierina.",4,24293,
Profumo::latte cotto burro fuso,Profumo,latte cotto;burro fuso;,Profumo di latte cotto e burro fuso.,4,47468,
Profumo::crosta in senso positivo (in precedenza poteva essere positivo o negativo),Profumo,Crosta in senso positivo (in precedenza poteva essere positivo o negativo),NON_DESCRITTO,4,4486,
Profumo::cacao alito da caffè,Profumo,"Cacao, alito da caffè",Profumo di cacao con note di caffè.,4,50169,
Profumo::burro,Profumo,burro,Profumo di burro.,20,5467,
Profumo::leggero fruttato e lattico cotto poco brodo e tostato,Profumo,"leggero fruttato e lattico cotto, poco brodo e tostato","Profumo leggero fruttato e lattico cotto, con poco brodo e tostato.",4,47131,
Profumo::fruttato panna burro fusoe leggero sentore di verdure cotte e pane tostato,Profumo,"fruttato, panna, burro fusoe leggero sentore di verdure cotte e pane tostato","Profumo fruttato con panna, burro fuso e leggero sentore di verdure cotte e pane tostato.",4,24297,
Profumo::profumo leggero,Profumo,profumo leggero,Profumo leggero.,2,46126,
Profumo::brodo leggermente difettoso,Profumo,brodo leggermente difettoso,Profumo di brodo leggermente difettoso.,4,24086,
Profumo::oltre alla panna anche del vegetale lesso,Profumo,"oltre alla panna, anche del vegetale lesso",Profumo di panna con note di vegetale lesso.,8,29484,
Profumo::soprattutto panna burro fuso latte cotto e tostatoleggero,Profumo,"soprattutto panna, burro fuso, latte cotto e tostatoleggero","Profumo di panna, burro fuso, latte cotto e tostato, leggero.",4,15934,
Profumo::non molto intenso nota fruttata oltre a quelle caratteristiche,Profumo,"non molto intenso, nota fruttata oltre a quelle caratteristiche",Profumo non molto intenso con nota fruttata.,4,7922,
Profumo::burro< latte fresco< burro fuso,Profumo,burro< latte fresco< burro fuso,"Profumo di burro e latte fresco, con note di burro fuso.",2,46795,
Profumo::sentore di panna burro,Profumo,"sentore di panna, burro",Profumo di panna e burro.,4,25585,
Profumo::ossidato vecchio,Profumo,"ossidato, vecchio",Profumo ossidato e di formaggio vecchio.,4,42429,
Profumo::gomma bruciata più evidente all’apertura,Profumo,Gomma bruciata più evidente all’apertura,"Profumo di gomma bruciata, più evidente all'apertura.",4,50541,
Profumo::latticini freschi,Profumo,latticini freschi,Profumo di latticini freschi.,4,13135,
Profumo::abbastanza intenso ma poco pulito nota di pozzo di scarico crosta di formaggio,Profumo,"abbastanza intenso ma poco pulito, nota di pozzo di scarico, crosta di formaggio","Profumo abbastanza intenso ma poco pulito, con nota di pozzo di scarico.",4,40386,
Profumo::brodo vegetale,Profumo,brodo vegetale,Profumo di brodo vegetale.,28,18716,
Profumo::crosta leggermente bruciato,Profumo,"crosta, leggermente bruciato",Profumo di crosta con note leggermente bruciate.,4,18873,
Profumo::liquirizia,Profumo,Liquirizia,Note olfattive di liquirizia.,24,704,
Profumo::lieve nota ossidata di cetriolo / cimice per il resto piuttosto piatto,Profumo,"lieve nota ossidata di cetriolo / cimice, per il resto piuttosto piatto","Profumo con lieve nota ossidata di cetriolo e cimice, per il resto piuttosto piatto.",4,35619,
Profumo::leggermente pezze sporche,Profumo,leggermente pezze sporche,Profumo leggermente di stalla.,4,15539,
Profumo::intensità' decisamente scarsa,Profumo,intensità' decisamente scarsa,Profumo molto scarso.,4,44695,
Profumo::panna prevalente segue il vegetale secco e il tostato,Profumo,panna prevalente segue il vegetale secco e il tostato,"Profumo di panna prevalente, seguito da note di vegetale secco e tostato.",4,5921,
Profumo::grana nocciola tostatura,Profumo,"grana, nocciola, tostatura...","Profumo di grana, nocciola e tostatura.",4,18801,
Profumo::totato bruciato fumo leggeri,Profumo,"totato, bruciato, fumo leggeri","Profumo di tostato, bruciato e fumo leggeri.",4,30571,
Profumo::con nota dolce,Profumo,con nota dolce,Profumo con nota dolce.,4,15376,
Profumo::poco intenso burro fuso poco complesso piatto,Profumo,"poco intenso, burro fuso, poco complesso, piatto","Profumo di burro fuso, poco intenso e poco complesso.",4,42850,
Profumo::intensità' non elevata burro latte cotto panna tostato lieve maturo,Profumo,"Intensità' non elevata. Burro, latte cotto. Panna. Tostato lieve. Maturo","Profumo di burro e latte cotto con note di panna e tostato lieve, poco intenso.",4,15597,
Profumo::cotto leggermente ossidato burro fuso,Profumo,"cotto, leggermente ossidato, burro fuso","Profumo di cotto, leggermente ossidato, burro fuso.",4,30718,
Profumo::molto leggero quasi impercettibile leggero sentore di cotto,Profumo,"molto leggero, quasi impercettibile. Leggero sentore di cotto",Profumo molto leggero con leggero sentore di cotto.,4,15370,
Profumo::piatto note lattiche presenti di burro fuso brodo lievi note animali non del tutto pulito,Profumo,"piatto, note lattiche presenti di burro fuso, brodo, lievi note animali, non del tutto pulito","Profumo piatto con note lattiche e di burro fuso, brodo, lievi note animali, non del tutto pulito.",4,18261,
Profumo::salato,Profumo,salato,NON_DESCRITTO,6,20485,
Profumo::crauti acidi,Profumo,Crauti acidi,Profumo di crauti acidi.,4,50687,
Profumo::note fruttate poco caratteristiche mancano i descrittori tipici come il burro fuso il fieno il brodo c [ la panna ed il latte cotto,Profumo,"note fruttate poco caratteristiche, mancano i descrittori tipici come il burro fuso, il fieno, il brodo, c-[ la panna ed il latte cotto","Profumo con note fruttate poco caratteristiche, assenti burro fuso, fieno, brodo, panna e latte cotto.",2,46212,
Profumo::latte kiwi nocciola,Profumo,"latte, kiwi. nocciola","Profumo di latte, kiwi e nocciola.",4,18262,
Profumo::cacao,Profumo,Cacao,Profumo di cacao.,12,48688,
Profumo::molto leggero quasi impercettibile,Profumo,"molto leggero, quasi impercettibile","Profumo molto leggero, quasi impercettibile.",4,37301,
Profumo::verdure lesse,Profumo,verdure lesse,Profumo di verdure lesse.,4,17335,
Profumo::una porzione con percepibili note animali e vegetali,Profumo,una porzione con percepibili note animali e vegetali,Profumo con note animali e vegetali percettibili.,4,33750,
Profumo::non molto intenso,Profumo,Non molto intenso,Profumo poco intenso.,8,4644,
Profumo::latte cotto molto quando si attacca alla padella mou cacao non zuccherato,Profumo,"latte cotto molto, quando si attacca alla padella, mou, cacao non zuccherato,",Profumo di latte cotto intenso con note di cacao non zuccherato.,4,5542,
Profumo::panna latte lievemente cotto burro fresco,Profumo,"panna, latte lievemente cotto, burro fresco,","Profumo di panna, latte lievemente cotto e burro fresco.",2,46127,
Profumo::panna e latte fresco sentore di frutta secca,Profumo,"panna e latte fresco, sentore di frutta secca",Profumo di panna e latte fresco con sentore di frutta secca.,4,35627,
Profumo::sbilanciato sul vegetale e sul brodo di verdura nota lattica presente ma comunque poco intensa,Profumo,"sbilanciato sul vegetale e sul brodo di verdura, nota lattica presente ma comunque poco intensa","Profumo sbilanciato sul vegetale e sul brodo di verdura, con nota lattica poco intensa.",4,35739,
Profumo::formaggio maturo tendente alla sovramaturazione,Profumo,formaggio maturo tendente alla sovramaturazione,Profumo di formaggio maturo tendente alla sovramaturazione.,4,44780,
Profumo::tanto latte burro fresco alla prima occasione odore di altro formaggio fermentato che mi fa penalizzare,Profumo,"Tanto latte, burro fresco. Alla prima occasione odore di altro formaggio, fermentato che mi fa penalizzare.","Profumo di latte e burro fresco, con note di formaggio fermentato.",4,1726,
Profumo::ananas leggero,Profumo,ananas leggero,Profumo di ananas leggero.,4,7927,
Profumo::delicato e floreale latte cotto pane frutta secca tostata leggera,Profumo,"delicato e floreale. latte cotto, pane, frutta secca tostata leggera","Profumo delicato e floreale con note di latte cotto, pane e frutta secca tostata leggera.",4,44195,
Profumo::paglia sporca,Profumo,Paglia sporca,Profumo di paglia sporca.,4,50709,
Profumo::panna e floreale ma un poco stucchevole,Profumo,"panna e floreale, ma un poco stucchevole","Profumo di panna e floreale, leggermente stucchevole.",4,35688,
Profumo::molto buono,Profumo,Molto buono!,NON_DESCRITTO,4,5068,
Profumo::buona intensità tostato cuoio su base lattea,Profumo,"buona intensità . tostato, cuoio su base lattea",Profumo di tostato e cuoio su base lattea con buona intensità.,4,30569,
Profumo::gradevole equilibrato latte cotto burro fuso fieno brodo,Profumo,"gradevole, equilibrato, latte cotto, burro fuso, fieno, brodo","Profumo equilibrato di latte cotto, burro fuso, fieno e brodo.",4,30817,
Profumo::leggero e quasi impercettibile,Profumo,leggero e quasi impercettibile,Profumo leggero e quasi impercettibile.,4,41363,
Profumo::leggera tostatura che prevale,Profumo,leggera tostatura che prevale...,Profumo di leggera tostatura prevalente.,4,13831,
Profumo::formaggio fritto e crosta di formaggio,Profumo,formaggio fritto;e crosta di formaggio,Profumo di formaggio fritto e crosta di formaggio.,4,24151,
Profumo::stalla,Profumo,stalla,Profumo di stalla.,4,18410,
Profumo::ammoniacale e pungente all'apertura,Profumo,ammoniacale e pungente all'apertura,Profumo ammoniacale e pungente all'apertura.,4,20424,
Profumo::odore di acido frutta marcita,Profumo,odore di acido;frutta marcita,Profumo acido con note di frutta marcita.,4,9249,
Profumo::grana mela fruttato e floreale anche,Profumo,"grana, mela-fruttato e floreale anche","Profumo di grana con note fruttate, melate e floreali.",4,11598,
Profumo::burro latte tostato e nocciola,Profumo,"burro, latte, tostato e nocciola","Profumo di burro, latte, tostato e nocciola.",2,46878,
Profumo::intensità notevole,Profumo,Intensità notevole,Profumo intenso.,4,49421,
Profumo::poco armonico nota cotta di formaggio cotto brodo poco caratteristico,Profumo,"poco armonico, nota cotta di formaggio cotto, brodo, poco caratteristico","Profumo poco armonico di formaggio cotto e brodo, poco caratteristico.",4,12927,
Profumo::odore i latticini freschi + e verdura lessata,Profumo,odore i latticini freschi + e verdura lessata -,Profumo di latticini freschi e verdura lessata.,4,25509,
Profumo::profumo debole,Profumo,Profumo debole,Profumo debole.,4,50280,
Profumo::caramella mou burro cotto,Profumo,"caramella mou, burro cotto",Profumo di caramella mou e burro cotto.,4,47127,
Profumo::leggero spunto di stalla e di crosta,Profumo,leggero spunto di stalla e di crosta,Profumo leggero di stalla e crosta.,4,32369,
Profumo::lattico intenso lievi sentori fermentati e animali,Profumo,"lattico, intenso, lievi sentori fermentati e animali",Profumo lattico intenso con lievi sentori fermentati e animali.,4,37299,
Profumo::alle prime operazioni sgradevole odore di grasso animale ossidato,Profumo,Alle prime operazioni sgradevole odore di grasso animale ossidato,Profumo sgradevole di grasso animale ossidato all'apertura.,4,49018,
Profumo::caffè cacao amaro,Profumo,"Caffè,cacao amaro",Profumo di caffè e cacao amaro.,4,49793,
Profumo::intensità' medio bassa note lattee burro latte cotto,Profumo,"intensità' medio bassa. note lattee, burro, latte cotto","Profumo di intensità media-bassa con note lattee, burro e latte cotto.",4,27848,
Profumo::panna,Profumo,panna,Profumo di panna.,68,5538,
Profumo::piacevole,Profumo,Piacevole,NON_DESCRITTO,4,3492,
Profumo::leggero sentore di cotto e ossidato,Profumo,leggero sentore di cotto e ossidato,Profumo leggero di cotto e ossidato.,4,42638,
Profumo::premio la buona intensità' frofumi di latte cotto burro sciolto frutta secca,Profumo,"premio la buona intensità'. frofumi di latte cotto, burro sciolto. frutta secca.","Profumo di latte cotto, burro sciolto e frutta secca, buona intensità.",4,5541,
Profumo::pregi e difetti tendente allo stallatico,Profumo,pregi e difetti...TENDENTE ALLO STALLATICO,Profumo tendente allo stallatico.,4,32282,
Profumo::nota leggermente fermentata,Profumo,Nota leggermente fermentata,Profumo leggermente fermentato.,4,4487,
Profumo::latte cotto formaggio fritto,Profumo,latte cotto;formaggio fritto,Profumo di latte cotto e formaggio fritto.,4,27357,
Profumo::pungente all apertura del tappo frutta molto matura alla rottura panna decisa,Profumo,"pungente all apertura del tappo, frutta molto matura alla rottura, panna decisa","Profumo pungente all'apertura, con note di frutta molto matura e panna decisa.",4,15545,
Profumo::limone ammuffito,Profumo,Limone ammuffito,Profumo di limone ammuffito.,4,48971,
Profumo::odore animale,Profumo,odore animale,Profumo di odore animale.,4,21716,
Profumo::rompendo un paio di pezzi odore più dolciastro e da cavolfiore cotto,Profumo,Rompendo un paio di pezzi odore più dolciastro e da cavolfiore cotto,Profumo dolciastro di cavolfiore cotto.,4,35448,
Profumo::vegetali fermentato,Profumo,vegetali fermentato,Profumo di vegetali fermentati.,4,25589,
Profumo::pecorino,Profumo,Pecorino,Profumo di pecorino.,8,4419,
Profumo::odore iniziale non convincente poi sfuma,Profumo,"Odore iniziale non convincente, poi sfuma","Profumo iniziale poco convincente, poi sfumato.",4,4808,
Profumo::leggero panna,Profumo,leggero panna,Profumo leggero di panna.,8,9913,
Profumo::moderata persistenza dei una senzaione acida e forse un inizio di fermentazione,Profumo,moderata persistenza dei una senzaione acida e forse un inizio di fermentazione,Profumo moderato di acidità con inizio di fermentazione.,2,46634,
Profumo::anche ben complesso ma intensità limitata,Profumo,Anche ben complesso. Ma intensità limitata,Profumo abbastanza complesso con intensità limitata.,4,4060,
Profumo::intensità molto lieve all'apertura anche erba tagliata,Profumo,"Intensità molto lieve, all'apertura anche erba tagliata",Profumo molto lieve con note di erba tagliata all'apertura.,4,18414,
Profumo::vaniglia all’apertura,Profumo,Vaniglia all’apertura,Profumo di vaniglia all'apertura.,4,50765,
Profumo::note floreali su base latte panna e burro freschi lieve tostatura intensità' buona,Profumo,"note floreali su base latte, panna e burro freschi. lieve tostatura. intensità' buona","Profumo di note floreali su base di latte, panna e burro freschi, con lieve tostatura e buona intensità.",4,5772,
Profumo::ottima intensità,Profumo,Ottima intensità,Profumo di buona intensità.,4,206,
Profumo::latte cotto intensità leggero/moderata siero acido intensità leggera,Profumo,latte cotto intensità leggero/moderata;siero acido intensità leggera,Profumo di latte cotto con intensità leggera e note di siero acido.,4,30567,
Profumo::pochi sentori pannosi,Profumo,Pochi sentori pannosi.,Profumo con pochi sentori pannosi.,4,4482,
Profumo::intenso nota fermentata frutta fermentata burro sciolto,Profumo,"intenso, nota fermentata, frutta fermentata, burro sciolto",Profumo intenso di burro sciolto con note fermentate e frutta fermentata.,4,42430,
Profumo::burro fuso burro,Profumo,"burro fuso, burro,",Profumo di burro fuso.,8,21707,
Profumo::buona intensità' latte cotto poca panna pane tostato frutta secca burro fuso,Profumo,"buona intensità';latte cotto, poca panna, pane, tostato, frutta secca, burro fuso","Profumo di latte cotto, pane, tostato e frutta secca con poca panna e burro fuso, buona intensità.",4,20168,
Profumo::all'inizio teli sporchi,Profumo,all'inizio teli sporchi,Profumo di teli sporchi all'inizio.,4,30715,
Profumo::leggero sentore di crosta di formaggio latte acido e panna,Profumo,leggero sentore di crosta di formaggio latte acido e panna,Profumo leggero di crosta di formaggio con sentore di latte acido e panna.,4,42572,
Profumo::cotto e leggero da letame,Profumo,cotto e leggero da letame,Profumo cotto e leggero con sentore di letame.,4,37472,
Profumo::profumi leggeri,Profumo,profumi leggeri,Profumo leggero.,4,5849,
Profumo::moderato poco complesso,Profumo,moderato. poco complesso,"Profumo moderato, poco complesso.",4,20546,
Profumo::difettato odori strani,Profumo,Difettato? Odori strani...,Profumo difettoso e strano.,14,2127,
Profumo::cipolla burro crudo leggero,Profumo,"cipolla, burro crudo leggero",Profumo di cipolla e burro fresco leggermente pronunciato.,4,9915,
Profumo::molto leggera fermentazione,Profumo,molto leggera fermentazione,Profumo di leggera fermentazione.,4,17340,
Profumo::burro fresco molto lattico,Profumo,"Burro fresco, molto lattico",Profumo di burro fresco con note lattiche intense.,4,49379,
Profumo::brodo di carne latte cotto burro fuso nocciola tostato leggereo,Profumo,brodo di carne latte cotto burro fuso nocciola tostato leggereo,"Profumo di brodo di carne, latte cotto, burro fuso, nocciola e tostato.",4,15542,
Profumo::burroso ma con tostatura forte,Profumo,burroso ma con tostatura forte...,Profumo burroso con tostatura forte.,4,35623,
Profumo::croste di polenta,Profumo,Croste di polenta,Profumo di croste di polenta.,4,3322,
Profumo::brodo vegetale formaggio cotto,Profumo,"brodo vegetale , formaggio cotto",Profumo di brodo vegetale e formaggio cotto.,4,40314,
Profumo::panna leggero sentore di brodo,Profumo,"panna, leggero sentore di brodo",Profumo di panna con leggero sentore di brodo.,4,47469,
Profumo::un poco' di verdura lessa,Profumo,un poco' di verdura lessa,Profumo di verdura lessa leggeramente percettibile.,4,41084,
Profumo::predomina l'odore di verdure cotte,Profumo,predomina l'odore di verdure cotte,Profumo di verdure cotte predominante.,4,33908,
Profumo::sentore di crosta e di latte cotto,Profumo,sentore di crosta e di latte cotto,Profumo di crosta e di latte cotto.,4,36881,
Profumo::aroma non molto intenso e complesso quasi una nota di emmental che pero' non considero nel pu nteggio perch[ non sicuro,Profumo,aroma non molto intenso e complesso. quasi una nota di emmental che pero' non considero nel pu nteggio perch[ non sicuro,"Profumo poco intenso e poco complesso, con nota di emmental.",2,46206,
Profumo::intensità' contenuta fogna,Profumo,"intensità' contenuta, fogna",Profumo con intensità contenuta di fogna.,4,47467,
Profumo::all'apertura stagnante,Profumo,All'apertura stagnante,Profumo stagnante all'apertura.,4,3478,
Profumo::profumo di cotto,Profumo,profumo di cotto,Profumo di cotto.,2,46882,
Profumo::niente di particolare,Profumo,niente di particolare,NON_DESCRITTO,4,30669,
Profumo::latte cotto intensità medio bassa,Profumo,latte cotto intensità medio bassa,Profumo di latte cotto con intensità medio-bassa.,4,41415,
Profumo::burro fuso burro spezia,Profumo,"burro fuso, burro, spezia",Profumo di burro fuso con note di spezia.,4,44608,
Profumo::leggero non molto caratterizzato anonimo,Profumo,leggero. non molto caratterizzato. Anonimo,Profumo leggero e poco caratterizzato.,4,37306,
Profumo::burro fiore grana piacevole,Profumo,"burro, fiore, grana ...piacevole",Profumo di burro e fiore con sentore di grana.,2,46297,
Profumo::mediamente intenso latte bruciato lieve pungenza,Profumo,"mediamente intenso, latte bruciato, lieve pungenza",Profumo mediamente intenso di latte bruciato con lieve pungenza.,4,5843,
Profumo::latte cotto intensità leggera,Profumo,latte cotto intensità leggera;,Profumo di latte cotto con intensità leggera.,8,16791,
Profumo::su base lattea dolce qualche nota vegetale brodo intensità medio bassa,Profumo,su base lattea dolce qualche nota vegetale. brodo. intensità medio-bassa,"Profumo su base lattea dolce con note vegetali e di brodo, intensità moderata.",4,24080,
Profumo::ammoniaca solo alla apertura dopo profumo troppo delicato,Profumo,"Ammoniaca solo alla apertura,dopo profumo troppo delicato","Profumo di ammoniaca all'apertura, successivamente delicato.",4,50202,
Profumo::crosta e cotto,Profumo,crosta e cotto,Profumo di crosta e cotto.,4,25663,
Profumo::debole sentore di brodo,Profumo,debole sentore di brodo,Profumo con debole sentore di brodo.,4,24152,
Profumo::leggero senza grandi freschezze panna note vegetali,Profumo,leggero. Senza grandi freschezze. panna. note vegetali,"Profumo leggero di panna con note vegetali, senza grande freschezza.",4,15933,
Profumo::odore pungente da fermentato sgradevole,Profumo,Odore pungente da fermentato. Sgradevole,Profumo pungente da fermentato.,4,3857,
Profumo::leggero ossidato,Profumo,leggero ossidato,Profumo leggermente ossidato.,4,11591,
Profumo::plastica bruciata,Profumo,Plastica bruciata,Profumo di plastica bruciata.,4,50637,
Profumo::burro fuso intensità alta stantio intensità alta,Profumo,burro fuso intensità alta;stantio intensità alta,"Profumo di burro fuso e stantio, entrambi di intensità elevata.",4,9161,
Profumo::frutta tropicale latte acido,Profumo,"frutta tropicale, latte acido",Profumo di frutta tropicale e latte acido.,4,14257,
Profumo::poco profumato poco complesso,Profumo,poco profumato. poco complesso,Profumo poco intenso e poco complesso.,4,32284,
Profumo::intensità iniziale alta ma bouquet non gradevole cuoio brodo verdura cotta,Profumo,"Intensità iniziale alta. Ma bouquet non gradevole: cuoio, brodo, verdura cotta","Profumo intenso all'apertura con note di cuoio, brodo e verdura cotta.",4,49126,
Profumo::tostato pane biscottato biscotto vaniglia intensità' bassa,Profumo,"tostato, pane biscottato, biscotto, vaniglia. intensità' bassa","Profumo di tostato, pane biscottato e vaniglia, intensità bassa.",4,47187,
Profumo::leggero sentore di fermentato insilato,Profumo,"Leggero sentore di fermentato, insilato",Profumo con leggero sentore di fermentato e insilato.,4,9246,
Profumo::verdora cotta non positivo,Profumo,verdora cotta non positivo,Profumo di verdura cotta non positivo.,4,11459,
Profumo::formaggio stagionato brodo latte cotto panna con inensità moderata,Profumo,"formaggio stagionato, brodo, latte cotto, panna con inensità moderata","Profumo di formaggio stagionato, brodo, latte cotto e panna con intensità moderata.",4,30812,
Profumo::intenso e pungente all'apertura poi a tratti fermentato crosta di formaggio disomogeneo nei pezzi,Profumo,"intenso e pungente all'apertura, poi a tratti fermentato, crosta di formaggio, disomogeneo nei pezzi","Profumo intenso e pungente all'apertura, con note fermentate e di crosta di formaggio, disomogeneo nei pezzi.",4,41364,
Profumo::grana tipico tostatura e note anche florali,Profumo,"grana tipico, tostatura e note anche florali",Profumo di grana con tostatura e note floreali.,4,35803,
Profumo::panna molto intensa burro latte fresco tostano fino,Profumo,"panna molto intensa. burro, latte fresco. tostano fino","Profumo di panna molto intenso, con note di burro, latte fresco e tostatura fine.",4,47355,
Profumo::panna e brodo,Profumo,panna e brodo,Profumo di panna e brodo.,4,11524,
Profumo::positivo intenso,Profumo,positivo intenso,Profumo intenso.,8,9239,
Profumo::tendenzialmente positivo difetti assenti,Profumo,tendenzialmente positivo difetti assenti,NON_DESCRITTO,4,27703,
Profumo::un poco di latte fermentato leggero in alcuni pezzi alla rottura,Profumo,un poco di latte fermentato leggero in alcuni pezzi alla rottura,Profumo di latte fermentato leggero in alcuni pezzi alla rottura.,4,22261,
Profumo::poco armonico crosta di formaggio stantio,Profumo,"poco armonico, crosta di formaggio, stantio",Profumo poco armonico di crosta di formaggio e stantio.,2,46296,
Profumo::latte cotto mt delicato,Profumo,latte cotto mt delicato,"Profumo di latte cotto, molto delicato.",4,14187,
Profumo::stalla solo all'inizio poi sparisce,Profumo,Stalla solo all'inizio poi sparisce,"Profumo di stalla all'apertura, che svanisce.",4,1417,
Profumo::sentore di ossidato,Profumo,sentore di ossidato,Profumo con sentore di ossidato.,4,15594,
Profumo::ossidato e crosta,Profumo,ossidato e crosta,Profumo ossidato con note di crosta.,4,24294,
Profumo::burro e panna,Profumo,burro e panna,Profumo di burro e panna.,4,9156,
Profumo::caramella mou latte uht,Profumo,"caramella mou , latte UHT",Profumo di caramella mou e latte UHT.,4,9411,
Profumo::cotto e brodo veg,Profumo,cotto e brodo veg,Profumo di latte cotto e brodo vegetale.,4,11171,
Profumo::cavolo odori più evidenti all’apertura,Profumo,"Cavolo, odori più evidenti all’apertura","Profumo di cavolo, più evidente all'apertura.",4,51353,
Profumo::non buono,Profumo,Non buono,NON_DESCRITTO,4,458,
Profumo::latte acido panna leggero insilato,Profumo,"latte acido, panna leggero insilato","Profumo di latte acido, panna leggera e insilato.",4,47466,
Profumo::non particolarmente intenso piatto note animali e di paglia a tratti di acqua ristagnante,Profumo,"non particolarmente intenso, piatto, note animali e di paglia, a tratti di acqua ristagnante","Profumo non particolarmente intenso, piatto, con note animali e di paglia, a tratti di acqua ristagnante.",4,25656,
Profumo::fruttato mela,Profumo,fruttato mela,Profumo fruttato di mela.,16,29098,
Profumo::caramello,Profumo,Caramello,Profumo di caramello.,8,1435,
Profumo::ci sono comunque sentori positivi come brodo di carne e pane tostato ma il nostrano è molto intenso e caratterizzante,Profumo,Ci sono comunque sentori positivi come brodo di carne e pane tostato ma il NOSTRANO è MOLTO INTENSO e caratterizzante,"Profumo di brodo di carne e pane tostato, con sentore nostrano molto intenso.",4,3540,
Profumo::buona intensità cotto e tostato panna burro sciolto,Profumo,buona intensità. cotto e tostato. panna. burro sciolto,"Profumo di buona intensità con note di cotto, tostato, panna e burro sciolto.",4,42774,
Profumo::tostatura e note polverose,Profumo,tostatura e note polverose,Profumo di tostatura e note polverose.,4,7389,
Profumo::leggero cotto,Profumo,Leggero. cotto.,Profumo leggero di cotto.,8,11312,
Profumo::intensità discreta alla prima olfazione quasi nota animale poi si perde latte uht cotto burro sciolto tostato,Profumo,"intensità discreta. alla prima olfazione quasi nota animale, poi si perde. latte uht. cotto. burro sciolto. tostato","Profumo di intensità discreta con note animali all'apertura, latte cotto, burro sciolto e tostato.",4,24220,
Profumo::fermentazione da clostridium sporogenes,Profumo,Fermentazione da Clostridium sporogenes,Profumo di fermentazione da Clostridium sporogenes.,4,50281,
Profumo::ananas,Profumo,ananas,Profumo di ananas.,4,35620,
Profumo::troppo delicato,Profumo,Troppo delicato,Profumo delicato.,8,49867,
Profumo::vegetale panna,Profumo,vegetale panna,Profumo vegetale con note di panna.,4,20103,
Profumo::intenso lattico cotto e vegetale secco forse lieve nota briciata,Profumo,"intenso, lattico cotto e vegetale secco, forse lieve nota briciata",Profumo intenso di lattico cotto e vegetale secco con lieve nota tostata.,4,22160,
Profumo::latte cotto cipolla,Profumo,"latte cotto, cipolla",Profumo di latte cotto e cipolla.,4,9831,
Profumo::tanti sentori nella categoria panna,Profumo,Tanti sentori nella categoria panna,Profumo con numerosi sentori nella categoria panna.,4,49645,
Profumo::cotto leggermente neg,Profumo,cotto leggermente neg,Profumo leggermente cotto con nota negativa.,4,13696,
Profumo::intensità' lieve,Profumo,intensità' lieve.,Profumo lieve.,4,47132,
Profumo::intensità moderata vegetale burro sciolto latteo,Profumo,intensità moderata. vegetale. . burro sciolto. latteo,"Profumo di burro sciolto con note vegetali e lattee, intensità moderata.",4,16793,
Profumo::intensità moderata pane frutta secca latte poca panna,Profumo,intensità moderata. Pane. frutta secca. latte. poca panna,"Profumo di pane e frutta secca con note lattiche e poca panna, intensità moderata.",4,18794,
Profumo::quasi imperteccibile,Profumo,quasi imperteccibile...,NON_DESCRITTO,4,33672,
Profumo::latte cotto pane bruciato,Profumo,"latte cotto, pane bruciato",Profumo di latte cotto e pane bruciato.,4,17338,
Profumo::lattico dominante burro fresco,Profumo,"Lattico dominante, burro fresco",Profumo lattico dominante con burro fresco.,4,1714,
Profumo::delicato e poco percettibile,Profumo,delicato e poco percettibile,Profumo delicato e poco percettibile.,8,29035,
Profumo::latte cotto crosta brodo vegetale,Profumo,"latte cotto, crosta. Brodo vegetale",Profumo di latte cotto e brodo vegetale.,4,15429,
Profumo::latte cotto fruta secca formaggio stagionato intensità moderata,Profumo,"latte cotto, fruta secca, formaggio stagionato intensità moderata","Profumo di latte cotto e frutta secca di formaggio stagionato, intensità moderata.",4,30616,
Profumo::note di crosta ossidato e animale,Profumo,"note di crosta, ossidato e animale",Profumo di crosta con note di ossidato e animale.,4,42569,
Profumo::da grana tipico leggermete tostato pero=,Profumo,"da grana tipico, leggermete tostato pero=",Profumo di grana leggermente tostato.,2,46129,
Profumo::sentore vegetale all'apertura poi anche lattici cotti un poco' troppo affumicato,Profumo,"Sentore vegetale all'apertura, poi anche lattici cotti un poco' troppo, affumicato,","Profumo vegetale all'apertura, seguito da note lattiche cotte e lieve sentore affumicato.",4,9834,
Profumo::mela,Profumo,mela,Profumo di mela.,4,42777,
Profumo::evenescente restano poche sensazioni dopo l'apertura,Profumo,"evenescente, restano poche sensazioni dopo l'apertura","Profumo evanescente, con poche sensazioni dopo l'apertura.",4,20105,
Profumo::nota da nostrano,Profumo,Nota da nostrano,Profumo di nostrano.,14,2191,
Profumo::dolce un poco di cotto,Profumo,dolce un poco- di cotto,Profumo dolce con leggerezza di cotto.,4,32215,
Profumo::leggermente di panna,Profumo,leggermente di panna,Profumo leggermente di panna.,4,16718,
Profumo::debole fermentazione,Profumo,Debole fermentazione,Profumo debole di fermentazione.,4,1752,
Profumo::formaggio cotto e brodo di carne prevalenti,Profumo,Formaggio cotto e brodo di carne prevalenti,Profumo di formaggio cotto e brodo di carne prevalenti.,4,33754,
Profumo::leggero stracci sporchi all'inizio poi panna vegetale,Profumo,leggero stracci sporchi all'inizio poi panna vegetale,"Profumo leggermente di stracci sporchi all'inizio, poi di panna vegetale.",4,5461,
Profumo::peccato per nota leggera di stalla,Profumo,Peccato per nota leggera di stalla,Profumo con nota leggera di stalla.,4,3815,
Profumo::profumi vegetali,Profumo,profumi vegetali,Profumo vegetale.,4,13835,
Profumo::oggi sono raffreddato,Profumo,Oggi sono raffreddato,NON_DESCRITTO,4,1120,
