dedup_key,attribute,caption_pre,caption_clean,frequency,sample_row_id,error
Struttura della Pasta::grana molto grossolana poco profilata,Struttura della Pasta,Grana molto grossolana poco profilata,Pasta con grana molto grossolana e poco profilata.,4,41405,
Struttura della Pasta::regolare e omogenea,Struttura della Pasta,Regolare e omogenea,Pasta regolare e omogenea.,4,15473,
Struttura della Pasta::grana grossolana e occhiatura fitta con effetto spugna,Struttura della Pasta,Grana grossolana e occhiatura fitta con effetto spugna,Pasta con grana grossolana e occhiatura fitta dall'effetto spugnoso.,4,41344,
Struttura della Pasta::pasta stirata con microocchiature centrali con frattura arrotondata,Struttura della Pasta,Pasta stirata con microocchiature centrali con frattura arrotondata,Pasta stirata con microocchiature centrali e frattura arrotondata.,4,5590,
Struttura della Pasta::frattura regolare microochiatura inf mm struttura irregolare centrale stirata sotto lo scalzo zona spugnosa qualche frattura perle evidenti,Struttura della Pasta,Frattura regolare microochiatura inf mm struttura irregolare centrale stirata sotto lo scalzo zona spugnosa qualche frattura perle evidenti,"Pasta con frattura regolare, microocchiatura inferiore, struttura irregolare al centro con stiratura, zona spugnosa sotto lo scalzo e qualche frattura.",4,25635,
Struttura della Pasta::ignoro frattura presente struttura fine è diffusa occhiatura abbondante anche se non spugnatura vera e propria,Struttura della Pasta,"Ignoro frattura presente. Struttura fine è diffusa. Occhiatura abbondante, anche se non spugnatura vera e propria","Pasta con struttura fine e diffusa, occhiatura abbondante.",4,7440,
Struttura della Pasta::microocchiatura leggera,Struttura della Pasta,Microocchiatura leggera,Pasta con microocchiatura leggera.,8,1789,
Struttura della Pasta::pessima,Struttura della Pasta,Pessima,NON_DESCRITTO,8,352,
Struttura della Pasta::stirata occhi fini grana grossolana fessura al centro spugna di occhi su un lato,Struttura della Pasta,Stirata occhi fini grana grossolana fessura al centro spugna di occhi su un lato,"Pasta stirata con grana grossolana, occhi fini, fessura al centro e zona spugnosa su un lato.",4,25644,
Struttura della Pasta::frattura non regolare fessure,Struttura della Pasta,"Frattura non regolare, fessure",Pasta con frattura non regolare e fessure.,4,6058,
Struttura della Pasta::frattura irregolare ma buona grana,Struttura della Pasta,Frattura irregolare ma buona grana,Pasta con frattura irregolare e buona grana.,4,32342,
Struttura della Pasta::frattura regolare grana fine presente uno spacco della pasta,Struttura della Pasta,"Frattura regolare, grana fine, Presente uno spacco della pasta!","Pasta con frattura regolare, grana fine e uno spacco.",4,41403,
Struttura della Pasta::molto stirata scarsa grana,Struttura della Pasta,Molto stirata scarsa grana,Pasta molto stirata con scarsa grana.,4,25714,
Struttura della Pasta::grana reg è fine leggero stirata al centro,Struttura della Pasta,Grana reg è fine leggero stirata al centro,"Pasta a grana fine e regolare, leggermente stirata al centro.",4,15971,
Struttura della Pasta::un poco' stirata con occhiature nella zona centrale,Struttura della Pasta,"Un poco' stirata,con occhiature nella zona centrale",Pasta leggermente stirata con occhiature nella zona centrale.,4,44338,
Struttura della Pasta::senza grana,Struttura della Pasta,Senza grana,Pasta senza grana.,8,48496,
Struttura della Pasta::stirata e leggera microocchiatura,Struttura della Pasta,Stirata e leggera microocchiatura,Pasta stirata con leggera microocchiatura.,4,9970,
Struttura della Pasta::pasta irregolare con zona centrale con fitti strappi piccoli sembra quasi realizzata,Struttura della Pasta,Pasta irregolare con zona centrale con Fitti strappi piccoli sembra quasi realizzata,Pasta irregolare con zona centrale caratterizzata da strappi fitti e piccoli.,4,7362,
Struttura della Pasta::occhitura da 1 mm a 4 mm dffusa al centro e verso un lato e sotto un piatto,Struttura della Pasta,Occhitura da 1 mm a 4 mm dffusa al centro e verso un lato e sotto un piatto,"Pasta con occhiatura da piccola a grande diffusa al centro, verso un lato e nella zona sottostante.",4,50301,
"Struttura della Pasta::bella grana ma la pasta sembra ""disunita",Struttura della Pasta,"Bella grana ma la pasta sembra ""disunita",Pasta con bella grana ma disunita.,4,3242,
Struttura della Pasta::fessure profonde,Struttura della Pasta,Fessure profonde!,Pasta con fessure profonde.,4,20,
Struttura della Pasta::quasi senza grana,Struttura della Pasta,Quasi senza grana,Pasta quasi senza grana.,4,3855,
Struttura della Pasta::gessata,Struttura della Pasta,Gessata,Pasta gessata.,4,42685,
Struttura della Pasta::non omogenea con un'area dubbia e tendente allo stirato un sotto piatto tendente al demoralizzato,Struttura della Pasta,Non omogenea con un'area dubbia e tendente allo stirato Un sotto piatto tendente al demoralizzato,"Pasta non omogenea con un'area dubbia, tendente allo stirato, e una zona sottostante tendente al demoralizzato.",4,33877,
Struttura della Pasta::abbondante micro0cchiatura al centro,Struttura della Pasta,Abbondante micro0cchiatura al centro,Pasta con abbondante microocchiatura al centro.,4,31957,
Struttura della Pasta::forma troppo ascritta segnalo numerosissime piccole fessure su tutta la superficie,Struttura della Pasta,"Forma troppo ascritta, segnalo numerosissime piccole fessure su tutta la superficie",Pasta con numerosissime piccole fessure su tutta la superficie.,4,5134,
Struttura della Pasta::presenza di microcchiature,Struttura della Pasta,Presenza di microcchiature,Pasta con microocchiatura diffusa.,4,41514,
Struttura della Pasta::leggera micro occhiatura frattura quasi regolare grana regolare verso lo esterno ma ondeggia da stirata al centro,Struttura della Pasta,Leggera micro occhiatura Frattura quasi regolare Grana regolare verso lo esterno ma ondeggia da stirata al centro,"Pasta con leggera microocchiatura, frattura quasi regolare e grana regolare verso l'esterno; al centro tende alla stiratura con andamento ondulato.",4,13180,
Struttura della Pasta::effetto radiale,Struttura della Pasta,Effetto radiale,Pasta con effetto radiale.,4,3339,
Struttura della Pasta::qualche microocch alcune fenditure,Struttura della Pasta,"Qualche microocch, alcune fenditure",Pasta con qualche microocchiatura e alcune fenditure.,4,47227,
Struttura della Pasta::in parte un poco' stirata,Struttura della Pasta,In parte un poco' stirata,Pasta leggermente stirata in parte.,4,23853,
Struttura della Pasta::fine unifirme,Struttura della Pasta,Fine unifirme,Pasta fine e uniforme.,4,26029,
Struttura della Pasta::frattura regolare grana fine è leggera microocchiatura,Struttura della Pasta,Frattura regolare grana fine è leggera Microocchiatura,"Pasta con frattura regolare, grana fine e leggera microocchiatura.",4,17004,
Struttura della Pasta::fessura di 2 cm,Struttura della Pasta,Fessura di 2 cm,Pasta con una fessura pronunciata.,4,314,
Struttura della Pasta::1 spacco 3 cm buona grana dotata di finezza una certa discrezionalità delle fibre centrale,Struttura della Pasta,"1 spacco 3 cm. Buona grana, dotata di finezza. Una certa discrezionalità delle fibre centrale","Pasta con uno spacco, buona grana fine e fibre centrali discretamente orientate.",4,5514,
Struttura della Pasta::piccolissima zona striata in periferia,Struttura della Pasta,Piccolissima zona striata in periferia,Pasta con piccola zona striata in periferia.,4,49191,
Struttura della Pasta::micro occhiatura diffusa,Struttura della Pasta,Micro occhiatura diffusa,Pasta con microocchiatura diffusa.,30,2198,
Struttura della Pasta::fessura leggera 1,Struttura della Pasta,Fessura leggera 1,Pasta con una leggera fessura.,4,3820,
Struttura della Pasta::un dell'occhio 5mm fessure piccole,Struttura della Pasta,Un dell'occhio 5mm fessure piccole,Pasta con un occhio e piccole fessure.,4,4629,
Struttura della Pasta::al limite dello stirato,Struttura della Pasta,Al limite dello stirato,Pasta tendente alla stiratura.,4,3340,
Struttura della Pasta::comaptto grana inesistente asciutto e impasta cristalli poco percepibili,Struttura della Pasta,"comaptto, grana inesistente, asciutto e impasta, cristalli poco percepibili","Pasta compatta con grana inesistente, asciutta e impastata, con cristalli poco percepibili.",4,27471,
Struttura della Pasta::negli angoli minoritaria presente,Struttura della Pasta,Negli angoli minoritaria presente,Pasta con occhiatura presente negli angoli in misura minoritaria.,4,1421,
Struttura della Pasta::occhiatura concentrata su una zona intravedo direzione nella struttura centrale quindi omogeneità non perfetta struttura granulosa frattura buona,Struttura della Pasta,"Occhiatura concentrata su una zona. Intravedo direzione nella struttura centrale, quindi omogeneità non perfetta. Struttura granulosa. Frattura buona","Pasta granulosa con occhiatura concentrata in una zona, struttura centrale orientata e frattura regolare.",4,40361,
Struttura della Pasta::granulosa grossolana con qualche frattura,Struttura della Pasta,Granulosa grossolana con qualche frattura,Pasta granulosa grossolana con qualche frattura.,4,9391,
Struttura della Pasta::piccole fratture al di sotto di un piatto,Struttura della Pasta,Piccole fratture al di sotto di un piatto,Pasta con piccole fratture al di sotto di un piatto.,4,50485,
Struttura della Pasta::prova di grana,Struttura della Pasta,Prova di grana,NON_DESCRITTO,4,5294,
Struttura della Pasta::la pasta sotto un piatto presenta leggera striature,Struttura della Pasta,La pasta sotto un piatto presenta leggera striature,Pasta con leggera striatura nella zona sottostante il piatto.,4,49922,
Struttura della Pasta::frattura regolare leggermente stirata al centro,Struttura della Pasta,"Frattura regolare, leggermente stirata al centro","Pasta con frattura regolare, leggermente stirata al centro.",4,13185,
Struttura della Pasta::grande e diffusa area spagnola centrale,Struttura della Pasta,Grande e diffusa area spagnola centrale,Pasta con ampia e diffusa occhiatura al centro.,10,1948,
Struttura della Pasta::sfatta disunita sabbiosa,Struttura della Pasta,"Sfatta, disunita, sabbiosa","Pasta sfatta, disunita e sabbiosa.",4,51601,
Struttura della Pasta::parte spugnosa vicino alla fessura e stirata vicino al taglio,Struttura della Pasta,Parte spugnosa vicino alla fessura e stirata vicino al taglio,Pasta con zona spugnosa vicino alla fessura e stirata in prossimità del taglio.,4,49509,
Struttura della Pasta::non omogenea leggermente tirata,Struttura della Pasta,"Non omogenea, leggermente tirata",Pasta non omogenea e leggermente stirata.,4,14308,
Struttura della Pasta::bocciature 1_2 mm centrali e verso crosta striature piccoli spacchi,Struttura della Pasta,"Bocciature 1_2 mm centrali e verso crosta, striature , piccoli spacchi","Pasta con piccole occhiature centrali e verso la crosta, striature e piccoli spacchi.",4,7907,
Struttura della Pasta::1 piccola frattura 3cm e altre più piccole grana un poco grossolana,Struttura della Pasta,1 piccola frattura 3cm e altre più piccole grana un Poco grossolana,"Pasta con una piccola frattura, altre più piccole e grana leggermente grossolana.",4,33878,
Struttura della Pasta::microocchiatura fine grana abbastanza fine con lievi andamenti di verso,Struttura della Pasta,Microocchiatura fine. Grana abbastanza fine con lievi andamenti di verso,"Pasta con microocchiatura fine e grana abbastanza fine, con lievi andamenti di verso.",4,22319,
Struttura della Pasta::strappi e pasta cessata sotto 1 piatto disomogenea,Struttura della Pasta,Strappi e pasta cessata sotto 1 piatto disomogenea,Pasta con strappi e zona disomogenea sotto un'area compatta.,4,7824,
Struttura della Pasta::microocchiatura grana brutta non tipica,Struttura della Pasta,"Microocchiatura, grana brutta non tipica",Pasta con microocchiatura e grana non tipica.,4,35785,
Struttura della Pasta::forse il voto dato va diminuito di 1,Struttura della Pasta,Forse il voto dato va diminuito di 1!,NON_DESCRITTO,4,46,
Struttura della Pasta::abbastanza omogenea,Struttura della Pasta,Abbastanza omogenea,Pasta abbastanza omogenea.,4,37026,
Struttura della Pasta::grana grossolana microocch diffuse,Struttura della Pasta,"Grana grossolana, microocch. Diffuse",Pasta con grana grossolana e microocchiatura diffusa.,4,15582,
Struttura della Pasta::frattura molto irregolare grandiosa con cristalli,Struttura della Pasta,"Frattura molto irregolare, grandiosa con cristalli","Pasta con frattura molto irregolare, grandiosa, con cristalli.",4,5908,
Struttura della Pasta::leggermente microocch zone leggermente stirate,Struttura della Pasta,"Leggermente microocch, zone leggermente stirate",Pasta leggermente microocchiata con zone leggermente stirate.,4,22323,
Struttura della Pasta::scagliosa locale striature grana localmente abbastanza bella,Struttura della Pasta,"Scagliosa, locale striature, grana localmente abbastanza bella",Pasta scagliosa con striature localizzate e grana localmente abbastanza bella.,4,16931,
Struttura della Pasta::stirata qualche occhio non omogenea,Struttura della Pasta,"Stirata, qualche occhio. Non omogenea","Pasta stirata con qualche occhiatura, non omogenea.",4,7905,
Struttura della Pasta::frattura irregolare ma grana fine,Struttura della Pasta,Frattura irregolare ma grana fine,Pasta con frattura irregolare ma grana fine.,4,6055,
Struttura della Pasta::microocchiatura e frattura centrale 4x0 3 cm,Struttura della Pasta,"Microocchiatura e frattura centrale 4x0,3 cm",Pasta con microocchiatura e frattura centrale.,4,7442,
Struttura della Pasta::buona la frattura ma spacco e dittatura centrale,Struttura della Pasta,"Buona la frattura, ma spacco e dittatura centrale",Pasta con frattura regolare ma spacco e disidratazione centrale.,4,30849,
Struttura della Pasta::fessura di 3cm,Struttura della Pasta,Fessura di 3cm,Pasta con una fessura pronunciata.,8,48551,
Struttura della Pasta::bella frattura omogenea la grana tendente al fine,Struttura della Pasta,"Bella frattura, omogenea la grana, tendente al fine.","Pasta con bella frattura, grana omogenea e tendente al fine.",4,18849,
Struttura della Pasta::due piccole fessure da 1 cm,Struttura della Pasta,Due piccole fessure da 1 cm,Pasta con due piccole fessure.,4,329,
Struttura della Pasta::due forme bella solo da un lato occhi anche grossi,Struttura della Pasta,Due forme bella solo da un lato occhi anche grossi,"Pasta con occhiatura, anche di dimensioni pronunciate, presente prevalentemente su un lato.",4,44342,
Struttura della Pasta::nel complesso bella,Struttura della Pasta,Nel complesso bella!,NON_DESCRITTO,4,1762,
Struttura della Pasta::impercettibile micro occhiatura centrale,Struttura della Pasta,Impercettibile micro Occhiatura centrale,Pasta con microocchiatura impercettibile al centro.,4,12,
Struttura della Pasta::micro occhiatura diffusa nella parte centrale per il resto grana abbastanza definita,Struttura della Pasta,"Micro occhiatura diffusa nella parte centrale, per il resto grana abbastanza definita",Pasta con microocchiatura diffusa nella parte centrale e grana abbastanza definita nel resto.,4,37032,
Struttura della Pasta::frattura regolare e grana media,Struttura della Pasta,Frattura regolare e grana media,Pasta con frattura regolare e grana media.,4,44164,
Struttura della Pasta::rade microocch,Struttura della Pasta,Rade microocch,Pasta con microocchiatura rada.,4,18929,
Struttura della Pasta::centro diverso (grana più piccola sembra umido ) rispetto al resto presenza di briciole,Struttura della Pasta,Centro diverso (grana più piccola sembra umido ) rispetto al resto presenza di briciole,"Pasta con grana più piccola e umida al centro, diversa dal resto, con presenza di briciole.",4,50550,
Struttura della Pasta::scaglioso sotto un piatto,Struttura della Pasta,Scaglioso sotto un piatto,Pasta scagliosa con zona superficiale piatta.,4,51365,
Struttura della Pasta::struttura granulosa anche abbastanza omogenea peccato la frattura che attraversa buona parte della sezione verticale taglio appena discreto,Struttura della Pasta,Struttura Granulosa anche abbastanza omogenea . Peccato la frattura che attraversa buona parte della sezione verticale. Taglio appena discreto,"Pasta granulosa e abbastanza omogenea, con una frattura che attraversa buona parte della sezione, e taglio poco netto.",4,20402,
Struttura della Pasta::frattura molto regolare leggere striature centrale,Struttura della Pasta,Frattura molto regolare leggere striature centrale,Pasta con frattura molto regolare e leggere striature al centro.,4,22317,
Struttura della Pasta::poca struttura molto pressareta,Struttura della Pasta,Poca struttura molto pressareta,Pasta poco strutturata e molto pressata.,4,25637,
Struttura della Pasta::presenza di qualche piccolo occhio di 2mm in una piccola area della forma così anche per la microocchiatura,Struttura della Pasta,"Presenza di qualche piccolo occhio di 2mm in una piccola area della forma, così anche per la microocchiatura",Pasta con qualche piccolo occhio e microocchiatura in una piccola area della forma.,4,51497,
Struttura della Pasta::frattura non buona struttura anna regolare,Struttura della Pasta,Frattura non buona. Struttura Anna regolare,Pasta con frattura irregolare e struttura regolare.,4,15524,
Struttura della Pasta::sotto un piatto zona che sembra sfogliare fitta micro occhiatura e striature centrali,Struttura della Pasta,Sotto un piatto zona che sembra sfogliare fitta micro occhiatura e striature centrali,"Pasta con zona sottostante a struttura fitta, microocchiatura diffusa e striature al centro.",4,13181,
Struttura della Pasta::microocchiatura diffusa su quasiu tutta la superficie,Struttura della Pasta,Microocchiatura diffusa su quasiu tutta la superficie,Pasta con microocchiatura diffusa su quasi tutta la superficie.,4,35724,
Struttura della Pasta::un occhio oltre i 5mm e una crepa,Struttura della Pasta,Un occhio oltre i 5mm e una crepa,Pasta con una grossa occhiatura e una crepa.,4,21776,
Struttura della Pasta::presenza di un occhio da 5 mm,Struttura della Pasta,Presenza di un occhio da 5 mm,Pasta con un occhio di medie dimensioni.,4,696,
Struttura della Pasta::frattura regolare ma strappi in centro grana grossolana ma uniforme,Struttura della Pasta,Frattura regolare ma strappi in centro grana grossolana ma uniforme,"Pasta con frattura regolare, strappi al centro, grana grossolana ma uniforme.",4,17386,
Struttura della Pasta::profonda fessurazione centrale e altre più piccole più su un lato,Struttura della Pasta,Profonda fessurazione centrale e altre più piccole più su un lato,Pasta con profonda fessurazione al centro e altre minori su un lato.,4,2376,
Struttura della Pasta::regolare e grana abbastanza fine,Struttura della Pasta,Regolare e grana abbastanza fine,Pasta regolare con grana abbastanza fine.,4,37359,
Struttura della Pasta::striato e con un segno di essudazione credo dovuto al frigo,Struttura della Pasta,Striato e con un segno di essudazione credo dovuto al frigo,Pasta striata con traccia di essudazione.,4,21867,
Struttura della Pasta::non omogenea granulosa aree tendente allo stirato,Struttura della Pasta,Non omogenea Granulosa Aree tendente allo Stirato,"Pasta non omogenea, granulosa con aree tendenti allo stirato.",4,9886,
Struttura della Pasta::profonda frattura 6 cm con occhio di 1 cm altre fratture più piccole sotto un piatto cristalli e,Struttura della Pasta,Profonda frattura 6 cm con occhio di 1 cm altre fratture più piccole sotto un piatto cristalli e,"Pasta con frattura profonda, occhiatura di medie dimensioni e altre fratture più piccole, zona con cristalli piatta.",8,29527,
Struttura della Pasta::qualche occhiatura in metà forma area centrale leggermente stirata,Struttura della Pasta,"Qualche occhiatura in metà forma,area centrale leggermente stirata",Pasta con qualche occhiatura in metà forma e area centrale leggermente stirata.,4,22234,
Struttura della Pasta::frattura omogenea struttura ruvida grossolana che si perde verso il centro,Struttura della Pasta,"Frattura omogenea. Struttura ruvida,grossolana, che si perde verso il centro","Pasta con frattura omogenea, struttura ruvida e grossolana che tende a farsi più fine verso il centro.",4,15468,
Struttura della Pasta::poco grandiosa qualche zona con micro occhiatura,Struttura della Pasta,"Poco grandiosa, qualche zona con micro occhiatura",Pasta poco grandiosa con qualche zona di microocchiatura.,4,35666,
Struttura della Pasta::profondi avvallamenti per frattura molto irregolare,Struttura della Pasta,Profondi avvallamenti per frattura molto irregolare,Pasta con profondi avvallamenti per frattura molto irregolare.,4,32338,
Struttura della Pasta::frattura regolare pasta con tendenza stirata occhiature in zona centrale,Struttura della Pasta,"Frattura regolare, pasta con tendenza stirata. Occhiature in zona centrale","Pasta con frattura regolare, tendente alla stiratura, e occhiature in zona centrale.",4,12975,
Struttura della Pasta::non omogenea area centrale tendente allo stirata grossolana,Struttura della Pasta,Non omogenea Area centrale tendente allo stirata Grossolana,"Pasta non omogenea, con area centrale tendente allo stirato e grossolana.",4,23848,
Struttura della Pasta::disomogenea con zona stirata al centro e grana media esterna,Struttura della Pasta,Disomogenea con zona stirata al centro e grana media esterna,Pasta disomogenea con zona stirata al centro e grana media esterna.,4,44752,
Struttura della Pasta::microocchiatura centrale che rovina un poco' una struttura buona,Struttura della Pasta,Microocchiatura centrale che rovina un poco' una struttura buona,Pasta con microocchiatura centrale che compromette leggermente una struttura altrimenti buona.,4,9222,
Struttura della Pasta::frattura ok grana poco profilata con andamenti striati presenza di lieve occhiatura,Struttura della Pasta,"Frattura ok, grana poco profilata con andamenti striati, presenza di lieve occhiatura","Pasta con frattura regolare, grana poco profilata con andamenti striati e lieve occhiatura.",4,42830,
Struttura della Pasta::presenza di crepa,Struttura della Pasta,Presenza di crepa,Pasta con crepa.,4,33881,
Struttura della Pasta::stirata con frattura circolare e microocchiatura fine,Struttura della Pasta,Stirata con frattura circolare e Microocchiatura fine,Pasta stirata con frattura circolare e microocchiatura fine.,4,7978,
Struttura della Pasta::grana uniforme granulosa frattura con cratere,Struttura della Pasta,"Grana uniforme, granulosa. Frattura con cratere.","Pasta con grana uniforme e granulosa, frattura con cratere.",4,18310,
Struttura della Pasta::grandiosa abbastanza regolare presenza di micro occhiature,Struttura della Pasta,"Grandiosa, abbastanza regolare, presenza di micro occhiature","Pasta grandiosa, abbastanza regolare, con presenza di microocchiature.",4,22233,
Struttura della Pasta::disomogeneità diversi strappi,Struttura della Pasta,"Disomogeneità, diversi strappi,",Pasta disomogenea con diversi strappi.,4,7831,
Struttura della Pasta::granulosa grossolana,Struttura della Pasta,Granulosa grossolana,Pasta granulosa e grossolana.,8,7520,
Struttura della Pasta::bella con grana anche fine frattura buona,Struttura della Pasta,"Bella con grana anche fine, frattura buona",Pasta con bella grana fine e frattura regolare.,4,11508,
Struttura della Pasta::struttura granulosa frattura abbastanza regolare assenza di particolari difetti,Struttura della Pasta,"Struttura granulosa, frattura abbastanza regolare, assenza di particolari difetti",Pasta granulosa con frattura abbastanza regolare e assenza di difetti strutturali.,4,42829,
Struttura della Pasta::microocchiatura anche grossa grana abbastanza fine,Struttura della Pasta,Microocchiatura anche grossa grana abbastanza fine,"Pasta con microocchiatura, grana abbastanza fine e alcuni occhi più grossi.",4,37034,
Struttura della Pasta::non c'è ci sono solo occhi e stiratute,Struttura della Pasta,Non c'è ci sono solo occhi e stiratute,"Pasta con occhiatura e stirature, senza frattura regolare.",4,30804,
Struttura della Pasta::grana fine presente microocchiature diffuse c'è un grosso occhio,Struttura della Pasta,"Grana fine, presente microocchiature diffuse. C'è un grosso occhio.",Pasta a grana fine con microocchiature diffuse e un'occhiatura grossolana.,4,23923,
Struttura della Pasta::stirata microocchiatura al centro disomogenea gessata,Struttura della Pasta,"Stirata, Microocchiatura al centro, disomogenea, gessata","Pasta stirata con microocchiatura al centro, disomogenea e gessata.",4,7982,
Struttura della Pasta::microocchiatura soprattutto in metà forma l'altra appare più bella anche per grana,Struttura della Pasta,"Microocchiatura soprattutto in metà forma, l'altra appare più bella anche per grana","Pasta con microocchiatura prevalentemente in una metà, l'altra più compatta e con grana fine.",4,11647,
Struttura della Pasta::frattura ok grana bella ma con qualche difettosita legata alla micro occhiatura e ad andamento striato,Struttura della Pasta,"Frattura ok, grana bella ma con qualche difettosita legata alla micro occhiatura, e ad andamento striato","Pasta con frattura regolare e bella grana, ma con qualche difettosità legata alla microocchiatura e ad andamento striato.",4,22326,
Struttura della Pasta::fitta microocchiatura inf 1 mm,Struttura della Pasta,Fitta microocchiatura inf 1 mm,Pasta con fitta microocchiatura.,4,35720,
Struttura della Pasta::granulosa e regolare,Struttura della Pasta,Granulosa e regolare,Pasta granulosa e regolare.,4,18775,
Struttura della Pasta::3 fratture profonde altre più piccole e il segno dell'ago con pasta di co ore rosato e cristallini,Struttura della Pasta,3 fratture profonde altre più piccole e il segno dell'ago con pasta di co!ore rosato e cristallini,"Pasta con tre fratture profonde, altre più piccole e segno dell'ago, di colore rosato con cristallini.",4,48903,
Struttura della Pasta::frattura centrale con micro occhiatura,Struttura della Pasta,Frattura centrale con micro Occhiatura,Pasta con frattura centrale e microocchiatura.,4,36943,
Struttura della Pasta::frattura su un lato irregolare e zona stirata,Struttura della Pasta,Frattura su un lato irregolare e zona stirata,Pasta con frattura irregolare su un lato e zona stirata.,4,20400,
Struttura della Pasta::microcchiature laterale,Struttura della Pasta,Microcchiature laterale,Pasta con microocchiatura laterale.,4,513,
Struttura della Pasta::struttura a scaglie non granulosa,Struttura della Pasta,"Struttura a scaglie, non granulosa","Pasta a scaglie, non granulosa.",4,49396,
Struttura della Pasta::secco e farinoso buoni i cristalli media solubilità,Struttura della Pasta,"secco e farinoso, buoni i cristalli, media solubilità","Pasta secca e farinosa, con cristalli evidenti.",4,27409,
Struttura della Pasta::frattura ok grana poco profilata con micro occhiature e zone stirate,Struttura della Pasta,"Frattura ok, grana poco profilata con micro occhiature e zone stirate","Pasta con frattura regolare, grana poco profilata, micro occhiature e zone stirate.",2,46944,
Struttura della Pasta::omogen4a e grandiosa regolare,Struttura della Pasta,Omogen4a e grandiosa regolare,"Pasta omogenea e grandiosa, frattura regolare.",4,7829,
Struttura della Pasta::molte occhiature grana fine e grossolana frattura omogenea,Struttura della Pasta,Molte occhiature grana fine e grossolana frattura omogenea,"Pasta con molte occhiature, grana fine e grossolana, frattura omogenea.",2,46357,
Struttura della Pasta::carico,Struttura della Pasta,Carico,Pasta carica.,4,33646,
Struttura della Pasta::struttura dall' aspetto anomalo non granulosa ristrutturata presente occhiatura,Struttura della Pasta,"Struttura dall' aspetto anomalo, non granulosa, Ristrutturata, Presente occhiatura,","Pasta con struttura anomala, non granulosa, con occhiatura.",4,41347,
Struttura della Pasta::1 fessura,Struttura della Pasta,1 fessura,Pasta con una fessura.,4,313,
Struttura della Pasta::occhio di oltre 2 cm e micro occhiatina diffusa,Struttura della Pasta,Occhio di oltre 2 cm e micro occhiatina diffusa,Pasta con occhio di grande dimensione e microocchiatura diffusa.,4,4742,
Struttura della Pasta::microocchiatura diffusa discreta buon taglio grana lievemente disomogenea stiratina al centro,Struttura della Pasta,"Microocchiatura diffusa, discreta. Buon taglio. Grana lievemente disomogenea, stiratina al centro","Pasta con microocchiatura diffusa e discreta, grana lievemente disomogenea e leggera stiratura al centro.",4,22228,
Struttura della Pasta::microocchiature e dittatura centrale,Struttura della Pasta,Microocchiature e dittatura centrale,Pasta con microocchiature e dittatura al centro.,4,35485,
Struttura della Pasta::grande area centrale spugnosa bolle fratture,Struttura della Pasta,"Grande area centrale spugnosa, bolle, fratture","Pasta con grande area centrale spugnosa, bolle e fratture.",4,13883,
Struttura della Pasta::grana grossa qualche strappetto frattura,Struttura della Pasta,"Grana grossa, qualche strappetto, frattura","Pasta con grana grossa, qualche strappo e frattura irregolare.",4,5905,
Struttura della Pasta::un poco grossolana ma unif,Struttura della Pasta,Un Poco grossolana ma unif,Pasta leggermente grossolana ma uniforme.,4,15523,
Struttura della Pasta::frattura abbastanza regolare grana semi fine,Struttura della Pasta,"Frattura abbastanza regolare,grana semi fine",Pasta con frattura abbastanza regolare e grana semi fine.,4,11434,
Struttura della Pasta::grossa fessura grana poco formata stiratura,Struttura della Pasta,Grossa fessura grana poco formata stiratura,"Pasta con grossa fessura, grana poco formata e stiratura.",4,5522,
Struttura della Pasta::grossa frattura struttura grana positiva,Struttura della Pasta,Grossa frattura struttura grana positiva,Pasta con frattura grossa e grana positiva.,4,32270,
Struttura della Pasta::non regolare grossolana presenza di aree tendenti allo stirato,Struttura della Pasta,Non regolare Grossolana Presenza di aree tendenti allo stirato,"Pasta non regolare, grossolana, con aree tendenti alla stiratura.",2,46263,
Struttura della Pasta::regolare granulosa presenza microocchiatura,Struttura della Pasta,Regolare granulosa Presenza Microocchiatura,Pasta regolare e granulosa con microocchiatura.,4,24198,
Struttura della Pasta::frattura con avvallamenti e qualche piccola frattura cristalli,Struttura della Pasta,Frattura con avvallamenti e qualche piccola frattura cristalli,Pasta con frattura caratterizzata da avvallamenti e piccole fratture cristalline.,4,31799,
Struttura della Pasta::frattura abbastanza regolare ma incavata,Struttura della Pasta,Frattura abbastanza regolare ma incavata,Pasta con frattura abbastanza regolare ma incavata.,4,1759,
Struttura della Pasta::grana grossa e omogenea ma sono presenti numerosi spacchi e sfoglie,Struttura della Pasta,Grana grossa e omogenea ma sono presenti numerosi spacchi e sfoglie,"Pasta con grana grossa e omogenea, ma con numerosi spacchi e sfoglie.",4,42618,
Struttura della Pasta::microocchiatura diffusa,Struttura della Pasta,Microocchiatura diffusa,Pasta con microocchiatura diffusa.,18,1300,
Struttura della Pasta::nel centro soprattutto,Struttura della Pasta,Nel centro soprattutto,NON_DESCRITTO,4,3874,
Struttura della Pasta::struttura non omogenea in parte stirata presente occhiatura da emmentaler,Struttura della Pasta,Struttura non omogenea in parte stirata. Presente occhiatura da emmentaler,"Pasta non omogenea, in parte stirata, con occhiatura da emmentaler.",4,47452,
Struttura della Pasta::ciao microocchiatura molto fine è diffusa 1 strappo 3 cm centrale grana fine ma con striature,Struttura della Pasta,Ciao Microocchiatura molto fine è diffusa 1 strappo 3 cm centrale grana fine ma con striature,"Pasta con microocchiatura molto fine e diffusa, uno strappo centrale, grana fine e striature.",4,7439,
Struttura della Pasta::molta microocchiatura,Struttura della Pasta,Molta microocchiatura,Pasta con abbondante microocchiatura.,14,2199,
Struttura della Pasta::microocchiature grana un poco' troppo scagliosa,Struttura della Pasta,"Microocchiature,grana un poco' troppo scagliosa",Pasta con microocchiature e grana leggermente scagliosa.,4,44843,
Struttura della Pasta::2 fessure di 3 e 4 cm,Struttura della Pasta,2 fessure di 3 e 4 cm,Pasta con due fessure di dimensioni pronunciate.,4,3866,
Struttura della Pasta::spacco enorme e ramificato che devasta l aspetto della pasta forma che non dovrebbe arrivare qui,Struttura della Pasta,"Spacco enorme e ramificato che devasta l,aspetto della pasta. Forma che non dovrebbe arrivare qui...",Pasta con spacco ampio e ramificato.,5,1477,
Struttura della Pasta::frattura regolare grana fine un difetto del piatto crea macchia marrone presente una crepa,Struttura della Pasta,"Frattura regolare,grana fine, un difetto del piatto crea macchia marrone,presente una crepa","Pasta con frattura regolare, grana fine e una crepa; difetto del piatto crea macchia marrone.",4,9386,
Struttura della Pasta::la forma se ora divisa esattamente in 3 parti due con grana fine ed omogenea una con microocchiatura evident4 che la sembrate spugnosa,Struttura della Pasta,"La forma se!ora divisa esattamente in 3 parti, due con grana fine ed omogenea, una con microocchiatura evident4 che la sembrate spugnosa","Pasta divisa in tre zone: due con grana fine e omogenea, una con microocchiatura diffusa dall'aspetto spugnoso.",4,517,
Struttura della Pasta::spaccature poca struttura solchi netti plastica,Struttura della Pasta,Spaccature poca struttura solchi netti plastica,"Pasta con spaccature, solchi netti e struttura poco compatta.",4,44678,
Struttura della Pasta::stirata difettosa,Struttura della Pasta,"Stirata, difettosa",Pasta stirata e difettosa.,4,35667,
Struttura della Pasta::stirata al centro,Struttura della Pasta,Stirata al centro,Pasta stirata al centro.,12,494,
Struttura della Pasta::rosa ai piatti,Struttura della Pasta,Rosa ai piatti,Pasta con screpolature ai piatti.,4,9385,
Struttura della Pasta::non regolare con buona area tendente allo stirato ma con grana apprezzabile,Struttura della Pasta,Non regolare con buona area tendente allo stirato ma con grana apprezzabile,Pasta non regolare con buona area tendente allo stirato ma con grana apprezzabile.,2,46851,
Struttura della Pasta::occhi 1 o 2 mm,Struttura della Pasta,Occhi 1 o 2 mm,Pasta con piccola occhiatura.,4,2525,
Struttura della Pasta::gessata stirata fratture interne,Struttura della Pasta,"Gessata, stirata, fratture interne","Pasta gessata, stirata, con fratture interne.",4,32420,
Struttura della Pasta::molto bella,Struttura della Pasta,Molto bella,NON_DESCRITTO,4,4049,
Struttura della Pasta::fitta microocchiatura centrale con piccoli strappi,Struttura della Pasta,Fitta microocchiatura centrale con piccoli strappi,Pasta con fitta microocchiatura centrale e piccoli strappi.,4,1130,
Struttura della Pasta::qualche bocciatura piccola frattura,Struttura della Pasta,"Qualche bocciatura piccola, frattura,",Pasta con qualche piccola occhiatura e frattura regolare.,4,36947,
Struttura della Pasta::frattura a raggiera con cambio struttura stirata al centro evidenti piccoli cristalli e perle,Struttura della Pasta,Frattura a raggiera con cambio struttura stirata al centro evidenti piccoli cristalli e perle,"Pasta con frattura a raggiera, struttura stirata al centro con evidenti piccoli cristalli e perle.",4,32261,
Struttura della Pasta::irregolare gessata ma non per le macchie di umidità,Struttura della Pasta,Irregolare gessata ma non per le macchie di umidità,"Pasta irregolare e gessata, non dovuta a macchie di umidità.",4,7361,
Struttura della Pasta::microocchiatura ridotta,Struttura della Pasta,Microocchiatura ridotta,Pasta con microocchiatura ridotta.,4,4911,
Struttura della Pasta::granulosa omogenea,Struttura della Pasta,"Granulosa, omogenea",Pasta granulosa e omogenea.,4,18772,
Struttura della Pasta::ruvida uno strappo e un occhio da 7mm,Struttura della Pasta,Ruvida Uno strappo e un occhio da 7mm,Pasta ruvida con uno strappo e una occhiatura di media grandezza.,4,21770,
Struttura della Pasta::occhiatura nel terzo centrale buona frattura grana non omogenea per una certa discrezionalità centrale non fine comunque il rimanente,Struttura della Pasta,Occhiatura nel terzo centrale. Buona frattura. Grana non omogenea per una certa discrezionalità centrale. Non fine comunque il rimanente,"Pasta con occhiatura nel terzo centrale, buona frattura e grana non omogenea per discrezionalità al centro; il rimanente non è fine.",4,5976,
Struttura della Pasta::macchie,Struttura della Pasta,Macchie,Pasta con macchie.,4,26176,
Struttura della Pasta::frattura molto pronunciate grana vs un piatto molto poco formata striature bocciatura,Struttura della Pasta,Frattura molto pronunciate grana vs un piatto molto poco formata striature bocciatura,"Pasta con frattura pronunciata, grana versus un piatto poco formato e striature con aspetto di bocciatura.",4,32347,
Struttura della Pasta::struttura non omogenea presente microocchiatura in una parte,Struttura della Pasta,"Struttura non omogenea, presente Microocchiatura in una parte","Pasta non omogenea, con microocchiatura in una parte.",4,11575,
Struttura della Pasta::molto morbido,Struttura della Pasta,molto morbido,NON_DESCRITTO,4,27473,
Struttura della Pasta::frattura regolare striato e con un occhio da 8mm,Struttura della Pasta,"Frattura regolare,striato e con un occhio da 8mm","Pasta con frattura regolare, striata e una piccola occhiatura.",4,42896,
Struttura della Pasta::profonda fessura 7 o 8cm centrale,Struttura della Pasta,Profonda fessura 7 o 8cm centrale,Pasta con fessura profonda al centro.,4,2548,
Struttura della Pasta::grana tipo parmigiano le fatture me la fanno penalizzare altrimenti bella,Struttura della Pasta,Grana tipo parmigiano. Le fatture me la fanno penalizzare. Altrimenti bella,La pasta presenta una grana tipo parmigiano con fratture irregolari.,4,5318,
Struttura della Pasta::friabile ma con buona presenza di cristalli,Struttura della Pasta,friabile ma con buona presenza di cristalli,Pasta friabile con buona presenza di cristalli.,4,27689,
Struttura della Pasta::frattura irregolare,Struttura della Pasta,Frattura irregolare,Pasta con frattura irregolare.,20,14302,
Struttura della Pasta::grossolana un lato stirato frattura gravemente irregolare,Struttura della Pasta,Grossolana Un lato stirato Frattura gravemente irregolare,Pasta grossolana con un lato stirato e frattura gravemente irregolare.,4,32337,
Struttura della Pasta::stirata strappo evidente e altri minori leggera micro occhiatura,Struttura della Pasta,"Stirata, strappo evidente e altri minori, leggera micro occhiatura","Pasta stirata, con strappo evidente e altri minori, leggera microocchiatura.",4,44676,
Struttura della Pasta::zone grassete sotto 1 piatto con piccole frattura e microocchiatura 1 o 2 mm,Struttura della Pasta,Zone grassete sotto 1 piatto con piccole frattura e Microocchiatura 1 o 2 mm,"Pasta con zone grasse, fratture piccole e microocchiatura diffusa sottostante un'area piatta.",4,7901,
Struttura della Pasta::disomogenea frattura irregolare,Struttura della Pasta,Disomogenea Frattura irregolare,Pasta disomogenea con frattura irregolare.,12,24268,
Struttura della Pasta::scarsa modellatura non fastidiosa grana non fine,Struttura della Pasta,Scarsa modellatura non fastidiosa. Grana non fine,Pasta con scarsa modellatura e grana non fine.,4,7825,
Struttura della Pasta::spugna e striatura,Struttura della Pasta,Spugna e striatura,Pasta spugnosa con striature.,4,12903,
Struttura della Pasta::regolare con piccola dittatura,Struttura della Pasta,Regolare con piccola dittatura,Pasta regolare con piccola occhiatura.,4,9393,
Struttura della Pasta::granulosa più fine al centro,Struttura della Pasta,Granulosa più fine al centro,"Pasta granulosa, più fine al centro.",4,15416,
Struttura della Pasta::umido,Struttura della Pasta,Umido,Pasta umida.,4,50800,
Struttura della Pasta::due grosse fessure grana tende al fine,Struttura della Pasta,Due grosse fessure grana tende al fine,Pasta con due grosse fessure e grana tendente al fine.,4,30608,
Struttura della Pasta::struttura non riuscita,Struttura della Pasta,Struttura non riuscita,Pasta con struttura non riuscita.,4,1151,
Struttura della Pasta::qualche microocchio e uno spacco della pasta la struttura è media e regolare,Struttura della Pasta,Qualche microocchio e uno spacco della pasta. La struttura è media e regolare,"Pasta con qualche microocchiatura e uno spacco, struttura media e regolare.",4,42688,
Struttura della Pasta::disomogenea leggermente stirata al centro dove si è formata una vasca,Struttura della Pasta,"Disomogenea, leggermente stirata al centro dove si è formata una vasca","Pasta disomogenea, leggermente stirata al centro con una vasca.",4,32267,
Struttura della Pasta::frattura abbastanza regolare struttura forse un poco' stirata a zone qualche occhiolino sottocrosta anomalo su un piatto,Struttura della Pasta,"Frattura abbastanza regolare, struttura forse un poco' stirata a zone. Qualche occhiolino. Sottocrosta anomalo su un piatto","Pasta con frattura abbastanza regolare, struttura leggermente stirata a zone, qualche piccola occhiatura e anomalia sottocrostra su un lato.",4,18468,
Struttura della Pasta::pasta a scaglie sotto un piatto,Struttura della Pasta,Pasta a Scaglie sotto un piatto,Pasta a scaglie sotto la zona appiattita.,4,51352,
Struttura della Pasta::frattura irregolare con impugnatura centrale,Struttura della Pasta,Frattura Irregolare con impugnatura centrale,Pasta con frattura irregolare e impugnatura centrale.,4,18473,
Struttura della Pasta::frattura regolare grana di dimensione media ma non omogenea,Struttura della Pasta,"Frattura regolare, grana di dimensione media ma non omogenea",Pasta con frattura regolare e grana media non omogenea.,4,42478,
Struttura della Pasta::curo econsistente poco friabile con grana fine ma percepibile leggermete asciutto cristalli sensibili,Struttura della Pasta,"curo econsistente , poco friabile, con grana fine ma percepibile, leggermete asciutto, cristalli sensibili","Pasta consistente con grana fine ma percepibile, poco friabile, leggera asciuttezza e cristalli sensibili.",4,27751,
Struttura della Pasta::occhio di 3 mm e gruppo di occhi a grappolo centrale molt strappi chi dimenticato le perle,Struttura della Pasta,"Occhio di 3 mm e gruppo di occhi a grappolo centrale, molt strappi , chi dimenticato le PERLE",Pasta con occhiatura centrale a grappolo e numerosi strappi.,4,3837,
Struttura della Pasta::pastoso,Struttura della Pasta,pastoso,Pasta pastosa.,4,27474,
Struttura della Pasta::frattura molto irregolare zone stirate,Struttura della Pasta,"Frattura molto irregolare, zone stirate",Pasta con frattura molto irregolare e zone stirate.,4,37448,
Struttura della Pasta::grana fine presente circa omogenea la frattura,Struttura della Pasta,Grana fine presente! Circa omogenea la frattura.,Pasta a grana fine con frattura circa omogenea.,4,18779,
Struttura della Pasta::granulosa frattura non omogenea presenza di rade occhiature e fratture e nella pasta,Struttura della Pasta,"Granulosa, frattura non omogenea, presenza di rade occhiature e fratture e nella pasta","Pasta granulosa con frattura non omogenea, rade occhiature e fratture.",4,22415,
Struttura della Pasta::stirata poco grandiosa a tratti,Struttura della Pasta,Stirata poco grandiosa a tratti,Pasta stirata poco grandiosa a tratti.,2,46859,
Struttura della Pasta::microocchiatura su tutta la pasta spacco centrale stirata,Struttura della Pasta,"Microocchiatura su tutta la pasta, spacco centrale, stirata","Pasta con microocchiatura diffusa, spacco centrale e stirata.",4,7445,
Struttura della Pasta::qualche microocchio la grana non è omogenea,Struttura della Pasta,"Qualche microocchio, la grana non è omogenea","Pasta con qualche microocchiatura, grana non omogenea.",4,37449,
Struttura della Pasta::frattura non bellissima ma grana ben struttura,Struttura della Pasta,Frattura non bellissima ma grana ben struttura,Pasta con frattura irregolare e grana ben strutturata.,8,29085,
Struttura della Pasta::frattura abbastanza regolare zone spugnose con occhiatura fitta e grossa bolla,Struttura della Pasta,"Frattura abbastanza regolare, zone spugnose con occhiatura fitta e grossa bolla,","Pasta con frattura abbastanza regolare, zone spugnose con occhiatura fitta e presenza di una grossa bolla.",4,30704,
Struttura della Pasta::a zone grassa a zone secca,Struttura della Pasta,"A zone grassa, a zone secca","Pasta disomogenea, a zone grassa e a zone secca.",4,4260,
Struttura della Pasta::frattura molto brutta abbastanza omogenea,Struttura della Pasta,Frattura molto brutta. Abbastanza omogenea,Pasta con frattura irregolare e abbastanza omogenea.,8,3501,
Struttura della Pasta::occhiature su angolo e microcchiature diffuse bella grana,Struttura della Pasta,"Occhiature su angolo e Microcchiature diffuse, bella grana","Pasta con occhiature sull'angolo, microocchiature diffuse e bella grana.",4,16777,
Struttura della Pasta::taglio molto buono grana regolare tendente al fine,Struttura della Pasta,Taglio molto buono. Grana regolare tendente al fine,Pasta con grana regolare tendente al fine.,4,42474,
Struttura della Pasta::bella grana peccato per la fessura,Struttura della Pasta,Bella grana peccato per la fessura,"Pasta con bella grana, ma con una fessura.",4,9392,
Struttura della Pasta::grana fine grossa fessura,Struttura della Pasta,Grana fine grossa fessura,Pasta con grana fine e una fessura pronunciata.,4,20533,
Struttura della Pasta::frattura regolare micro occhiatura per lo più in zona centrale occhio di 12 mm centrale,Struttura della Pasta,"Frattura regolare, micro occhiatura per lo più in zona centrale, occhio di 12 mm centrale","Pasta con frattura regolare, microocchiatura prevalente al centro e occhio di dimensione medio-grande al centro.",4,18392,
Struttura della Pasta::area spugnosa centrale,Struttura della Pasta,Area spugnosa centrale,Pasta con area spugnosa centrale.,4,13744,
Struttura della Pasta::piccoli spacchi grana non bella,Struttura della Pasta,"Piccoli spacchi, grana non bella",Pasta con piccoli spacchi e grana non bella.,4,7368,
Struttura della Pasta::abbastanza grossolana frattura non molto regolare,Struttura della Pasta,"Abbastanza grossolana, frattura non molto regolare",Pasta abbastanza grossolana con frattura non molto regolare.,4,18313,
Struttura della Pasta::frattura un poco' irregolare,Struttura della Pasta,Frattura un poco' irregolare,Pasta con frattura poco irregolare.,4,31803,
Struttura della Pasta::struttura granulosa omogenea,Struttura della Pasta,Struttura Granulosa omogenea,Pasta granulosa omogenea.,4,35844,
Struttura della Pasta::frattura e grana regolari un piccolo strappo 4 o 5 cm,Struttura della Pasta,Frattura e grana regolari un piccolo strappo 4 o 5 cm,"Pasta con frattura e grana regolari, uno strappo di entità limitata.",4,30603,
Struttura della Pasta::grana media qualche microocchiatura fine frattiura leggermente irregolare,Struttura della Pasta,Grana media qualche Microocchiatura fine frattiura leggermente irregolare,"Pasta con grana media, qualche microocchiatura fine e frattura leggermente irregolare.",4,33955,
Struttura della Pasta::frattura regolare grana abbastanza fine microocchiatura diffusa e presenza di un occhio ddiamentro 1 cm,Struttura della Pasta,"Frattura regolare,grana abbastanza fine, microocchiatura diffusa e presenza di un occhio ddiamentro 1 cm","Pasta con frattura regolare, grana abbastanza fine, microocchiatura diffusa e presenza di un occhio di medio diametro.",4,23922,
Struttura della Pasta::forte striature,Struttura della Pasta,Forte striature,Pasta con striature pronunciate.,4,44756,
Struttura della Pasta::struttura granulosa frattura regolare,Struttura della Pasta,"Struttura granulosa, frattura regolare",Pasta granulosa con frattura regolare.,4,42479,
Struttura della Pasta::sfoglia mt presente grana troppo piatta,Struttura della Pasta,"Sfoglia mt presente, grana troppo piatta",Pasta con sfoglia millimetrica presente e grana troppo piatta.,4,9893,
Struttura della Pasta::grosso occhio con siero,Struttura della Pasta,Grosso occhio con siero,Pasta con un grosso occhio contenente siero.,4,5334,
Struttura della Pasta::frattura irregolare con striature e occhiatura diffusa,Struttura della Pasta,Frattura irregolare con striature e occhiatura diffusa,"Pasta con frattura irregolare, striature e occhiatura diffusa.",4,18466,
Struttura della Pasta::fine uno stacco da / strappo da gonfiore clostridico,Struttura della Pasta,Fine Uno stacco da / strappo da gonfiore clostridico,Pasta fine con uno strappo da gonfiore clostridico.,4,33954,
Struttura della Pasta::frattura irregolare fine bocciatura molto fitta anche sotto crosta,Struttura della Pasta,Frattura irregolare fine bocciatura molto fitta anche sotto crosta,"Pasta con frattura irregolare, grana fine e microocchiatura molto fitta anche sotto crosta.",4,5975,
Struttura della Pasta::bella anche abbastanza regolare,Struttura della Pasta,Bella anche abbastanza regolare,Pasta bella e abbastanza regolare.,4,35,
Struttura della Pasta::striature localizzata e grana non bella,Struttura della Pasta,Striature localizzata e grana non bella,Pasta con striature localizzate e grana non bella.,4,14306,
Struttura della Pasta::1 strappo centrale 5cm,Struttura della Pasta,1 strappo centrale 5cm,Pasta con uno strappo al centro.,4,3817,
Struttura della Pasta::disomogenea sotto uno scalzo stirato frattura sottile a tratti bella grana avvallamento,Struttura della Pasta,"Disomogenea, sotto uno scalzo stirato, frattura sottile, a tratti bella grana, avvallamento","Pasta disomogenea con frattura sottile e bella grana a tratti, stiratura sotto lo scalzo e avvallamento.",4,26180,
Struttura della Pasta::stiratura centrale tende a spaccare a grana abbastanza bella,Struttura della Pasta,"Stiratura centrale, tende a spaccare a grana abbastanza bella","Pasta stirata al centro, con tendenza allo spacco e grana abbastanza bella.",4,9305,
Struttura della Pasta::ampia zona centrale con microocchiatura e altri occhi in periferia,Struttura della Pasta,Ampia zona centrale con microocchiatura e altri occhi in periferia,Pasta con microocchiatura diffusa nella zona centrale e altri occhi in periferia.,4,12906,
Struttura della Pasta::frattura a blocchi pasta stirata fitta microocchiature piccoli strappi sotto un piatto,Struttura della Pasta,Frattura a blocchi pasta stirata fitta microocchiature piccoli strappi sotto un piatto,"Pasta con frattura a blocchi, stirata, fitta di microocchiature e piccoli strappi sotto una zona piatta.",4,41176,
Struttura della Pasta::ottima al centro diversa in periferia,Struttura della Pasta,"Ottima al centro, Diversa in periferia","Pasta omogenea al centro, diversa in periferia.",4,51673,
Struttura della Pasta::le fessure sono tante da far se veste la forma tagliata su tutta la superficie la grana è grossolana in alcuni punti,Struttura della Pasta,"Le fessure sono tante da far se!veste la forma tagliata su tutta la superficie, la grana è grossolana in alcuni punti",Pasta con numerose fessure diffuse su tutta la superficie e grana grossolana in alcuni punti.,4,5133,
Struttura della Pasta::grana un poco grossolana con frattura con gobbe e avvallamenti evidenti microocchiature 1 mm diffuse in un punto sotto 1 piatto grappolo con qualche occhiatura più grande piccoli cristalli non frequenti,Struttura della Pasta,Grana un Poco grossolana con Frattura con gobbe e avvallamenti evidenti microocchiature 1 mm diffuse in un punto sotto 1 piatto grappolo con qualche occhiatura più grande piccoli cristalli non frequenti,"Pasta con grana leggermente grossolana, frattura irregolare con gobbe e avvallamenti, microocchiatura diffusa in una zona, qualche occhiatura più grande e piccoli cristalli.",4,12901,
Struttura della Pasta::microocchiatura centrale ruvida,Struttura della Pasta,Microocchiatura centrale Ruvida,"Pasta con microocchiatura al centro, ruvida.",4,31952,
Struttura della Pasta::frattura regolare ma estremamente stirato e qualche microocchiatura,Struttura della Pasta,Frattura regolare ma estremamente stirato e qualche microocchiatura,Pasta con frattura regolare ma estremamente stirata e qualche microocchiatura.,4,30801,
Struttura della Pasta::microocchiatura non regolare centro stirato,Struttura della Pasta,Microocchiatura Non regolare Centro stirato,Pasta con microocchiatura non regolare e centro stirato.,4,11640,
Struttura della Pasta::abbastanza regolare con cristalli bianchi,Struttura della Pasta,Abbastanza regolare con cristalli bianchi,Pasta abbastanza regolare con cristalli bianchi.,4,15641,
Struttura della Pasta::bella frattura struttura granulosa con lievi striature,Struttura della Pasta,"Bella frattura, struttura granulosa con lievi striature","Pasta con bella frattura, struttura granulosa e lievi striature.",4,7524,
Struttura della Pasta::striature centrale evidente avvallamenti microocchiature vicino a piatto,Struttura della Pasta,"Striature centrale evidente ,avvallamenti , microocchiature vicino a piatto","Pasta con striature centrali evidenti, avvallamenti e microocchiature verso il piatto.",4,47565,
Struttura della Pasta::granulosa frattura regolare,Struttura della Pasta,"Granulosa, frattura regolare",Pasta granulosa con frattura regolare.,4,31881,
Struttura della Pasta::microcchiature molto diffusa un grappolo di occhi frattura strana,Struttura della Pasta,Microcchiature molto diffusa un grappolo di occhi frattura strana,"Pasta con microocchiatura molto diffusa, un grappolo di occhi e frattura irregolare.",4,351,
Struttura della Pasta::molti strani sia sotto un piatto che verso gli scazi,Struttura della Pasta,Molti strani sia sotto un piatto che verso gli scazi,Pasta con molti occhi irregolari sia nella zona centrale che verso lo scalzo.,4,4063,
Struttura della Pasta::granuloso ma tende ad impastare e lascia residuo polversos qualche cristallo,Struttura della Pasta,granuloso ma tende ad impastare e lascia residuo polversos qualche cristallo,"Pasta granulosa che tende a impastare, con residuo polveroso e alcuni cristalli.",4,27892,
Struttura della Pasta::leggera disidratata,Struttura della Pasta,Leggera disidratata,Pasta leggermente disidratata.,4,3283,
Struttura della Pasta::numerosi occhi di circa 4 mm,Struttura della Pasta,Numerosi Occhi di circa 4 mm,Pasta con numerose occhiature di medio-piccole dimensioni.,10,2189,
Struttura della Pasta::stirata fratture,Struttura della Pasta,"Stirata, fratture",Pasta stirata con fratture.,4,24345,
Struttura della Pasta::microocchiatura spinoso stirato,Struttura della Pasta,"Microocchiatura, spinoso, stirato","Pasta con microocchiatura, aspetto spinoso e stirata.",4,35783,
Struttura della Pasta::plastica omogenea un poco versata e un poco stirata,Struttura della Pasta,Plastica omogenea !un Poco versata e un Poco stirata,"Pasta omogenea, leggermente versata e leggermente stirata.",2,46267,
Struttura della Pasta::disomogenea area sotto un piatto stirata,Struttura della Pasta,Disomogenea Area sotto un piatto stirata,"Pasta disomogenea, con area sottostante al piatto stirata.",4,41455,
Struttura della Pasta::1/4 della mezza forma è liscia non grandiosa con presenza di numerosi occhi da 4mm e una lunga frattura di 3 cm,Struttura della Pasta,"1/4 della mezza forma è liscia,non grandiosa, con presenza di numerosi occhi da 4mm e una lunga frattura di 3 cm",Pasta liscia non grandiosa con numerosi occhi di medie dimensioni e una lunga frattura.,4,51756,
Struttura della Pasta::frattura irregolare e striature,Struttura della Pasta,Frattura irregolare e striature,Pasta con frattura irregolare e striature.,4,47562,
Struttura della Pasta::qualche microocchiatura spacco centrale grana non molto bella (piatto ma),Struttura della Pasta,"Qualche microocchiatura, spacco centrale, grana non molto bella (piatto ma)","Pasta con qualche microocchiatura, spacco centrale e grana non molto bella, dall'aspetto piatto.",4,36946,
Struttura della Pasta::una fascia con occhiatura non micro rottura regolare,Struttura della Pasta,"Una fascia con occhiatura non micro, rottura regolare",Pasta con una fascia caratterizzata da occhiatura non micro e frattura regolare.,4,12976,
Struttura della Pasta::lunga frattura che corre in centro più altre più piccole centrali e sotto un piatto asta stirata,Struttura della Pasta,"Lunga frattura che corre in centro più altre più piccole centrali e sotto un piatto, asta stirata","Pasta con una frattura centrale allungata, accompagnata da altre fratture più piccole al centro e sotto, e asta stirata.",4,32415,
Struttura della Pasta::grana grossolana con presenza di grana assente fine occhiatura assente e frattura media,Struttura della Pasta,Grana grossolana con presenza di grana assente fine. Occhiatura assente e frattura media,"Pasta con grana grossolana e assenza di grana fine, occhiatura assente e frattura media.",4,35488,
Struttura della Pasta::1 frattura 5 cm frattura e grana regolare,Struttura della Pasta,1 frattura 5 cm frattura e grana regolare,Pasta con una frattura e grana regolare.,4,20526,
Struttura della Pasta::bella frattura grana presente zona che tende allo stirato e alla foglia zone umide quasi gessate,Struttura della Pasta,"Bella frattura, grana presente, zona che tende allo stirato e alla foglia, zone umide quasi gessate","Pasta con bella frattura e grana presente, zona tendente allo stirato e alla foglia, aree umide quasi gessate.",4,7370,
Struttura della Pasta::grana grossa ma anna omogenea frattura molto buona,Struttura della Pasta,"Grana grossa ma Anna omogenea, Frattura molto buona,",Pasta con grana grossa ma omogenea e frattura regolare.,4,41401,
Struttura della Pasta::non omogenea con parti ruvide,Struttura della Pasta,Non omogenea con parti ruvide,Pasta non omogenea con parti ruvide.,4,11430,
Struttura della Pasta::piccole fratture orizzontali,Struttura della Pasta,Piccole fratture orizzontali,Pasta con piccole fratture orizzontali.,4,2557,
Struttura della Pasta::fessura grande e tante piccole grana tende fine,Struttura della Pasta,Fessura grande e tante piccole grana tende fine,Pasta con una fessura grande e grana fine con tendenza a piccoli granuli.,4,30853,
Struttura della Pasta::spugna fessura stirata grana poco formata,Struttura della Pasta,Spugna fessura stirata grana poco formata,"Pasta spugnosa con fessura, stirata e grana poco formata.",4,13889,
Struttura della Pasta::microocch molto diffusa,Struttura della Pasta,Microocch molto diffusa,Pasta con microocchiatura molto diffusa.,6,37028,
Struttura della Pasta::spugnosa tutta la pasta grana discreta,Struttura della Pasta,"Spugnosa tutta la pasta, grana discreta",Pasta spugnosa con grana discreta.,4,35725,
Struttura della Pasta::parte centrale non strutturata,Struttura della Pasta,Parte centrale non strutturata,Pasta con parte centrale non strutturata.,4,729,
Struttura della Pasta::struttura grandiosa non fine ma omogenea,Struttura della Pasta,Struttura grandiosa non fine ma omogenea,"Pasta grandiosa, non fine ma omogenea.",4,5899,
Struttura della Pasta::frattura irregolare con evidenti blocchi una sfoglia di 6 cm grandi a un poco grossa evidenti i cristalli,Struttura della Pasta,Frattura irregolare con evidenti blocchi una sfoglia di 6 cm Grandi a un poco grossa Evidenti i cristalli,"Pasta con frattura irregolare, blocchi marcati e cristalli evidenti.",4,40430,
Struttura della Pasta::frattura grossolana fessura grande bella grana fine,Struttura della Pasta,Frattura grossolana fessura grande bella grana fine,"Pasta con frattura grossolana, grande fessura e bella grana fine.",4,40438,
Struttura della Pasta::striato centralmente con microocchiatura diffusa,Struttura della Pasta,Striato centralmente con Microocchiatura diffusa,Pasta striata centralmente con microocchiatura diffusa.,4,11644,
Struttura della Pasta::pasta stirata qualche microocchiatura,Struttura della Pasta,"Pasta stirata, qualche microocchiatura",Pasta stirata con qualche microocchiatura.,4,33807,
Struttura della Pasta::occhiatura e piccoli strappi lieve dittatura disomogeneo nella 2 metà,Struttura della Pasta,"Occhiatura e piccoli strappi, lieve dittatura, disomogeneo nella 2 metà","Pasta con occhiatura e piccoli strappi, leggera stiratura, disomogenea nella seconda metà.",4,44340,
Struttura della Pasta::a tratti struttura bella bella,Struttura della Pasta,A tratti struttura bella bella,Pasta con bella struttura a tratti.,4,50906,
Struttura della Pasta::spugnatura molto fine ma diffusa nella parte centrale della forma frattura inregolare,Struttura della Pasta,"Spugnatura molto fine, ma diffusa nella parte centrale della forma, Frattura inregolare",Pasta con spugnatura molto fine diffusa nella parte centrale e frattura irregolare.,4,41182,
Struttura della Pasta::un poco' stirata frattura non regolare,Struttura della Pasta,"Un poco' stirata, frattura non regolare,","Pasta leggermente stirata, frattura irregolare.",4,14305,
Struttura della Pasta::grana regolare un poco grossa 1 piccola frattura centrale,Struttura della Pasta,Grana regolare un poco grossa 1 piccola frattura centrale,"Pasta con grana regolare e poco grossa, una piccola frattura al centro.",4,36939,
Struttura della Pasta::cedevole umida poco granulosa,Struttura della Pasta,"cedevole, umida, poco granulosa","Pasta cedevole, umida, poco granulosa.",4,27400,
Struttura della Pasta::stirata occhiatura,Struttura della Pasta,Stirata Occhiatura,Pasta stirata con occhiatura.,4,11649,
Struttura della Pasta::taglio regolare leggermente spagnola a centro,Struttura della Pasta,"Taglio regolare, leggermente spagnola a centro","Pasta con frattura regolare, leggermente stirata al centro.",4,23857,
Struttura della Pasta::foro centrale evidente,Struttura della Pasta,Foro centrale evidente,Pasta con occhiatura evidente al centro.,4,42895,
Struttura della Pasta::buona la frattura grana omogenea granulosa,Struttura della Pasta,"Buona la frattura. Grana omogenea, granulosa","Pasta con buona frattura, grana omogenea e granulosa.",4,16771,
Struttura della Pasta::ruvida e gessata per un cm sotto i piatti e scalzo,Struttura della Pasta,Ruvida e gessata per un cm sotto i piatti e scalzo,"Pasta ruvida e gessata nella zona superficiale, tendente verso lo scalzo.",4,49121,
Struttura della Pasta::qualche microocchiatura grana bella spacco,Struttura della Pasta,"Qualche microocchiatura, grana bella ,spacco","Pasta con qualche microocchiatura, bella grana e uno spacco.",4,33884,
Struttura della Pasta::frattura irregolare grana in parte tendente allo stirato,Struttura della Pasta,"Frattura irregolare, grana in parte tendente allo stirato",Pasta con frattura irregolare e grana in parte tendente allo stirato.,4,32265,
Struttura della Pasta::frattura a scaglie grana con striature e qualche piccolo strappi,Struttura della Pasta,Frattura a scaglie grana con striature e qualche piccolo strappi,"Pasta con frattura a scaglie, grana con striature e piccoli strappi.",4,47167,
Struttura della Pasta::nebulosa abbastanza regolare,Struttura della Pasta,"Nebulosa, abbastanza regolare","Pasta nebulosa, abbastanza regolare.",4,14165,
Struttura della Pasta::stirata con aree grossolana presenza di stacchi,Struttura della Pasta,Stirata con aree grossolana Presenza di stacchi,Pasta stirata con aree grossolane e presenza di stacchi.,4,32414,
Struttura della Pasta::microocchiatura abbondante tendente allo spugnoso sfumatura centrale,Struttura della Pasta,Microocchiatura abbondante tendente allo spugnoso. Sfumatura centrale,Pasta con microocchiatura abbondante tendente allo spugnoso e sfumatura centrale.,4,44249,
Struttura della Pasta::taglio irregolare e leggermente spagnola al centro,Struttura della Pasta,Taglio irregolare e leggermente spagnola al centro,Pasta con taglio irregolare e leggermente stirata al centro.,4,12909,
Struttura della Pasta::un lato presenta una spugnatura più evidente,Struttura della Pasta,Un lato presenta una spugnatura più evidente,Pasta con spugnosità più evidente su un lato.,4,22231,
Struttura della Pasta::presenza di occhiatura fine distribuita bella frattura ma grana non molto profilata,Struttura della Pasta,"Presenza di Occhiatura fine distribuita, bella frattura ma grana non molto profilata","Pasta con occhiatura fine distribuita e bella frattura, ma grana non molto profilata.",4,13187,
Struttura della Pasta::tante piccole fratture di 1 o 2 cm su tutta la superficie,Struttura della Pasta,Tante piccole fratture di 1 o 2 cm su tutta la superficie,Pasta con numerose piccole fratture diffuse su tutta la superficie.,4,5128,
Struttura della Pasta::manca la granulosità,Struttura della Pasta,Manca la granulosità,Pasta priva di granulosità.,4,50157,
Struttura della Pasta::pare molto asciutta,Struttura della Pasta,Pare molto asciutta,Pasta disidratata.,4,194,
Struttura della Pasta::presenza microocchiatura ruvida,Struttura della Pasta,Presenza Microocchiatura RUVIDA,Pasta con microocchiatura e aspetto ruvido.,4,41343,
Struttura della Pasta::numerosi piccoli strappi bella grana,Struttura della Pasta,Numerosi piccoli strappi bella grana,Pasta con numerosi piccoli strappi e bella grana.,4,42613,
Struttura della Pasta::tagliata storta tante scaglie,Struttura della Pasta,Tagliata storta tante scaglie,Pasta con frattura irregolare e numerose scaglie.,4,333,
Struttura della Pasta::bella grana ma un poco disomogenea,Struttura della Pasta,"Bella grana, ma un Poco disomogenea","Pasta con bella grana, leggermente disomogenea.",4,35606,
Struttura della Pasta::1 occhio centrale 2 cm diametro,Struttura della Pasta,1 occhio centrale 2 cm diametro,Pasta con un'occhiatura centrale di diametro medio.,4,4108,
Struttura della Pasta::spacchi e zone non omogenee,Struttura della Pasta,Spacchi e zone non omogenee,Pasta con spacchi e zone non omogenee.,4,20153,
Struttura della Pasta::stirata molto al centro ampia zona con occhiatura anche grossa effetto spugna frattura grossolana,Struttura della Pasta,Stirata molto al centro ampia zona con Occhiatura anche grossa effetto spugna frattura grossolana,"Pasta stirata molto al centro con ampia zona di occhiatura anche grossa, effetto spugnoso e frattura grossolana.",4,11579,
Struttura della Pasta::le diverse strutture sono ben separate tra loro zona spugnosa in centro,Struttura della Pasta,"Le diverse strutture sono ben separate tra loro, zona spugnosa in centro",Pasta con zone strutturali ben separate e area centrale spugnosa.,4,49182,
Struttura della Pasta::leggera microocchiatura diffusa centrale,Struttura della Pasta,Leggera Microocchiatura diffusa centrale,Pasta con leggera microocchiatura diffusa al centro.,4,22325,
Struttura della Pasta::frattura regolare leggermente striato e microocchiatura,Struttura della Pasta,"Frattura regolare,leggermente striato e microocchiatura","Pasta con frattura regolare, leggermente striata e microocchiatura.",4,24272,
Struttura della Pasta::frattura ok pasta poco granulosa con tendenza allo stirato,Struttura della Pasta,"Frattura ok, pasta poco granulosa con tendenza allo stirato","Pasta con frattura regolare, poco granulosa e tendente allo stirato.",4,37368,
Struttura della Pasta::leggermente cedevole mediamente granulosa mediamente solubile pochi microcristalli,Struttura della Pasta,"leggermente cedevole, mediamente granulosa, mediamente solubile, pochi microcristalli","Pasta leggermente cedevole, mediamente granulosa, con pochi microcristalli.",4,27890,
Struttura della Pasta::frattura irregolare una crepa,Struttura della Pasta,"Frattura irregolare,una crepa",Pasta con frattura irregolare e una crepa.,4,40434,
Struttura della Pasta::grossa frattura interna,Struttura della Pasta,Grossa frattura interna,Pasta con una grossa frattura interna.,5,1478,
Struttura della Pasta::spaccatura irregolare a zone grana fine,Struttura della Pasta,"Spaccatura irregolare, a zone grana fine",Pasta con spaccatura irregolare e grana fine a zone.,4,34424,
Struttura della Pasta::difetti leggeri,Struttura della Pasta,Difetti leggeri,Pasta con difetti leggeri.,4,3854,
Struttura della Pasta::grosso accumulo di cristalli sembra sierosa,Struttura della Pasta,"Grosso accumulo di cristalli,sembra sierosa","Pasta con grosso accumulo di cristalli, dall'aspetto sieroso.",4,50287,
Struttura della Pasta::disidratata a zone,Struttura della Pasta,Disidratata a zone,Pasta disidratata a zone.,4,49651,
Struttura della Pasta::asciutta granulosa non molto solubile pochi microcristalli,Struttura della Pasta,"asciutta, granulosa, non molto solubile, pochi microcristalli","Pasta asciutta e granulosa, con pochi microcristalli.",4,27750,
Struttura della Pasta::due piccole aree spagnole in centro con microocchiatura raggruppati nel resto della forma la microocchiatura è più distanziata,Struttura della Pasta,"Due piccole aree spagnole in centro con Microocchiatura raggruppati. Nel resto della forma, la Microocchiatura è più distanziata",Pasta con microocchiatura raggruppata al centro e più distanziata nel resto della forma.,4,5295,
Struttura della Pasta::frattura abbastanza regolare con una frattua di 4 5 cm,Struttura della Pasta,"Frattura abbastanza regolare, con una frattua di 4,5 cm",Pasta con frattura abbastanza regolare.,4,41406,
Struttura della Pasta::occhiatura spugnosa grana bella,Struttura della Pasta,"Occhiatura spugnosa, grana bella",Pasta con occhiatura spugnosa e bella grana.,2,46356,
Struttura della Pasta::grana troppo arrotondata micro occhiatura centrale spacco,Struttura della Pasta,"Grana troppo arrotondata, micro occhiatura centrale, spacco","Pasta con grana arrotondata, microocchiatura centrale e spacco.",4,47229,
Struttura della Pasta::frattura bella presenza di uno spacco,Struttura della Pasta,"Frattura bella, presenza di uno spacco,",Pasta con bella frattura e presenza di uno spacco.,8,29597,
Struttura della Pasta::regolare un occhio a centro da 7mm,Struttura della Pasta,Regolare un occhio a centro da 7mm,Pasta regolare con un occhio al centro.,4,42902,
Struttura della Pasta::abbastanza regolare e anche grana ben presente,Struttura della Pasta,Abbastanza regolare e anche grana ben presente,Pasta abbastanza regolare con grana ben presente.,4,4952,
Struttura della Pasta::occhiatura anche grande occhio grande e fessura grana grossolana,Struttura della Pasta,Occhiatura anche grande occhio grande e fessura Grana grossolana,"Pasta con occhiatura anche grande, grana grossolana e una fessura.",4,18395,
Struttura della Pasta::tante piccole spaccature nei pressi di uno scalzo,Struttura della Pasta,Tante pIccole spaccature nei pressi di uno scalzo,Pasta con numerose piccole spaccature nei pressi dello scalzo.,4,50494,
Struttura della Pasta::struttura assente pasta omogeneamente e completamente stirata,Struttura della Pasta,Struttura assente. Pasta omogeneamente e completamente stirata,Pasta omogeneamente stirata in tutta la struttura.,4,51486,
Struttura della Pasta::frattura regolare struttura granulare ma di aspetto compatto,Struttura della Pasta,"Frattura regolare, struttura granulare ma di aspetto compatto,","Pasta con frattura regolare, struttura granulare e aspetto compatto.",4,17007,
Struttura della Pasta::bella leggero occhiatura,Struttura della Pasta,Bella Leggero occhiatura,Pasta con bella occhiatura leggera.,8,29086,
Struttura della Pasta::stirata zona centrale occhio grande zone con microocchiatura grana presente,Struttura della Pasta,Stirata zona centrale occhio grande zone con microocchiatura grana presente,"Pasta stirata al centro con occhio grande, microocchiatura in zone, grana presente.",4,42901,
Struttura della Pasta::qualche microocchiatura centrale grana buona,Struttura della Pasta,"Qualche microocchiatura centrale, grana buona",Pasta con qualche microocchiatura al centro e bella grana.,4,35605,
Struttura della Pasta::vuole fratture sotto un piatto,Struttura della Pasta,Vuole fratture sotto un piatto,Pasta con fratture sotto una superficie piatta.,4,4759,
Struttura della Pasta::stirata bocciatura in zona ampia centrale non uniformemente formata,Struttura della Pasta,Stirata bocciatura in zona ampia centrale non uniformemente formata,"Pasta stirata con bocciatura in zona centrale ampia, non uniformemente formata.",8,29214,
Struttura della Pasta::scaglione struttura localizzata qualche microocchiatura,Struttura della Pasta,"Scaglione,struttura localizzata, qualche microocchiatura",Pasta con scaglionatura localizzata e qualche microocchiatura.,4,16854,
Struttura della Pasta::frattura irregolare a scaglie striato e con occhiature,Struttura della Pasta,"Frattura irregolare a scaglie,striato e con occhiature","Pasta con frattura irregolare a scaglie, striata e con occhiature.",4,16850,
Struttura della Pasta::grana fine frattura regolare,Struttura della Pasta,"Grana fine, frattura regolare",Pasta a grana fine con frattura regolare.,4,16929,
Struttura della Pasta::disomogenea grossolana,Struttura della Pasta,"Disomogenea, grossolana",Pasta disomogenea e grossolana.,4,47395,
Struttura della Pasta::grande area spagnola centrale,Struttura della Pasta,Grande area spagnola centrale,Pasta con una grande area spagnola al centro.,4,5122,
Struttura della Pasta::la parte centrale sembra appartenere ad un'altra forma la parte esterna sarebbe bellissima,Struttura della Pasta,La parte centrale sembra appartenere ad un'altra forma. La parte esterna sarebbe bellissima,NON_DESCRITTO,4,51008,
Struttura della Pasta::presenza di spaccature ),Struttura della Pasta,Presenza di spaccature :-),Pasta con spaccature.,4,44671,
Struttura della Pasta::leggermente stirata fratturata sotto il piatto frattura abbastanza regolare,Struttura della Pasta,"Leggermente stirata, fratturata sotto il piatto, frattura abbastanza regolare","Pasta leggermente stirata, fratturata sotto il piatto con frattura abbastanza regolare.",4,25563,
Struttura della Pasta::pasta tendente al ruvido in una area centrale,Struttura della Pasta,Pasta tendente al RUVIDO in una area centrale,Pasta tendente al ruvido nell'area centrale.,4,49660,
Struttura della Pasta::struttura non fine cristalli non percepiti,Struttura della Pasta,Struttura non fine. cristalli non percepiti,"Pasta non fine, priva di cristalli percettibili.",4,27828,
Struttura della Pasta::microocchiatura effetto spugna con occhiob15 mm,Struttura della Pasta,Microocchiatura effetto spugna con occhiob15 mm,"Pasta con microocchiatura diffusa e aspetto spugnoso, con occhiature di medio-grande dimensione.",4,23919,
Struttura della Pasta::struttura abbastanza bella ma con area spugnosa al centro e occhio di medie dimensioni,Struttura della Pasta,Struttura abbastanza bella ma con area spugnosa al centro e occhio di medie dimensioni,Pasta abbastanza bella con area spugnosa al centro e occhio di medie dimensioni.,4,31960,
Struttura della Pasta::striature centrali,Struttura della Pasta,Striature centrali,Pasta con striature al centro.,4,32263,
Struttura della Pasta::striature centrali con microocchiatura,Struttura della Pasta,Striature centrali con Microocchiatura,Pasta con striature centrali e microocchiatura.,4,25638,
Struttura della Pasta::stirata e qualche microocchiatura,Struttura della Pasta,Stirata e qualche microocchiatura,Pasta stirata con qualche microocchiatura.,4,9474,
Struttura della Pasta::difettosa stirata a tratti micro occhiatura,Struttura della Pasta,"Difettosa, stirata, a tratti micro occhiatura","Pasta difettosa, stirata e con microocchiatura a tratti.",4,41517,
Struttura della Pasta::piccole fessure sotto un piatto,Struttura della Pasta,Piccole fessure sotto un piatto,Pasta con piccole fessure sotto un piatto.,4,1017,
Struttura della Pasta::disomogeneità qualche strappo frattura irregolare,Struttura della Pasta,"Disomogeneità, qualche strappo, frattura irregolare",Pasta disomogenea con qualche strappo e frattura irregolare.,4,37451,
Struttura della Pasta::frattura abbastanza regolare e grana media su 1 lato più grossa e un poco spugnosa,Struttura della Pasta,Frattura abbastanza regolare e grana media su 1 lato più grossa e un Poco spugnosa,"Pasta con frattura abbastanza regolare e grana media, più grossa e leggermente spugnosa su un lato.",4,37275,
Struttura della Pasta::stirata spinosa con occhiatura e fratture,Struttura della Pasta,"Stirata, spinosa, con Occhiatura e fratture","Pasta stirata, spinosa, con occhiatura e fratture.",4,33729,
Struttura della Pasta::disomogenea con centro striato,Struttura della Pasta,Disomogenea con centro striato,Pasta disomogenea con centro striato.,4,9887,
Struttura della Pasta::presenza di piccola sfoglia grana poco profilata e struttura stirata al centro,Struttura della Pasta,"Presenza di piccola sfoglia, grana poco profilata e struttura stirata al centro","Pasta con piccola sfoglia, grana poco profilata e struttura stirata al centro.",4,25642,
Struttura della Pasta::frattura evidente fessura leggera grana presente ma grossolana,Struttura della Pasta,Frattura evidente fessura leggera grana presente ma grossolana,"Pasta con frattura evidente, leggera fessura e grana grossolana.",4,5907,
Struttura della Pasta::bella grana ma la struttura è slegata e il formaggio è pieno di piccoli spacchi,Struttura della Pasta,Bella grana ma la struttura è slegata e il formaggio è pieno di piccoli spacchi,Pasta con bella grana ma struttura slegata e numerosi piccoli spacchi.,4,47172,
Struttura della Pasta::omogenea,Struttura della Pasta,Omogenea,Pasta omogenea.,4,7364,
Struttura della Pasta::microcchiature minime,Struttura della Pasta,Microcchiature minime,Pasta con microocchiature minime.,4,462,
Struttura della Pasta::striata solo leggermente,Struttura della Pasta,Striata solo leggermente,Pasta con leggere striature.,4,4218,
Struttura della Pasta::un'area con microocchiatura frattura molto irregolare struttura grandiosa con aree tendente allo stirato,Struttura della Pasta,Un'area con Microocchiatura Frattura molto irregolare Struttura grandiosa con aree tendente allo stirato,"Pasta con microocchiatura, frattura irregolare e struttura grandiosa, con aree tendente allo stirato.",4,41175,
Struttura della Pasta::brutta grana striature evidente qualche micro occhiatura,Struttura della Pasta,"Brutta grana , striature evidente qualche micro occhiatura","Pasta con grana irregolare, striature evidenti e qualche microocchiatura.",4,47397,
Struttura della Pasta::stirata compatta con zona centrale tendente al gessato forte microocchiature concentrate al centro,Struttura della Pasta,Stirata compatta con zona centrale tendente al gessato forte microocchiature concentrate al centro,"Pasta stirata e compatta con zona centrale tendente al gessato, microocchiature concentrate al centro.",4,35780,
Struttura della Pasta::evidente spaccatura nel centro brutta frattura grana quasi assente,Struttura della Pasta,"Evidente Spaccatura nel centro, brutta Frattura, grana quasi assente","Pasta con evidente spaccatura al centro, frattura irregolare e grana quasi assente.",4,32422,
Struttura della Pasta::evidente frattura 8 cm e altre più piccole pasta tendente allo stirato evidenti cristalli perle e microocchiatura,Struttura della Pasta,Evidente frattura 8 cm e altre più piccole pasta tendente allo stirato .evidenti cristalli perle e microocchiatura,"Pasta con frattura pronunciata, altre più piccole, tendente allo stirato, cristalli e microocchiatura.",4,44668,
Struttura della Pasta::occhi grossi struttura presente,Struttura della Pasta,Occhi grossi struttura presente,Pasta con occhiatura grossolana e struttura presente.,4,12978,
Struttura della Pasta::discreto taglio presenza di frattura interne buona grana tendente al fine omogena,Struttura della Pasta,"Discreto taglio. Presenza di frattura interne. Buona grana tendente al fine, omogena","Pasta con fratture interne, buona grana tendente al fine e omogenea.",4,16925,
Struttura della Pasta::zona sotto un piatto con frattura grana media,Struttura della Pasta,Zona sotto un piatto con frattura grana media,Pasta con frattura a grana media nella zona sottostante il piatto.,4,25558,
Struttura della Pasta::1 punto in meno per lo spacco enorme una forma così non dovrebbe arrivare al panel,Struttura della Pasta,1 punto in meno per lo spacco enorme. Una forma così Non dovrebbe arrivare al panel,Pasta con spacco enorme.,4,3537,
Struttura della Pasta::peccato per irregolarità di frattura,Struttura della Pasta,Peccato per irregolarità di frattura,Pasta con irregolarità di frattura.,4,28,
Struttura della Pasta::grandiosa regolare,Struttura della Pasta,Grandiosa regolare,Pasta con grana grandiosa e regolare.,4,30651,
Struttura della Pasta::striature e occhiature centrali,Struttura della Pasta,Striature e occhiature centrali,Pasta con striature e occhiature al centro.,4,44336,
Struttura della Pasta::rade microocch qualche zona stirata,Struttura della Pasta,"Rade microocch, qualche zona stirata",Pasta con rade microocchiature e qualche zona stirata.,4,18852,
Struttura della Pasta::al centro spugnosa,Struttura della Pasta,Al centro spugnosa,Pasta spugnosa al centro.,4,51320,
Struttura della Pasta::pochi cristalli,Struttura della Pasta,pochi cristalli,Pasta con pochi cristalli.,4,27897,
Struttura della Pasta::struttura non omogenea in parte stirata con occhiatura piccola e media al centro aspetto spugnoso,Struttura della Pasta,"Struttura non omogenea, in parte stirata con occhiatura piccola e media. Al centro aspetto spugnoso.","Pasta non omogenea, in parte stirata con occhiatura piccola e media, aspetto spugnoso al centro.",4,11225,
Struttura della Pasta::frattura ok grana eterogenea a tratti bella a tratti quasi eccessiva,Struttura della Pasta,"Frattura ok, grana eterogenea, a tratti bella a tratti quasi eccessiva","Pasta con frattura regolare, grana eterogenea, a tratti bella a tratti quasi eccessiva.",4,35607,
Struttura della Pasta::divisa a metà una parte grana grossa regolare una stirata con occhi fessure,Struttura della Pasta,"Divisa a metà, una parte grana grossa regolare una stirata con occhi, fessure","Pasta divisa a metà: una parte con grana grossa regolare, l'altra stirata con occhiatura e fessure.",4,987,
Struttura della Pasta::bel taglio bella struttura fine in zona centrale più grandiosa verso estrno,Struttura della Pasta,"Bel taglio. Bella struttura fine in zona centrale, più Grandiosa verso estrno","Pasta con bella struttura fine al centro, grandiosa verso l'esterno.",4,36941,
Struttura della Pasta::stirata in un angolo sotto scalzo e sotto piatto,Struttura della Pasta,Stirata in un angolo sotto scalzo e sotto piatto,Pasta stirata in un angolo sotto scalzo e sotto piatto.,4,49180,
Struttura della Pasta::taglio irregolare lieve striature centrale,Struttura della Pasta,Taglio irregolare. Lieve striature centrale,Pasta con taglio irregolare e leggere striature al centro.,4,47392,
Struttura della Pasta::singola occhiatura di medie dimensioni struttura molto grossolana ma abbastanza regolare,Struttura della Pasta,"Singola occhiatura di medie dimensioni, struttura molto grossolana ma abbastanza regolare","Pasta con una occhiatura di medie dimensioni, struttura molto grossolana ma abbastanza regolare.",4,21777,
Struttura della Pasta::scagliosa grana un poco' arrotondata occhiature su angolo,Struttura della Pasta,"Scagliosa,grana un poco' arrotondata ,Occhiature su angolo",Pasta scagliosa con grana leggermente arrotondata e occhiature presenti su un angolo.,4,17008,
Struttura della Pasta::zone leggermente stirata qualche microocchiatura,Struttura della Pasta,"Zone leggermente stirata, qualche Microocchiatura",Pasta con zone leggermente stirate e qualche microocchiatura.,4,9975,
Struttura della Pasta::ampia zona centrale spugnosa,Struttura della Pasta,Ampia zona centrale spugnosa,Pasta con ampia zona centrale spugnosa.,4,48767,
Struttura della Pasta::presenza di degustazioni grosse scaglie la grana tende ad avere una direzione non stirata grana meno evidente al centro frattura discreta,Struttura della Pasta,"Presenza di degustazioni, grosse scaglie.. La grana tende ad avere una direzione, non stirata. Grana meno evidente al centro, frattura discreta","Pasta con grossa scagliatura e grana tendente a una direzione, non stirata, meno evidente al centro, con frattura discreta.",4,6053,
Struttura della Pasta::un poco di disomogeneità,Struttura della Pasta,Un Poco di disomogeneità,Pasta con lieve disomogeneità.,4,44172,
Struttura della Pasta::buon taglio presenza di spaccature struttura granulosa relativamente omogenea accenno allo stirato in centro,Struttura della Pasta,Buon taglio. Presenza di spaccature.Struttura granulosa relativamente omogenea. Accenno allo stirato in centro,Pasta granulosa relativamente omogenea con spaccature e leggera stiratura al centro.,4,30604,
Struttura della Pasta::frattura abbastanza regolare struttura dall'aspetto granuloso alcune fessure,Struttura della Pasta,"Frattura abbastanza regolare, struttura dall'aspetto granuloso, alcune fessure","Pasta con frattura abbastanza regolare, struttura granulosa e alcune fessure.",4,17392,
Struttura della Pasta::bella grana,Struttura della Pasta,Bella grana,Pasta con bella grana.,4,31808,
Struttura della Pasta::peccato la frattura,Struttura della Pasta,Peccato la frattura,Pasta con frattura irregolare.,4,827,
Struttura della Pasta::area con pasta ruvida più che gessata,Struttura della Pasta,Area con pasta ruvida più che gessata,"Pasta con area ruvida, più che gessata.",4,49483,
Struttura della Pasta::cristalli evidenti struttura regolare,Struttura della Pasta,Cristalli evidenti Struttura regolare,Pasta con cristalli evidenti e struttura regolare.,4,47505,
Struttura della Pasta::aspetto molto asciutto,Struttura della Pasta,Aspetto molto asciutto,Pasta dall'aspetto molto asciutto.,4,4048,
Struttura della Pasta::frattura ok pasta granulosa con grana non sempre ben definita presenza di spacco centrale,Struttura della Pasta,"Frattura ok, pasta granulosa con grana non sempre ben definita, presenza di spacco centrale",Pasta granulosa con grana non sempre ben definita e presenza di spacco centrale.,4,42620,
Struttura della Pasta::evidente stiratura e microocchiatura presente,Struttura della Pasta,Evidente stiratura e microocchiatura presente,Pasta con evidente stiratura e microocchiatura.,4,21872,
Struttura della Pasta::pasta stirata con frattura a arco fitta microocchiatura 1 mm,Struttura della Pasta,Pasta stirata con frattura a arco fitta Microocchiatura 1 mm,Pasta stirata con frattura a arco fitta e microocchiatura diffusa.,4,44248,
Struttura della Pasta::grana fine con zona spagnola centrale abbastanza diffusa,Struttura della Pasta,"Grana fine con zona spagnola centrale abbastanza diffusa,",Pasta a grana fine con zona centrale abbastanza diffusa.,4,35784,
Struttura della Pasta::difettosa,Struttura della Pasta,Difettosa,Pasta difettosa.,4,21871,
Struttura della Pasta::frattura irregolare struttura irregolare are disomogenea con aree tendenti allo stirato,Struttura della Pasta,Frattura irregolare Struttura irregolare!are disomogenea con aree tendenti allo stirato,"Pasta con frattura irregolare, struttura disomogenea e aree tendenti allo stirato.",4,41399,
Struttura della Pasta::disomogenea perché stirata al centro in alcuni punti struttura assente,Struttura della Pasta,Disomogenea perché stirata al centro. In alcuni punti struttura assente,Pasta disomogenea con stiratura al centro e struttura assente in alcuni punti.,4,25713,
Struttura della Pasta::macchie rosa,Struttura della Pasta,macchie rosa,Pasta con macchie rosa.,4,50177,
Struttura della Pasta::presenza di grana grossa e fine anche frattura non regolare microocchiature presenti sebbene piccole,Struttura della Pasta,"Presenza di grana grossa e fine anche! Frattura non regolare, microocchiature presenti....sebbene piccole","Pasta con grana grossa e fine, frattura irregolare e microocchiature piccole.",4,18471,
Struttura della Pasta::grana di diversa granulosita,Struttura della Pasta,Grana di diversa granulosita,Pasta con grana di diversa granulosità.,4,27,
Struttura della Pasta::frattura da bombardamento peccato perché grana buona fine è piuttosto omogenea,Struttura della Pasta,"Frattura da bombardamento. Peccato perché grana buona, fine è piuttosto omogenea","Pasta con frattura irregolare da bombardamento, grana fine e piuttosto omogenea.",4,42684,
Struttura della Pasta::frattura poco omogenea con qualche frattura ma grana media grossolana,Struttura della Pasta,Frattura poco omogenea con qualche frattura ma grana media grossolana,"Pasta con frattura poco omogenea, grana media e grossolana.",4,37453,
Struttura della Pasta::frattura abbastanza regolare struttura appare granulosa senza particolari difetti,Struttura della Pasta,"Frattura abbastanza regolare, struttura appare granulosa, senza particolari difetti","Pasta con frattura abbastanza regolare e struttura granulosa, senza particolari difetti.",4,11436,
Struttura della Pasta::frattura irregolare striature centrali,Struttura della Pasta,"Frattura irregolare, striature centrali",Pasta con frattura irregolare e striature centrali.,4,42756,
Struttura della Pasta::presente dei buchi problematici,Struttura della Pasta,Presente dei buchi problematici,Pasta con occhiatura irregolare e problematica.,4,4741,
Struttura della Pasta::spugna centrale evidente e sfoglia centrale,Struttura della Pasta,Spugna centrale evidente e sfoglia centrale,Pasta con aspetto spugnoso al centro e sfoglia centrale evidente.,4,40295,
Struttura della Pasta::stiratura e grana media anche fine,Struttura della Pasta,Stiratura e grana media anche fine,Pasta stirata con grana media e fine.,2,46189,
Struttura della Pasta::un paio di spacchi qualche microocchio,Struttura della Pasta,"Un paio di spacchi, qualche microocchio.",Pasta con un paio di spacchi e qualche microocchiatura.,4,13184,
Struttura della Pasta::al centro sbrinz,Struttura della Pasta,Al centro sbrinz,Pasta con sbrinz al centro.,4,1787,
Struttura della Pasta::ottima presenza di grana fine,Struttura della Pasta,Ottima presenza di grana fine,Pasta con bella grana fine.,4,31961,
Struttura della Pasta::lieve discrezionalità nella pasta bella frattura microocchiatura su più zone,Struttura della Pasta,Lieve discrezionalità nella pasta. Bella frattura. Microocchiatura su più zone.,"Pasta con bella frattura e microocchiatura presente su più zone, leggermente disomogenea.",4,16848,
Struttura della Pasta::due aree spagnole di circa 2 5 cm,Struttura della Pasta,"Due aree spagnole di circa 2,5 cm",Pasta con due aree spaccate di dimensioni rilevanti.,4,5326,
Struttura della Pasta::poca grana poco solubile,Struttura della Pasta,"poca grana, poco solubile",Pasta con poca grana.,4,27754,
Struttura della Pasta::tipo sbrinz,Struttura della Pasta,Tipo sbrinz,Pasta tipo sbrinz.,4,1788,
Struttura della Pasta::ideologizzata diffusa con mancanza di struttura,Struttura della Pasta,Ideologizzata diffusa con mancanza di struttura,NON_DESCRITTO,4,26099,
Struttura della Pasta::molto presente la grana frattura media,Struttura della Pasta,Molto presente la grana...Frattura media.,Pasta con grana molto presente e frattura media.,4,18317,
Struttura della Pasta::crepa centrale,Struttura della Pasta,Crepa centrale,Pasta con crepa centrale.,4,37531,
Struttura della Pasta::non omogenea con aree strirate,Struttura della Pasta,Non omogenea con aree strirate,Pasta non omogenea con aree stirate.,4,7977,
Struttura della Pasta::frattura grana regolari ma occhio dav2 cm è fitta microcchiature nel centro e 2 o 3 strappi,Struttura della Pasta,Frattura grana regolari ma occhio dav2 cm è fitta Microcchiature nel centro e 2 o 3 strappi,"Pasta con frattura a grana regolare, occhiatura fitta, microocchiature diffuse al centro e alcuni strappi.",4,30701,
Struttura della Pasta::frattura un poco' irregolare qualche strappo diversa sotto i due piatti,Struttura della Pasta,"Frattura un poco' irregolare, qualche strappo, diversa sotto i due piatti","Pasta con frattura poco irregolare, qualche strappo e struttura diversa sotto i due piatti.",4,6059,
Struttura della Pasta::non granulosa,Struttura della Pasta,Non granulosa,Pasta non granulosa.,18,2015,
Struttura della Pasta::fessure enormi,Struttura della Pasta,Fessure enormi,Pasta con fessure pronunciate.,4,18,
Struttura della Pasta::occhiatura diffusa e di dimensione stiratura centrale granuloso frattura solo discreta,Struttura della Pasta,Occhiatura diffusa e di dimensione. Stiratura centrale.. Granuloso. Frattura solo discreta,"Pasta con occhiatura diffusa di varia dimensione, stiratura centrale, granulosa e frattura discreta.",4,40291,
Struttura della Pasta::spacchi sotto un piatto,Struttura della Pasta,Spacchi sotto un piatto,Pasta con spacchi sotto un piatto.,4,2389,
Struttura della Pasta::occhiatura centrale con occhi oltre 2 mm su di un lato,Struttura della Pasta,Occhiatura centrale con occhi oltre 2 mm su di un lato,"Pasta con occhiatura centrale, occhi di medie dimensioni su un lato.",4,40294,
Struttura della Pasta::grande area stirata e con bocciatura non trascurabile,Struttura della Pasta,Grande area stirata e con bocciatura non trascurabile,Pasta stirata in una grande area con occhiatura non trascurabile.,4,5597,
Struttura della Pasta::stirata com microocchiatura,Struttura della Pasta,Stirata com microocchiatura,Pasta stirata con microocchiatura.,4,20211,
Struttura della Pasta::sotto un piatto zona con piccoli strappi,Struttura della Pasta,Sotto un piatto zona con piccoli strappi,Pasta con piccoli strappi nella zona sottostante al piatto.,8,49751,
Struttura della Pasta::non omogenea e granulosa presenza di occhiatura e microocchiatura concentrata su meta forma frattura abbastanza omogenea,Struttura della Pasta,Non omogenea e granulosa Presenza di occhiatura e microocchiatura concentrata su meta forma Frattura abbastanza omogenea,"Pasta non omogenea e granulosa, con occhiatura e microocchiatura concentrate su metà della forma e frattura abbastanza omogenea.",4,40289,
Struttura della Pasta::visibilmente stirata con presenza di micro occhiatura a tratti,Struttura della Pasta,Visibilmente stirata con presenza di micro occhiatura a tratti,Pasta visibilmente stirata con microocchiatura a tratti.,4,5598,
Struttura della Pasta::stirato e spugnoso,Struttura della Pasta,Stirato e spugnoso,Pasta stirata e spugnosa.,4,13183,
Struttura della Pasta::leggermente stirata con grana grossa,Struttura della Pasta,Leggermente stirata con grana grossa,Pasta leggermente stirata con grana grossolana.,2,46939,
Struttura della Pasta::ruvida,Struttura della Pasta,Ruvida,Pasta ruvida.,40,4492,
Struttura della Pasta::stirata leggermente e grossolana,Struttura della Pasta,Stirata Leggermente e grossolana,Pasta leggermente stirata e grossolana.,4,13818,
Struttura della Pasta::su tutta la superficie occhi piccoli di circa 1 2 mm e una piccola fessura,Struttura della Pasta,Su tutta la superficie occhi piccoli di circa 1-2 mm e una piccola fessura,Pasta con piccole occhiature su tutta la superficie e una piccola fessura.,10,1971,
Struttura della Pasta::grana omogenea nella sua incompiutezza,Struttura della Pasta,Grana omogenea nella sua incompiutezza,Pasta con grana omogenea nella sua incompiutezza.,4,23850,
Struttura della Pasta::microocchiatura grossolana,Struttura della Pasta,"Microocchiatura, grossolana",Pasta con microocchiatura e grana grossolana.,4,31802,
Struttura della Pasta::la frattura non é bellissima ma la grana é omogenea grumosa,Struttura della Pasta,"La frattura non é bellissima, ma la grana é omogenea, grumosa","Pasta con frattura non bella, grana omogenea e grumosa.",4,31800,
Struttura della Pasta::grossolana e anche fine omogenea bella frattura,Struttura della Pasta,Grossolana e anche fine. Omogenea. Bella frattura!,"Pasta grossolana e fine, omogenea, con bella frattura.",4,9307,
Struttura della Pasta::presenza di molte microocchiature leggermente gessata,Struttura della Pasta,Presenza di molte Microocchiature Leggermente gessata,Pasta con microocchiatura diffusa e aspetto leggermente gessato.,4,24201,
Struttura della Pasta::bella frattura grana presente ma con evidente area spugnosa al centro,Struttura della Pasta,"Bella frattura, grana presente ma con evidente area spugnosa al centro","Pasta con bella frattura e grana presente, ma con evidente area spugnosa al centro.",4,26104,
Struttura della Pasta::una meta molto stirata e poco formata qualche occhiatura zona angolo spugnosa,Struttura della Pasta,Una meta molto stirata e poco formata qualche Occhiatura zona angolo spugnosa,"Pasta con una metà stirata e poco strutturata, con qualche occhiatura, zona angolo spugnosa.",4,20218,
Struttura della Pasta::non regolare,Struttura della Pasta,Non regolare,Pasta non regolare.,4,22316,
Struttura della Pasta::striature e spugna centrale occhio da 7 mm,Struttura della Pasta,"Striature e spugna centrale, occhio da 7 mm","Pasta con striature e spugnosità al centro, con occhiatura di medie dimensioni.",4,13742,
Struttura della Pasta::stirato con grana grossa spaccatura frattura omogenea,Struttura della Pasta,"Stirato con grana grossa, spaccatura, frattura omogenea","Pasta stirata con grana grossa, frattura omogenea e spaccatura.",4,25643,
Struttura della Pasta::grossolani disomogeneo,Struttura della Pasta,Grossolani disomogeneo,Pasta grossolana e disomogenea.,4,1138,
Struttura della Pasta::fratture profonde ampia zona centrale difforme dalla cornice che è pure diversa da un sotto scalzo all altro,Struttura della Pasta,"Fratture profonde, ampia zona centrale difforme dalla cornice, che è pure diversa da un sotto scalzo all altro","Pasta con fratture profonde, zona centrale difforme dalla cornice e disomogeneità tra i sottoscalzi.",4,32344,
Struttura della Pasta::poco regolare la frattura,Struttura della Pasta,Poco regolare la frattura,Pasta con frattura poco regolare.,4,2528,
Struttura della Pasta::occhiatura sparsa stiratura lieve al centro spacco buono,Struttura della Pasta,Occhiatura sparsa. Stiratura lieve al centro spacco buono,"Pasta con occhiatura sparsa, leggera stiratura al centro e buona frattura.",4,33886,
Struttura della Pasta::frattura radiale con serratura a piccole scaglie,Struttura della Pasta,Frattura radiale con serratura a piccole scaglie,Pasta con frattura radiale e serratura a piccole scaglie.,4,3482,
Struttura della Pasta::enorme quantità di fessurazioni,Struttura della Pasta,Enorme quantità di fessurazioni,Pasta con abbondante fessurazione.,4,5130,
Struttura della Pasta::grande occhio subito sotto la superficie dove era stato tolto un pezzo di pasta,Struttura della Pasta,Grande occhio subito sotto la superficie dove era stato tolto un pezzo di pasta,Pasta con un grande occhio localizzato subito sotto la superficie.,4,5331,
Struttura della Pasta::struttura slegata,Struttura della Pasta,Struttura slegata,Pasta slegata.,4,51013,
Struttura della Pasta::microocchiatura diffusa zona central lievementecstirata e meno strutturata frattura molto irregolare e scalinata,Struttura della Pasta,Microocchiatura diffusa.zona central lievementecstirata e meno strutturata. Frattura molto irregolare e scalinata,"Pasta con microocchiatura diffusa, zona centrale leggermente stirata e meno strutturata, frattura molto irregolare e scalinata.",4,11572,
Struttura della Pasta::bella presenza di grana anche fine è frattura omogenea,Struttura della Pasta,Bella presenza di grana anche fine è frattura omogenea,Pasta con bella grana fine e frattura omogenea.,4,14238,
Struttura della Pasta::bella grana fine,Struttura della Pasta,Bella grana fine!!!!,Pasta con bella grana fine.,4,11438,
Struttura della Pasta::regolare con sporadiche microocch,Struttura della Pasta,Regolare con sporadiche microocch,Pasta con frattura regolare e sporadica microocchiatura.,4,44841,
Struttura della Pasta::frattura abbastanza regolare leggera micro occhiatura leggermente stirata in una piccola zona,Struttura della Pasta,"Frattura abbastanza regolare, leggera micro Occhiatura, leggermente stirata in una piccola zona","Pasta con frattura abbastanza regolare, leggera microocchiatura e leggera stiratura in una piccola zona.",4,23854,
Struttura della Pasta::presente spacco centrale,Struttura della Pasta,Presente spacco centrale,Pasta con uno spacco centrale.,4,6054,
Struttura della Pasta::molte fratture sotto un piatto,Struttura della Pasta,Molte fratture sotto un piatto,Pasta con molte fratture sotto una superficie piatta.,4,2556,
Struttura della Pasta::presenza di taglio,Struttura della Pasta,Presenza di taglio!,Pasta con taglio.,4,48550,
Struttura della Pasta::frattura e grana regolari evidenti cristalli,Struttura della Pasta,Frattura e grana regolari evidenti cristalli,"Pasta con frattura e grana regolari, cristalli evidenti.",4,17001,
Struttura della Pasta::macchia bianca come fosse muffa,Struttura della Pasta,Macchia bianca come fosse muffa,Pasta con macchia bianca simile a muffa.,4,50288,
Struttura della Pasta::nel cuore si evidenziano nervature direzioni non stirato ma tende allo quindi disomogenea la grana frattura scomposta,Struttura della Pasta,"Nel cuore si evidenziano nervature, direzioni. Non stirato, ma tende allo. Quindi disomogenea la grana. Frattura scomposta","Pasta con nervature e direzioni nel cuore, non stirata ma tendente alla stiratura, disomogenea nella grana e frattura irregolare.",4,18926,
Struttura della Pasta::microocc ampie zone stirate,Struttura della Pasta,"Microocc, ampie zone stirate",Pasta con microocchiatura e ampie zone stirate.,4,44253,
Struttura della Pasta::mediamente dura granulosa solubile con media presenza di microcristalli,Struttura della Pasta,"mediamente dura, granulosa, solubile, con media presenza di microcristalli",Pasta granulosa con media presenza di microcristalli.,4,27470,
Struttura della Pasta::microstruttura scarsissima diventa quasi crema in bocca,Struttura della Pasta,"microstruttura scarsissima, diventa quasi crema in bocca",Pasta con microstruttura scarsissima.,4,27479,
Struttura della Pasta::macchie di siero centrali occhiatura leggera grana non uniforme formata solo in parte stirato centrale,Struttura della Pasta,Macchie di siero centrali Occhiatura leggera grana non uniforme formata solo in parte stirato centrale,"Pasta con macchie di siero al centro, occhiatura leggera, grana non uniforme e stiratura centrale.",4,20596,
Struttura della Pasta::tante grosse fratture grana poco formata,Struttura della Pasta,Tante grosse fratture grana poco formata,Pasta con tante grosse fratture e grana poco formata.,4,32424,
Struttura della Pasta::zona sottocrosta gessata,Struttura della Pasta,Zona sottocrosta gessata,Pasta gessata in zona sottocrosta.,4,49652,
Struttura della Pasta::striature grana grossolana,Struttura della Pasta,Striature grana grossolana,Pasta con striature e grana grossolana.,4,42761,
Struttura della Pasta::bella grana frattura bella,Struttura della Pasta,Bella grana frattura bella,Pasta con bella grana e frattura regolare.,4,9308,
Struttura della Pasta::granulare fine piuttosto omogenea,Struttura della Pasta,Granulare fine piuttosto omogenea,Pasta granulare fine e piuttosto omogenea.,4,11432,
Struttura della Pasta::frattura regolare grana grossolana al centro due grandi fratture di 4 cm,Struttura della Pasta,"Frattura regolare, grana grossolana al centro due grandi fratture di 4 cm","Pasta con frattura regolare, grana grossolana al centro e due grandi fratture.",4,17395,
Struttura della Pasta::grana molto fine con presenza di micro occhiatura rada grana un poco schiacciata piccola sfoglia,Struttura della Pasta,"Grana molto fine con presenza di micro occhiatura rada, grana un Poco schiacciata, piccola sfoglia","Pasta a grana molto fine con microocchiatura rada, leggermente schiacciata.",4,31806,
Struttura della Pasta::grossolana no difetti,Struttura della Pasta,Grossolana no difetti,Pasta grossolana senza difetti.,4,18318,
Struttura della Pasta::striature e occhi importanti,Struttura della Pasta,Striature e occhi importanti,Pasta con striature e occhiatura pronunciata.,4,47450,
Struttura della Pasta::poco granulosa simile a cera,Struttura della Pasta,"Poco granulosa, simile a cera","Pasta poco granulosa, dall'aspetto ceroso.",4,32266,
Struttura della Pasta::spacco,Struttura della Pasta,Spacco,Pasta con spacco.,4,5518,
Struttura della Pasta::microocchiatura scarsa,Struttura della Pasta,Microocchiatura scarsa,Pasta con microocchiatura scarsa.,4,49484,
Struttura della Pasta::pasta stirata in alcune zone presenta microocchiatura anche uno spacco,Struttura della Pasta,Pasta stirata. In alcune zone presenta microocchiatura. Anche uno spacco.,Pasta stirata con microocchiatura in alcune zone e uno spacco.,4,33728,
Struttura della Pasta::strana anomalia tipo tara/muffa su uno scalzo,Struttura della Pasta,Strana anomalia tipo tara/muffa su uno scalzo,Pasta con anomalia di muffa sullo scalzo.,4,48980,
Struttura della Pasta::regole grossolana,Struttura della Pasta,Regole grossolana,La pasta presenta grana grossolana.,4,14160,
Struttura della Pasta::mo leggera,Struttura della Pasta,Mo leggera,Pasta con leggera stiratura.,4,49189,
Struttura della Pasta::struttura grossolana,Struttura della Pasta,Struttura grossolana,Pasta grossolana.,6,20590,
Struttura della Pasta::occhi di 1 o 2 mm molto diffusi su un lato più piccoli e più concentrati al centro nell'altro,Struttura della Pasta,Occhi di 1 o 2 mm molto diffusi su un lato più piccoli e più concentrati al centro nell'altro,"Pasta con occhiatura diffusa su un lato, più piccola e concentrata al centro sull'altro.",4,1443,
Struttura della Pasta::microocchiatura sporadica qualche zona stirata,Struttura della Pasta,"Microocchiatura sporadica, qualche zona stirata",Pasta con microocchiatura sporadica e qualche zona stirata.,4,15974,
Struttura della Pasta::crepa striature e spugnatura,Struttura della Pasta,"Crepa,striature e spugnatura","Pasta con crepa, striature e spugnatura.",4,20152,
Struttura della Pasta::la struttura é tra il fine e inesistente,Struttura della Pasta,La struttura é tra il fine e inesistente.,Pasta con struttura fine e poco marcata.,4,20150,
Struttura della Pasta::presenza di troppe fessure pasta buona,Struttura della Pasta,"Presenza di troppe fessure, pasta buona",Pasta con presenza di fessure abbondanti.,4,48869,
Struttura della Pasta::un occhio da quasi 1 cm,Struttura della Pasta,Un occhio da quasi 1 cm,Pasta con un'occhiatura di medie dimensioni.,4,5082,
Struttura della Pasta::grana grossolana non omogenea sotto un piatto strappi,Struttura della Pasta,"Grana grossolana, non omogenea, sotto un piatto strappi","Pasta con grana grossolana e non omogenea, con strappi sotto una zona piatta.",4,25564,
Struttura della Pasta::bella grana peccato x lo strappo,Struttura della Pasta,"Bella grana, peccato x lo strappo",Pasta con bella grana e uno strappo.,4,33962,
Struttura della Pasta::molto granuloso direi grossolana,Struttura della Pasta,"Molto granuloso, direi grossolana","Pasta molto granulosa, tendente a grossolana.",4,14167,
Struttura della Pasta::frattura irregolare e grana non omogenea,Struttura della Pasta,Frattura irregolare e grana non omogenea,Pasta con frattura irregolare e grana non omogenea.,4,47391,
Struttura della Pasta::su metà forma si notano grandi occhi da 5 7 mm e fessura da 2 cm,Struttura della Pasta,"Su metà forma si notano grandi occhi da 5, 7 mm e fessura da 2 cm",Pasta con grandi occhiature e fessura pronunciata sulla metà della forma.,4,51478,
Struttura della Pasta::grosse fessurazioni,Struttura della Pasta,Grosse fessurazioni,Pasta con fessurazioni grossolane.,4,2377,
Struttura della Pasta::leggermente stirata e gessosa,Struttura della Pasta,Leggermente stirata e gessosa,Pasta leggermente stirata e gessosa.,2,46687,
Struttura della Pasta::più fessure da 1 e 2 cm solo in prossimità di un piatto,Struttura della Pasta,Più fessure da 1 e 2 cm solo in prossimità di un piatto,Pasta con più fessure in prossimità di un piatto.,4,4754,
Struttura della Pasta::dei punti lisci disomogeneità,Struttura della Pasta,"Dei punti lisci, disomogeneità",Pasta con punti lisci e disomogeneità.,4,20595,
Struttura della Pasta::disomogenea con bolle d aria,Struttura della Pasta,Disomogenea con bolle d aria,Pasta disomogenea con bolle d'aria.,2,46351,
Struttura della Pasta::evidenti fratture centrali stirata,Struttura della Pasta,Evidenti fratture centrali Stirata,Pasta con evidenti fratture centrali e stirata.,4,24341,
Struttura della Pasta::leggera la microocchiatura,Struttura della Pasta,Leggera la Microocchiatura,Pasta con leggera microocchiatura.,4,456,
Struttura della Pasta::bella grana grossa frattura media,Struttura della Pasta,Bella grana grossa...frattura media,Pasta con bella grana grossa e frattura media.,4,44845,
Struttura della Pasta::occhio centrale molto fondo di ca 3 cm con ristagno di siero attorno all'occhio c'è un'ampia zona spugnosa,Struttura della Pasta,Occhio centrale molto fondo di ca 3 cm con ristagno di siero. Attorno all'occhio c'è un'ampia zona spugnosa,Pasta con un ampio occhio centrale molto profondo circondato da un'estesa zona spugnosa.,4,5335,
Struttura della Pasta::presenti piccolissime fessure sul lato destro,Struttura della Pasta,Presenti piccolissime fessure sul lato destro,Pasta con piccolissime fessure sul lato destro.,10,2140,
Struttura della Pasta::grana poco formata grandi occhiature,Struttura della Pasta,Grana poco formata grandi occhiature,Pasta con grana poco formata e grandi occhiature.,4,11229,
Struttura della Pasta::pochissime piccole fratture penalizzano,Struttura della Pasta,"Pochissime piccole fratture, penalizzano",Pasta con pochissime piccole fratture.,4,4243,
Struttura della Pasta::1 zona sottocrosta disidratata più una zona disidratata secca e muffa,Struttura della Pasta,"1 zona sottocrosta disidratata. Più una zona disidratata, secca e muffa",Pasta con zone disidratate sottocroste e zona disidratata secca.,4,48978,
Struttura della Pasta::stirata con microocchiatura,Struttura della Pasta,Stirata con microocchiatura,Pasta stirata con microocchiatura.,4,44247,
Struttura della Pasta::molte piccole fratture centrali e sotto un piatto,Struttura della Pasta,Molte piccole fratture centrali e sotto un piatto,Pasta con molte piccole fratture al centro e sotto la superficie.,4,4753,
Struttura della Pasta::una piccola fessurazione,Struttura della Pasta,Una piccola fessurazione,Pasta con una piccola fessurazione.,4,3853,
Struttura della Pasta::mista parte centrale stirata,Struttura della Pasta,Mista Parte centrale stirata,Pasta mista con parte centrale stirata.,4,14300,
Struttura della Pasta::molto regolare omogenea,Struttura della Pasta,Molto regolare omogenea,Pasta molto regolare e omogenea.,4,21686,
Struttura della Pasta::presenta fori,Struttura della Pasta,Presenta fori,Pasta con occhiatura.,4,44335,
Struttura della Pasta::2 punti con grappoli di occhi con piccoli ammassi bianchi,Struttura della Pasta,2 punti con grappoli di occhi con piccoli ammassi bianchi,Pasta con due zone a grappoli di occhiatura e piccoli ammassi bianchi.,4,4740,
Struttura della Pasta::buona grandiosità,Struttura della Pasta,Buona grandiosità,Pasta dalla buona grandiosità.,2,46943,
Struttura della Pasta::granulosa con micro occhiatura a tratti grana grossolana,Struttura della Pasta,"Granulosa con micro occhiatura a tratti, grana grossolana",Pasta granulosa con microocchiatura a tratti e grana grossolana.,2,46692,
Struttura della Pasta::grana fine ma tendente con striature centrali frattura sa scaglie,Struttura della Pasta,Grana fine ma tendente con striature centrali frattura sa scaglie,"Pasta con grana fine, tendente a striature centrali e frattura a scaglie.",4,22226,
Struttura della Pasta::struttura leggermente stirata qualche spacco,Struttura della Pasta,Struttura leggermente stirata. Qualche spacco,Pasta leggermente stirata con qualche spacco.,4,47564,
Struttura della Pasta::grandioso grossolano strappetti,Struttura della Pasta,"Grandioso grossolano, strappetti",Pasta grandiosamente grossolana con strappetti.,4,33885,
Struttura della Pasta::mista stirata granulosa,Struttura della Pasta,Mista stirata granulosa,Pasta mista stirata e granulosa.,4,20210,
Struttura della Pasta::zone stirate enormi fratture,Struttura della Pasta,Zone stirate Enormi fratture,Pasta con zone stirate e fratture pronunciate.,4,32418,
Struttura della Pasta::a tratti grana non sviluppata,Struttura della Pasta,A tratti grana non sviluppata,Pasta a tratti con grana non sviluppata.,4,2526,
Struttura della Pasta::microfratture diffuse,Struttura della Pasta,Microfratture diffuse,Pasta con microfratture diffuse.,4,50776,
Struttura della Pasta::zona con grana molto grossolana,Struttura della Pasta,Zona con grana molto grossolana,Pasta con zona a grana grossolana.,4,1301,
Struttura della Pasta::grana evidente ma con grani di tirosina grossi occhiatura a tratti diffusa,Struttura della Pasta,"Grana evidente ma con grani di tirosina grossi, occhiatura a tratti diffusa","Pasta con grana evidente e grani grossi, occhiatura diffusa a tratti.",4,41349,
Struttura della Pasta::grana grossolana con occhiatura frequenti ma piccole frattura media omogenea,Struttura della Pasta,Grana grossolana con occhiatura frequenti ma piccole. Frattura media omogenea,"Pasta con grana grossolana, occhiatura frequente ma piccola, e frattura media omogenea.",4,35728,
Struttura della Pasta::mista granulosa/ruvida più penalizzata al centro,Struttura della Pasta,Mista Granulosa/ruvida più penalizzata al centro,"Pasta granulosa e ruvida, con disomogeneità accentuata al centro.",4,25557,
Struttura della Pasta::struttura grossolana quasi non ben sviluppata non omogenea comunque,Struttura della Pasta,Struttura grossolana. Quasi non ben sviluppata . Non omogenea comunque,"Pasta grossolana, non ben sviluppata e disomogenea.",4,9888,
Struttura della Pasta::grana brutta non tipica stirata occhiature 2_3 mm e microocchiature sarse,Struttura della Pasta,"Grana brutta, non tipica, stirata, occhiature 2_3 mm e microocchiature sarse","Pasta stirata con grana non tipica, occhiature piccole e microocchiatura rada.",4,33730,
Struttura della Pasta::microocchiatura minima trascuro,Struttura della Pasta,Microocchiatura minima. Trascuro,Pasta con microocchiatura minima.,4,2334,
Struttura della Pasta::bella presenza di grana anche fine,Struttura della Pasta,Bella presenza di grana anche fine...,Pasta con bella grana fine.,4,11368,
Struttura della Pasta::grana grassa,Struttura della Pasta,Grana grassa,Pasta con grana grassa.,8,3844,
Struttura della Pasta::1 fessura sola,Struttura della Pasta,1 fessura sola,Pasta con una sola fessura.,4,1470,
Struttura della Pasta::frattura non bella grana abbastanza fine ma con striature evidenti,Struttura della Pasta,"Frattura non bella, grana abbastanza fine ma con striature evidenti","Pasta con frattura non bella, grana abbastanza fine ma con striature evidenti.",2,46188,
Struttura della Pasta::stirata in centro e verso un piatto disomogenea,Struttura della Pasta,"Stirata in centro e verso un piatto, disomogenea","Pasta stirata al centro e verso un piatto, disomogenea.",2,46187,
Struttura della Pasta::frattura regolare e grana grossolana qualche cristallo,Struttura della Pasta,Frattura regolare e grana grossolana qualche cristallo,"Pasta con frattura regolare, grana grossolana e qualche cristallo.",4,18771,
Struttura della Pasta::enorme fessurazione,Struttura della Pasta,Enorme fessurazione,Pasta con fessurazione pronunciata.,5,1476,
Struttura della Pasta::grande striature centrale grana grossolana,Struttura della Pasta,Grande striature centrale grana grossolana,Pasta con grandi striature al centro e grana grossolana.,4,30755,
Struttura della Pasta::grandiosa taglio inregolare,Struttura della Pasta,Grandiosa taglio inregolare,Pasta con grana grandiosa e frattura irregolare.,4,24137,
Struttura della Pasta::molto diffusa la microocchiatura anche di 1 o 2 nn è anche piccole strappi,Struttura della Pasta,Molto diffusa la microocchiatura anche di 1 o 2 nn è anche piccole strappi,Pasta con microocchiatura diffusa e piccoli strappi.,4,3331,
Struttura della Pasta::2 fessure da 4 cm,Struttura della Pasta,2 Fessure da 4 Cm,Pasta con due fessure pronunciate.,4,51392,
Struttura della Pasta::disomogenea presenti numerosi spacchi,Struttura della Pasta,"Disomogenea, presenti numerosi spacchi",Pasta disomogenea con numerosi spacchi.,4,32419,
Struttura della Pasta::alcune aree stirare e frattura media,Struttura della Pasta,Alcune aree stirare e frattura media,Pasta con alcune aree stirate e frattura media.,4,9979,
Struttura della Pasta::stirata microocchiatura che arriva anche a 2mm caverne,Struttura della Pasta,"Stirata, microocchiatura che arriva anche a 2mm, caverne",Pasta stirata con microocchiatura e caverne.,4,13816,
Struttura della Pasta::a larghi tratti ha struttura da pratomagno,Struttura della Pasta,A larghi tratti ha struttura da pratomagno,Pasta con struttura tendente al pratomagno.,4,1801,
Struttura della Pasta::sottocrosta disidratato,Struttura della Pasta,Sottocrosta disidratato,Pasta disidratata in zona sottocrosta.,4,49388,
Struttura della Pasta::leggermente stirata e poca grana,Struttura della Pasta,Leggermente stirata e poca grana,Pasta leggermente stirata con poca grana.,4,4229,
Struttura della Pasta::ignoro spaccatura ed un occhio grana grossa ma abbastanza omogenea frattura buona,Struttura della Pasta,Ignoro spaccatura ed un occhio. Grana grossa ma abbastanza omogenea. Frattura buona,Pasta con grana grossa ma abbastanza omogenea e frattura buona.,4,21773,
Struttura della Pasta::sfogliata e micro bocciature centrali un poco' stirata,Struttura della Pasta,"Sfogliata e micro bocciature centrali, un poco' stirata","Pasta sfogliata e stirata leggermente al centro, con microocchiature centrali.",4,9977,
Struttura della Pasta::occhiatura diffusa nella fascia centrale disomogeneità sottocrosta c entro,Struttura della Pasta,"Occhiatura diffusa nella fascia centrale , disomogeneità sottocrosta c entro",Pasta con occhiatura diffusa nella fascia centrale e disomogeneità sottocrosta al centro.,2,46355,
Struttura della Pasta::bella presenza di grana fine ma frattura media,Struttura della Pasta,"Bella presenza di grana fine, ma frattura media",Pasta con bella grana fine e frattura media.,4,37285,
Struttura della Pasta::sembra un poco’ asciutta,Struttura della Pasta,Sembra un poco’ asciutta,Pasta leggermente disidratata.,4,51106,
Struttura della Pasta::stirata e spagnola al centro,Struttura della Pasta,Stirata e spagnola al centro,Pasta stirata e spagnola al centro.,4,26102,
Struttura della Pasta::a tratti poco evoluta e un poco' stirata invecchiato frattura buona,Struttura della Pasta,A tratti poco evoluta e un poco' stirata. Invecchiato. Frattura buona,"Pasta a tratti poco evoluta e leggermente stirata, con frattura buona.",4,7979,
Struttura della Pasta::frattura irregolare con crepe,Struttura della Pasta,Frattura irregolare con crepe,Pasta con frattura irregolare e crepe.,4,37447,
Struttura della Pasta::molle e pastoso e asciutto,Struttura della Pasta,molle e pastoso e asciutto,NON_DESCRITTO,4,27684,
Struttura della Pasta::grana abbastanza fine ma con striature1 strappo di 5 cm cristalli ben visibili e qualche perla di roma 5 mm,Struttura della Pasta,Grana abbastanza fine ma con Striature1 strappo di 5 cm cristalli ben visibili e qualche perla di Roma 5 mm,"Pasta abbastanza fine con striature, uno strappo, cristalli ben visibili e qualche perla.",4,5513,
Struttura della Pasta::leggermente stirata microocchiatura diffusa,Struttura della Pasta,Leggermente stirata Microocchiatura diffusa,Pasta leggermente stirata con microocchiatura diffusa.,4,7443,
Struttura della Pasta::tirosina assente friabilità e solubilità moderata,Struttura della Pasta,tirosina ASSENTE;friabilità e solubilità MODERATA,NON_DESCRITTO,4,27825,
Struttura della Pasta::grana regolare con uno strappo multiplo e piccoli strappi su un lato dove la grana tende al gessato,Struttura della Pasta,Grana regolare con uno strappo multiplo e piccoli strappi su un lato dove la grana tende al gessato,"Pasta con grana regolare, strappi multipli e piccoli strappi su un lato dove la grana tende al gessato.",4,47223,
Struttura della Pasta::zona centrale on tante piccole fessure e aspetto sgretolato,Struttura della Pasta,Zona centrale on tante piccole fessure e aspetto sgretolato,Pasta con tante piccole fessure nella zona centrale e aspetto sgretolato.,4,50307,
Struttura della Pasta::bella no difetti,Struttura della Pasta,Bella no difetti,Pasta di bella struttura senza difetti.,4,11509,
Struttura della Pasta::grana buona ma grossa fessura e occhiatura in zona angolo,Struttura della Pasta,Grana buona ma grossa fessura e occhiatura in zona angolo,"Pasta con bella grana, una grossa fessura e occhiatura in zona d'angolo.",4,2549,
Struttura della Pasta::frattura irregolare striature leggere,Struttura della Pasta,"Frattura irregolare,striature leggere",Pasta con frattura irregolare e leggere striature.,4,47170,
Struttura della Pasta::area spugnosa centrale marcata,Struttura della Pasta,Area spugnosa centrale marcata,Pasta con area spugnosa marcata al centro.,4,26100,
Struttura della Pasta::zona centrale quasi spugnosa,Struttura della Pasta,Zona centrale quasi spugnosa,Pasta con zona centrale quasi spugnosa.,4,50769,
Struttura della Pasta::frattura regolare grana evidente in centro grossi cristalli,Struttura della Pasta,Frattura regolare grana evidente in centro grossi cristalli,"Pasta con frattura regolare, grana evidente al centro e grossi cristalli.",4,16924,
Struttura della Pasta::frattura regolare pasta granulosa assenza di occhiatura,Struttura della Pasta,Frattura regolare pasta Granulosa assenza di occhiatura,"Pasta con frattura regolare, granulosa, priva di occhiatura.",4,42482,
Struttura della Pasta::frattura regolare struttura granulosa una fessura,Struttura della Pasta,"Frattura regolare, struttura granulosa, una fessura,","Pasta con frattura regolare, struttura granulosa e una fessura.",4,30606,
Struttura della Pasta::frattura irregolare con crepe interne,Struttura della Pasta,Frattura irregolare con crepe interne,Pasta con frattura irregolare e crepe interne.,4,42616,
Struttura della Pasta::microocchiatura centrale,Struttura della Pasta,Microocchiatura centrale,Pasta con microocchiatura centrale.,16,1334,
Struttura della Pasta::leggermente stirata microocchiatura presente,Struttura della Pasta,Leggermente stirata.. Microocchiatura presente.,Pasta leggermente stirata con microocchiatura presente.,4,9475,
Struttura della Pasta::fascia centrale con microocchiatura che la rende spugnosa,Struttura della Pasta,Fascia centrale con microocchiatura che la rende spugnosa,Pasta con microocchiatura nella fascia centrale che la rende spugnosa.,4,1336,
Struttura della Pasta::strana frattura ondulata e sotto crosta dsidratato,Struttura della Pasta,Strana frattura ondulata e sotto crosta dsidratato,Pasta con frattura ondulata e zona sottocrostale disidratata.,4,312,
Struttura della Pasta::zona centrale spugnosa struttura granulosa,Struttura della Pasta,Zona centrale spugnosa. Struttura granulosa,"Pasta spugnosa al centro, dalla struttura granulosa.",4,13745,
Struttura della Pasta::frattura irregolare grana un poco disomogenea cristalli bianchi piccoli e un occhio 6 mm microocchiatura,Struttura della Pasta,Frattura irregolare grana un Poco disomogenea cristalli bianchi piccoli e un occhio 6 mm microocchiatura,"Pasta con frattura irregolare, grana poco disomogenea, piccoli cristalli bianchi, una piccola occhiatura e microocchiatura.",4,41456,
Struttura della Pasta::cedevole al dente si frattura in microstruttura grossolana cristalli presneti impasta la bocca,Struttura della Pasta,cedevole al dente. si frattura in microstruttura grossolana. cristalli presneti. impasta la bocca,Pasta che si frattura in microstruttura grossolana con cristalli presenti.,4,27898,
Struttura della Pasta::frattura irregolare e grana grossa,Struttura della Pasta,Frattura irregolare e grana grossa,Pasta con frattura irregolare e grana grossolana.,8,29143,
Struttura della Pasta::grandiosa un poco' grossolana lieve struttura centrale frattura ottima presenza di punti biancastro bagnati che attribuisco al cellophane e non castigo,Struttura della Pasta,"Grandiosa, un poco' grossolana. Lieve struttura centrale. Frattura ottima. Presenza di punti biancastro bagnati che attribuisco al cellophane e non castigo","Pasta grandiosa e leggermente grossolana, con lieve struttura centrale e frattura ottima.",4,7363,
Struttura della Pasta::bel giallo omogeneo quasi nocciola forse troppo carico,Struttura della Pasta,Bel giallo omogeneo quasi nocciola forse troppo carico,NON_DESCRITTO,2,46272,
Struttura della Pasta::stirata occhiatura diffusa soprattutto in metà forma e sotto un piatto nell altra metà,Struttura della Pasta,"Stirata, occhiatura diffusa soprattutto in metà forma e sotto un piatto nell altra metà","Pasta stirata, con occhiatura diffusa soprattutto in una metà della forma e sotto un piatto nell'altra metà.",4,5982,
Struttura della Pasta::frattura irregolare e stirata con strappi piccoli e a raggio,Struttura della Pasta,Frattura irregolare e Stirata con strappi piccoli e a raggio,"Pasta con frattura irregolare e stirata, caratterizzata da piccoli strappi a raggio.",4,47559,
Struttura della Pasta::frattura leggermente inregolare superficie molto asciutta in alcuni punti quasi secca,Struttura della Pasta,"Frattura leggermente inregolare, superficie molto asciutta in alcuni punti quasi secca",Pasta con frattura leggermente irregolare e superficie asciutta in alcuni punti.,4,18319,
Struttura della Pasta::microocch zone stirata disidratata vicino alla crosta,Struttura della Pasta,"Microocch, zone stirata, disidratata vicino alla crosta","Pasta con microocchiatura, zone stirate e disidratata vicino alla crosta.",4,18467,
Struttura della Pasta::un poco' di microocchiatura che conferisce aspetto un poco' spugnoso,Struttura della Pasta,Un poco' di microocchiatura che conferisce aspetto un poco' spugnoso.,Pasta con poco microocchiatura che conferisce aspetto leggermente spugnoso.,4,47508,
Struttura della Pasta::coesistono strutture diverse,Struttura della Pasta,Coesistono strutture diverse,Pasta con strutture diverse.,4,273,
Struttura della Pasta::spinosa con striature non regolare,Struttura della Pasta,"Spinosa con striature, non regolare","Pasta spinosa con striature, non regolare.",4,47510,
Struttura della Pasta::v'è una certa direzione nel centro per il resto buona anche fine,Struttura della Pasta,"V'è una certa direzione nel centro, per il resto buona, anche fine","Pasta con una certa direzionalità al centro, fine e nel complesso buona.",4,20591,
Struttura della Pasta::piccole aree spagnole al centro,Struttura della Pasta,Piccole aree spagnole al centro,Pasta con piccole aree spaccate al centro.,4,4215,
Struttura della Pasta::frattura con un vuoto centrale segno di disomogeneità della pasta la parte centrale é grossolanamente stirata,Struttura della Pasta,"Frattura con un vuoto centrale, segno di disomogeneità della pasta la parte centrale é grossolanamente stirata","Pasta con frattura irregolare, vuoto centrale e disomogeneità; la parte centrale è grossolanamente stirata.",4,32262,
Struttura della Pasta::frattura ok pasta a tratti umida con microocchiatura a tratti stirata a tratti con grana fine,Struttura della Pasta,"Frattura ok, pasta a tratti umida con microocchiatura a tratti stirata a tratti con grana fine","Pasta a frattura regolare, con microocchiatura e zone stirate, grana fine e a tratti umida.",4,41461,
Struttura della Pasta::f non molto regolare p grossolana assenza di occhiatura,Struttura della Pasta,F. Non molto regolare p. Grossolana assenza di occhiatura,"Pasta non molto regolare, grossolana e priva di occhiatura.",4,42762,
Struttura della Pasta::occhiatura centrale granulosa tendente allo stirato,Struttura della Pasta,Occhiatura centrale Granulosa tendente allo stirato,"Pasta con occhiatura centrale, granulosa e tendente allo stirato.",4,44331,
Struttura della Pasta::enorme fessura,Struttura della Pasta,Enorme fessura,Pasta con fessura pronunciata.,4,2550,
Struttura della Pasta::regolare anche fine ottima frattura,Struttura della Pasta,"Regolare, anche fine. Ottima frattura","Pasta regolare, fine e con frattura regolare.",4,15580,
Struttura della Pasta::microocchiatura su tutta la superficie non spugnosa,Struttura della Pasta,"Microocchiatura su tutta la superficie, non spugnosa","Pasta con microocchiatura diffusa su tutta la superficie, non spugnosa.",10,1969,
Struttura della Pasta::grana grossolana frattura regolare strappo,Struttura della Pasta,"Grana grossolana, frattura regolare, strappo","Pasta con grana grossolana, frattura regolare e strappo.",4,41404,
Struttura della Pasta::grandiosa anche fine frattura circa ok,Struttura della Pasta,"Grandiosa anche fine, frattura circa ok","Pasta grandiosa e fine, frattura regolare.",4,7525,
Struttura della Pasta::frattura regolare grossolana,Struttura della Pasta,Frattura regolare grossolana,Pasta con frattura regolare e grana grossolana.,8,9225,
Struttura della Pasta::microocchiatura centrale ottimo taglio grana grossa ma omogena,Struttura della Pasta,Microocchiatura centrale. Ottimo taglio. Grana grossa ma omogena,"Pasta con microocchiatura centrale, grana grossa e omogenea.",4,18387,
Struttura della Pasta::frattura irregolare e forte striatura,Struttura della Pasta,Frattura irregolare e forte striatura,Pasta con frattura irregolare e striature marcate.,4,32340,
Struttura della Pasta::grandiosa grossolana pero,Struttura della Pasta,Grandiosa grossolana pero!,Pasta grandiosa e grossolana.,4,7371,
Struttura della Pasta::grossolana e stirata frattura variabile,Struttura della Pasta,Grossolana e stirata. Frattura variabile,"Pasta grossolana e stirata, con frattura variabile.",4,44761,
Struttura della Pasta::occhio centrale si intravede,Struttura della Pasta,Occhio centrale si intravede,Pasta con un occhio centrale appena visibile.,4,5079,
Struttura della Pasta::microocchiatura fine in diversi punti striature accennate che hanno differenti versi fratture,Struttura della Pasta,"Microocchiatura fine in diversi punti, Striature accennate che hanno differenti versi, Fratture,","Pasta con microocchiatura fine in diversi punti, striature accennate a diversi versi e fratture.",4,41177,
Struttura della Pasta::molto irregolare struttura dall'inesistente al grossolano,Struttura della Pasta,Molto irregolare. Struttura dall'inesistente al grossolano,"Pasta molto irregolare, con struttura che varia dal fine al grossolano.",4,831,
Struttura della Pasta::leggera struttura striata,Struttura della Pasta,Leggera struttura striata,Pasta con leggera struttura striata.,4,20593,
Struttura della Pasta::molti occhi grandi da 1 a 5 mm fratture un da 3 5 cm,Struttura della Pasta,"Molti occhi grandi da 1 a 5 mm, fratture un da 3,5 cm",Pasta con numerosi occhi grandi e una frattura pronunciata.,4,50495,
Struttura della Pasta::ci sono varie spacchi prova della struttura slegata,Struttura della Pasta,Ci sono varie spacchi prova della struttura slegata,"Pasta con vari spacci, indice di struttura slegata.",4,17391,
Struttura della Pasta::struttura non del tutto omogenea con presenza di spacchi in una zona qualche microocchio,Struttura della Pasta,Struttura non del tutto omogenea con presenza di spacchi in una zona. Qualche microocchio,Pasta non del tutto omogenea con spacchi in una zona e qualche microocchiatura.,4,9303,
Struttura della Pasta::frattura abbastanza bella struttura striata poco granulosa,Struttura della Pasta,"Frattura abbastanza bella, struttura striata poco granulosa","Pasta con frattura abbastanza bella, struttura striata e poco granulosa.",2,46860,
Struttura della Pasta::granulosa fine,Struttura della Pasta,Granulosa fine,Pasta granulosa fine.,8,5824,
Struttura della Pasta::un occhio da 1cm,Struttura della Pasta,Un occhio da 1cm,Pasta con un'occhiatura di media dimensione.,4,51406,
Struttura della Pasta::setata,Struttura della Pasta,Setata??,Pasta dall'aspetto setato.,4,25639,
Struttura della Pasta::microocchiatura occhiatura di notevoli dimensioni,Struttura della Pasta,"Microocchiatura, occhiatura di notevoli dimensioni",Pasta con microocchiatura e occhiatura di grandi dimensioni.,4,47451,
Struttura della Pasta::stirata poca grana cchi,Struttura della Pasta,Stirata poca grana cchi,Pasta stirata con poca grana e occhiatura.,4,44762,
Struttura della Pasta::granulosa non omogenea,Struttura della Pasta,Granulosa non omogenea,Pasta granulosa non omogenea.,4,26173,
Struttura della Pasta::regolare frattura molto buona,Struttura della Pasta,Regolare. Frattura molto buona.,Pasta a frattura regolare.,4,11502,
Struttura della Pasta::poco friabile e solubile,Struttura della Pasta,poco friabile e solubile,NON_DESCRITTO,4,27824,
Struttura della Pasta::disomogeneo ma in certi punti anche fine( ) frattura discreta,Struttura della Pasta,"Disomogeneo, ma in certi punti anche fine(?). Frattura discreta","Pasta disomogenea, con frattura discreta e zone più fini.",4,15636,
Struttura della Pasta::grana grossolana positiva però ampia zona con occhiatura,Struttura della Pasta,Grana grossolana positiva però ampia zona con Occhiatura,Pasta con grana grossolana e ampia zona di occhiatura.,4,14239,
Struttura della Pasta::fine con microocchiatura regolare,Struttura della Pasta,Fine con Microocchiatura regolare,Pasta fine con microocchiatura regolare.,4,11648,
Struttura della Pasta::tutta saponea e stirata frattura irregolare,Struttura della Pasta,Tutta saponea e stirata frattura irregolare,"Pasta saponea e stirata, con frattura irregolare.",4,13815,
Struttura della Pasta::zone umide e più chiare leggera frattura su un piatto,Struttura della Pasta,"Zone umide e più chiare ,leggera frattura su un piatto","Pasta con zone umide e più chiare, leggera frattura su un piatto.",4,7365,
Struttura della Pasta::a tratti stirata compatta e poco granulosa,Struttura della Pasta,"A tratti stirata, compatta e poco granulosa","Pasta a tratti stirata, compatta e poco granulosa.",4,15472,
Struttura della Pasta::voto positivo non considerando una vistosa spaccatura,Struttura della Pasta,Voto positivo non considerando una vistosa spaccatura,Pasta con vistosa spaccatura.,4,50163,
Struttura della Pasta::frattura irregolare e grana visibile ma che firma stiature,Struttura della Pasta,Frattura irregolare e grana visibile ma che firma stiature,Pasta con frattura irregolare e grana visibile ma tendente alle stirature.,4,20463,
Struttura della Pasta::comunque bella grana ma più grossolana all'esterno,Struttura della Pasta,"Comunque bella grana, ma più grossolana all'esterno","Pasta con bella grana, più grossolana verso l'esterno.",10,2161,
Struttura della Pasta::grana fine tendente allo stirato microocchiatura fine inf 1 mm,Struttura della Pasta,Grana fine tendente allo stirato microocchiatura fine inf 1 mm,Pasta con grana fine tendente allo stirato e microocchiatura fine.,4,11641,
Struttura della Pasta::interessante presenza di grana anche fine,Struttura della Pasta,Interessante presenza di grana anche fine!,Pasta con grana fine.,4,21690,
Struttura della Pasta::manca ne commentii cristalli,Struttura della Pasta,Manca ne commentii cristalli,NON_DESCRITTO,4,49181,
Struttura della Pasta::grana fine anche omogenea peccato la frattura irregolare,Struttura della Pasta,"Grana fine, anche omogenea. Peccato la frattura irregolare","Pasta a grana fine e omogenea, con frattura irregolare.",4,5822,
Struttura della Pasta::grassa,Struttura della Pasta,Grassa...,Pasta grassa.,20,282,
Struttura della Pasta::frattura irregolare e stirata occhiatura su di un lato,Struttura della Pasta,"Frattura irregolare e stirata,occhiatura su di un lato","Pasta con frattura irregolare e stirata, occhiatura su un lato.",4,11574,
Struttura della Pasta::fascia di microocchiatura pure grossetta frattura buona struttura abbastanza omogenea non fine,Struttura della Pasta,"Fascia di microocchiatura pure grossetta. Frattura buona. Struttura abbastanza omogenea, non fine","Pasta con fascia di microocchiatura e occhiatura grossetta, frattura buona, struttura abbastanza omogenea e non fine.",4,12972,
Struttura della Pasta::enorme occhio sieroso,Struttura della Pasta,Enorme occhio sieroso,Pasta con un occhio sieroso di grandi dimensioni.,4,50178,
Struttura della Pasta::microocchiatura estesa,Struttura della Pasta,Microocchiatura estesa!!!!!!,Pasta con microocchiatura estesa.,4,4963,
Struttura della Pasta::spaccatura centrale bella grana abbastanza fine,Struttura della Pasta,Spaccatura centrale bella grana abbastanza fine,"Pasta con spaccatura centrale, bella grana e struttura abbastanza fine.",4,36950,
Struttura della Pasta::sporadiche microocch molto grossolana piccole zone stirate,Struttura della Pasta,"Sporadiche microocch, molto grossolana, piccole zone stirate",Pasta molto grossolana con sporadiche microocchiature e piccole zone stirate.,4,47171,
Struttura della Pasta::grossa fessura piena di cristalli circondata da zone con microocchiatura,Struttura della Pasta,"Grossa fessura piena di cristalli, circondata da zone con microocchiatura","Pasta con una grossa fessura piena di cristalli, circondata da zone con microocchiatura.",5,1480,
Struttura della Pasta::irregolare microochiatura diffusa,Struttura della Pasta,"Irregolare,microochiatura diffusa",Pasta irregolare con microocchiatura diffusa.,4,47506,
Struttura della Pasta::disomogenea granulosa,Struttura della Pasta,Disomogenea Granulosa,Pasta disomogenea e granulosa.,4,30847,
Struttura della Pasta::microocchiatura diffusa al centro grana non omogenea,Struttura della Pasta,Microocchiatura diffusa al centro. Grana non omogenea.,Pasta con microocchiatura diffusa al centro e grana non omogenea.,4,37029,
Struttura della Pasta::frattura leggermente affossata struttura granulare piccola zona con occhiatura >2 mm 2/3 occhi,Struttura della Pasta,"Frattura leggermente affossata, struttura granulare, piccola zona con Occhiatura >2 mm, 2/3 occhi,","Pasta con frattura leggermente affossata, struttura granulare e piccola zona con occhiatura, alcuni occhi di medie dimensioni.",4,24274,
Struttura della Pasta::grande area spumosa che copre quasi tutta la superfice,Struttura della Pasta,Grande area spumosa che copre quasi tutta la superfice,Pasta con grande area spumosa che copre quasi l'intera superficie.,14,2200,
Struttura della Pasta::peccato per troppe microocchiature,Struttura della Pasta,Peccato per troppe microocchiature,Pasta con microocchiature diffuse.,10,1970,
Struttura della Pasta::tante fessure frattura grossolana grana grossolana,Struttura della Pasta,Tante fessure frattura grossolana Grana grossolana,"Pasta con tante fessure, frattura grossolana e grana grossolana.",4,42621,
Struttura della Pasta::peccato per microocchiatura e disidratazione,Struttura della Pasta,Peccato per microocchiatura e disidratazione,Pasta con microocchiatura e disidratazione.,8,3368,
Struttura della Pasta::friabile,Struttura della Pasta,friabile,Pasta friabile.,4,27687,
Struttura della Pasta::sotto un piatto effetto a scaglie,Struttura della Pasta,Sotto un piatto effetto a scaglie,Pasta con aspetto a scaglie nella zona sottostante.,4,493,
Struttura della Pasta::microocchiatura diffusa stirata e grana grossa,Struttura della Pasta,"Microocchiatura diffusa, stirata...e grana grossa","Pasta con microocchiatura diffusa, stirata e grana grossolana.",4,44341,
Struttura della Pasta::struttura in parte stirata con presenza di uno spacco,Struttura della Pasta,Struttura in parte stirata con presenza di uno spacco,Pasta in parte stirata con presenza di uno spacco.,4,20531,
Struttura della Pasta::presenta un taglio molto superficiale in centro,Struttura della Pasta,Presenta un taglio molto superficiale in centro,Pasta con un taglio superficiale al centro.,4,4050,
Struttura della Pasta::frattura con avvallamenti struttura poco granulare compatta leggermente stirata,Struttura della Pasta,"Frattura con avvallamenti, struttura poco granulare, compatta, leggermente stirata.","Pasta con frattura caratterizzata da avvallamenti, struttura compatta e poco granulare, leggermente stirata.",4,11366,
Struttura della Pasta::spinosa stirata senza grana,Struttura della Pasta,"Spinosa, stirata, senza grana","Pasta spinosa e stirata, senza grana.",4,25717,
Struttura della Pasta::slegata,Struttura della Pasta,Slegata,Pasta slegata.,4,50308,
Struttura della Pasta::spinosa al centro due grandi occhi per il resto bella grana,Struttura della Pasta,Spinosa al centro due grandi occhi per il resto bella grana,"Pasta spinosa al centro con due grandi occhiature, bella grana nel resto.",4,31962,
Struttura della Pasta::non fine ma presente visibili linee e direzioni non stirata,Struttura della Pasta,"Non fine ma presente. Visibili linee e direzioni, non stirata.","Pasta non fine, con linee e direzioni visibili, non stirata.",2,46854,
Struttura della Pasta::microocch diffusa una bolla diverse fenditure,Struttura della Pasta,"Microocch diffusa, una bolla, diverse fenditure","Pasta con microocchiatura diffusa, una bolla e diverse fenditure.",4,18390,
Struttura della Pasta::friabilità solubilità e tirosina forte,Struttura della Pasta,"friabilità, solubilità e tirosina FORTE",NON_DESCRITTO,4,27475,
Struttura della Pasta::non considero le due fessurette,Struttura della Pasta,Non considero le due fessurette,NON_DESCRITTO,4,50062,
Struttura della Pasta::grande fessura longitudinale lunga più della metà della forma,Struttura della Pasta,"Grande fessura longitudinale, lunga più della metà della forma",Pasta con una grande fessura longitudinale che percorre più della metà della forma.,4,50158,
Struttura della Pasta::nel complesso bene,Struttura della Pasta,Nel complesso bene,NON_DESCRITTO,4,3243,
Struttura della Pasta::fitta microocchiatura nella zona centrale 2 occhi di 1 e 2 cm con superficie liscia con siero,Struttura della Pasta,Fitta Microocchiatura nella zona centrale 2 occhi di 1 e 2 cm con superficie liscia con siero,"Pasta con microocchiatura fitta nella zona centrale, due occhiature di dimensioni diversa e superficie liscia con siero.",4,31953,
Struttura della Pasta::presenza di microocchiatura,Struttura della Pasta,Presenza di Microocchiatura,Pasta con microocchiatura.,8,11573,
Struttura della Pasta::peccato per fratturavevidente,Struttura della Pasta,Peccato per fratturavevidente,Pasta con frattura evidente.,4,711,
Struttura della Pasta::grana belle tende a grossolana zona bagnata e occhi,Struttura della Pasta,Grana belle tende a grossolana zona bagnata e occhi,"Pasta con bella grana tendente a grossolana nella zona bagnata, con occhiature.",4,44846,
Struttura della Pasta::duro compatto grana fine pochi cristalli abbastanza solubile,Struttura della Pasta,"duro, compatto, grana fine, pochi cristalli, abbastanza solubile",Pasta compatta con grana fine e pochi cristalli.,4,27401,
Struttura della Pasta::spugna centrale,Struttura della Pasta,Spugna centrale,Pasta con aspetto spugnoso al centro.,4,35779,
Struttura della Pasta::compatto solubile poco granuloso umido,Struttura della Pasta,"compatto, solubile, poco granuloso, umido","Pasta compatta, poco granulosa.",4,27476,
Struttura della Pasta::struttura della pasta non omogenea in alcune zone tendente allo stirato,Struttura della Pasta,"Struttura della pasta non omogenea, in alcune zone tendente allo stirato","Pasta non omogenea, tendente allo stirato in alcune zone.",4,24273,
Struttura della Pasta::frattura regolare e grana bella regolare,Struttura della Pasta,Frattura regolare e grana bella regolare,Pasta con frattura regolare e bella grana regolare.,4,17009,
Struttura della Pasta::grana fine al che occhio fine molto bella,Struttura della Pasta,Grana fine al che occhio fine molto bella,"Pasta con grana fine e occhiatura fine, molto bella.",4,11369,
Struttura della Pasta::grana più che discreta,Struttura della Pasta,Grana più che discreta,Pasta con grana più che discreta.,4,33653,
Struttura della Pasta::microocchiatura veramente minima quasi inesistente,Struttura della Pasta,"Microocchiatura veramente minima, quasi inesistente","Pasta con microocchiatura minima, quasi inesistente.",4,51273,
Struttura della Pasta::microocc molto diffusa qualche bolla,Struttura della Pasta,"Microocc molto diffusa, qualche bolla",Pasta con microocchiatura molto diffusa e qualche bolla.,4,14233,
Struttura della Pasta::occhiatura micro piuttosto diffusa strappo evidente leggermente stirata,Struttura della Pasta,"Occhiatura micro piuttosto diffusa, strappo evidente, leggermente stirata","Pasta con microocchiatura diffusa, strappo evidente e leggera stiratura.",4,7446,
Struttura della Pasta::bella frattura micro occhiatura a tratti diffusa grana non molto profilata,Struttura della Pasta,"Bella frattura, micro occhiatura a tratti diffusa, grana non molto profilata","Pasta con bella frattura, microocchiatura a tratti diffusa e grana non molto profilata.",4,35787,
Struttura della Pasta::granulosa frattura buona,Struttura della Pasta,"Granulosa, frattura buona",Pasta granulosa con buona frattura.,4,15412,
Struttura della Pasta::tende allo stirato,Struttura della Pasta,Tende allo stirato,Pasta tendente allo stirato.,4,1275,
Struttura della Pasta::non molto omogenea con spaccature e grana media,Struttura della Pasta,Non molto omogenea con spaccature e grana media,Pasta non molto omogenea con spaccature e grana media.,4,37537,
Struttura della Pasta::troppe fessure,Struttura della Pasta,Troppe fessure!,Pasta con numerose fessure.,4,5132,
Struttura della Pasta::struttura setata anche se non proprio omogenea,Struttura della Pasta,Struttura setata anche se non proprio omogenea,"Pasta dall'aspetto setato, sebbene non del tutto omogenea.",2,46181,
Struttura della Pasta::fessura enorme,Struttura della Pasta,Fessura enorme,Pasta con fessura pronunciata.,8,3536,
Struttura della Pasta::frattura non regolare in centro stirata con micro occhiature,Struttura della Pasta,"Frattura non regolare, in centro stirata con micro occhiature","Pasta con frattura non regolare, stirata al centro con microocchiatura diffusa.",4,12905,
Struttura della Pasta::zona centrale stirata,Struttura della Pasta,Zona centrale stirata,Pasta stirata al centro.,2,46185,
Struttura della Pasta::occhiatura grossa stirato a tratti macchie rosa,Struttura della Pasta,Occhiatura grossa. Stirato a tratti macchie rosa,"Pasta con occhiatura grossa e stiratura a tratti, con macchie rosate.",4,7902,
Struttura della Pasta::in un angolo sembra molto più umida,Struttura della Pasta,In un angolo sembra molto più umida,Pasta più umida in un angolo.,4,50172,
Struttura della Pasta::grana grossa ma uniforme crist visibili,Struttura della Pasta,Grana grossa ma uniforme crist visibili,"Pasta a grana grossa ma uniforme, con cristalli visibili.",4,35600,
Struttura della Pasta::molte microocchiatura,Struttura della Pasta,Molte microocchiatura,Pasta con molte microocchiature.,4,44250,
Struttura della Pasta::microocchiatura alcune forniture zone stirate frattura irregolare,Struttura della Pasta,"Microocchiatura, alcune forniture, zone stirate, frattura irregolare","Pasta con microocchiatura, alcune fessure, zone stirate e frattura irregolare.",4,16851,
Struttura della Pasta::non omogeneo microocchiatura diffusa un occhio di 6 mm,Struttura della Pasta,"Non omogeneo, Microocchiatura diffusa, un occhio di 6 mm,",Pasta non omogenea con microocchiatura diffusa e un occhio di dimensioni medie.,4,41460,
Struttura della Pasta::occhio di calore 5 mm in centro circondato da zona spugnosa,Struttura della Pasta,"Occhio di calore 5 mm in centro, circondato da zona spugnosa","Pasta con occhiatura di calore al centro, circondata da zona spugnosa.",4,5081,
Struttura della Pasta::poca grana,Struttura della Pasta,Poca grana,Pasta con grana poco sviluppata.,8,832,
Struttura della Pasta::macero frattura a t due occhiature varie microocchiature stirata,Struttura della Pasta,MaceRO FRATTURA A T DUE OCCHIATURE VARIE MICROOCCHIATURE STIRATA,"Pasta frattura irregolare, due occhiature di varie dimensioni, microocchiatura diffusa e stirata.",4,13881,
Struttura della Pasta::uno strappo profondo di 10 cm,Struttura della Pasta,Uno strappo profondo di 10 cm,Pasta con uno strappo profondo.,4,49861,
Struttura della Pasta::frattura a scaglie grana non omogenea in centro striature nella grana con microocchiature alla esterno grana più grossa,Struttura della Pasta,Frattura a scaglie grana non omogenea in centro striature nella grana con microocchiature alla esterno grana più grossa,"Pasta con frattura a scaglie, grana non omogenea al centro con striature, microocchiature esterne e grana più grossa.",4,23849,
Struttura della Pasta::struttura abbastanza granulosa e definita ma con presenza di micro occhiatura diffusa,Struttura della Pasta,Struttura abbastanza granulosa e definita ma con presenza di micro occhiatura diffusa,Pasta abbastanza granulosa e definita con microocchiatura diffusa.,4,35727,
Struttura della Pasta::grossolana con frattura a roccia,Struttura della Pasta,Grossolana con frattura a roccia,Pasta grossolana con frattura a roccia.,4,20401,
Struttura della Pasta::10 12 mm,Struttura della Pasta,10-12 mm,NON_DESCRITTO,2,46350,
Struttura della Pasta::regolare,Struttura della Pasta,Regolare,Pasta a frattura regolare.,16,9309,
Struttura della Pasta::occhi piccoli 1mm abbonamenti e diffusi,Struttura della Pasta,Occhi piccoli 1mm abbonamenti e diffusi,Pasta con piccole occhiature diffuse.,4,51407,
Struttura della Pasta::fessure grande occhio due zone spugna,Struttura della Pasta,Fessure grande occhio due zone spugna,"Pasta con fessure, grande occhiatura, due zone spugnose.",4,30706,
Struttura della Pasta::quasi grossolana strappo evidente,Struttura della Pasta,"Quasi grossolana, strappo evidente",Pasta quasi grossolana con strappo evidente.,8,29596,
Struttura della Pasta::finissima impugnatura centrale con dittatura e un'occhio di circa 6 mm,Struttura della Pasta,"Finissima impugnatura centrale, con dittatura e un'occhio di circa 6 mm",Pasta finissima al centro con stiratura e una piccola occhiatura.,4,41462,
Struttura della Pasta::frattura non omogenea disomogenea e granulosa,Struttura della Pasta,Frattura non omogenea Disomogenea e granulosa,Pasta con frattura disomogenea e granulosa.,4,24128,
Struttura della Pasta::un singolo occhio da 6mm,Struttura della Pasta,Un singolo occhio da 6mm,Pasta con una singola occhiatura di medie dimensioni.,4,48668,
Struttura della Pasta::grossa fessura >5 cm,Struttura della Pasta,Grossa fessura >5 cm,Pasta con una fessura pronunciata.,4,3538,
Struttura della Pasta::piccole fessure,Struttura della Pasta,Piccole fessure,Pasta con piccole fessure.,4,1800,
Struttura della Pasta::in parte stirata,Struttura della Pasta,In parte stirata,Pasta parzialmente stirata.,20,11645,
Struttura della Pasta::bella grana buona frattura omogeneo,Struttura della Pasta,"Bella grana, buona frattura. Omogeneo","Pasta con bella grana, buona frattura e omogenea.",4,7517,
Struttura della Pasta::poche piccole fessure e linea sottilissima trasversale di micro occiatura fine,Struttura della Pasta,Poche piccole fessure e linea sottilissima trasversale di micro occiatura fine,Pasta con poche piccole fessure e linea sottile trasversale di microocchiatura fine.,10,2016,
Struttura della Pasta::il centro differente dalle zone periferiche comunque presente,Struttura della Pasta,Il centro differente dalle zone periferiche. Comunque presente,Pasta con struttura differente al centro rispetto alle zone periferiche.,4,1795,
Struttura della Pasta::fine è stirata in centro grossolana verso scalzo,Struttura della Pasta,Fine è stirata in centro grossolana verso scalzo,"Pasta fine e stirata al centro, grossolana verso lo scalzo.",4,6,
Struttura della Pasta::frattura irregolare a scaglie presenza di cristalli grana fine,Struttura della Pasta,"Frattura irregolare a scaglie, presenza di cristalli,grana fine","Pasta con frattura irregolare a scaglie, presenza di cristalli e grana fine.",4,16927,
Struttura della Pasta::micoocchiatura appena percettibile,Struttura della Pasta,Micoocchiatura appena percettibile,Pasta con microocchiatura appena percettibile.,4,48690,
Struttura della Pasta::media grossolana ma omogenea con microocchiature diffuse,Struttura della Pasta,Media grossolana ma omogenea con microocchiature diffuse.,Pasta media grossolana ma omogenea con microocchiatura diffusa.,4,40367,
Struttura della Pasta::frattura ok ma grana solo a tratti ben profilata con andamento striato presenza di piccola zona con microocchiatura,Struttura della Pasta,"Frattura ok ma grana solo a tratti ben profilata con andamento striato, presenza di piccola zona con Microocchiatura","Pasta con frattura regolare, grana profilata solo a tratti con andamento striato e piccola zona di microocchiatura.",4,40366,
Struttura della Pasta::due punti di essudato,Struttura della Pasta,Due punti di essudato,Pasta con due aree di essudato.,2,46268,
Struttura della Pasta::frattura regolare e grana fine ma con striature,Struttura della Pasta,Frattura regolare e grana fine ma con striature,"Pasta con frattura regolare, grana fine e striature.",4,42823,
Struttura della Pasta::microocchiatura in piccolissima area centrale,Struttura della Pasta,Microocchiatura in piccolissima area centrale,Pasta con microocchiatura in piccola area centrale.,4,51128,
Struttura della Pasta::abbastanza regolare grana grossolana assenza di impugnatura,Struttura della Pasta,"Abbastanza regolare grana grossolana, assenza di impugnatura",Pasta abbastanza regolare con grana grossolana.,4,16933,
Struttura della Pasta::sfogliata,Struttura della Pasta,Sfogliata,Pasta sfogliata.,4,49873,
Struttura della Pasta::grossa occhiatina centrale 1cm e pasta fratturata,Struttura della Pasta,Grossa occhiatina centrale 1cm e pasta fratturata,Pasta con una grossa occhiatura al centro e frattura irregolare.,4,21778,
Struttura della Pasta::molte fratture sia piccole sotto piatto che grandi centrali,Struttura della Pasta,Molte fratture sia piccole sotto piatto che grandi centrali,Pasta con molte fratture sia piccole e regolari che grandi al centro.,4,49872,
Struttura della Pasta::microocchiatura appena visibile,Struttura della Pasta,Microocchiatura appena visibile,Pasta con microocchiatura appena visibile.,4,876,
Struttura della Pasta::pasta stirata in centro leggera occhiatura frattura abbastanza regolare,Struttura della Pasta,"Pasta stirata in centro, leggera occhiatura, frattura abbastanza regolare","Pasta stirata al centro, con leggera occhiatura e frattura abbastanza regolare.",4,5596,
Struttura della Pasta::frattura abbastanza regolare con qualche avvallamento struttura granulare ma compatta,Struttura della Pasta,"Frattura abbastanza regolare, con qualche avvallamento, struttura granulare ma compatta,","Pasta con frattura abbastanza regolare, qualche avvallamento, struttura granulare e compatta.",4,16930,
Struttura della Pasta::nel complesso bella struttura con grana omogenea e frattura netta presenza di microocchiatura diffusa molto fine a colpo d'occhio trascurabile,Struttura della Pasta,"Nel complesso bella struttura con grana omogenea e frattura netta. Presenza di microocchiatura diffusa molto fine, a colpo d'occhio trascurabile","Pasta con bella struttura, grana omogenea e frattura netta, microocchiatura diffusa molto fine.",10,1945,
Struttura della Pasta::grana grossa arrotondata,Struttura della Pasta,Grana grossa arrotondata,Pasta con grana grossa arrotondata.,4,50083,
Struttura della Pasta::molto sottile su i piatti,Struttura della Pasta,Molto sottile su i piatti,Pasta sottile sui piatti.,4,33810,
Struttura della Pasta::leggera impugnatura in zona centrale,Struttura della Pasta,Leggera impugnatura in zona centrale,Pasta con leggera impugnatura in zona centrale.,4,50596,
Struttura della Pasta::frattura regolare pasta granulare,Struttura della Pasta,"Frattura regolare, pasta granulare",Pasta con frattura regolare e granulosa.,4,9892,
Struttura della Pasta::frattura leggermente irregolare ma grana fine microocchiatura diffusa,Struttura della Pasta,"Frattura leggermente irregolare ma grana fine,microocchiatura diffusa","Pasta con frattura leggermente irregolare, grana fine e microocchiatura diffusa.",4,11504,
Struttura della Pasta::trans discreta grana abbastanza regolare,Struttura della Pasta,"Trans discreta,grana abbastanza regolare",Pasta con frattura discreta e grana abbastanza regolare.,4,37282,
Struttura della Pasta::estesa frattura di oltre 12 cm,Struttura della Pasta,Estesa frattura di oltre 12 cm,Pasta con frattura estesa.,4,50595,
Struttura della Pasta::leggermente stirata non omogenea,Struttura della Pasta,"Leggermente. Stirata, non omogenea,",Pasta leggermente stirata e non omogenea.,4,26178,
Struttura della Pasta::sporadiche microsoft ampie zone stirate,Struttura della Pasta,"Sporadiche Microsoft, ampie zone stirate",Pasta con sporadiche occhiature e ampie zone stirate.,4,44673,
Struttura della Pasta::microocchiature in striscia sottile,Struttura della Pasta,Microocchiature in striscia sottile,Pasta con microocchiature in striatura sottile.,4,1025,
Struttura della Pasta::leggerissima spugnatura centrale appena visibile,Struttura della Pasta,Leggerissima spugnatura centrale appena visibile,Pasta con leggerissima spugnatura centrale appena visibile.,4,275,
Struttura della Pasta::frattura regolare,Struttura della Pasta,"Frattura regolare,",Pasta con frattura regolare.,4,18777,
Struttura della Pasta::fitta occhiatura,Struttura della Pasta,Fitta occhiatura,Pasta con occhiatura fitta.,8,29207,
Struttura della Pasta::frattura irregolare con striature e microocchiature 0 5 mm,Struttura della Pasta,"Frattura irregolare con striature e microocchiature 0,5 mm","Pasta con frattura irregolare, striature e microocchiature.",4,35660,
Struttura della Pasta::dittatura evidente grande spacco grana piatta,Struttura della Pasta,"Dittatura evidente, grande spacco, grana piatta","Pasta con dittatura evidente, grande spacco e grana piatta.",4,37534,
Struttura della Pasta::struttura a scagkie,Struttura della Pasta,Struttura a scagkie,Pasta con struttura a scaglia.,4,51590,
Struttura della Pasta::cuore diverso dalla periferia,Struttura della Pasta,Cuore diverso dalla periferia,Pasta con struttura diversa tra il cuore e la periferia.,10,1956,
Struttura della Pasta::frattura abbastanza regolare struttura aspetto granulosa leggera micro occhiatura diffusa ma rada,Struttura della Pasta,"Frattura abbastanza regolare, struttura aspetto granulosa leggera micro occhiatura diffusa ma rada","Pasta con frattura abbastanza regolare, struttura granulosa con leggera microocchiatura diffusa ma rada.",4,30655,
Struttura della Pasta::frattura non proprio regolare grana pronunciata e ben distribuita,Struttura della Pasta,"Frattura non proprio regolare, grana pronunciata e ben distribuita","Pasta con frattura irregolare, grana pronunciata e ben distribuita.",4,37276,
Struttura della Pasta::anche un poco' irregolare la frattura,Struttura della Pasta,Anche un poco' irregolare la frattura,Pasta con frattura leggermente irregolare.,4,1125,
Struttura della Pasta::zone leggermente stirate una zona con microocch,Struttura della Pasta,"Zone leggermente stirate, una zona con microocch",Pasta con zone leggermente stirate e microocchiatura in una zona.,4,22232,
Struttura della Pasta::struttura interamente compromessa da fessurazioni anche profonde forma non valutabile,Struttura della Pasta,"Struttura interamente compromessa da fessurazioni anche profonde, Forma non valutabile",Pasta compromessa da fessurazioni profonde.,7,50933,
Struttura della Pasta::un poco di microocchiatura struttura poco grandiosa non tipica,Struttura della Pasta,"Un Poco di microocchiatura. Struttura poco grandiosa, non tipica.",Pasta con poca microocchiatura e struttura poco grandiosa.,4,15583,
Struttura della Pasta::piccoli occhi presenti in un area molto ridotta di 3cm cieca,Struttura della Pasta,Piccoli occhi presenti in un area molto ridotta di 3cm cieca,"Pasta con piccoli occhi presenti in un'area molto ridotta, con zona cieca.",4,51265,
Struttura della Pasta::cristalli presenti friabile ma troppo morbido al morso,Struttura della Pasta,cristalli presenti. friabile ma troppo morbido al morso,Pasta friabile con cristalli presenti.,4,27408,
Struttura della Pasta::frattura omogenea leggermente stirata,Struttura della Pasta,Frattura omogenea leggermente stirata,Pasta con frattura omogenea leggermente stirata.,4,47230,
Struttura della Pasta::difetto pasta su di un lato,Struttura della Pasta,Difetto pasta su di un lato,Pasta con difetto strutturale su un lato.,4,48979,
Struttura della Pasta::microocchiatura diffusa zone stirata occhiatura di notevoli dimensioni in un punto vicino al sottocrosta,Struttura della Pasta,"Microocchiatura diffusa, zone stirata, occhiatura di notevoli dimensioni in un punto vicino al sottocrosta","Pasta con microocchiatura diffusa, zone stirate e occhiatura di notevoli dimensioni in prossimità della sottocrosta.",4,5979,
Struttura della Pasta::diverse fratture,Struttura della Pasta,Diverse fratture,Pasta con diverse fratture.,4,42617,
Struttura della Pasta::parte stirata ma altra grana bella,Struttura della Pasta,Parte stirata ma altra grana bella,Pasta con parte stirata ma altra zona a grana bella.,4,14166,
Struttura della Pasta::zone stirato presenza di microocchiature e struttura sbrinz,Struttura della Pasta,"Zone stirato, presenza di microocchiature e struttura sbrinz","Pasta stirata in zone, con microocchiature e struttura granulosa.",4,13888,
Struttura della Pasta::occhietti diffusi più verso esterno interno so,Struttura della Pasta,Occhietti diffusi più verso esterno interno so,Pasta con piccoli occhi diffusi principalmente verso l'esterno e l'interno.,4,503,
Struttura della Pasta::circoscritta area spugnosa,Struttura della Pasta,Circoscritta area spugnosa,Pasta con area spugnosa circoscritta.,4,49424,
Struttura della Pasta::frattura integolare,Struttura della Pasta,Frattura integolare,Pasta con frattura irregolare.,4,5831,
Struttura della Pasta::frattura molto grosse successi siero grandi occhi sparsi,Struttura della Pasta,Frattura molto grosse successi siero grandi occhi sparsi,"Pasta con frattura grossolana, grandi occhiature sparse e tracce di siero.",4,13819,
Struttura della Pasta::microocchiatura anche sulla crosta,Struttura della Pasta,Microocchiatura anche sulla crosta,Pasta con microocchiatura presente anche sulla crosta.,4,504,
Struttura della Pasta::irregolare e spunosa a centro,Struttura della Pasta,Irregolare e spunosa a centro,Pasta irregolare e spugnosa al centro.,4,12979,
Struttura della Pasta::bella granito fine,Struttura della Pasta,Bella granito fine,Pasta con bella grana fine.,4,11439,
Struttura della Pasta::linee con direzioni grana medio grossolana,Struttura della Pasta,Linee con direzioni. Grana medio grossolana,Pasta con linee direzionate e grana medio grossolana.,2,46861,
Struttura della Pasta::frattura abbastanza regolare struttura un poco' slegata,Struttura della Pasta,"Frattura abbastanza regolare, struttura un poco' slegata",Pasta con frattura abbastanza regolare e struttura leggermente slegata.,4,18930,
Struttura della Pasta::un poco' di microocchiatura,Struttura della Pasta,Un poco' di microocchiatura,Pasta con una leggera microocchiatura.,4,41123,
Struttura della Pasta::grossolana a grano di riso,Struttura della Pasta,Grossolana. A grano di riso,Pasta grossolana a grano di riso.,4,51532,
Struttura della Pasta::profonda fessura che attraversa la forma,Struttura della Pasta,Profonda fessura che attraversa la forma,Pasta con fessura profonda che attraversa la forma.,4,50154,
Struttura della Pasta::frattura irregolare bella struttura ma con zona sfogliata,Struttura della Pasta,"Frattura irregolare, bella struttura ma con zona sfogliata","Pasta con frattura irregolare, bella struttura ma con zona sfogliata.",4,22417,
Struttura della Pasta::struttura non fine ma discreta al centro nella zona radiale microocchiatura in zone altresì disidratate tendenti al gessato,Struttura della Pasta,Struttura non fine ma discreta al centro. Nella zona radiale microocchiatura in zone altresì disidratate tendenti al gessato,"Pasta non fine ma discreta al centro, con microocchiatura nella zona radiale e aree disidratate tendenti al gessato.",4,49387,
Struttura della Pasta::spacchi bocciature sparse anche grosse stirata,Struttura della Pasta,"Spacchi, bocciature sparse anche grosse, stirata","Pasta con spacchi, occhiature sparse anche grosse e stirata.",4,33732,
Struttura della Pasta::grana molto grossolana con striature frattura con buco centrale stirata,Struttura della Pasta,"Grana molto grossolana con striature,frattura con buco centrale. Stirata.","Pasta grossolana con striature, frattura con occhiatura centrale e aspetto stirato.",4,35848,
Struttura della Pasta::struttura con grana grossa ruvida,Struttura della Pasta,Struttura con grana grossa ruvida,Pasta con grana grossa e ruvida.,4,18314,
Struttura della Pasta::frattura regolare leggermente striato,Struttura della Pasta,Frattura regolare leggermente striato,Pasta con frattura regolare e leggera stiratura.,4,42826,
Struttura della Pasta::abbastanza omogenea la grana è grossa vedo una sfoglia lunga 4 cm,Struttura della Pasta,"Abbastanza omogenea, la grana è grossa, vedo una sfoglia lunga 4 cm",Pasta abbastanza omogenea con grana grossolana e una sfoglia estesa.,4,15585,
Struttura della Pasta::stirato micro occhiatura taglio con vasca centrale,Struttura della Pasta,"Stirato, micro occhiatura, taglio con vasca centrale,",Pasta stirata con microocchiatura e vasca centrale al taglio.,4,44256,
Struttura della Pasta::tutta la mezza forma presenta una spugnatura grossa i cui occhi misurano 1 5mm,Struttura della Pasta,"Tutta la mezza forma presenta una spugnatura grossa, i cui occhi misurano 1,5mm",Pasta con spugnatura grossa diffusa in tutta la sezione.,4,50949,
Struttura della Pasta::microocchiatura particolarmente presente in una zona e in un angolo nel sottocrosta,Struttura della Pasta,"Microocchiatura particolarmente presente in una zona e in un angolo, nel Sottocrosta",Pasta con microocchiatura particolarmente presente in una zona e in un angolo della sottocrosta.,4,1156,
Struttura della Pasta::micro occhiatura centrale zone più lisce altre più granulose,Struttura della Pasta,"Micro occhiatura centrale, zone più lisce altre più granulose","Pasta con microocchiatura centrale, zone lisce e altre più granulose.",4,35786,
Struttura della Pasta::molto bella presenza di un piccolo occhio e piccola sfoglia,Struttura della Pasta,"Molto bella, presenza di un piccolo occhio e piccola sfoglia",Pasta con piccola occhiatura e leggera sfogliatura.,4,21780,
Struttura della Pasta::pasta un poco' scollata in un sotto piatto,Struttura della Pasta,Pasta un poco' scollata in un sotto piatto,Pasta leggermente scollata in una zona parziale.,4,1802,
Struttura della Pasta::granulosità buona ma micro occhiatura diffusa al centro,Struttura della Pasta,"Granulosità buona, ma micro occhiatura diffusa al centro",Pasta con buona granulosità e microocchiatura diffusa al centro.,4,14237,
Struttura della Pasta::spaccatura grossa frattura stirata no grana,Struttura della Pasta,Spaccatura grossa frattura stirata no grana,"Pasta con spaccatura e frattura grossa, stirata, priva di grana.",4,37538,
Struttura della Pasta::frattura ok ma abbastanza difetto sa con occhiatura e stiratura diffuse,Struttura della Pasta,"Frattura ok ma abbastanza difetto sa, con occhiatura e stiratura diffuse","Pasta con frattura regolare ma con difetti, occhiatura e stiratura diffuse.",4,7447,
Struttura della Pasta::troppo tenero cristalli,Struttura della Pasta,troppo tenero cristalli,Pasta troppo tenera con cristalli.,4,27683,
Struttura della Pasta::frattura irregolare con grana fine è leggermente stirata 1 piccola frattura,Struttura della Pasta,Frattura irregolare con grana fine è leggermente stirata 1 piccola frattura,"Pasta con frattura irregolare, grana fine e leggermente stirata.",4,37527,
Struttura della Pasta::frattura regolare in metà forma molti piccoli strappi uno centrale 6 cm l'altra metà bella grana,Struttura della Pasta,Frattura regolare in metà forma molti piccoli strappi uno centrale 6 cm l'altra metà bella grana,"Pasta con frattura regolare in una metà caratterizzata da piccoli strappi, uno centrale, e nell'altra metà bella grana.",4,30848,
Struttura della Pasta::frattura non bellissima occhiatura fine e a tratti diffusa grana evidente ma grossolana,Struttura della Pasta,"Frattura non bellissima, Occhiatura fine e a tratti diffusa, grana evidente ma grossolana","Pasta con frattura irregolare, occhiatura fine e a tratti diffusa, grana grossolana.",4,12907,
Struttura della Pasta::grana un poco grossa e frattura un poco irregolare,Struttura della Pasta,Grana un Poco grossa e frattura un Poco irregolare,Pasta con grana poco grossa e frattura poco irregolare.,4,26020,
Struttura della Pasta::grana un poco disomogenea con una parte tendenzialmente stirata,Struttura della Pasta,Grana un Poco disomogenea con una parte tendenzialmente stirata,Pasta con grana leggermente disomogenea e una parte tendente alla stiratura.,4,33647,
Struttura della Pasta::due grane diverse compresenti,Struttura della Pasta,Due grane diverse compresenti,Pasta con due grane diverse compresenti.,4,51637,
Struttura della Pasta::disidratata sotto un piatto,Struttura della Pasta,Disidratata sotto un piatto,Pasta disidratata in una zona superficiale.,4,3299,
Struttura della Pasta::grossolana ma regolare,Struttura della Pasta,Grossolana ma regolare,Pasta grossolana ma regolare.,4,17005,
Struttura della Pasta::spacco laterale leggera sfoglia centro grana discreta,Struttura della Pasta,"Spacco laterale,leggera sfoglia centro, grana discreta","Pasta con spacco laterale, leggera sfoglia al centro e grana discreta.",4,9389,
Struttura della Pasta::accenno allo sbrinz,Struttura della Pasta,Accenno allo sbrinz,Pasta con accenno allo sbrinz.,10,2014,
Struttura della Pasta::spaccature diversa cchiaturegrossolana diversa tra le due metà,Struttura della Pasta,Spaccature diversa cchiaturegrossolana diversa tra le due metà,Pasta con spaccature e occhiatura grossolana diversa tra le due metà.,4,37454,
Struttura della Pasta::morbido asciutto granuloso tende ad impastare e cristalli evidenti,Struttura della Pasta,morbido asciutto granuloso tende ad impastare e cristalli evidenti,"Pasta granulosa, tendente a impastare, con cristalli evidenti.",4,27752,
Struttura della Pasta::frattura irregolare grandioso tendenza ad una direzione delle fibbre al centro ma non stirato,Struttura della Pasta,"Frattura irregolare. Grandioso. Tendenza ad una direzione delle fibbre al centro, ma non stirato.","Pasta con frattura irregolare e grana grandiosav, tendente a una direzione delle fibre al centro, non stirata.",4,42754,
Struttura della Pasta::leggermente stirata,Struttura della Pasta,Leggermente stirata,Pasta leggermente stirata.,20,9217,
Struttura della Pasta::liscia poca grana occhi anche grandi c'era anche un pelo dentro,Struttura della Pasta,Liscia poca grana occhi anche grandi c'era anche un pelo dentro,Pasta liscia con poca grana e occhiature anche grandi.,4,44258,
Struttura della Pasta::muffa sotto scalzo,Struttura della Pasta,Muffa sotto scalzo,Pasta con muffa sotto lo scalzo.,4,48981,
Struttura della Pasta::frattura irregolare con presenza di grana fine distribuita omogeneamente,Struttura della Pasta,Frattura irregolare con presenza di grana fine distribuita omogeneamente,Pasta con frattura irregolare e grana fine distribuita omogeneamente.,4,37444,
Struttura della Pasta::frattura irregolare stirato al centro,Struttura della Pasta,"Frattura irregolare,stirato al centro","Pasta con frattura irregolare, stirata al centro.",4,30752,
Struttura della Pasta::peccato per poca regolarità ma grana ben presente,Struttura della Pasta,Peccato per poca regolarità ma grana ben presente!,Pasta con grana ben presente ma irregolare.,10,1957,
Struttura della Pasta::ammassi di cristalli di 2 o 4 mm,Struttura della Pasta,Ammassi di cristalli di 2 o 4 mm,Pasta con ammassi di cristalli di piccole dimensioni.,4,51955,
Struttura della Pasta::stirata ma niforme,Struttura della Pasta,Stirata ma niforme,Pasta stirata ma non uniforme.,4,9971,
Struttura della Pasta::microocchiatura diffusa mista ruvida,Struttura della Pasta,Microocchiatura Diffusa Mista ruvida,"Pasta con microocchiatura diffusa, mista e ruvida.",4,14230,
Struttura della Pasta::bella presenza di grana frattura omogenea qualche taglio,Struttura della Pasta,"Bella presenza di grana, frattura omogenea, qualche taglio..","Pasta con bella grana, frattura omogenea e qualche taglio.",4,25566,
Struttura della Pasta::occhio di circa 2 5 cm con all'interno siero e un agglomerato di quelli che sembrano cristalli altro insieme di occhi più piccoli ma tutti uniti proprie sul taglio centrale,Struttura della Pasta,"Occhio di circa 2,5 cm con all'interno siero e un agglomerato di quelli che sembrano cristalli. Altro insieme di occhi più piccoli ma tutti uniti proprie sul taglio centrale","Pasta con un'occhiatura di medie dimensioni contenente siero e cristalli, accompagnata da un insieme di piccole occhiature unite al taglio centrale.",4,4743,
Struttura della Pasta::stirata al centro diversi micro strappi disomogenea,Struttura della Pasta,"Stirata al centro, diversi micro strappi, disomogenea",Pasta stirata al centro con diversi micro strappi e disomogenea.,4,7369,
Struttura della Pasta::microocchiatura agglomerati bianchi evidenti leggibili striature centrali,Struttura della Pasta,Microocchiatura agglomerati bianchi evidenti leggibili striature centrali,"Pasta con microocchiatura, agglomerati bianchi evidenti e striature centrali leggibili.",4,37370,
Struttura della Pasta::grana grossolana e parti che tendono a sgretolarsi,Struttura della Pasta,Grana grossolana e parti che tendono a sgretolarsi,Pasta con grana grossolana e parti tendenti alla sgretolamento.,4,18309,
Struttura della Pasta::microocchiatura non fitta con siam 2 mm e qualche occhio di 5 o6 mm cristalli evidente e grana fine,Struttura della Pasta,Microocchiatura non fitta con siam 2 mm e qualche occhio di 5 o6 mm cristalli evidente e grana fine,"Pasta con microocchiatura non fitta, qualche occhio di dimensioni medie, cristalli evidenti e grana fine.",4,47447,
Struttura della Pasta::variabile a tratti bella grana in altri microocchiatura o leggermente stirato,Struttura della Pasta,"Variabile, a tratti bella grana, in altri microocchiatura o leggermente stirato","Pasta variabile, con bella grana a tratti, microocchiatura e leggera stiratura in altre zone.",4,33808,
Struttura della Pasta::leggermente stirata al centro,Struttura della Pasta,Leggermente stirata al centro,Pasta leggermente stirata al centro.,4,49885,
Struttura della Pasta::frattura regolare bella grana,Struttura della Pasta,Frattura regolare bella grana,Pasta con frattura regolare e bella grana.,12,11367,
Struttura della Pasta::frattura abbastanza regolare struttura poco graulare e compatta a con microocchiatura in zona centrale,Struttura della Pasta,"Frattura abbastanza regolare,struttura poco graulare e compatta a con microocchiatura in zona centrale,","Pasta con frattura abbastanza regolare, struttura poco granulosa e compatta, con microocchiatura in zona centrale.",4,11646,
Struttura della Pasta::microocchiature su tutta la pasta grana un poco' arrotondata stiratura,Struttura della Pasta,"Microocchiature su tutta la pasta,grana un poco' arrotondata ,stiratura","Pasta con microocchiature diffuse, grana leggermente arrotondata e stiratura.",4,37030,
Struttura della Pasta::grossa fessura centrale,Struttura della Pasta,Grossa fessura centrale,Pasta con una grossa fessura centrale.,4,710,
Struttura della Pasta::bella ma variamente microocchiata,Struttura della Pasta,Bella ma variamente microocchiata,Pasta bella ma variamente microocchiata.,4,1018,
Struttura della Pasta::granulosità decisa occhiatura anche di 3 mm soprattutto in mezza forma,Struttura della Pasta,"Granulosità decisa, occhiatura anche di 3 mm soprattutto in mezza forma,",Pasta con granulosità decisa e occhiatura medio-grande soprattutto in mezza forma.,4,41348,
Struttura della Pasta::microocchiatura centrale tendente allo stirato,Struttura della Pasta,Microocchiatura centrale Tendente allo stirato,"Pasta con microocchiatura centrale, tendente allo stirato.",4,7438,
Struttura della Pasta::occhiatura piccola leggermente stirato grana grossolana qualche piccola fessura frattura grossa,Struttura della Pasta,Occhiatura piccola leggermente stirato grana grossolana qualche piccola fessura frattura grossa,"Pasta con occhiatura piccola, leggermente stirata, grana grossolana e qualche piccola fessura.",4,20407,
Struttura della Pasta::fessura stirata centrale grana presente grossa più fine al centro,Struttura della Pasta,Fessura stirata centrale grana presente grossa più fine al centro,"Pasta con fessura stirata al centro, grana grossa con zona più fine al centro.",8,29598,
Struttura della Pasta::frattura abbastanza regolare micro occhiatura molto fine,Struttura della Pasta,"Frattura abbastanza regolare, micro occhiatura molto fine,",Pasta con frattura abbastanza regolare e microocchiatura molto fine.,4,18931,
Struttura della Pasta::tendenzialmente stirata con evidente crepa,Struttura della Pasta,Tendenzialmente stirata con evidente crepa,Pasta tendenzialmente stirata con evidente crepa.,4,30852,
Struttura della Pasta::frattura regolare ma occhiatura importante diffusa,Struttura della Pasta,Frattura regolare ma occhiatura importante diffusa,Pasta con frattura regolare ma occhiatura importante diffusa.,4,11224,
Struttura della Pasta::grandioso omogeneo qualche piccola occhiatura,Struttura della Pasta,"Grandioso, omogeneo, qualche piccola occhiatura",Pasta omogenea con qualche piccola occhiatura.,4,37367,
Struttura della Pasta::stirato in ampia zona centrale microocchiature diffusa,Struttura della Pasta,Stirato in ampia zona centrale. Microocchiature diffusa,Pasta stirata in ampia zona centrale con microocchiatura diffusa.,4,42894,
Struttura della Pasta::frattura regolare ma microocchiature diffuse e un occhio da 1 cm al centro,Struttura della Pasta,Frattura regolare ma microocchiature diffuse e un occhio da 1 cm al centro,Pasta a frattura regolare con microocchiature diffuse e un'occhiatura al centro.,4,18389,
Struttura della Pasta::frattura ok grana presente abbastanza profilata,Struttura della Pasta,"Frattura ok, grana presente abbastanza profilata",Pasta con frattura regolare e grana abbastanza profilata.,4,18778,
Struttura della Pasta::evidente microocchiatura non proprio micro,Struttura della Pasta,Evidente microocchiatura. Non proprio micro,"Pasta con microocchiatura evidente, non particolarmente fine.",4,3544,
Struttura della Pasta::zone stirate macchie bianche con essudato,Struttura della Pasta,"Zone stirate, macchie bianche con essudato",Pasta con zone stirate e macchie bianche con essudato.,2,46269,
Struttura della Pasta::microocchiatura centrale molto pesante che conferisce aspetto spugnoso,Struttura della Pasta,Microocchiatura centrale molto pesante che conferisce aspetto spugnoso,Pasta con microocchiatura centrale molto diffusa che conferisce aspetto spugnoso.,4,26101,
Struttura della Pasta::piccola fessura,Struttura della Pasta,Piccola fessura,Pasta con una piccola fessura.,4,49325,
Struttura della Pasta::3 piccoli occhi,Struttura della Pasta,3 piccoli occhi,Pasta con tre piccole occhiature.,4,1734,
Struttura della Pasta::microocchiatura diffusa molto impattante visivamente struttura grandiosa regolare,Struttura della Pasta,Microocchiatura diffusa molto impattante visivamente Struttura grandiosa regolare,"Pasta con microocchiatura diffusa molto impattante, struttura grandiosa e regolare.",4,35723,
Struttura della Pasta::frattura non omogenea ma sfoglia di 3 cm molto granulosa,Struttura della Pasta,"Frattura non omogenea, ma sfoglia di 3 cm molto granulosa","Pasta con frattura non omogenea, sfogliata e granulosa.",4,42692,
Struttura della Pasta::frattura on regolare,Struttura della Pasta,frattura on regolare,Pasta con frattura non regolare.,4,2390,
Struttura della Pasta::penalizzata per fascia sottoposto senza grana e si il stirata,Struttura della Pasta,Penalizzata per fascia sottoposto senza grana e si il stirata,Pasta con fascia sottoposta priva di grana e stirata.,8,3500,
Struttura della Pasta::peccato per disidratazione piccole fessure,Struttura della Pasta,Peccato per disidratazione piccole fessure,Pasta disidratata con piccole fessure.,4,2559,
Struttura della Pasta::centralmente alla forma e presente un'area piuttosto grande di fine ma diffusa occhiatura di dimensioni abbastanza omogenee,Struttura della Pasta,Centralmente alla forma e presente un'area piuttosto grande di fine ma diffusa occhiatura di dimensioni abbastanza omogenee,Pasta con area centrale di fine e diffusa occhiatura di dimensioni abbastanza omogenee.,2,46358,
Struttura della Pasta::zone stirata grana quasi assente,Struttura della Pasta,"Zone stirata, grana quasi assente",Pasta con zone stirate e grana quasi assente.,4,44757,
Struttura della Pasta::frattura regolare impugnatura fine è diffusa centralmente un occhio di 6mm,Struttura della Pasta,"Frattura regolare, impugnatura fine è diffusa, centralmente un occhio di 6mm","Pasta con frattura regolare, grana fine e diffusa, con una occhiatura al centro.",4,18396,
Struttura della Pasta::microocch molto diffusa zone stirata diverse fenditure,Struttura della Pasta,"Microocch molto diffusa, zone stirata, diverse fenditure","Pasta con microocchiatura molto diffusa, zone stirate e diverse fenditure.",4,47507,
Struttura della Pasta::molto spinosa con occhi fino e 2 mm frattura molto regolare,Struttura della Pasta,"Molto spinosa con occhi fino e 2 mm , frattura molto regolare","Pasta spinosa con piccoli occhi, frattura molto regolare.",4,24207,
Struttura della Pasta::grossolana occhiatura su un lato,Struttura della Pasta,Grossolana occhiatura su un lato,Pasta con occhiatura grossolana su un lato.,4,30657,
Struttura della Pasta::striature centrali e frattura non omogenee,Struttura della Pasta,Striature centrali e frattura non omogenee,Pasta con striature centrali e frattura non omogenea.,8,29145,
Struttura della Pasta::non regolarissima la frattura,Struttura della Pasta,Non regolarissima la frattura,Pasta con frattura non regolare.,4,49594,
Struttura della Pasta::non omogenea aree stirate,Struttura della Pasta,Non omogenea aree stirate,Pasta non omogenea con aree stirate.,4,24338,
Struttura della Pasta::microocchiatura diffusa grande occhio,Struttura della Pasta,"Microocchiatura diffusa, grande occhio",Pasta con microocchiatura diffusa e un grande occhio.,4,23925,
Struttura della Pasta::microocchiatura molto diffusa,Struttura della Pasta,Microocchiatura molto diffusa,Pasta con microocchiatura molto diffusa.,6,35726,
Struttura della Pasta::grana fine ma su un lato strappo cristalli piccoli evidenti,Struttura della Pasta,Grana fine ma su un lato strappo cristalli piccoli evidenti,Pasta a grana fine con strappo su un lato e piccoli cristalli evidenti.,4,9383,
Struttura della Pasta::a zone bella grana in altre qualche strappetto e occhiatina micro o più decisa,Struttura della Pasta,"A zone bella grana, in altre qualche strappetto e occhiatina micro o più decisa","Pasta con bella grana a zone, in altre aree qualche strappetto e piccola occhiatura micro o più marcata.",4,21688,
Struttura della Pasta::rocciosa,Struttura della Pasta,Rocciosa,Pasta rocciosa.,4,33882,
Struttura della Pasta::stirata ma soprattutto estremamente spugnosa al centro,Struttura della Pasta,Stirata ma soprattutto estremamente spugnosa al centro!,Pasta stirata e spugnosa al centro.,4,13884,
Struttura della Pasta::frattura molto buona grana presente ed omogenea anche se non finissima,Struttura della Pasta,"Frattura molto buona, grana presente ed omogenea, anche se non finissima","Pasta con frattura buona, grana omogenea e non particolarmente fine.",4,31877,
Struttura della Pasta::frattura regolare struttura granulare omogenea,Struttura della Pasta,"Frattura regolare, struttura granulare omogenea,",Pasta con frattura regolare e struttura granulare omogenea.,4,11506,
Struttura della Pasta::sotto un piatto pasta a scaglie,Struttura della Pasta,Sotto un piatto pasta a scaglie,"Pasta con scaglie, struttura piatta nella zona inferiore.",4,50805,
Struttura della Pasta::frattura non bellissima grana poco definita tratti stirati presenza a tratti di microocchiatura,Struttura della Pasta,Frattura non bellissima grana poco definita tratti stirati presenza a tratti di Microocchiatura,"Pasta con frattura poco definita, grana poco definita, tratti stirati e microocchiatura a tratti.",4,18932,
Struttura della Pasta::microocchiatura neanche piccolissima pasta stirata non strutturata,Struttura della Pasta,"Microocchiatura neanche piccolissima, Pasta stirata, non strutturata","Pasta stirata con microocchiatura non particolarmente piccola, poco strutturata.",4,41513,
Struttura della Pasta::frattura molto regolare e grandiosa con cristalli piccoli e frequenti e microocchiatura p fitta in centro e su un lato,Struttura della Pasta,Frattura molto regolare e grandiosa con cristalli piccoli e frequenti e microocchiatura p fitta in centro e su un lato,"Pasta con frattura regolare e grandiosa, cristalli piccoli e frequenti, microocchiatura fitta al centro e su un lato.",4,24199,
Struttura della Pasta::a tratti sembra appena accennata a tratti stamattina altri punti grandiosa taglio solo discreto,Struttura della Pasta,A tratti sembra appena accennata. A tratti stamattina. Altri punti grandiosa. Taglio solo discreto,"Pasta a tratti con struttura appena accennata, a tratti grandiosa, complessivamente discreta.",4,37529,
Struttura della Pasta::frattura abbastanza regolare microocchiatura su un lato grana fine,Struttura della Pasta,"Frattura abbastanza regolare, microocchiatura su un lato,grana fine","Pasta con frattura abbastanza regolare, grana fine e microocchiatura su un lato.",4,30654,
Struttura della Pasta::frattura abbastanza regolare poco granulosa leggera micro occhiatura,Struttura della Pasta,"Frattura abbastanza regolare, poco granulosa leggera micro occhiatura","Pasta con frattura abbastanza regolare, poco granulosa, leggera microocchiatura.",4,9304,
Struttura della Pasta::fessura di oltre 6 cm,Struttura della Pasta,Fessura di oltre 6 cm,Pasta con fessura pronunciata.,4,49864,
Struttura della Pasta::zona con sfoglia grana sottile,Struttura della Pasta,"Zona con sfoglia, grana sottile",Pasta con zona sfogliata e grana fine.,4,44171,
Struttura della Pasta::brutta frattura grana presente ma con evidenti striature,Struttura della Pasta,"Brutta frattura, grana presente ma con evidenti striature","Pasta con frattura irregolare, grana presente ma con evidenti striature.",4,30754,
Struttura della Pasta::presenza di cristalli ma occhiatura centrale,Struttura della Pasta,Presenza di cristalli ma occhiatura centrale,Pasta con cristalli e occhiatura centrale.,4,7981,
Struttura della Pasta::purtroppo presenta fessura consistente,Struttura della Pasta,Purtroppo presenta fessura consistente,Pasta con fessura consistente.,4,2551,
Struttura della Pasta::grana anche buona ma piena di tagli,Struttura della Pasta,"Grana anche buona, ma piena di tagli",Pasta con grana buona ma piena di tagli.,4,5129,
Struttura della Pasta::taglio regolare ma grande zona centrale spinosa e fratturata,Struttura della Pasta,Taglio regolare ma grande zona centrale spinosa e fratturata,Pasta con taglio regolare ma con una grande zona centrale spinosa e fratturata.,4,13885,
Struttura della Pasta::frattura ok grana presente e ben definita,Struttura della Pasta,"Frattura ok, grana presente e ben definita","Pasta con frattura regolare, grana presente e ben definita.",4,18316,
Struttura della Pasta::taglio clamoroso struttura centrale diversa,Struttura della Pasta,Taglio clamoroso. Struttura centrale diversa,Pasta con taglio pronunciato e struttura centrale diversa.,4,3535,
Struttura della Pasta::microocchiatura concentrata al centro,Struttura della Pasta,Microocchiatura concentrata al centro,Pasta con microocchiatura concentrata al centro.,4,49143,
Struttura della Pasta::omogenea con grana sia grossa che fine,Struttura della Pasta,Omogenea con grana sia grossa che fine!,Pasta omogenea con grana sia grossolana che fine.,4,31884,
Struttura della Pasta::al centro 2 grappoli di occhi,Struttura della Pasta,Al centro 2 grappoli di occhi,Pasta con due grappoli di occhiatura al centro.,4,51316,
Struttura della Pasta::grossolana ma omogenea,Struttura della Pasta,"Grossolana, ma omogenea",Pasta grossolana ma omogenea.,4,51479,
Struttura della Pasta::assenza di grana,Struttura della Pasta,Assenza di grana,Pasta con assenza di grana.,8,4962,
Struttura della Pasta::struttura grandiosa e omogenea grana grossa,Struttura della Pasta,Struttura grandiosa e omogenea. Grana grossa,"Pasta con struttura grandiosa e omogenea, grana grossa.",4,47228,
Struttura della Pasta::frattura regolare grana medio fine,Struttura della Pasta,"Frattura regolare,grana medio fine",Pasta con frattura regolare e grana medio fine.,4,42476,
Struttura della Pasta::leggermente stirato al centro più grandioso sotto gli scalzi ma disomogeneo,Struttura della Pasta,"Leggermente stirato al centro, più grandioso sotto gli scalzi ma disomogeneo","Pasta leggermente stirata al centro, più grossolana sotto gli scalzi ma disomogenea.",4,44760,
Struttura della Pasta::una piccola fessura di 3 cm,Struttura della Pasta,Una piccola fessura di 3 cm,Pasta con una piccola fessura.,4,50164,
Struttura della Pasta::effetto a scaglie in alcune zone,Struttura della Pasta,Effetto a scaglie in alcune zone,Pasta con effetto a scaglie in alcune zone.,4,11,
Struttura della Pasta::granuloso morbido e cristalli evidenti,Struttura della Pasta,granuloso morbido e cristalli evidenti,Pasta granulosa con cristalli evidenti.,4,27822,
Struttura della Pasta::una piccola zona con grana molto fine,Struttura della Pasta,Una piccola zona con grana molto fine,Pasta con una piccola zona a grana molto fine.,4,1276,
Struttura della Pasta::occhiatura effetto spugna centrale,Struttura della Pasta,Occhiatura effetto spugna centrale,Pasta con occhiatura a effetto spugna al centro.,4,26103,
Struttura della Pasta::un lato della forma è spugnosa colore omogeneamente paglierino carico con leggera nota verdognola e presenza di cristalli,Struttura della Pasta,"Un lato della forma è spugnosa, colore omogeneamente paglierino carico, con leggera nota verdognola e presenza di cristalli.","Pasta con un lato spugnoso e struttura disomogenea, colore paglierino carico.",4,5985,
Struttura della Pasta::microocchiatura diffusa frattura regolare,Struttura della Pasta,"Microocchiatura diffusa, frattura regolare",Pasta con microocchiatura diffusa e frattura regolare.,4,24205,
Struttura della Pasta::peccato per la fessura grossa,Struttura della Pasta,Peccato per la fessura grossa!,Pasta con una fessura grossa.,4,50816,
Struttura della Pasta::2 fessure,Struttura della Pasta,2 fessure,Pasta con due fessure.,4,327,
Struttura della Pasta::stirata in varie parti non da grana presenti spacchi,Struttura della Pasta,"Stirata in varie parti, non da grana. Presenti spacchi","Pasta stirata in varie parti con spacchi, non granulosa.",4,24343,
Struttura della Pasta::frattura regolare presenza di microocchiatura a tratti grana presente ma poco profilata,Struttura della Pasta,"Frattura regolare, presenza di microocchiatura a tratti, grana presente ma poco profilata","Pasta con frattura regolare, microocchiatura a tratti e grana poco profilata.",4,41125,
Struttura della Pasta::frattura irregolare pasta molto legata e compatta,Struttura della Pasta,Frattura irregolare. Pasta !molto legata e compatta,"Pasta con frattura irregolare, molto legata e compatta.",10,1955,
Struttura della Pasta::grave difetto centrale (vivi e crepa profondi diametro 1 3 cm),Struttura della Pasta,"Grave difetto centrale (vivi e crepa profondi diametro 1,3 cm)",Pasta con grave difetto centrale caratterizzato da vivi e crepa profonda.,8,29529,
Struttura della Pasta::buona struttura,Struttura della Pasta,Buona struttura,Pasta a buona struttura.,4,25560,
Struttura della Pasta::non regolare tendente allo stirato granulosa,Struttura della Pasta,Non regolare Tendente allo stirato Granulosa,"Pasta non regolare, tendente allo stirato e granulosa.",2,46935,
Struttura della Pasta::brutta frattura struttura eterogenea stirata al centro,Struttura della Pasta,"Brutta frattura, struttura eterogenea stirata al centro","Pasta con frattura irregolare, struttura eterogenea e stirata al centro.",4,37452,
Struttura della Pasta::pasta stirata e con micro occhiatura sottile e diffusa in area centrale grossa bolla > 1 cm,Struttura della Pasta,"Pasta stirata e con micro Occhiatura, sottile e diffusa in area centrale, grossa bolla > 1 cm","Pasta stirata con microocchiatura sottile e diffusa all'area centrale, e una grossa bolla.",4,23924,
Struttura della Pasta::struttura non omogenea con zone con microocchiatura,Struttura della Pasta,Struttura non omogenea con zone con microocchiatura,Pasta non omogenea con zone di microocchiatura.,4,16852,
Struttura della Pasta::parte centrale lievemente stirata e spugnoso bel taglio,Struttura della Pasta,Parte centrale lievemente stirata e spugnoso. Bel taglio,Pasta lievemente stirata e spugnosa nella parte centrale.,4,26098,
Struttura della Pasta::non perfettamente omogenea le microocchiatura centrali penalizzano,Struttura della Pasta,Non perfettamente omogenea. Le microocchiatura centrali penalizzano,Pasta non perfettamente omogenea con microocchiatura diffusa al centro.,4,1335,
Struttura della Pasta::frattura irregolare e microocchiatura,Struttura della Pasta,Frattura irregolare e Microocchiatura,Pasta con frattura irregolare e microocchiatura.,4,11364,
Struttura della Pasta::microocchiatura centrale estesa non tutta ma ampia per il resto struttura granulosa omogenea frattura nn regolare,Struttura della Pasta,"Microocchiatura centrale estesa, non tutta, ma ampia. Per il resto struttura Granulosa omogenea. Frattura nn regolare","Pasta con microocchiatura centrale estesa, struttura granulosa omogenea nel resto e frattura irregolare.",4,12902,
Struttura della Pasta::grana grossolana ma omogeneità,Struttura della Pasta,Grana grossolana ma omogeneità,Pasta con grana grossolana e buona omogeneità.,2,46273,
Struttura della Pasta::struttura non omogenea in parte stirata,Struttura della Pasta,Struttura non omogenea in parte stirata,Pasta non omogenea in parte stirata.,8,29467,
Struttura della Pasta::striature,Struttura della Pasta,Striature,Pasta con striature.,4,20215,
Struttura della Pasta::frattura non regolare ma struttura abbastanza omogenea,Struttura della Pasta,Frattura non regolare ma struttura abbastanza omogenea,Pasta con frattura irregolare e struttura abbastanza omogenea.,8,29082,
Struttura della Pasta::frattura non regolare struttura poco granulare,Struttura della Pasta,"Frattura non regolare, struttura poco granulare,",Pasta con frattura non regolare e struttura poco granulare.,4,24134,
Struttura della Pasta::grossolana con zone con micro fratture e microocchiture,Struttura della Pasta,Grossolana con zone con micro fratture e microocchiture,Pasta grossolana con zone caratterizzate da micro fratture e microocchiature.,4,22408,
Struttura della Pasta::grana media,Struttura della Pasta,Grana media,Pasta a grana media.,4,4484,
Struttura della Pasta::tra paglierino carico e dorato distribuzione omogenea,Struttura della Pasta,Tra Paglierino carico e dorato distribuzione omogenea,"Pasta con distribuzione omogenea, tra paglierino carico e dorato.",4,24347,
Struttura della Pasta::compatto umido pastoso poco granuloso solubile pochi cristalli,Struttura della Pasta,"compatto, umido, pastoso, poco granuloso, solubile, pochi cristalli","Pasta compatta, poco granulosa e con pochi cristalli.",4,27896,
Struttura della Pasta::buona solibulit,Struttura della Pasta,buona solibulit,NON_DESCRITTO,4,27759,
Struttura della Pasta::compatto quasi gommoso e deformabile non friabile,Struttura della Pasta,"compatto, quasi gommoso e deformabile, non friabile","Pasta compatta, quasi gommosa e deformabile, non friabile.",4,27826,
Struttura della Pasta::microocchiatura fine con inserti più grossi bella frattura omogenea la grana,Struttura della Pasta,Microocchiatura fine con inserti più grossi. Bella frattura. Omogenea la grana,"Pasta con microocchiatura fine e inserti più grossi, frattura regolare e grana omogenea.",4,37025,
Struttura della Pasta::presente microocchiature diffuse,Struttura della Pasta,Presente microocchiature diffuse,Pasta con microocchiature diffuse.,4,24203,
Struttura della Pasta::un terzo della forma invece è da 8,Struttura della Pasta,Un terzo della forma invece è da 8,NON_DESCRITTO,4,49888,
Struttura della Pasta::struttura fine buonissimo taglio,Struttura della Pasta,Struttura fine. Buonissimo taglio,Pasta a struttura fine.,4,17002,
Struttura della Pasta::grana bella spaccatura regolare qualche occhiatura,Struttura della Pasta,Grana bella spaccatura regolare qualche occhiatura,"Pasta con bella grana, frattura regolare e qualche occhiatura.",4,33655,
Struttura della Pasta::microstruttura scarsa ma nel complesso solubile,Struttura della Pasta,microstruttura scarsa ma nel complesso solubile,Pasta con microstruttura scarsa ma nel complesso solubile.,4,27829,
Struttura della Pasta::grana grossolana e fine presenti microocchiature e omogeneità nella frattura,Struttura della Pasta,Grana grossolana e fine presenti. Microocchiature e omogeneità nella frattura,"Pasta con grana grossolana e fine, microocchiature diffuse e frattura omogenea.",4,37033,
Struttura della Pasta::mista grandiosa con aree stirate,Struttura della Pasta,Mista grandiosa con aree stirate,Pasta mista con grandiosa occhiatura e aree stirate.,4,20399,
Struttura della Pasta::qualche occhiettino non omogenea,Struttura della Pasta,Qualche occhiettino Non omogenea,Pasta non omogenea con qualche piccola occhiatura.,4,22407,
Struttura della Pasta::tanti tagli fessure sottili in ogni verso grana non perfettamente omogenea frattura solo discreta,Struttura della Pasta,"Tanti tagli, fessure sottili in ogni verso. Grana non perfettamente omogenea. Frattura solo discreta","Pasta con numerosi tagli e fessure sottili in varie direzioni, grana non omogenea e frattura discreta.",4,42614,
Struttura della Pasta::qualche frattura presente,Struttura della Pasta,Qualche frattura presente,Pasta con qualche frattura.,4,7827,
Struttura della Pasta::microocchiatura molto fitta on piccole fratture e grana che forma striature evidenti cristalli,Struttura della Pasta,Microocchiatura molto fitta on piccole fratture e grana che forma striature evidenti cristalli,"Pasta con microocchiatura fitta, piccole fratture, grana che forma striature con cristalli.",4,47503,
Struttura della Pasta::presenza di ossidazione interna,Struttura della Pasta,Presenza di ossidazione interna,Pasta con ossidazione interna.,4,48904,
Struttura della Pasta::ovunque microocchiatura fine è rada struttura buona fine pare che verso un piatto la pasta sia più asciutta,Struttura della Pasta,"Ovunque Microocchiatura fine è rada, Struttura buona, fine, Pare che verso un piatto la pasta sia più asciutta,","Pasta con microocchiatura fine e rada, struttura fine, tendente a essere più asciutta verso una zona.",4,41121,
Struttura della Pasta::peccato per occhi,Struttura della Pasta,Peccato per occhi ...,Pasta con occhi visibili.,8,284,
Struttura della Pasta::molto cedevole molti microcristalli solubile leggera sabbiosit,Struttura della Pasta,"molto cedevole, molti microcristalli, solubile, leggera sabbiosit",Pasta granulosa con leggera sabbiosità e microcristalli diffusi.,4,27680,
Struttura della Pasta::trascuri le micro frattura piccolissime,Struttura della Pasta,"Trascuri le micro frattura , piccolissime",Pasta con micro fratture piccolissime.,4,2388,
Struttura della Pasta::presenza di pasta tendente al ruvido su un lato,Struttura della Pasta,Presenza di pasta tendente al ruvido su un lato,Pasta tendente al ruvida su un lato.,4,271,
Struttura della Pasta::occhio da 8 mm e 3 mm,Struttura della Pasta,Occhio da 8 mm e 3 mm,Pasta con occhiature di media e piccola dimensione.,8,285,
Struttura della Pasta::leggermente stirato in parte frattura spacco non troppo regolare,Struttura della Pasta,"Leggermente stirato in parte, frattura, spacco non troppo regolare","Pasta leggermente stirata in parte, con frattura e spacco non del tutto regolare.",4,37535,
Struttura della Pasta::frattura regolare grana fine,Struttura della Pasta,Frattura regolare grana fine,Pasta con frattura regolare e grana fine.,8,9477,
Struttura della Pasta::granulosa con una bella frattura presenza localizzata di microocchiatura e di occhio più grande due piccole fratture,Struttura della Pasta,"Granulosa con una bella frattura, presenza localizzata di microocchiatura e di occhio più grande, due piccole fratture","Pasta granulosa con bella frattura, microocchiatura e occhiatura localizzate, e due piccole fratture.",4,30705,
Struttura della Pasta::qualche cristallo ma positiva,Struttura della Pasta,qualche cristallo ma positiva,Pasta con qualche cristallo.,4,27893,
Struttura della Pasta::occhiatura che tende al grande diametro una parte della pasta è lievemente stirata altra parte grandiosa di media finezza taglio perfetto,Struttura della Pasta,"Occhiatura che tende al grande diametro. Una parte della pasta è lievemente stirata, altra parte grandiosa di media finezza. Taglio perfetto","Pasta con occhiatura dal diametro tendente al grande, una parte lievemente stirata e altra parte grandiosa di media finezza.",4,44333,
Struttura della Pasta::meno evoluta verso ipiatti,Struttura della Pasta,Meno evoluta verso ipiatti,Pasta meno evoluta verso i piatti.,4,1760,
Struttura della Pasta::zone stirate,Struttura della Pasta,Zone stirate,Pasta con zone stirate.,22,6056,
Struttura della Pasta::quasi stirata microocchiatura diffusa,Struttura della Pasta,"Quasi stirata, Microocchiatura diffusa",Pasta quasi stirata con microocchiatura diffusa.,4,11227,
Struttura della Pasta::grandi spacchi tratti stirati,Struttura della Pasta,"Grandi spacchi, tratti stirati",Pasta con grandi spacchi e tratti stirati.,4,32421,
Struttura della Pasta::spugnosita centrale,Struttura della Pasta,Spugnosita centrale,Pasta con spugnositá centrale.,4,35782,
Struttura della Pasta::fascia stirata sotto un piatto,Struttura della Pasta,Fascia stirata sotto un piatto,Pasta con fascia stirata sotto una zona piatta.,10,1966,
Struttura della Pasta::frattura abbastanza regolare spugnatura centrale con occhi più piccoli del mm struttura grossolana,Struttura della Pasta,"Frattura abbastanza regolare, spugnatura centrale con occhi più piccoli del mm, struttura grossolana","Pasta con frattura abbastanza regolare, struttura grossolana e microocchiatura centrale con occhi piccoli.",4,16856,
Struttura della Pasta::al centro saponosa con microocchiature e bolle,Struttura della Pasta,"Al centro saponosa,con microocchiature e bolle",Pasta saponosa al centro con microocchiature e bolle.,4,31958,
Struttura della Pasta::dittatura occhiatura anche grossolana frattura evidente,Struttura della Pasta,Dittatura occhiatura anche grossolana frattura evidente,Pasta con occhiatura diffusa anche grossolana e frattura evidente.,4,18472,
Struttura della Pasta::struttura slegata disomogenea presente una spacco,Struttura della Pasta,"Struttura slegata, disomogenea. Presente una spacco",Pasta slegata e disomogenea con uno spacco.,4,5903,
Struttura della Pasta::frattura irregolare ed i taglio per il resto grana regolare grandiosa anche fine,Struttura della Pasta,"Frattura irregolare ed i taglio . Per il resto grana regolare, grandiosa, anche fine","Pasta con frattura irregolare al taglio, grana regolare, grandiosa e fine nel resto.",4,40431,
Struttura della Pasta::frattura abbastanza regolare pasta granulosa con evidenti andamenti striati,Struttura della Pasta,"Frattura abbastanza regolare, pasta granulosa con evidenti andamenti striati","Pasta con frattura abbastanza regolare, granulosa e con evidenti andamenti striati.",4,42760,
Struttura della Pasta::stirata si intende leggermente,Struttura della Pasta,Stirata si intende leggermente!,Pasta leggermente stirata.,4,50076,
Struttura della Pasta::grana fine è omogenea,Struttura della Pasta,Grana fine è omogenea,Pasta a grana fine e omogenea.,8,29595,
Struttura della Pasta::struttura in parte stirata non omogenea,Struttura della Pasta,"Struttura in parte stirata, non omogenea.",Pasta in parte stirata e non omogenea.,4,5980,
Struttura della Pasta::sbrinz,Struttura della Pasta,Sbrinz,Pasta tipo sbrinz.,4,9468,
Struttura della Pasta::scarsa la grana,Struttura della Pasta,Scarsa la grana,Pasta con grana scarsa.,4,26022,
Struttura della Pasta::qualche piccola frattura e zona più granulosa,Struttura della Pasta,Qualche piccola frattura e zona più granulosa,Pasta con qualche piccola frattura e zona più granulosa.,4,15635,
Struttura della Pasta::brutta frattura pasta tendente allo stirato con lieve micro occhiatura e grana poco profilata,Struttura della Pasta,"Brutta frattura, pasta tendente allo stirato con lieve micro occhiatura e grana poco profilata","Pasta con frattura irregolare, tendente allo stirato, con leggera microocchiatura e grana poco profilata.",4,32345,
Struttura della Pasta::va abbassato il voto di 1 sembra sabbia bagnata una parte però bella,Struttura della Pasta,Va abbassato il voto di 1! Sembra sabbia bagnata. Una parte però bella,"Pasta granulosa, con una parte dalla bella grana.",4,516,
Struttura della Pasta::frattura e occhio da 8 mm granulosa grossolana,Struttura della Pasta,Frattura e occhio da 8 mm Granulosa grossolana,"Pasta con frattura irregolare, occhiatura di medie dimensioni e grana grossolana.",4,21779,
Struttura della Pasta::grana grossa omogenea,Struttura della Pasta,Grana grossa omogenea,Pasta con grana grossa omogenea.,4,24133,
Struttura della Pasta::struttura immatura disomogenea non compiuta,Struttura della Pasta,"Struttura immatura, disomogenea, non compiuta",Pasta disomogenea e non compiuta nella struttura.,4,1144,
Struttura della Pasta::stirata occhio centrale,Struttura della Pasta,"Stirata , occhio centrale",Pasta stirata con occhio centrale.,4,35846,
Struttura della Pasta::stirata soprattutto al centro in una zona presente microocchiatura,Struttura della Pasta,Stirata soprattutto al centro. In una zona presente Microocchiatura,"Pasta stirata soprattutto al centro, con microocchiatura in una zona.",4,5595,
Struttura della Pasta::bella frattura struttura granulosa con presenza di piccole sfoglie e zone meno profilate,Struttura della Pasta,"Bella frattura, struttura granulosa con presenza di piccole sfoglie e zone meno profilate","Pasta con bella frattura, struttura granulosa con piccole sfoglie e zone meno profilate.",4,25565,
Struttura della Pasta::totalmente stirata,Struttura della Pasta,Totalmente stirata,Pasta totalmente stirata.,4,4102,
Struttura della Pasta::disidratata,Struttura della Pasta,Disidratata,Pasta disidratata.,20,3334,
Struttura della Pasta::invecchiato stirato al centro,Struttura della Pasta,Invecchiato. Stirato al centro,Pasta stirata al centro.,4,21864,
Struttura della Pasta::frattura grana non omogenee con striature e microocchiature,Struttura della Pasta,Frattura grana non omogenee con striature e microocchiature,"Pasta con frattura a grana non omogenea, striature e microocchiature.",4,24269,
Struttura della Pasta::frattura regolare ma pasta compatta poco grandiosa e con occhiatura diffusa,Struttura della Pasta,"Frattura regolare ma pasta compatta, poco grandiosa e con Occhiatura diffusa","Pasta con frattura regolare, compatta, poco grandiosa e occhiatura diffusa.",4,24204,
Struttura della Pasta::grossa dittatura centrale vistoso spacco e caverna,Struttura della Pasta,"Grossa dittatura centrale , vistoso spacco e caverna","Pasta con grossa dittatura centrale, vistoso spacco e caverna.",4,37450,
Struttura della Pasta::stirato in parte frattura fonda dall'altra,Struttura della Pasta,"Stirato in parte, frattura fonda dall'altra","Pasta stirata in parte, con frattura profonda dall'altra.",4,15528,
Struttura della Pasta::presenza di qualche piccolissimo occhio,Struttura della Pasta,Presenza di qualche piccolissimo occhio,Pasta con qualche piccolissimo occhio.,4,1293,
Struttura della Pasta::grana molto sottile,Struttura della Pasta,Grana molto sottile,Pasta con grana molto fine.,4,14307,
Struttura della Pasta::frattura abbastanza omogenea centralmente ha due grosse venditore di oltre 4 cm,Struttura della Pasta,"Frattura abbastanza omogenea, centralmente ha due grosse venditore di oltre 4 cm",Pasta con frattura abbastanza omogenea e due grosse fessure al centro.,4,42622,
Struttura della Pasta::fitta microocchiatura centrale effetto spugna,Struttura della Pasta,Fitta microocchiatura centrale effetto spugna,Pasta con fitta microocchiatura centrale dall'effetto spugnoso.,4,26097,
Struttura della Pasta::ruvida grossolana,Struttura della Pasta,"Ruvida, grossolana",Pasta ruvida e grossolana.,4,11435,
Struttura della Pasta::serie di fessure sotto un piatto,Struttura della Pasta,Serie di fessure sotto un piatto,Pasta con serie di fessure sotto un piatto.,4,4058,
Struttura della Pasta::microocchiatura centrale diffusa struttura non omogenea,Struttura della Pasta,Microocchiatura centrale diffusa Struttura non omogenea,Pasta con microocchiatura diffusa al centro e struttura non omogenea.,4,35719,
Struttura della Pasta::stirata poco formata occhiatura,Struttura della Pasta,Stirata poco formata occhiatura,Pasta stirata con occhiatura poco formata.,4,9476,
Struttura della Pasta::frattura irregolare microocchiatura diffusa,Struttura della Pasta,"Frattura irregolare,Microocchiatura diffusa",Pasta con frattura irregolare e microocchiatura diffusa.,4,42686,
Struttura della Pasta::leggermente disomogenea con fitta microocchiatura dia inf 1 mm nella parte centrale,Struttura della Pasta,Leggermente disomogenea con fitta Microocchiatura dia inf 1 mm nella parte centrale,Pasta leggermente disomogenea con fitta microocchiatura nella parte centrale.,4,9215,
Struttura della Pasta::stirata con piccoli occhi sparsi 2 o 3 mm,Struttura della Pasta,Stirata con piccoli occhi sparsi 2 o 3 mm,Pasta stirata con piccole occhiature sparse.,4,30799,
Struttura della Pasta::duro e poco friabile,Struttura della Pasta,duro e poco friabile,Pasta dura e poco friabile.,4,27404,
Struttura della Pasta::innumerevoli spacchi,Struttura della Pasta,Innumerevoli spacchi,Pasta con numerosi spacchi.,10,2139,
Struttura della Pasta::un grande steappo,Struttura della Pasta,Un grande steappo,Pasta con un grande strappo.,4,3534,
Struttura della Pasta::troppa microocchiatura,Struttura della Pasta,Troppa microocchiatura,Pasta con microocchiatura abbondante.,8,1445,
Struttura della Pasta::frattura evidente leggera occhiatura leggermente dittatura granulosità,Struttura della Pasta,Frattura evidente leggera occhiatura Leggermente dittatura Granulosità,"Pasta con frattura evidente, leggera occhiatura e leggermente stirata, granulosa.",4,18934,
Struttura della Pasta::molti strappi 3 di 2 4cm altri più piccili,Struttura della Pasta,Molti strappi 3 di 2 -4cm altri più piccili,"Pasta con numerosi strappi, alcuni di dimensioni maggiori e altri più piccoli.",4,49136,
Struttura della Pasta::frattura infilata struttura compatta e poco granuloso con zone stirata piccola fascia con micro occhiatura,Struttura della Pasta,"Frattura infilata, struttura compatta e poco granuloso con zone stirata, piccola fascia con micro occhiatura","Pasta con frattura infilata, struttura compatta e poco granulosa, zone stirate e piccola fascia con microocchiatura.",4,16853,
Struttura della Pasta::occhiatura centrale diffusa,Struttura della Pasta,Occhiatura centrale diffusa.,Pasta con occhiatura diffusa al centro.,4,49142,
Struttura della Pasta::grana grossolana e frattura variabile,Struttura della Pasta,Grana grossolana e frattura variabile,Pasta con grana grossolana e frattura variabile.,4,32346,
Struttura della Pasta::abbastanza bella un poco' scagliosa,Struttura della Pasta,"Abbastanza bella, un poco' scagliosa","Pasta abbastanza bella, leggermente scagliosa.",4,7522,
Struttura della Pasta::struttura in un punto strappo poca grana,Struttura della Pasta,"Struttura in un punto, strappo poca grana","Pasta con struttura irregolare in un punto, strappo e poca grana.",2,46271,
Struttura della Pasta::frattura regolare presenza di impugnatura centrale superficie molto asciutta,Struttura della Pasta,"Frattura regolare, presenza di impugnatura centrale, superficie molto asciutta","Pasta con frattura regolare e impugnatura centrale, superficie molto asciutta.",4,41126,
Struttura della Pasta::frattura irregolare texture granulosa,Struttura della Pasta,"Frattura irregolare,texture granulosa",Pasta con frattura irregolare e granulosa.,4,5901,
Struttura della Pasta::cedevole poco granulosa pochi microcristalli,Struttura della Pasta,"cedevole, poco granulosa, pochi microcristalli","Pasta cedevole, poco granulosa, con pochi microcristalli.",4,27820,
Struttura della Pasta::occhiatura anche di 0 5 distribuita abbastanza ovunque zona di stiratura,Struttura della Pasta,"OCchiatura anche di ,0,5 distribuita abbastanza ovunque, zona di stiratura",Pasta con occhiatura di piccole dimensioni distribuita abbastanza uniformemente e zona di stiratura.,4,47453,
Struttura della Pasta::frattura regolare e grana fine ma microocchiatura diffusa,Struttura della Pasta,Frattura regolare e grana fine ma microocchiatura diffusa,"Pasta con frattura regolare e grana fine, ma microocchiatura diffusa.",4,24202,
Struttura della Pasta::cristalli concentrati in metà forma,Struttura della Pasta,Cristalli concentrati in metà forma,Pasta con cristalli concentrati nella metà della forma.,8,51852,
Struttura della Pasta::striature centrale avvallamenti da spacco,Struttura della Pasta,"Striature centrale, avvallamenti da spacco",Pasta con striature al centro e avvallamenti da spacco.,4,34423,
Struttura della Pasta::fessura con crepe con segno esterno in corrispondenza ago,Struttura della Pasta,Fessura con crepe con segno esterno in corrispondenza ago?,Pasta con fessura e crepe in corrispondenza del segno esterno dell'ago.,5,1474,
Struttura della Pasta::presenza di leggera microocchiatura trascurabile,Struttura della Pasta,Presenza di leggera microocchiatura trascurabile,Pasta con leggera microocchiatura trascurabile.,4,37024,
Struttura della Pasta::metà brutta molto metà bellina,Struttura della Pasta,"Metà brutta molto, metà bellina",Pasta con una metà disomogenea e una metà più regolare.,4,3545,
Struttura della Pasta::diversi spacchi centrali leggera stiratura centrale grana discreta,Struttura della Pasta,"Diversi spacchi centrali, leggera stiratura centrale, grana discreta","Pasta con diversi spacchi centrali, leggera stiratura centrale e grana discreta.",4,17393,
Struttura della Pasta::frattura non bellissima presenza di qualche spacco nella pasta grana poco profilata tendente allo stirato,Struttura della Pasta,"Frattura non bellissima, presenza di qualche spacco nella pasta, grana poco profilata tendente allo stirato","Pasta con frattura irregolare, qualche spaccatura, grana poco profilata e tendenza alla stiratura.",4,6060,
Struttura della Pasta::grana grossa e struttura omogenea leggera stiratura,Struttura della Pasta,"Grana grossa e struttura omogenea, leggera stiratura..","Pasta con grana grossa e struttura omogenea, leggera stiratura.",4,44173,
Struttura della Pasta::frattura ad arco con striature nella grana in centro e microocchiatura crostalli ben visibili,Struttura della Pasta,Frattura ad arco con striature nella grana in centro e microocchiatura crostalli ben visibili,"Pasta con frattura ad arco, striature nella grana al centro e microocchiatura con cristalli ben visibili.",4,18925,
Struttura della Pasta::bella frattura e bella grana presenza di piccole sfoglie e di una zona cavernosa,Struttura della Pasta,"Bella frattura e bella grana, presenza di piccole sfoglie e di una zona cavernosa","Pasta con bella frattura e bella grana, con piccole sfoglie e una zona cavernosa.",8,29533,
Struttura della Pasta::bello a frattura e basta,Struttura della Pasta,Bello a frattura. E basta,Pasta a frattura bella.,4,49123,
Struttura della Pasta::1 piccolo occhio subito sotto la superficie di taglio appariva come macchia grigia,Struttura della Pasta,1 piccolo occhio subito sotto la superficie di taglio appariva come macchia grigia,Pasta con una piccola occhiatura sotto la superficie di taglio.,4,48498,
Struttura della Pasta::frattura irregolare on striature nella grana,Struttura della Pasta,Frattura irregolare on striature nella grana,Pasta con frattura irregolare e striature nella grana.,4,42753,
Struttura della Pasta::grana diffusa ma non uniforme sotto uno scalzo fascia apparentem più umida e meno grandiosità qualche piccolo strappo fessura,Struttura della Pasta,"Grana diffusa ma non uniforme, sotto uno scalzo fascia apparentem più umida e meno grandiosità Qualche piccolo strappo fessura","Pasta con grana diffusa ma non uniforme, zona sottoscalzo con aspetto più umido e meno grandiosa, qualche piccolo strappo e fessura.",2,46691,
Struttura della Pasta::stirata e con fessurazioni,Struttura della Pasta,Stirata e con fessurazioni,Pasta stirata con fessurazioni.,4,44677,
Struttura della Pasta::microocchiatura ed occhio spacchi frattura molto buona la grana sarebbe anche regolare seppur non fine,Struttura della Pasta,Microocchiatura ed occhio. Spacchi. Frattura molto buona. La grana sarebbe anche regolare seppur non fine,"Pasta con microocchiatura e occhio, spacchi e frattura regolare, grana regolare seppur non fine.",4,30702,
Struttura della Pasta::grande area spinosa che copre la parte centrale del formggio,Struttura della Pasta,Grande area spinosa che copre la parte centrale del formggio,Pasta con una grande area dall'aspetto spinoso nella parte centrale.,4,1012,
Struttura della Pasta::enorme fessura centrale,Struttura della Pasta,Enorme fessura centrale,Pasta con una fessura pronunciata al centro.,8,49863,
Struttura della Pasta::frattura non regolare stirata con fessure,Struttura della Pasta,"Frattura non regolare, stirata, con fessure","Pasta con frattura irregolare, stirata, con fessure.",4,42619,
Struttura della Pasta::grana grossa,Struttura della Pasta,Grana grossa,Pasta a grana grossa.,20,29083,
Struttura della Pasta::frattura regolate struttura omogenea,Struttura della Pasta,Frattura regolate. Struttura omogenea,Pasta con frattura regolare e struttura omogenea.,4,16775,
Struttura della Pasta::grana omogenea grossolana,Struttura della Pasta,"Grana omogenea, grossolana",Pasta con grana omogenea e grossolana.,4,5826,
Struttura della Pasta::1 fessura e un piccolo occhio,Struttura della Pasta,1 fessura e un piccolo occhio,Pasta con una fessura e una piccola occhiatura.,4,4628,
Struttura della Pasta::non omogenea con piccole aree stirate presenza microocchiatura su u a parte limitata frattura non omogenea,Struttura della Pasta,Non omogenea con piccole aree stirate Presenza microocchiatura su u a parte limitata Frattura non omogenea,"Pasta non omogenea con piccole aree stirate, microocchiatura su una parte limitata e frattura irregolare.",4,40359,
Struttura della Pasta::frattura abbastanza regolare grana grossolana ruvida omogenea,Struttura della Pasta,"Frattura abbastanza regolare, grana grossolana, ruvida. Omogenea","Pasta con frattura abbastanza regolare, grana grossolana e ruvida, omogenea.",4,11365,
Struttura della Pasta::friabilità e solubilità forte tirosina moderata,Struttura della Pasta,friabilità e solubilità FORTE;tirosina MODERATA,NON_DESCRITTO,4,27685,
Struttura della Pasta::grana bella spacco,Struttura della Pasta,"Grana bella, spacco",Pasta con bella grana e uno spacco.,4,40435,
Struttura della Pasta::frattura con grossi avvallamenti metà forma bella granulosa metà quasi stirata,Struttura della Pasta,"Frattura con grossi avvallamenti, metà forma bella granulosa metà quasi stirata","Pasta con frattura caratterizzata da grossi avvallamenti, metà forma granulosa e metà quasi stirata.",4,37536,
Struttura della Pasta::granulosa stiratura centrale,Struttura della Pasta,"Granulosa, stiratura centrale",Pasta granulosa con stiratura al centro.,2,46182,
Struttura della Pasta::frattura regolare ma struttura disomogenea zone stirate,Struttura della Pasta,Frattura regolare ma struttura Disomogenea zone stirate,Pasta con frattura regolare ma struttura disomogenea e zone stirate.,4,25712,
Struttura della Pasta::1 taglietto,Struttura della Pasta,1 taglietto,Pasta con una piccola fessura.,4,3282,
Struttura della Pasta::lieve micro stiratura buona frattura in certe zone la struttura sembra mancare per ciò abbasso la valutazione,Struttura della Pasta,"Lieve micro stiratura. Buona frattura. In certe zone la struttura sembra mancare, per ciò abbasso la valutazione","Pasta con lieve microstriratura e buona frattura, con struttura disomogenea in alcune zone.",2,46266,
Struttura della Pasta::frattura abbastanza irregolare zone stirate,Struttura della Pasta,"Frattura abbastanza irregolare, zone stirate",Pasta con frattura abbastanza irregolare e zone stirate.,4,16928,
Struttura della Pasta::occhiatura presente più su un piatto e uno scalzo anche di grandi dimensioni 1 occhi >5mm 2 occhi da 5mm e altri da 2mm,Struttura della Pasta,"Occhiatura presente più su un piatto e uno scalzo, anche di grandi dimensioni, 1 occhi >5mm, 2 occhi da 5mm e altri da 2mm","Pasta con occhiatura più concentrata su un piatto e uno scalzo, prevalentemente di grandi dimensioni.",4,47454,
Struttura della Pasta::spugna centrale con occhio e sapacco,Struttura della Pasta,Spugna centrale con occhio e sapacco,Pasta spugnosa al centro con occhiatura e spacco.,4,13886,
Struttura della Pasta::spinosa non regolare con occhiatura diffuse,Struttura della Pasta,"Spinosa, non regolare con occhiatura diffuse","Pasta spinosa, non regolare con occhiatura diffusa.",4,5981,
Struttura della Pasta::evidenti e numerose occhiature evidenti cristalli,Struttura della Pasta,Evidenti e numerose occhiature Evidenti cristalli,Pasta con occhiature numerose e cristalli evidenti.,4,47449,
Struttura della Pasta::evidente microocchiatura centrale struttura non regolare,Struttura della Pasta,Evidente microocchiatura centrale Struttura NON REGOLARE,Pasta con evidente microocchiatura al centro e struttura non regolare.,2,46347,
Struttura della Pasta::struttura non omogenea ma granulosa frattura non proprio regolare,Struttura della Pasta,Struttura non omogenea ma granulosa Frattura non proprio regolare,"Pasta non omogenea ma granulosa, con frattura irregolare.",4,40429,
Struttura della Pasta::taglio non perfetto struttura grandiosa media omogenea,Struttura della Pasta,Taglio non perfetto. Struttura grandiosa media.. Omogenea,Pasta omogenea con struttura grandiosa di media intensità.,4,9300,
Struttura della Pasta::non del tutto strutturata occhiatura sparse fratture pronunciate,Struttura della Pasta,Non del tutto strutturata occhiatura sparse fratture pronunciate,"Pasta non del tutto strutturata, con occhiatura sparsa e fratture pronunciate.",4,33963,
Struttura della Pasta::grossolana con aree e linee sebbene omogenea,Struttura della Pasta,Grossolana con aree e linee sebbene omogenea,"Pasta grossolana con aree e linee, sebbene omogenea.",2,46693,
Struttura della Pasta::purtroppo qualche piccola fessura,Struttura della Pasta,Purtroppo qualche piccola fessura,Pasta con qualche piccola fessura.,4,3865,
Struttura della Pasta::grana molto grossolana,Struttura della Pasta,Grana molto grossolana,Pasta con grana molto grossolana.,12,4430,
Struttura della Pasta::stirato al centro dove non stirato la struttura é anche fine,Struttura della Pasta,Stirato al centro. Dove non stirato la struttura é anche fine,"Pasta stirata al centro, con struttura fine nelle zone non stirate.",4,44753,
Struttura della Pasta::fessura centrale di 6 cm,Struttura della Pasta,Fessura centrale di 6 cm,Pasta con fessura pronunciata al centro.,4,712,
Struttura della Pasta::occhi piccoli e diffusi grana bella fessura pronunciata,Struttura della Pasta,Occhi piccoli e diffusi grana bella fessura pronunciata,"Pasta con occhiatura piccola e diffusa, bella grana e fessura pronunciata.",4,12908,
Struttura della Pasta::un poco' ruvida discreta frattura,Struttura della Pasta,Un poco' ruvida. Discreta frattura.,Pasta leggermente ruvida con discreta frattura.,2,46938,
Struttura della Pasta::leggermente diversa sotto un piatto rispetto all'altra metà leggermente stirata,Struttura della Pasta,"Leggermente diversa sotto un piatto rispetto all'altra metà, leggermente stirata","Pasta leggermente disomogenea tra le due metà, con leggera stiratura.",8,29468,
Struttura della Pasta::stirata con profonde fratture,Struttura della Pasta,Stirata con profonde fratture,Pasta stirata con fratture profonde.,4,24339,
Struttura della Pasta::stirata strappo uno grosso con occhio,Struttura della Pasta,"Stirata, strappo uno grosso con occhio",Pasta stirata con uno strappo grosso e un'occhiatura.,8,29532,
Struttura della Pasta::presenta 3 grane diverse quella centrale molto particolare anomala,Struttura della Pasta,"Presenta 3 grane diverse. Quella centrale molto particolare, anomala","Pasta con tre grane diverse, quella centrale anomala.",4,51026,
Struttura della Pasta::frattura non regolare,Struttura della Pasta,Frattura non regolare,Pasta con frattura non regolare.,8,11360,
Struttura della Pasta::microocchiatura 1 o 2 mm molto fitta è grana stirata in parte,Struttura della Pasta,Microocchiatura 1 o 2 mm molto fitta è grana stirata in parte,Pasta con microocchiatura fitta e grana stirata in parte.,4,11221,
Struttura della Pasta::3 vistose spaccature di oltre 4 cm altre più piccole occhi di 1 e 2 mm,Struttura della Pasta,"3 Vistose spaccature di oltre 4 cm, altre più piccole. Occhi di 1 e 2 mm","Pasta con vistose spaccature, altre più piccole, e piccola occhiatura.",4,51024,
Struttura della Pasta::frattura regolare impugnatura presente e diffusa max 2mm la superficie si presenta molto asciutta,Struttura della Pasta,"Frattura regolare, impugnatura presente e diffusa, Max 2mm, la superficie si presenta molto asciutta",Pasta con frattura regolare e impugnatura presente e diffusa.,4,41518,
Struttura della Pasta::granulosa con area centrale stirata,Struttura della Pasta,Granulosa con area centrale stirata,Pasta granulosa con area centrale stirata.,4,44751,
Struttura della Pasta::frattura abbastanza bella grana presente con qualche andamento striato presenza diffusa di occhiatura micro e media su una parte consistente,Struttura della Pasta,"Frattura abbastanza bella, grana presente con qualche andamento striato, presenza diffusa di occhiatura micro e media su una parte consistente","Pasta con frattura abbastanza bella, grana con qualche andamento striato e occhiatura micro e media diffusa su una parte consistente.",4,40296,
Struttura della Pasta::metà forma ha una bella struttura,Struttura della Pasta,Metà forma ha una bella struttura,Pasta con bella struttura nella metà della forma.,4,50729,
Struttura della Pasta::occhiatura fine è macchie bagnate grana fine su metà forma l'altra più grossolana,Struttura della Pasta,Occhiatura fine è macchie bagnate grana fine su metà forma l'altra più grossolana,"Pasta con occhiatura fine e macchie bagnate nella metà della forma, grana fine; l'altra metà presenta grana più grossolana.",4,26183,
Struttura della Pasta::particolare frattura su un piatto grana evidente,Struttura della Pasta,"Particolare frattura su un piatto, grana evidente",Pasta con frattura regolare e grana evidente.,4,5828,
Struttura della Pasta::occhio di 1 5cm e fessura di oltre 8 cm,Struttura della Pasta,"Occhio di 1,5cm e fessura di oltre 8 cm",Pasta con un'occhiatura di dimensioni medie e una fessura pronunciata.,4,49889,
Struttura della Pasta::occhiatura localizzata di circa 2 mm,Struttura della Pasta,Occhiatura localizzata di circa 2 mm,Pasta con occhiatura localizzata di piccole dimensioni.,4,7904,
Struttura della Pasta::frattura non troppo regolare granulosità più sottile al centro,Struttura della Pasta,"Frattura non troppo regolare, granulosità più sottile al centro",Pasta con frattura leggermente irregolare e granulosità più fine al centro.,4,24135,
Struttura della Pasta::regolare e granulosa,Struttura della Pasta,Regolare e granulosa,Pasta regolare e granulosa.,4,31880,
Struttura della Pasta::fessura centrale meno formata su un lato occhiatura diffusa,Struttura della Pasta,Fessura centrale meno formata su un lato Occhiatura diffusa,Pasta con fessura centrale meno formata su un lato e occhiatura diffusa.,4,20155,
Struttura della Pasta::grandiosa e frattura reg,Struttura della Pasta,Grandiosa e frattura reg,Pasta grandiosa con frattura regolare.,4,15411,
Struttura della Pasta::frattura non molto regolare microocchiatura soprattutto in metà forma,Struttura della Pasta,"Frattura non molto regolare, microocchiatura soprattutto in metà forma",Pasta con frattura non molto regolare e microocchiatura soprattutto nella metà della forma.,4,11577,
Struttura della Pasta::tendente allo stirato,Struttura della Pasta,Tendente allo stirato,Pasta tendente allo stirato.,4,9471,
Struttura della Pasta::frattura abbastanza regolare e grana fine,Struttura della Pasta,Frattura abbastanza Regolare e grana fine,Pasta con frattura abbastanza regolare e grana fine.,4,16770,
Struttura della Pasta::pasta compatta non granulosa stirata frattura irregolare,Struttura della Pasta,"Pasta compatta non granulosa, stirata, frattura irregolare,","Pasta compatta non granulosa, stirata, con frattura irregolare.",4,32343,
Struttura della Pasta::tende a impastare e lasciare residuo polveroso grana poco evidente ma qualche cristallo,Struttura della Pasta,tende a impastare e lasciare residuo polveroso grana poco evidente ma qualche cristallo,"Pasta tendente a impastare con residuo polveroso, grana poco evidente e qualche cristallo.",4,27472,
Struttura della Pasta::friabile abastanza solubile potrebbe essere più granuloso,Struttura della Pasta,"friabile, abastanza solubile, potrebbe essere più granuloso",Pasta friabile e abbastanza solubile.,4,27686,
Struttura della Pasta::grana irregolare e non uniformemente distribuita,Struttura della Pasta,Grana irregolare e non uniformemente distribuita,Pasta con grana irregolare e non uniformemente distribuita.,4,37528,
Struttura della Pasta::tutta spaccata,Struttura della Pasta,Tutta spaccata,Pasta tutta spaccata.,4,19,
Struttura della Pasta::grandiosa assenza si impugnatura frattura abbastanza regolare,Struttura della Pasta,"Grandiosa assenza si impugnatura, frattura abbastanza regolare",Pasta con grandiosa assenza di impugnatura e frattura abbastanza regolare.,4,24277,
Struttura della Pasta::area centrale con occhiatura struttura leggermente disomogenea frattura regolare,Struttura della Pasta,Area centrale con occhiatura struttura leggermente disomogenea frattura regolare,"Pasta con occhiatura al centro, struttura leggermente disomogenea e frattura regolare.",4,23856,
Struttura della Pasta::granulosa frattura abbastanza regolare,Struttura della Pasta,"Granulosa, frattura abbastanza regolare",Pasta granulosa con frattura abbastanza regolare.,4,44842,
Struttura della Pasta::grana media con occhiatura omogenea la frattura,Struttura della Pasta,Grana media con occhiatura omogenea la frattura,"Pasta con grana media, occhiatura omogenea e frattura regolare.",4,35788,
Struttura della Pasta::una crepa,Struttura della Pasta,Una crepa,Pasta con una crepa.,4,20530,
Struttura della Pasta::regolare frattura non perfetta,Struttura della Pasta,Regolare frattura non perfetta,Pasta con frattura regolare non perfetta.,4,44835,
Struttura della Pasta::profonde fratture sotto 1piattone una grande da sotto l'altro,Struttura della Pasta,Profonde fratture sotto 1piattone una grande da Sotto l'altro,"Pasta con profonde fratture, una grande posizionata sotto uno dei piattoni.",4,17,
Struttura della Pasta::frattura abbastanza regolare microocchiatura molto diffusa cosi sottile che si potrebbe quasi non vedere,Struttura della Pasta,"Frattura abbastanza regolare, microocchiatura molto diffusa cosi sottile che si potrebbe quasi non vedere","Pasta con frattura abbastanza regolare e microocchiatura molto diffusa, estremamente sottile.",4,41124,
Struttura della Pasta::disidratazione e qualche fessura,Struttura della Pasta,Disidratazione e qualche fessura!!!,Pasta disidratata con qualche fessura.,4,1027,
Struttura della Pasta::struttura sabbiosa,Struttura della Pasta,Struttura sabbiosa,Pasta dalla struttura sabbiosa.,4,50799,
Struttura della Pasta::frattura non regolare pasta leggermente stirata in centro,Struttura della Pasta,"Frattura non regolare, pasta leggermente stirata in centro","Pasta con frattura non regolare, leggermente stirata al centro.",4,42759,
Struttura della Pasta::frattura ad arco pasta stirata con tutta microocchiatura fascia esterna biancastra con aspetto disidratato,Struttura della Pasta,Frattura ad arco pasta stirata con tutta microocchiatura fascia esterna biancastra con aspetto disidratato,"Pasta con frattura ad arco, stirata, microocchiatura diffusa, fascia esterna biancastra dall'aspetto disidratato.",4,18463,
Struttura della Pasta::mezza forma anche bellina l'altra metà un disastro,Struttura della Pasta,Mezza forma anche bellina. L'altra metà un disastro,NON_DESCRITTO,4,986,
Struttura della Pasta::forte striatura,Struttura della Pasta,Forte striatura,Pasta con striature pronunciate.,4,13812,
Struttura della Pasta::friabile ma morbido al morso troppo plastico incolla ai denti,Struttura della Pasta,Friabile ma morbido al morso. troppo plastico. incolla ai denti,NON_DESCRITTO,4,27758,
Struttura della Pasta::il centro è striato,Struttura della Pasta,Il centro è striato,Pasta striata al centro.,4,495,
Struttura della Pasta::in punti limitati la buona grana sembra meno sviluppata,Struttura della Pasta,In punti limitati la buona grana sembra meno sviluppata,Pasta con grana meno sviluppata in zone limitate.,4,5325,
Struttura della Pasta::cessata che tende a sgretolarsi e disidratata verso l'esterno microocchiature inf 1,Struttura della Pasta,Cessata che tende a sgretolarsi e disidratata verso l'esterno microocchiature inf 1,"Pasta tendente a sgretolarsi e disidratata verso l'esterno, con microocchiature inferiori.",4,41120,
Struttura della Pasta::tagli degustazioni bella grana tendente al fine piuttosto omogenea taglio buono,Struttura della Pasta,"Tagli, degustazioni. Bella grana tendente al fine, piuttosto omogenea. Taglio buono.",Pasta con bella grana tendente al fine e piuttosto omogenea.,4,17387,
Struttura della Pasta::completamente stirata non granulosa con alcune occhiatura > 3 mm,Struttura della Pasta,"Completamente stirata, non granulosa, con alcune occhiatura > 3 mm","Pasta completamente stirata, non granulosa, con alcune occhiature di dimensioni medio-grandi.",4,30802,
Struttura della Pasta::effetto a scaglie,Struttura della Pasta,Effetto a scaglie,Pasta con aspetto a scaglie.,8,210,
Struttura della Pasta::piccoli strappi sotto 1 puatto,Struttura della Pasta,Piccoli strappi sotto 1 puatto,Pasta con piccoli strappi sotto una zona piatta.,8,49756,
Struttura della Pasta::un singolo occhio da 1cm fessure un da 1cm due da 2cm e altre più piccole,Struttura della Pasta,"Un singolo occhio da 1cm, fessure un da 1cm, due da 2cm e altre più piccole","Pasta con un occhio di media dimensione, una fessura di media grandezza e altre di dimensioni variabili.",4,51135,
Struttura della Pasta::frattura abbastanza regolare ma dispari nelle 2 metà grana che forma striature al centro,Struttura della Pasta,Frattura abbastanza regolare ma dispari nelle 2 metà grana che forma striature al centro,"Pasta con frattura abbastanza regolare ma disomogenea nelle due metà, grana che forma striature al centro.",4,30750,
Struttura della Pasta::microocchiatura frattura irregolare,Struttura della Pasta,"Microocchiatura, frattura irregolare",Pasta con microocchiatura e frattura irregolare.,4,32341,
Struttura della Pasta::poco granulosa stirata micro occhio poche ma diffuse,Struttura della Pasta,"Poco Granulosa, stirata, micro occhio poche ma diffuse","Pasta leggermente granulosa, stirata, con microocchiatura poco diffusa.",4,44254,
Struttura della Pasta::frattura evidente leggermente stirata federazioni,Struttura della Pasta,Frattura evidente leggermente stirata federazioni,Pasta con frattura evidente leggermente stirata.,4,6061,
Struttura della Pasta::microocchiatura anche nella crosta,Struttura della Pasta,Microocchiatura anche nella crosta,Pasta con microocchiatura anche nella crosta.,4,505,
Struttura della Pasta::difettosa stirata,Struttura della Pasta,"Difettosa, stirata",Pasta stirata e difettosa.,12,25719,
Struttura della Pasta::disomogenea,Struttura della Pasta,Disomogenea,Pasta disomogenea.,20,17385,
Struttura della Pasta::impaccata schiacciata,Struttura della Pasta,"Impaccata, schiacciata",Pasta compatta e schiacciata.,4,51453,
Struttura della Pasta::qualche frattura micro occhiatura diffusa un poco' stirata disomogeneo,Struttura della Pasta,"Qualche frattura, micro occhiatura diffusa, un poco' stirata, disomogeneo","Pasta con qualche frattura, microocchiatura diffusa e leggera stiratura, disomogenea.",4,7985,
Struttura della Pasta::pasta stirata al centro frattura abbastanza regolare,Struttura della Pasta,"Pasta stirata al centro, frattura abbastanza regolare",Pasta stirata al centro con frattura abbastanza regolare.,4,33806,
Struttura della Pasta::stirata ampia superficie microocchiature in tutta la pasta,Struttura della Pasta,"Stirata ampia superficie ,microocchiature in tutta la pasta",Pasta stirata con ampia superficie e microocchiature diffuse.,4,35845,
Struttura della Pasta::1 fessura piccolal,Struttura della Pasta,1 fessura piccolal,Pasta con una piccola fessura.,4,1145,
Struttura della Pasta::frattura e grana abbastanza regolare,Struttura della Pasta,Frattura e grana abbastanza regolare,Pasta con frattura e grana abbastanza regolare.,4,11361,
Struttura della Pasta::pasta stirata,Struttura della Pasta,Pasta stirata,Pasta stirata.,8,25716,
Struttura della Pasta::molto brutta stirata e con microcchiature diffuse,Struttura della Pasta,Molto brutta. Stirata e con microcchiature diffuse,Pasta stirata con microocchiatura diffusa.,4,44257,
Struttura della Pasta::frattura irregolare un paio di microcchiature un poco' trasmette grana grandiosa omogenea,Struttura della Pasta,Frattura irregolare. Un paio di microcchiature un poco' trasmette. Grana grandiosa omogenea,"Pasta con frattura irregolare, alcune microocchiature e grana grandiosa omogenea.",4,22410,
Struttura della Pasta::striature e poca grana fine frattura variabile non omogenea,Struttura della Pasta,"Striature e poca grana fine, frattura variabile non omogenea","Pasta con striature, grana fine poco presente e frattura variabile non omogenea.",4,26182,
Struttura della Pasta::fessure leggere stirata,Struttura della Pasta,Fessure leggere! Stirata?,Pasta con leggere fessure e tendenza stirata.,4,854,
Struttura della Pasta::disomogenea tra rigida e grossa,Struttura della Pasta,Disomogenea tra rigida e grossa,"Pasta disomogenea, con zone rigide e grossolane.",4,31798,
Struttura della Pasta::spacchi fessure su una parte della forma rovinano una struttura che sarebbe buona,Struttura della Pasta,Spacchi fessure su una parte della forma rovinano una struttura che sarebbe buona,Pasta con spacchi e fessure su una parte della forma che compromettono una struttura altrimenti regolare.,4,1026,
Struttura della Pasta::tende alla stiratura nel cuore frattura discreta,Struttura della Pasta,Tende alla stiratura nel cuore. Frattura discreta,"Pasta tendente alla stiratura al centro, con frattura discreta.",4,24270,
Struttura della Pasta::grana molto omogenea,Struttura della Pasta,Grana molto omogenea,Pasta con grana molto omogenea.,4,14163,
Struttura della Pasta::rigeneratrice nel senso del piatto altrimenti grana omogenea,Struttura della Pasta,Rigeneratrice nel senso del piatto altrimenti grana omogenea,"Pasta con rigeneratrice nel senso del piatto, altrimenti grana omogenea.",4,7367,
Struttura della Pasta::struttura per gran parte stirata presenza area spugnosa al centro,Struttura della Pasta,Struttura per gran parte stirata Presenza area spugnosa al centro,"Pasta stirata su gran parte della frattura, con area spugnosa al centro.",4,13880,
Struttura della Pasta::presenti molte occhiatura stirata,Struttura della Pasta,Presenti molte occhiatura Stirata,Pasta stirata con numerosa occhiatura.,4,5977,
Struttura della Pasta::microocchiatura circa meta forma stirata non omogenea non regolare,Struttura della Pasta,Microocchiatura Circa meta forma stirata Non omogenea non regolare,"Pasta con microocchiatura diffusa circa metà forma, stirata, non omogenea e non regolare.",4,11220,
Struttura della Pasta::sotto un piatto piccole fratture in serie,Struttura della Pasta,Sotto un piatto piccole fratture in serie,Pasta con piccole fratture in serie nella zona sottostante.,4,1155,
Struttura della Pasta::taglio irregolare con frattura interne grana omogenea anche se grumosa,Struttura della Pasta,Taglio irregolare con frattura interne. Grana omogenea anche se grumosa,"Pasta con frattura irregolare e interna, grana omogenea ma grumosa.",4,34418,
Struttura della Pasta::grossolana non omogenea,Struttura della Pasta,Grossolana non omogenea,Pasta grossolana non omogenea.,4,9895,
Struttura della Pasta::microocchiatura centrale non fitta 1_2 mm frattura centrale radiale visibili i cristalli piccoli,Struttura della Pasta,Microocchiatura centrale non fitta 1_2 mm frattura centrale radiale visibili i cristalli piccoli,"Pasta con microocchiatura centrale non fitta, frattura centrale radiale e piccoli cristalli visibili.",4,12971,
Struttura della Pasta::piccola fessura di 4 cm,Struttura della Pasta,Piccola fessura di 4 cm,Pasta con una piccola fessura.,4,3821,
Struttura della Pasta::frattura non regolare scaglia non regolare alcune aree tendenti allo stirato,Struttura della Pasta,Frattura non regolare Scaglia non regolare Alcune aree tendenti allo stirato,"Pasta con frattura non regolare, scaglia non regolare e alcune aree tendenti allo stirato.",4,34416,
Struttura della Pasta::discreta friabilità' di una pasta comunque morbia nel finale impasta la bocca cristalli percepiti,Struttura della Pasta,discreta friabilità' di una pasta comunque morbia. nel finale impasta la bocca. cristalli percepiti,Pasta friabile con cristalli percepiti.,4,27478,
Struttura della Pasta::stirato centralmente frattura buona,Struttura della Pasta,Stirato centralmente. Frattura buona,Pasta stirata centralmente con frattura buona.,4,47560,
Struttura della Pasta::stirata occhi di 1e 2 mm,Struttura della Pasta,"Stirata ,occhi di 1e 2 mm",Pasta stirata con occhiatura di piccole e medie dimensioni.,4,40365,
Struttura della Pasta::grandi fessure stirata,Struttura della Pasta,Grandi fessure stirata,Pasta con grandi fessure e stiratura.,4,24346,
Struttura della Pasta::non regolare granulosa,Struttura della Pasta,NON Regolare granulosa,"Pasta non regolare, granulosa.",4,44163,
Struttura della Pasta::peccato le microcchiature,Struttura della Pasta,Peccato le microcchiature,Pasta con microocchiatura.,4,1299,
Struttura della Pasta::strappo evidente,Struttura della Pasta,Strappo evidente,Pasta con strappo evidente.,4,5520,
Struttura della Pasta::granulosa ma grossolana anche se omogenea,Struttura della Pasta,"Granulosa ma grossolana, anche se omogenea","Pasta granulosa ma grossolana, pur essendo omogenea.",4,37277,
Struttura della Pasta::area centrale con struttura ruvida,Struttura della Pasta,Area centrale con struttura ruvida,Pasta con area centrale dalla struttura ruvida.,10,1944,
Struttura della Pasta::frattura regolare con ampia e diffusa impugnatura fine,Struttura della Pasta,Frattura regolare con ampia e diffusa impugnatura fine,Pasta con frattura regolare e ampia microocchiatura fine diffusa.,4,18858,
Struttura della Pasta::presenza di grana in entrambe le dimensioni,Struttura della Pasta,Presenza di grana in entrambe le dimensioni,Pasta con grana di dimensioni variabili.,4,26105,
Struttura della Pasta::centralmente stirata frattura non regolare,Struttura della Pasta,Centralmente stirata frattura non regolare,Pasta stirata al centro con frattura irregolare.,4,31804,
Struttura della Pasta::stirata con occhio centrale 10 km,Struttura della Pasta,Stirata con occhio centrale 10 km,Pasta stirata con occhiatura centrale.,4,35840,
Struttura della Pasta::stirato al centro,Struttura della Pasta,Stirato al centro,Pasta stirata al centro.,4,44669,
Struttura della Pasta::troppe microocchiature anche grandi e disidratata,Struttura della Pasta,Troppe microocchiature anche grandi e disidratata,"Pasta con abbondante microocchiatura, anche di dimensioni considerevoli, e disidratata.",10,2187,
Struttura della Pasta::regolare bella grana,Struttura della Pasta,"Regolare, bella grana",Pasta con frattura regolare e bella grana.,4,11507,
Struttura della Pasta::frattura non molto bella struttura leggermente stirata e presenza rada di micro occhiatura,Struttura della Pasta,"Frattura non molto bella, struttura leggermente stirata e presenza rada di micro occhiatura","Pasta con frattura non molto bella, struttura leggermente stirata e microocchiatura rada.",4,32268,
Struttura della Pasta::struttura grandiosa regolare,Struttura della Pasta,Struttura grandiosa regolare,Pasta con struttura grandiosa e regolare.,4,34421,
Struttura della Pasta::un poco grossolana on zone più fine è stirata evidenti cristalline perle,Struttura della Pasta,Un Poco grossolana on zone più fine è stirata evidenti cristalline perle,"Pasta leggermente grossolana con zone più fine e stiratura evidente, presenza di cristalli.",4,7516,
Struttura della Pasta::frattura molto irregolare ma grana presente anche se grossolana presenza di microocchiatura a tratti,Struttura della Pasta,Frattura molto irregolare ma grana presente anche se grossolana presenza di microocchiatura a tratti,"Pasta con frattura molto irregolare, grana grossolana e microocchiatura presente a tratti.",4,41181,
Struttura della Pasta::grossolana media frattura qualche spaccatura,Struttura della Pasta,Grossolana media frattura qualche spaccatura,Pasta grossolana con frattura media e qualche spaccatura.,4,36949,
Struttura della Pasta::lieve microocchiatura ma diffusa e stirato centralmente,Struttura della Pasta,"Lieve Microocchiatura, ma diffusa e stirato centralmente",Pasta con lieve microocchiatura diffusa e stirata al centro.,4,18464,
Struttura della Pasta::2 piccole fessure di 1 cm,Struttura della Pasta,2 piccole fessure di 1 cm,Pasta con due piccole fessure.,4,3846,
Struttura della Pasta::strappo microocchiatura centrale ma grana nel complesso non male,Struttura della Pasta,"Strappo, microocchiatura centrale, ma grana nel complesso non male","Pasta con strappo e microocchiatura centrale, grana complessivamente regolare.",4,20154,
Struttura della Pasta::frattura discreta struttura omogenea e granulosa,Struttura della Pasta,Frattura discreta. Struttura omogenea e granulosa,"Pasta con frattura discreta, struttura omogenea e granulosa.",4,26021,
Struttura della Pasta::frattura radiale mo diffusa al centro 2 fessure 2,Struttura della Pasta,Frattura radiale mo diffusa al centro 2 fessure 2,Pasta con frattura radiale diffusa al centro e due fessure.,4,49508,
Struttura della Pasta::leggere microocchiature diffusa,Struttura della Pasta,Leggere microocchiature diffusa,Pasta con leggera microocchiatura diffusa.,2,46936,
Struttura della Pasta::grande strappo centrale lucidando occhio 3 2cm diam,Struttura della Pasta,Grande strappo centrale lucidando occhio 3 2cm diam,Pasta con grande strappo al centro e occhiatura di medio-grande diametro.,4,49886,
Struttura della Pasta::grandiosa discreto taglio,Struttura della Pasta,"Grandiosa, discreto taglio",Pasta grandiosa con discreto taglio.,4,37361,
Struttura della Pasta::pasta con striature ma granulosa,Struttura della Pasta,Pasta con Striature ma granulosa,Pasta granulosa con striature.,2,46852,
Struttura della Pasta::struttura a roccia ben distribuita ed omogenea,Struttura della Pasta,Struttura a roccia ben distribuita ed omogenea,Pasta con struttura granulosa ben distribuita e omogenea.,2,46853,
Struttura della Pasta::granuli si tirosina moderati gommoso leggero friabilità e solubilità leggero,Struttura della Pasta,granuli si tirosina MODERATI;gommoso LEGGERO;friabilità e solubilità LEGGERO,"Pasta con granuli di tirosina moderati, leggermente gommosa e con leggera friabilità e solubilità.",4,27405,
Struttura della Pasta::leggero stirata struttura presente,Struttura della Pasta,Leggero stirata struttura presente,Pasta leggermente stirata con struttura presente.,8,29470,
Struttura della Pasta::microocchiatura,Struttura della Pasta,Microocchiatura,Pasta con microocchiatura.,28,1011,
Struttura della Pasta::frattura bella grana abbastanza ben profilata presenza di un piccolo spacco,Struttura della Pasta,"Frattura bella, grana abbastanza ben profilata, presenza di un piccolo spacco","Pasta con frattura bella, grana abbastanza ben profilata e presenza di un piccolo spacco.",4,30607,
Struttura della Pasta::stirata occhiatura grana grossolana,Struttura della Pasta,Stirata occhiatura Grana grossolana,"Pasta stirata, con occhiatura e grana grossolana.",4,42831,
Struttura della Pasta::frattura abbastanza regolare grana visibile nessuna occhiatura,Struttura della Pasta,"Frattura abbastanza regolare, grana visibile, nessuna occhiatura,","Pasta con frattura abbastanza regolare e grana visibile, senza occhiatura.",4,5827,
Struttura della Pasta::frattura abbastanza regolare grana abbastanza omogenea,Struttura della Pasta,"Frattura abbastanza regolare, grana abbastanza omogenea",Pasta con frattura abbastanza regolare e grana abbastanza omogenea.,4,16932,
Struttura della Pasta::frattura non bellissima ma con grana abbastanza evidente se pur grossolana piccola zona con micro occhiatura,Struttura della Pasta,"Frattura non bellissima ma con grana abbastanza evidente se pur grossolana, piccola zona con micro occhiatura","Pasta con frattura irregolare, grana abbastanza evidente ma grossolana, e piccola zona con microocchiatura.",4,30656,
Struttura della Pasta::occhio enorme occhiatura diffusa bella grana tiratura,Struttura della Pasta,Occhio enorme occhiatura diffusa bella grana tiratura,"Pasta con occhiatura diffusa e bella grana, stirata, con un occhio pronunciato.",4,23926,
Struttura della Pasta::frattura presente,Struttura della Pasta,Frattura presente,Pasta con frattura.,4,40432,
Struttura della Pasta::piccola area spagnola concentrata su uno scalzo,Struttura della Pasta,Piccola area spagnola concentrata su uno scalzo,Pasta con piccola area spagnola concentrata su uno scalzo.,4,49874,
Struttura della Pasta::frattura molto irregolare grana disomogenea con grossa scaglia,Struttura della Pasta,Frattura molto irregolare grana disomogenea con grossa scaglia,"Pasta con frattura molto irregolare, grana disomogenea e grossa scaglia.",4,37443,
Struttura della Pasta::in parte stirata e in parte spinosa per grana e microocchiature,Struttura della Pasta,In parte stirata e in parte spinosa per grana e microocchiature,Pasta stirata in alcune zone e spinosa in altre per grana e microocchiature.,4,33801,
Struttura della Pasta::irregolare parte centrale stirata,Struttura della Pasta,Irregolare Parte centrale stirata,Pasta irregolare con stiratura nella parte centrale.,4,33800,
Struttura della Pasta::striature e crepa centrale,Struttura della Pasta,Striature e crepa centrale,Pasta con striature e una crepa centrale.,12,29593,
Struttura della Pasta::frattura abbastanza regolare leggermente stirata al centro,Struttura della Pasta,"Frattura abbastanza regolare,leggermente stirata al centro","Pasta con frattura abbastanza regolare, leggermente stirata al centro.",4,16773,
Struttura della Pasta::diverse zone quasi lisce,Struttura della Pasta,Diverse zone quasi lisce,Pasta con diverse zone quasi lisce.,4,48759,
Struttura della Pasta::sembra esserci una fessura sotto ila frattura ma non sono sicura,Struttura della Pasta,Sembra esserci una fessura sotto ila frattura ma non sono sicura,Pasta con una fessura sotto la frattura.,4,50810,
Struttura della Pasta::non omogenea cristalli e perle,Struttura della Pasta,Non omogenea Cristalli e perle,Pasta non omogenea con cristalli e perle.,8,29463,
Struttura della Pasta::agglomerato congelata poco presente e leggermente stirata,Struttura della Pasta,Agglomerato congelata poco presente e leggermente stirata,Pasta leggermente stirata con poco agglomerato congelato.,4,7987,
Struttura della Pasta::micro occhiatura frattura disomogeneo più umido a zone,Struttura della Pasta,Micro occhiatura frattura disomogeneo più umido a zone,"Pasta con microocchiatura, frattura disomogenea e zone più umide.",4,15584,
Struttura della Pasta::forti striature,Struttura della Pasta,Forti striature,Pasta con forti striature.,4,20467,
Struttura della Pasta::zona con occhiatura al centro spugna grana grossolana,Struttura della Pasta,Zona con occhiatura al centro spugna grana grossolana,"Pasta con occhiatura al centro, zona spugnosa e grana grossolana.",4,26106,
Struttura della Pasta::grana grossolana e frattura variabile molti cristalli,Struttura della Pasta,"Grana grossolana e frattura variabile, molti cristalli","Pasta con grana grossolana, frattura variabile e molti cristalli.",4,14168,
Struttura della Pasta::pasta decisamente grandiosa e asciutta,Struttura della Pasta,Pasta decisamente grandiosa e asciutta,Pasta grandiosa e asciutta.,4,21873,
Struttura della Pasta::bella grana stirato centrale occhiata fine al centro,Struttura della Pasta,Bella grana stirato centrale occhiata fine al centro,"Pasta con bella grana stirata al centro, occhiatura fine.",4,44174,
Struttura della Pasta::tanti piccoli strappi,Struttura della Pasta,Tanti piccoli strappi,Pasta con numerosi piccoli strappi.,10,2013,
Struttura della Pasta::qualche piccola frattura grana un poco grossa ma regolare,Struttura della Pasta,Qualche piccola frattura grana un Poco grossa ma regolare,"Pasta con qualche piccola frattura, grana poco grossa e regolare.",4,21680,
Struttura della Pasta::un pochetto grossolana taglio al centro,Struttura della Pasta,Un pochetto grossolana. Taglio al centro,Pasta leggermente grossolana con taglio al centro.,4,3818,
Struttura della Pasta::modellatura inferiore 2 5 cm,Struttura della Pasta,Modellatura inferiore 2.5 cm,NON_DESCRITTO,8,3366,
Struttura della Pasta::fessura molto evidente,Struttura della Pasta,Fessura molto evidente,Pasta con fessura molto evidente.,5,1479,
Struttura della Pasta::omogenea chiara,Struttura della Pasta,Omogenea chiara,Pasta omogenea e chiara.,2,46694,
Struttura della Pasta::mista con parte centrale stirata,Struttura della Pasta,Mista con parte centrale stirata,Pasta mista con parte centrale stirata.,4,25711,
Struttura della Pasta::frattura abbastanza regolare stirata leggero al centro con una crepa,Struttura della Pasta,"Frattura abbastanza regolare, stirata leggero al centro con una crepa","Pasta con frattura abbastanza regolare, leggermente stirata al centro con una crepa.",4,30605,
Struttura della Pasta::in parte stirata qualche microocchio,Struttura della Pasta,"In parte stirata, qualche microocchio","Pasta in parte stirata, con qualche microocchiatura.",4,20216,
Struttura della Pasta::stirata con qualche microocchiatura,Struttura della Pasta,Stirata con qualche microocchiatura,Pasta stirata con qualche microocchiatura.,4,21862,
Struttura della Pasta::microcchiaturequalche strappo,Struttura della Pasta,Microcchiaturequalche strappo,Pasta con microocchiatura e qualche strappo.,4,26174,
Struttura della Pasta::bella frattura struttura granulosa a tratti meno definita,Struttura della Pasta,"Bella frattura, struttura granulosa a tratti meno definita",Pasta con bella frattura e struttura granulosa a tratti meno definita.,4,37284,
Struttura della Pasta::pasta leggermente stirata con microocchiatura,Struttura della Pasta,Pasta leggermente stirata con microocchiatura,Pasta leggermente stirata con microocchiatura.,4,41179,
Struttura della Pasta::struttura grossolana frattura grossolana microocchiatura,Struttura della Pasta,Struttura grossolana Frattura grossolana microocchiatura,"Pasta con struttura grossolana, frattura grossolana e microocchiatura.",4,24276,
Struttura della Pasta::spugnatura centrale con crepa e occhio da 1 cm,Struttura della Pasta,Spugnatura centrale con crepa e occhio da 1 cm,"Pasta con spugnatura centrale, crepa e occhiatura di media dimensione.",4,13882,
Struttura della Pasta::compatto poco friabile,Struttura della Pasta,"compatto, poco friabile",Pasta compatta e poco friabile.,4,27406,
Struttura della Pasta::frattura abbastanza regolare pasta stirata in centro,Struttura della Pasta,"Frattura abbastanza regolare, pasta stirata in centro,",Pasta con frattura abbastanza regolare e stirata al centro.,4,26025,
Struttura della Pasta::disomogenea micro occhiatura al centro,Struttura della Pasta,"Disomogenea, micro occhiatura al centro",Pasta disomogenea con microocchiatura al centro.,4,15976,
Struttura della Pasta::piccoli occhi misti a un micro occhiatura diffusa fessure di circa 3 4cm,Struttura della Pasta,"Piccoli occhi misti a un micro Occhiatura diffusa, fessure di circa 3-4cm",Pasta con piccoli occhi misti a microocchiatura diffusa e fessure pronunciate.,4,47,
Struttura della Pasta::grana molto fine presenza localizzata di micro occhiatura presenza di piccola sfoglia centrale,Struttura della Pasta,"Grana molto fine, presenza localizzata di micro occhiatura, presenza di piccola sfoglia centrale",Pasta a grana molto fine con microocchiatura localizzata e piccola sfoglia centrale.,4,36948,
Struttura della Pasta::tende ad essere un poco stirata al centro,Struttura della Pasta,Tende ad essere un Poco stirata al centro,Pasta leggermente stirata al centro.,4,15471,
Struttura della Pasta::disomogenea stirata a tratti occhiatina a zone strappo,Struttura della Pasta,"Disomogenea, stirata a tratti, occhiatina a zone, strappo","Pasta disomogenea, stirata a tratti, con occhiatina a zone e strappo.",4,33731,
Struttura della Pasta::occhiatura 2 mm grana un poco' rotondeggiante,Struttura della Pasta,"Occhiatura 2 mm,grana un poco' rotondeggiante",Pasta con occhiatura piccola e grana leggermente rotondeggiante.,4,44339,
Struttura della Pasta::tende allo stirato sotto un piatto piccole fratture e al centro microocchiatura,Struttura della Pasta,Tende allo stirato sotto un piatto piccole fratture e al centro microocchiatura,Pasta tendente allo stirato con piccole fratture diffuse e microocchiatura al centro.,4,16847,
Struttura della Pasta::grossolana granulosa,Struttura della Pasta,Grossolana granulosa,Pasta grossolana e granulosa.,2,46683,
Struttura della Pasta::frattura irregolare ma grana fine cristalli visibili,Struttura della Pasta,"Frattura irregolare ma grana fine, cristalli visibili","Pasta con frattura irregolare, grana fine e cristalli visibili.",4,24132,
"Struttura della Pasta::struttura ""grassa",Struttura della Pasta,"Struttura ""GRASSA",Pasta grassa.,4,1761,
Struttura della Pasta::grana mt brutta con sfoglia e micro occhiature centrali tende a sfogliare,Struttura della Pasta,"Grana mt brutta con sfoglia e micro occhiature centrali, tende a sfogliare","Pasta con grana media brutta, sfogliature e microocchiature centrali, tendente a sfogliare.",4,9473,
Struttura della Pasta::microocch zone leggermente stirate,Struttura della Pasta,"Microocch, zone leggermente stirate",Pasta con microocchiatura e zone leggermente stirate.,4,44337,
Struttura della Pasta::stirata con occhio da 8 mm,Struttura della Pasta,Stirata con occhio da 8 mm,Pasta stirata con occhiatura di medie dimensioni.,4,42893,
Struttura della Pasta::frattura regolare fitta microocchiatura e qualche piccolo strappo e cristalli un occhio 8mm,Struttura della Pasta,Frattura regolare Fitta microocchiatura e qualche piccolo strappo e cristalli un occhio 8mm,"Pasta con frattura regolare, fitta microocchiatura, qualche piccolo strappo, cristalli e un'occhiatura.",4,18386,
Struttura della Pasta::bella non del tutto omogenea,Struttura della Pasta,"Bella, non del tutto Omogenea",Pasta bella ma non del tutto omogenea.,4,35487,
Struttura della Pasta::granuli belli ma occhiatura diffusa anche grossi,Struttura della Pasta,Granuli belli ma occhiatura diffusa anche grossi,"Pasta con bella grana e occhiatura diffusa, anche grossi occhi.",4,40298,
Struttura della Pasta::omogenea con piccole stirature,Struttura della Pasta,Omogenea con piccole stirature...,Pasta omogenea con piccole stirature.,4,18856,
Struttura della Pasta::frattura con dosso e cunetta struttura granulosa,Struttura della Pasta,"Frattura con dosso e cunetta, struttura granulosa,","Pasta con frattura caratterizzata da dosso e cunetta, struttura granulosa.",4,30753,
Struttura della Pasta::parte centrale spugnosa,Struttura della Pasta,Parte centrale spugnosa,Pasta spugnosa nella parte centrale.,4,48687,
Struttura della Pasta::frattura regolare e grana fine,Struttura della Pasta,Frattura regolare e grana fine,Pasta con frattura regolare e grana fine.,8,9302,
Struttura della Pasta::ampia area spugnosa,Struttura della Pasta,Ampia area spugnosa,Pasta con ampia area spugnosa.,4,51792,
Struttura della Pasta::nel commento sottoscala disidratato intendo disidratazione però più nei piatti,Struttura della Pasta,Nel commento sottoscala disidratato intendo disidratazione però più nei piatti,Pasta con disidratazione più presente nei piatti.,4,813,
Struttura della Pasta::le zone a grana grossolana sono molto limitate,Struttura della Pasta,Le zone a grana grossolana sono molto limitate,Pasta con zone a grana grossolana molto limitate.,4,4065,
Struttura della Pasta::parte centrale spugnosa per microocchiatura molto fitta esterno grana fine con perle,Struttura della Pasta,"Parte centrale spugnosa per microocchiatura molto fitta, esterno grana fine con perle","Pasta con microocchiatura molto fitta e aspetto spugnoso al centro, grana fine con perle verso l'esterno.",4,51049,
Struttura della Pasta::molta grana ma grossolana,Struttura della Pasta,"Molta grana ma grossolana,","Pasta con molta grana, grossolana.",4,21781,
Struttura della Pasta::mista tra regolare e simil stirata al centro ma non da penalizzare,Struttura della Pasta,Mista tra regolare e simil stirata al centro ma non da penalizzare,Pasta con frattura mista tra regolare e simil stirata al centro.,4,25634,
Struttura della Pasta::brutta grana con frequenti spacchi e micro occhiatura centrale,Struttura della Pasta,Brutta grana con frequenti spacchi e micro occhiatura centrale,Pasta con frequenti spacchi e microocchiatura centrale.,4,47173,
Struttura della Pasta::leggermente stirata e con grana molto grossolana,Struttura della Pasta,Leggermente stirata e con grana molto grossolana,Pasta leggermente stirata e con grana molto grossolana.,4,32269,
Struttura della Pasta::frattura un poco irregolare qualche microocchiatura inf 0 5,Struttura della Pasta,"Frattura un Poco irregolare qualche microocchiatura inf 0,5",Pasta con frattura poco irregolare e qualche microocchiatura.,4,35480,
Struttura della Pasta::spugnoso,Struttura della Pasta,Spugnoso,Pasta spugnosa.,4,44252,
Struttura della Pasta::all'esterno tende a sgretolarsi microocchiature,Struttura della Pasta,All'esterno tende a sgretolarsi microocchiature,Pasta tendente a sgretolarsi all'esterno con microocchiature.,2,46684,
Struttura della Pasta::ottima struttura con bel a grana e spaccatura netta e pulita gravemente compromessa da importante presenza di microocchiatura,Struttura della Pasta,Ottima struttura con bel!a grana e spaccatura netta e pulita. Gravemente compromessa da importante presenza di microocchiatura,"Pasta con bella grana e spaccatura netta, compromessa da importante microocchiatura diffusa.",10,1968,
Struttura della Pasta::fitta microocchiatura e grana che forma striature sotto un piatto tende al gessato,Struttura della Pasta,Fitta microocchiatura e grana che forma striature sotto un piatto tende al gessato,"Pasta con fitta microocchiatura e grana che forma striature sotto un piatto, tendente al gessato.",4,11571,
Struttura della Pasta::area centrale verso un sottopiatto ruvida tipo carta vetro,Struttura della Pasta,Area centrale verso un sottopiatto ruvida TIPO CARTA VETRO,"Pasta ruvida nell'area centrale verso il sottopiatto, dall'aspetto simile a carta vetrata.",4,512,
Struttura della Pasta::frattura non bellissima ma pasta con grana evidente presenza di una grossa spaccatura,Struttura della Pasta,"Frattura non bellissima ma pasta con grana evidente, presenza di una grossa spaccatura","Pasta con frattura irregolare, grana evidente e una grossa spaccatura.",4,40436,
Struttura della Pasta::sotto un piatto superficie ondulato con scaglie microocchiatura 1 o 2 mm,Struttura della Pasta,Sotto un piatto superficie ondulato con scaglie. Microocchiatura 1 o 2 mm,"Pasta con superficie ondulata e scaglie, microocchiatura diffusa sottostante.",10,1967,
Struttura della Pasta::microocchiatura diffusa frattura non regolare disomogenea,Struttura della Pasta,Microocchiatura diffusa Frattura non regolare Disomogenea,"Pasta con microocchiatura diffusa, frattura irregolare e disomogenea.",4,23918,
Struttura della Pasta::ruvida al centro,Struttura della Pasta,RUVIDA al centro,Pasta ruvida al centro.,4,49382,
Struttura della Pasta::frattura con vasca micro occhiatura diffusa leggermente stirata poco granulosa,Struttura della Pasta,"Frattura con vasca, micro occhiatura diffusa, leggermente stirata, poco granulosa","Pasta con frattura a vasca, microocchiatura diffusa, leggermente stirata e poco granulosa.",4,18469,
Struttura della Pasta::grana grossolana qualche occhio e frattura media,Struttura della Pasta,"Grana grossolana , qualche occhio e frattura media","Pasta con grana grossolana, qualche occhiatura e frattura media.",4,22418,
Struttura della Pasta::niente di particolare,Struttura della Pasta,Niente di particolare,NON_DESCRITTO,4,9894,
Struttura della Pasta::stirata non in modo accentuata,Struttura della Pasta,stirata non in modo accentuata,Pasta leggermente stirata.,4,20588,
Struttura della Pasta::striata al centro,Struttura della Pasta,Striata al centro,Pasta striata al centro.,4,334,
Struttura della Pasta::leggera occhiatina diffusa ma rada grandiosa omogenea,Struttura della Pasta,Leggera occhiatina diffusa ma rada grandiosa omogenea,Pasta omogenea con leggera occhiatura diffusa ma rada e grana grandiosa.,4,22324,
Struttura della Pasta::frattura non omogenea con striature di evidenti localizzate su un lato,Struttura della Pasta,Frattura non omogenea con striature di evidenti localizzate su un lato,Pasta con frattura non omogenea e striature evidenti localizzate su un lato.,4,47566,
Struttura della Pasta::non omogenea qualche microocchiatura al centro,Struttura della Pasta,Non omogenea qualche microocchiatura al centro,Pasta non omogenea con qualche microocchiatura al centro.,4,15970,
Struttura della Pasta::grossa fessura,Struttura della Pasta,Grossa fessura,Pasta con una grossa fessura.,8,48549,
Struttura della Pasta::frattura non molto ok ampie zone con grana poco profilata e tendenza alla stiratura presenza di micro occhiature,Struttura della Pasta,"Frattura non molto ok, ampie zone con grana poco profilata e tendenza alla stiratura presenza di micro occhiature","Pasta con frattura irregolare, ampie zone a grana poco profilata, tendenza alla stiratura e presenza di microocchiature.",4,7909,
Struttura della Pasta::molto secca disidratata,Struttura della Pasta,"Molto secca, disidratata",Pasta disidratata.,4,4245,
Struttura della Pasta::occhiatura centrale effetto spugna e occhio lucido 1 5 2 cm,Struttura della Pasta,"Occhiatura centrale effetto spugna e occhio lucido 1,5 2 cm,",Pasta con occhiatura centrale dall'effetto spugnoso e occhio lucido.,4,31959,
Struttura della Pasta::microocchiatura 1 o 2 mm molto fitta al centro e fessure con grappoli di occhi,Struttura della Pasta,"Microocchiatura 1 o 2 mm molto fitta al centro, e fessure con grappoli di occhi",Pasta con microocchiatura fitta al centro e fessure con grappoli di occhi.,4,2351,
Struttura della Pasta::presenza di occhi piccoli e grandi 4 e 9 mm spugnatura di grande superficie diverse fratture di 3 e 4 cm,Struttura della Pasta,"Presenza di occhi piccoli e grandi 4 e 9 mm, spugnatura di grande superficie, diverse fratture di 3 e 4, Cm","Pasta con occhiatura piccola e grande, spugnatura diffusa su ampia superficie e diverse fratture irregolari.",4,51788,
Struttura della Pasta::mista ma regolare,Struttura della Pasta,Mista ma regolare,Pasta mista ma regolare.,4,26019,
Struttura della Pasta::microocch un poco' disomogenea,Struttura della Pasta,"Microocch, un poco' disomogenea","Pasta con microocchiatura, leggermente disomogenea.",4,44169,
Struttura della Pasta::frattura ok presenza di sfoglie localizzate zone che tendono allo stirato,Struttura della Pasta,"Frattura ok, presenza di sfoglie localizzate zone che tendono allo stirato","Pasta con frattura regolare, sfoglie localizzate e zone tendenti alla stiratura.",4,7832,
Struttura della Pasta::grana grossolana intesa negativamente,Struttura della Pasta,Grana grossolana intesa negativamente,Pasta con grana grossolana.,8,283,
Struttura della Pasta::spugnosa a tratti è stirata,Struttura della Pasta,Spugnosa a tratti è stirata,Pasta spugnosa a tratti e stirata.,8,29213,
Struttura della Pasta::frattura abbastanza regolare ma struttura stirata e compatta microocchiatura diffusa a tutta la superficie con diametro anche sul 2 mm,Struttura della Pasta,"Frattura abbastanza regolare ma struttura stirata e compatta , microocchiatura diffusa a tutta la superficie, con diametro anche sul. 2 mm.","Pasta con frattura abbastanza regolare, struttura stirata e compatta, microocchiatura diffusa su tutta la superficie.",4,11226,
Struttura della Pasta::rottura regolare strappo zona rovinata sotto un piatto che non so se valutare qui,Struttura della Pasta,"Rottura regolare, strappo, zona rovinata sotto un piatto che non so se valutare qui",Pasta con frattura regolare e uno strappo; zona rovinata sotto un piatto.,4,9390,
Struttura della Pasta::frattura regolare stirata al centro con crepa ma grana media,Struttura della Pasta,Frattura regolare stirata al centro con crepa ma grana media,"Pasta con frattura regolare stirata al centro, una crepa e grana media.",4,17389,
Struttura della Pasta::micro occhiatura soprattutto centrale effetto spugna qualche occhio più grande e lucido spacchi notevoli,Struttura della Pasta,"Micro occhiatura soprattutto centrale effetto spugna, qualche occhio più grande e lucido, spacchi notevoli","Pasta con microocchiatura prevalente al centro dall'effetto spugnoso, alcune occhiature più grandi e lucide, e spacchi notevoli.",4,13887,
Struttura della Pasta::buona struttura a roccia omogenea,Struttura della Pasta,Buona struttura a roccia omogenea,Pasta con buona struttura a roccia omogenea.,2,46685,
Struttura della Pasta::grandiosa frattura grossa ma bella,Struttura della Pasta,Grandiosa frattura grossa ma bella,Pasta con frattura grossa e bella grana grandiosa.,4,20470,
Struttura della Pasta::frattura poco regolare striature e microocchiature centrali,Struttura della Pasta,"Frattura poco regolare, striature e microocchiature centrali","Pasta con frattura poco regolare, striature e microocchiature centrali.",4,18928,
Struttura della Pasta::granulosa ma con presenza a tratti di microocchiatura e piccoli spacchi un occhio centrale di grandi dimensioni,Struttura della Pasta,"Granulosa ma con presenza a tratti di Microocchiatura e piccoli spacchi, un occhio centrale di grandi dimensioni","Pasta granulosa con microocchiatura a tratti, piccoli spacchi e un occhio centrale di grandi dimensioni.",4,18393,
Struttura della Pasta::enormi spacchi pasta slegata con microocchiatura,Struttura della Pasta,Enormi spacchi. Pasta slegata con microocchiatura,"Pasta con enormi spacchi, slegata e con microocchiatura.",4,2378,
Struttura della Pasta::piccola area spagnola della grandezza di una noce,Struttura della Pasta,Piccola area spagnola della grandezza di una noce,Pasta con una piccola area spagnola di dimensioni notevoli.,4,50173,
Struttura della Pasta::tendente al ruvido ma omogenea ottima frattura,Struttura della Pasta,"Tendente al ruvido, ma omogenea. Ottima frattura","Pasta tendente al ruvido ma omogenea, con frattura regolare.",2,46686,
Struttura della Pasta::sembra non abbia struttura in diverse zone non grandioso compatto,Struttura della Pasta,Sembra non abbia struttura in diverse zone. Non grandioso. Compatto,"Pasta compatta con struttura irregolare in diverse zone, non grandiosa.",4,3864,
Struttura della Pasta::leggermente stirata con presenza di grana grossolana,Struttura della Pasta,Leggermente stirata con presenza di grana grossolana,Pasta leggermente stirata con grana grossolana.,4,25720,
Struttura della Pasta::due grosse fenditure,Struttura della Pasta,Due grosse fenditure,Pasta con due fessure pronunciate.,4,17390,
Struttura della Pasta::frattura ok ma grana grossolana pasta a tratti stirata presenza di microocchiatura a tratti,Struttura della Pasta,Frattura ok ma grana grossolana pasta a tratti stirata presenza di Microocchiatura a tratti,"Pasta con frattura regolare, grana grossolana e tratti stirati, con microocchiatura presente a tratti.",4,18855,
Struttura della Pasta::grana non male ma diversa fra centrale ed esterna,Struttura della Pasta,"Grana non male, ma diversa fra centrale ed esterna",Pasta con grana diversa tra la zona centrale e quella esterna.,4,20469,
Struttura della Pasta::poca struttura,Struttura della Pasta,Poca struttura,Pasta con scarsa struttura.,4,40363,
Struttura della Pasta::presenti microocchiature presente frattura leggermente stirata,Struttura della Pasta,Presenti Microocchiature Presente frattura Leggermente stirata,"Pasta con microocchiature, frattura leggermente stirata.",4,47561,
Struttura della Pasta::grana non omogenea,Struttura della Pasta,Grana non omogenea,Pasta con grana non omogenea.,4,35603,
Struttura della Pasta::qualche occhiettino struttura regolare grossa,Struttura della Pasta,Qualche occhiettino Struttura regolare grossa,"Pasta con qualche piccola occhiatura, struttura regolare e grossolana.",4,22225,
Struttura della Pasta::l'occhio di sauron,Struttura della Pasta,L'occhio di Sauron,NON_DESCRITTO,4,5332,
Struttura della Pasta::bella grana mi pare diviso a metà,Struttura della Pasta,"Bella grana, mi pare diviso a metà","Pasta con bella grana, divisa a metà.",4,37283,
Struttura della Pasta::qualche piccola frattura un poco disomogenea e grandiosa ma frattura regolare,Struttura della Pasta,Qualche piccola frattura un Poco disomogenea e grandiosa ma frattura regolare,"Pasta con piccole fratture regolari, leggermente disomogenea e granulosa.",4,15579,
Struttura della Pasta::frattura che mostra disomogeneità grana uniforme granulosa,Struttura della Pasta,Frattura che mostra disomogeneità. Grana uniforme granulosa,Pasta con frattura disomogenea e grana uniforme granulosa.,4,44837,
Struttura della Pasta::morbido friabile grana fine e solubile pochi cristalli tende a impastare,Struttura della Pasta,"morbido, friabile, grana fine e solubile, pochi cristalli, tende a impastare","Pasta friabile con grana fine, pochi cristalli e tendenza a impastare.",4,27681,
Struttura della Pasta::sfogliata gessata,Struttura della Pasta,"Sfogliata, gessata.",Pasta sfogliata e gessata.,4,7366,
Struttura della Pasta::frattura buona struttura granulosa molto regolare peccato la microocchiatura su una porzione,Struttura della Pasta,Frattura buona. Struttura granulosa molto regolare. Peccato la Microocchiatura su una porzione,"Pasta con frattura buona e struttura granulosa molto regolare, ma con microocchiatura su una porzione.",4,30653,
Struttura della Pasta::grandiosità grossolana difforme sotto un piatto uno scalzo qualche piccolo strappo micro occhiatura centrale,Struttura della Pasta,"Grandiosità grossolana, difforme sotto un piatto uno scalzo, qualche piccolo strappo, micro occhiatura centrale","Pasta con grana grossolana e grandiosa, difforme tra il piatto e lo scalzo, qualche piccolo strappo e microocchiatura centrale.",4,44844,
Struttura della Pasta::grana fine forse in parte leggero stirata,Struttura della Pasta,Grana fine forse in parte leggero stirata,"Pasta a grana fine, con leggera stiratura in parte.",4,42828,
Struttura della Pasta::frattura regolare pasta grandiosa con piccola zona stirata e leggera micro occhiatura,Struttura della Pasta,"Frattura regolare, pasta grandiosa con piccola zona stirata e leggera micro occhiatura.","Pasta con frattura regolare, grana grandiosa, piccola zona stirata e leggera microocchiatura.",4,9976,
Struttura della Pasta::frattura e grana regolare fine microocchiatura,Struttura della Pasta,Frattura e grana regolare fine microocchiatura,"Pasta con frattura e grana regolare fine, microocchiatura diffusa.",4,37023,
Struttura della Pasta::punto bagnato grana bella uniforme qualche fessura verso un piatto,Struttura della Pasta,Punto bagnato grana bella uniforme qualche fessura verso un piatto,"Pasta con bella grana uniforme, qualche fessura verso un piatto.",4,25567,
Struttura della Pasta::molti piccoli occhi da circa 3 4 mm perlopiù su meta forma,Struttura della Pasta,Molti piccoli occhi da circa 3-4 mm perlopiù su meta forma,Pasta con molti piccoli occhi prevalentemente su una metà della forma.,4,988,
Struttura della Pasta::2 fratture 1 di 2 cm e una dib5 cm frattura e regolare microocchiatura molto piccola e cristalli visibili ma di dimensioni molto piccole,Struttura della Pasta,2 fratture 1 di 2 cm e una dib5 cm frattura e regolare microocchiatura molto piccola e cristalli visibili ma di dimensioni molto piccole,"Pasta con fratture regolari, microocchiatura molto piccola diffusa e cristalli di piccole dimensioni.",4,20148,
Struttura della Pasta::frattura irregolare zona sotto un piatto che si sgretola leggero strappo,Struttura della Pasta,Frattura irregolare zona sotto un piatto che si sgretola leggero strappo,"Pasta con frattura irregolare, zona sottostante piatta che si sgretola, con leggero strappo.",4,5898,
Struttura della Pasta::striata buona grana,Struttura della Pasta,"Striata buona grana,",Pasta striata con bella grana.,2,46855,
Struttura della Pasta::frattura regolare struttura granuloso leggerissima micro occhiatura,Struttura della Pasta,"Frattura regolare, struttura granuloso, leggerissima micro occhiatura","Pasta con frattura regolare, struttura granulosa e leggerissima microocchiatura.",4,16776,
Struttura della Pasta::striature radiali buona la grana con frattura che indica di dom nella pasta,Struttura della Pasta,Striature radiali buona la grana con frattura che indica di dom nella pasta,"Pasta con striature radiali, buona grana e frattura che indica dominanza nella struttura.",2,46180,
Struttura della Pasta::frattura irregolare struttura non omogenea e un poco' di microocchiatura,Struttura della Pasta,"Frattura irregolare, struttura non omogenea e un poco' di Microocchiatura.","Pasta con frattura irregolare, struttura non omogenea e poco microocchiatura.",4,12904,
Struttura della Pasta::evidente occhiatura centrale,Struttura della Pasta,Evidente Occhiatura centrale,Pasta con occhiatura evidente al centro.,8,18388,
Struttura della Pasta::grana molto fine frammentazione buona con scaglie grosse striature presenti,Struttura della Pasta,"Grana molto fine, frammentazione buona con scaglie grosse, striature presenti","Pasta a grana molto fine, con buona frammentazione e scaglie grosse, striature presenti.",4,9470,
Struttura della Pasta::vaga presenza di microocchiatura un poco' grossolana,Struttura della Pasta,"Vaga presenza di Microocchiatura, un poco' grossolana","Pasta con vaga presenza di microocchiatura, leggermente grossolana.",4,16774,
Struttura della Pasta::centro buona struttura fine ai bordi diversa frattura pessima,Struttura della Pasta,Centro buona struttura fine. Ai bordi diversa. Frattura pessima,"Pasta con buona struttura fine al centro e diversa ai bordi, frattura irregolare.",4,49585,
Struttura della Pasta::grana bella anche se leggermente stirata qualche occhiatura grossa frattura,Struttura della Pasta,Grana bella anche se leggermente stirata qualche Occhiatura grossa frattura,"Pasta con bella grana leggermente stirata, qualche occhiatura grossa e frattura irregolare.",4,14169,
Struttura della Pasta::frattura irregolare microocchiatura localizzata,Struttura della Pasta,"Frattura irregolare,Microocchiatura localizzata",Pasta con frattura irregolare e microocchiatura localizzata.,4,5593,
Struttura della Pasta::microocchiatura anche grossa in ampia area struttura non omogenea al centro non definita,Struttura della Pasta,"Microocchiatura, anche grossa, in ampia area. Struttura non omogenea: al centro non definita","Pasta con microocchiatura anche grossa in ampia area e struttura non omogenea, con centro non definito.",4,11222,
Struttura della Pasta::striata al centro più riuscita altrove per me mai fine,Struttura della Pasta,"Striata al centro . Più riuscita altrove, per me mai fine","Pasta striata al centro, più riuscita altrove, non fine.",4,1292,
Struttura della Pasta::microcchiato struttura omogenea taglio discreto,Struttura della Pasta,Microcchiato . Struttura omogenea taglio discreto,"Pasta con microocchiatura, struttura omogenea e taglio discreto.",4,31954,
Struttura della Pasta::frattura regolare grana presente tendente grossolana zone al centro con occhiatura fine,Struttura della Pasta,Frattura regolare grana presente tendente grossolana zone al centro con occhiatura fine,"Pasta con frattura regolare e grana tendente grossolana, con microocchiatura fine al centro.",4,18857,
Struttura della Pasta::alcune micro occhiatina e fratture della pasta sotto un piatto,Struttura della Pasta,Alcune micro occhiatina e fratture della pasta sotto un piatto,Pasta con alcune micro occhiature e fratture sotto uno strato superficiale.,4,7906,
Struttura della Pasta::frattura regolare con grana fine che forma striature,Struttura della Pasta,Frattura regolare con grana fine che forma striature,"Pasta con frattura regolare, grana fine e striature.",4,18848,
Struttura della Pasta::frattura abbastanza regolare in un punto otto uno spigolo pare più secca del resto grana abbastanza omogenea,Struttura della Pasta,"Frattura abbastanza regolare, in un punto otto uno spigolo pare più secca del resto, grana abbastanza omogenea","Pasta con frattura abbastanza regolare, grana abbastanza omogenea, con un'area leggermente più secca.",4,24275,
Struttura della Pasta::buona grana fine microocchiatura di scarso rilievo bel taglio,Struttura della Pasta,Buona grana fine. Microocchiatura di scarso rilievo. Bel taglio,Pasta con bella grana fine e microocchiatura di scarso rilievo.,4,9216,
Struttura della Pasta::stirata microocchiatura occhio di 5 mm,Struttura della Pasta,"Stirata, microocchiatura, occhio di 5 mm",Pasta stirata con microocchiatura e occhiatura di media grandezza.,4,13746,
Struttura della Pasta::granulosa frattura regolare peccato per occhiatura diffusa,Struttura della Pasta,Granulosa frattura regolare peccato per occhiatura diffusa,"Pasta granulosa con frattura regolare, ma con occhiatura diffusa.",4,24206,
Struttura della Pasta::frattura regolare una crepa interna,Struttura della Pasta,"Frattura regolare,una crepa interna",Pasta con frattura regolare e una crepa interna.,4,5516,
Struttura della Pasta::micro occhiatura qualche occhio più grande e lucido qualche strappo,Struttura della Pasta,"Micro occhiatura, qualche occhio più grande e lucido, qualche strappo","Pasta con microocchiatura, qualche occhio più grande e lucido, qualche strappo.",4,13747,
Struttura della Pasta::frattura abbastanza bella presenza di qualche occhio di media dimensione grana bella,Struttura della Pasta,"Frattura abbastanza bella, presenza di qualche occhio di media dimensione, grana bella","Pasta con frattura abbastanza bella, qualche occhiatura di media dimensione e bella grana.",4,12977,
Struttura della Pasta::microocch diffusa molte zone stirate,Struttura della Pasta,"Microocch diffusa, molte zone stirate",Pasta con microocchiatura diffusa e molte zone stirate.,4,21868,
Struttura della Pasta::bella grana anche fine è frattura ok,Struttura della Pasta,Bella grana anche fine è frattura ok.,Pasta con bella grana fine e frattura regolare.,4,7910,
Struttura della Pasta::1 taglio,Struttura della Pasta,1 taglio,Pasta con una frattura.,4,2324,
Struttura della Pasta::microocchiatura limitata,Struttura della Pasta,Microocchiatura limitata,Pasta con microocchiatura limitata.,4,4234,
Struttura della Pasta::frattura regolare grana media,Struttura della Pasta,"Frattura regolare, grana media",Pasta con frattura regolare e grana media.,4,18776,
Struttura della Pasta::frattura ok ma stiratura a tratti con presenza di micro occhiatura,Struttura della Pasta,Frattura ok ma stiratura a tratti con presenza di micro occhiatura,"Pasta con frattura regolare, stiratura a tratti e micro occhiatura.",4,7986,
Struttura della Pasta::anche leggera striatura,Struttura della Pasta,Anche leggera striatura,Pasta con leggera striatura.,4,1152,
Struttura della Pasta::stirata con una frattura e microocchiatura on qualche occhiolino 2 mm in centro,Struttura della Pasta,Stirata con una frattura e Microocchiatura on qualche occhiolino 2 mm in centro,Pasta stirata con una frattura e microocchiatura con qualche piccolo occhio al centro.,4,33724,
Struttura della Pasta::stirata poco presente occhi,Struttura della Pasta,Stirata poco presente occhi,"Pasta stirata poco presente, con pochi occhi.",4,25721,
Struttura della Pasta::microocchiature grana piatta,Struttura della Pasta,"Microocchiature, grana piatta",Pasta con microocchiature e grana piatta.,4,37366,
Struttura della Pasta::fascia sotto un piatto (bianca) con struttura diversa più fine,Struttura della Pasta,Fascia sotto un piatto (BIANCA) con struttura diversa più fine,Pasta con una fascia sottile di struttura più fine rispetto al resto.,4,50061,
Struttura della Pasta::granulosa,Struttura della Pasta,Granulosa,Pasta granulosa.,32,5823,
Struttura della Pasta::la grana è omogenea granulosa il taglio lascia a desidersre,Struttura della Pasta,"La grana è omogenea, Granulosa. Il taglio lascia a desidersre",Pasta omogenea e granulosa.,4,20465,
Struttura della Pasta::grana centrale molto pronunciata spacco con avvallamento,Struttura della Pasta,"Grana centrale molto pronunciata, spacco con avvallamento",Pasta con grana centrale molto pronunciata e spacco con avvallamento.,4,31805,
Struttura della Pasta::occhiatura micro centrale un occhio più deciso ma nel complesso non male la grana,Struttura della Pasta,"Occhiatura micro centrale, un occhio più deciso, ma nel complesso non male la grana","Pasta con microocchiatura al centro e un occhio più deciso, grana complessivamente regolare.",4,37031,
Struttura della Pasta::grana ben presente ma microochhiature elevate,Struttura della Pasta,Grana ben presente ma microochhiature elevate,Pasta con grana ben presente e microocchiature elevate.,4,40297,
Struttura della Pasta::presenza di fine microocchiatura trascurabile,Struttura della Pasta,Presenza di fine microocchiatura trascurabile,Pasta con fine microocchiatura trascurabile.,4,3246,
Struttura della Pasta::non considero lo spacco,Struttura della Pasta,Non considero lo spacco,Pasta con spacco.,4,49862,
Struttura della Pasta::stirata piatta e microocchiature,Struttura della Pasta,"Stirata, piatta e microocchiature","Pasta stirata, piatta con microocchiature.",4,44255,
Struttura della Pasta::enorme occhio con spaccatura grana poco formata non uniforme leggera occhiata alcune fessure,Struttura della Pasta,Enorme occhio con spaccatura grana poco formata non uniforme leggera occhiata alcune fessure,"Pasta con un enorme occhio e spaccatura, grana poco formata e non uniforme, leggera occhiatura e alcune fessure.",8,29534,
Struttura della Pasta::struttura liscia frammentazione regolare ma presenza di molte scaglie,Struttura della Pasta,"STRUTTURA liscia, frammentazione regolare ma presenza di molte scaglie",Pasta liscia con frammentazione regolare e presenza di molte scaglie.,4,9974,
Struttura della Pasta::microocchiatura 1 mm più concentrate su un lato pasta grandiosa ma con striature,Struttura della Pasta,Microocchiatura 1 mm più concentrate su un lato pasta grandiosa ma con striature,"Pasta con microocchiatura concentrata su un lato, grandiosa ma con striature.",4,40360,
Struttura della Pasta::grana grossa abbastanza uniforme,Struttura della Pasta,Grana grossa abbastanza uniforme,Pasta con grana grossa abbastanza uniforme.,4,9387,
Struttura della Pasta::qualche occhiatura decisa diversi strappi,Struttura della Pasta,"Qualche occhiatura decisa, diversi strappi,",Pasta con qualche occhiatura pronunciata e diversi strappi.,4,7908,
Struttura della Pasta::piccole aree spagnole di pochi mm,Struttura della Pasta,Piccole aree spagnole di pochi mm,Pasta con piccole aree spagnole.,4,1797,
Struttura della Pasta::la struttura verso gli scalzi è diversa dal centro,Struttura della Pasta,La struttura verso gli scalzi è diversa dal centro,Pasta con struttura diversa verso gli scalzi rispetto al centro.,4,5057,
Struttura della Pasta::presenza di un occhio al centro della pasta,Struttura della Pasta,Presenza di un occhio al centro della pasta,Pasta con un'occhiatura al centro.,4,4630,
Struttura della Pasta::amore zone stirate,Struttura della Pasta,Amore zone stirate,Pasta con zone stirate.,4,32264,
Struttura della Pasta::irregolare,Struttura della Pasta,Irregolare,Pasta irregolare.,4,37530,
Struttura della Pasta::frattura con avvallamenti struttura stirata con microocchiatura diffusa ma tara,Struttura della Pasta,"Frattura con avvallamenti, struttura stirata con microocchiatura diffusa ma tara.","Pasta con frattura avvallata, struttura stirata e microocchiatura diffusa ma scarsa.",4,11576,
Struttura della Pasta::striature zona laterale con colore e spugnosita notevole centrale con occhi da 4 mm e crepa frattura regolare,Struttura della Pasta,"Striature,zona laterale con colore e spugnosita notevole, centrale con occhi da 4 mm e crepa Frattura regolare","Pasta con striature, zona laterale spugnosa, centrale con occhiatura e frattura regolare.",4,33727,
Struttura della Pasta::struttura grossolana pronunciata omogenea,Struttura della Pasta,"Struttura grossolana, pronunciata omogenea","Pasta grossolana, pronunciata e omogenea.",4,37360,
Struttura della Pasta::zone spagnole molto estese al centro della forma,Struttura della Pasta,Zone spagnole molto estese al centro della forma,Pasta con zone spagnole molto estese al centro.,4,833,
Struttura della Pasta::piuttosto grossolana e frattura media,Struttura della Pasta,Piuttosto grossolana e frattura media,Pasta piuttosto grossolana con frattura media.,4,37369,
Struttura della Pasta::frattura grossa grana presente ma poco formata zona scalzi qualche sfumatura centrale,Struttura della Pasta,Frattura grossa grana presente ma poco formata zona scalzi qualche sfumatura centrale,"Pasta con frattura grossolana, grana poco formata, qualche sfumatura al centro e verso lo scalzo.",4,14309,
Struttura della Pasta::disomogeneità bocciature diffuse intendo occhiature e striature,Struttura della Pasta,Disomogeneità bocciature diffuse intendo occhiature e striature,Pasta disomogenea con occhiature e striature diffuse.,2,46945,
Struttura della Pasta::granulosa ma un poco' di venature centrali non stirato frattura buona microocchiatura finissima e diffusa,Struttura della Pasta,"Granulosa, ma un poco' di venature centrali, non stirato. Frattura buona. Microocchiatura finissima e diffusa","Pasta granulosa con leggere venature centrali, non stirata, frattura regolare e microocchiatura finissima diffusa.",4,23920,
Struttura della Pasta::presente bocciatura centrale piccola frattura microocchiaturae,Struttura della Pasta,Presente bocciatura centrale Piccola frattura Microocchiaturae,"Pasta con bocciatura centrale, piccola frattura e microocchiatura.",4,13741,
Struttura della Pasta::granulosa appena irregolare buona frattura,Struttura della Pasta,"Granulosa, appena irregolare. Buona frattura","Pasta granulosa, appena irregolare, con buona frattura.",4,44165,
Struttura della Pasta::frattura pessima grana abbastanza omogenea granulosa,Struttura della Pasta,"Frattura pessima. Grana abbastanza omogenea, granulosa","Pasta con frattura irregolare, grana abbastanza omogenea e granulosa.",4,32339,
Struttura della Pasta::microocch diffusa piccole zone stirate,Struttura della Pasta,"Microocch diffusa, piccole zone stirate",Pasta con microocchiatura diffusa e piccole zone stirate.,8,29210,
Struttura della Pasta::grana bella assenza di difetti,Struttura della Pasta,Grana bella assenza di difetti,Pasta con bella grana e assenza di difetti.,4,18780,
Struttura della Pasta::leggermente poco regolare,Struttura della Pasta,Leggermente poco regolare....,Pasta leggermente poco regolare.,4,5048,
Struttura della Pasta::molto umida,Struttura della Pasta,Molto umida,Pasta molto umida.,4,51014,
Struttura della Pasta::duro friabile grana grossolana con cristalli ben percepibili abbastanza solubile,Struttura della Pasta,"duro, friabile, grana grossolana, con cristalli ben percepibili, abbastanza solubile",Pasta friabile con grana grossolana e cristalli ben percepibili.,4,27891,
Struttura della Pasta::bella frattura ma grana non sempre ben profilata,Struttura della Pasta,Bella frattura ma grana non sempre ben profilata,"Pasta con bella frattura, grana non sempre ben profilata.",8,29469,
Struttura della Pasta::rada microocchiatura,Struttura della Pasta,Rada microocchiatura,Pasta con microocchiatura rada.,4,463,
Struttura della Pasta::qualche zona di microocchiatura c'è rada e fine buon taglio grana omogenea non fine non evoluta,Struttura della Pasta,"Qualche zona di microocchiatura c'è, rada e fine, Buon taglio, Grana omogenea, non fine, non evoluta","Pasta con qualche zona di microocchiatura rada e fine, grana omogenea e non fine.",4,41457,
Struttura della Pasta::frattura buonissima grana omogenea granulosa,Struttura della Pasta,"Frattura buonissima. Grana omogenea, granulosa.","Pasta con frattura regolare, grana omogenea e granulosa.",4,21682,
Struttura della Pasta::presenza di micro porosità,Struttura della Pasta,Presenza di micro. Porosità,Pasta con microocchiatura e porosità.,4,44251,
Struttura della Pasta::sottopiatto demineralizzato con strappi non omogenea leggermente stirata,Struttura della Pasta,Sottopiatto demineralizzato con strappi Non omogenea Leggermente stirata,"Pasta demineralizzata sottopiatto con strappi, non omogenea, leggermente stirata.",4,7900,
Struttura della Pasta::microcchiature evidenti,Struttura della Pasta,Microcchiature evidenti,Pasta con microocchiatura evidente.,4,41346,
Struttura della Pasta::striature presenza di crepe,Struttura della Pasta,"Striature,presenza di crepe",Pasta con striature e presenza di crepe.,4,24342,
Struttura della Pasta::uno strappo 5 cm frattura un poco irregolare e grana un poco grossa,Struttura della Pasta,Uno strappo 5 cm frattura un Poco irregolare e grana un Poco grossa,"Pasta con uno strappo, frattura leggermente irregolare e grana leggermente grossa.",8,29591,
Struttura della Pasta::microocchiatura fino a 5 mm,Struttura della Pasta,Microocchiatura fino a 5 mm,Pasta con microocchiatura fine.,10,2188,
Struttura della Pasta::struttura presente disomogeneo la spugnatura chiude il discorso,Struttura della Pasta,"Struttura presente, disomogeneo. La spugnatura chiude il discorso",Pasta disomogenea con struttura spugnosa.,4,3332,
Struttura della Pasta::frattura regolare ma con impugnatura largamente diffusa su tutta la superficie con occhi fino a un massimo di 4mm,Struttura della Pasta,Frattura regolare ma con impugnatura largamente diffusa su tutta la superficie con occhi fino a un massimo di 4mm,"Pasta con frattura regolare, occhiatura diffusa su tutta la superficie con occhi di piccole dimensioni.",4,41350,
Struttura della Pasta::frattura con profondi avvallamenti una strappo microocchiatura piccola molto fitta al ccentro,Struttura della Pasta,Frattura con profondi avvallamenti una strappo microocchiatura piccola molto fitta al ccentro,"Pasta con frattura irregolare caratterizzata da profondi avvallamenti, uno strappo e microocchiatura fitta al centro.",4,42683,
Struttura della Pasta::in centro più fine,Struttura della Pasta,In centro più fine,Pasta più fine al centro.,4,34,
Struttura della Pasta::spaccatura abbastanza omogenea,Struttura della Pasta,Spaccatura abbastanza omogenea,Pasta con spaccatura abbastanza omogenea.,4,9306,
Struttura della Pasta::grande occhio,Struttura della Pasta,Grande occhio,Pasta con una grande occhiatura.,4,50179,
Struttura della Pasta::frattura abbastanza regolare paglierino chiaro con alone grigio centralmente area pugnosa poco estesa,Struttura della Pasta,"Frattura abbastanza regolare, paglierino chiaro con alone grigio, centralmente area pugnosa poco estesa",Pasta con frattura abbastanza regolare e area spugnosa poco estesa al centro.,4,18935,
Struttura della Pasta::stirata microocchiatura diffusa,Struttura della Pasta,"Stirata, microocchiatura diffusa",Pasta stirata con microocchiatura diffusa.,4,41516,
Struttura della Pasta::frattura discreta grana abbastanza omogenea con una certa finezza,Struttura della Pasta,Frattura discreta. Grana abbastanza omogenea con una certa finezza,"Pasta con frattura discreta e grana abbastanza omogenea, fine.",4,30751,
Struttura della Pasta::frattura un poco irregolare grana ok ma sotto un piatto tende a sgretolarsi con qualche strappo evidenti perle e cristalli,Struttura della Pasta,Frattura un Poco irregolare grana ok ma sotto un piatto tende a sgretolarsi con qualche strappo evidenti perle e cristalli,"Pasta con frattura poco irregolare, grana nella norma, tendenza allo sgretolamento verso lo scalzo con qualche strappo, perle e cristalli evidenti.",4,9299,
Struttura della Pasta::tantissimi punti di tirosina,Struttura della Pasta,Tantissimi punti di tirosina,Pasta con tantissimi punti di tirosina.,4,49583,
Struttura della Pasta::pare asciutta,Struttura della Pasta,Pare asciutta,Pasta dall'aspetto asciutto.,4,49326,
Struttura della Pasta::vedo microocchiatura ma in zone molto limitate,Struttura della Pasta,"Vedo microocchiatura, ma in zone molto limitate",Pasta con microocchiatura in zone molto limitate.,4,5293,
Struttura della Pasta::pasta disidratata sotto gli scalzi,Struttura della Pasta,Pasta disidratata sotto gli scalzi,Pasta disidratata sotto gli scalzi.,4,48977,
Struttura della Pasta::grana fine striature al centro zona meno formata vs gli spigoli ma bella,Struttura della Pasta,Grana fine striature al centro zona meno formata vs gli spigoli ma bella,"Pasta a grana fine con striature al centro, meno formata verso gli spigoli.",8,29150,
Struttura della Pasta::frattura non buona grana granulosa a tratti anche fine qualche microocchiatura,Struttura della Pasta,Frattura non buona. Grana granulosa. A tratti anche fine. Qualche Microocchiatura.,"Pasta con frattura irregolare, grana granulosa a tratti fine, e qualche microocchiatura.",4,37445,
Struttura della Pasta::non omogenea un sottopiatto demineralizzato con strappi,Struttura della Pasta,Non omogenea Un sottopiatto demineralizzato con strappi,Pasta non omogenea con zona demineralizzata e strappi.,4,7823,
Struttura della Pasta::buona frattura microocchiatura diffusa anche diametri superiori al mm grana omogenea e fine,Struttura della Pasta,"Buona frattura. Microocchiatura diffusa, anche diametri superiori al mm. Grana omogenea e fine","Pasta con buona frattura, microocchiatura diffusa anche di grandi dimensioni, grana omogenea e fine.",4,24200,
Struttura della Pasta::sotto un piatto molte piccole fratture,Struttura della Pasta,Sotto un piatto molte piccole fratture,Pasta con molte piccole fratture nella zona sottostante.,8,735,
Struttura della Pasta::presenza di microocchiatura al centro,Struttura della Pasta,Presenza di microocchiatura al centro,Pasta con microocchiatura al centro.,2,46349,
Struttura della Pasta::grana media frattura un poco irregolare evidenti cristalli,Struttura della Pasta,Grana media frattura un Poco irregolare evidenti cristalli,Pasta a grana media con frattura leggermente irregolare e cristalli evidenti.,4,44836,
Struttura della Pasta::frattura regolare grana un poco' grossolana ma ok,Struttura della Pasta,"Frattura regolare, grana un poco' grossolana ma ok",Pasta con frattura regolare e grana leggermente grossolana.,4,31883,
Struttura della Pasta::leggermente stirato e presente una crepa al centro,Struttura della Pasta,Leggermente stirato e presente una crepa al centro,Pasta leggermente stirata con una crepa al centro.,4,30850,
Struttura della Pasta::leggermente stirato non omogeneo,Struttura della Pasta,"Leggermente stirato, non omogeneo","Pasta leggermente stirata, non omogenea.",4,23855,
Struttura della Pasta::granulosa omogenea buon taglio,Struttura della Pasta,"Granulosa, omogenea. Buon taglio",Pasta granulosa e omogenea.,4,20528,
Struttura della Pasta::struttura microocchiatura tagli,Struttura della Pasta,"Struttura, microocchiatura, tagli",Pasta con microocchiatura e tagli.,4,47504,
Struttura della Pasta::frattura irregolare e struttura un poco grossolana,Struttura della Pasta,Frattura irregolare e struttura un Poco grossolana,Pasta con frattura irregolare e struttura poco grossolana.,4,34417,
Struttura della Pasta::struttura l'apparenza granulosa ma compatta frattura regolare fessura interna,Struttura della Pasta,Struttura l'apparenza granulosa ma compatta. Frattura regolare fessura interna,"Pasta granulosa ma compatta, con frattura regolare e una fessura interna.",4,9388,
Struttura della Pasta::friabile con cristalli,Struttura della Pasta,friabile con cristalli,Pasta friabile con cristalli.,4,27682,
Struttura della Pasta::microocchiature centrali striatura parte centrale,Struttura della Pasta,"Microocchiature centrali, striatura parte centrale",Pasta con microocchiature centrali e striatura nella parte centrale.,4,7830,
Struttura della Pasta::frattura regolare grana bella a tratti in altri un poco' stirata frattura area spugnosa sotto uno scalzo,Struttura della Pasta,"Frattura regolare, grana bella a tratti, in altri un poco' stirata, frattura, area spugnosa sotto uno scalzo","Pasta con frattura regolare, bella grana a tratti, leggermente stirata in alcuni punti, con area spugnosa sotto lo scalzo.",4,25641,
Struttura della Pasta::friabilità e solubilità moderate tirosina leggera,Struttura della Pasta,friabilità e solubilità MODERATE;TIROSINA leggera,NON_DESCRITTO,4,27895,
Struttura della Pasta::ruvida microocchiatura centrale,Struttura della Pasta,Ruvida Microocchiatura centrale,Pasta ruvida con microocchiatura centrale.,4,13740,
Struttura della Pasta::frattura regolare grana media ma microocchiature diffuse,Struttura della Pasta,"Frattura regolare,grana media ma microocchiature diffuse","Pasta con frattura regolare, grana media e microocchiatura diffusa.",4,18851,
Struttura della Pasta::senza struttura,Struttura della Pasta,Senza struttura,Pasta priva di struttura.,4,506,
Struttura della Pasta::microocchiatura diffusa ma rada sotto un piatto diversi strappetti granulosa e grossolana ma non omogenea,Struttura della Pasta,"Microocchiatura diffusa ma rada, sotto un piatto diversi strappetti, granulosa e grossolana ma non omogenea","Pasta con microocchiatura diffusa ma rada, sottile e disomogenea, con piccoli strappi e struttura granulosa e grossolana.",4,22416,
Struttura della Pasta::microocchiatura presente anche da 5 mm grana media e fine frattura scomposta,Struttura della Pasta,"Microocchiatura presente anche da 5 mm, grana media e fine, frattura scomposta","Pasta con microocchiatura presente anche di dimensioni medie, grana media e fine, frattura irregolare.",4,11228,
Struttura della Pasta::struttura bella ma disomogenea con una grossa parte microcchiata,Struttura della Pasta,Struttura bella ma disomogenea con una grossa parte microcchiata,Pasta bella ma disomogenea con una grossa parte microocchiata.,4,515,
Struttura della Pasta::frattura con tagli,Struttura della Pasta,"Frattura con tagli, ..",Pasta con frattura caratterizzata da tagli.,4,32423,
Struttura della Pasta::frattura non molto bella grana a tratti un poco' schiacciata ma bella,Struttura della Pasta,"Frattura non molto bella, grana a tratti un poco' schiacciata ma bella",Pasta con frattura non molto bella e grana a tratti leggermente schiacciata.,8,29149,
Struttura della Pasta::decisamente stirata,Struttura della Pasta,Decisamente stirata,Pasta decisamente stirata.,4,33723,
Struttura della Pasta::non asciutto estremamente friabile struttura molto fine giusta adesivita' cristalli fini,Struttura della Pasta,non asciutto. estremamente friabile. struttura molto fine. giusta adesivita'. cristalli fini,Pasta estremamente friabile con struttura fine e cristalli fini.,4,27688,
Struttura della Pasta::stiratura centrale,Struttura della Pasta,Stiratura centrale,Pasta stirata al centro.,4,49329,
Struttura della Pasta::frattura buona ben granulosa presenza di frattura interne tendenza a scagliare area microocchiata,Struttura della Pasta,"Frattura buona. Ben Granulosa. Presenza di frattura interne, tendenza a scagliare. Area microocchiata","Pasta con frattura regolare, granulosa, presenza di fratture interne, tendenza a scagliare e area con microocchiatura.",4,47168,
Struttura della Pasta::granulosa e omogenea pochissime microocchiatura minori 1 millime,Struttura della Pasta,"Granulosa e omogenea, pochissime microocchiatura minori 1 millime",Pasta granulosa e omogenea con pochissima microocchiatura.,4,35604,
Struttura della Pasta::disomogenea grossolana al centro fine ma non ottimale,Struttura della Pasta,Disomogenea Grossolana al centro fine ma non ottimale,"Pasta disomogenea, grossolana al centro e fine verso l'esterno, ma non ottimale.",4,17000,
Struttura della Pasta::stirata omogenea,Struttura della Pasta,Stirata omogenea,Pasta stirata omogenea.,4,21861,
Struttura della Pasta::stiratura centrale a fasci grossi,Struttura della Pasta,Stiratura centrale a fasci grossi,Pasta stirata al centro con fasci grossi.,4,25636,
Struttura della Pasta::frattura irregolare grana grossa esternamente più liscia al centro,Struttura della Pasta,"Frattura irregolare, grana grossa esternamente,più liscia al centro","Pasta con frattura irregolare, grana grossa esternamente e più liscia al centro.",4,47394,
Struttura della Pasta::frattura abbastanza regolare struttura granulare,Struttura della Pasta,"Frattura abbastanza regolare, struttura granulare,",Pasta con frattura abbastanza regolare e struttura granulare.,4,5904,
Struttura della Pasta::fitta microocchiatura con effetto sovrascrittura molto reg,Struttura della Pasta,Fitta microocchiatura con effetto sovrascrittura molto reg,Pasta con fitta microocchiatura e frattura molto regolare.,2,46348,
Struttura della Pasta::presenta una fessura interna profonda,Struttura della Pasta,Presenta una fessura interna profonda,Pasta con una fessura interna profonda.,4,48878,
Struttura della Pasta::frattura non regolare per il resto bella struttura omogenea e grumosa,Struttura della Pasta,Frattura non regolare. Per il resto bella struttura omogenea e grumosa,"Pasta con frattura irregolare, struttura omogenea e granulosa.",4,24130,
Struttura della Pasta::frattura abbastanza regolare a tratti stirata disomogenea,Struttura della Pasta,"Frattura abbastanza regolare, a tratti stirata, disomogenea","Pasta con frattura abbastanza regolare, a tratti stirata, disomogenea.",4,16855,
Struttura della Pasta::frattura irregolare grana grossa ed omogenea,Struttura della Pasta,Frattura irregolare. Grana grossa ed omogenea.,Pasta con frattura irregolare e grana grossa omogenea.,4,11362,
"Struttura della Pasta::frattura non bellissima ha fatto fatica a ""saltare"" comunque grana bella",Struttura della Pasta,"Frattura non bellissima, ha fatto fatica a ""saltare"", comunque grana bella",Pasta con frattura irregolare e grana bella.,4,26027,
Struttura della Pasta::microocchiatura diffusissima,Struttura della Pasta,Microocchiatura diffusissima,Pasta con microocchiatura molto diffusa.,8,1444,
Struttura della Pasta::presenza di buchi cristalli grana grossolana e struttura media,Struttura della Pasta,"Presenza di buchi, cristalli, grana grossolana e struttura media","Pasta con occhiatura, cristalli, grana grossolana e struttura media.",4,13748,
Struttura della Pasta::frattura abbastanza regolare grana grossolana,Struttura della Pasta,"Frattura abbastanza regolare, grana grossolana",Pasta con frattura abbastanza regolare e grana grossolana.,4,18315,
Struttura della Pasta::duro compatto poco friabile grana finissima asciutto,Struttura della Pasta,"duro, compatto ,poco friabile , grana finissima, asciutto,","Pasta compatta, poco friabile, con grana finissima.",4,27821,
Struttura della Pasta::grave struttura irregolare nel centro non spugnosa ma simile con microocchiatura,Struttura della Pasta,Grave struttura irregolare nel centro non spugnosa ma simile con microocchiatura,"Pasta con struttura irregolare al centro, microocchiatura simile a quella spugnosa.",4,15578,
Struttura della Pasta::grana bella frattura non del tutto regolare ma assenza di difetti,Struttura della Pasta,Grana Bella frattura non del tutto regolare ma assenza di difetti,"Pasta con bella grana e frattura non del tutto regolare, priva di difetti.",4,5830,
Struttura della Pasta::frattura irregolare e microocchiatura diffusa,Struttura della Pasta,Frattura irregolare e Microocchiatura diffusa,Pasta con frattura irregolare e microocchiatura diffusa.,4,5978,
Struttura della Pasta::trans evidenti te ma non omogenea area con microocchiatura regolare struttura leggermente simili stirata,Struttura della Pasta,Trans evidenti te ma non omogenea Area con microocchiatura regolare Struttura leggermente simili stirata,Pasta non omogenea con microocchiatura regolare e leggermente stirata.,2,46179,
Struttura della Pasta::grana fine abbiamo omogenea,Struttura della Pasta,Grana fine abbiamo omogenea,"Pasta a grana fine, omogenea.",4,37286,
Struttura della Pasta::anche bella la struttura ma microocchiatura diffusa,Struttura della Pasta,"Anche bella la struttura, ma microocchiatura diffusa",Pasta con bella struttura e microocchiatura diffusa.,4,4760,
Struttura della Pasta::tante piccole fratture,Struttura della Pasta,Tante piccole fratture,Pasta con tante piccole fratture.,4,48868,
Struttura della Pasta::bella presenza di grana anche fine omogenea anche la frattura e la distribuzione,Struttura della Pasta,Bella presenza di grana anche fine. Omogenea anche la frattura e la distribuzione,Pasta omogenea con bella grana fine e frattura regolare.,4,9223,
Struttura della Pasta::struttura al limite richiama lo stirato ma comunque a roccia con frattura nella norma,Struttura della Pasta,"Struttura al limite, richiama lo stirato ma comunque a roccia con frattura nella norma","Pasta a frattura regolare, con aspetto tendente allo stirato ma struttura compatta.",4,20212,
Struttura della Pasta::frattura irregolare leggera micro occhiatura,Struttura della Pasta,"Frattura irregolare,leggera micro occhiatura,",Pasta con frattura irregolare e leggera microocchiatura.,4,42689,
Struttura della Pasta::striature e microocchiature centrali,Struttura della Pasta,Striature e microocchiature centrali,Pasta con striature e microocchiature al centro.,4,9218,
Struttura della Pasta::a tratti quasi fine ma in altri punti grana non sviluppata 1 fessura solo,Struttura della Pasta,"A tratti quasi fine, ma in altri punti grana non sviluppata. 1 fessura solo","Pasta a tratti quasi fine, in altri punti con grana non sviluppata e una fessura.",4,1287,
Struttura della Pasta::frattura ok grana presente ma poco definita tendente alla stiratura presenza a tratti di microocchiatura,Struttura della Pasta,"Frattura ok, grana presente ma poco definita, tendente alla stiratura presenza a tratti di Microocchiatura","Pasta con frattura regolare, grana poco definita tendente alla stiratura, con microocchiatura a tratti.",4,18470,
Struttura della Pasta::importante frattura,Struttura della Pasta,Importante frattura,Pasta con frattura pronunciata.,4,50155,
Struttura della Pasta::non omogenea,Struttura della Pasta,Non omogenea,Pasta non omogenea.,12,37362,
Struttura della Pasta::non omogenea e stirata,Struttura della Pasta,Non omogenea e stirata,Pasta non omogenea e stirata.,4,35839,
Struttura della Pasta::grana grossolana non perfettamente omogenea,Struttura della Pasta,"Grana grossolana, non perfettamente omogenea","Pasta con grana grossolana, non perfettamente omogenea.",4,50708,
Struttura della Pasta::brutta frattura presenza di microocchiatura in una porzione ma pasta granulosa,Struttura della Pasta,"Brutta frattura, presenza di microocchiatura in una porzione, ma pasta granulosa","Pasta con frattura irregolare, microocchiatura in una porzione e struttura granulosa.",4,42690,
Struttura della Pasta::regolare abbastanza fine,Struttura della Pasta,"Regolare, abbastanza fine",Pasta regolare e abbastanza fine.,4,18853,
Struttura della Pasta::zone quasi spugnose una bolla enorme,Struttura della Pasta,"Zone quasi spugnose, una bolla enorme",Pasta con zone quasi spugnose e una bolla pronunciata.,4,31956,
Struttura della Pasta::occhiatura poco presente frattura inregolare,Struttura della Pasta,Occhiatura poco presente frattura inregolare,Pasta con occhiatura poco presente e frattura irregolare.,4,47174,
Struttura della Pasta::granulosa e omogenea,Struttura della Pasta,Granulosa e omogenea,Pasta granulosa e omogenea.,4,37533,
Struttura della Pasta::in certi punti verso uno scalzo grana non formata,Struttura della Pasta,"In certi punti, verso uno scalzo, grana non formata",Pasta con grana non formata verso lo scalzo.,8,4429,
Struttura della Pasta::grani grossi e arrotondota,Struttura della Pasta,Grani grossi e arrotondota,Pasta con grana grossolana e arrotondata.,4,50082,
Struttura della Pasta::fessure,Struttura della Pasta,Fessure!!!!,Pasta con fessure.,12,1019,
Struttura della Pasta::tende allo stirato spacco,Struttura della Pasta,"Tende allo stirato, spacco",Pasta tendente allo stirato con spacco.,4,6057,
Struttura della Pasta::carolatura sotto un piatto,Struttura della Pasta,Carolatura sotto un piatto,Pasta con carolatura sotto un piatto.,4,49124,
Struttura della Pasta::nella parte centrale assente fortemente stirata tanta occhiatura anche grossa nella parte centrale,Struttura della Pasta,Nella parte centrale assente fortemente stirata tanta occhiatura anche grossa nella parte centrale,"Pasta stirata fortemente al centro con abbondante occhiatura, anche grossa, nella zona centrale.",4,5599,
Struttura della Pasta::in alcuni punti sembra meno fine meno evoluta,Struttura della Pasta,"In alcuni punti sembra meno fine, meno evoluta","Pasta non uniformemente fine, con zone meno evolute.",4,4259,
Struttura della Pasta::stirata al centro occhiatura centrali ampia superficie grana presente,Struttura della Pasta,Stirata al centro occhiatura centrali ampia superficie grana presente,Pasta stirata al centro con occhiatura centrale e grana presente su ampia superficie.,4,13188,
Struttura della Pasta::frattura abbastanza regolare e grana grossa in centro più fina verso i piatti,Struttura della Pasta,Frattura abbastanza regolare e grana grossa in centro più fina verso i piatti,"Pasta con frattura abbastanza regolare, grana grossa al centro e più fine verso i piatti.",4,31876,
Struttura della Pasta::grana regolare sfoglie sottocrosta,Struttura della Pasta,Grana regolare ... Sfoglie sottocrosta,Pasta con grana regolare e sfoglie sottocroste.,4,25562,
Struttura della Pasta::tende a fare piccole scaglie,Struttura della Pasta,Tende a fare piccole scaglie,Pasta tendente a formare piccole scaglie.,4,26,
Struttura della Pasta::pasta stirata con bolla non granulosa,Struttura della Pasta,"Pasta stirata, con bolla, non granulosa","Pasta stirata con occhiatura, non granulosa.",4,42899,
Struttura della Pasta::tendente allo stirato qualche occhio,Struttura della Pasta,Tendente allo stirato qualche occhio,Pasta tendente allo stirato con qualche occhiatura.,4,15467,
Struttura della Pasta::stirata microocchiatura a zone,Struttura della Pasta,"Stirata, microocchiatura a zone",Pasta stirata con microocchiatura a zone.,4,20217,
Struttura della Pasta::fessure che interessano mezzo piatto e un angolo fitta micro occhiatura localizzata,Struttura della Pasta,"Fessure che interessano mezzo piatto e un angolo , fitta micro Occhiatura localizzata","Pasta con fessure che interessano mezzo piatto e un angolo, fitta microocchiatura localizzata.",4,4043,
Struttura della Pasta::frattura abbastanza regolare e grana omogenea con cristalli su un lato leggera microcchiature,Struttura della Pasta,Frattura abbastanza regolare e grana omogenea con cristalli su un lato leggera Microcchiature,"Pasta con frattura abbastanza regolare, grana omogenea, cristalli su un lato e leggera microocchiatura.",4,30652,
Struttura della Pasta::frattura irregolare con zone stirate,Struttura della Pasta,"Frattura irregolare, con zone stirate",Pasta con frattura irregolare e zone stirate.,4,26179,
Struttura della Pasta::microocchiatura zone stirate,Struttura della Pasta,"Microocchiatura, zone stirate",Pasta con microocchiatura e zone stirate.,4,5594,
Struttura della Pasta::struttura granulare con stiratura centrale e micro occhiatura,Struttura della Pasta,Struttura granulare con stiratura centrale e micro occhiatura.,Pasta granulare con stiratura centrale e microocchiatura.,4,9220,
Struttura della Pasta::struttura granulosa regolare,Struttura della Pasta,Struttura Granulosa regolare,Pasta granulosa con struttura regolare.,4,36945,
Struttura della Pasta::enorme cavità al centro,Struttura della Pasta,Enorme cavità al centro,Pasta con una grande cavità centrale.,4,5333,
Struttura della Pasta::leggere sia striature che microocchiature una frattura,Struttura della Pasta,Leggere sia striature che microocchiature...una frattura,"Pasta con leggere striature e microocchiature, frattura regolare.",4,5080,
Struttura della Pasta::qualche occhiolino da 1mm area centrale stirata,Struttura della Pasta,Qualche occhiolino da 1mm Area centrale stirata,Pasta con qualche piccola occhiatura nell'area centrale stirata.,4,12970,
Struttura della Pasta::zone più umide qualche frattura microocchiatura a zone,Struttura della Pasta,"Zone più umide, qualche frattura, microocchiatura a zone","Pasta con zone più umide, qualche frattura e microocchiatura a zone.",4,15640,
Struttura della Pasta::grande occhio centrale di circa 4cm,Struttura della Pasta,Grande occhio centrale di circa 4cm,Pasta con un grande occhio centrale.,4,5336,
Struttura della Pasta::struttura non omogenea stirata in parte,Struttura della Pasta,Struttura non omogenea stirata in parte,Pasta non omogenea e stirata in parte.,4,41459,
Struttura della Pasta::frattura evidente striature struttura assente,Struttura della Pasta,Frattura evidente striature struttura assente,"Pasta con frattura evidente e striature, struttura assente.",4,5984,
Struttura della Pasta::spinosa centrale,Struttura della Pasta,Spinosa centrale,Pasta spinosa al centro.,4,37027,
Struttura della Pasta::pastoso pochi cristalli,Struttura della Pasta,pastoso;pochi cristalli,Pasta pastosa con pochi cristalli.,4,27757,
Struttura della Pasta::probabilmente c'è un occhio con ristagno di siero,Struttura della Pasta,Probabilmente c'è un occhio con ristagno di siero,Pasta con occhiatura e ristagno di siero.,4,3845,
Struttura della Pasta::grana grossolana e occhi anche grandi 4 )5 mm,Struttura della Pasta,Grana grossolana e occhi anche grandi 4:-)5 mm,Pasta con grana grossolana e occhiatura anche grande.,4,18394,
Struttura della Pasta::bella frattura ma grana non omogenea e a tratti stirata,Struttura della Pasta,Bella frattura ma grana non omogenea e a tratti stirata,"Pasta con bella frattura, grana non omogenea e stirata a tratti.",4,22235,
Struttura della Pasta::struttura non omogenea,Struttura della Pasta,Struttura non omogenea,Pasta non omogenea.,8,29531,
Struttura della Pasta::area centrale tendente allo stirato,Struttura della Pasta,Area centrale tendente allo stirato,Pasta con area centrale tendente allo stirato.,4,49512,
Struttura della Pasta::presenza di molte occhiatura spacco,Struttura della Pasta,Presenza di molte occhiatura Spacco,Pasta con molte occhiature e spacco.,4,33726,
Struttura della Pasta::frattura con profondo avvallamento e striature che si dipartono da un piatto,Struttura della Pasta,Frattura con profondo avvallamento e striature che si dipartono da un piatto,Pasta con frattura caratterizzata da profondo avvallamento e striature che si irradiano da un'area piatta.,4,5821,
Struttura della Pasta::frattura regolare pasta all'apparenza compatta e poco grandiosa fessura,Struttura della Pasta,"Frattura regolare, pasta all'apparenza compatta e poco grandiosa, fessura","Pasta con frattura regolare, compatta e poco grandiosa, con una fessura.",4,5519,
Struttura della Pasta::difettosa stirata con zona con presenza di micro occhiatura,Struttura della Pasta,"Difettosa, stirata, con zona con presenza di micro occhiatura","Pasta difettosa, stirata, con zona con microocchiatura diffusa.",4,5983,
Struttura della Pasta::disidratata al centro,Struttura della Pasta,Disidratata al centro,Pasta disidratata al centro.,4,50063,
Struttura della Pasta::lunghe e profonde fessure longitudinali,Struttura della Pasta,Lunghe e profonde fessure longitudinali,Pasta con lunghe e profonde fessure longitudinali.,4,21,
Struttura della Pasta::microocchiatura centrale fine è una striature leggera sempre centrale che rendono la grana disomogenea rimanente grana bene presente buon taglio,Struttura della Pasta,Microocchiatura centrale fine è una striature leggera sempre centrale che rendono la grana disomogenea. Rimanente grana bene presente. Buon taglio,Pasta con microocchiatura fine al centro e leggere striature centrali che rendono la grana disomogenea; grana ben presente nel resto della pasta.,4,13182,
Struttura della Pasta::microocchiatura centrale 1 o mm frattura regolare ma pasta con zone compatte stirata,Struttura della Pasta,"Microocchiatura centrale 1 o mm, frattura regolare ma pasta con zone compatte stirata","Pasta con microocchiatura centrale, frattura regolare, zone compatte e stirata.",4,44332,
Struttura della Pasta::microocchiatura in vasta zona anche di grosse dimensioni peccato perché la grana è omogenea e fine il taglio più che discreto,Struttura della Pasta,"Microocchiatura in vasta zona anche di grosse dimensioni, Peccato perché la grana è omogenea e fine, Il taglio più che discreto","Pasta con microocchiatura diffusa in vasta zona, anche di grosse dimensioni, nonostante la grana omogenea e fine.",4,41345,
Struttura della Pasta::grande fessura lunga circa 10cm il resto della mezza forma è regolare,Struttura della Pasta,"Grande fessura lunga circa 10cm, il resto della mezza forma è regolare","Pasta con una grande fessura lunga, il resto della sezione regolare.",4,48561,
Struttura della Pasta::grana grossolana,Struttura della Pasta,Grana grossolana,Pasta a grana grossolana.,28,29147,
Struttura della Pasta::una fessura che deprezza,Struttura della Pasta,Una fessura che deprezza,Pasta con una fessura.,4,49312,
Struttura della Pasta::forte microocchiatura su un lato,Struttura della Pasta,Forte microocchiatura su un lato,Pasta con microocchiatura diffusa su un lato.,4,514,
Struttura della Pasta::stirata e poca grana a tratti,Struttura della Pasta,Stirata e poca grana a tratti,Pasta stirata e poca grana a tratti.,4,25718,
Struttura della Pasta::pasta stirata e grana piatta,Struttura della Pasta,Pasta stirata e grana piatta,Pasta stirata con grana piatta.,4,44675,
Struttura della Pasta::stirata centrale microocchiatura,Struttura della Pasta,Stirata centrale microocchiatura,Pasta stirata al centro con microocchiatura.,4,44759,
Struttura della Pasta::fessura centrale di 3 cm,Struttura della Pasta,Fessura centrale di 3 cm,Pasta con fessura centrale pronunciata.,4,335,
Struttura della Pasta::grana grossa frattura media,Struttura della Pasta,"Grana grossa, frattura media.",Pasta con grana grossa e frattura media.,4,26028,
Struttura della Pasta::zona centrale con fitta microocchiatura su pasta rosa e in un punto pasta biancastra,Struttura della Pasta,Zona centrale con fitta microocchiatura su pasta rosa e in un punto pasta biancastra,"Pasta con fitta microocchiatura diffusa al centro, su fondo rosato con una zona biancastra.",4,50286,
Struttura della Pasta::stirata nella zona centrale,Struttura della Pasta,Stirata nella zona centrale,Pasta stirata al centro.,4,49879,
Struttura della Pasta::grana grossolana e frattura regolare,Struttura della Pasta,Grana grossolana e frattura regolare,Pasta a grana grossolana con frattura regolare.,4,22327,
Struttura della Pasta::stirata con microocchiature 1o 2 mm,Struttura della Pasta,Stirata con microocchiature 1o 2 mm,Pasta stirata con microocchiature.,4,41512,
Struttura della Pasta::striature centrali crepa vicino scalzo,Struttura della Pasta,"Striature centrali,crepa vicino scalzo",Pasta con striature centrali e crepa vicino allo scalzo.,4,25561,
Struttura della Pasta::struttura stirata con presenza di microocchiatura centrale che conferisce aspetto spugnoso,Struttura della Pasta,Struttura stirata con presenza di microocchiatura centrale che conferisce aspetto spugnoso,Pasta stirata con microocchiatura centrale che conferisce aspetto spugnoso.,8,29211,
Struttura della Pasta::sfoglia e micro bocciature centrali grana un poco' arrotondata,Struttura della Pasta,"Sfoglia e micro bocciature centrali, grana un poco' arrotondata","Pasta con sfoglia e microocchiature centrali, grana leggermente arrotondata.",4,9221,
Struttura della Pasta::struttura disomogenea con occhiatura e spacchi grana grossa,Struttura della Pasta,Struttura disomogenea con occhiatura e spacchi. Grana grossa,"Pasta disomogenea con occhiatura e spacchi, grana grossa.",4,18391,
Struttura della Pasta::nettamente stirato al centro occhiatura centrale anche di una certa dimensione frattura buona,Struttura della Pasta,Nettamente stirato al centro. Occhiatura centrale anche di una certa dimensione. Frattura buona,Pasta nettamente stirata al centro con occhiatura centrale di una certa dimensione e frattura buona.,4,5591,
Struttura della Pasta::disomogenea la struttura centro sx tende allo stirato centro dx migliore struttura ruotando la forma di 180° invertire sx con dx,Struttura della Pasta,Disomogenea la struttura. Centro sx tende allo stirato. Centro dx migliore struttura. Ruotando la forma di 180° invertire sx con dx,"Pasta disomogenea: il centro sinistro tende alla stiratura, il centro destro presenta migliore struttura.",4,42824,
Struttura della Pasta::fessura sottile,Struttura della Pasta,Fessura sottile,Pasta con fessura sottile.,4,48557,
Struttura della Pasta::grana e cristalli evidenti abbastanza sol,Struttura della Pasta,grana e cristalli evidenti abbastanza sol,Pasta con grana e cristalli abbastanza evidenti.,4,27402,
Struttura della Pasta::microocchiature e stiratura parte centrale,Struttura della Pasta,Microocchiature e stiratura parte centrale,Pasta con microocchiatura e stiratura nella parte centrale.,4,47509,
Struttura della Pasta::bella ma un poco' arrotondata,Struttura della Pasta,Bella ma un poco' arrotondata,Pasta bella ma leggermente arrotondata.,4,33961,
Struttura della Pasta::un grosso occhio,Struttura della Pasta,Un grosso occhio,Pasta con un grosso occhio.,4,455,
Struttura della Pasta::leggermente stirata in alcuni punti,Struttura della Pasta,Leggermente stirata in alcuni punti,Pasta leggermente stirata in alcuni punti.,4,47393,
Struttura della Pasta::frattura regolare grana grossolana cristalli piccoli,Struttura della Pasta,Frattura regolare grana grossolana cristalli piccoli,"Pasta con frattura regolare, grana grossolana e piccoli cristalli.",4,42473,
Struttura della Pasta::frattura abbastanza regolare,Struttura della Pasta,Frattura abbastanza regolare,Pasta con frattura abbastanza regolare.,4,23927,
Struttura della Pasta::stirata qualche piccola occhiatura disomogenea,Struttura della Pasta,"Stirata, qualche piccola occhiatura, disomogenea","Pasta stirata, con qualche piccola occhiatura e disomogenea.",4,13817,
Struttura della Pasta::lieve ma non trascurabile la micro occhiatura peccato,Struttura della Pasta,"Lieve, ma non trascurabile la micro occhiatura . Peccato",Pasta con leggera microocchiatura.,4,875,
Struttura della Pasta::micro e macroocchiature fessurazioni zone stirate,Struttura della Pasta,"Micro e macroocchiature, fessurazioni,zone stirate","Pasta con micro e macroocchiature, fessurazioni e zone stirate.",4,13743,
Struttura della Pasta::qualche occhietti e fessure nella zona di uno spigolo,Struttura della Pasta,Qualche occhietti e fessure nella zona di uno spigolo,Pasta con qualche piccola occhiatura e fessure in una zona d'angolo.,4,1733,
Struttura della Pasta::zone leggermente stirate,Struttura della Pasta,Zone leggermente stirate,Pasta con zone leggermente stirate.,4,42827,
Struttura della Pasta::bella la frattura microocchiatura rada e fine nella porzione centrale disomogenea per dittatura al centro tende a sfogliare,Struttura della Pasta,Bella la frattura. Microocchiatura rada e fine nella porzione centrale. Disomogenea per dittatura al centro. Tende a sfogliare,"Pasta con bella frattura, microocchiatura rada e fine nella porzione centrale, disomogenea per stiratura al centro e tendente a sfogliare.",4,9972,
Struttura della Pasta::microocchiature parte centrale grana abbastanza bella,Struttura della Pasta,"Microocchiature parte centrale, grana abbastanza bella",Pasta con microocchiature nella parte centrale e grana abbastanza bella.,4,14236,
Struttura della Pasta::sotto un piatto pasta scagliosa,Struttura della Pasta,Sotto un piatto pasta scagliosa,Pasta scagliosa nella zona sottostante.,4,51662,
Struttura della Pasta::buon taglio tre occhiatura visibili grandi 4 5 mm oltre ad altre più piccole diffuse grana omogenea per lo più in zone limitate stirata,Struttura della Pasta,"Buon taglio. Tre occhiatura visibili, grandi 4-5 mm, oltre ad altre più piccole diffuse. Grana omogenea per lo più, in zone limitate stirata","Pasta con tre occhiature visibili di dimensioni grandi, altre più piccole diffuse, grana omogenea con leggera stiratura in zone limitate.",4,47448,
Struttura della Pasta::frattura regolare assenza di impugnatura a eccezione di uno spigolo circa 3 cm,Struttura della Pasta,Frattura Regolare assenza di impugnatura a eccezione di uno spigolo circa 3 cm,"Pasta con frattura regolare e assenza di impugnatura, a eccezione di uno spigolo.",4,16779,
Struttura della Pasta::finissima microocchiatura struttura regolare,Struttura della Pasta,Finissima Microocchiatura Struttura Regolare,Pasta finissima con microocchiatura e struttura regolare.,4,41119,
Struttura della Pasta::pessima la parte centrale,Struttura della Pasta,Pessima la parte centrale,Pasta con struttura difettosa al centro.,4,852,
Struttura della Pasta::frattura abbastanza regolare presenti scaglie grosse e cristalli,Struttura della Pasta,"Frattura abbastanza regolare, presenti scaglie grosse e cristalli","Pasta con frattura abbastanza regolare, scaglie grosse e cristalli.",4,9890,
Struttura della Pasta::non do troppo peso a la lieve non diffusa microocchiatura,Struttura della Pasta,Non do troppo peso a la lieve non diffusa microocchiatura,Pasta con leggera microocchiatura non diffusa.,8,4428,
Struttura della Pasta::microocchiatura diffusa non regolare,Struttura della Pasta,Microocchiatura diffusa Non regolare,"Pasta con microocchiatura diffusa, non regolare.",4,9214,
Struttura della Pasta::leggermente stirata con qualche frattura,Struttura della Pasta,Leggermente stirata con qualche frattura,Pasta leggermente stirata con qualche frattura.,4,41400,
Struttura della Pasta::mo diffusa,Struttura della Pasta,Mo diffusa,Pasta con microocchiatura diffusa.,4,49122,
Struttura della Pasta::avvallamenti leggera stiratura a tratti anche bella disomogenea,Struttura della Pasta,"Avvallamenti, leggera stiratura, a tratti anche bella, disomogenea","Pasta con avvallamenti, leggera stiratura e disomogenea, a tratti bella.",8,29148,
Struttura della Pasta::solo una piccola fessura,Struttura della Pasta,Solo una piccola fessura,Pasta con una sola piccola fessura.,4,2325,
Struttura della Pasta::non omogenea granulosa,Struttura della Pasta,Non omogenea granulosa,Pasta non omogenea ma granulosa.,8,9382,
Struttura della Pasta::assistenza di grana nella parte centrale,Struttura della Pasta,Assistenza di grana nella parte centrale,Pasta con grana nella parte centrale.,4,4964,
Struttura della Pasta::omogenea con grana ben presente una frattura interna,Struttura della Pasta,"Omogenea con grana ben presente,una frattura interna!",Pasta omogenea con grana ben presente e una frattura interna.,4,7448,
Struttura della Pasta::frattura irregolare leggera striature,Struttura della Pasta,"Frattura irregolare, leggera striature",Pasta con frattura irregolare e leggere striature.,4,35664,
Struttura della Pasta::strano effetto,Struttura della Pasta,Strano effetto,NON_DESCRITTO,4,51123,
Struttura della Pasta::mezza forma presenta spacchi,Struttura della Pasta,Mezza forma presenta spacchi,Pasta con spacchi nella mezza forma.,4,2558,
Struttura della Pasta::evidente sfoglia di 4 cm frattura regolare,Struttura della Pasta,"Evidente sfoglia di 4 cm, frattura regolare",Pasta con frattura regolare e sfogliatura evidente.,4,5523,
Struttura della Pasta::microcchiature a zone,Struttura della Pasta,Microcchiature a zone,Pasta con microocchiatura a zone.,8,3367,
Struttura della Pasta::leggermente occhiata su metà forma,Struttura della Pasta,Leggermente occhiata su metà forma,Pasta leggermente occhiata su metà forma.,4,40364,
Struttura della Pasta::molto bella con frattura omogenea sebbene la grana è grossolana,Struttura della Pasta,Molto bella con frattura omogenea sebbene la grana è grossolana,Pasta con frattura omogenea e grana grossolana.,4,31807,
Struttura della Pasta::stirata,Struttura della Pasta,Stirata,Pasta stirata.,54,5592,
Struttura della Pasta::non omogeneo,Struttura della Pasta,Non omogeneo,Pasta non omogenea.,4,274,
Struttura della Pasta::microocchiatura non regolare non omogenea,Struttura della Pasta,Microocchiatura Non regolare Non omogenea,Pasta con microocchiatura non regolare e non omogenea.,4,11570,
Struttura della Pasta::omogenea e grintosa frattura buona,Struttura della Pasta,Omogenea e grintosa. Frattura buona,Pasta omogenea e granulosa con frattura regolare.,4,25559,
Struttura della Pasta::grana fine è stirata con frattura circolate con strappo,Struttura della Pasta,Grana fine è stirata con frattura circolate con strappo,"Pasta con grana fine e stirata, frattura circolare con strappo.",4,6052,
Struttura della Pasta::sembra disidratata,Struttura della Pasta,Sembra disidratata,Pasta dall'aspetto disidratato.,8,3502,
Struttura della Pasta::frattura non proprio regolare grana a tratti discreta in altri quasi stirata microocchiatura diffusa,Struttura della Pasta,"Frattura non proprio regolare, grana a tratti discreta, in altri quasi stirata, Microocchiatura diffusa","Pasta con frattura irregolare, grana a tratti discreta e in altri tratti quasi stirata, con microocchiatura diffusa.",4,41180,
Struttura della Pasta::frattura abbastanza regolare struttura stirata con fessure microocchiatura leggera e limitata,Struttura della Pasta,"Frattura abbastanza regolare, struttura stirata con fessure, microocchiatura leggera e limitata","Pasta con frattura abbastanza regolare, struttura stirata, fessure e microocchiatura leggera e limitata.",4,30851,
Struttura della Pasta::regolare omogenea non setata leggermente grossa,Struttura della Pasta,Regolare omogenea non setata leggermente grossa,"Pasta regolare, omogenea, non setata, con grana leggermente grossolana.",4,31875,
Struttura della Pasta::fine micro occhiatura diffusa su quasi tutta la superficie,Struttura della Pasta,Fine micro occhiatura diffusa su quasi tutta la superficie,Pasta fine con microocchiatura diffusa su quasi tutta la superficie.,8,3369,
Struttura della Pasta::microocc una fornitura grossolana,Struttura della Pasta,"Microocc, una fornitura, grossolana","Pasta con microocchiatura, una fessura e struttura grossolana.",4,42687,
Struttura della Pasta::spugna centrale con struttura ipoteticamente regolare,Struttura della Pasta,Spugna centrale con struttura ipoteticamente regolare,Pasta con struttura spugnosa al centro e regolare.,4,26096,
Struttura della Pasta::presenta una fessura molto fine che non no valutato,Struttura della Pasta,"Presenta una fessura molto fine che non no valutato ,",Pasta con una fessura molto fine.,4,4047,
Struttura della Pasta::qualche disomogeneità tra centro e zone periferiche presenza di un verso nella grana non giunge a stiratura,Struttura della Pasta,"Qualche disomogeneità tra centro e zone periferiche. Presenza di un verso nella grana, non giunge a stiratura","Pasta con qualche disomogeneità tra il centro e le zone periferiche, con verso nella grana che non giunge a stiratura.",4,26175,
Struttura della Pasta::ci sono occhi di media dimensione struttura della pasta non omogenea,Struttura della Pasta,Ci sono occhi di media dimensione. Struttura della pasta non omogenea,Pasta con occhiatura di media dimensione e struttura non omogenea.,4,12974,
Struttura della Pasta::taglio molto bello grana bella omogenea fine poche microcchiature,Struttura della Pasta,"Taglio molto bello. Grana bella, omogenea, fine. Poche microcchiature","Pasta con bella grana fine, omogenea, e poche microocchiature.",4,47224,
Struttura della Pasta::presenti numerose sfoglie e spacchi,Struttura della Pasta,Presenti numerose sfoglie e spacchi,Pasta con numerose striature e spacchi.,4,4244,
Struttura della Pasta::grossolana non omogenea nel sottocrosta avvallamento deciso creato alla rottura,Struttura della Pasta,"Grossolana, non omogenea nel sottocrosta, avvallamento deciso creato alla rottura","Pasta grossolana e non omogenea nel sottocrosta, con avvallamento deciso alla rottura.",8,29084,
Struttura della Pasta::granulosa regolare,Struttura della Pasta,Granulosa regolare,Pasta granulosa e regolare.,12,31879,
Struttura della Pasta::non omogenea ma granulosa,Struttura della Pasta,Non omogenea ma granulosa,Pasta non omogenea ma granulosa.,8,9298,
Struttura della Pasta::zone stirata microocchiatura,Struttura della Pasta,"Zone stirata, Microocchiatura",Pasta con zone stirate e microocchiatura.,4,5825,
Struttura della Pasta::striata e spugnosa,Struttura della Pasta,Striata e spugnosa,Pasta striata e spugnosa.,8,29209,
Struttura della Pasta::forse frattura non perfettamente regolare,Struttura della Pasta,Forse frattura non perfettamente regolare,Pasta con frattura non perfettamente regolare.,10,2168,
Struttura della Pasta::stirata centrale grossa grana,Struttura della Pasta,Stirata centrale grossa grana,Pasta stirata al centro con grana grossa.,4,34425,
Struttura della Pasta::frattura centrale di 6_7 cm,Struttura della Pasta,Frattura centrale di 6_7 cm,Pasta con frattura centrale di ampiezza pronunciata.,4,708,
Struttura della Pasta::grossolana qualche microocch,Struttura della Pasta,"Grossolana, qualche microocch",Pasta grossolana con qualche microocchiatura.,12,29594,
Struttura della Pasta::occhio da 1 cm microocchiatura diffusa su tutta la superficie fessure di 1 e 2 cm,Struttura della Pasta,"Occhio da 1 cm, microocchiatura diffusa su tutta la superficie, fessure di 1 e 2 cm",Pasta con occhiatura diffusa su tutta la superficie e fessure di varia ampiezza.,4,353,
Struttura della Pasta::microocchiatura soprattutto centrale,Struttura della Pasta,Microocchiatura soprattutto centrale,Pasta con microocchiatura soprattutto centrale.,4,13186,
Struttura della Pasta::qualche microocch strutt grossolana,Struttura della Pasta,"Qualche microocch, strutt grossolana",Pasta con qualche microocchiatura e struttura grossolana.,4,22414,
Struttura della Pasta::alone centrale,Struttura della Pasta,Alone centrale,Pasta con alone centrale.,4,3819,
Struttura della Pasta::poco granulosa,Struttura della Pasta,Poco granulosa,Pasta poco granulosa.,16,853,
Struttura della Pasta::bella frattura grana ben evidente con qualche zona meno bella,Struttura della Pasta,"Bella frattura, grana ben evidente con qualche zona meno bella","Pasta con bella frattura e grana ben evidente, qualche zona meno regolare.",4,21689,
Struttura della Pasta::buona struttura fine peccato le spaccature nel cuore taglio buono,Struttura della Pasta,"Buona struttura, fine. Peccato le spaccature nel cuore. Taglio buono",Pasta fine con buona struttura e spaccature nel cuore.,4,32416,
Struttura della Pasta::stirata centralmente grana leggera occhiatura sparse,Struttura della Pasta,Stirata centralmente grana leggera occhiatura sparse,"Pasta stirata al centro, grana leggera e occhiatura sparsa.",4,9980,
Struttura della Pasta::struttura strana falsamente granulosa impaccata,Struttura della Pasta,"Struttura strana, falsamente granulosa, impaccata","Pasta con struttura strana, falsamente granulosa e compatta.",4,51675,
Struttura della Pasta::stirata con qualche piccola frattura,Struttura della Pasta,Stirata con qualche piccola frattura,Pasta stirata con qualche piccola frattura.,2,46264,
Struttura della Pasta::omogenea grossa,Struttura della Pasta,Omogenea grossa,Pasta omogenea con grana grossolana.,4,7515,
Struttura della Pasta::frattura regolare grana a tratti ben strutturata a tratti grossolana,Struttura della Pasta,"Frattura regolare, grana a tratti ben strutturata a tratti grossolana","Pasta con frattura regolare, grana a tratti ben strutturata e a tratti grossolana.",4,42480,
Struttura della Pasta::grana fine peccato per ampia zona occhiata,Struttura della Pasta,Grana fine peccato per ampia zona occhiata,Pasta a grana fine con ampia zona occhiata.,4,9224,
Struttura della Pasta::ampia tiratura centrale ed bocciatura fine diffusa spacco non perfetto una fessurazione,Struttura della Pasta,Ampia tiratura centrale ed bocciatura fine diffusa. Spacco non perfetto. Una fessurazione,"Pasta con ampia stiratura centrale, microocchiatura fine diffusa e una fessurazione; frattura non perfetta.",4,20213,
Struttura della Pasta::frattura abbastanza regolare con grana media,Struttura della Pasta,Frattura abbastanza regolare con grana media,Pasta con frattura abbastanza regolare e grana media.,4,18312,
Struttura della Pasta::presenza di micro occhiatura non significativa,Struttura della Pasta,Presenza di micro occhiatura non significativa,Pasta con microocchiatura non significativa.,4,50203,
Struttura della Pasta::frattura con gobbe e grana un poco grossolana,Struttura della Pasta,Frattura con gobbe e grana un Poco grossolana,Pasta con frattura irregolare e grana poco grossolana.,4,24129,
Struttura della Pasta::in un quinto della sezione grana non sviluppata,Struttura della Pasta,"In un quinto della sezione, grana non sviluppata",Pasta con grana non sviluppata in una zona della sezione.,4,4904,
Struttura della Pasta::disomogenea fine è granulosa,Struttura della Pasta,Disomogenea fine è granulosa,"Pasta disomogenea, fine e granulosa.",4,16923,
Struttura della Pasta::frattura non bellissima ma pasta granulosa con grana abbastanza definita,Struttura della Pasta,"Frattura non bellissima ma pasta granulosa, con grana abbastanza definita",Pasta granulosa con grana abbastanza definita e frattura irregolare.,4,5829,
Struttura della Pasta::effetto grandioso qualche occhio 1 mm sparso e cristalli,Struttura della Pasta,Effetto grandioso qualche occhio 1 mm sparso e cristalli,Pasta dall'aspetto grandioso con qualche piccola occhiatura sparsa e cristalli.,4,11431,
Struttura della Pasta::struttura a scaglie su un lato,Struttura della Pasta,Struttura a Scaglie su un lato,Pasta con struttura a scaglie su un lato.,4,50679,
"Struttura della Pasta::stirata microocch una ""bolla",Struttura della Pasta,"Stirata, Microocch. , una ""bolla",Pasta stirata con microocchiatura e una piccola occhiatura.,4,42897,
Struttura della Pasta::sporca bruciata in parte,Struttura della Pasta,Sporca bruciata in parte,Pasta sporca e in parte bruciata.,4,48982,
Struttura della Pasta::micro occhiatina diffusa ma non spagnola,Struttura della Pasta,Micro occhiatina diffusa ma non spagnola,"Pasta con microocchiatura diffusa, non spagnola.",4,7444,
Struttura della Pasta::area con microocch frattura irregolare zone stirate,Struttura della Pasta,"Area con microocch, frattura irregolare, zone stirate","Pasta con microocchiatura in alcune aree, frattura irregolare e zone stirate.",4,47563,
Struttura della Pasta::non regolare strirata,Struttura della Pasta,Non regolare strirata,Pasta non regolare e stirata.,4,35659,
Struttura della Pasta::spugnatura diffusa con due occhi grandi oltre il cm,Struttura della Pasta,Spugnatura diffusa con due occhi grandi oltre il cm,Pasta con spugnatura diffusa e due occhiature grandi.,4,31955,
Struttura della Pasta::a tratti proprio non sviluppata piatta,Struttura della Pasta,"A tratti proprio non sviluppata, piatta",Pasta a tratti non sviluppata e piatta.,5,1475,
Struttura della Pasta::vistosa area spugnoso anche occhi molto grandi,Struttura della Pasta,Vistosa area spugnoso anche occhi molto grandi,Pasta con vistosa area spugnosa e occhi molto grandi.,4,13749,
Struttura della Pasta::leggera striatura,Struttura della Pasta,Leggera striatura,Pasta con leggera striatura.,8,2335,
Struttura della Pasta::grosso spacco centrale,Struttura della Pasta,Grosso spacco centrale,Pasta con un grosso spacco centrale.,4,2379,
Struttura della Pasta::frattura irregolare disomogenea,Struttura della Pasta,"Frattura irregolare, disomogenea",Pasta con frattura irregolare e disomogenea.,8,29530,
Struttura della Pasta::stiratura presente e grana grossolana,Struttura della Pasta,Stiratura presente e grana grossolana,Pasta stirata con grana grossolana.,4,7833,
Struttura della Pasta::grossa fenditura centrale,Struttura della Pasta,Grossa fenditura centrale,Pasta con una grossa fenditura centrale.,4,1131,
Struttura della Pasta::stirata e fratturata saponosa,Struttura della Pasta,"Stirata e fratturata, saponosa",Pasta stirata e fratturata.,4,25640,
Struttura della Pasta::microocchiatura molto forte stirata leggermente,Struttura della Pasta,"Microocchiatura molto forte, stirata leggermente",Pasta con microocchiatura molto pronunciata e leggermente stirata.,4,22236,
Struttura della Pasta::stirata quasi senza grana microocchiatura,Struttura della Pasta,"Stirata, quasi senza grana, Microocchiatura","Pasta stirata, quasi senza grana, con microocchiatura.",4,21870,
Struttura della Pasta::solubilità e friabilità moderato,Struttura della Pasta,solubilità e friabilità MODERATO,NON_DESCRITTO,4,27755,
Struttura della Pasta::grandiosa abbastanza regolare ma frattura a salti,Struttura della Pasta,"Grandiosa abbastanza regolare, ma frattura a salti","Pasta grandiosa abbastanza regolare, ma con frattura a salti.",4,11578,
Struttura della Pasta::microocch zone stirate,Struttura della Pasta,"Microocch, zone stirate",Pasta con microocchiatura e zone stirate.,4,13813,
Struttura della Pasta::leggermente stirato,Struttura della Pasta,Leggermente stirato,Pasta leggermente stirata.,8,29465,
Struttura della Pasta::molteplici occhiature centrali inferiori a 1 mm2,Struttura della Pasta,Molteplici occhiature centrali inferiori a 1 mm2,Pasta con molteplici occhiature centrali piccole.,2,46352,
Struttura della Pasta::peccato per fessura,Struttura della Pasta,Peccato per fessura,Pasta con fessura.,8,328,
Struttura della Pasta::poco solubile tende a essere pastoso,Struttura della Pasta,"poco solubile, tende a essere pastoso",NON_DESCRITTO,4,27899,
Struttura della Pasta::molto grossolana con spaccatura evidente e leggera stiratura,Struttura della Pasta,Molto grossolana con spaccatura evidente ...e leggera stiratura,Pasta molto grossolana con spaccatura evidente e leggera stiratura.,4,40437,
Struttura della Pasta::non omogenea anche la frattura nel complesso grana positiva,Struttura della Pasta,Non omogenea anche la frattura nel complesso grana positiva,"Pasta non omogenea con frattura irregolare, grana positiva nel complesso.",4,15410,
Struttura della Pasta::stirata con qualche occhietti sparso,Struttura della Pasta,Stirata con qualche occhietti sparso,Pasta stirata con qualche piccola occhiatura sparsa.,4,30798,
Struttura della Pasta::grana disomogenea quasi stirata al centro più regolare ai bordi frattura regolare due strappi,Struttura della Pasta,"Grana disomogenea, quasi stirata al centro, più regolare ai bordi. Frattura regolare. Due strappi.","Pasta con grana disomogenea, quasi stirata al centro e più regolare ai bordi, frattura regolare e due strappi.",4,17394,
Struttura della Pasta::compatta stirata senza grana,Struttura della Pasta,"Compatta, stirata, senza grana","Pasta compatta e stirata, senza grana.",4,9472,
Struttura della Pasta::pasta non granulosa compatta e stirata con fessura interna,Struttura della Pasta,"Pasta non granulosa, compatta e stirata, con fessura interna","Pasta non granulosa, compatta e stirata, con fessura interna.",4,24344,
Struttura della Pasta::frattura irregolare are disomogenea grossolana tendente allo stirato,Struttura della Pasta,Frattura irregolare!are Disomogenea grossolana tendente allo stirato,"Pasta con frattura irregolare, disomogenea, grossolana e tendente allo stirato.",4,16846,
Struttura della Pasta::frattura profonda grana fine microocchiatura zona centrale fessura,Struttura della Pasta,Frattura profonda grana fine microocchiatura zona centrale fessura,"Pasta con frattura profonda, grana fine, microocchiatura e fessura nella zona centrale.",4,42691,
Struttura della Pasta::strappo ma bella grana,Struttura della Pasta,"Strappo, ma bella grana",Pasta con strappo ma bella grana.,4,20532,
Struttura della Pasta::struttura non omogenea frattura irregolare,Struttura della Pasta,Struttura non omogenea Frattura irregolare,Pasta con struttura non omogenea e frattura irregolare.,4,9891,
Struttura della Pasta::frattura ok ma presenza di spacco grana non molto profilata,Struttura della Pasta,"Frattura ok ma presenza di spacco, grana non molto profilata","Pasta con frattura regolare ma presenza di spacco, grana non molto profilata.",4,5521,
Struttura della Pasta::irregolare striature e occhiatura,Struttura della Pasta,Irregolare striature e occhiatura,"Pasta con struttura irregolare, striature e occhiatura.",4,20404,
Struttura della Pasta::grana bella non del tutto uniforme lato con occhiatura diffusa e grossolana che trovi anche in altre zone,Struttura della Pasta,Grana bella non del tutto uniforme lato con occhiatura diffusa e grossolana che trovi anche in altre zone,"Pasta con bella grana non del tutto uniforme, occhiatura diffusa e grossolana diffusa anche in altre zone.",4,40368,
Struttura della Pasta::frattura regolare pochi cristalki bianchi grossi e ben visibili,Struttura della Pasta,"Frattura regolare, pochi cristalki bianchi grossi e ben visibili","Pasta con frattura regolare, pochi cristalli bianchi grossi e ben visibili.",4,18781,
Struttura della Pasta::frattura un poco irregolare ma struttura non molto bella con qualche zona tendente allo stirato,Struttura della Pasta,"Frattura un Poco irregolare ma struttura non molto bella, con qualche zona tendente allo stirato","Pasta con frattura poco irregolare e struttura non molto bella, con qualche zona tendente allo stirato.",4,26181,
Struttura della Pasta::frattura regolare una crepa grana omogenea grossolana,Struttura della Pasta,"Frattura regolare, una crepa,grana omogenea grossolana","Pasta con frattura regolare, una crepa e grana omogenea grossolana.",4,47226,
Struttura della Pasta::frattura regolare struttura omogenea grana fine,Struttura della Pasta,"Frattura regolare, struttura omogenea, grana fine","Pasta con frattura regolare, struttura omogenea e grana fine.",4,18854,
Struttura della Pasta::non omogenea in parte granulosa in parte meno,Struttura della Pasta,"Non omogenea, in parte Granulosa, in parte meno","Pasta non omogenea, in parte granulosa e in parte meno granulosa.",4,15527,
Struttura della Pasta::frattura non bellissima pasta granulosa con una bella struttura,Struttura della Pasta,"Frattura non bellissima, pasta granulosa con una bella struttura",Pasta granulosa con frattura irregolare e struttura compatta.,4,5906,
Struttura della Pasta::grana grossolana 1 frattura 2 cm e un occhio 8 mm diametro,Struttura della Pasta,Grana grossolana 1 frattura 2 cm e un occhio 8 mm diametro,"Pasta con grana grossolana, una frattura e un'occhiatura di medie dimensioni.",4,21771,
Struttura della Pasta::disomogeneità,Struttura della Pasta,Disomogeneità,Pasta disomogenea.,4,37446,
Struttura della Pasta::bella grana sia grossolana che fine frattura omogenea,Struttura della Pasta,Bella grana sia grossolana che fine. Frattura omogenea.,Pasta con bella grana sia grossolana che fine e frattura omogenea.,4,35608,
Struttura della Pasta::frattura irregolare micro occhiatura più grossa allo esterno e fine al centro con grande da alla stiratura,Struttura della Pasta,Frattura irregolare Micro occhiatura Più grossa allo esterno e fine al centro con grande da alla stiratura,"Pasta con frattura irregolare, microocchiatura, più grossolana all'esterno e fine al centro con grande stiratura.",4,12900,
Struttura della Pasta::singolo occhio da oltre 1cm con adiacente fessura da oltre 4cm,Struttura della Pasta,Singolo occhio da oltre 1cm con adiacente fessura da oltre 4cm,Pasta con un grande occhio e adiacente una fessura pronunciata.,4,51780,
Struttura della Pasta::stiratina al centro e microcchiata,Struttura della Pasta,Stiratina al centro e microcchiata,Pasta con leggera stiratura al centro e microocchiatura.,4,11642,
Struttura della Pasta::fitta microocchiatura 1 mm su tutta la forma in un lato più grandi 2 mm al centro da effetto spugna,Struttura della Pasta,Fitta microocchiatura 1 mm su tutta la forma in un lato più grandi 2 mm al centro da effetto spugna,"Pasta con fitta microocchiatura diffusa, più grande al centro, che conferisce un aspetto spugnoso.",4,40290,
Struttura della Pasta::grana nella struttura centrale occhiatura centrale su macchia rosa frattura regolare,Struttura della Pasta,Grana nella struttura centrale occhiatura centrale su macchia rosa frattura regolare,"Pasta con grana nella struttura centrale, occhiatura centrale e frattura regolare; macchia rosa presente.",4,33809,
Struttura della Pasta::microocchiatura granulosa non omogenea disomogenea,Struttura della Pasta,Microocchiatura Granulosa non omogenea Disomogenea,Pasta granulosa con microocchiatura e disomogenea.,4,30700,
Struttura della Pasta::un singolo occhio di circa 5mm,Struttura della Pasta,Un singolo occhio di circa 5mm,Pasta con un singolo occhio di piccole dimensioni.,4,697,
Struttura della Pasta::microocchiatura al centro che rende la pasta quasi spugnosa,Struttura della Pasta,Microocchiatura al centro che rende la pasta quasi spugnosa,Pasta con microocchiatura al centro che la rende quasi spugnosa.,4,1796,
Struttura della Pasta::abbastanza regolare ed omogenea,Struttura della Pasta,Abbastanza regolare ed omogenea,Pasta abbastanza regolare e omogenea.,4,1282,
Struttura della Pasta::frattura molto regolare assenza di impugnatura a eccezione di uno spigolo e in un area molto ristretta 2 cm circa presenza di cristalli grossi pasta a grana grossa,Struttura della Pasta,"Frattura molto regolare, assenza di impugnatura a eccezione di uno spigolo e in un area molto ristretta 2 cm circa. Presenza di cristalli grossi, pasta a grana grossa","Pasta con frattura molto regolare, assenza di impugnatura eccetto in un'area ristretta, presenza di cristalli grossi e grana grossa.",4,17010,
Struttura della Pasta::frattura abbastanza inregolare,Struttura della Pasta,Frattura abbastanza inregolare,Pasta con frattura abbastanza irregolare.,4,6062,
Struttura della Pasta::frattura irregolare impugnatura evidente centralmente bocciatura media grosda,Struttura della Pasta,Frattura irregolare impugnatura evidente centralmente bocciatura media grosda,"Pasta con frattura irregolare, impugnatura evidente al centro e bocciatura media grossolana.",4,5600,
Struttura della Pasta::poche e piccole microcchiature bella frattura grana non finissima ma regolare,Struttura della Pasta,Poche e piccole microcchiature. Bella frattura. Grana non finissima ma regolare,"Pasta con poche e piccole microocchiature, bella frattura e grana regolare.",4,15972,
Struttura della Pasta::frattura abbastanza regolare grana fine quasi omogenea,Struttura della Pasta,"Frattura abbastanza regolare, grana fine quasi omogenea",Pasta con frattura abbastanza regolare e grana fine quasi omogenea.,4,16778,
Struttura della Pasta::frattura grossolana bella grana,Struttura della Pasta,Frattura grossolana bella grana,Pasta con frattura grossolana e bella grana.,4,24136,
Struttura della Pasta::granulosa abbastanza regolare,Struttura della Pasta,Granulosa abbastanza regolare,Pasta abbastanza regolare e granulosa.,4,15639,
