dedup_key,attribute,caption_pre,frequency,sample_row_id
Profumo::crauti,Profumo,Crauti,34,0
Sapore::leggermente acido amaro,Sapore,Leggermente Acido amaro,4,1
Aroma::yogurt,Aroma,Yogurt,4,2
Texture::impasta la bocca,Texture,Impasta la bocca,4,3
Spessore della Crosta::colore di fondo carico si nota meno il sottocrosta,Spessore della Crosta,Colore di fondo carico si nota meno il sottocrosta,4,4
Spessore della Crosta::alto spessore,Spessore della Crosta,Alto spessore,4,5
Struttura della Pasta::fine è stirata in centro grossolana verso scalzo,Struttura della Pasta,Fine è stirata in centro grossolana verso scalzo,4,6
Colore della Pasta::macchia alone centrale rosato,Colore della Pasta,Macchia alone centrale rosato,4,7
Colore della Pasta::più che macchie è striscia rosata,Colore della Pasta,Più che macchie è striscia rosata,4,8
Sapore::leggermente acido,Sapore,Leggermente acido,68,10
Struttura della Pasta::effetto a scaglie in alcune zone,Struttura della Pasta,Effetto a scaglie in alcune zone,4,11
Struttura della Pasta::impercettibile micro occhiatura centrale,Struttura della Pasta,Impercettibile micro Occhiatura centrale,4,12
Colore della Pasta::solo leggero alone,Colore della Pasta,Solo leggero alone...,4,13
Profumo::al primo impatto non buono,Profumo,Al primo impatto non buono,4,14
Sapore::anonimo poco intenso,Sapore,Anonimo poco intenso,4,15
Texture::fastidioso in bocca,Texture,Fastidioso in bocca,4,16
Struttura della Pasta::profonde fratture sotto 1piattone una grande da sotto l'altro,Struttura della Pasta,Profonde fratture sotto 1piattone una grande da Sotto l'altro,4,17
Struttura della Pasta::fessure enormi,Struttura della Pasta,Fessure enormi,4,18
Struttura della Pasta::tutta spaccata,Struttura della Pasta,Tutta spaccata,4,19
Struttura della Pasta::fessure profonde,Struttura della Pasta,Fessure profonde!,4,20
Struttura della Pasta::lunghe e profonde fessure longitudinali,Struttura della Pasta,Lunghe e profonde fessure longitudinali,4,21
Colore della Pasta::aree non belle come colore,Colore della Pasta,Aree non belle come colore,4,22
Sapore::poco espressivo,Sapore,Poco espressivo,4,23
Aroma::burro fresco note lattiche prevalenti poco complesso,Aroma,"Burro fresco, note lattiche prevalenti, poco complesso",4,24
Texture::quasi troppi cristalli,Texture,Quasi troppi cristalli...,4,25
Struttura della Pasta::tende a fare piccole scaglie,Struttura della Pasta,Tende a fare piccole scaglie,4,26
Struttura della Pasta::grana di diversa granulosita,Struttura della Pasta,Grana di diversa granulosita,4,27
Struttura della Pasta::peccato per irregolarità di frattura,Struttura della Pasta,Peccato per irregolarità di frattura,4,28
Colore della Pasta::leggero alone centrale,Colore della Pasta,Leggero alone centrale,40,29
Sapore::bella persistenza,Sapore,Bella persistenza,4,30
Aroma::sembra grana abbastanza giovane,Aroma,Sembra grana abbastanza giovane,4,31
Spessore della Crosta::omogeneo,Spessore della Crosta,Omogeneo,8,32
Spessore della Crosta::però crosta fine,Spessore della Crosta,Però crosta fine,4,33
Struttura della Pasta::in centro più fine,Struttura della Pasta,In centro più fine,4,34
Struttura della Pasta::bella anche abbastanza regolare,Struttura della Pasta,Bella anche abbastanza regolare,4,35
Colore della Pasta::alone molto grande,Colore della Pasta,Alone molto grande,4,37
Profumo::forte,Profumo,Forte,4,38
Profumo::odore chimico tipo colpa o simili,Profumo,Odore chimico tipo colpa o simili,4,39
Profumo::polvere,Profumo,Polvere,16,40
Profumo::banana verde,Profumo,Banana verde,4,41
Aroma::sa di malga,Aroma,Sa di malga,4,42
Aroma::non piacevole con persistenza elevata,Aroma,Non piacevole con persistenza elevata,4,43
Texture::consistenza strana,Texture,Consistenza strana,4,44
Spessore della Crosta::alone disidratato sotto crosta confonde,Spessore della Crosta,Alone disidratato Sotto crosta confonde,4,45
Struttura della Pasta::forse il voto dato va diminuito di 1,Struttura della Pasta,Forse il voto dato va diminuito di 1!,4,46
Struttura della Pasta::piccoli occhi misti a un micro occhiatura diffusa fessure di circa 3 4cm,Struttura della Pasta,"Piccoli occhi misti a un micro Occhiatura diffusa, fessure di circa 3-4cm",4,47
Profumo::intensità bassa,Profumo,Intensità bassa,8,192
Sapore::poco saporito ma equilibrato,Sapore,"Poco saporito, ma equilibrato",4,193
Struttura della Pasta::pare molto asciutta,Struttura della Pasta,Pare molto asciutta,4,194
Profumo::leggero,Profumo,Leggero,72,195
Profumo::poco intenso manca tra i commenti,Profumo,Poco intenso manca tra i commenti?,4,196
Aroma::leggerissimo,Aroma,Leggerissimo,16,197
Aroma::dado molto concentrato,Aroma,"Dado, molto concentrato",4,198
Spessore della Crosta::diverso tra i due scalzi,Spessore della Crosta,Diverso tra i due scalzi,4,199
Spessore della Crosta::spesso,Spessore della Crosta,Spesso,12,200
Colore della Pasta::1 macchia centrale,Colore della Pasta,1 macchia centrale,4,201
Profumo::correggi fieno non meno 1 ma più 0 2,Profumo,Correggi fieno non meno 1 ma più 0.2,4,202
Profumo::poco intenso,Profumo,Poco intenso,40,203
Aroma::intensità bassa,Aroma,Intensità bassa,4,204
Colore della Pasta::alone tendente al rosato,Colore della Pasta,Alone tendente al rosato,8,205
Profumo::ottima intensità,Profumo,Ottima intensità,4,206
Aroma::poco intenso,Aroma,Poco intenso,16,208
Struttura della Pasta::effetto a scaglie,Struttura della Pasta,Effetto a scaglie,8,210
Profumo::solo all'apertura odore stantio,Profumo,Solo all'apertura odore stantio,4,268
Profumo::buona intensità,Profumo,Buona intensità,32,269
Profumo::complesso,Profumo,Complesso,4,270
Struttura della Pasta::presenza di pasta tendente al ruvido su un lato,Struttura della Pasta,Presenza di pasta tendente al ruvido su un lato,4,271
Struttura della Pasta::coesistono strutture diverse,Struttura della Pasta,Coesistono strutture diverse,4,273
Struttura della Pasta::non omogeneo,Struttura della Pasta,Non omogeneo,4,274
Struttura della Pasta::leggerissima spugnatura centrale appena visibile,Struttura della Pasta,Leggerissima spugnatura centrale appena visibile,4,275
Profumo::moderata intensità,Profumo,Moderata intensità,26,276
Profumo::paglia,Profumo,Paglia,8,277
Sapore::molto amaro,Sapore,Molto amaro,12,278
Aroma::leggero sentore finale di stalla,Aroma,Leggero sentore finale di stalla,8,279
Texture::anche buona solubilità peccato per asciutto,Texture,Anche buona solubilità! Peccato per asciutto,8,280
Spessore della Crosta::spessore non eccessivo sotto i piatti ma colore molto carico tendente al marrone rossiccio,Spessore della Crosta,Spessore non eccessivo sotto i piatti ma Colore molto carico tendente al marrone rossiccio,8,281
Struttura della Pasta::grassa,Struttura della Pasta,Grassa...,20,282
Struttura della Pasta::grana grossolana intesa negativamente,Struttura della Pasta,Grana grossolana intesa negativamente,8,283
Struttura della Pasta::peccato per occhi,Struttura della Pasta,Peccato per occhi ...,8,284
Struttura della Pasta::occhio da 8 mm e 3 mm,Struttura della Pasta,Occhio da 8 mm e 3 mm,8,285
Colore della Pasta::più carico in certe zone,Colore della Pasta,Più carico in certe zone,8,286
Colore della Pasta::una macchia giallo rosato,Colore della Pasta,Una macchia giallo rosato,8,287
Profumo::alcool,Profumo,Alcool,24,309
Aroma::farmacia,Aroma,Farmacia,4,310
Spessore della Crosta::colore sottoscritta diverso rossastro sotto scalzo e grigio sotto i piatti,Spessore della Crosta,Colore sottoscritta diverso rossastro sotto scalzo e grigio sotto i piatti,4,311
Struttura della Pasta::strana frattura ondulata e sotto crosta dsidratato,Struttura della Pasta,Strana frattura ondulata e sotto crosta dsidratato,4,312
Struttura della Pasta::1 fessura,Struttura della Pasta,1 fessura,4,313
Struttura della Pasta::fessura di 2 cm,Struttura della Pasta,Fessura di 2 cm,4,314
Colore della Pasta::qualche sfumatura verde,Colore della Pasta,Qualche sfumatura verde,4,315
Profumo::molto intenso ma in negativo mi ricorda una essenza come il fieno greco comunque pungente,Profumo,Molto intenso ma in negativo....mi ricorda una essenza come il fieno greco...comunque pungente,4,324
Sapore::equilibrio strano poco carattere,Sapore,"Equilibrio strano, poco carattere",4,325
Texture::leggermente pastoso,Texture,Leggermente pastoso,8,326
Struttura della Pasta::2 fessure,Struttura della Pasta,2 fessure,4,327
Struttura della Pasta::peccato per fessura,Struttura della Pasta,Peccato per fessura,8,328
Struttura della Pasta::due piccole fessure da 1 cm,Struttura della Pasta,Due piccole fessure da 1 cm,4,329
Sapore::pungente in bocca,Sapore,Pungente in bocca,4,330
Texture::controverso,Texture,Controverso,4,331
Spessore della Crosta::colore sotto crosta meno carico su un piatto,Spessore della Crosta,Colore sotto crosta meno carico su un piatto,4,332
Struttura della Pasta::tagliata storta tante scaglie,Struttura della Pasta,Tagliata storta tante scaglie,4,333
Struttura della Pasta::striata al centro,Struttura della Pasta,Striata al centro,4,334
Struttura della Pasta::fessura centrale di 3 cm,Struttura della Pasta,Fessura centrale di 3 cm,4,335
Sapore::poco intenso,Sapore,Poco intenso...,8,348
Aroma::burro cotto,Aroma,Burro cotto,22,349
Aroma::persistente,Aroma,Persistente,4,350
Struttura della Pasta::microcchiature molto diffusa un grappolo di occhi frattura strana,Struttura della Pasta,Microcchiature molto diffusa un grappolo di occhi frattura strana,4,351
Struttura della Pasta::pessima,Struttura della Pasta,Pessima,8,352
Struttura della Pasta::occhio da 1 cm microocchiatura diffusa su tutta la superficie fessure di 1 e 2 cm,Struttura della Pasta,"Occhio da 1 cm, microocchiatura diffusa su tutta la superficie, fessure di 1 e 2 cm",4,353
Profumo::all'apertura odore stagnante poi non si sente,Profumo,All'apertura odore stagnante poi non si sente,4,452
Sapore::un pochetto amaro umami latitante,Sapore,Un pochetto amaro. Umami latitante,4,454
Struttura della Pasta::un grosso occhio,Struttura della Pasta,Un grosso occhio,4,455
Struttura della Pasta::leggera la microocchiatura,Struttura della Pasta,Leggera la Microocchiatura,4,456
Colore della Pasta::fascia più chiara,Colore della Pasta,Fascia più chiara,4,457
Profumo::non buono,Profumo,Non buono,4,458
Sapore::non ci siamo,Sapore,Non ci siamo,4,459
Aroma::aggressivo e persistente,Aroma,Aggressivo e persistente !!!,4,460
Texture::pessima,Texture,Pessima,4,461
Struttura della Pasta::microcchiature minime,Struttura della Pasta,Microcchiature minime,4,462
Struttura della Pasta::rada microocchiatura,Struttura della Pasta,Rada microocchiatura,4,463
Colore della Pasta::macchia rosa centrale abbastanza grande,Colore della Pasta,Macchia rosa centrale abbastanza grande,4,464
Profumo::complesso e piacevole,Profumo,Complesso e piacevole,4,465
Profumo::gomma,Profumo,gomma,4,466
Sapore::contrasto dolce amaro,Sapore,Contrasto dolce amaro,4,467
Texture::leggermente asciutto,Texture,Leggermente asciutto,56,468
Colore della Pasta::alone centrale rosato,Colore della Pasta,Alone centrale rosato,20,469
Colore della Pasta::alone leggero,Colore della Pasta,Alone leggero,18,470
Sapore::scarno non pieno,Sapore,"Scarno, non pieno",12,490
Sapore::leggermente acre in gola,Sapore,Leggermente acre in gola,4,491
Texture::media solvibilità e friabilità,Texture,Media solvibilità e friabilità,4,492
Struttura della Pasta::sotto un piatto effetto a scaglie,Struttura della Pasta,Sotto un piatto effetto a scaglie,4,493
Struttura della Pasta::stirata al centro,Struttura della Pasta,Stirata al centro,12,494
Struttura della Pasta::il centro è striato,Struttura della Pasta,Il centro è striato,4,495
Colore della Pasta::alone molto evidente arancio rosato,Colore della Pasta,Alone molto evidente arancio rosato,4,496
Colore della Pasta::alone netto e concentrato al cuore,Colore della Pasta,Alone netto e concentrato al cuore,4,497
Profumo::profumo fresco,Profumo,Profumo fresco,4,498
Profumo::peccato presenza nota polverosa,Profumo,Peccato presenza nota polverosa,4,499
Aroma::crosta cotta,Aroma,Crosta cotta,4,500
Aroma::non equilibrato,Aroma,Non equilibrato,4,501
Texture::strana consistenza,Texture,Strana consistenza,4,502
Struttura della Pasta::occhietti diffusi più verso esterno interno so,Struttura della Pasta,Occhietti diffusi più verso esterno interno so,4,503
Struttura della Pasta::microocchiatura anche sulla crosta,Struttura della Pasta,Microocchiatura anche sulla crosta,4,504
Struttura della Pasta::microocchiatura anche nella crosta,Struttura della Pasta,Microocchiatura anche nella crosta,4,505
Struttura della Pasta::senza struttura,Struttura della Pasta,Senza struttura,4,506
Profumo::qualcosa di non ottimale che non so definire,Profumo,Qualcosa di non ottimale che non so definire,4,508
Aroma::crosta meno fastidiosa che al profumo,Aroma,Crosta meno fastidiosa che al profumo,4,509
Aroma::anche leggera ossidazione,Aroma,Anche leggera ossidazione,4,510
Texture::interessante anche se asciutta,Texture,Interessante anche se asciutta,4,511
Struttura della Pasta::area centrale verso un sottopiatto ruvida tipo carta vetro,Struttura della Pasta,Area centrale verso un sottopiatto ruvida TIPO CARTA VETRO,4,512
Struttura della Pasta::microcchiature laterale,Struttura della Pasta,Microcchiature laterale,4,513
Struttura della Pasta::forte microocchiatura su un lato,Struttura della Pasta,Forte microocchiatura su un lato,4,514
Struttura della Pasta::struttura bella ma disomogenea con una grossa parte microcchiata,Struttura della Pasta,Struttura bella ma disomogenea con una grossa parte microcchiata,4,515
Struttura della Pasta::va abbassato il voto di 1 sembra sabbia bagnata una parte però bella,Struttura della Pasta,Va abbassato il voto di 1! Sembra sabbia bagnata. Una parte però bella,4,516
Struttura della Pasta::la forma se ora divisa esattamente in 3 parti due con grana fine ed omogenea una con microocchiatura evident4 che la sembrate spugnosa,Struttura della Pasta,"La forma se!ora divisa esattamente in 3 parti, due con grana fine ed omogenea, una con microocchiatura evident4 che la sembrate spugnosa",4,517
Colore della Pasta::abbastanza omogenea,Colore della Pasta,abbastanza omogenea,8,518
Profumo::alla prima olfazione odore anomalo di altro formaggio quantomeno,Profumo,"Alla prima olfazione odore anomalo, di altro formaggio quantomeno.",4,692
Sapore::amaro e salato prevalenti,Sapore,Amaro e salato prevalenti,4,693
Sapore::leggere sensazioni di amaro e piccante,Sapore,Leggere sensazioni di amaro e piccante!,4,694
Texture::scricchiola ma non per cristalli,Texture,Scricchiola ma non per cristalli,4,695
Struttura della Pasta::presenza di un occhio da 5 mm,Struttura della Pasta,Presenza di un occhio da 5 mm,4,696
Struttura della Pasta::un singolo occhio di circa 5mm,Struttura della Pasta,Un singolo occhio di circa 5mm,4,697
Profumo::liquirizia,Profumo,Liquirizia,24,704
Sapore::appena troppo salato,Sapore,Appena troppo salato,4,705
Aroma::persistenza elevata,Aroma,Persistenza elevata,4,706
Texture::solo leggermente asciutto o pastoso,Texture,Solo leggermente asciutto o pastoso,4,707
Struttura della Pasta::frattura centrale di 6_7 cm,Struttura della Pasta,Frattura centrale di 6_7 cm,4,708
Struttura della Pasta::grossa fessura centrale,Struttura della Pasta,Grossa fessura centrale,4,710
Struttura della Pasta::peccato per fratturavevidente,Struttura della Pasta,Peccato per fratturavevidente,4,711
Struttura della Pasta::fessura centrale di 6 cm,Struttura della Pasta,Fessura centrale di 6 cm,4,712
Colore della Pasta::alone molto evidente,Colore della Pasta,Alone molto evidente,4,713
Sapore::non dolce un pochetto troppo salato,Sapore,Non dolce. Un pochetto troppo salato,4,724
Aroma::non piacevole persisrente,Aroma,Non piacevole persisrente,4,725
Texture::ingrossa un pochetto,Texture,Ingrossa un pochetto,4,726
Texture::molto compatto,Texture,Molto compatto,12,727
Spessore della Crosta::un sottocrosta tendente al verde,Spessore della Crosta,Un sottocrosta tendente al verde,4,728
Struttura della Pasta::parte centrale non strutturata,Struttura della Pasta,Parte centrale non strutturata,4,729
Profumo::polvere pungente,Profumo,"Polvere, pungente",4,730
Profumo::peccato per bruciato,Profumo,Peccato per bruciato,8,731
Sapore::troppo sale,Sapore,Troppo sale,20,732
Sapore::solo un poco' sapido,Sapore,Solo un poco' sapido.,4,733
Spessore della Crosta::>1cm,Spessore della Crosta,>1cm,4,734
Struttura della Pasta::sotto un piatto molte piccole fratture,Struttura della Pasta,Sotto un piatto molte piccole fratture,8,735
Colore della Pasta::non paglierino ma chiaro,Colore della Pasta,"Non paglierino, ma chiaro",8,736
Profumo::yogurt alla frutta,Profumo,Yogurt alla frutta,4,808
Sapore::leggero piccante e sapido,Sapore,Leggero piccante e sapido,4,809
Aroma::lievissimo,Aroma,Lievissimo,8,810
Texture::ingozza nel finale,Texture,ingozza nel finale,4,811
Texture::bella struttura,Texture,Bella struttura,4,812
Struttura della Pasta::nel commento sottoscala disidratato intendo disidratazione però più nei piatti,Struttura della Pasta,Nel commento sottoscala disidratato intendo disidratazione però più nei piatti,4,813
Colore della Pasta::non proprio paglierino,Colore della Pasta,Non proprio paglierino,12,814
Profumo::kiwi,Profumo,Kiwi...,12,822
Aroma::nota citrica,Aroma,Nota citrica,4,823
Aroma::cioccolata,Aroma,Cioccolata,4,824
Texture::solo un poco’ tenero,Texture,solo un poco’ tenero,4,825
Texture::leggermente tenero ma bella struttura,Texture,Leggermente tenero ma bella struttura,4,826
Struttura della Pasta::peccato la frattura,Struttura della Pasta,Peccato la frattura,4,827
Sapore::non dolce,Sapore,Non dolce,32,828
Sapore::amaro il retrogusto e dolce come i bresso,Sapore,Amaro il retrogusto e dolce come i Bresso!,4,829
Aroma::nocciola piacevole,Aroma,Nocciola piacevole,4,830
Struttura della Pasta::molto irregolare struttura dall'inesistente al grossolano,Struttura della Pasta,Molto irregolare. Struttura dall'inesistente al grossolano,4,831
Struttura della Pasta::poca grana,Struttura della Pasta,Poca grana,8,832
Struttura della Pasta::zone spagnole molto estese al centro della forma,Struttura della Pasta,Zone spagnole molto estese al centro della forma,4,833
Colore della Pasta::sotto un piatto zona di pasta disidratata,Colore della Pasta,Sotto un piatto zona di pasta disidratata,4,834
Sapore::non grana,Sapore,Non grana,12,848
Sapore::leggera prevalenza,Sapore,Leggera prevalenza,4,849
Aroma::molto leggero,Aroma,Molto leggero,4,850
Struttura della Pasta::pessima la parte centrale,Struttura della Pasta,Pessima la parte centrale,4,852
Struttura della Pasta::poco granulosa,Struttura della Pasta,Poco granulosa,16,853
Struttura della Pasta::fessure leggere stirata,Struttura della Pasta,Fessure leggere! Stirata?,4,854
Profumo::funghi,Profumo,Funghi,4,863
Profumo::peccato per leggera nota bruciata,Profumo,Peccato per leggera nota bruciata,4,865
Sapore::riequilibrare nel complesso senza prevalenza forse note acide,Sapore,Riequilibrare nel complesso senza prevalenza... Forse note acide!,4,866
Aroma::funghi non gradevole e lievi,Aroma,"Funghi, non gradevole e lievi",4,867
Aroma::medio,Aroma,Medio!,4,868
Texture::compatto,Texture,Compatto,90,869
Colore della Pasta::riflessi verdognoli,Colore della Pasta,Riflessi verdognoli,4,870
Profumo::lievi intensità,Profumo,Lievi intensità,4,871
Profumo::alcol,Profumo,Alcol,8,872
Aroma::lieve,Aroma,Lieve,12,873
Texture::molto tenero,Texture,Molto tenero,12,874
Struttura della Pasta::lieve ma non trascurabile la micro occhiatura peccato,Struttura della Pasta,"Lieve, ma non trascurabile la micro occhiatura . Peccato",4,875
Struttura della Pasta::microocchiatura appena visibile,Struttura della Pasta,Microocchiatura appena visibile,4,876
Colore della Pasta::paglierino,Colore della Pasta,Paglierino,24,877
Colore della Pasta::leggero alone verso un piatto,Colore della Pasta,Leggero alone verso un piatto,4,878
Aroma::non apprezzabile,Aroma,Non apprezzabile,4,985
Struttura della Pasta::mezza forma anche bellina l'altra metà un disastro,Struttura della Pasta,Mezza forma anche bellina. L'altra metà un disastro,4,986
Struttura della Pasta::divisa a metà una parte grana grossa regolare una stirata con occhi fessure,Struttura della Pasta,"Divisa a metà, una parte grana grossa regolare una stirata con occhi, fessure",4,987
Struttura della Pasta::molti piccoli occhi da circa 3 4 mm perlopiù su meta forma,Struttura della Pasta,Molti piccoli occhi da circa 3-4 mm perlopiù su meta forma,4,988
Profumo::elegante kiwi,Profumo,Elegante... Kiwi,4,989
Sapore::equilibrato con note anche dolci,Sapore,Equilibrato con note anche dolci,8,990
Colore della Pasta::appena più saturo verso il centro poco poco,Colore della Pasta,Appena più saturo verso il centro. Poco poco,4,992
Colore della Pasta::aree verdi e grigie ma limitatissima,Colore della Pasta,Aree verdi e grigie ma limitatissima,4,993
Sapore::amaro,Sapore,Amaro,96,1004
Texture::ingozza,Texture,Ingozza,40,1005
Spessore della Crosta::unghia molto ampia,Spessore della Crosta,Unghia molto ampia,4,1006
Colore della Pasta::un poco' saturo come giallo,Colore della Pasta,Un poco' saturo come giallo,4,1007
Profumo::muschio,Profumo,Muschio,4,1008
Aroma::non piacevole,Aroma,Non piacevole!!!,36,1009
Texture::lega in bocca,Texture,Lega in bocca!,4,1010
Struttura della Pasta::microocchiatura,Struttura della Pasta,Microocchiatura,28,1011
Struttura della Pasta::grande area spinosa che copre la parte centrale del formggio,Struttura della Pasta,Grande area spinosa che copre la parte centrale del formggio,4,1012
Colore della Pasta::più carico in centro non vero e proprio alone,Colore della Pasta,"Più carico in centro, non vero e proprio alone",4,1013
Sapore::tanto umano troppo,Sapore,"Tanto umano, troppo",4,1015
Sapore::bruciante,Sapore,Bruciante,28,1016
Struttura della Pasta::piccole fessure sotto un piatto,Struttura della Pasta,Piccole fessure sotto un piatto,4,1017
Struttura della Pasta::bella ma variamente microocchiata,Struttura della Pasta,Bella ma variamente microocchiata,4,1018
Struttura della Pasta::fessure,Struttura della Pasta,Fessure!!!!,12,1019
Colore della Pasta::aree grigiastro sotto i piatti,Colore della Pasta,Aree grigiastro sotto i piatti,4,1021
Profumo::intensità moderata,Profumo,Intensità moderata,24,1022
Sapore::non dolce salato e amaro spiccano un poco,Sapore,Non dolce. Salato e amaro spiccano un poco,4,1023
Sapore::leggermente prevalenti,Sapore,Leggermente prevalenti,4,1024
Struttura della Pasta::microocchiature in striscia sottile,Struttura della Pasta,Microocchiature in striscia sottile,4,1025
Struttura della Pasta::spacchi fessure su una parte della forma rovinano una struttura che sarebbe buona,Struttura della Pasta,Spacchi fessure su una parte della forma rovinano una struttura che sarebbe buona,4,1026
Struttura della Pasta::disidratazione e qualche fessura,Struttura della Pasta,Disidratazione e qualche fessura!!!,4,1027
Profumo::oggi sono raffreddato,Profumo,Oggi sono raffreddato,4,1120
Profumo::sentore di urina,Profumo,Sentore di urina...,4,1121
Sapore::un poco' piatto non saporito,Sapore,Un poco' piatto non saporito,4,1123
Spessore della Crosta::negli scalzi,Spessore della Crosta,Negli scalzi,4,1124
Struttura della Pasta::anche un poco' irregolare la frattura,Struttura della Pasta,Anche un poco' irregolare la frattura,4,1125
Colore della Pasta::alone centrale tendente al rosa pompelmo,Colore della Pasta,Alone centrale tendente al rosa pompelmo,4,1126
Profumo::kiwi e bruciato,Profumo,"Kiwi,,,e bruciato?",4,1127
Sapore::leggero umami respiro,Sapore,Leggero umami respiro...,4,1128
Aroma::polvere,Aroma,Polvere!!!!,20,1129
Struttura della Pasta::fitta microocchiatura centrale con piccoli strappi,Struttura della Pasta,Fitta microocchiatura centrale con piccoli strappi,4,1130
Struttura della Pasta::grossa fenditura centrale,Struttura della Pasta,Grossa fenditura centrale,4,1131
Colore della Pasta::2 fascia longitudinali di colore differente,Colore della Pasta,2 fascia longitudinali di colore differente,4,1132
Profumo::sento poco non so se perché raffreddato o perché povero il fromage,Profumo,Sento poco. Non so se perché raffreddato o perché povero il fromage,4,1133
Sapore::brucia la lingua,Sapore,Brucia la lingua,4,1134
Sapore::anche notevoli equilibrato,Sapore,Anche notevoli! Equilibrato,4,1135
Aroma::frutta secca=mandorla amara,Aroma,Frutta secca=mandorla amara,4,1136
Spessore della Crosta::bei piatti,Spessore della Crosta,Bei piatti,8,1137
Struttura della Pasta::grossolani disomogeneo,Struttura della Pasta,Grossolani disomogeneo,4,1138
Colore della Pasta::leggera area verdastra,Colore della Pasta,Leggera area verdastra,4,1139
Aroma::si vi avevo detto che sono raffreddato nel mangiarlo e nel sentire l'aroma mi è arrivata un sentore non tipico di formaggio grana chiamo gorgonzola,Aroma,"Si, vi avevo detto che sono raffreddato. Nel mangiarlo e nel sentire l'aroma mi è arrivata un sentore non tipico di formaggio grana, chiamo gorgonzola",4,1141
Spessore della Crosta::fine,Spessore della Crosta,Fine!,12,1143
Struttura della Pasta::struttura immatura disomogenea non compiuta,Struttura della Pasta,"Struttura immatura, disomogenea, non compiuta",4,1144
Struttura della Pasta::1 fessura piccolal,Struttura della Pasta,1 fessura piccolal,4,1145
Colore della Pasta::alone lievissimo o ossidazione,Colore della Pasta,Alone lievissimo o ossidazione,4,1146
Profumo::non so se ho scritto che son raffreddato,Profumo,Non so se ho scritto che son raffreddato,4,1147
Profumo::leggero sentore di bruciato e stalla all'inizio,Profumo,Leggero sentore di bruciato e stalla all'inizio!,4,1148
Sapore::forse un poco' di piccante in eccesso,Sapore,Forse un poco' di piccante in eccesso,4,1149
Aroma::acciuga e salamoia leggere,Aroma,Acciuga e salamoia leggere,4,1150
Struttura della Pasta::struttura non riuscita,Struttura della Pasta,Struttura non riuscita,4,1151
Struttura della Pasta::anche leggera striatura,Struttura della Pasta,Anche leggera striatura,4,1152
Texture::leggermente duro e schioccante,Texture,Leggermente duro e schioccante,4,1154
Struttura della Pasta::sotto un piatto piccole fratture in serie,Struttura della Pasta,Sotto un piatto piccole fratture in serie,4,1155
Struttura della Pasta::microocchiatura particolarmente presente in una zona e in un angolo nel sottocrosta,Struttura della Pasta,"Microocchiatura particolarmente presente in una zona e in un angolo, nel Sottocrosta",4,1156
Colore della Pasta::macchie rosate al centro,Colore della Pasta,Macchie rosate al centro,4,1157
Profumo::sentore da stalla iniziale che poi sparisce,Profumo,Sentore da stalla iniziale...che poi sparisce,4,1272
Sapore::punge la lingua penso sale,Sapore,Punge la lingua. Penso sale,4,1273
Aroma::buona intensità aromatica,Aroma,Buona intensità aromatica,4,1274
Struttura della Pasta::tende allo stirato,Struttura della Pasta,Tende allo stirato,4,1275
Struttura della Pasta::una piccola zona con grana molto fine,Struttura della Pasta,Una piccola zona con grana molto fine,4,1276
Colore della Pasta::alone centrale lievissimo,Colore della Pasta,Alone centrale lievissimo,4,1277
Sapore::manca di pienezza scarno,Sapore,Manca di pienezza. Scarno,4,1278
Sapore::leggero amaro peccato,Sapore,"Leggero amaro ,,peccato!",4,1279
Texture::difetto é che troppo tenero,Texture,Difetto é che troppo tenero,4,1280
Spessore della Crosta::belli piatti meno ali scalzi,Spessore della Crosta,"Belli piatti, meno ali scalzi",4,1281
Struttura della Pasta::abbastanza regolare ed omogenea,Struttura della Pasta,Abbastanza regolare ed omogenea,4,1282
Colore della Pasta::colore dato dal sottocrosta,Colore della Pasta,Colore dato dal sottocrosta,4,1283
Profumo::tanta nanna ma nota di formaggio non trentingrana,Profumo,"Tanta nanna, ma nota di formaggio non trentingrana",4,1284
Texture::un poco duro,Texture,Un poco duro,4,1286
Struttura della Pasta::a tratti quasi fine ma in altri punti grana non sviluppata 1 fessura solo,Struttura della Pasta,"A tratti quasi fine, ma in altri punti grana non sviluppata. 1 fessura solo",4,1287
Colore della Pasta::alone centrale rosato e striscia rosa abbastanza marcata sempre al centro,Colore della Pasta,"Alone centrale rosato e striscia rosa abbastanza marcata, sempre al centro",4,1288
Profumo::nocciola,Profumo,NOcciola,20,1289
Sapore::sgraziato troppo amaro,Sapore,Sgraziato. Troppo amaro,4,1290
Sapore::piccola venatura amara nel finale,Sapore,Piccola venatura amara nel finale,4,1291
Struttura della Pasta::striata al centro più riuscita altrove per me mai fine,Struttura della Pasta,"Striata al centro . Più riuscita altrove, per me mai fine",4,1292
Struttura della Pasta::presenza di qualche piccolissimo occhio,Struttura della Pasta,Presenza di qualche piccolissimo occhio,4,1293
Colore della Pasta::in una pasta giallo carica macchie o alone nocciola,Colore della Pasta,In una pasta giallo carica macchie o alone nocciola,4,1294
Colore della Pasta::alone centrale rosato e un paio di punti neri dati da sporcizia( ),Colore della Pasta,Alone centrale rosato e un paio di punti neri dati da sporcizia(?),4,1295
Sapore::amaro domina,Sapore,Amaro domina,4,1296
Texture::poco solubile e asciutto in gola,Texture,Poco solubile e asciutto in gola,4,1297
Spessore della Crosta::1 scalzo più brutto problemi di sottocrosta,Spessore della Crosta,1 scalzo più brutto. Problemi di sottocrosta,4,1298
Struttura della Pasta::peccato le microcchiature,Struttura della Pasta,Peccato le microcchiature,4,1299
Struttura della Pasta::microocchiatura diffusa,Struttura della Pasta,Microocchiatura diffusa,18,1300
Struttura della Pasta::zona con grana molto grossolana,Struttura della Pasta,Zona con grana molto grossolana,4,1301
Profumo::peccato per leggero sentore di alcool,Profumo,Peccato per leggero sentore di alcool,4,1332
Sapore::mi par di percepire il dolce,Sapore,Mi par di percepire il dolce,4,1333
Struttura della Pasta::microocchiatura centrale,Struttura della Pasta,Microocchiatura centrale,16,1334
Struttura della Pasta::non perfettamente omogenea le microocchiatura centrali penalizzano,Struttura della Pasta,Non perfettamente omogenea. Le microocchiatura centrali penalizzano,4,1335
Struttura della Pasta::fascia centrale con microocchiatura che la rende spugnosa,Struttura della Pasta,Fascia centrale con microocchiatura che la rende spugnosa,4,1336
Colore della Pasta::per lo più giallo chiaro un quarto laterale più saturo,Colore della Pasta,Per lo più giallo chiaro. Un quarto laterale più saturo.,4,1337
Profumo::grasso di prosciutto crudo,Profumo,Grasso di prosciutto crudo,4,1416
Profumo::stalla solo all'inizio poi sparisce,Profumo,Stalla solo all'inizio poi sparisce,4,1417
Aroma::ancora sentore sgradevole,Aroma,Ancora sentore sgradevole,4,1419
Struttura della Pasta::negli angoli minoritaria presente,Struttura della Pasta,Negli angoli minoritaria presente,4,1421
Colore della Pasta::solo sfumature nocciola,Colore della Pasta,Solo sfumature nocciola,4,1422
Profumo::elegante molta nocciola e kiwi,Profumo,"Elegante,,,molta nocciola e kiwi",4,1430
Sapore::tanto umami non dolce,Sapore,Tanto umami. Non dolce,4,1431
Colore della Pasta::giallo carico saturo e sfumature verdognole,Colore della Pasta,Giallo carico saturo e sfumature verdognole,4,1432
Profumo::dado glutammato molto forte e spiacevole,Profumo,"Dado, glutammato molto forte e spiacevole",4,1434
Profumo::caramello,Profumo,Caramello,8,1435
Profumo::vaniglia peccato per bruciato,Profumo,Vaniglia! Peccato per bruciato!,4,1436
Profumo::salsa al caramello mou bruciacchiata,Profumo,Salsa al caramello mou bruciacchiata,4,1437
Sapore::tropo sapido e cremoso,Sapore,Tropo sapido e cremoso!!,4,1438
Aroma::non sono riuscita ad assaggiarlo ha un indefinibile orribile aroma dolciastro,Aroma,Non sono riuscita ad assaggiarlo ha un indefinibile orribile aroma dolciastro,4,1439
Aroma::dado glutammato,Aroma,"Dado, glutammato",4,1440
Aroma::caramello,Aroma,Caramello,4,1441
Aroma::formaggio non grana ma non so dare definizione esatta,Aroma,Formaggio non grana... Ma non so dare definizione esatta,4,1442
Struttura della Pasta::occhi di 1 o 2 mm molto diffusi su un lato più piccoli e più concentrati al centro nell'altro,Struttura della Pasta,Occhi di 1 o 2 mm molto diffusi su un lato più piccoli e più concentrati al centro nell'altro,4,1443
Struttura della Pasta::microocchiatura diffusissima,Struttura della Pasta,Microocchiatura diffusissima,8,1444
Struttura della Pasta::troppa microocchiatura,Struttura della Pasta,Troppa microocchiatura,8,1445
Colore della Pasta::pallido,Colore della Pasta,Pallido,4,1446
Profumo::moderato,Profumo,Moderato,8,1464
Profumo::intenso ed elegante,Profumo,Intenso ed elegante,4,1465
Sapore::equilibrato ma poco persistente,Sapore,Equilibrato ma poco persistente,4,1467
Sapore::anche leggere note dolci,Sapore,Anche leggere note dolci,4,1468
Aroma::viene fuori l'amaro,Aroma,Viene fuori l'amaro,4,1469
Struttura della Pasta::1 fessura sola,Struttura della Pasta,1 fessura sola,4,1470
Sapore::amaro e salato no dolce,Sapore,Amaro e salato. No dolce,5,1471
Aroma::non piacevole e gruppo persistente,Aroma,Non piacevole e gruppo persistente,5,1472
Spessore della Crosta::un sottopiatto tende al verde,Spessore della Crosta,Un sottopiatto tende al verde,5,1473
Struttura della Pasta::fessura con crepe con segno esterno in corrispondenza ago,Struttura della Pasta,Fessura con crepe con segno esterno in corrispondenza ago?,5,1474
Struttura della Pasta::a tratti proprio non sviluppata piatta,Struttura della Pasta,"A tratti proprio non sviluppata, piatta",5,1475
Struttura della Pasta::enorme fessurazione,Struttura della Pasta,Enorme fessurazione,5,1476
Struttura della Pasta::spacco enorme e ramificato che devasta l aspetto della pasta forma che non dovrebbe arrivare qui,Struttura della Pasta,"Spacco enorme e ramificato che devasta l,aspetto della pasta. Forma che non dovrebbe arrivare qui...",5,1477
Struttura della Pasta::grossa frattura interna,Struttura della Pasta,Grossa frattura interna,5,1478
Struttura della Pasta::fessura molto evidente,Struttura della Pasta,Fessura molto evidente,5,1479
Struttura della Pasta::grossa fessura piena di cristalli circondata da zone con microocchiatura,Struttura della Pasta,"Grossa fessura piena di cristalli, circondata da zone con microocchiatura",5,1480
Colore della Pasta::voto basso per colpa della frattura con evidente colore rosa altrimenti voto alto,Colore della Pasta,"Voto basso per colpa della frattura con evidente colore rosa, altrimenti voto alto",5,1481
Profumo::vinilico,Profumo,Vinilico,4,1482
Profumo::peccato sfumatura bruciata e brodo che ho dimenticato,Profumo,"Peccato sfumatura bruciata e brodo che, ho dimenticato",4,1483
Sapore::leggermente amaro e sapido,Sapore,Leggermente amaro e sapido!,4,1484
Aroma::leggermente acido,Aroma,Leggermente acido,4,1485
Aroma::anche all' aroma emerge il bruciato,Aroma,Anche all' aroma emerge il bruciato,4,1486
Profumo::lattico dominante burro fresco,Profumo,"Lattico dominante, burro fresco",4,1714
Profumo::solo una piccola nota di bruciato,Profumo,Solo una piccola nota di bruciato,4,1715
Sapore::mi pare una puntina di dolce ci sia,Sapore,Mi pare una puntina di dolce ci sia,4,1716
Texture::abbastanza solubile,Texture,Abbastanza solubile,36,1717
Texture::forse pochi cristalli,Texture,Forse pochi cristalli,8,1718
Colore della Pasta::chiara ma non paglierino,Colore della Pasta,Chiara ma non paglierino,4,1719
Profumo::tanto latte burro fresco alla prima occasione odore di altro formaggio fermentato che mi fa penalizzare,Profumo,"Tanto latte, burro fresco. Alla prima occasione odore di altro formaggio, fermentato che mi fa penalizzare.",4,1726
Profumo::quasi disturba,Profumo,Quasi disturba!,4,1727
Sapore::equilibrato,Sapore,Equilibrato,112,1728
Sapore::leggermente amarognolo,Sapore,Leggermente amarognolo,4,1729
Sapore::anonimo è debole,Sapore,Anonimo è debole,4,1730
Aroma::castagne,Aroma,Castagne,4,1731
Texture::non ottimale anzi non bella,Texture,"Non ottimale, anzi non bella!",4,1732
Struttura della Pasta::qualche occhietti e fessure nella zona di uno spigolo,Struttura della Pasta,Qualche occhietti e fessure nella zona di uno spigolo,4,1733
Struttura della Pasta::3 piccoli occhi,Struttura della Pasta,3 piccoli occhi,4,1734
Colore della Pasta::alone rosato molto carico,Colore della Pasta,Alone rosato molto carico,8,1735
Colore della Pasta::il più pesante alone di tutti i tempi,Colore della Pasta,Il più pesante alone di tutti i tempi,4,1736
Colore della Pasta::pessima,Colore della Pasta,Pessima!,4,1737
Colore della Pasta::alone centrale molto marcato di colore quasi arancione,Colore della Pasta,"Alone centrale molto marcato, di colore quasi arancione",4,1738
Profumo::debole fermentazione,Profumo,Debole fermentazione,4,1752
Sapore::amati prevale un poco,Sapore,Amati prevale un poco,4,1753
Sapore::allappante,Sapore,Allappante,32,1754
Aroma::nota di sapone strana,Aroma,Nota di sapone strana,4,1755
Texture::forse anche poco solubile,Texture,Forse anche poco solubile,4,1756
Spessore della Crosta::unghia soprattutto confrontando il colore con la pasta molto pallida,Spessore della Crosta,Unghia soprattutto confrontando il colore con la pasta molto pallida,4,1757
Spessore della Crosta::colore sottocrosta diverso da tutto il resto rosellino,Spessore della Crosta,"Colore sottocrosta diverso da tutto il resto, rosellino",4,1758
Struttura della Pasta::frattura abbastanza regolare ma incavata,Struttura della Pasta,Frattura abbastanza regolare ma incavata,4,1759
Struttura della Pasta::meno evoluta verso ipiatti,Struttura della Pasta,Meno evoluta verso ipiatti,4,1760
"Struttura della Pasta::struttura ""grassa",Struttura della Pasta,"Struttura ""GRASSA",4,1761
Struttura della Pasta::nel complesso bella,Struttura della Pasta,Nel complesso bella!,4,1762
Colore della Pasta::paglierina,Colore della Pasta,Paglierina,4,1763
Colore della Pasta::colore cipria,Colore della Pasta,Colore cipria,4,1764
Colore della Pasta::i bordi sono completamente rosa,Colore della Pasta,I bordi sono completamente rosa,4,1765
Profumo::ananas e frutta esotica,Profumo,Ananas e frutta esotica,4,1780
Profumo::non equilibrato nell' espressione,Profumo,Non equilibrato nell' espressione,4,1781
Sapore::acerbo,Sapore,Acerbo,4,1782
Aroma::troppo ananas banana che non sono tipici,Aroma,Troppo ananas banana che non sono tipici,4,1783
Aroma::sia per profumo che per aroma tanto burro fuso,Aroma,Sia per profumo che per aroma tanto burro fuso,4,1784
Texture::pasta stirata,Texture,Pasta stirata,4,1785
Texture::tende al duro,Texture,Tende al duro,4,1786
Struttura della Pasta::al centro sbrinz,Struttura della Pasta,Al centro sbrinz,4,1787
Struttura della Pasta::tipo sbrinz,Struttura della Pasta,Tipo sbrinz,4,1788
Struttura della Pasta::microocchiatura leggera,Struttura della Pasta,Microocchiatura leggera,8,1789
Profumo::pannoso elegante ma moderata intensità,Profumo,"Pannoso, elegante, ma moderata intensità",4,1790
Sapore::pungente non so se eccesso di sale o vero piccante,Sapore,Pungente. Non so se eccesso di sale o vero piccante,4,1791
Sapore::leggermente,Sapore,Leggermente,4,1792
Sapore::leggermente saporito,Sapore,Leggermente saporito,4,1793
Texture::un poco umido,Texture,Un poco umido,4,1794
Struttura della Pasta::il centro differente dalle zone periferiche comunque presente,Struttura della Pasta,Il centro differente dalle zone periferiche. Comunque presente,4,1795
Struttura della Pasta::microocchiatura al centro che rende la pasta quasi spugnosa,Struttura della Pasta,Microocchiatura al centro che rende la pasta quasi spugnosa,4,1796
Struttura della Pasta::piccole aree spagnole di pochi mm,Struttura della Pasta,Piccole aree spagnole di pochi mm,4,1797
Profumo::fermentato intendo alcool,Profumo,Fermentato intendo alcool,4,1799
Struttura della Pasta::piccole fessure,Struttura della Pasta,Piccole fessure,4,1800
Struttura della Pasta::a larghi tratti ha struttura da pratomagno,Struttura della Pasta,A larghi tratti ha struttura da pratomagno,4,1801
Struttura della Pasta::pasta un poco' scollata in un sotto piatto,Struttura della Pasta,Pasta un poco' scollata in un sotto piatto,4,1802
Colore della Pasta::una macchia bruna vicino al centro,Colore della Pasta,Una macchia bruna vicino al centro,4,1803
Profumo::all'inizio stalla ma lo cala,Profumo,All'inizio stalla...ma lo cala,10,1942
Spessore della Crosta::1 scalzo brutto,Spessore della Crosta,1 scalzo brutto,10,1943
Struttura della Pasta::area centrale con struttura ruvida,Struttura della Pasta,Area centrale con struttura ruvida,10,1944
Struttura della Pasta::nel complesso bella struttura con grana omogenea e frattura netta presenza di microocchiatura diffusa molto fine a colpo d'occhio trascurabile,Struttura della Pasta,"Nel complesso bella struttura con grana omogenea e frattura netta. Presenza di microocchiatura diffusa molto fine, a colpo d'occhio trascurabile",10,1945
Struttura della Pasta::grande e diffusa area spagnola centrale,Struttura della Pasta,Grande e diffusa area spagnola centrale,10,1948
Colore della Pasta::una macchia grigia,Colore della Pasta,Una macchia grigia,10,1949
Colore della Pasta::alone centrale giallo verde con macchie scure,Colore della Pasta,Alone centrale giallo verde con macchie scure,10,1950
Profumo::sedano troppo vegetale cotto abbasso voto altrimenti molto intenso,Profumo,"Sedano. Troppo vegetale cotto, abbasso voto. Altrimenti molto intenso",10,1951
Profumo::mela e pesca forti,Profumo,Mela e pesca forti!,10,1952
Sapore::acido su tutti,Sapore,Acido su tutti,10,1953
Texture::strano,Texture,Strano!,10,1954
Struttura della Pasta::frattura irregolare pasta molto legata e compatta,Struttura della Pasta,Frattura irregolare. Pasta !molto legata e compatta,10,1955
Struttura della Pasta::cuore diverso dalla periferia,Struttura della Pasta,Cuore diverso dalla periferia,10,1956
Struttura della Pasta::peccato per poca regolarità ma grana ben presente,Struttura della Pasta,Peccato per poca regolarità ma grana ben presente!,10,1957
Profumo::profumo anomalo alla prima occasione fa diminuire i voto,Profumo,Profumo anomalo alla prima occasione fa diminuire i voto,10,1959
Sapore::nostrano,Sapore,Nostrano,32,1960
Sapore::il piccante persiste in bocca,Sapore,Il piccante persiste in bocca,10,1961
Sapore::grasso,Sapore,Grasso,22,1962
Aroma::a proposito della fessure aggiungo grasso intuisco e abbasso di mezzo punto il voto,Aroma,"A proposito della fessure aggiungo : grasso, intuisco e abbasso di mezzo punto il voto",10,1963
Spessore della Crosta::difficile da misurare comunque c e crosta,Spessore della Crosta,Difficile da misurare...Comunque c e crosta,10,1964
Spessore della Crosta::te poi sottocrosta,Spessore della Crosta,Te poi sottocrosta,10,1965
Struttura della Pasta::fascia stirata sotto un piatto,Struttura della Pasta,Fascia stirata sotto un piatto,10,1966
Struttura della Pasta::sotto un piatto superficie ondulato con scaglie microocchiatura 1 o 2 mm,Struttura della Pasta,Sotto un piatto superficie ondulato con scaglie. Microocchiatura 1 o 2 mm,10,1967
Struttura della Pasta::ottima struttura con bel a grana e spaccatura netta e pulita gravemente compromessa da importante presenza di microocchiatura,Struttura della Pasta,Ottima struttura con bel!a grana e spaccatura netta e pulita. Gravemente compromessa da importante presenza di microocchiatura,10,1968
Struttura della Pasta::microocchiatura su tutta la superficie non spugnosa,Struttura della Pasta,"Microocchiatura su tutta la superficie, non spugnosa",10,1969
Struttura della Pasta::peccato per troppe microocchiature,Struttura della Pasta,Peccato per troppe microocchiature,10,1970
Struttura della Pasta::su tutta la superficie occhi piccoli di circa 1 2 mm e una piccola fessura,Struttura della Pasta,Su tutta la superficie occhi piccoli di circa 1-2 mm e una piccola fessura,10,1971
Colore della Pasta::bel colore,Colore della Pasta,Bel colore!,10,1972
Profumo::molto poco intenso,Profumo,Molto poco intenso,10,2004
Sapore::equilibrato con sapidità,Sapore,Equilibrato con sapidità,10,2006
Profumo::anche alcol,Profumo,Anche alcol,10,2010
Texture::anche poca solubilità,Texture,Anche poca solubilità!,10,2012
Struttura della Pasta::tanti piccoli strappi,Struttura della Pasta,Tanti piccoli strappi,10,2013
Struttura della Pasta::accenno allo sbrinz,Struttura della Pasta,Accenno allo sbrinz,10,2014
Struttura della Pasta::non granulosa,Struttura della Pasta,Non granulosa,18,2015
Struttura della Pasta::poche piccole fessure e linea sottilissima trasversale di micro occiatura fine,Struttura della Pasta,Poche piccole fessure e linea sottilissima trasversale di micro occiatura fine,10,2016
Profumo::molto complesso,Profumo,Molto complesso!,10,2024
Texture::solo leggermente asciutto,Texture,Solo leggermente asciutto,14,2026
Spessore della Crosta::1 scalzo e 1 piatto brutti,Spessore della Crosta,1 scalzo e 1 piatto brutti,10,2027
Spessore della Crosta::sottoscritta ampio,Spessore della Crosta,Sottoscritta ampio,10,2028
Profumo::lettiera note animali,Profumo,Lettiera note animali,14,2126
Profumo::difettato odori strani,Profumo,Difettato? Odori strani...,14,2127
Sapore::incompleto scarno,Sapore,"Incompleto, scarno",14,2128
Sapore::anonimo però,Sapore,Anonimo però!,14,2129
Texture::non ok,Texture,Non ok,14,2131
Colore della Pasta::appena più ossidato al centro,Colore della Pasta,Appena più ossidato al centro,14,2133
Sapore::solo salato e acido,Sapore,Solo salato e acido,10,2135
Sapore::medio,Sapore,Medio,22,2137
Texture::leggermente poco solubile e faticoso,Texture,Leggermente poco solubile e faticoso?,10,2138
Struttura della Pasta::innumerevoli spacchi,Struttura della Pasta,Innumerevoli spacchi,10,2139
Struttura della Pasta::presenti piccolissime fessure sul lato destro,Struttura della Pasta,Presenti piccolissime fessure sul lato destro,10,2140
Colore della Pasta::leggero alone arancio dato dalla crosta,Colore della Pasta,Leggero alone arancio dato dalla crosta,10,2141
Spessore della Crosta::1 piatto nettamente più spesso,Spessore della Crosta,1 piatto nettamente più spesso,10,2160
Struttura della Pasta::comunque bella grana ma più grossolana all'esterno,Struttura della Pasta,"Comunque bella grana, ma più grossolana all'esterno",10,2161
Colore della Pasta::più concezione sembrano due zone di colore,Colore della Pasta,Più concezione sembrano due zone di colore,10,2162
Colore della Pasta::una macchia poco visibile,Colore della Pasta,Una macchia poco visibile,10,2163
Colore della Pasta::una piccola macchia rossa,Colore della Pasta,Una piccola macchia rossa,10,2164
Colore della Pasta::presenza di una macchia rosata,Colore della Pasta,Presenza di una macchia rosata,10,2165
Profumo::bella intensità,Profumo,Bella intensità,10,2166
Sapore::amaro esaltato prevalenti,Sapore,Amaro esaltato prevalenti,10,2167
Struttura della Pasta::forse frattura non perfettamente regolare,Struttura della Pasta,Forse frattura non perfettamente regolare,10,2168
Profumo::burro cotto,Profumo,Burro cotto,14,2181
Profumo::kiwi e mela,Profumo,Kiwi e mela,10,2182
Sapore::anche qua contrasto ma piacevole,Sapore,Anche qua contrasto ma piacevole,10,2183
Texture::contrasto umidità e untuosita,Texture,Contrasto umidità e untuosita..,10,2186
Struttura della Pasta::troppe microocchiature anche grandi e disidratata,Struttura della Pasta,Troppe microocchiature anche grandi e disidratata,10,2187
Struttura della Pasta::microocchiatura fino a 5 mm,Struttura della Pasta,Microocchiatura fino a 5 mm,10,2188
Struttura della Pasta::numerosi occhi di circa 4 mm,Struttura della Pasta,Numerosi Occhi di circa 4 mm,10,2189
Colore della Pasta::lievi macchie rosate,Colore della Pasta,Lievi macchie rosate,10,2190
Profumo::nota da nostrano,Profumo,Nota da nostrano,14,2191
Profumo::confetteria,Profumo,Confetteria,14,2192
Sapore::amaro netto,Sapore,Amaro netto,20,2193
Sapore::nessuna prevalenza ma acido amaro dolce e piccanti accentuati,Sapore,Nessuna prevalenza ma acido amaro dolce e piccanti accentuati,14,2194
Aroma::bella intensità,Aroma,Bella intensità,14,2195
Texture::abbastanza solubile ingozza,Texture,"Abbastanza solubile, ingozza",14,2196
Spessore della Crosta::sottocrosta con microocchiatura,Spessore della Crosta,Sottocrosta con microocchiatura,14,2197
Struttura della Pasta::micro occhiatura diffusa,Struttura della Pasta,Micro occhiatura diffusa,30,2198
Struttura della Pasta::molta microocchiatura,Struttura della Pasta,Molta microocchiatura,14,2199
Struttura della Pasta::grande area spumosa che copre quasi tutta la superfice,Struttura della Pasta,Grande area spumosa che copre quasi tutta la superfice,14,2200
Profumo::peccato per sfumatura bruciata,Profumo,Peccato per sfumatura bruciata!,4,2318
Sapore::non ancora pronto acerbo,Sapore,"Non ancora pronto, acerbo",4,2319
Sapore::amaro prevalente,Sapore,Amaro prevalente,8,2320
Sapore::compresenza dolce )amaro,Sapore,Compresenza dolce:-)AMARO,4,2322
Aroma::fumo,Aroma,Fumo!!,4,2323
Struttura della Pasta::1 taglio,Struttura della Pasta,1 taglio,4,2324
Struttura della Pasta::solo una piccola fessura,Struttura della Pasta,Solo una piccola fessura,4,2325
Colore della Pasta::giallo pallido,Colore della Pasta,Giallo pallido,4,2326
Colore della Pasta::in una parte più nocciola,Colore della Pasta,In una parte più nocciola,4,2327
Sapore::amaro e pungenza dominano,Sapore,Amaro e pungenza dominano,4,2329
Sapore::amaro e sapido accennati solo,Sapore,Amaro e sapido accennati solo!!!,4,2330
Texture::leggermente sabbioso,Texture,Leggermente sabbioso,8,2331
Spessore della Crosta::belli angoli,Spessore della Crosta,Belli angoli,4,2333
Struttura della Pasta::microocchiatura minima trascuro,Struttura della Pasta,Microocchiatura minima. Trascuro,4,2334
Struttura della Pasta::leggera striatura,Struttura della Pasta,Leggera striatura,8,2335
Profumo::media intensità sentore anomalo (nostrano),Profumo,Media intensità. Sentore anomalo (nostrano),4,2346
Profumo::non molto buono come impatto iniziale,Profumo,Non molto buono come impatto iniziale,4,2347
Sapore::troppo amaro,Sapore,Troppo amaro,4,2349
Struttura della Pasta::microocchiatura 1 o 2 mm molto fitta al centro e fessure con grappoli di occhi,Struttura della Pasta,"Microocchiatura 1 o 2 mm molto fitta al centro, e fessure con grappoli di occhi",4,2351
Profumo::noce,Profumo,Noce,4,2358
Sapore::persistente con sapidità importante,Sapore,Persistente con sapidità importante!!,4,2359
Texture::anche solubile sebbene leggermente asciutto,Texture,Anche solubile sebbene leggermente asciutto,4,2360
Colore della Pasta::lieve alone nel centro,Colore della Pasta,lieve alone nel centro,4,2361
Colore della Pasta::un poco' troppo carico,Colore della Pasta,Un poco' troppo carico,4,2362
Sapore::acido e amaro più spiccati,Sapore,Acido e amaro più spiccati,4,2372
Sapore::forse poca sapidità poco carattere,Sapore,"Forse poca sapidità, poco carattere",4,2373
Aroma::anonimo,Aroma,Anonimo,4,2374
Spessore della Crosta::unghia importante,Spessore della Crosta,Unghia importante,4,2375
Struttura della Pasta::profonda fessurazione centrale e altre più piccole più su un lato,Struttura della Pasta,Profonda fessurazione centrale e altre più piccole più su un lato,4,2376
Struttura della Pasta::grosse fessurazioni,Struttura della Pasta,Grosse fessurazioni,4,2377
Struttura della Pasta::enormi spacchi pasta slegata con microocchiatura,Struttura della Pasta,Enormi spacchi. Pasta slegata con microocchiatura,4,2378
Struttura della Pasta::grosso spacco centrale,Struttura della Pasta,Grosso spacco centrale,4,2379
Colore della Pasta::non paglierino,Colore della Pasta,Non paglierino,16,2380
Profumo::agrumi (all'apertura),Profumo,Agrumi (all'apertura),4,2381
Profumo::molto elegante,Profumo,Molto elegante,12,2382
Sapore::poco carattere,Sapore,Poco carattere,4,2384
Sapore::leggermente miami,Sapore,Leggermente Miami!!,4,2385
Struttura della Pasta::trascuri le micro frattura piccolissime,Struttura della Pasta,"Trascuri le micro frattura , piccolissime",4,2388
Struttura della Pasta::spacchi sotto un piatto,Struttura della Pasta,Spacchi sotto un piatto,4,2389
Struttura della Pasta::frattura on regolare,Struttura della Pasta,frattura on regolare,4,2390
Colore della Pasta::1/3 più chiaro,Colore della Pasta,1/3 più chiaro,4,2391
Profumo::animale più che stalla,Profumo,Animale più che stalla,4,2518
Profumo::vaniglia,Profumo,Vaniglia,8,2519
Sapore::amaro troppo,Sapore,"Amaro, troppo",4,2520
Profumo::vaniglia sentori molto buoni insieme ad altri non buoni,Profumo,Vaniglia. Sentori molto buoni insieme ad altri non buoni,4,2521
Sapore::pungente,Sapore,Pungente,12,2522
Sapore::anche se finale amarognolo,Sapore,Anche se finale amarognolo...,4,2523
Aroma::a proposito del profumo intensità notevole ma troppo strano per essere trentunenne abbassarsi il voto di 1 punto,Aroma,"A proposito del profumo: intensità notevole, ma troppo strano per essere trentunenne. Abbassarsi il voto di 1 punto",4,2524
Struttura della Pasta::occhi 1 o 2 mm,Struttura della Pasta,Occhi 1 o 2 mm,4,2525
Struttura della Pasta::a tratti grana non sviluppata,Struttura della Pasta,A tratti grana non sviluppata,4,2526
Struttura della Pasta::poco regolare la frattura,Struttura della Pasta,Poco regolare la frattura,4,2528
Profumo::burro cotto nota di confetto,Profumo,"Burro cotto, nota di confetto",4,2541
Profumo::elegante cioccolata e anche lievito,Profumo,Elegante! Cioccolata e anche lievito...,4,2542
Sapore::sapore pieno,Sapore,Sapore pieno,4,2543
Colore della Pasta::alone appena più carico,Colore della Pasta,Alone appena più carico,4,2545
Sapore::acido amaro e salato prevalgono,Sapore,"Acido, amaro e salato prevalgono",4,2546
Texture::astringente,Texture,Astringente,8,2547
Struttura della Pasta::profonda fessura 7 o 8cm centrale,Struttura della Pasta,Profonda fessura 7 o 8cm centrale,4,2548
Struttura della Pasta::grana buona ma grossa fessura e occhiatura in zona angolo,Struttura della Pasta,Grana buona ma grossa fessura e occhiatura in zona angolo,4,2549
Struttura della Pasta::enorme fessura,Struttura della Pasta,Enorme fessura,4,2550
Struttura della Pasta::purtroppo presenta fessura consistente,Struttura della Pasta,Purtroppo presenta fessura consistente,4,2551
Sapore::contatta il leggero piccante che emerge,Sapore,Contatta il leggero piccante che emerge,4,2553
Aroma::non molto espressivo ma con persistenza lunga,Aroma,Non molto espressivo ma con persistenza lunga,4,2554
Texture::forse leggermente tenero,Texture,Forse leggermente tenero,4,2555
Struttura della Pasta::molte fratture sotto un piatto,Struttura della Pasta,Molte fratture sotto un piatto,4,2556
Struttura della Pasta::piccole fratture orizzontali,Struttura della Pasta,Piccole fratture orizzontali,4,2557
Struttura della Pasta::mezza forma presenta spacchi,Struttura della Pasta,Mezza forma presenta spacchi,4,2558
Struttura della Pasta::peccato per disidratazione piccole fessure,Struttura della Pasta,Peccato per disidratazione piccole fessure,4,2559
Profumo::peccato per sfumatura di bruciato,Profumo,Peccato per sfumatura di bruciato,4,2576
Sapore::troppo sale pungente,Sapore,Troppo sale. Pungente,4,2577
Texture::leggermente asciutto e anche pastoso,Texture,Leggermente asciutto e anche pastoso,4,2581
Colore della Pasta::una piccola parte meno omogenea come colore,Colore della Pasta,Una piccola parte meno omogenea come colore,4,2582
Profumo::plastica,Profumo,Plastica,4,3238
Profumo::mollica di pane burro cotto,Profumo,"Mollica di pane, burro cotto",4,3239
Profumo::leggermente bruciato,Profumo,Leggermente bruciato,8,3240
Sapore::saporito tendente all'acido,Sapore,Saporito tendente all'acido,8,3241
"Struttura della Pasta::bella grana ma la pasta sembra ""disunita",Struttura della Pasta,"Bella grana ma la pasta sembra ""disunita",4,3242
Struttura della Pasta::nel complesso bene,Struttura della Pasta,Nel complesso bene,4,3243
Profumo::lievito pane,Profumo,Lievito pane?,4,3244
Struttura della Pasta::presenza di fine microocchiatura trascurabile,Struttura della Pasta,Presenza di fine microocchiatura trascurabile,4,3246
Profumo::intensità limitata,Profumo,Intensità limitata,4,3278
Spessore della Crosta::non omogeneo,Spessore della Crosta,Non omogeneo,4,3281
Struttura della Pasta::1 taglietto,Struttura della Pasta,1 taglietto,4,3282
Struttura della Pasta::leggera disidratata,Struttura della Pasta,Leggera disidratata,4,3283
Colore della Pasta::alone veramente lieve,Colore della Pasta,Alone veramente lieve,4,3284
Colore della Pasta::anche riflessi rosati,Colore della Pasta,Anche riflessi rosati,4,3285
Profumo::buona intensità tanto pane tostatura,Profumo,"Buona intensità. Tanto pane, tostatura",4,3294
Aroma::complesso,Aroma,Complesso,8,3296
Texture::piacevole però,Texture,Piacevole però,4,3297
Spessore della Crosta::più spessi i piatti,Spessore della Crosta,Più spessi i piatti,4,3298
Struttura della Pasta::disidratata sotto un piatto,Struttura della Pasta,Disidratata sotto un piatto,4,3299
Colore della Pasta::un dubbio su una chiazza rosata,Colore della Pasta,Un dubbio su una chiazza rosata,4,3300
Colore della Pasta::non paglierino forse appena più oxidato in centro,Colore della Pasta,Non paglierino. Forse appena più oxidato in centro,4,3301
Sapore::bassa intensità di sapore ma equilibrato,Sapore,"Bassa intensità di sapore, ma equilibrato",4,3304
Colore della Pasta::paglierino ove chiaro,Colore della Pasta,Paglierino ove chiaro,4,3306
Profumo::all'apertura solvente liquame,Profumo,All'apertura solvente liquame,4,3320
Profumo::media intensità,Profumo,Media intensità,8,3321
Profumo::croste di polenta,Profumo,Croste di polenta,4,3322
Sapore::pieno,Sapore,Pieno,4,3323
Aroma::cristalli di sale,Aroma,Cristalli di sale,4,3325
Aroma::pera,Aroma,Pera,4,3326
Spessore della Crosta::enorme unghia,Spessore della Crosta,Enorme unghia,4,3329
Spessore della Crosta::disomogeneo,Spessore della Crosta,Disomogeneo,8,3330
Struttura della Pasta::molto diffusa la microocchiatura anche di 1 o 2 nn è anche piccole strappi,Struttura della Pasta,Molto diffusa la microocchiatura anche di 1 o 2 nn è anche piccole strappi,4,3331
Struttura della Pasta::struttura presente disomogeneo la spugnatura chiude il discorso,Struttura della Pasta,"Struttura presente, disomogeneo. La spugnatura chiude il discorso",4,3332
Struttura della Pasta::disidratata,Struttura della Pasta,Disidratata,20,3334
Colore della Pasta::più saturo al centro,Colore della Pasta,Più saturo al centro,4,3335
Struttura della Pasta::effetto radiale,Struttura della Pasta,Effetto radiale,4,3339
Struttura della Pasta::al limite dello stirato,Struttura della Pasta,Al limite dello stirato,4,3340
Aroma::molto poco percepibile,Aroma,Molto poco percepibile,8,3364
Texture::discretamente granulosa asciuga le fauci,Texture,Discretamente granulosa. Asciuga le fauci,8,3365
Struttura della Pasta::modellatura inferiore 2 5 cm,Struttura della Pasta,Modellatura inferiore 2.5 cm,8,3366
Struttura della Pasta::microcchiature a zone,Struttura della Pasta,Microcchiature a zone,8,3367
Struttura della Pasta::peccato per microocchiatura e disidratazione,Struttura della Pasta,Peccato per microocchiatura e disidratazione,8,3368
Struttura della Pasta::fine micro occhiatura diffusa su quasi tutta la superficie,Struttura della Pasta,Fine micro occhiatura diffusa su quasi tutta la superficie,8,3369
Profumo::all'apertura stagnante,Profumo,All'apertura stagnante,4,3478
Sapore::molto saporito ma salato e piccante,Sapore,Molto saporito ma salato e piccante,4,3479
Sapore::equilibrio travi gusti,Sapore,Equilibrio travi gusti,4,3480
Texture::sembrata grana giovane,Texture,Sembrata grana giovane,4,3481
Struttura della Pasta::frattura radiale con serratura a piccole scaglie,Struttura della Pasta,Frattura radiale con serratura a piccole scaglie,4,3482
Aroma::non piacevole e persistente,Aroma,Non piacevole e persistente,4,3485
Aroma::trovato molti cristalli nei pezzi in cui non valutano la texture,Aroma,Trovato molti cristalli nei pezzi in cui non valutano la texture,4,3486
Texture::anche adesivo,Texture,Anche adesivo,4,3488
Spessore della Crosta::colore sottocrosta grigiastro,Spessore della Crosta,Colore Sottocrosta grigiastro,24,3489
Spessore della Crosta::modellatura nel sotto crosta,Spessore della Crosta,Modellatura nel sotto crosta,4,3490
Profumo::tanto burro,Profumo,Tanto burro,4,3491
Profumo::piacevole,Profumo,Piacevole,4,3492
Sapore::saporito ed equilibrato,Sapore,Saporito ed equilibrato,4,3493
Profumo::solo all'apertura poi no l'ho sento,Profumo,Solo all'apertura poi no l'ho sento,8,3494
Profumo::nota bruciata,Profumo,Nota bruciata,8,3495
Texture::discretamente solubile,Texture,Discretamente solubile,16,3497
Texture::lega la bocca,Texture,Lega la bocca,8,3499
Struttura della Pasta::penalizzata per fascia sottoposto senza grana e si il stirata,Struttura della Pasta,Penalizzata per fascia sottoposto senza grana e si il stirata,8,3500
Struttura della Pasta::frattura molto brutta abbastanza omogenea,Struttura della Pasta,Frattura molto brutta. Abbastanza omogenea,8,3501
Struttura della Pasta::sembra disidratata,Struttura della Pasta,Sembra disidratata,8,3502
Colore della Pasta::più carica la fascia centrale,Colore della Pasta,Più carica la fascia centrale,8,3504
Aroma::brodo vegetale dominante,Aroma,Brodo vegetale dominante,4,3532
Struttura della Pasta::un grande steappo,Struttura della Pasta,Un grande steappo,4,3534
Struttura della Pasta::taglio clamoroso struttura centrale diversa,Struttura della Pasta,Taglio clamoroso. Struttura centrale diversa,4,3535
Struttura della Pasta::fessura enorme,Struttura della Pasta,Fessura enorme,8,3536
Struttura della Pasta::1 punto in meno per lo spacco enorme una forma così non dovrebbe arrivare al panel,Struttura della Pasta,1 punto in meno per lo spacco enorme. Una forma così Non dovrebbe arrivare al panel,4,3537
Struttura della Pasta::grossa fessura >5 cm,Struttura della Pasta,Grossa fessura >5 cm,4,3538
Profumo::ci sono comunque sentori positivi come brodo di carne e pane tostato ma il nostrano è molto intenso e caratterizzante,Profumo,Ci sono comunque sentori positivi come brodo di carne e pane tostato ma il NOSTRANO è MOLTO INTENSO e caratterizzante,4,3540
Aroma::giovane poco evoluto,Aroma,Giovane poco evoluto,4,3542
Texture::forse pastoso,Texture,Forse pastoso,4,3543
Struttura della Pasta::evidente microocchiatura non proprio micro,Struttura della Pasta,Evidente microocchiatura. Non proprio micro,4,3544
Struttura della Pasta::metà brutta molto metà bellina,Struttura della Pasta,"Metà brutta molto, metà bellina",4,3545
Profumo::peccato per nota leggera di stalla,Profumo,Peccato per nota leggera di stalla,4,3815
Spessore della Crosta::buoni angoli,Spessore della Crosta,Buoni angoli,8,3816
Struttura della Pasta::1 strappo centrale 5cm,Struttura della Pasta,1 strappo centrale 5cm,4,3817
Struttura della Pasta::un pochetto grossolana taglio al centro,Struttura della Pasta,Un pochetto grossolana. Taglio al centro,4,3818
Struttura della Pasta::alone centrale,Struttura della Pasta,Alone centrale,4,3819
Struttura della Pasta::fessura leggera 1,Struttura della Pasta,Fessura leggera 1,4,3820
Struttura della Pasta::piccola fessura di 4 cm,Struttura della Pasta,Piccola fessura di 4 cm,4,3821
Sapore::il sapore anomalo atipico del grana,Sapore,Il sapore anomalo. Atipico del grana,4,3831
Sapore::poco salato forse anche un poco' di dolce,Sapore,Poco salato. Forse anche un poco' di dolce,4,3832
Sapore::leggermente sapido,Sapore,Leggermente sapido ..,12,3833
Sapore::salato molto forte acre arriva dopo un poco ma permane,Sapore,"Salato molto forte, acre arriva dopo un Poco ma permane",4,3834
Aroma::neutrale,Aroma,Neutrale,4,3835
Texture::non ha struttura da grana,Texture,Non ha struttura da grana,4,3836
Struttura della Pasta::occhio di 3 mm e gruppo di occhi a grappolo centrale molt strappi chi dimenticato le perle,Struttura della Pasta,"Occhio di 3 mm e gruppo di occhi a grappolo centrale, molt strappi , chi dimenticato le PERLE",4,3837
Profumo::intenso,Profumo,Intenso,28,3838
Profumo::sentore di legno,Profumo,Sentore di legno,4,3839
Sapore::non piccante né dolce amaro,Sapore,"Non piccante, né dolce. Amaro",4,3840
Sapore::leggermente il piccante,Sapore,Leggermente il pIccante,4,3841
Sapore::piccante percettibile,Sapore,Piccante percettibile,4,3842
Texture::equilibrato,Texture,Equilibrato,4,3843
Struttura della Pasta::grana grassa,Struttura della Pasta,Grana grassa,8,3844
Struttura della Pasta::probabilmente c'è un occhio con ristagno di siero,Struttura della Pasta,Probabilmente c'è un occhio con ristagno di siero,4,3845
Struttura della Pasta::2 piccole fessure di 1 cm,Struttura della Pasta,2 piccole fessure di 1 cm,4,3846
Colore della Pasta::in corrispondenza dell'occhio con siero,Colore della Pasta,In corrispondenza dell'occhio con siero,4,3847
Profumo::troppo debole per valutare con sicurezza,Profumo,Troppo debole per valutare con sicurezza,4,3849
Sapore::acido prevalente,Sapore,Acido prevalente,8,3850
Sapore::solo leggermente piccante,Sapore,Solo leggermente piccante,8,3851
Struttura della Pasta::una piccola fessurazione,Struttura della Pasta,Una piccola fessurazione,4,3853
Struttura della Pasta::difetti leggeri,Struttura della Pasta,Difetti leggeri,4,3854
Struttura della Pasta::quasi senza grana,Struttura della Pasta,Quasi senza grana,4,3855
Colore della Pasta::alone rosato,Colore della Pasta,Alone rosato,17,3856
Profumo::odore pungente da fermentato sgradevole,Profumo,Odore pungente da fermentato. Sgradevole,4,3857
Profumo::aggressivo non piacevole,Profumo,Aggressivo non piacevole,4,3858
Sapore::sapido sgradevole,Sapore,"Sapido, sgradevole",4,3859
Sapore::manca di sale (non avrei mai pensato di scriverlo) e umami,Sapore,Manca di sale (non avrei mai pensato di scriverlo) e umami,4,3860
Aroma::vomitevole,Aroma,Vomitevole,4,3861
Aroma::salame,Aroma,Salame,4,3862
Texture::un disastro,Texture,Un disastro!,4,3863
Struttura della Pasta::sembra non abbia struttura in diverse zone non grandioso compatto,Struttura della Pasta,Sembra non abbia struttura in diverse zone. Non grandioso. Compatto,4,3864
Struttura della Pasta::purtroppo qualche piccola fessura,Struttura della Pasta,Purtroppo qualche piccola fessura,4,3865
Struttura della Pasta::2 fessure di 3 e 4 cm,Struttura della Pasta,2 fessure di 3 e 4 cm,4,3866
Colore della Pasta::giallo chiaro tendente al bianco,Colore della Pasta,Giallo chiaro tendente al bianco,4,3867
Colore della Pasta::alone leggerissimo,Colore della Pasta,Alone leggerissimo,12,3868
Sapore::un poco' troppo salato tendente all'acido con un punta di piccante alla fine,Sapore,"Un poco' troppo salato, tendente all'acido con un punta di piccante alla fine",4,3869
Aroma::moderata intensità,Aroma,Moderata intensità,4,3870
Aroma::non gradevole,Aroma,Non gradevole,4,3871
Texture::molto asciutto altri dati di texture sono buoni,Texture,Molto asciutto. Altri dati di texture sono buoni,4,3872
Struttura della Pasta::nel centro soprattutto,Struttura della Pasta,Nel centro soprattutto,4,3874
Colore della Pasta::lievissimo alone centrale ai bordi giallo chiaro,Colore della Pasta,Lievissimo alone centrale. Ai bordi giallo chiaro,4,3876
Colore della Pasta::alone leggermente rosato,Colore della Pasta,Alone leggermente rosato,4,3877
Profumo::poco complesso e poco intenso,Profumo,Poco complesso e poco intenso,4,4038
Profumo::proprio aggressivo non piacevole,Profumo,Proprio aggressivo non piacevole,4,4039
Sapore::amaro e salato prevalgono,Sapore,Amaro e salato prevalgono,4,4040
Aroma::nota di sapone,Aroma,Nota di sapone,4,4041
Texture::appena tenero,Texture,Appena tenero,4,4042
Struttura della Pasta::fessure che interessano mezzo piatto e un angolo fitta micro occhiatura localizzata,Struttura della Pasta,"Fessure che interessano mezzo piatto e un angolo , fitta micro Occhiatura localizzata",4,4043
Aroma::fievole,Aroma,Fievole,4,4045
Aroma::nota saponata,Aroma,Nota saponata,4,4046
Struttura della Pasta::presenta una fessura molto fine che non no valutato,Struttura della Pasta,"Presenta una fessura molto fine che non no valutato ,",4,4047
Struttura della Pasta::aspetto molto asciutto,Struttura della Pasta,Aspetto molto asciutto,4,4048
Struttura della Pasta::molto bella,Struttura della Pasta,Molto bella,4,4049
Struttura della Pasta::presenta un taglio molto superficiale in centro,Struttura della Pasta,Presenta un taglio molto superficiale in centro,4,4050
Profumo::molto vegetale,Profumo,Molto vegetale,4,4051
Profumo::poco intenso e poco complesso,Profumo,Poco intenso e poco complesso,12,4052
Sapore::i gusti sono ben percettibili ma il piccante e acre non sono equilibrati e sono persistenti,Sapore,I gusti sono ben percettibili ma il piccante e acre non sono equilibrati e sono persistenti,4,4053
Aroma::fermentato,Aroma,Fermentato,16,4055
Spessore della Crosta::non sono riuscito a inserire il dato comp messico dare7 5,Spessore della Crosta,"Non sono riuscito a inserire il dato comp!Messico , dare7,5",4,4056
Spessore della Crosta::regolare,Spessore della Crosta,Regolare,60,4057
Struttura della Pasta::serie di fessure sotto un piatto,Struttura della Pasta,Serie di fessure sotto un piatto,4,4058
Colore della Pasta::alone centrale particolarmente rosato bordo più tendente al giallo chiaro,Colore della Pasta,"Alone centrale particolarmente rosato, bordo più tendente al giallo chiaro",4,4059
Profumo::anche ben complesso ma intensità limitata,Profumo,Anche ben complesso. Ma intensità limitata,4,4060
Aroma::sentore di ragù,Aroma,Sentore di ragù,4,4062
Struttura della Pasta::molti strani sia sotto un piatto che verso gli scazi,Struttura della Pasta,Molti strani sia sotto un piatto che verso gli scazi,4,4063
Struttura della Pasta::le zone a grana grossolana sono molto limitate,Struttura della Pasta,Le zone a grana grossolana sono molto limitate,4,4065
Colore della Pasta::alone spostato verso un piatto,Colore della Pasta,Alone spostato verso un piatto,4,4066
Profumo::molto diverso alle apertura e spezzando i pezzi fresco prima più stagionato poi,Profumo,"Molto diverso alle apertura e spezzando i pezzi. Fresco prima, più stagionato poi",4,4096
Sapore::equilibrato non dolce,Sapore,Equilibrato. Non dolce,4,4098
Sapore::leggermente sapido salato,Sapore,Leggermente sapido salato,4,4099
Aroma::poco intenso gio avuto difficoltà a distinguere pochi aromi,Aroma,"Poco intenso, gio avuto difficoltà a distinguere pochi aromi",4,4100
Texture::non friabile,Texture,Non friabile,12,4101
Struttura della Pasta::totalmente stirata,Struttura della Pasta,Totalmente stirata,4,4102
Colore della Pasta::1 sottocrosta biancastro,Colore della Pasta,1 Sottocrosta biancastro,4,4103
Colore della Pasta::angoli particolarmente colorati,Colore della Pasta,Angoli particolarmente colorati,4,4104
Profumo::anche intenso ma nostrano e latte cotto leggero,Profumo,"Anche intenso, ma nostrano e latte cotto leggero",4,4105
Sapore::solo leggermente,Sapore,Solo leggermente,4,4106
Spessore della Crosta::1 piatto molto bello,Spessore della Crosta,1 piatto molto bello,4,4107
Struttura della Pasta::1 occhio centrale 2 cm diametro,Struttura della Pasta,1 occhio centrale 2 cm diametro,4,4108
Sapore::equilibrato con piccante leggerissimo,Sapore,Equilibrato con piccante leggerissimo,4,4210
Aroma::leggero,Aroma,Leggero,12,4212
Aroma::ho con piccante nel cata,Aroma,Ho con piccante nel Cata,4,4213
Struttura della Pasta::piccole aree spagnole al centro,Struttura della Pasta,Piccole aree spagnole al centro,4,4215
Profumo::note quasi di puzzone alla prima olfazione,Profumo,Note quasi di puzzone alla prima olfazione,4,4216
Aroma::anche qui si sente un sentore non tipico,Aroma,Anche qui si sente un sentore non tipico,4,4217
Struttura della Pasta::striata solo leggermente,Struttura della Pasta,Striata solo leggermente,4,4218
Colore della Pasta::alone centrale te ne all 'arancio,Colore della Pasta,Alone centrale te ne all...'arancio,4,4220
Colore della Pasta::alone arancio rosa,Colore della Pasta,Alone arancio rosa,4,4221
Colore della Pasta::alone centrale molto marcato,Colore della Pasta,Alone centrale molto marcato,4,4222
Profumo::amido,Profumo,Amido,4,4223
Profumo::carente sulle note lattiche,Profumo,Carente sulle note lattiche,4,4224
Sapore::amaro leggero,Sapore,Amaro leggero,4,4225
Texture::ben umido lascia una bella bocca,Texture,Ben umido. Lascia una bella bocca,4,4226
Spessore della Crosta::su un lato colore rossastra sull'altro più tendente al grigio,Spessore della Crosta,Su un lato colore rossastra sull'altro più tendente al grigio,4,4227
Spessore della Crosta::microocchiatura occhio disidratazione colore quasi verde sotto un piatto,Spessore della Crosta,"Microocchiatura, occhio, disidratazione, colore quasi verde sotto un piatto",4,4228
Struttura della Pasta::leggermente stirata e poca grana,Struttura della Pasta,Leggermente stirata e poca grana,4,4229
Sapore::scarno e pungente,Sapore,Scarno e pungente,4,4231
Aroma::desaparecido,Aroma,Desaparecido,4,4232
Spessore della Crosta::chiaro,Spessore della Crosta,Chiaro,20,4233
Struttura della Pasta::microocchiatura limitata,Struttura della Pasta,Microocchiatura limitata,4,4234
Colore della Pasta::leggero,Colore della Pasta,Leggero,4,4235
Sapore::salato e sapore di crosta,Sapore,Salato e sapore di crosta,4,4238
Aroma::flebile,Aroma,Flebile,8,4239
Aroma::zafferano,Aroma,Zafferano,4,4240
Aroma::poco percepibile a causa del salato,Aroma,Poco percepibile a causa del salato,4,4241
Aroma::pessimo all'aroma armadio della nonna,Aroma,"Pessimo all'aroma, armadio della nonna",4,4242
Struttura della Pasta::pochissime piccole fratture penalizzano,Struttura della Pasta,"Pochissime piccole fratture, penalizzano",4,4243
Struttura della Pasta::presenti numerose sfoglie e spacchi,Struttura della Pasta,Presenti numerose sfoglie e spacchi,4,4244
Struttura della Pasta::molto secca disidratata,Struttura della Pasta,"Molto secca, disidratata",4,4245
Colore della Pasta::ampio,Colore della Pasta,Ampio,4,4247
Profumo::sa di grasso di prosciutto crudo,Profumo,Sa di grasso di prosciutto crudo,4,4248
Profumo::peccato lieve nota bruciara,Profumo,Peccato lieve nota bruciara,4,4249
Profumo::poco complesso,Profumo,Poco complesso,8,4250
Profumo::crem caramel,Profumo,Crem Caramel,4,4251
Sapore::anonimo come sapore poco espresso con,Sapore,"Anonimo come sapore, poco espresso con...",4,4252
Sapore::poco stagionato sembra fresco buono da passeggio nessuna nota sgradevole,Sapore,"Poco stagionato, sembra fresco. Buono da passeggio, nessuna nota sgradevole",4,4253
Aroma::aroma non gradevole,Aroma,Aroma non gradevole,4,4254
Aroma::burro fresco molto lattico,Aroma,"Burro fresco, molto lattico",8,4255
Spessore della Crosta::belli gli angoli,Spessore della Crosta,Belli gli angoli,4,4256
Spessore della Crosta::fine sui piatti,Spessore della Crosta,Fine sui piatti,4,4257
Spessore della Crosta::colore carico solo su un piatto,Spessore della Crosta,Colore carico solo su un piatto,4,4258
Struttura della Pasta::in alcuni punti sembra meno fine meno evoluta,Struttura della Pasta,"In alcuni punti sembra meno fine, meno evoluta",4,4259
Struttura della Pasta::a zone grassa a zone secca,Struttura della Pasta,"A zone grassa, a zone secca",4,4260
Colore della Pasta::circa al carico,Colore della Pasta,Circa al carico..,4,4261
Profumo::pecorino,Profumo,Pecorino,8,4419
Sapore::sapore poco intenso ma equilibrato,Sapore,Sapore poco intenso ma equilibrato,8,4420
Sapore::appena troppo sale,Sapore,Appena troppo sale,8,4421
Sapore::delicato ma equilibrato,Sapore,Delicato ma equilibrato,8,4422
Sapore::non da grana di 18 20 mesi,Sapore,Non da grana di 18 20 mesi,8,4423
Texture::senza corpo,Texture,Senza corpo,8,4424
Texture::nel complesso non male però,Texture,Nel complesso non male però,8,4425
Spessore della Crosta::colore tenue della crosta,Spessore della Crosta,Colore tenue della crosta,8,4426
Spessore della Crosta::leggero sottocrosta carico,Spessore della Crosta,Leggero sottocrosta carico,8,4427
Struttura della Pasta::non do troppo peso a la lieve non diffusa microocchiatura,Struttura della Pasta,Non do troppo peso a la lieve non diffusa microocchiatura,8,4428
Struttura della Pasta::in certi punti verso uno scalzo grana non formata,Struttura della Pasta,"In certi punti, verso uno scalzo, grana non formata",8,4429
Struttura della Pasta::grana molto grossolana,Struttura della Pasta,Grana molto grossolana,12,4430
Colore della Pasta::molto carico,Colore della Pasta,Molto carico,20,4431
Profumo::tanta nanna e latte ben intenso,Profumo,Tanta nanna e latte. Ben intenso,4,4432
Sapore::solo leggero acido,Sapore,Solo leggero acido,4,4435
Texture::peccato per il tenero,Texture,Peccato per il tenero,4,4436
Profumo::leggerissima nota tormentata,Profumo,Leggerissima nota tormentata,4,4439
Sapore::poco salato no umami manchevolezze,Sapore,Poco salato. No umami. Manchevolezze,4,4440
Spessore della Crosta::1 piatto molto bello l'altro più spesso ottimo angoli,Spessore della Crosta,1 piatto molto bello. L'altro più spesso. Ottimo angoli,4,4441
Colore della Pasta::in certe zone appena più carico il colore piccola disomogeneità,Colore della Pasta,In certe zone appena più carico il colore: piccola disomogeneità,4,4442
Profumo::pochi sentori pannosi,Profumo,Pochi sentori pannosi.,4,4482
Texture::appena appena asciutto,Texture,Appena appena asciutto,4,4483
Struttura della Pasta::grana media,Struttura della Pasta,Grana media,4,4484
Profumo::povero poco complesso discreta intensità,Profumo,Povero. Poco complesso. Discreta intensità,4,4485
Profumo::crosta in senso positivo (in precedenza poteva essere positivo o negativo),Profumo,Crosta in senso positivo (in precedenza poteva essere positivo o negativo),4,4486
Profumo::nota leggermente fermentata,Profumo,Nota leggermente fermentata,4,4487
Sapore::deciso ed equilibrato,Sapore,Deciso ed equilibrato,4,4488
Aroma::paglia,Aroma,Paglia,4,4490
Texture::molto asciutto quasi secco,Texture,Molto asciutto. Quasi secco,4,4491
Struttura della Pasta::ruvida,Struttura della Pasta,Ruvida,40,4492
Colore della Pasta::il verde è solo accentuato,Colore della Pasta,Il verde è solo accentuato,4,4493
Profumo::note evolute dominanti,Profumo,Note evolute dominanti,4,4622
Profumo::intensità più che moderata,Profumo,Intensità più che moderata,4,4623
Sapore::piatto al palato una punta di piccante alla fine,Sapore,Piatto al palato. Una punta di piccante alla fine,4,4624
Sapore::non equilibrato,Sapore,Non equilibrato,8,4625
Sapore::equilibrato ma lievemente acre in gola,Sapore,"Equilibrato,ma lievemente acre in gola",4,4626
Aroma::evoluto carente sulle note lattiche formaggio cotto,Aroma,"Evoluto, carente sulle note lattiche, formaggio cotto",4,4627
Struttura della Pasta::1 fessura e un piccolo occhio,Struttura della Pasta,1 fessura e un piccolo occhio,4,4628
Struttura della Pasta::un dell'occhio 5mm fessure piccole,Struttura della Pasta,Un dell'occhio 5mm fessure piccole,4,4629
Struttura della Pasta::presenza di un occhio al centro della pasta,Struttura della Pasta,Presenza di un occhio al centro della pasta,4,4630
Colore della Pasta::il giallo verde è solo accennato,Colore della Pasta,Il giallo verde è solo accennato,4,4632
Profumo::non molto intenso,Profumo,Non molto intenso,8,4644
Profumo::nota vegetale di primo naso poi si alleggerisce,Profumo,Nota vegetale di primo naso. Poi si alleggerisce,4,4645
Sapore::buona armonia ma piccante percepibile,Sapore,Buona armonia ma piccante percepibile,4,4646
Aroma::neutro,Aroma,Neutro,4,4647
Texture::tenero,Texture,Tenero,4,4648
Spessore della Crosta::angoli molto belli,Spessore della Crosta,Angoli molto belli,8,4649
Colore della Pasta::alone centrale poco marcato,Colore della Pasta,Alone centrale poco marcato,4,4652
Colore della Pasta::la crosta da un alone rosato a tutta la pasta,Colore della Pasta,La crosta da Un alone rosato a tutta la pasta,4,4653
Profumo::pane tostato potentissimo,Profumo,Pane tostato potentissimo,4,4726
Sapore::incompleto no umami no dolce,Sapore,"Incompleto: no umami, no dolce",4,4728
Sapore::manca il salato,Sapore,Manca il salato,12,4729
Aroma::persistente ma poco intenso non sono riuscita a riconoscere e separare gli aromi,Aroma,"Persistente ma poco intenso, non sono riuscita a riconoscere e separare gli aromi",4,4730
Sapore::sapore di nostrano,Sapore,Sapore di nostrano,4,4738
Texture::molto solubile in realtà è troppo solubile,Texture,Molto solubile in realtà è TROPPO SOLUBILE,4,4739
Struttura della Pasta::2 punti con grappoli di occhi con piccoli ammassi bianchi,Struttura della Pasta,2 punti con grappoli di occhi con piccoli ammassi bianchi,4,4740
Struttura della Pasta::presente dei buchi problematici,Struttura della Pasta,Presente dei buchi problematici,4,4741
Struttura della Pasta::occhio di oltre 2 cm e micro occhiatina diffusa,Struttura della Pasta,Occhio di oltre 2 cm e micro occhiatina diffusa,4,4742
Struttura della Pasta::occhio di circa 2 5 cm con all'interno siero e un agglomerato di quelli che sembrano cristalli altro insieme di occhi più piccoli ma tutti uniti proprie sul taglio centrale,Struttura della Pasta,"Occhio di circa 2,5 cm con all'interno siero e un agglomerato di quelli che sembrano cristalli. Altro insieme di occhi più piccoli ma tutti uniti proprie sul taglio centrale",4,4743
Colore della Pasta::riflessi giallo verosimili per la struttura no dimenticato anche leggera stiratura,Colore della Pasta,Riflessi giallo verosimili. Per la struttura no dimenticato anche leggera stiratura,4,4744
Sapore::assente il dolce,Sapore,Assente il dolce,4,4746
Sapore::piccante leggerissimo,Sapore,Piccante leggerissimo,4,4747
Texture::molto equilibrato,Texture,Molto equilibrato,4,4749
Spessore della Crosta::2 brutti angoli,Spessore della Crosta,2 brutti angoli,4,4750
Spessore della Crosta::troppo negli angoli,Spessore della Crosta,Troppo negli angoli,4,4751
Spessore della Crosta::colori diversi fra i piatti,Spessore della Crosta,Colori diversi fra i piatti,4,4752
Struttura della Pasta::molte piccole fratture centrali e sotto un piatto,Struttura della Pasta,Molte piccole fratture centrali e sotto un piatto,4,4753
Struttura della Pasta::più fessure da 1 e 2 cm solo in prossimità di un piatto,Struttura della Pasta,Più fessure da 1 e 2 cm solo in prossimità di un piatto,4,4754
Colore della Pasta::fascia di colore più chiaro,Colore della Pasta,Fascia di colore più chiaro,4,4755
Colore della Pasta::immatricolata conferisce quasi un colore rosato ma solo pochi cm dopo la crosta l'amore è spostato verso uno dei due piatti,Colore della Pasta,"Immatricolata conferisce quasi un colore rosato, ma solo pochi cm dopo la crosta. L'amore è spostato verso uno dei due piatti",4,4756
Sapore::amati e sale evidenti,Sapore,Amati e sale evidenti,4,4758
Struttura della Pasta::vuole fratture sotto un piatto,Struttura della Pasta,Vuole fratture sotto un piatto,4,4759
Struttura della Pasta::anche bella la struttura ma microocchiatura diffusa,Struttura della Pasta,"Anche bella la struttura, ma microocchiatura diffusa",4,4760
Profumo::leggero e non complesso,Profumo,Leggero e non complesso,4,4779
Profumo::spezzando un pezzo no percepito un leggero odore di cipolla,Profumo,Spezzando un pezzo no percepito un leggero odore di cipolla,4,4780
Sapore::leggermente prevalente il sapido,Sapore,Leggermente prevalente il sapido,4,4782
Profumo::odore iniziale non convincente poi sfuma,Profumo,"Odore iniziale non convincente, poi sfuma",4,4808
Sapore::molto strano anche se non prevalenti le note acido amare,Sapore,Molto strano...anche se non prevalenti le note acido-amare,4,4810
Aroma::liquirizia,Aroma,Liquirizia,4,4811
Aroma::torna un cattivo sentore tanta frutta secca nocciola,Aroma,Torna un cattivo sentore. Tanta frutta secca . Nocciola,4,4812
Profumo::stalla ma solo al primo impatto,Profumo,Stalla ma solo al primo impatto!,4,4902
Struttura della Pasta::in un quinto della sezione grana non sviluppata,Struttura della Pasta,"In un quinto della sezione, grana non sviluppata",4,4904
Colore della Pasta::molto bello,Colore della Pasta,Molto bello,8,4906
Profumo::il sentore di nostrano é un dubbio,Profumo,Il sentore di nostrano é un dubbio,4,4907
Sapore::manca pienezza umami ma ha un sui equilibrio non dolce,Sapore,"Manca pienezza, umami. Ma ha un sui equilibrio. Non dolce",4,4908
Texture::pastoso e o asciutto ma nel complesso buono,Texture,Pastoso e o asciutto ma nel complesso buono!,4,4909
Struttura della Pasta::microocchiatura ridotta,Struttura della Pasta,Microocchiatura ridotta,4,4911
Sapore::leggermente acidulo,Sapore,Leggermente acidulo,8,4914
Texture::perplesso sembrano pochi cristalli ma molte perle oppure cristalli grandi non cristallizzato non scrocchiarelli,Texture,"Perplesso. Sembrano pochi cristalli ma molte perle. Oppure cristalli grandi, non cristallizzato, non scrocchiarelli",4,4915
Texture::contiene perle piuttosto dure non piacevoli alla masticazione,Texture,"Contiene perle piuttosto dure, non piacevoli alla masticazione",4,4916
Texture::leggermente schioccante,Texture,Leggermente schioccante,4,4917
Texture::un poco troppo umido ma non è bagnato,Texture,"Un Poco troppo umido, ma non è bagnato",4,4918
Profumo::leggere note bruciate,Profumo,Leggere note bruciate,4,4936
Sapore::scarno,Sapore,Scarno,4,4938
Sapore::debole come sapore anche leggermente sciapo,Sapore,Debole come sapore anche leggermente sciapo,4,4939
Colore della Pasta::molto netto lo stacco tra i il marrone sottoscritta e la fascia chiara,Colore della Pasta,Molto netto lo stacco tra i il marrone sottoscritta e la fascia chiara,4,4940
Colore della Pasta::leggera ossidatura centrale alone,Colore della Pasta,Leggera ossidatura centrale ...alone?,4,4941
Sapore::acido e amaro prevalgono non dolce salato equilibrato,Sapore,Acido e amaro prevalgono. Non dolce. Salato equilibrato,4,4949
Aroma::strano comunque,Aroma,Strano comunque,4,4950
Spessore della Crosta::brutti angoli,Spessore della Crosta,Brutti angoli,4,4951
Struttura della Pasta::abbastanza regolare e anche grana ben presente,Struttura della Pasta,Abbastanza regolare e anche grana ben presente,4,4952
Profumo::strano a tratti sentiva di pesce perplesso,Profumo,Strano. A tratti sentiva di pesce. Perplesso,4,4958
Sapore::pungente sulla lingua anche se non salato o piccante nettamente sembra quasi una pungenza da acido,Sapore,"Pungente sulla lingua, anche se non salato o piccante nettamente. Sembra quasi una pungenza da acido",4,4959
Texture::peccato per asciutto,Texture,Peccato per asciutto,4,4960
Spessore della Crosta::buoni angoli e scalzi,Spessore della Crosta,Buoni angoli e scalzi,4,4961
Struttura della Pasta::assenza di grana,Struttura della Pasta,Assenza di grana,8,4962
Struttura della Pasta::microocchiatura estesa,Struttura della Pasta,Microocchiatura estesa!!!!!!,4,4963
Struttura della Pasta::assistenza di grana nella parte centrale,Struttura della Pasta,Assistenza di grana nella parte centrale,4,4964
Profumo::intenso e molto equilibrato,Profumo,Intenso e molto equilibrato,4,5043
Sapore::piccante e amaro eccessivi,Sapore,Piccante e amaro eccessivi,4,5044
Sapore::leggermente acido e o piccante ma veramente solo accennati,Sapore,Leggermente acido e o piccante... Ma veramente solo accennati,4,5045
Aroma::sapone,Aroma,Sapone,28,5046
Aroma::nota di frutta fresca che ricorda l'uva,Aroma,Nota di frutta fresca che ricorda l'uva,4,5047
Struttura della Pasta::leggermente poco regolare,Struttura della Pasta,Leggermente poco regolare....,4,5048
Colore della Pasta::qualche leggerissima macchia rosata nella zona interessata da microocchiatura,Colore della Pasta,Qualche leggerissima macchia rosata nella zona interessata da microocchiatura,4,5049
Profumo::soprattutto all'apertura,Profumo,Soprattutto all'apertura,4,5050
Profumo::peccato per il fondo di bruciato,Profumo,Peccato per il fondo di bruciato,4,5052
Sapore::equilibrio,Sapore,Equilibrio,4,5053
Sapore::umami contenuto prevale tendenza dolce,Sapore,"Umami contenuto, prevale tendenza dolce",4,5054
Struttura della Pasta::la struttura verso gli scalzi è diversa dal centro,Struttura della Pasta,La struttura verso gli scalzi è diversa dal centro,4,5057
Profumo::molto diversi i 4 pezzi e all'apertura,Profumo,Molto diversi i 4 pezzi e all'apertura,4,5067
Profumo::molto buono,Profumo,Molto buono!,4,5068
Sapore::ambivalenza dove amaro,Sapore,Ambivalenza dove:-amaro...,4,5069
Texture::troppo friabile,Texture,Troppo friabile,4,5070
Colore della Pasta::non paglierino appena più satura,Colore della Pasta,Non paglierino. Appena più satura,4,5071
Colore della Pasta::leggerissima macchia rosata,Colore della Pasta,Leggerissima macchia rosata,4,5072
Profumo::al primo olfatto sfumatura non gradevole,Profumo,"Al primo olfatto, sfumatura non gradevole",4,5074
Sapore::acido domina,Sapore,Acido domina,4,5075
Spessore della Crosta::comunque fine,Spessore della Crosta,Comunque fine!,4,5078
Struttura della Pasta::occhio centrale si intravede,Struttura della Pasta,Occhio centrale si intravede,4,5079
Struttura della Pasta::leggere sia striature che microocchiature una frattura,Struttura della Pasta,Leggere sia striature che microocchiature...una frattura,4,5080
Struttura della Pasta::occhio di calore 5 mm in centro circondato da zona spugnosa,Struttura della Pasta,"Occhio di calore 5 mm in centro, circondato da zona spugnosa",4,5081
Struttura della Pasta::un occhio da quasi 1 cm,Struttura della Pasta,Un occhio da quasi 1 cm,4,5082
Colore della Pasta::alone rosato localizzato al centro,Colore della Pasta,Alone rosato localizzato al centro,4,5083
Colore della Pasta::macchia centrale marroncina,Colore della Pasta,Macchia centrale marroncina,4,5084
Colore della Pasta::rosa e nocciola nel centro,Colore della Pasta,Rosa e nocciola nel centro,4,5085
Colore della Pasta::grossa macchia scura in centro irregolare,Colore della Pasta,"Grossa macchia scura in centro, irregolare",4,5086
Sapore::prevale il sale,Sapore,Prevale il sale,4,5118
Sapore::forse un poco' insipido,Sapore,Forse un poco' insipido,4,5119
Aroma::poco complesso prevalente lattico,Aroma,"Poco complesso, prevalente lattico",4,5120
Struttura della Pasta::grande area spagnola centrale,Struttura della Pasta,Grande area spagnola centrale,4,5122
Colore della Pasta::paglierino ai lati giallo chiaro al centro,Colore della Pasta,Paglierino ai lati. Giallo chiaro al centro,4,5123
Profumo::abbastanza intenso,Profumo,Abbastanza intenso,4,5124
Profumo::crosta solo accennata,Profumo,Crosta solo accennata,4,5125
Struttura della Pasta::tante piccole fratture di 1 o 2 cm su tutta la superficie,Struttura della Pasta,Tante piccole fratture di 1 o 2 cm su tutta la superficie,4,5128
Struttura della Pasta::grana anche buona ma piena di tagli,Struttura della Pasta,"Grana anche buona, ma piena di tagli",4,5129
Struttura della Pasta::enorme quantità di fessurazioni,Struttura della Pasta,Enorme quantità di fessurazioni,4,5130
Struttura della Pasta::troppe fessure,Struttura della Pasta,Troppe fessure!,4,5132
Struttura della Pasta::le fessure sono tante da far se veste la forma tagliata su tutta la superficie la grana è grossolana in alcuni punti,Struttura della Pasta,"Le fessure sono tante da far se!veste la forma tagliata su tutta la superficie, la grana è grossolana in alcuni punti",4,5133
Struttura della Pasta::forma troppo ascritta segnalo numerosissime piccole fessure su tutta la superficie,Struttura della Pasta,"Forma troppo ascritta, segnalo numerosissime piccole fessure su tutta la superficie",4,5134
Colore della Pasta::molto troppo carico,Colore della Pasta,Molto troppo carico,4,5135
Profumo::troppa crosta,Profumo,Troppa crosta,4,5270
Profumo::pungente,Profumo,Pungente,4,5271
Sapore::troppo salato,Sapore,Troppo salato,12,5273
Sapore::molto squilibrato,Sapore,Molto squilibrato,8,5274
Texture::sotto i denti no sentito cristalli molto grossi o perle,Texture,Sotto i denti no sentito cristalli molto grossi o perle,4,5276
Profumo::leggera fermentazione,Profumo,Leggera fermentazione,4,5284
Sapore::non sono sicuro di percepire dolcezza,Sapore,Non sono sicuro di percepire dolcezza,4,5285
Sapore::solo leggeri,Sapore,Solo leggeri...,4,5287
Spessore della Crosta::buoni gli angoli,Spessore della Crosta,Buoni gli angoli,4,5291
Spessore della Crosta::chiara,Spessore della Crosta,Chiara,4,5292
Struttura della Pasta::vedo microocchiatura ma in zone molto limitate,Struttura della Pasta,"Vedo microocchiatura, ma in zone molto limitate",4,5293
Struttura della Pasta::prova di grana,Struttura della Pasta,Prova di grana,4,5294
Struttura della Pasta::due piccole aree spagnole in centro con microocchiatura raggruppati nel resto della forma la microocchiatura è più distanziata,Struttura della Pasta,"Due piccole aree spagnole in centro con Microocchiatura raggruppati. Nel resto della forma, la Microocchiatura è più distanziata",4,5295
Colore della Pasta::c'è una fascia non alone centrale appena più sarura,Colore della Pasta,"C'è una fascia, non alone centrale, appena più sarura",4,5296
Sapore::appena percepiti e non sovrastanti,Sapore,Appena percepiti e non sovrastanti,4,5312
Colore della Pasta::solo riflessi verdi,Colore della Pasta,"Solo riflessi verdi,,,,",4,5313
Sapore::appena troppo sale amaro scarno del resto,Sapore,Appena troppo sale. Amaro. Scarno del resto,4,5315
Sapore::molto piccante ma sparisce subito dopo aver ingoiato,Sapore,Molto piccante ma sparisce subito dopo aver ingoiato,4,5316
Struttura della Pasta::grana tipo parmigiano le fatture me la fanno penalizzare altrimenti bella,Struttura della Pasta,Grana tipo parmigiano. Le fatture me la fanno penalizzare. Altrimenti bella,4,5318
Profumo::stalla al primo impatto poi si apre,Profumo,Stalla al primo impatto poi si apre!!!,4,5320
Sapore::non sento dolce amaro e sale spiccano,Sapore,Non sento dolce. Amaro e sale spiccano,4,5321
Sapore::squilibrio,Sapore,Squilibrio..,4,5323
Texture::anche patatoso,Texture,Anche patatoso..,4,5324
Struttura della Pasta::in punti limitati la buona grana sembra meno sviluppata,Struttura della Pasta,In punti limitati la buona grana sembra meno sviluppata,4,5325
Struttura della Pasta::due aree spagnole di circa 2 5 cm,Struttura della Pasta,"Due aree spagnole di circa 2,5 cm",4,5326
Aroma::molto lattico burro fresco,Aroma,"Molto lattico, burro fresco",4,5330
Struttura della Pasta::grande occhio subito sotto la superficie dove era stato tolto un pezzo di pasta,Struttura della Pasta,Grande occhio subito sotto la superficie dove era stato tolto un pezzo di pasta,4,5331
Struttura della Pasta::l'occhio di sauron,Struttura della Pasta,L'occhio di Sauron,4,5332
Struttura della Pasta::enorme cavità al centro,Struttura della Pasta,Enorme cavità al centro,4,5333
Struttura della Pasta::grosso occhio con siero,Struttura della Pasta,Grosso occhio con siero,4,5334
Struttura della Pasta::occhio centrale molto fondo di ca 3 cm con ristagno di siero attorno all'occhio c'è un'ampia zona spugnosa,Struttura della Pasta,Occhio centrale molto fondo di ca 3 cm con ristagno di siero. Attorno all'occhio c'è un'ampia zona spugnosa,4,5335
Struttura della Pasta::grande occhio centrale di circa 4cm,Struttura della Pasta,Grande occhio centrale di circa 4cm,4,5336
Profumo::intenso ma poco caratteristico stantio chiuso catina,Profumo,"intenso ma poco caratteristico, stantio, chiuso, catina",4,5458
Profumo::panna burro lato cotto leggero tostato,Profumo,Panna burro lato cotto leggero tostato,4,5459
Profumo::brodo di carne burro fuso,Profumo,"brodo di carne, burro fuso",4,5460
Profumo::leggero stracci sporchi all'inizio poi panna vegetale,Profumo,leggero stracci sporchi all'inizio poi panna vegetale,4,5461
Profumo::stantio cavolfiore,Profumo,"stantio, cavolfiore",4,5462
Profumo::sentore di cotto tostato,Profumo,"sentore di cotto, tostato",4,5463
Profumo::intensità' moderata sentori lattei burro poca panna tostato crosta,Profumo,"intensità' moderata. sentori lattei, burro, poca panna. tostato. crosta",4,5464
Profumo::all'apertura ododre pungente quasi ammoniacale poi tostati decisi e speziati latte cotto quasi bruciato cacao amaro e caffé,Profumo,"all'apertura ododre pungente, quasi ammoniacale, poi tostati decisi e speziati, latte cotto quasi bruciato, cacao amaro e caffé",4,5465
Profumo::no difetti ma chiuso,Profumo,no difetti ma chiuso,4,5466
Profumo::burro,Profumo,burro,20,5467
Profumo::latte crudo fruttato,Profumo,latte crudo;fruttato,4,5468
Sapore::dolce sapido buon umami piccantezza contenuta,Sapore,"dolce sapido, buon umami, piccantezza contenuta",8,5469
Sapore::equilibrato ma con una nota acida iniziale,Sapore,"equilibrato, ma con una nota acida iniziale",4,5470
Sapore::umami accenutato e leggermete piccante,Sapore,"umami accenutato, e leggermete piccante",4,5471
Sapore::dolce,Sapore,dolce,32,5474
Sapore::non dolce non amaro il resto bene presente poco umami f,Sapore,non dolce. non amaro. il resto bene presente. poco umami. f,4,5475
Sapore::un poco' di acido iniziale poi dolciastro alla fine esce anche un poco' di amaro,Sapore,"un poco' di acido iniziale, poi dolciastro, alla fine esce anche un poco' di amaro",4,5476
Sapore::piccante,Sapore,piccante,98,5477
Sapore::piccante salato,Sapore,piccante;salato;,28,5479
Aroma::nota di sapone di ossidato meno sgradevole che al naso,Aroma,"nota di sapone, di ossidato, meno sgradevole che al naso",4,5480
Aroma::panna burro latte cotto e leggero tostato,Aroma,panna burro latte cotto e leggero tostato,4,5481
Aroma::sentore di brodo di carne e leggemrente di crosta,Aroma,sentore di brodo di carne e leggemrente di crosta,4,5482
Aroma::vegetale balsamico,Aroma,vegetale balsamico,8,5483
Aroma::leggermente stantio,Aroma,leggermente stantio,20,5484
Aroma::formaggio piacevole ma non e' grana,Aroma,formaggio piacevole ma non e' grana,4,5485
Aroma::nocciola tostato caramello scuro tostati decisi brodo di carne,Aroma,"nocciola tostato, caramello scuro, tostati decisi, brodo di carne",4,5487
Aroma::difettoso,Aroma,difettoso,8,5488
Aroma::crosta di formaggio,Aroma,crosta di formaggio,56,5489
Texture::morbida poco granulosa poco solubile buona presenza di microcristalli leggermente adesiva,Texture,"morbida, poco granulosa, poco solubile, buona presenza di microcristalli, leggermente adesiva",4,5491
Texture::in bocca si sciogli bene lasciando granelli percettibili ma piccoli,Texture,"In bocca si sciogli bene, lasciando granelli percettibili, ma piccoli",4,5492
Texture::duro pasta compatta e poco friabile grana molto fine cristalli praticamente assenti solubile,Texture,"duro, pasta compatta e poco friabile, grana molto fine, cristalli praticamente assenti, solubile.",4,5493
Texture::grana abbastanza evidente pastoso con pochi cristalli lascia residuo,Texture,grana abbastanza evidente pastoso con pochi cristalli lascia residuo,4,5494
Texture::poca grana in bocca pastoso,Texture,"poca grana in bocca, pastoso",4,5496
Texture::cristalli presenti ma rari tende al morbido umido comunque discreta friabilità,Texture,"cristalli presenti, ma rari. tende al morbido. umido. comunque discreta friabilità",4,5497
Texture::compatto poco friabile poco granuloso adesivo quasi senza cristalli,Texture,"compatto, poco friabile, poco granuloso, adesivo, quasi senza cristalli",4,5498
Texture::grana assente molto tenero,Texture,grana assente molto tenero,4,5499
Texture::poco umido,Texture,poco umido,4,5500
Spessore della Crosta::0 8 su un lato e o 6 sull'altro,Spessore della Crosta,"0,8 su un lato e o,6 sull'altro",4,5502
Spessore della Crosta::piatti difformi uno molto fine è netto l'altro con crosta sfumata e grossa,Spessore della Crosta,"Piatti difformi, uno molto fine è netto. L'altro con crosta sfumata e grossa",4,5503
Spessore della Crosta::media,Spessore della Crosta,Media,194,5507
Spessore della Crosta::sottile,Spessore della Crosta,Sottile,160,5509
Spessore della Crosta::sottile su una faccia,Spessore della Crosta,Sottile su una faccia,4,5510
Spessore della Crosta::media 0 8,Spessore della Crosta,"Media 0,8",6,5511
Spessore della Crosta::sottili,Spessore della Crosta,Sottili,4,5512
Struttura della Pasta::grana abbastanza fine ma con striature1 strappo di 5 cm cristalli ben visibili e qualche perla di roma 5 mm,Struttura della Pasta,Grana abbastanza fine ma con Striature1 strappo di 5 cm cristalli ben visibili e qualche perla di Roma 5 mm,4,5513
Struttura della Pasta::1 spacco 3 cm buona grana dotata di finezza una certa discrezionalità delle fibre centrale,Struttura della Pasta,"1 spacco 3 cm. Buona grana, dotata di finezza. Una certa discrezionalità delle fibre centrale",4,5514
Struttura della Pasta::frattura regolare una crepa interna,Struttura della Pasta,"Frattura regolare,una crepa interna",4,5516
Struttura della Pasta::spacco,Struttura della Pasta,Spacco,4,5518
Struttura della Pasta::frattura regolare pasta all'apparenza compatta e poco grandiosa fessura,Struttura della Pasta,"Frattura regolare, pasta all'apparenza compatta e poco grandiosa, fessura",4,5519
Struttura della Pasta::strappo evidente,Struttura della Pasta,Strappo evidente,4,5520
Struttura della Pasta::frattura ok ma presenza di spacco grana non molto profilata,Struttura della Pasta,"Frattura ok ma presenza di spacco, grana non molto profilata",4,5521
Struttura della Pasta::grossa fessura grana poco formata stiratura,Struttura della Pasta,Grossa fessura grana poco formata stiratura,4,5522
Struttura della Pasta::evidente sfoglia di 4 cm frattura regolare,Struttura della Pasta,"Evidente sfoglia di 4 cm, frattura regolare",4,5523
Colore della Pasta::alone più scuro che contrasta con un piatto più chiaro 4 macchie rosate,Colore della Pasta,"Alone più scuro che contrasta con un piatto più chiaro, 4 macchie rosate",4,5524
Colore della Pasta::carico al centro nel tono del giallo,Colore della Pasta,Carico al centro nel tono del giallo,4,5525
Colore della Pasta::rosa ai bordi,Colore della Pasta,Rosa ai bordi,4,5526
Colore della Pasta::alone centrale,Colore della Pasta,Alone centrale,80,5527
Colore della Pasta::più chiaro verso l'esterno diverse macchie,Colore della Pasta,"Più chiaro verso l'esterno, diverse macchie",4,5528
Colore della Pasta::nocciola al centro,Colore della Pasta,Nocciola al centro,4,5529
Colore della Pasta::giallo chiaro con macchie rosa,Colore della Pasta,Giallo chiaro con macchie rosa,4,5530
Colore della Pasta::grande alone centrale e qualche piccola macchia rosa,Colore della Pasta,Grande alone centrale e qualche piccola macchia rosa,4,5531
Colore della Pasta::carico quasi ossidato con due macchie rosa,Colore della Pasta,Carico quasi ossidato con due macchie rosa,4,5532
Colore della Pasta::macchie rosa colore chiaro alone centrale più scuro,Colore della Pasta,Macchie rosa colore chiaro alone centrale più scuro,4,5533
Colore della Pasta::paglierino sganciato omogeneoamente distribuito,Colore della Pasta,Paglierino sganciato omogeneoamente distribuito,4,5534
Profumo::poco intenso monotono brodo di carne,Profumo,"poco intenso, monotono, brodo di carne",4,5535
Profumo::vegetalke cotto burro panna tostato leggero,Profumo,"Vegetalke cotto, burro, panna, tostato leggero",4,5536
Profumo::panna,Profumo,panna,68,5538
Profumo::premio la buona intensità' frofumi di latte cotto burro sciolto frutta secca,Profumo,"premio la buona intensità'. frofumi di latte cotto, burro sciolto. frutta secca.",4,5541
Profumo::latte cotto molto quando si attacca alla padella mou cacao non zuccherato,Profumo,"latte cotto molto, quando si attacca alla padella, mou, cacao non zuccherato,",4,5542
Profumo::chiuso leggermente ammoniaca,Profumo,chiuso leggermente ammoniaca,4,5543
Profumo::panna e burro,Profumo,panna e burro,12,5544
Profumo::formaggio fritto,Profumo,formaggio fritto;,4,5545
Sapore::sapidità' contenuta umami marcato poco piccante poco equilibrio,Sapore,"sapidità' contenuta, umami marcato, poco piccante, poco equilibrio",4,5546
Sapore::equilibrato con leggera nota piccante,Sapore,Equilibrato con leggera nota piccante,4,5547
Sapore::sapori in equilibrio con solo una piccola punta di amaro in coda sembra poco stagionato,Sapore,"sapori in equilibrio, con solo una piccola punta di amaro in coda, sembra poco stagionato",4,5548
Sapore::leggermente amaro e salato,Sapore,leggermente amaro e salato,4,5549
Sapore::leggermente salato,Sapore,leggermente salato,110,5550
Sapore::dolce poco sale,Sapore,"dolce, poco sale",4,5551
Sapore::piccante gusto pieno la consistenza facilita l adesione al palato e esalta i gusti,Sapore,Piccante. gusto pieno. la consistenza facilita l-adesione al palato e esalta i gusti,4,5552
Sapore::umami e leggero amaro finale,Sapore,umami e leggero amaro finale,4,5553
Sapore::buon bilanciamento di sale,Sapore,buon bilanciamento di sale,4,5555
Sapore::acido,Sapore,acido,72,5556
Aroma::poco caratteristico propionico e di brodo di carne tipo emmental,Aroma,"poco caratteristico, propionico e di brodo di carne, tipo emmental",4,5557
Aroma::vegatale e tostato leggero,Aroma,Vegatale e tostato leggero,4,5558
Aroma::panna e burro,Aroma,panna e burro,4,5559
Aroma::panna + leggero cotto/bruciato,Aroma,panna + leggero cotto/bruciato,4,5560
Aroma::latte cotto burro fuso,Aroma,"latte cotto, burro fuso",4,5562
Aroma::latte cotto troppo cacao caramello brodo di carne,Aroma,"latte cotto troppo, cacao, caramello, brodo di carne",4,5564
Aroma::non da grana biscotto,Aroma,non da grana biscotto,4,5565
Aroma::latte e panna,Aroma,latte e panna,8,5566
Texture::quasi gommosa poco granulosa ma solubile più\ da formaggio nostrano,Texture,"quasi gommosa, poco granulosa ma solubile, più\ da formaggio nostrano",4,5568
Texture::lascia in pocca dei residui cremoso presenza di criatalli,Texture,"lascia in pocca dei residui cremoso, presenza di criatalli",4,5569
Texture::duro e copmatto ma senza grana sembra poco stagionato solubile,Texture,"duro e copmatto ma senza grana, sembra poco stagionato, solubile",4,5570
Texture::morbido e impasta qualche cristalli lascia residuo in bocca,Texture,morbido e impasta qualche cristalli lascia residuo in bocca,4,5571
Texture::leggermente gommoso,Texture,leggermente gommoso,26,5572
Texture::morbido e cedevole impasta la bocca cristalli presenti,Texture,morbido e cedevole. impasta la bocca. cristalli presenti,4,5574
Texture::compatto adesivo poco solubile e poco friabile poco granuloso pochi cristalli,Texture,"compatto, adesivo, poco solubile e poco friabile, poco granuloso, pochi cristalli",4,5575
Texture::grana assente tenerissimo,Texture,grana assente tenerissimo,4,5576
Texture::presenza di cristalli buona solubilità,Texture,"presenza di cristalli, buona solubilità",4,5577
Texture::pochi cristalli molto pastoso,Texture,pochi cristalli;molto pastoso,4,5578
Spessore della Crosta::12 cm ma sfuma su una base scura,Spessore della Crosta,12 cm ma sfuma su una base scura,4,5579
Spessore della Crosta::limite sfumato ma sempre sopra il cm,Spessore della Crosta,Limite sfumato ma sempre sopra il cm,4,5580
Spessore della Crosta::0 8 cm molto fine su i piatti spessa sugli scalzi,Spessore della Crosta,"0,8 cm molto fine su I piatti. Spessa sugli scalzi",4,5584
Spessore della Crosta::molto sottile su una faccia,Spessore della Crosta,Molto sottile su una faccia,4,5587
Spessore della Crosta::negli scalzi grossa molto fine nei piatti,Spessore della Crosta,Negli scalzi grossa molto fine nei piatti,4,5588
Struttura della Pasta::pasta stirata con microocchiature centrali con frattura arrotondata,Struttura della Pasta,Pasta stirata con microocchiature centrali con frattura arrotondata,4,5590
Struttura della Pasta::nettamente stirato al centro occhiatura centrale anche di una certa dimensione frattura buona,Struttura della Pasta,Nettamente stirato al centro. Occhiatura centrale anche di una certa dimensione. Frattura buona,4,5591
Struttura della Pasta::stirata,Struttura della Pasta,Stirata,54,5592
Struttura della Pasta::frattura irregolare microocchiatura localizzata,Struttura della Pasta,"Frattura irregolare,Microocchiatura localizzata",4,5593
Struttura della Pasta::microocchiatura zone stirate,Struttura della Pasta,"Microocchiatura, zone stirate",4,5594
Struttura della Pasta::stirata soprattutto al centro in una zona presente microocchiatura,Struttura della Pasta,Stirata soprattutto al centro. In una zona presente Microocchiatura,4,5595
Struttura della Pasta::pasta stirata in centro leggera occhiatura frattura abbastanza regolare,Struttura della Pasta,"Pasta stirata in centro, leggera occhiatura, frattura abbastanza regolare",4,5596
Struttura della Pasta::grande area stirata e con bocciatura non trascurabile,Struttura della Pasta,Grande area stirata e con bocciatura non trascurabile,4,5597
Struttura della Pasta::visibilmente stirata con presenza di micro occhiatura a tratti,Struttura della Pasta,Visibilmente stirata con presenza di micro occhiatura a tratti,4,5598
Struttura della Pasta::nella parte centrale assente fortemente stirata tanta occhiatura anche grossa nella parte centrale,Struttura della Pasta,Nella parte centrale assente fortemente stirata tanta occhiatura anche grossa nella parte centrale,4,5599
Struttura della Pasta::frattura irregolare impugnatura evidente centralmente bocciatura media grosda,Struttura della Pasta,Frattura irregolare impugnatura evidente centralmente bocciatura media grosda,4,5600
Colore della Pasta::molto carico grigiastro con ragionevoli scuro e chiazza allungata rodata sotto 1 piatto di 10 15 cm,Colore della Pasta,Molto carico grigiastro con ragionevoli scuro e chiazza allungata rodata sotto 1 piatto di 10 15 cm,4,5601
Colore della Pasta::carico saturo con zone più chiare verso gli scalzi,Colore della Pasta,"Carico, saturo, con zone più chiare verso gli scalzi",4,5602
Colore della Pasta::irregolare,Colore della Pasta,Irregolare,8,5603
Colore della Pasta::abbastanza omogeneo ma carico una macchia,Colore della Pasta,"Abbastanza omogeneo ma carico, una macchia",4,5605
Colore della Pasta::colore bruno quasi nocciola ci sono delle zone rosate,Colore della Pasta,Colore bruno quasi nocciola. Ci sono delle zone rosate,4,5606
Colore della Pasta::giall carico con alone rosa,Colore della Pasta,Giall carico con alone rosa,4,5607
Colore della Pasta::macchie rosa non piccole,Colore della Pasta,Macchie rosa non piccole,4,5608
Colore della Pasta::eccessivamente carico con evidente macchie rosa,Colore della Pasta,Eccessivamente carico con evidente macchie rosa,4,5609
Colore della Pasta::molto carico non tipico,Colore della Pasta,Molto carico non tipico,4,5610
Colore della Pasta::omogeneamente paglierino carico ambrato,Colore della Pasta,Omogeneamente paglierino carico ambrato,4,5611
Profumo::poco intenso burro fuso nota fermentata brodo,Profumo,"poco intenso, burro fuso, nota fermentata, brodo",4,5766
Profumo::latto cotto burro tostato,Profumo,Latto cotto burro tostato,4,5767
Profumo::burro burro fuso e crosta leggeri,Profumo,"burro, burro fuso e crosta, leggeri",4,5768
Profumo::latte/panna cotto,Profumo,"latte/panna , cotto",4,5769
Profumo::note floreali su base latte panna e burro freschi lieve tostatura intensità' buona,Profumo,"note floreali su base latte, panna e burro freschi. lieve tostatura. intensità' buona",4,5772
Profumo::in più di un pezzo sentore di marcio fermentato cattico putrido,Profumo,"in più di un pezzo sentore di marcio, fermentato cattico, putrido",4,5773
Profumo::positivo ma poco intenso,Profumo,positivo ma poco intenso,4,5774
Profumo::latte,Profumo,latte,20,5775
Profumo::latte fresco panna brodo vegetale,Profumo,latte fresco;panna;brodo vegetale,4,5776
Sapore::sapidità' media piccantezza marcata buon umami,Sapore,"sapidità' media, piccantezza marcata, buon umami",4,5777
Sapore::saporito salato e uamai adeguati piccante praticamente assente,Sapore,"saporito, salato e uamai adeguati, piccante praticamente assente",4,5779
Sapore::salato,Sapore,salato,248,5780
Sapore::non direi dolce ma il resto equilibrato senza umami,Sapore,"non direi dolce, ma il resto equilibrato, senza umami",4,5783
Sapore::leggermente prevalenti salato e umami,Sapore,leggermente prevalenti salato e umami,4,5784
Sapore::buon bilanciamento sentore di formaggio cotto,Sapore,"buon bilanciamento, sentore di formaggio cotto",4,5786
Aroma::burro fuso panna brodo di carne equilibrato,Aroma,"burro fuso, panna, brodo di carne, equilibrato",4,5788
Aroma::latto cotto burrro panna e tostato finale,Aroma,Latto cotto burrro panna e tostato finale,4,5789
Aroma::aroma di formaggio cotto e burro fuso leggeri e non fastidiosi,Aroma,"aroma di formaggio cotto e burro fuso, leggeri e non fastidiosi",4,5790
Aroma::animale/paglia/letame,Aroma,animale/paglia/letame,4,5791
Aroma::lattici cotti brodo animale,Aroma,"lattici cotti, brodo animale",4,5795
Aroma::latte,Aroma,latte,16,5798
Texture::umida cedevole morbida poco granulosa poco solubile,Texture,"umida, cedevole, morbida, poco granulosa, poco solubile",4,5799
Texture::lascia pochi frammenti,Texture,lascia pochi frammenti,4,5800
Texture::moderata durezza friabile granuloso solubile cristalli percepibili,Texture,"moderata durezza, friabile, granuloso, solubile, cristalli percepibili",4,5801
Texture::asciutto granuloso cristalli abbastanza solubile,Texture,asciutto granuloso cristalli abbastanza solubile,4,5802
Texture::friabile ma non asciutto microcristalli fini e presenti struttura fine,Texture,friabile ma non asciutto. microcristalli fini e presenti. struttura fine,4,5805
Texture::umido e solubile,Texture,umido e solubile,4,5806
Texture::un poco più\ presente la grana,Texture,un poco- più\ presente la grana,4,5807
Texture::cristalli presenti microstruttura tendente all inesistente,Texture,"cristalli presenti, microstruttura tendente all-inesistente",4,5808
Texture::pastoso,Texture,pastoso,74,5809
Spessore della Crosta::1 cm ma di colore molto contrastato,Spessore della Crosta,1 cm ma di colore molto contrastato,4,5810
Spessore della Crosta::1 piatto sul 12 mm o più l'altro più sottile,Spessore della Crosta,"1 piatto sul 12 mm o più, l'altro più sottile",4,5811
Spessore della Crosta::omogenea,Spessore della Crosta,Omogenea,12,5812
Spessore della Crosta::1 1 cm,Spessore della Crosta,"1,1 cm",24,5815
Spessore della Crosta::dal colore marcato meno spessa su un lato,Spessore della Crosta,"Dal colore marcato, meno spessa su un lato",4,5818
Spessore della Crosta::molto evidente,Spessore della Crosta,Molto evidente,4,5819
Struttura della Pasta::frattura con profondo avvallamento e striature che si dipartono da un piatto,Struttura della Pasta,Frattura con profondo avvallamento e striature che si dipartono da un piatto,4,5821
Struttura della Pasta::grana fine anche omogenea peccato la frattura irregolare,Struttura della Pasta,"Grana fine, anche omogenea. Peccato la frattura irregolare",4,5822
Struttura della Pasta::granulosa,Struttura della Pasta,Granulosa,32,5823
Struttura della Pasta::granulosa fine,Struttura della Pasta,Granulosa fine,8,5824
Struttura della Pasta::zone stirata microocchiatura,Struttura della Pasta,"Zone stirata, Microocchiatura",4,5825
Struttura della Pasta::grana omogenea grossolana,Struttura della Pasta,"Grana omogenea, grossolana",4,5826
Struttura della Pasta::frattura abbastanza regolare grana visibile nessuna occhiatura,Struttura della Pasta,"Frattura abbastanza regolare, grana visibile, nessuna occhiatura,",4,5827
Struttura della Pasta::particolare frattura su un piatto grana evidente,Struttura della Pasta,"Particolare frattura su un piatto, grana evidente",4,5828
Struttura della Pasta::frattura non bellissima ma pasta granulosa con grana abbastanza definita,Struttura della Pasta,"Frattura non bellissima ma pasta granulosa, con grana abbastanza definita",4,5829
Struttura della Pasta::grana bella frattura non del tutto regolare ma assenza di difetti,Struttura della Pasta,Grana Bella frattura non del tutto regolare ma assenza di difetti,4,5830
Struttura della Pasta::frattura integolare,Struttura della Pasta,Frattura integolare,4,5831
Colore della Pasta::alone leggero on corona rodata e una macchia rosata,Colore della Pasta,Alone leggero on corona rodata e una macchia rosata,4,5832
Colore della Pasta::al centro e verso 1 piatto più carico,Colore della Pasta,Al centro e verso 1 piatto più carico,4,5833
Colore della Pasta::giallina,Colore della Pasta,Giallina,8,5834
Colore della Pasta::giallo carico,Colore della Pasta,Giallo carico,56,5835
Colore della Pasta::co ore un poco' carico ma omogeneo positivo,Colore della Pasta,Co!ore un poco' carico ma omogeneo. Positivo,4,5837
Colore della Pasta::giallo intenso uniforme,Colore della Pasta,Giallo intenso uniforme,8,5838
Colore della Pasta::alone nocciola dove rottura con fossa,Colore della Pasta,Alone nocciola dove rottura con fossa,4,5839
Colore della Pasta::carico con lieve alone rosato,Colore della Pasta,Carico con lieve alone rosato,4,5840
Colore della Pasta::alone più scuro centrale,Colore della Pasta,Alone più scuro centrale,4,5841
Colore della Pasta::un piatto più chiaro,Colore della Pasta,Un piatto più chiaro,12,5842
Profumo::mediamente intenso latte bruciato lieve pungenza,Profumo,"mediamente intenso, latte bruciato, lieve pungenza",4,5843
Profumo::panna latte cotto tostato con un poco di fruttato,Profumo,"Panna, latte cotto, tostato, con un poco di fruttato",4,5844
Profumo::burro fuso leggero sentore di affumicato,Profumo,"burro fuso, leggero sentore di affumicato",4,5848
Profumo::profumi leggeri,Profumo,profumi leggeri,4,5849
Profumo::all'apertura anche frutta e fiori poi panna,Profumo,"all'apertura anche frutta e fiori, poi panna",4,5850
Profumo::leggermente propionico,Profumo,leggermente propionico,16,5851
Profumo::formaggio fritto latte cotto panna,Profumo,formaggio fritto;latte cotto;panna;,4,5853
Sapore::dolce scarsa sapidità' scarsa piccantezza basso umami,Sapore,"dolce, scarsa sapidità', scarsa piccantezza, basso umami",4,5854
Sapore::equilibrato con leggera picantezza,Sapore,Equilibrato con leggera picantezza,4,5855
Sapore::acido e piccante salato e umami nella norma,Sapore,"acido e piccante, salato e umami nella norma",4,5856
Sapore::salato leggermente piccante,Sapore,"salato, leggermente piccante",26,5859
Sapore::non dolce essenziale non squilibrato poco umami,Sapore,"non dolce. essenziale non squilibrato, poco umami",4,5860
Sapore::prevalgono un poco' il salato e l'acido,Sapore,prevalgono un poco' il salato e l'acido,4,5861
Sapore::non equilibrato salato e piccante,Sapore,non equilibrato salato e piccante,4,5862
Sapore::panna e burro,Sapore,panna e burro,4,5863
Sapore::acido umami leggermente piccante,Sapore,acido;umami;leggermente piccante,8,5864
Aroma::note di emmental propioniche frutta tropicale poco complesso e poco caratteristico,Aroma,"note di emmental, propioniche, frutta tropicale, poco complesso e poco caratteristico",4,5865
Aroma::latte cotto burro fuso leggero tostato,Aroma,Latte cotto burro fuso leggero tostato,4,5866
Aroma::latticello fermentato lattici cotti crosta pulita,Aroma,"latticello fermentato, lattici cotti, crosta pulita",4,5872
Aroma::brodo vegetale,Aroma,brodo vegetale;,8,5875
Texture::asciutta granulosa poco solubile,Texture,"asciutta, granulosa, poco solubile",4,5876
Texture::non scioglie subito ma lascia la bocca pulita ci sono molti cristalli,Texture,"non scioglie subito, ma lascia la bocca pulita, ci sono molti cristalli",4,5877
Texture::asciutto granuloso e poco solubile restano residui in bocca quasi fastidioso,Texture,"asciutto, granuloso e poco solubile, restano residui in bocca, quasi fastidioso",4,5878
Texture::granuloso ma no cristalli abba stanza sol,Texture,granuloso ma no cristalli abba stanza sol,4,5879
Texture::poco solubile farinoso,Texture,poco solubile. farinoso,4,5881
Texture::friabile ma non asciutto microstruttura fine nessun cristallo percepito,Texture,friabile ma non asciutto. microstruttura fine. nessun cristallo percepito,4,5882
Texture::non molto solubile,Texture,non molto solubile,4,5883
Texture::scarsa solubilità,Texture,scarsa solubilità,4,5885
Spessore della Crosta::10 o 22mm,Spessore della Crosta,10 o 22mm,4,5887
Spessore della Crosta::1 piatto sottile ~8mm l'altro piatto oltre il cm,Spessore della Crosta,"1 piatto sottile, ~8mm. L'altro piatto oltre il cm",4,5888
Spessore della Crosta::crosta disomogenea media 1 cm,Spessore della Crosta,Crosta disomogenea. Media 1 cm,4,5892
Spessore della Crosta::più spessa su una faccia,Spessore della Crosta,Più spessa su una faccia,16,5895
Struttura della Pasta::frattura irregolare zona sotto un piatto che si sgretola leggero strappo,Struttura della Pasta,Frattura irregolare zona sotto un piatto che si sgretola leggero strappo,4,5898
Struttura della Pasta::struttura grandiosa non fine ma omogenea,Struttura della Pasta,Struttura grandiosa non fine ma omogenea,4,5899
Struttura della Pasta::frattura irregolare texture granulosa,Struttura della Pasta,"Frattura irregolare,texture granulosa",4,5901
Struttura della Pasta::struttura slegata disomogenea presente una spacco,Struttura della Pasta,"Struttura slegata, disomogenea. Presente una spacco",4,5903
Struttura della Pasta::frattura abbastanza regolare struttura granulare,Struttura della Pasta,"Frattura abbastanza regolare, struttura granulare,",4,5904
Struttura della Pasta::grana grossa qualche strappetto frattura,Struttura della Pasta,"Grana grossa, qualche strappetto, frattura",4,5905
Struttura della Pasta::frattura non bellissima pasta granulosa con una bella struttura,Struttura della Pasta,"Frattura non bellissima, pasta granulosa con una bella struttura",4,5906
Struttura della Pasta::frattura evidente fessura leggera grana presente ma grossolana,Struttura della Pasta,Frattura evidente fessura leggera grana presente ma grossolana,4,5907
Struttura della Pasta::frattura molto irregolare grandiosa con cristalli,Struttura della Pasta,"Frattura molto irregolare, grandiosa con cristalli",4,5908
Colore della Pasta::chiara abbastanza uniforme,Colore della Pasta,Chiara abbastanza uniforme,4,5909
Colore della Pasta::paglierino verso un piatto e parte degli scalzi il resto più saturo,Colore della Pasta,Paglierino verso un piatto e parte degli scalzi. Il resto più saturo,4,5910
Colore della Pasta::omogeneo,Colore della Pasta,Omogeneo,74,5911
Colore della Pasta::chiaro ma non omogeneo,Colore della Pasta,Chiaro ma non omogeneo,4,5913
Colore della Pasta::giallo leggermente verdastro più carico al centro,Colore della Pasta,"Giallo leggermente verdastro, più carico al centro",4,5915
Colore della Pasta::alone centrale più carico,Colore della Pasta,Alone centrale più carico,12,5917
Colore della Pasta::non del tutto uniforme alcune zone tendente al grigio,Colore della Pasta,Non del tutto uniforme alcune zone tendente al grigio,4,5918
Colore della Pasta::paglierino più intenso nella parte centrale scarico estremamente,Colore della Pasta,"Paglierino più intenso nella parte centrale, scarico estremamente",4,5919
Profumo::mediamente intenso panna burro fuso brodo,Profumo,"mediamente intenso, panna, burro fuso, brodo",4,5920
Profumo::panna prevalente segue il vegetale secco e il tostato,Profumo,panna prevalente segue il vegetale secco e il tostato,4,5921
Profumo::burro latte leggero sentore di formaggio cotto,Profumo,"burro, latte, leggero sentore di formaggio cotto",4,5922
Profumo::vegetale,Profumo,vegetale,20,5923
Profumo::profumo molto debole,Profumo,profumo molto debole,4,5925
Profumo::leggero non complesso poche note fresche più\ cotto e crosta tostato,Profumo,leggero. non complesso. poche note fresche. più\ cotto e crosta. tostato,4,5926
Profumo::molto intenso e positivo,Profumo,molto intenso e positivo,4,5928
Profumo::panna e brodo vegetale,Profumo,panna e brodo vegetale,4,5929
Profumo::latte cotto fieno,Profumo,latte cotto;fieno;,4,5930
Sapore::sapidità' bassa dolcezza elevata piccantezza bassa umami basso nel complesso un poco scarico,Sapore,"sapidità' bassa, dolcezza elevata, piccantezza bassa, umami basso, nel complesso un poco scarico",4,5931
Sapore::un poco troppo acido con leggero piccante,Sapore,un poco troppo acido con leggero piccante,4,5932
Sapore::buon equilibrio di sapori piccante leggero,Sapore,"buon equilibrio di sapori, piccante leggero",4,5933
Sapore::equilibrato poco salato,Sapore,"equilibrato, poco salato",4,5936
Sapore::nessuna nota prevalente tutte presenti anche dolce,Sapore,"nessuna nota prevalente, tutte presenti. anche dolce",4,5937
Sapore::un poco' salato,Sapore,un poco' salato,12,5938
Sapore::dolce pizzica leggermente,Sapore,dolce pizzica leggermente,4,5939
Sapore::scarso di sale formaggio cotto,Sapore,"scarso di sale, formaggio cotto",4,5940
Sapore::umami leggermente piccante acido,Sapore,umami;leggermente piccante;acido;,4,5941
Aroma::panna burro crosta di formaggio,Aroma,"panna, burro, crosta di formaggio",4,5942
Aroma::latte cotto burro panna,Aroma,Latte cotto burro panna,4,5943
Aroma::panna burro e crosta di formaggio leggerissima nota di animale stalla ma non negativa,Aroma,"panna, burro e crosta di formaggio, leggerissima nota di animale,stalla, ma non negativa",4,5944
Aroma::panna vegetale non tanto da grana,Aroma,panna vegetale non tanto da grana,4,5945
Aroma::leggero piacevole,Aroma,leggero. piacevole,4,5947
Aroma::crosta di grana brodo di carne,Aroma,"crosta di grana, brodo di carne",4,5949
Aroma::legge crosta,Aroma,legge crosta,4,5950
Texture::un poco umida mediamente granulosa mediamente solubile pochi cristalli,Texture,"un poco umida, mediamente granulosa, mediamente solubile, pochi cristalli",4,5953
Texture::lascia la bocca abbastanza pulita presenza di diversi cristalli,Texture,"lascia la bocca abbastanza pulita, presenza di diversi cristalli",4,5954
Texture::abbastanza duro compatto ma friabile grana fine solubile,Texture,"abbastanza duro, compatto ma friabile, grana fine, solubile",4,5955
Texture::morbido con qualche cristallo asciutto tende ad impastare poca grana si scioglie,Texture,morbido con qualche cristallo asciutto tende ad impastare poca grana si scioglie,4,5956
Texture::un poco' pastoso,Texture,un poco' pastoso,4,5958
Texture::friabile microstruttura non fine cristalli presenti numerosi di diverse dimensioni prima della deglutizione tende ad asciugare le fauci,Texture,"friabile. microstruttura non fine. cristalli presenti, numerosi, di diverse dimensioni. prima della deglutizione tende ad asciugare le fauci",4,5959
Texture::non troppo friabile né solubile,Texture,non troppo friabile né solubile,4,5960
Texture::poca grana,Texture,poca grana,8,5961
Texture::microstruttura assente,Texture,microstruttura assente,4,5962
Spessore della Crosta::1 o 1 2,Spessore della Crosta,"1 o 1,2",4,5964
Spessore della Crosta::spessa agli angoli,Spessore della Crosta,Spessa agli angoli,4,5966
Spessore della Crosta::sottocrosta molto marcato 1 4cm,Spessore della Crosta,"Sottocrosta molto marcato. 1,4cm",4,5969
Spessore della Crosta::spessa oltre 1cm,Spessore della Crosta,Spessa oltre 1cm,4,5974
Struttura della Pasta::frattura irregolare fine bocciatura molto fitta anche sotto crosta,Struttura della Pasta,Frattura irregolare fine bocciatura molto fitta anche sotto crosta,4,5975
Struttura della Pasta::occhiatura nel terzo centrale buona frattura grana non omogenea per una certa discrezionalità centrale non fine comunque il rimanente,Struttura della Pasta,Occhiatura nel terzo centrale. Buona frattura. Grana non omogenea per una certa discrezionalità centrale. Non fine comunque il rimanente,4,5976
Struttura della Pasta::presenti molte occhiatura stirata,Struttura della Pasta,Presenti molte occhiatura Stirata,4,5977
Struttura della Pasta::frattura irregolare e microocchiatura diffusa,Struttura della Pasta,Frattura irregolare e Microocchiatura diffusa,4,5978
Struttura della Pasta::microocchiatura diffusa zone stirata occhiatura di notevoli dimensioni in un punto vicino al sottocrosta,Struttura della Pasta,"Microocchiatura diffusa, zone stirata, occhiatura di notevoli dimensioni in un punto vicino al sottocrosta",4,5979
Struttura della Pasta::struttura in parte stirata non omogenea,Struttura della Pasta,"Struttura in parte stirata, non omogenea.",4,5980
Struttura della Pasta::spinosa non regolare con occhiatura diffuse,Struttura della Pasta,"Spinosa, non regolare con occhiatura diffuse",4,5981
Struttura della Pasta::stirata occhiatura diffusa soprattutto in metà forma e sotto un piatto nell altra metà,Struttura della Pasta,"Stirata, occhiatura diffusa soprattutto in metà forma e sotto un piatto nell altra metà",4,5982
Struttura della Pasta::difettosa stirata con zona con presenza di micro occhiatura,Struttura della Pasta,"Difettosa, stirata, con zona con presenza di micro occhiatura",4,5983
Struttura della Pasta::frattura evidente striature struttura assente,Struttura della Pasta,Frattura evidente striature struttura assente,4,5984
Struttura della Pasta::un lato della forma è spugnosa colore omogeneamente paglierino carico con leggera nota verdognola e presenza di cristalli,Struttura della Pasta,"Un lato della forma è spugnosa, colore omogeneamente paglierino carico, con leggera nota verdognola e presenza di cristalli.",4,5985
Colore della Pasta::aloni nella zona occhiata evidenziati da frattura strana,Colore della Pasta,Aloni nella zona occhiata evidenziati da frattura strana,4,5986
Colore della Pasta::omogeneo non carico,Colore della Pasta,"Omogeneo, non carico",8,5987
Colore della Pasta::omogenea,Colore della Pasta,Omogenea,32,5988
Colore della Pasta::carico abbastanza omogeneo,Colore della Pasta,Carico abbastanza omogeneo,20,5990
Colore della Pasta::colore carico tendente al bruno,Colore della Pasta,Colore carico tendente al bruno,4,5991
Colore della Pasta::giallo chiaro,Colore della Pasta,Giallo chiaro,28,5992
Colore della Pasta::alone nella zona con maggiore occhiatura,Colore della Pasta,Alone nella zona con maggiore occhiatura,4,5993
Colore della Pasta::giallo omogeneo ma carico,Colore della Pasta,Giallo omogeneo ma carico,4,5994
Colore della Pasta::chiaro macchie rosa,Colore della Pasta,Chiaro macchie rosa,4,5995
Colore della Pasta::omogenea paglierino carico con riflesso verdognolo,Colore della Pasta,Omogenea paglierino carico con riflesso verdognolo,4,5996
Profumo::intenso ma difettoso pozzo marcio putrido,Profumo,"intenso ma difettoso, pozzo, marcio, putrido",4,5997
Profumo::latte acido tostato con leggero vegetale secco,Profumo,"Latte acido, tostato con leggero vegetale secco",4,5998
Profumo::odore di burro fuso con note di tostato e brodo vegetale nell'insieme non del tutto gradevole,Profumo,"odore di burro fuso, con note di tostato e brodo vegetale, nell'insieme non del tutto gradevole",4,5999
Profumo::tostato bruciato (caffe ) vegetali cotti,Profumo,tostato bruciato (caffe?) vegetali cotti,4,6000
Profumo::brodo vegetale verdure lesse stantio,Profumo,"brodo vegetale, verdure lesse, stantio",4,6001
Profumo::latte cotto o bruciato,Profumo,latte cotto o bruciato,4,6002
Profumo::leggero/moderato come intensità' note di pane tostato burro latte cotto fungo/tartufo,Profumo,"leggero/moderato come intensità'. note di pane tostato. burro, latte cotto. fungo/tartufo",4,6003
Profumo::lattici cotti tostati liquirizia cacao caffè mou,Profumo,"lattici cotti, tostati, liquirizia, cacao, caffè, mou",4,6004
Profumo::non tipico da altro formaggio cotto,Profumo,non tipico da altro formaggio cotto,4,6005
Profumo::brodo,Profumo,brodo,44,6006
Profumo::latte cotto panna,Profumo,latte cotto;panna;,8,6007
Sapore::umami marcato poco equilibrato,Sapore,"umami marcato, poco equilibrato",4,6008
Sapore::gusti poco accentuati nell'insieme blando,Sapore,"gusti poco accentuati, nell'insieme blando",4,6010
Sapore::pungente anche amaro,Sapore,"pungente, anche amaro",4,6014
Sapore::panna,Sapore,panna,4,6017
Sapore::dolce leggermente piccante umami,Sapore,dolce;leggermente piccante;umami;,4,6018
Aroma::pessimo poco caratteristico acqua di fogna marcio,Aroma,"pessimo, poco caratteristico, acqua di fogna, marcio",4,6019
Aroma::tostato prevelante vegetale cotto,Aroma,"Tostato prevelante, vegetale cotto",4,6020
Aroma::tostato e glutammato piuttosto forti,Aroma,tostato e glutammato piuttosto forti,4,6021
Aroma::vegetale non grana,Aroma,vegetale non grana,4,6022
Aroma::cavolfiore,Aroma,cavolfiore,8,6023
Aroma::un poco' di cotto,Aroma,un poco' di cotto,4,6024
Aroma::come alla prima olfazione nasale sento una nota di formaggio non tipico trentingrana,Aroma,come alla prima olfazione nasale sento una nota di formaggio non tipico trentingrana,4,6025
Aroma::cacao lattici cotti troppo crosta di pane quasi bruciata,Aroma,"cacao, lattici cotti troppo, crosta di pane quasi bruciata,",4,6026
Aroma::non da grana malga o altro formaggio,Aroma,non da grana malga o altro formaggio,4,6027
Aroma::latte cotto,Aroma,latte cotto;,56,6029
Texture::umida poco granulosa quasi adesiva,Texture,"umida, poco granulosa, quasi adesiva",4,6030
Texture::si scioglie con difficolta e lascia frammenti medi,Texture,Si scioglie con difficolta e lascia frammenti medi,4,6031
Texture::compatto e duro ma con grana quasi assente asciutto,Texture,"compatto e duro ma con grana quasi assente, asciutto",4,6032
Texture::morbida poca grana no cristalli lascia residuo,Texture,morbida poca grana no cristalli lascia residuo,4,6033
Texture::morbido al morso del molare pastoso,Texture,"morbido al morso del molare, pastoso",4,6036
Texture::compatto poco friabile poco solubile pochi cristalli,Texture,"compatto, poco friabile, poco solubile, pochi cristalli",4,6037
Texture::troppo tenero poca grana,Texture,troppo tenero poca grana,4,6038
Texture::grana fine leggermente farinoso,Texture,"grana fine, leggermente farinoso",4,6039
Texture::pochi cristalli,Texture,pochi cristalli,40,6040
Spessore della Crosta::circa 1 cm ma di colore poco contrastato,Spessore della Crosta,Circa 1 cm ma di colore poco contrastato,4,6041
Spessore della Crosta::limite sfumato valori attorno al cm discreto spigoli,Spessore della Crosta,Limite sfumato. Valori attorno al cm. Discreto spigoli,4,6042
Spessore della Crosta::nella norma,Spessore della Crosta,Nella norma,8,6047
Spessore della Crosta::disomogenea su un piatto finissima spigoli pronunciati,Spessore della Crosta,Disomogenea su un piatto finissima spigoli pronunciati,4,6050
Struttura della Pasta::grana fine è stirata con frattura circolate con strappo,Struttura della Pasta,Grana fine è stirata con frattura circolate con strappo,4,6052
Struttura della Pasta::presenza di degustazioni grosse scaglie la grana tende ad avere una direzione non stirata grana meno evidente al centro frattura discreta,Struttura della Pasta,"Presenza di degustazioni, grosse scaglie.. La grana tende ad avere una direzione, non stirata. Grana meno evidente al centro, frattura discreta",4,6053
Struttura della Pasta::presente spacco centrale,Struttura della Pasta,Presente spacco centrale,4,6054
Struttura della Pasta::frattura irregolare ma grana fine,Struttura della Pasta,Frattura irregolare ma grana fine,4,6055
Struttura della Pasta::zone stirate,Struttura della Pasta,Zone stirate,22,6056
Struttura della Pasta::tende allo stirato spacco,Struttura della Pasta,"Tende allo stirato, spacco",4,6057
Struttura della Pasta::frattura non regolare fessure,Struttura della Pasta,"Frattura non regolare, fessure",4,6058
Struttura della Pasta::frattura un poco' irregolare qualche strappo diversa sotto i due piatti,Struttura della Pasta,"Frattura un poco' irregolare, qualche strappo, diversa sotto i due piatti",4,6059
Struttura della Pasta::frattura non bellissima presenza di qualche spacco nella pasta grana poco profilata tendente allo stirato,Struttura della Pasta,"Frattura non bellissima, presenza di qualche spacco nella pasta, grana poco profilata tendente allo stirato",4,6060
Struttura della Pasta::frattura evidente leggermente stirata federazioni,Struttura della Pasta,Frattura evidente leggermente stirata federazioni,4,6061
Struttura della Pasta::frattura abbastanza inregolare,Struttura della Pasta,Frattura abbastanza inregolare,4,6062
Colore della Pasta::carico on leggero alone,Colore della Pasta,Carico on leggero alone,4,6063
Colore della Pasta::tende al chiaro con un alone centrale poco più carico,Colore della Pasta,Tende al chiaro con un alone centrale poco più carico,4,6064
Colore della Pasta::colore molto carico,Colore della Pasta,Colore molto carico,8,6068
Colore della Pasta::giallo chiaro con aloni rosati,Colore della Pasta,Giallo chiaro con aloni rosati,4,6069
Colore della Pasta::leggermente degradante tra i 2 piatti,Colore della Pasta,Leggermente degradante tra i 2 piatti,4,6070
Colore della Pasta::abbastanza omogeneo ma carico zona più scura verso un piatto,Colore della Pasta,"Abbastanza omogeneo ma carico, zona più scura verso un piatto",4,6071
Colore della Pasta::avv omogeneo ma intenso,Colore della Pasta,Avv omogeneo ma intenso,4,6072
Colore della Pasta::omogenea paglierino,Colore della Pasta,Omogenea paglierino,4,6073
Profumo::poco pulito note pungenti al naso sentori di pozzo e acqua stagnante,Profumo,"poco pulito, note pungenti al naso, sentori di pozzo e acqua stagnante,",4,7306
Profumo::impercettibile,Profumo,impercettibile,8,7309
Profumo::latte acidino,Profumo,latte acidino,4,7311
Profumo::intenso grana e formaggio fuso,Profumo,intenso grana e formaggio fuso,4,7312
Profumo::fermentato animale,Profumo,fermentato animale,4,7314
Profumo::al primo olfatto odore sgradevole stalla fecale poi dissolve resta comunque povero e maturo,Profumo,"al primo olfatto odore sgradevole, stalla, fecale. poi dissolve. Resta comunque povero e maturo",4,7315
Profumo::burro fuso brodo emmental leggeri,Profumo,"burro fuso, brodo, emmental leggeri",4,7316
Sapore::dolce sapido con nota acida umami contenuto e piccantezza abbastanza marcata,Sapore,"dolce sapido con nota acida, umami contenuto, e piccantezza abbastanza marcata",4,7317
Sapore::non male ma poco caratteristico,Sapore,"Non male, ma poco caratteristico",4,7318
Sapore::salato e un poco piccante,Sapore,salato e un poco- piccante,4,7320
Sapore::dolciastro un poco piccante,Sapore,"dolciastro , un poco- piccante",4,7322
Sapore::equilibrato e anche dolce,Sapore,equilibrato e anche dolce..,4,7323
Sapore::acido amaro,Sapore,acido amaro,44,7325
Sapore::pungente> salato e piccante,Sapore,pungente> salato e piccante,4,7326
Sapore::motlo umami,Sapore,motlo umami,4,7327
Aroma::lattico di burro sciolto con lievi note lattiche acide ma nel complesso equilibrato,Aroma,lattico di burro sciolto con lievi note lattiche acide ma nel complesso equilibrato,4,7328
Aroma::manca di carattere,Aroma,Manca di carattere,4,7329
Aroma::cotto,Aroma,cotto,92,7330
Aroma::lattico acido,Aroma,lattico acido,4,7333
Aroma::burro grana,Aroma,"burro, grana",20,7334
Aroma::mi torna una puzza non definita,Aroma,mi torna una puzza non definita,4,7337
Aroma::aroma di cotto intenso,Aroma,"aroma di cotto intenso,",4,7338
Texture::cedevole poco granulosa umida quasi adesiva,Texture,"cedevole, poco granulosa, umida, quasi adesiva",4,7339
Texture::compatto molto solubile ma non friabile poca grana,Texture,"Compatto, molto solubile ma non friabile, poca grana",4,7340
Texture::morbido asciutto poca grana,Texture,morbido asciutto poca grana,4,7341
Texture::adesivo,Texture,adesivo,4,7344
Texture::molto morbido umidità' e pastosita molto buone pochi granuli,Texture,"molto morbido .. umidità' e pastosita molto buone, pochi granuli",4,7345
Texture::leggermente umido ma con cristalli,Texture,leggermente umido ma con cristalli,4,7346
Texture::umido a fine bocca fondente,Texture,"umido, a fine bocca fondente",4,7348
Texture::umida morbida solubile,Texture,"umida , morbida, solubile",4,7349
Spessore della Crosta::piatti e scalzo ben definiti media 8mm spigoli 11mm circa,Spessore della Crosta,Piatti e scalzo ben definiti media 8mm Spigoli 11mm circa,4,7350
Spessore della Crosta::12 m,Spessore della Crosta,12 m,4,7351
Spessore della Crosta::mediamente superiore al cm,Spessore della Crosta,Mediamente superiore al cm,4,7352
Spessore della Crosta::8 mm,Spessore della Crosta,8 mm,32,7357
Spessore della Crosta::9 10 chiaro,Spessore della Crosta,9 10 chiaro,4,7358
Spessore della Crosta::10 mm,Spessore della Crosta,10 mm,72,7360
Struttura della Pasta::irregolare gessata ma non per le macchie di umidità,Struttura della Pasta,Irregolare gessata ma non per le macchie di umidità,4,7361
Struttura della Pasta::pasta irregolare con zona centrale con fitti strappi piccoli sembra quasi realizzata,Struttura della Pasta,Pasta irregolare con zona centrale con Fitti strappi piccoli sembra quasi realizzata,4,7362
Struttura della Pasta::grandiosa un poco' grossolana lieve struttura centrale frattura ottima presenza di punti biancastro bagnati che attribuisco al cellophane e non castigo,Struttura della Pasta,"Grandiosa, un poco' grossolana. Lieve struttura centrale. Frattura ottima. Presenza di punti biancastro bagnati che attribuisco al cellophane e non castigo",4,7363
Struttura della Pasta::omogenea,Struttura della Pasta,Omogenea,4,7364
Struttura della Pasta::zone umide e più chiare leggera frattura su un piatto,Struttura della Pasta,"Zone umide e più chiare ,leggera frattura su un piatto",4,7365
Struttura della Pasta::sfogliata gessata,Struttura della Pasta,"Sfogliata, gessata.",4,7366
Struttura della Pasta::rigeneratrice nel senso del piatto altrimenti grana omogenea,Struttura della Pasta,Rigeneratrice nel senso del piatto altrimenti grana omogenea,4,7367
Struttura della Pasta::piccoli spacchi grana non bella,Struttura della Pasta,"Piccoli spacchi, grana non bella",4,7368
Struttura della Pasta::stirata al centro diversi micro strappi disomogenea,Struttura della Pasta,"Stirata al centro, diversi micro strappi, disomogenea",4,7369
Struttura della Pasta::bella frattura grana presente zona che tende allo stirato e alla foglia zone umide quasi gessate,Struttura della Pasta,"Bella frattura, grana presente, zona che tende allo stirato e alla foglia, zone umide quasi gessate",4,7370
Struttura della Pasta::grandiosa grossolana pero,Struttura della Pasta,Grandiosa grossolana pero!,4,7371
Colore della Pasta::chiaro tendente al verde grigio,Colore della Pasta,Chiaro tendente al verde grigio,4,7373
Colore della Pasta::omogeneo chiaro,Colore della Pasta,"Omogeneo, chiaro",20,7374
Colore della Pasta::colore chiaro uniforme ma con una tonalità non tipica,Colore della Pasta,Colore chiaro uniforme ma con una tonalità non tipica,4,7377
Colore della Pasta::paglierino omogeneo,Colore della Pasta,Paglierino omogeneo,8,7378
Colore della Pasta::un poco' verdastra angoli,Colore della Pasta,Un poco' verdastra angoli,4,7379
Colore della Pasta::chiara con leggero alone centrale,Colore della Pasta,Chiara con leggero alone centrale,6,7380
Colore della Pasta::a parte le zone gessate omogeneo e bello,Colore della Pasta,"A parte le zone gessate, omogeneo e bello",4,7381
Colore della Pasta::giallo tendente al chiaro ma aree verdognole,Colore della Pasta,"Giallo tendente al chiaro, ma aree verdognole",4,7382
Profumo::abbastanza equilibrato note caratteristiche presenti,Profumo,"abbastanza equilibrato, note caratteristiche presenti",4,7383
Profumo::floreale e fruttato fresco pannoso,Profumo,"floreale e fruttato, fresco, pannoso",4,7384
Profumo::leggero sentore di fermentato,Profumo,leggero sentore di fermentato,4,7386
Profumo::fruttato,Profumo,fruttato,20,7388
Profumo::tostatura e note polverose,Profumo,tostatura e note polverose,4,7389
Profumo::debole scarno nessun difetto ma pochi pregi tostato cotto,Profumo,"debole, scarno. Nessun difetto ma pochi pregi. Tostato, cotto",4,7392
Profumo::salamoia crauti,Profumo,salamoia crauti,4,7393
Sapore::dolcezza prevalente sapidità' contenuta poco umami poca piccantezza pecca di scarsa sapidità,Sapore,"dolcezza prevalente, sapidità' contenuta, poco umami, poca piccantezza pecca di scarsa sapidità",4,7394
Sapore::dolce ma retrogusto leggermente amaro,Sapore,"dolce, ma retrogusto leggermente amaro",4,7395
Sapore::leggermente amaro,Sapore,leggermente amaro,68,7396
Sapore::piccante acido,Sapore,piccante;acido;,16,7398
Sapore::dolciastro umami,Sapore,"dolciastro, umami,",4,7399
Sapore::amaro il finale,Sapore,amaro il finale...,4,7400
Sapore::dolce amara grassa,Sapore,dolce amara GRASSA,4,7402
Sapore::un pochetto amaro salatura eccessiva non pieno non dolce,Sapore,un pochetto amaro. salatura eccessiva. non pieno. non dolce,4,7403
Aroma::lattico di latte cotto burro cotto vegetale di fieno animale di glutammato equilibrato,Aroma,"lattico di latte cotto, burro cotto, vegetale di fieno, animale di glutammato, equilibrato",4,7405
Aroma::vegetale erbaceo,Aroma,vegetale erbaceo,4,7406
Aroma::cotto vegetale,Aroma,cotto vegetale,8,7407
Aroma::aroma di formaggio vecchio passato ossidato non piacevole,Aroma,"aroma di formaggio vecchio, passato, ossidato. non piacevole",4,7408
Aroma::strano,Aroma,strano...,4,7411
Aroma::debole,Aroma,debole,8,7414
Aroma::bruciato,Aroma,bruciato,12,7415
Texture::granulosa ma non molto solubile ancora umida,Texture,"granulosa ma non molto solubile, ancora umida",4,7416
Texture::pastoso con cristalli,Texture,pastoso con cristalli,4,7418
Texture::adesiva,Texture,adesiva,36,7421
Texture::molti granuli bella friabilità,Texture,"molti granuli, bella friabilità",4,7422
Texture::non asciutto friabile buona microstruttura,Texture,"non asciutto, friabile. buona microstruttura",4,7425
Spessore della Crosta::piatti e scalzo media 11mm spigoli media 20mm,Spessore della Crosta,Piatti e scalzo media 11mm Spigoli media 20mm,4,7427
Spessore della Crosta::colore sottocrosta,Spessore della Crosta,Colore sottocrosta,8,7428
Spessore della Crosta::spessa inoltre il cm,Spessore della Crosta,Spessa inoltre il cm,4,7429
Spessore della Crosta::crosta fine con unghia,Spessore della Crosta,Crosta fine con unghia,4,7432
Spessore della Crosta::9 10 mm,Spessore della Crosta,9 10 mm,22,7435
Spessore della Crosta::più spessa su un lato,Spessore della Crosta,Più spessa su un lato,4,7436
Spessore della Crosta::complessivamente minore di 8 mm,Spessore della Crosta,Complessivamente minore di 8 mm,4,7437
Struttura della Pasta::microocchiatura centrale tendente allo stirato,Struttura della Pasta,Microocchiatura centrale Tendente allo stirato,4,7438
Struttura della Pasta::ciao microocchiatura molto fine è diffusa 1 strappo 3 cm centrale grana fine ma con striature,Struttura della Pasta,Ciao Microocchiatura molto fine è diffusa 1 strappo 3 cm centrale grana fine ma con striature,4,7439
Struttura della Pasta::ignoro frattura presente struttura fine è diffusa occhiatura abbondante anche se non spugnatura vera e propria,Struttura della Pasta,"Ignoro frattura presente. Struttura fine è diffusa. Occhiatura abbondante, anche se non spugnatura vera e propria",4,7440
Struttura della Pasta::microocchiatura e frattura centrale 4x0 3 cm,Struttura della Pasta,"Microocchiatura e frattura centrale 4x0,3 cm",4,7442
Struttura della Pasta::leggermente stirata microocchiatura diffusa,Struttura della Pasta,Leggermente stirata Microocchiatura diffusa,4,7443
Struttura della Pasta::micro occhiatina diffusa ma non spagnola,Struttura della Pasta,Micro occhiatina diffusa ma non spagnola,4,7444
Struttura della Pasta::microocchiatura su tutta la pasta spacco centrale stirata,Struttura della Pasta,"Microocchiatura su tutta la pasta, spacco centrale, stirata",4,7445
Struttura della Pasta::occhiatura micro piuttosto diffusa strappo evidente leggermente stirata,Struttura della Pasta,"Occhiatura micro piuttosto diffusa, strappo evidente, leggermente stirata",4,7446
Struttura della Pasta::frattura ok ma abbastanza difetto sa con occhiatura e stiratura diffuse,Struttura della Pasta,"Frattura ok ma abbastanza difetto sa, con occhiatura e stiratura diffuse",4,7447
Struttura della Pasta::omogenea con grana ben presente una frattura interna,Struttura della Pasta,"Omogenea con grana ben presente,una frattura interna!",4,7448
Colore della Pasta::colore chiaro e abbastanza unif,Colore della Pasta,Colore chiaro e abbastanza unif,4,7450
Colore della Pasta::più chiara verso gli scalzi,Colore della Pasta,Più chiara verso gli scalzi,4,7451
Colore della Pasta::più chiara vicino a scalzo,Colore della Pasta,Più chiara vicino a scalzo,4,7456
Colore della Pasta::più chiara sotto un piatto ma generalmente abbastanza chiara,Colore della Pasta,"Più chiara sotto un piatto, ma generalmente abbastanza chiara",4,7457
Colore della Pasta::abbastanza omogeneo bello,Colore della Pasta,"Abbastanza omogeneo, bello",4,7458
Colore della Pasta::bello omogeneo e chiaro,Colore della Pasta,Bello omogeneo e chiaro.,4,7459
Profumo::mediamente intenso su qualche pezzo note di frutta fermentata,Profumo,"mediamente intenso, su qualche pezzo note di frutta fermentata",4,7460
Profumo::frutta verdura lessa,Profumo,"frutta , verdura lessa",4,7465
Profumo::latte floreale e grana,Profumo,"latte, floreale e grana..",4,7466
Profumo::una porzione penalizza perché di fermentato,Profumo,una porzione penalizza perché di fermentato,4,7468
Sapore::equilibrato forse poco sapido lieve nota amara,Sapore,"equilibrato, forse poco sapido, lieve nota amara",4,7471
Sapore::un poco troppo salata,Sapore,un poco- troppo salata,4,7476
Sapore::medio equilibrio,Sapore,medio equilibrio,16,7477
Sapore::una porzione tende all amaro acido,Sapore,una porzione tende all amaro acido,4,7479
Sapore::un pochetto salato,Sapore,un pochetto salato,4,7480
Aroma::note lattiche ok ma si sente un poco la crosta la cantina e l ossidazione,Aroma,"note lattiche ok ma si sente un poco la crosta, la cantina e l-ossidazione",4,7482
Aroma::leggere note da grana,Aroma,leggere note da grana,4,7488
Texture::abbastanza asciutta granulosa solubile,Texture,"abbastanza asciutta, granulosa, solubile",4,7493
Texture::poco solubile alla fine,Texture,poco solubile alla fine,4,7494
Texture::granuloso cristalli leggero residuo alla fine sensazione di sabbia,Texture,granuloso cristalli leggero residuo alla fine sensazione di sabbia,4,7495
Texture::granulosa,Texture,granulosa,12,7498
Texture::media,Texture,media...,4,7499
Texture::morbido e umido ma gia' friabile cristalli anche grossi,Texture,"morbido e umido, ma gia' friabile. Cristalli anche grossi",4,7502
Spessore della Crosta::piatti e scalzo media 12mm spigoli circa 15mm,Spessore della Crosta,Piatti e scalzo media 12mm Spigoli circa 15mm,4,7504
Spessore della Crosta::12 14 mm evidente negli angoli,Spessore della Crosta,12 14 mm evidente negli angoli,4,7505
Spessore della Crosta::sottocrosta marcato,Spessore della Crosta,Sottocrosta marcato,4,7509
Spessore della Crosta::più di 10 mm,Spessore della Crosta,Più di 10 mm,4,7511
Spessore della Crosta::su un piatto spessa,Spessore della Crosta,Su un piatto spessa,4,7513
Spessore della Crosta::12 mm mediamente con punte elevate negli angoli,Spessore della Crosta,12 mm mediamente con punte elevate negli angoli,4,7514
Struttura della Pasta::omogenea grossa,Struttura della Pasta,Omogenea grossa,4,7515
Struttura della Pasta::un poco grossolana on zone più fine è stirata evidenti cristalline perle,Struttura della Pasta,Un Poco grossolana on zone più fine è stirata evidenti cristalline perle,4,7516
Struttura della Pasta::bella grana buona frattura omogeneo,Struttura della Pasta,"Bella grana, buona frattura. Omogeneo",4,7517
Struttura della Pasta::granulosa grossolana,Struttura della Pasta,Granulosa grossolana,8,7520
Struttura della Pasta::abbastanza bella un poco' scagliosa,Struttura della Pasta,"Abbastanza bella, un poco' scagliosa",4,7522
Struttura della Pasta::bella frattura struttura granulosa con lievi striature,Struttura della Pasta,"Bella frattura, struttura granulosa con lievi striature",4,7524
Struttura della Pasta::grandiosa anche fine frattura circa ok,Struttura della Pasta,"Grandiosa anche fine, frattura circa ok",4,7525
Colore della Pasta::leggermente carico più al centro,Colore della Pasta,Leggermente carico più al centro,4,7526
Colore della Pasta::uniforme un poco carico,Colore della Pasta,Uniforme un Poco carico,4,7527
Colore della Pasta::lievemente più carico al centro,Colore della Pasta,Lievemente più carico al centro,8,7528
Colore della Pasta::colore paglierino carico uniforme,Colore della Pasta,Colore paglierino carico uniforme,4,7531
Colore della Pasta::un poco' più chiaro verso un piatto,Colore della Pasta,Un poco' più chiaro verso un piatto,4,7533
Colore della Pasta::carico ma omogeneo,Colore della Pasta,Carico ma omogeneo,32,7534
Colore della Pasta::più carico al centro rosato verso la crosta,Colore della Pasta,"Più carico al centro, rosato verso la crosta",4,7535
Colore della Pasta::abbastanza omogeneo con qualche area nocciola,Colore della Pasta,Abbastanza omogeneo con qualche area nocciola,4,7536
Profumo::poco intenso ma equilibrato burro fuso dominante,Profumo,"poco intenso ma equilibrato, burro fuso dominante",4,7768
Profumo::frutta tropicale,Profumo,frutta tropicale,4,7773
Profumo::molto intenso da grana con leggera tostatura e floreale,Profumo,molto intenso da grana con leggera tostatura e floreale,4,7774
Profumo::non caratteristico principalmente animale,Profumo,non caratteristico principalmente animale,4,7776
Profumo::oltre altostato e al maturo presente qualche lieve nota fresca,Profumo,"oltre altostato e al maturo, presente qualche lieve nota fresca",4,7777
Profumo::panna e burro brodo leggera notaa animale,Profumo,"panna e burro, brodo, leggera notaa animale",4,7778
Sapore::buon equilibrio tra dolce sapido ed umami lieve tendenza rinfrescante,Sapore,"buon equilibrio tra dolce, sapido ed umami, lieve tendenza rinfrescante",4,7779
Sapore::amarognolo finale un pezzo anche un poco piccante,Sapore,"amarognolo finale, un pezzo anche un poco piccante",4,7780
Sapore::leggermente piccante salato,Sapore,"leggermente piccante, salato.",8,7782
Sapore::dolce ma equilibrato con una nota piccante,Sapore,dolce ma equilibrato con una nota piccante,4,7784
Sapore::equilibrato con note dolci,Sapore,equilibrato con note dolci ...,4,7785
Sapore::piccante non docle,Sapore,"piccante, non docle",4,7788
Sapore::un poco' piccante,Sapore,un poco' piccante,8,7789
Aroma::lattico netto di burro fuso lieve sentore propionico,Aroma,"lattico netto di burro fuso, lieve sentore propionico",4,7790
Aroma::da nostrano più che da grana,Aroma,da nostrano più che da grana,4,7792
Aroma::minestrone verdure,Aroma,minestrone verdure,4,7795
Aroma::burro piacevole,Aroma,"burro, piacevole",4,7796
Aroma::pungente fermentato,Aroma,pungente;fermentato,4,7798
Aroma::miseria,Aroma,miseria,4,7799
Texture::umida poco granulosa poco solubile,Texture,"umida, poco granulosa, poco solubile",8,7801
Texture::non troppo solubile un poco sabbioso ma solo in certi pezzi,Texture,"non troppo solubile, un poco sabbioso ma solo in certi pezzi",4,7802
Texture::morbido poca granaimpasta non sol lascvia sensazione di farina,Texture,morbido poca granaimpasta non sol lascvia sensazione di farina,4,7803
Texture::media morbidezza e leggermente asciutto,Texture,media morbidezza e leggermente asciutto,4,7807
Texture::morbido anche se presenti cristalli,Texture,morbido anche se presenti cristalli,4,7808
Texture::pressoche assente,Texture,pressoche assente,4,7809
Texture::umidi troppo morbido e fondente nessuna struttura,Texture,umidi. troppo morbido e fondente. nessuna struttura,4,7810
Texture::abbastanza duro grana fine asciutta pochi cristalli solubile,Texture,"abbastanza duro, grana fine, asciutta, pochi cristalli, solubile",4,7811
Spessore della Crosta::piatti e scalzo media 9mm spigoli sfumati 20mm circa,Spessore della Crosta,Piatti e scalzo media 9mm Spigoli sfumati 20mm circa,4,7812
Spessore della Crosta::10 13 più su i1 piatto e angoli,Spessore della Crosta,10 13 più su i1 piatto e angoli,4,7813
Spessore della Crosta::scalzo spessi piatti a tratti anche sottili difficile fare media,Spessore della Crosta,Scalzo spessi. Piatti a tratti anche sottili. Difficile fare media,4,7814
Spessore della Crosta::un poco di unghia crosta abbastanza marcata sugli angoli,Spessore della Crosta,"Un Poco di unghia, crosta abbastanza marcata sugli angoli",4,7817
Spessore della Crosta::sottile ai piatti spessa sugli scalzi media,Spessore della Crosta,"Sottile ai piatti spessa sugli scalzi, media",4,7818
Spessore della Crosta::9 mm chiara,Spessore della Crosta,9 mm chiara,4,7820
Spessore della Crosta::molto diverso tra piatti più fine e scalzi più grossi,Spessore della Crosta,Molto diverso tra piatti più fine e scalzi più grossi.,4,7822
Struttura della Pasta::non omogenea un sottopiatto demineralizzato con strappi,Struttura della Pasta,Non omogenea Un sottopiatto demineralizzato con strappi,4,7823
Struttura della Pasta::strappi e pasta cessata sotto 1 piatto disomogenea,Struttura della Pasta,Strappi e pasta cessata sotto 1 piatto disomogenea,4,7824
Struttura della Pasta::scarsa modellatura non fastidiosa grana non fine,Struttura della Pasta,Scarsa modellatura non fastidiosa. Grana non fine,4,7825
Struttura della Pasta::qualche frattura presente,Struttura della Pasta,Qualche frattura presente,4,7827
Struttura della Pasta::omogen4a e grandiosa regolare,Struttura della Pasta,Omogen4a e grandiosa regolare,4,7829
Struttura della Pasta::microocchiature centrali striatura parte centrale,Struttura della Pasta,"Microocchiature centrali, striatura parte centrale",4,7830
Struttura della Pasta::disomogeneità diversi strappi,Struttura della Pasta,"Disomogeneità, diversi strappi,",4,7831
Struttura della Pasta::frattura ok presenza di sfoglie localizzate zone che tendono allo stirato,Struttura della Pasta,"Frattura ok, presenza di sfoglie localizzate zone che tendono allo stirato",4,7832
Struttura della Pasta::stiratura presente e grana grossolana,Struttura della Pasta,Stiratura presente e grana grossolana,4,7833
Colore della Pasta::da chiaro a scura disomogeneo,Colore della Pasta,Da chiaro a scura Disomogeneo,4,7834
Colore della Pasta::più chiaro sotto 1 piatto e alone centrale,Colore della Pasta,Più chiaro sotto 1 piatto e alone centrale,4,7835
Colore della Pasta::1/4 della superficie di colore molto chiaro quasi bianco il resto più carico,Colore della Pasta,"1/4 della superficie di colore molto chiaro, quasi bianco. Il resto più carico",4,7836
Colore della Pasta::un poco' più scura al centro,Colore della Pasta,Un poco' più scura al centro,8,7839
Colore della Pasta::giallo carico omogeneo,Colore della Pasta,Giallo carico omogeneo,32,7840
Colore della Pasta::parte un poco più chiara,Colore della Pasta,Parte un Poco più chiara,4,7841
Colore della Pasta::disomogeneo macchia rosa dove strappo,Colore della Pasta,"Disomogeneo, macchia rosa dove strappo",4,7842
Colore della Pasta::carico con zona più chiara verso una faccia,Colore della Pasta,Carico con zona più chiara verso una faccia,4,7843
Profumo::mediamente intenso note lattiche presenti ma con profumi che riconducono al floreale e all ossidato note vegetali di paglia,Profumo,"mediamente intenso, note lattiche presenti ma con profumi che riconducono al floreale e all-ossidato, note vegetali di paglia",4,7845
Profumo::leggero poco percettibile,Profumo,leggero poco percettibile,8,7848
Profumo::frutta fermentata,Profumo,frutta fermentata,16,7850
Profumo::note leggermente tostate che prevalgono,Profumo,note leggermente tostate che prevalgono,4,7851
Profumo::leggero sentori maturi cotti tostarti poco fresco,Profumo,"leggero. sentori maturi, cotti tostarti. poco fresco",4,7854
Profumo::leggero sentore di cotto odore dominante di latte fresco,Profumo,"leggero sentore di cotto, odore dominante di latte fresco",4,7855
Sapore::salato/dolce con umami debole e debole piccantezza,Sapore,salato/dolce con umami debole e debole piccantezza,4,7856
Sapore::leggero amaro finale,Sapore,leggero amaro finale,4,7857
Sapore::piccante e dolce,Sapore,piccante e dolce,4,7858
Sapore::pizzica in gola,Sapore,pizzica in gola,4,7859
Sapore::acido piccante,Sapore,ACIDO;piccante,16,7860
Sapore::dolciastro leggero amaro,Sapore,"dolciastro, leggero amaro",4,7861
Sapore::sapido,Sapore,sapido...,4,7862
Sapore::amara,Sapore,AMARA,4,7864
Sapore::amaro non dolce,Sapore,amaro. non dolce,16,7865
Sapore::piccante un poco' accentuato e persistente salato,Sapore,"piccante un poco' accentuato e persistente, salato",4,7866
Aroma::mediamente intenso in bocca emerge il formaggio cotto e la crosta di formaggio,Aroma,"mediamente intenso, in bocca emerge il formaggio cotto e la crosta di formaggio",4,7867
Aroma::non tipico del grana,Aroma,non tipico del grana,20,7870
Aroma::brodo burro,Aroma,"brodo, burro",4,7873
Aroma::cotto stalla leggero,Aroma,"cotto, stalla leggero",4,7877
Texture::granulosa solubile umidità ok leggera sabbiosit' in chiusura,Texture,"granulosa, solubile, umidità ok, leggera sabbiosit' in chiusura",4,7878
Texture::asciutto poi impasta e lascia residuo in bocca,Texture,asciutto poi impasta e lascia residuo in bocca,4,7880
Texture::pastoso adesivo,Texture,"pastoso, adesivo",4,7881
Texture::umido adesivo,Texture,"umido, adesivo",8,7883
Texture::asciutto asciutto pochi granuli,Texture,"asciutto asciutto, pochi granuli",4,7884
Texture::friabilità' non perfetta un pochetto plastico morbido,Texture,"friabilità' non perfetta. un pochetto plastico, morbido",4,7887
Texture::duro asciutto cristalli ben percepibili non molto solubile,Texture,"duro, asciutto, cristalli ben percepibili, non molto solubile.",4,7888
Spessore della Crosta::ben definita spigoli 15mm circa piatti e scalzo 7mm,Spessore della Crosta,Ben definita Spigoli 15mm circa Piatti e scalzo 7mm,4,7889
Spessore della Crosta::più evidente sullo scalzo e angoli,Spessore della Crosta,Più evidente sullo scalzo e angoli,4,7890
Spessore della Crosta::almeno la crosta non é male,Spessore della Crosta,Almeno la crosta non é male,4,7891
Spessore della Crosta::minore di 10 mm,Spessore della Crosta,Minore di 10 mm,4,7896
Spessore della Crosta::8 9 mm,Spessore della Crosta,8 9 mm,8,7897
Spessore della Crosta::molto fine nel complesso,Spessore della Crosta,Molto fine nel complesso,4,7899
Struttura della Pasta::sottopiatto demineralizzato con strappi non omogenea leggermente stirata,Struttura della Pasta,Sottopiatto demineralizzato con strappi Non omogenea Leggermente stirata,4,7900
Struttura della Pasta::zone grassete sotto 1 piatto con piccole frattura e microocchiatura 1 o 2 mm,Struttura della Pasta,Zone grassete sotto 1 piatto con piccole frattura e Microocchiatura 1 o 2 mm,4,7901
Struttura della Pasta::occhiatura grossa stirato a tratti macchie rosa,Struttura della Pasta,Occhiatura grossa. Stirato a tratti macchie rosa,4,7902
Struttura della Pasta::occhiatura localizzata di circa 2 mm,Struttura della Pasta,Occhiatura localizzata di circa 2 mm,4,7904
Struttura della Pasta::stirata qualche occhio non omogenea,Struttura della Pasta,"Stirata, qualche occhio. Non omogenea",4,7905
Struttura della Pasta::alcune micro occhiatina e fratture della pasta sotto un piatto,Struttura della Pasta,Alcune micro occhiatina e fratture della pasta sotto un piatto,4,7906
Struttura della Pasta::bocciature 1_2 mm centrali e verso crosta striature piccoli spacchi,Struttura della Pasta,"Bocciature 1_2 mm centrali e verso crosta, striature , piccoli spacchi",4,7907
Struttura della Pasta::qualche occhiatura decisa diversi strappi,Struttura della Pasta,"Qualche occhiatura decisa, diversi strappi,",4,7908
Struttura della Pasta::frattura non molto ok ampie zone con grana poco profilata e tendenza alla stiratura presenza di micro occhiature,Struttura della Pasta,"Frattura non molto ok, ampie zone con grana poco profilata e tendenza alla stiratura presenza di micro occhiature",4,7909
Struttura della Pasta::bella grana anche fine è frattura ok,Struttura della Pasta,Bella grana anche fine è frattura ok.,4,7910
Colore della Pasta::alone centrale macchie rosa,Colore della Pasta,Alone centrale Macchie rosa,4,7911
Colore della Pasta::colore chiaro bianco sotto un piatto e macchie rosa,Colore della Pasta,Colore chiaro bianco sotto un piatto e macchie rosa,4,7912
Colore della Pasta::più carico al centro macchie rosa,Colore della Pasta,"Più carico al centro, macchie rosa",4,7913
Colore della Pasta::alone centrale più scuro,Colore della Pasta,Alone centrale più scuro,16,7915
Colore della Pasta::più scura al centro qualche macchia rosa,Colore della Pasta,Più scura al centro. Qualche macchia rosa,4,7916
Colore della Pasta::colorazione accentuata verso l'interno,Colore della Pasta,Colorazione accentuata verso l'interno,4,7917
Colore della Pasta::piú chiaro verso un piatto,Colore della Pasta,Piú chiaro verso un piatto,4,7918
Colore della Pasta::disomogeneo e macchie rosa alone centrale,Colore della Pasta,"Disomogeneo e macchie rosa, alone centrale",4,7919
Colore della Pasta::alone centrale più scuro e presenza di macchie rosa,Colore della Pasta,Alone centrale Più scuro e presenza di macchie rosa,4,7920
Colore della Pasta::giallo chiaro piuttosto omogeneo,Colore della Pasta,Giallo chiaro piuttosto omogeneo,4,7921
Profumo::non molto intenso nota fruttata oltre a quelle caratteristiche,Profumo,"non molto intenso, nota fruttata oltre a quelle caratteristiche",4,7922
Profumo::un paio di pezzi profumo verdura lessa,Profumo,un paio di pezzi profumo verdura lessa,4,7923
Profumo::burro fuso,Profumo,burro fuso,20,7925
Profumo::ananas leggero,Profumo,ananas leggero,4,7927
Profumo::meido alta con un poco di tostatura per,Profumo,meido alta con un poco di tostatura per;,4,7928
Profumo::pochi pregi lieve,Profumo,"pochi pregi, lieve",4,7931
Profumo::note di rancido,Profumo,note di rancido,4,7932
Sapore::dolce sapido leggera acidità' umami presente abbastanza intenso abbastanza equilibrato,Sapore,"dolce sapido, leggera acidità', umami presente abbastanza intenso, abbastanza equilibrato",4,7933
Sapore::umami leggermente pungente alla fine,Sapore,"umami, leggermente pungente alla fine",4,7934
Sapore::piccante e poco salato,Sapore,piccante e poco salato,4,7935
Sapore::salato dolce un poco piccante,Sapore,"salato, dolce, un poco- piccante",4,7938
Sapore::medio equilibrato con piccole note piccanti,Sapore,medio equilibrato con piccole note piccanti,4,7939
Sapore::abbastanza neutro di sapore,Sapore,abbastanza neutro di sapore,4,7940
Sapore::quasi carente di sale ma piccante squilibrio totale,Sapore,"quasi carente di sale, ma piccante. squilibrio totale",4,7942
Sapore::piccante e amaro,Sapore,piccante e amaro,8,7943
Aroma::lattico dominante a tratti note fruttate e proprioniche,Aroma,"lattico dominante, a tratti note fruttate e proprioniche",4,7944
Aroma::brodo animale e vegetale,Aroma,brodo animale e vegetale,4,7945
Aroma::panna,Aroma,panna,142,7946
Aroma::latte cotto leggero,Aroma,latte cotto leggero,4,7949
Aroma::provolone,Aroma,provolone,12,7950
Aroma::crosta cotto rancido,Aroma,"crosta, cotto, rancido",4,7954
Texture::pochissimi granuli tirosina,Texture,pochissimi granuli tirosina,4,7956
Texture::morbido poca grana,Texture,morbido poca grana,4,7957
Texture::un poco granulosa,Texture,un poco- granulosa,8,7960
Texture::morbido e pastoso umidità' media e granuli medio/alti,Texture,"morbido e pastoso, umidità' media e granuli medio/alti",4,7961
Texture::morbido sembra giovane impasta non pronto,Texture,"morbido, sembra giovane. Impasta. non pronto",4,7964
Texture::morbida cristalli umida,Texture,"morbida, cristalli, umida",4,7965
Spessore della Crosta::piatti e scalzo circa 10mm spigoli circa 20mm,Spessore della Crosta,Piatti e scalzo circa 10mm Spigoli circa 20mm,4,7966
Spessore della Crosta::egli angoli,Spessore della Crosta,Egli angoli,4,7967
Spessore della Crosta::unghia marcata sugli scalzi,Spessore della Crosta,Unghia marcata sugli scalzi,4,7971
Spessore della Crosta::9 mm chiaro,Spessore della Crosta,9 mm chiaro,4,7974
Spessore della Crosta::mediamente 9 mm,Spessore della Crosta,Mediamente 9 mm,4,7976
Struttura della Pasta::non omogenea con aree strirate,Struttura della Pasta,Non omogenea con aree strirate,4,7977
Struttura della Pasta::stirata con frattura circolare e microocchiatura fine,Struttura della Pasta,Stirata con frattura circolare e Microocchiatura fine,4,7978
Struttura della Pasta::a tratti poco evoluta e un poco' stirata invecchiato frattura buona,Struttura della Pasta,A tratti poco evoluta e un poco' stirata. Invecchiato. Frattura buona,4,7979
Struttura della Pasta::presenza di cristalli ma occhiatura centrale,Struttura della Pasta,Presenza di cristalli ma occhiatura centrale,4,7981
Struttura della Pasta::stirata microocchiatura al centro disomogenea gessata,Struttura della Pasta,"Stirata, Microocchiatura al centro, disomogenea, gessata",4,7982
Struttura della Pasta::qualche frattura micro occhiatura diffusa un poco' stirata disomogeneo,Struttura della Pasta,"Qualche frattura, micro occhiatura diffusa, un poco' stirata, disomogeneo",4,7985
Struttura della Pasta::frattura ok ma stiratura a tratti con presenza di micro occhiatura,Struttura della Pasta,Frattura ok ma stiratura a tratti con presenza di micro occhiatura,4,7986
Struttura della Pasta::agglomerato congelata poco presente e leggermente stirata,Struttura della Pasta,Agglomerato congelata poco presente e leggermente stirata,4,7987
Colore della Pasta::molto carico al centro,Colore della Pasta,Molto carico al centro,12,7988
Colore della Pasta::scura con alone centrale rosa,Colore della Pasta,Scura con Alone centrale rosa,4,7989
Colore della Pasta::estremamente carico al centro molto più chiaro in un angolo 3colori,Colore della Pasta,Estremamente carico al centro. Molto più chiaro in un angolo. 3colori,4,7990
Colore della Pasta::alone centrale tendente al rosato,Colore della Pasta,Alone centrale tendente al rosato,4,7993
Colore della Pasta::più chiaro verso gli scalzi,Colore della Pasta,Più chiaro verso gli scalzi,12,7994
Colore della Pasta::centro più carico,Colore della Pasta,Centro più carico,4,7995
Colore della Pasta::alone centrale nocciola differenza fra le zone,Colore della Pasta,"Alone centrale nocciola, differenza fra le zone",4,7996
Colore della Pasta::presenza di evidenti aloni rosa,Colore della Pasta,Presenza di evidenti aloni rosa,4,7997
Colore della Pasta::molto scuro e aree non omogenee,Colore della Pasta,Molto scuro e aree non omogenee,4,7998
Profumo::sentore di cotto e ossidato,Profumo,sentore di cotto e ossidato,4,9154
Profumo::burro e panna,Profumo,burro e panna,4,9156
Profumo::panna yogurt,Profumo,panna yogurt,4,9157
Profumo::latte crudo delicato,Profumo,latte crudo delicato,4,9159
Profumo::latte cotto burro fuso brodo di carne e leggero tostato e fruttato,Profumo,"latte cotto, burro fuso brodo di carne e leggero tostato e fruttato",4,9160
Profumo::burro fuso intensità alta stantio intensità alta,Profumo,burro fuso intensità alta;stantio intensità alta,4,9161
Profumo::intenso vegetale all'apertura poi verdure cotte crosta di grana e formaggio cotto,Profumo,"Intenso vegetale all'apertura, poi verdure cotte, crosta di grana e formaggio cotto",4,9162
Profumo::leggerissimo,Profumo,leggerissimo,8,9163
Profumo::grana floreale frutta intenso,Profumo,"grana, floreale, frutta... intenso",4,9164
Profumo::formaggio fritto latte burro,Profumo,formaggio fritto;latte;burro,4,9165
Sapore::dolce equlibrato postivo,Sapore,dolce equlibrato postivo,4,9167
Sapore::gusti abbastanza equilibrati piccante praticamente non percepibile,Sapore,"gusti abbastanza equilibrati, piccante praticamente non percepibile.",4,9168
Sapore::acidulo carente di sale,Sapore,"acidulo, carente di sale",4,9170
Sapore::dolce ben percepito abbastanza equilibrato,Sapore,"dolce ben percepito, abbastanza equilibrato",4,9171
Sapore::equilibrato con nota piccante finale,Sapore,equilibrato con nota piccante finale,4,9172
Sapore::piccante intensità medio alta,Sapore,piccante intensità medio alta,4,9173
Sapore::abbastanza equilibrato,Sapore,abbastanza equilibrato,20,9174
Sapore::nessuna prevalenza di gusto delicato equilibrato,Sapore,"nessuna prevalenza di gusto. delicato, equilibrato",4,9175
Sapore::equilibrato con dolce e amaro in contemporanea,Sapore,equilibrato con dolce e amaro in contemporanea...,4,9176
Sapore::dolce leggermente salato legermente piccante in finale,Sapore,dolce;leggermente salato;legermente piccante in finale;,4,9177
Aroma::stantio ossidato,Aroma,"stantio, ossidato",4,9178
Aroma::cotto come nota positicva leggerissimo crosta,Aroma,"cotto come nota positicva, leggerissimo crosta",4,9180
Aroma::resta la componente acida,Aroma,resta la componente acida,4,9182
Aroma::latte e burro crudi,Aroma,latte e burro crudi,4,9183
Aroma::note di lattico cotto e brodo,Aroma,note di lattico cotto e brodo,4,9184
Aroma::crosta intensità alta,Aroma,crosta intensità alta,4,9185
Aroma::lattici cotti erbacei,Aroma,"lattici cotti, erbacei",4,9186
Aroma::poco piacevole metallico,Aroma,poco piacevole metallico,4,9188
Texture::granuli di tirosina inrensità medio alta solubilità alta friabilità medio alta,Texture,granuli di tirosina inrensità medio alta;solubilità alta;friabilità medio alta,4,9190
Texture::morbido asciutto granuloso cristalli evidenti,Texture,morbido asciutto granuloso cristalli evidenti,4,9191
Texture::friabile in una struttura molti fine consistenza finale sabbiosa farinosa non asciutto,Texture,friabile in una struttura molti fine. consistenza finale sabbiosa-farinosa. non asciutto,4,9192
Texture::cristalli presenti ma non in gran numero buona friabilità' ma scarsa solubilità,Texture,"cristalli presenti ma non in gran numero, buona friabilità' ma scarsa solubilità",4,9194
Texture::consistenza un poco molle cedevole,Texture,consistenza un poco molle. cedevole,4,9195
Texture::friabile granulosa abbastanza solubile e con cristalli percepibili,Texture,"friabile, granulosa, abbastanza solubile e con cristalli percepibili",4,9196
Texture::tirosina molto presente buona solubilità,Texture,"tirosina molto presente, buona solubilità-",4,9197
Texture::friabile abbastanza solubile granuloso,Texture,"friabile, abbastanza solubile, granuloso",4,9198
Texture::molti cristalli manca equilibrio tra umidità e pastosità,Texture,"molti cristalli, manca equilibrio tra umidità e pastosità...",4,9199
Texture::presenza di pochoi ma grossi cristali è leggermente sabbionso,Texture,"presenza di pochoi ma grossi cristali, è leggermente sabbionso",4,9201
Spessore della Crosta::spessore medio 8mm,Spessore della Crosta,Spessore medio 8mm,8,9202
Spessore della Crosta::unghia marcata anche se non spessa,Spessore della Crosta,Unghia marcata anche se non spessa,4,9207
Spessore della Crosta::9 e omogeneo,Spessore della Crosta,9 e omogeneo,4,9210
Spessore della Crosta::molto fine 7 mm,Spessore della Crosta,Molto fine.. 7 mm,4,9211
Spessore della Crosta::spessa,Spessore della Crosta,Spessa,36,9213
Struttura della Pasta::microocchiatura diffusa non regolare,Struttura della Pasta,Microocchiatura diffusa Non regolare,4,9214
Struttura della Pasta::leggermente disomogenea con fitta microocchiatura dia inf 1 mm nella parte centrale,Struttura della Pasta,Leggermente disomogenea con fitta Microocchiatura dia inf 1 mm nella parte centrale,4,9215
Struttura della Pasta::buona grana fine microocchiatura di scarso rilievo bel taglio,Struttura della Pasta,Buona grana fine. Microocchiatura di scarso rilievo. Bel taglio,4,9216
Struttura della Pasta::leggermente stirata,Struttura della Pasta,Leggermente stirata,20,9217
Struttura della Pasta::striature e microocchiature centrali,Struttura della Pasta,Striature e microocchiature centrali,4,9218
Struttura della Pasta::struttura granulare con stiratura centrale e micro occhiatura,Struttura della Pasta,Struttura granulare con stiratura centrale e micro occhiatura.,4,9220
Struttura della Pasta::sfoglia e micro bocciature centrali grana un poco' arrotondata,Struttura della Pasta,"Sfoglia e micro bocciature centrali, grana un poco' arrotondata",4,9221
Struttura della Pasta::microocchiatura centrale che rovina un poco' una struttura buona,Struttura della Pasta,Microocchiatura centrale che rovina un poco' una struttura buona,4,9222
Struttura della Pasta::bella presenza di grana anche fine omogenea anche la frattura e la distribuzione,Struttura della Pasta,Bella presenza di grana anche fine. Omogenea anche la frattura e la distribuzione,4,9223
Struttura della Pasta::grana fine peccato per ampia zona occhiata,Struttura della Pasta,Grana fine peccato per ampia zona occhiata,4,9224
Struttura della Pasta::frattura regolare grossolana,Struttura della Pasta,Frattura regolare grossolana,8,9225
Colore della Pasta::macchie rosa,Colore della Pasta,Macchie rosa,16,9226
Colore della Pasta::chiaro ma 3 macchie rosa,Colore della Pasta,Chiaro ma 3 macchie rosa,4,9227
Colore della Pasta::chiaro ed omogeneo,Colore della Pasta,Chiaro ed omogeneo,8,9228
Colore della Pasta::giallo chiaro due macchie rosa centrali (credo in caso voto 5 5),Colore della Pasta,"Giallo chiaro, due macchie rosa centrali (credo, in caso voto 5,5)",4,9230
Colore della Pasta::qualche leggera macchia più scura sulla pasta,Colore della Pasta,Qualche leggera macchia più scura sulla pasta.,4,9231
Colore della Pasta::giallo con alone più carico e macchioline rosa,Colore della Pasta,Giallo con alone più carico e macchioline rosa,4,9232
Colore della Pasta::chiara ma macchie rosa,Colore della Pasta,Chiara ma macchie rosa,4,9233
Colore della Pasta::qualche macchia rosa,Colore della Pasta,Qualche macchia rosa,4,9234
Colore della Pasta::tendente al giallo paglierino,Colore della Pasta,Tendente al giallo paglierino,8,9235
Colore della Pasta::chiara e omogenea sembra qualche macchia rosa,Colore della Pasta,Chiara e omogenea sembra qualche macchia rosa,4,9236
Colore della Pasta::paglierino leggero con velature verdognola,Colore della Pasta,Paglierino leggero con velature verdognola,4,9237
Profumo::odore di formaggio vecchio,Profumo,odore di formaggio vecchio,4,9238
Profumo::positivo intenso,Profumo,positivo intenso,8,9239
Profumo::crosta e ossidato,Profumo,crosta e ossidato,4,9240
Profumo::al primo impatto stracci sporchi,Profumo,al primo impatto stracci sporchi,4,9241
Profumo::fermentato pungente,Profumo,"fermentato, pungente",4,9243
Profumo::fruttato molto intenso ananas e tropicale,Profumo,fruttato molto intenso ananas e tropicale,4,9244
Profumo::siero acido intensità medio alta,Profumo,siero acido intensità medio alta,4,9245
Profumo::leggero sentore di fermentato insilato,Profumo,"Leggero sentore di fermentato, insilato",4,9246
Profumo::intensità bassa prevalgono profumi erbacei vegetali freschi fors'anche floreali strano bouquet gradevole,Profumo,"intensità bassa. prevalgono profumi erbacei, vegetali freschi, fors'anche floreali. Strano bouquet, gradevole",4,9247
Profumo::intensità elevata con grana tipico burro e leggera tostatura,Profumo,"intensità elevata con grana tipico, burro e leggera tostatura",4,9248
Profumo::odore di acido frutta marcita,Profumo,odore di acido;frutta marcita,4,9249
Sapore::leggermente piccante salato quasi bruciante,Sapore,"leggermente piccante, salato. quasi bruciante",4,9250
Sapore::salato leggermente amaro,Sapore,salato leggermente amaro,4,9251
Sapore::molto salato piccante,Sapore,"molto salato, piccante",4,9252
Sapore::nota piccante salato e umami prevalgono,Sapore,"nota piccante, salato e umami prevalgono",4,9255
Sapore::sapidità e piccantezza elevati,Sapore,sapidità e piccantezza elevati,4,9256
Sapore::amaro intensità media umami intensità media piccante intensità media,Sapore,amaro intensità media;umami intensità media;piccante intensità media,4,9257
Sapore::un poco' di piccantezza ma discreto equilibrio fra i sapori,Sapore,"un poco' di piccantezza, ma discreto equilibrio fra i sapori",4,9258
Sapore::un poco' troppo salato,Sapore,un poco' troppo salato,4,9259
Sapore::equilibrato leggerm sapido,Sapore,"equilibrato, leggerm. sapido",4,9260
Aroma::formaggio rimasto in frigo troppo tempo,Aroma,formaggio rimasto in frigo troppo tempo,4,9262
Aroma::leggermente metallico,Aroma,leggermente metallico,8,9263
Aroma::cotto e crosta,Aroma,cotto e crosta,4,9264
Aroma::formaggio bruciato pane tostato,Aroma,"formaggio bruciato, pane tostato",4,9266
Aroma::fermentato grosta di formaggio,Aroma,"fermentato, grosta di formaggio",4,9267
Aroma::lattico cotto e tostato,Aroma,lattico cotto e tostato,8,9268
Aroma::speziato intensità alta,Aroma,speziato intensità alta,4,9269
Aroma::discreta intensità,Aroma,discreta intensità,4,9270
Aroma::frutta secca grana,Aroma,"frutta secca, grana",4,9272
Texture::friabilità intenistà medio bassa solubilità intensità medio alta granuli tirosina intensità media,Texture,friabilità intenistà medio bassa;solubilità intensità medio alta;granuli tirosina intensità media,4,9274
Texture::granuloso asciutto con qualche cristalli tende ad impastare alla fine e non sciogliersi,Texture,granuloso asciutto con qualche cristalli tende ad impastare alla fine e non sciogliersi,4,9275
Texture::buona friabilità cristalli presenti anche troppo grossi microstruttura finissima finale deliquescente e farinoso,Texture,"Buona friabilità. cristalli presenti, anche troppo grossi. microstruttura finissima, finale deliquescente e farinoso",4,9276
Texture::secco molti cristalli buona solub,Texture,"secco, molti cristalli, buona solub",4,9278
Texture::duro granuloso cristalli percepibili un poco' asciutto solubile,Texture,"duro, granuloso, cristalli percepibili, un poco' asciutto,solubile",4,9280
Texture::molta tirosina adesivo,Texture,"molta tirosina, adesivo",4,9281
Texture::non troppo solubile,Texture,Non troppo solubile,8,9282
Texture::bella pastosità cristalli presenti umidità giusta e solubilità ok,Texture,"bella pastosità, cristalli presenti, umidità giusta e solubilità OK",4,9283
Texture::cristallisi sente una grana leggera comunque pastoso,Texture,cristallisi sente una grana leggera comunque pastoso,4,9284
Texture::presenza di molti cristalli con frammenti insolubili,Texture,"presenza di molti cristalli, con frammenti insolubili",4,9285
Spessore della Crosta::spessore scalzo e piatto media 8mm,Spessore della Crosta,Spessore scalzo e piatto media 8mm,4,9286
Spessore della Crosta::1 cm,Spessore della Crosta,1 cm,64,9291
Spessore della Crosta::12 mm,Spessore della Crosta,12 mm,72,9293
Spessore della Crosta::medio basso 8 mm,Spessore della Crosta,Medio basso.. 8 mm,8,9295
Spessore della Crosta::abbastanza sottile,Spessore della Crosta,Abbastanza sottile,12,9297
Struttura della Pasta::non omogenea ma granulosa,Struttura della Pasta,Non omogenea ma granulosa,8,9298
Struttura della Pasta::frattura un poco irregolare grana ok ma sotto un piatto tende a sgretolarsi con qualche strappo evidenti perle e cristalli,Struttura della Pasta,Frattura un Poco irregolare grana ok ma sotto un piatto tende a sgretolarsi con qualche strappo evidenti perle e cristalli,4,9299
Struttura della Pasta::taglio non perfetto struttura grandiosa media omogenea,Struttura della Pasta,Taglio non perfetto. Struttura grandiosa media.. Omogenea,4,9300
Struttura della Pasta::frattura regolare e grana fine,Struttura della Pasta,Frattura regolare e grana fine,8,9302
Struttura della Pasta::struttura non del tutto omogenea con presenza di spacchi in una zona qualche microocchio,Struttura della Pasta,Struttura non del tutto omogenea con presenza di spacchi in una zona. Qualche microocchio,4,9303
Struttura della Pasta::frattura abbastanza regolare poco granulosa leggera micro occhiatura,Struttura della Pasta,"Frattura abbastanza regolare, poco granulosa leggera micro occhiatura",4,9304
Struttura della Pasta::stiratura centrale tende a spaccare a grana abbastanza bella,Struttura della Pasta,"Stiratura centrale, tende a spaccare a grana abbastanza bella",4,9305
Struttura della Pasta::spaccatura abbastanza omogenea,Struttura della Pasta,Spaccatura abbastanza omogenea,4,9306
Struttura della Pasta::grossolana e anche fine omogenea bella frattura,Struttura della Pasta,Grossolana e anche fine. Omogenea. Bella frattura!,4,9307
Struttura della Pasta::bella grana frattura bella,Struttura della Pasta,Bella grana frattura bella,4,9308
Struttura della Pasta::regolare,Struttura della Pasta,Regolare,16,9309
Colore della Pasta::carico al centro,Colore della Pasta,Carico al centro,52,9310
Colore della Pasta::1/3 paglierino il resto più carico,Colore della Pasta,1/3 paglierino. Il resto più carico,4,9312
Colore della Pasta::giallo abbastanza carico più intenso in centro,Colore della Pasta,"Giallo abbastanza carico, più intenso in centro",4,9316
Colore della Pasta::zone nettamente più chiare vicino a crosta,Colore della Pasta,Zone nettamente più chiare vicino a crosta,4,9317
Colore della Pasta::medio tendente al carico lieve,Colore della Pasta,Medio tendente al carico lieve,4,9319
Colore della Pasta::leggero alone centrale e un poco scuro,Colore della Pasta,Leggero alone centrale e un Poco scuro,4,9320
Colore della Pasta::paglierino con presenza di cristalli,Colore della Pasta,Paglierino con presenza di cristalli,4,9321
Profumo::panna e burro fuso,Profumo,panna e burro fuso,4,9322
Profumo::ossidato,Profumo,ossidato,20,9324
Profumo::vegetale cotto,Profumo,vegetale cotto,4,9325
Profumo::frutta ma anche di crosta di formaggio,Profumo,frutta ma anche di crosta di formaggio,4,9327
Profumo::burro freasco e verdure cotte brodo di carne leggera nota di fermentazione,Profumo,"burro freasco e verdure cotte, brodo di carne, leggera nota di fermentazione",4,9328
Profumo::in negativo animale intensità bassa in positivo latte coto e siero acido intensità alta,Profumo,in negativo animale intensità bassa;;in positivo latte coto e siero acido intensità alta,4,9329
Profumo::sensazione pungente all'apertura poi note vegetali un poco' fermentate un poco' di affumicato lattico cotto,Profumo,"sensazione pungente all'apertura, poi note vegetali un poco' fermentate, un poco' di affumicato, lattico cotto",4,9330
Profumo::intensità bassa pochissime note lattee fresche il resto è noia,Profumo,intensità bassa. pochissime note lattee fresche. il resto è noia,4,9331
Profumo::fieno crosta di formaggio e grana,Profumo,"fieno, crosta di formaggio e grana",4,9332
Profumo::latte cotto crosta di formaggio,Profumo,latte cotto;crosta di formaggio,4,9333
Sapore::poco salato,Sapore,"poco salato,",16,9334
Sapore::abbastanza equi un poco salato,Sapore,abbastanza equi un poco salato,4,9335
Sapore::umami intenso,Sapore,umami intenso,8,9336
Sapore::piuttosto neutro manca sale,Sapore,"piuttosto neutro, manca sale",4,9338
Sapore::un poco troppo sale,Sapore,un poco- troppo sale,4,9339
Sapore::piccante presente,Sapore,piccante presente,4,9340
Sapore::acidità intensità media,Sapore,acidità intensità media,4,9341
Sapore::umami un poco' salato leggermente piccante niente di esagerato ma non ben armonico,Sapore,"umami, un poco' salato, leggermente piccante, niente di esagerato, ma non ben armonico",4,9342
Sapore::scarno povero manca quasi di sale,Sapore,"scarno, povero, manca quasi di sale!",4,9343
Sapore::leggermente piccante,Sapore,leggermente piccante,40,9344
Sapore::acido legggermente salato dolce,Sapore,acido;legggermente salato;dolce;,4,9345
Aroma::aroma un poco erbaceo,Aroma,aroma un poco erbaceo,4,9346
Aroma::molto ossidato/ cotto,Aroma,molto ossidato/ cotto,4,9348
Aroma::poco intenso cotto,Aroma,poco intenso cotto,4,9349
Aroma::lattico cotto,Aroma,lattico cotto,28,9352
Aroma::animale intensità medio alta,Aroma,animale intensità medio alta,4,9353
Aroma::lattici cotti,Aroma,"lattici cotti,",26,9354
Aroma::brodo provolone,Aroma,"brodo, provolone",4,9356
Texture::friabilità media solubilità alta granuli tirosina assenti,Texture,"friabilità media, solubilità alta, granuli tirosina assenti",4,9358
Texture::asciutto granuloso qualche cristallo poco sol,Texture,asciutto granuloso qualche cristallo poco sol,4,9359
Texture::morbido quasi molle non maturato male,Texture,"morbido, quasi molle. non maturato. male",4,9360
Texture::friabilità' buona,Texture,"friabilità' buona,",4,9362
Texture::granuloso ma poco solubile,Texture,granuloso ma poco solubile.,4,9363
Texture::molle con poca consistenza si sfalda,Texture,"molle, con poca consistenza , si sfalda",4,9364
Texture::granuloso in bocca,Texture,granuloso in bocca,4,9365
Texture::deformabile adesivo poco solubile non omogeneo nei pezzi,Texture,"deformabile, adesivo, poco solubile, non omogeneo nei pezzi",4,9366
Texture::pochi cristalli pastoso e poco umido,Texture,"pochi cristalli, pastoso e poco umido",4,9367
Texture::sabbioso,Texture,sabbioso,8,9369
Spessore della Crosta::crosta sfumata media 12mm,Spessore della Crosta,Crosta sfumata media 12mm,12,9370
Spessore della Crosta::colore arancio marrone sotto un piatto,Spessore della Crosta,Colore arancio marrone sotto un piatto,4,9371
Spessore della Crosta::ovunque superiore al cm,Spessore della Crosta,Ovunque superiore al cm,4,9372
Spessore della Crosta::evidente parte nera,Spessore della Crosta,Evidente parte nera,4,9373
Spessore della Crosta::unghia spessa poco marcata,Spessore della Crosta,Unghia spessa poco marcata,4,9375
Spessore della Crosta::spessa e con macchia scura,Spessore della Crosta,Spessa e con macchia scura,4,9376
Spessore della Crosta::11 12 macchia nera sotto un piatto,Spessore della Crosta,"11 12, macchia nera sotto un piatto",4,9378
Spessore della Crosta::medio alto,Spessore della Crosta,Medio alto,4,9379
Spessore della Crosta::media 0 9,Spessore della Crosta,"Media 0,9",4,9380
Struttura della Pasta::non omogenea granulosa,Struttura della Pasta,Non omogenea granulosa,8,9382
Struttura della Pasta::grana fine ma su un lato strappo cristalli piccoli evidenti,Struttura della Pasta,Grana fine ma su un lato strappo cristalli piccoli evidenti,4,9383
Struttura della Pasta::rosa ai piatti,Struttura della Pasta,Rosa ai piatti,4,9385
Struttura della Pasta::frattura regolare grana fine un difetto del piatto crea macchia marrone presente una crepa,Struttura della Pasta,"Frattura regolare,grana fine, un difetto del piatto crea macchia marrone,presente una crepa",4,9386
Struttura della Pasta::grana grossa abbastanza uniforme,Struttura della Pasta,Grana grossa abbastanza uniforme,4,9387
Struttura della Pasta::struttura l'apparenza granulosa ma compatta frattura regolare fessura interna,Struttura della Pasta,Struttura l'apparenza granulosa ma compatta. Frattura regolare fessura interna,4,9388
Struttura della Pasta::spacco laterale leggera sfoglia centro grana discreta,Struttura della Pasta,"Spacco laterale,leggera sfoglia centro, grana discreta",4,9389
Struttura della Pasta::rottura regolare strappo zona rovinata sotto un piatto che non so se valutare qui,Struttura della Pasta,"Rottura regolare, strappo, zona rovinata sotto un piatto che non so se valutare qui",4,9390
Struttura della Pasta::granulosa grossolana con qualche frattura,Struttura della Pasta,Granulosa grossolana con qualche frattura,4,9391
Struttura della Pasta::bella grana peccato per la fessura,Struttura della Pasta,Bella grana peccato per la fessura,4,9392
Struttura della Pasta::regolare con piccola dittatura,Struttura della Pasta,Regolare con piccola dittatura,4,9393
Colore della Pasta::carico al centro macchie rosa,Colore della Pasta,Carico al centro macchie rosa,4,9394
Colore della Pasta::tranciato con alone,Colore della Pasta,Tranciato con alone,4,9395
Colore della Pasta::rosa ai piatti,Colore della Pasta,Rosa ai piatti,16,9397
Colore della Pasta::giallo carico con macchia marrone,Colore della Pasta,Giallo carico con macchia marrone,4,9398
Colore della Pasta::alone centrale leggermente rosato,Colore della Pasta,Alone centrale leggermente rosato,4,9399
Colore della Pasta::zona rosa centrale e mtv chiara sugli angoli,Colore della Pasta,Zona rosa centrale e Mtv chiara sugli angoli,4,9401
Colore della Pasta::intensa con alone,Colore della Pasta,Intensa con alone,4,9402
Colore della Pasta::abbastanza omogenea con giallo tendente al carico verso la crosta aree nocciola arancio,Colore della Pasta,Abbastanza omogenea con giallo tendente al carico. Verso la crosta aree nocciola arancio,4,9403
Colore della Pasta::alone centrale scuro colore tendenzialmente carico,Colore della Pasta,Alone centrale scuro colore tendenzialmente carico,4,9404
Colore della Pasta::paglierino carico con numerosi cristalli,Colore della Pasta,Paglierino carico con numerosi cristalli,4,9405
Profumo::sporco non positivo,Profumo,sporco non positivo,4,9407
Profumo::burro panna leggermente ossidato,Profumo,"burro, panna, leggermente ossidato",4,9408
Profumo::latte e brodo vegetale,Profumo,latte e brodo vegetale,8,9410
Profumo::caramella mou latte uht,Profumo,"caramella mou , latte UHT",4,9411
Profumo::iniziale nota tostata segue panna latte cotto e burro fuso,Profumo,"iniziale nota tostata, segue panna latte cotto e burro fuso",4,9412
Profumo::latte cotto e panna cotta intensità medio alta,Profumo,latte cotto e panna cotta intensità medio alta,4,9413
Profumo::floreale panna,Profumo,"Floreale, panna",8,9414
Profumo::moderata intensità panna cotto frutta secca anche note vegetali di brodo,Profumo,"moderata intensità. panna, cotto. frutta secca. anche note vegetali di brodo",4,9415
Profumo::note dolciastre con floreale e frutta un pò di grana,Profumo,note dolciastre con floreale e frutta.. un pò di grana!,4,9416
Sapore::non del tutto equilibrato,Sapore,non del tutto equilibrato,4,9419
Sapore::salato e piccante,Sapore,salato e piccante,28,9420
Sapore::insapore,Sapore,insapore,16,9422
Sapore::un poco troppo dolce,Sapore,un poco- troppo dolce,4,9423
Sapore::dolce intensità alta amaro intensità media,Sapore,dolce intensità alta;amaro intensità media,4,9425
Sapore::nulla prevale non dolce,Sapore,nulla prevale. non dolce,8,9427
Sapore::abbstanza equilibrato ma con note amarognole anche prevalenti,Sapore,abbstanza equilibrato ma con note amarognole anche prevalenti,4,9428
Aroma::non da grana,Aroma,non da grana,12,9431
Aroma::inizialmente burro epanna lascia una coda di ossidato,Aroma,"inizialmente burro epanna , lascia una coda di ossidato",4,9432
Aroma::leggermente di pasta bruciata comunque insapore,Aroma,"leggermente di pasta bruciata, comunque insapore",4,9434
Aroma::cotto e leggero tostato nota di mandola,Aroma,"cotto e leggero tostato, nota di mandola",4,9436
Aroma::latte cotto e panna cotta intensità medio alta,Aroma,latte cotto e panna cotta intensità medio alta,4,9437
Aroma::metallico non piacevole,Aroma,"metallico, non piacevole",4,9440
Texture::friabilità intensità scara granuli tirosina intensità scarsa,Texture,friabilità intensità scara;granuli tirosina intensità scarsa,4,9442
Texture::morbido con qualche piccolo cristalli tende ad impastare e lasciare residuo farinoso,Texture,morbido con qualche piccolo cristalli tende ad impastare e lasciare residuo farinoso,4,9443
Texture::seppur morbido è friabile in una moicrostruttura di discreta finezza cristalli presenti finale di bocca un poco' impastata,Texture,seppur morbido è friabile in una moicrostruttura di discreta finezza. Cristalli presenti. finale di bocca un poco' impastata,4,9444
Texture::molto morbido microstruttura assente cristalli assenti sembra quasi asiago,Texture,"molto morbido, microstruttura assente, cristalli assenti, sembra quasi asiago",4,9446
Texture::pastoso compatto non granuloso asciutto non si percepiscono cristalli,Texture,"pastoso compatto, non granuloso, asciutto, non si percepiscono cristalli",4,9448
Texture::pastoso ma abbastanza solubile,Texture,pastoso ma abbastanza solubile,4,9449
Texture::compatto non molto friabile deformabile,Texture,"compatto, non molto friabile, deformabile,",4,9450
Texture::asciutto poco solubile e pochi cristalli,Texture,"asciutto, poco solubile e pochi cristalli",4,9451
Texture::assenza di grana si impasta in bocca,Texture,assenza di grana si impasta in bocca,4,9452
Texture::sabbioso finissimo,Texture,sabbioso finissimo,4,9453
Spessore della Crosta::0 5 cm,Spessore della Crosta,"0,5 cm",8,9459
Spessore della Crosta::8mm,Spessore della Crosta,8mm,4,9461
Spessore della Crosta::disomogeneo fra i 2 piatti in media anche meno di 8,Spessore della Crosta,"Disomogeneo fra i 2 piatti, in media anche meno di 8",4,9462
Spessore della Crosta::tende al fine ma con zone diverse,Spessore della Crosta,"Tende al fine, ma con zone diverse",4,9463
Spessore della Crosta::molto sottile,Spessore della Crosta,Molto sottile,30,9465
Struttura della Pasta::sbrinz,Struttura della Pasta,Sbrinz,4,9468
Struttura della Pasta::grana molto fine frammentazione buona con scaglie grosse striature presenti,Struttura della Pasta,"Grana molto fine, frammentazione buona con scaglie grosse, striature presenti",4,9470
Struttura della Pasta::tendente allo stirato,Struttura della Pasta,Tendente allo stirato,4,9471
Struttura della Pasta::compatta stirata senza grana,Struttura della Pasta,"Compatta, stirata, senza grana",4,9472
Struttura della Pasta::grana mt brutta con sfoglia e micro occhiature centrali tende a sfogliare,Struttura della Pasta,"Grana mt brutta con sfoglia e micro occhiature centrali, tende a sfogliare",4,9473
Struttura della Pasta::stirata e qualche microocchiatura,Struttura della Pasta,Stirata e qualche microocchiatura,4,9474
Struttura della Pasta::leggermente stirata microocchiatura presente,Struttura della Pasta,Leggermente stirata.. Microocchiatura presente.,4,9475
Struttura della Pasta::stirata poco formata occhiatura,Struttura della Pasta,Stirata poco formata occhiatura,4,9476
Struttura della Pasta::frattura regolare grana fine,Struttura della Pasta,Frattura regolare grana fine,8,9477
Colore della Pasta::carico al centro e leggera colorazione rosata (dubbia),Colore della Pasta,Carico al centro e leggera colorazione rosata (dubbia),4,9478
Colore della Pasta::fascia più chiara sotto un piatto,Colore della Pasta,Fascia più chiara sotto un piatto,4,9479
Colore della Pasta::relativamente omogeneo ma carico,Colore della Pasta,Relativamente omogeneo ma carico,4,9480
Colore della Pasta::chiaro omogeneo,Colore della Pasta,Chiaro omogeneo,24,9483
Colore della Pasta::giallo chiaro con una leggera tendenza al grigio verde,Colore della Pasta,"Giallo chiaro, con una leggera tendenza al grigio verde",4,9484
Colore della Pasta::giallo un poco' carico e con zone rosa,Colore della Pasta,Giallo un poco' carico e con zone rosa,4,9485
Colore della Pasta::sfumata e diversa da un piatto all'altro,Colore della Pasta,Sfumata e diversa da un piatto all'altro,4,9486
Colore della Pasta::tende al giallo chiaro,Colore della Pasta,Tende al giallo chiaro.,4,9487
Colore della Pasta::paglierino chiaro con leggera nota grigiastra,Colore della Pasta,Paglierino chiaro con leggera nota grigiastra,4,9489
Profumo::equilibrato piacevole,Profumo,"equilibrato, piacevole",4,9826
Profumo::crosta cotto verdura lessa,Profumo,"crosta, cotto, verdura lessa",4,9828
Profumo::latte cotto cipolla,Profumo,"latte cotto, cipolla",4,9831
Profumo::principalmente panna e fruttato segue il burro il latte cotto e un leggero tostato,Profumo,"Principalmente panna e fruttato, segue il burro, il latte cotto e un leggero tostato",4,9832
Profumo::in positivo intensità burro fuso medio alta,Profumo,in positivo intensità burro fuso medio alta,4,9833
Profumo::sentore vegetale all'apertura poi anche lattici cotti un poco' troppo affumicato,Profumo,"Sentore vegetale all'apertura, poi anche lattici cotti un poco' troppo, affumicato,",4,9834
Profumo::prima olfazione stalla/fecale poiresta una sensazione di tostato pane frutta secca intensità più che moderata ignoro il primo odore sgradevole,Profumo,"prima olfazione: stalla/fecale. poiresta una sensazione di tostato, pane frutta secca. intensità più che moderata, ignoro il primo odore sgradevole",4,9835
Profumo::burro latte yoguth fumè floreale,Profumo,"burro, latte, yoguth, fumè, floreale...",4,9836
Sapore::saporito non piccante,Sapore,"saporito, non piccante",4,9838
Sapore::dolce poco equil il salato leggermente piccante,Sapore,dolce poco equil il salato leggermente piccante,4,9839
Sapore::leggermete salato poco piccante,Sapore,leggermete salato poco piccante,4,9840
Sapore::umami molto presente non equilibrato,Sapore,"umami molto presente, non equilibrato",4,9843
Sapore::piccante presente sapidità elevata con dolcezza finale,Sapore,"piccante presente, sapidità elevata, con dolcezza finale",4,9844
Sapore::dolce intensità medio alta piccante intensità bassa,Sapore,dolce intensità medio alta;piccante intensità bassa,4,9845
Sapore::un poco' di amaro fin da subito poi leggera piccantezza,Sapore,"un poco' di amaro fin da subito, poi leggera piccantezza",4,9846
Sapore::sale sale sale dietro poco,Sapore,"sale, sale ,sale. dietro poco",4,9847
Sapore::euilibrato con presenza anche di dolce peccato per un finale amarognolo,Sapore,euilibrato con presenza anche di dolce! peccato per un finale amarognolo...,4,9848
Sapore::dolce salato leggermente piccante in finale,Sapore,dolce;salato;leggermente piccante in finale,4,9849
Aroma::leggeri cotto e crosta meglio l aroma dell odore,Aroma,"leggeri cotto e crosta, meglio l-aroma dell-odore",4,9852
Aroma::panna ma da nostrano e poco da grana,Aroma,panna ma da nostrano e poco da grana,4,9853
Aroma::pesce,Aroma,pesce,4,9855
Aroma::principalmente burro e lattico cotto,Aroma,principalmente burro e lattico cotto,4,9856
Aroma::panna cotta e burro fuso intensità medio alta,Aroma,panna cotta e burro fuso intensità medio alta,4,9857
Texture::friabilità scarsa solubilità alta cristalli tirosina scarsi,Texture,"friabilità scarsa, solubilità alta, cristalli tirosina scarsi",4,9862
Texture::granuloso con cristalli poco solubile,Texture,granuloso con cristalli poco solubile,4,9863
Texture::morbido troppo microstruttura media non firabile e i cristalli non li trovo,Texture,"morbido, troppo. microstruttura media. non firabile e i cristalli non li trovo",4,9864
Texture::pastoso pochi cristalli,Texture,pastoso;pochi cristalli,12,9865
Texture::buoni cristalli buona solubilità,Texture,"buoni cristalli, buona solubilità",4,9866
Texture::compatto e poco granulare abbastanza duro e asciutto pochi cristalli,Texture,"compatto e poco granulare, abbastanza duro e asciutto pochi cristalli.",4,9868
Texture::tirosina ok abbastanza solubile,Texture,"tirosina ok, abbastanza solubile",4,9869
Texture::ottima la microstruttura crtistalli presenti pastosità e umidità medio equilibrate,Texture,ottima la microstruttura. Crtistalli presenti. Pastosità e umidità medio equilibrate,4,9871
Texture::bocca poco pulita con frammenti insolubili,Texture,bocca poco pulita con frammenti insolubili,4,9873
Spessore della Crosta::crosta piatto e scalzo sfumata spessore indefinito media indicativa 9mm spigoli accentuati,Spessore della Crosta,Crosta piatto e scalzo sfumata spessore indefinito media indicativa 9mm Spigoli accentuati,4,9874
Spessore della Crosta::sui piatti a tratti estremamente sottile,Spessore della Crosta,Sui piatti a tratti estremamente sottile,4,9876
Spessore della Crosta::0 6 cm,Spessore della Crosta,"0,6 cm",12,9879
Spessore della Crosta::molto più spessa sugli scalzi 1 5 mm che qui piatti 0 9,Spessore della Crosta,"Molto più spessa sugli scalzi 1,5 mm che qui piatti 0.9",4,9880
Spessore della Crosta::molto sfumata,Spessore della Crosta,Molto sfumata,4,9882
Spessore della Crosta::alta con disomogeneità verso le aree,Spessore della Crosta,Alta con disomogeneità verso le aree..,4,9883
Spessore della Crosta::un poco grossa,Spessore della Crosta,Un Poco grossa,8,9884
Spessore della Crosta::oltre il cm,Spessore della Crosta,Oltre il cm,4,9885
Struttura della Pasta::non omogenea granulosa aree tendente allo stirato,Struttura della Pasta,Non omogenea Granulosa Aree tendente allo Stirato,4,9886
Struttura della Pasta::disomogenea con centro striato,Struttura della Pasta,Disomogenea con centro striato,4,9887
Struttura della Pasta::struttura grossolana quasi non ben sviluppata non omogenea comunque,Struttura della Pasta,Struttura grossolana. Quasi non ben sviluppata . Non omogenea comunque,4,9888
Struttura della Pasta::frattura abbastanza regolare presenti scaglie grosse e cristalli,Struttura della Pasta,"Frattura abbastanza regolare, presenti scaglie grosse e cristalli",4,9890
Struttura della Pasta::struttura non omogenea frattura irregolare,Struttura della Pasta,Struttura non omogenea Frattura irregolare,4,9891
Struttura della Pasta::frattura regolare pasta granulare,Struttura della Pasta,"Frattura regolare, pasta granulare",4,9892
Struttura della Pasta::sfoglia mt presente grana troppo piatta,Struttura della Pasta,"Sfoglia mt presente, grana troppo piatta",4,9893
Struttura della Pasta::niente di particolare,Struttura della Pasta,Niente di particolare,4,9894
Struttura della Pasta::grossolana non omogenea,Struttura della Pasta,Grossolana non omogenea,4,9895
Colore della Pasta::evidente alone centrale con fascia sotto un piatto più bianca cristalli piccoli e qualche perla,Colore della Pasta,Evidente alone centrale con fascia sotto un piatto più bianca cristalli piccoli e qualche perla,4,9899
Colore della Pasta::alone centrale stretto e più scuro,Colore della Pasta,Alone centrale stretto e più scuro,4,9902
Colore della Pasta::colore carico più scuro al centro,Colore della Pasta,Colore carico più scuro al centro,4,9903
Colore della Pasta::giallo abbastanza carico con alone centrale,Colore della Pasta,Giallo abbastanza carico con alone centrale,4,9904
Colore della Pasta::chiara sotto crosta e più scura centrale,Colore della Pasta,Chiara sotto crosta e più scura centrale,4,9905
Colore della Pasta::verso il giallo carico con aree vergognose o nocciola carico,Colore della Pasta,"Verso il giallo carico, con aree vergognose o nocciola carico",4,9907
Colore della Pasta::paglierino carico quasi giallo con alone grigio verde,Colore della Pasta,"Paglierino carico, quasi giallo con alone grigio verde",4,9909
Profumo::da formaggio fresco,Profumo,"da formaggio fresco,",4,9911
Profumo::ossidato e crosta leggeri,Profumo,"ossidato e crosta, leggeri",4,9912
Profumo::leggero panna,Profumo,leggero panna,8,9913
Profumo::cipolla burro crudo leggero,Profumo,"cipolla, burro crudo leggero",4,9915
Profumo::fruttato burro fuso e latte cotto nota tostata finale,Profumo,"fruttato burro fuso e latte cotto, nota tostata finale",4,9916
Profumo::frutta secca intensità media,Profumo,frutta secca intensità media,4,9917
Profumo::note vegetali e lattiche fresche,Profumo,note vegetali e lattiche fresche,4,9918
Profumo::intensità buona burro cotto panna leggero tostato,Profumo,Intensità buona. burro cotto. panna leggero. tostato,4,9919
Profumo::grana kiwi nocciola e tostato,Profumo,"grana, kiwi, nocciola e tostato..",4,9920
Profumo::latte brodo di carne,Profumo,latte ;brodo di carne,4,9921
Sapore::salato e leggermente piccante,Sapore,salato e leggermente piccante.,24,9922
Sapore::salato non equi piccante,Sapore,salato non equi piccante,4,9923
Sapore::equilibrato leggero piccante,Sapore,"equilibrato, leggero piccante",4,9927
Sapore::sapidità e piccantezza elevata,Sapore,sapidità e piccantezza elevata,4,9928
Sapore::leggermente piccante un poco' salato,Sapore,"leggermente piccante, un poco' salato",4,9930
Sapore::pungente per sale,Sapore,pungente per sale,8,9931
Sapore::equilibrato con punte anche dolciastre,Sapore,equilibrato con punte anche dolciastre,4,9932
Sapore::acido leggermente piccante salato,Sapore,acido;leggermente piccante;salato,4,9933
Aroma::leggero sentore di cotto aroma comunque piacevole,Aroma,leggero sentore di cotto. aroma comunque piacevole,4,9934
Aroma::non da grana stagionato,Aroma,non da grana stagionato,4,9935
Aroma::formaggio cotto e crosta,Aroma,formaggio cotto e crosta,4,9936
Aroma::crosta pasta bruciata,Aroma,"crosta , pasta bruciata",4,9938
Aroma::verdura cotta latte cotto,Aroma,"verdura cotta, latte cotto",4,9939
Aroma::tornano al naso note fi cotto e fruttato,Aroma,tornano al naso note fi cotto e fruttato,4,9940
Aroma::per lo più note lattiche,Aroma,per lo più note lattiche,4,9942
Aroma::medio burro e frutta,Aroma,"medio, burro e frutta",4,9944
Texture::granuloso impasta cristalli piccoli poco solub,Texture,granuloso impasta cristalli piccoli poco solub,4,9947
Texture::morbido umido poco friabile cristalli presenti anche di buone dimensioni,Texture,"morbido. umido. poco friabile. cristalli presenti, anche di buone dimensioni.",4,9948
Texture::assenza di cristalli pastoso,Texture,assenza di cristalli;pastoso,4,9949
Texture::piuttosto morbido e con poca microstruttura,Texture,piuttosto morbido e con poca microstruttura,4,9950
Texture::pastoso poco granuloso asciutto pochi cristalli,Texture,"pastoso, poco granuloso, asciutto, pochi cristalli,",4,9952
Texture::mediamente solubile,Texture,mediamente solubile,4,9953
Texture::mediamente umido e solubile,Texture,mediamente umido e solubile,4,9954
Texture::manca un pò di umidità ma nel complesso ok,Texture,"manca un pò di umidità, ma nel complesso OK",4,9955
Texture::no grana,Texture,no grana,8,9956
Texture::la bocca rimane abbastanza pulita i cristalli sono pochi ma abbastanza grossi,Texture,"la bocca rimane abbastanza pulita, i cristalli sono pochi, ma abbastanza grossi",4,9957
Spessore della Crosta::spessore medio 10mm,Spessore della Crosta,Spessore medio 10mm,4,9958
Spessore della Crosta::0 7cm,Spessore della Crosta,"0,7cm",8,9963
Spessore della Crosta::8_10 mm,Spessore della Crosta,8_10 mm,4,9965
Spessore della Crosta::mediamente 10 mm,Spessore della Crosta,Mediamente 10 mm,16,9967
Spessore della Crosta::media 0 8 1,Spessore della Crosta,"Media 0,8 1",4,9968
Struttura della Pasta::stirata e leggera microocchiatura,Struttura della Pasta,Stirata e leggera microocchiatura,4,9970
Struttura della Pasta::stirata ma niforme,Struttura della Pasta,Stirata ma niforme,4,9971
Struttura della Pasta::bella la frattura microocchiatura rada e fine nella porzione centrale disomogenea per dittatura al centro tende a sfogliare,Struttura della Pasta,Bella la frattura. Microocchiatura rada e fine nella porzione centrale. Disomogenea per dittatura al centro. Tende a sfogliare,4,9972
Struttura della Pasta::struttura liscia frammentazione regolare ma presenza di molte scaglie,Struttura della Pasta,"STRUTTURA liscia, frammentazione regolare ma presenza di molte scaglie",4,9974
Struttura della Pasta::zone leggermente stirata qualche microocchiatura,Struttura della Pasta,"Zone leggermente stirata, qualche Microocchiatura",4,9975
Struttura della Pasta::frattura regolare pasta grandiosa con piccola zona stirata e leggera micro occhiatura,Struttura della Pasta,"Frattura regolare, pasta grandiosa con piccola zona stirata e leggera micro occhiatura.",4,9976
Struttura della Pasta::sfogliata e micro bocciature centrali un poco' stirata,Struttura della Pasta,"Sfogliata e micro bocciature centrali, un poco' stirata",4,9977
Struttura della Pasta::alcune aree stirare e frattura media,Struttura della Pasta,Alcune aree stirare e frattura media,4,9979
Struttura della Pasta::stirata centralmente grana leggera occhiatura sparse,Struttura della Pasta,Stirata centralmente grana leggera occhiatura sparse,4,9980
Colore della Pasta::giallo carico con fascia sotto un piatto più chiara,Colore della Pasta,Giallo carico con fascia sotto un piatto più chiara,4,9983
Colore della Pasta::più chiaro sui 3/4 saturo il centro,Colore della Pasta,Più Chiaro sui 3/4 . Saturo il centro,4,9984
Colore della Pasta::giallo chiaro con alone centrale,Colore della Pasta,Giallo chiaro con alone centrale,8,9986
Colore della Pasta::un poco' più scuro al centro,Colore della Pasta,Un poco' più scuro al centro,4,9987
Colore della Pasta::giallo chiaro con piccolo alone più carico in centro,Colore della Pasta,Giallo chiaro con piccolo alone più carico in centro,4,9988
Colore della Pasta::alcune zone grigiastro zona molto chiara e parte interna più scura,Colore della Pasta,"Alcune zone grigiastro, zona molto chiara e parte interna più scura",4,9989
Colore della Pasta::carico con alone,Colore della Pasta,Carico con alone,8,9990
Colore della Pasta::tende al giallo meno carico omogenea con poche zone nocciola verso crosta,Colore della Pasta,Tende al giallo meno carico. Omogenea con poche zone nocciola verso crosta,4,9991
Colore della Pasta::alone centrale scuro,Colore della Pasta,Alone centrale scuro,20,9992
Colore della Pasta::paglierino carico con alone più scuro al centro,Colore della Pasta,Paglierino carico con alone più scuro al centro,4,9993
Profumo::latte e panna forte fieno forte,Profumo,latte e panna forte;fieno forte,4,11170
Profumo::cotto e brodo veg,Profumo,cotto e brodo veg,4,11171
Profumo::intensità media note lattee tendenti al cotto/maturo,Profumo,Intensità media. note lattee tendenti al cotto/maturo,4,11172
Profumo::acido,Profumo,acido,12,11173
Profumo::crosta di formaggio,Profumo,crosta di formaggio,4,11174
Profumo::burro fuso formaggio cotto leggermete ossidato,Profumo,"burro fuso, formaggio cotto, leggermete ossidato",4,11176
Profumo::all'apertura odore pungente fermentato poi crosta di formaggio cotti intensi fino al caffè,Profumo,"All'apertura odore pungente, fermentato, poi crosta di formaggio, cotti intensi, fino al caffè",4,11177
Profumo::intenso con note florali kiwi e panna,Profumo,"intenso con note florali, kiwi e panna",4,11178
Profumo::animale,Profumo,animale,16,11179
Sapore::gusti equilibrati con dolce forte,Sapore,gusti equilibrati con dolce forte,4,11180
Sapore::nessuna nota prevalente poco umami o nulla,Sapore,nessuna nota prevalente. poco umami o nulla,4,11182
Sapore::crosta sa di vecchio,Sapore,"crosta, sa di vecchio",4,11184
Sapore::moltoo salato e con tendenza acida,Sapore,moltoo salato e con tendenza acida,4,11186
Sapore::bello equilibrato e anche note dolciastre piacevoli,Sapore,bello equilibrato e anche note dolciastre piacevoli,4,11188
Aroma::frutta secca forte brodo moderato,Aroma,frutta secca forte;brodo moderato,4,11190
Aroma::cotto crosta,Aroma,cotto crosta,4,11191
Aroma::povero rispetto a lnaso,Aroma,povero rispetto a lnaso,4,11192
Aroma::tostato vecchio,Aroma,"tostato, vecchio",4,11194
Aroma::cotto leggemrente animale,Aroma,"cotto, leggemrente animale",4,11196
Aroma::accanto ai lattici cotti anche marcio putrido,Aroma,"accanto ai lattici cotti, anche marcio, putrido",4,11197
Aroma::burroso brodo,Aroma,"burroso, brodo..",4,11198
Aroma::non da grana difetto,Aroma,non da grana difetto,4,11199
Texture::tirosina solubilità e friabilità moderato,Texture,tirosina solubilità e friabilità moderato,4,11200
Texture::asciutto ma pochi cristalli e tende ad impastare,Texture,asciutto ma pochi cristalli e tende ad impastare,4,11201
Texture::morbido poco strutturato e friabile sembra giovane,Texture,morbido. poco strutturato e friabile. sembra giovane,4,11202
Texture::molti cristalli decente microstruttura abbastanza solubile,Texture,"molti cristalli, decente microstruttura, abbastanza solubile",4,11204
Texture::pastoso non molto solubile,Texture,"pastoso, non molto solubile",4,11205
Texture::morbido pastoso 'gommoso,Texture,"morbido, pastoso, 'gommoso",4,11206
Texture::medio bassa durezza bella solubilità leggermente asciutto e pochi cristalli (medi),Texture,"medio-bassa durezza, bella solubilità, leggermente asciutto e pochi cristalli (medi)",4,11208
Texture::molti cristalli,Texture,molti cristalli,8,11209
Spessore della Crosta::dispari sfumata 11mm,Spessore della Crosta,Dispari sfumata 11mm,4,11210
Spessore della Crosta::crosta molto fine sui piatti più spessa sugli scalzi unghia marcata,Spessore della Crosta,"Crosta molto fine sui piatti, più spessa sugli scalzi. Unghia marcata",4,11215
Spessore della Crosta::8 più marcato sotto un piatto,Spessore della Crosta,8 più marcato sotto un piatto,4,11217
Spessore della Crosta::medio,Spessore della Crosta,Medio..,8,11218
Struttura della Pasta::microocchiatura circa meta forma stirata non omogenea non regolare,Struttura della Pasta,Microocchiatura Circa meta forma stirata Non omogenea non regolare,4,11220
Struttura della Pasta::microocchiatura 1 o 2 mm molto fitta è grana stirata in parte,Struttura della Pasta,Microocchiatura 1 o 2 mm molto fitta è grana stirata in parte,4,11221
Struttura della Pasta::microocchiatura anche grossa in ampia area struttura non omogenea al centro non definita,Struttura della Pasta,"Microocchiatura, anche grossa, in ampia area. Struttura non omogenea: al centro non definita",4,11222
Struttura della Pasta::frattura regolare ma occhiatura importante diffusa,Struttura della Pasta,Frattura regolare ma occhiatura importante diffusa,4,11224
Struttura della Pasta::struttura non omogenea in parte stirata con occhiatura piccola e media al centro aspetto spugnoso,Struttura della Pasta,"Struttura non omogenea, in parte stirata con occhiatura piccola e media. Al centro aspetto spugnoso.",4,11225
Struttura della Pasta::frattura abbastanza regolare ma struttura stirata e compatta microocchiatura diffusa a tutta la superficie con diametro anche sul 2 mm,Struttura della Pasta,"Frattura abbastanza regolare ma struttura stirata e compatta , microocchiatura diffusa a tutta la superficie, con diametro anche sul. 2 mm.",4,11226
Struttura della Pasta::quasi stirata microocchiatura diffusa,Struttura della Pasta,"Quasi stirata, Microocchiatura diffusa",4,11227
Struttura della Pasta::microocchiatura presente anche da 5 mm grana media e fine frattura scomposta,Struttura della Pasta,"Microocchiatura presente anche da 5 mm, grana media e fine, frattura scomposta",4,11228
Struttura della Pasta::grana poco formata grandi occhiature,Struttura della Pasta,Grana poco formata grandi occhiature,4,11229
Colore della Pasta::carico verso il centro,Colore della Pasta,Carico verso il centro,4,11230
Colore della Pasta::zona più chiara sotto un piatto e chiazza o rosa,Colore della Pasta,Zona più chiara sotto un piatto e chiazza o rosa,4,11231
Colore della Pasta::più chiaro ai bordi 1 macchia rosa,Colore della Pasta,Più chiaro ai bordi. 1 macchia rosa?,4,11232
Colore della Pasta::giallo uniforme,Colore della Pasta,Giallo uniforme,8,11234
Colore della Pasta::giallo un poco' carico con qualche leggera macchia rosa,Colore della Pasta,Giallo un poco' carico con qualche leggera macchia rosa,4,11235
Colore della Pasta::giallo molto carico,Colore della Pasta,Giallo molto carico,20,11236
Colore della Pasta::colore sfumato più scuro verso un piatto macchia rosa,Colore della Pasta,"Colore sfumato più scuro verso un piatto, macchia rosa",4,11237
Colore della Pasta::giallo arancio con zone verdognole,Colore della Pasta,Giallo arancio con zone verdognole,4,11238
Colore della Pasta::abbastanza uniforme tende al carico,Colore della Pasta,Abbastanza uniforme tende al carico,4,11239
Profumo::latte cotto moderato fermentato moderato,Profumo,latte cotto moderato;fermentato moderato,4,11310
Profumo::leggero cotto,Profumo,Leggero. cotto.,8,11312
Profumo::burro un poco acido,Profumo,burro;un poco- acido,4,11313
Profumo::burro e formaggio cotto,Profumo,burro e formaggio cotto,4,11316
Profumo::all'apertura anche fieno formaggio cotto crosta di grana latte cotto,Profumo,"All'apertura anche fieno, formaggio cotto, crosta di grana, latte cotto",4,11317
Profumo::latte nocciola leggera tostatura,Profumo,"latte, nocciola, leggera tostatura",4,11318
Sapore::piccante leggero acido moderato,Sapore,piccante leggero;acido moderato,4,11320
Sapore::leggermente acido umami,Sapore,leggermente acido;umami,4,11323
Sapore::leggermente salato e dolce,Sapore,leggermente salato e dolce,4,11324
Sapore::equilibrio di sapori non tipico del grana,Sapore,equilibrio di sapori non tipico del grana,4,11325
Sapore::umami leggermente intenso,Sapore,umami leggermente intenso,4,11326
Sapore::salato umami,Sapore,"salato, umami",24,11327
Sapore::equilibrato con note dolciastre e sapide ben amalgamate,Sapore,"equilibrato, con note dolciastre e sapide ben amalgamate",4,11328
Sapore::salatissimo,Sapore,salatissimo,8,11329
Aroma::fermentato leggero,Aroma,fermentato leggero,4,11330
Aroma::tostato e brodo,Aroma,tostato e brodo,4,11334
Aroma::nostrano,Aroma,nostrano,4,11335
Aroma::note id formaggio cotto piacevoli,Aroma,note id formaggio cotto piacevoli,4,11336
Aroma::lattici cotti carne lessa,Aroma,"lattici cotti, carne lessa",4,11337
Aroma::grana tipico,Aroma,grana tipico...,4,11338
Aroma::non del tutto positivo,Aroma,non del tutto positivo,8,11339
Texture::tirosina solubilità e friabilità leggera,Texture,tirosina solubilità e friabilità leggera,4,11340
Texture::asciutto e inzialmente poco solub,Texture,asciutto e inzialmente poco solub,4,11341
Texture::morbido al primo morso ciononostante si briciola abbastanza cristalli non molti,Texture,morbido al primo morso. ciononostante si briciola abbastanza. Cristalli: non molti,4,11342
Texture::microstruttura scarsa,Texture,MICROSTRUTTURa scarsa,4,11344
Texture::abbastanza pastoso,Texture,abbastanza pastoso,4,11345
Texture::compatto e sciutto grana troppo fine nessun cristallo,Texture,"compatto e sciutto, grana troppo fine, nessun cristallo",4,11346
Texture::non molto friabile grana fine abbastanza solubile quasi assenti i cristalli,Texture,"non molto friabile, grana fine, abbastanza solubile, quasi assenti i cristalli",4,11347
Texture::manca un pò di durezza e appare leggermente asciutto,Texture,manca un pò di durezza e appare leggermente asciutto...,4,11348
Texture::molto tenero poca grana,Texture,molto tenero poca grana,4,11349
Spessore della Crosta::crosta sfumata e dispari media 9mm,Spessore della Crosta,Crosta sfumata e dispari Media 9mm,4,11350
Spessore della Crosta::colore sotto crosta sfumato netti gli angolo,Spessore della Crosta,Colore sotto crosta sfumato netti gli angolo,4,11351
Spessore della Crosta::piatto a cavallo del cm scalzi spessi,Spessore della Crosta,Piatto a cavallo del cm. Scalzi spessi,4,11352
Spessore della Crosta::1 1 cm unghia spessa,Spessore della Crosta,"1,1 cm Unghia spessa",4,11355
Spessore della Crosta::10 deciso,Spessore della Crosta,10 deciso,4,11357
Spessore della Crosta::piuttosto alto,Spessore della Crosta,Piuttosto alto!!!,4,11358
Spessore della Crosta::peccato per gli scalzi e gli spigoli grossi media 1,Spessore della Crosta,Peccato per gli scalzi e gli spigoli grossi media 1,4,11359
Struttura della Pasta::frattura non regolare,Struttura della Pasta,Frattura non regolare,8,11360
Struttura della Pasta::frattura e grana abbastanza regolare,Struttura della Pasta,Frattura e grana abbastanza regolare,4,11361
Struttura della Pasta::frattura irregolare grana grossa ed omogenea,Struttura della Pasta,Frattura irregolare. Grana grossa ed omogenea.,4,11362
Struttura della Pasta::frattura irregolare e microocchiatura,Struttura della Pasta,Frattura irregolare e Microocchiatura,4,11364
Struttura della Pasta::frattura abbastanza regolare grana grossolana ruvida omogenea,Struttura della Pasta,"Frattura abbastanza regolare, grana grossolana, ruvida. Omogenea",4,11365
Struttura della Pasta::frattura con avvallamenti struttura poco granulare compatta leggermente stirata,Struttura della Pasta,"Frattura con avvallamenti, struttura poco granulare, compatta, leggermente stirata.",4,11366
Struttura della Pasta::frattura regolare bella grana,Struttura della Pasta,Frattura regolare bella grana,12,11367
Struttura della Pasta::bella presenza di grana anche fine,Struttura della Pasta,Bella presenza di grana anche fine...,4,11368
Struttura della Pasta::grana fine al che occhio fine molto bella,Struttura della Pasta,Grana fine al che occhio fine molto bella,4,11369
Colore della Pasta::carica al centro,Colore della Pasta,Carica al centro,4,11370
Colore della Pasta::leggero alone più chiara su un lato,Colore della Pasta,Leggero alone più chiara su un lato,4,11371
Colore della Pasta::lieve più carico in zona centrale,Colore della Pasta,Lieve più carico in zona centrale,4,11372
Colore della Pasta::saturo,Colore della Pasta,Saturo,12,11374
Colore della Pasta::colore un poco' carico ma omogeneo,Colore della Pasta,Colore un poco' carico ma omogeneo,4,11375
Colore della Pasta::alone leggero centrale,Colore della Pasta,Alone leggero centrale,4,11377
Colore della Pasta::tende al giallo carico ma omogeneo,Colore della Pasta,"Tende al giallo carico, ma omogeneo",4,11378
Colore della Pasta::abbastanza uniforme tende a chiaro,Colore della Pasta,Abbastanza uniforme tende a chiaro,4,11379
Profumo::latte e panna cotta forte fieno forte,Profumo,latte e panna cotta forte;fieno forte,4,11380
Profumo::pane tostato latte cottto un poco' di panna intensità bassa,Profumo,pane. Tostato. Latte cottto. un poco' di panna. Intensità bassa,4,11382
Profumo::inizialmente burro fresco alla frattura note di bruciato,Profumo,"inizialmente burro fresco, alla frattura note di bruciato",4,11386
Profumo::leggera presenza di fungo muffa,Profumo,leggera presenza di fungo-muffa,4,11388
Profumo::intenso positivouna nota leggeerbacea in un pezzo,Profumo,intenso positivouna nota leggeerbacea in un pezzo,4,11389
Sapore::gusti equilibrati piccante moderato,Sapore,gusti equilibrati;piccante moderato,4,11390
Sapore::salato e amaro,Sapore,salato e amaro,16,11394
Sapore::molto salato con punta di amaro,Sapore,molto salato con punta di amaro,4,11396
Sapore::un poco' salato e lievemente piccante ma non sgradevoli,Sapore,"un poco' salato e lievemente piccante, ma non sgradevoli",4,11397
Sapore::sapido e umami,Sapore,sapido e umami,4,11398
Sapore::inizialmente molto buono ma alla fine molto salato,Sapore,inizialmente molto buono ma alla fine molto salato,4,11399
Aroma::latte cotto forte frutta secca forte,Aroma,latte cotto forte;frutta secca forte,4,11400
Aroma::vegetale cotto,Aroma,vegetale cotto,4,11401
Aroma::leggere note di cotto/crosta,Aroma,leggere note di cotto/crosta,4,11406
Aroma::brodo,Aroma,brodo,6,11408
Aroma::leggermente tostato,Aroma,leggermente tostato,4,11409
Texture::friabilità solubilità e tirosina medoreto astringente forte,Texture,friabilità solubilità e tirosina medoreto;astringente forte,4,11410
Texture::granuloso con pochi cristalli e poco sol,Texture,granuloso con pochi cristalli e poco sol,4,11411
Texture::ben friabile e umido pochi microcristalli finale sabbioso,Texture,Ben Friabile e umido. pochi microcristalli. finale sabbioso,4,11412
Texture::buona friabilità' poco solubile,Texture,"buona friabilità', poco solubile",4,11414
Texture::abbastanza duro pastoso asciutto con struttura abbastanza grossolana e poco solubile,Texture,"abbastanza duro, pastoso, asciutto, con struttura abbastanza grossolana e poco solubile.",4,11416
Texture::leggera sabbiosità finale ma friabile mediamente umido pochi cristalli presenti,Texture,"Leggera sabbiosità finale, ma friabile, mediamente umido, pochi cristalli presenti",4,11417
Texture::bella solubilità ma durezza bassa,Texture,"bella solubilità, ma durezza bassa",4,11418
Spessore della Crosta::10mm,Spessore della Crosta,10mm,10,11420
Spessore della Crosta::colore sganciato del sotto crosta più evidente su 1 lato,Spessore della Crosta,Colore sganciato del sotto crosta più evidente su 1 lato,4,11421
Spessore della Crosta::limite molto netto,Spessore della Crosta,Limite molto netto,4,11422
Spessore della Crosta::fine sui piatti spessa sugli scalzi 0 9cm media,Spessore della Crosta,"Fine sui piatti, spessa sugli scalzi 0,9cm media",4,11425
Spessore della Crosta::9 deciso,Spessore della Crosta,9 deciso,4,11427
Spessore della Crosta::fine nei patti e grossa negli scalzi,Spessore della Crosta,Fine nei patti e grossa negli scalzi...,4,11428
Struttura della Pasta::non omogenea con parti ruvide,Struttura della Pasta,Non omogenea con parti ruvide,4,11430
Struttura della Pasta::effetto grandioso qualche occhio 1 mm sparso e cristalli,Struttura della Pasta,Effetto grandioso qualche occhio 1 mm sparso e cristalli,4,11431
Struttura della Pasta::granulare fine piuttosto omogenea,Struttura della Pasta,Granulare fine piuttosto omogenea,4,11432
Struttura della Pasta::frattura abbastanza regolare grana semi fine,Struttura della Pasta,"Frattura abbastanza regolare,grana semi fine",4,11434
Struttura della Pasta::ruvida grossolana,Struttura della Pasta,"Ruvida, grossolana",4,11435
Struttura della Pasta::frattura abbastanza regolare struttura appare granulosa senza particolari difetti,Struttura della Pasta,"Frattura abbastanza regolare, struttura appare granulosa, senza particolari difetti",4,11436
Struttura della Pasta::bella grana fine,Struttura della Pasta,Bella grana fine!!!!,4,11438
Struttura della Pasta::bella granito fine,Struttura della Pasta,Bella granito fine,4,11439
Colore della Pasta::chiara tendente al aranciato unif,Colore della Pasta,Chiara Tendente al aranciato unif,4,11441
Colore della Pasta::tendenzialmente omogeneo e non troppo marcato,Colore della Pasta,Tendenzialmente omogeneo e non troppo marcato,4,11445
Colore della Pasta::giallo con ombre rosate,Colore della Pasta,Giallo con ombre rosate,4,11446
Colore della Pasta::giallo tendente al chiaro piuttosto luminoso,Colore della Pasta,Giallo tendente al chiaro piuttosto luminoso.,4,11448
Colore della Pasta::uniforme tende chiaro,Colore della Pasta,Uniforme tende chiaro,4,11449
Profumo::latte cotto moderato animale moderato/forte,Profumo,latte cotto moderato;animale moderato/forte,4,11450
Profumo::cotto,Profumo,cotto,24,11451
Profumo::profumo leggero nessun difetto o sentore strano evanescente tostato,Profumo,profumo leggero. nessun difetto o sentore strano. evanescente. tostato,4,11452
Profumo::latte cotto,Profumo,latte cotto,26,11454
Profumo::verdura lessa e formaggio cotto e burro,Profumo,verdura lessa e formaggio cotto e burro,4,11456
Profumo::all'apertura ottimi lattici freschi poi anche cotti,Profumo,"All'apertura ottimi lattici freschi, poi anche cotti",4,11457
Profumo::grana tostato fieno panna,Profumo,"grana, tostato, fieno, panna",4,11458
Profumo::verdora cotta non positivo,Profumo,verdora cotta non positivo,4,11459
Sapore::dolce forte salato moderato piccante forte,Sapore,dolce forte;salato moderato;piccante forte,4,11460
Sapore::appena un poco' salato ma nella norma amaro percepibile,Sapore,"Appena un poco' salato, ma nella norma. Amaro percepibile",4,11462
Sapore::umami,Sapore,umami,12,11463
Sapore::neutro,Sapore,neutro,16,11464
Sapore::equilibrato non troppo salato non piccante punta di umami,Sapore,equilibrato. non troppo salato. non piccante. punta di umami,4,11465
Sapore::acido salato e umami abbastanza equilibrati non piccante solo una leggerissima nota amara in coda,Sapore,"acido, salato e umami abbastanza equilibrati, non piccante , solo una leggerissima nota amara in coda",4,11466
Sapore::abbastanza equilibrato con finale leggermente sapido,Sapore,"abbastanza equilibrato, con finale leggermente sapido...",4,11468
Sapore::leggermente amaro salato abbastanza equlibrato,Sapore,leggermente amaro salato abbastanza equlibrato,4,11469
Aroma::animale forte,Aroma,animale forte,4,11470
Aroma::leggera crosta di formaggio,Aroma,leggera crosta di formaggio,4,11474
Aroma::burro fuso,Aroma,burro fuso,26,11475
Aroma::crosta e cotto,Aroma,crosta e cotto,4,11476
Aroma::formaggio cotto latte cotto,Aroma,"formaggio cotto, latte cotto,",4,11477
Aroma::grana burro,Aroma,"grana, burro",12,11478
Texture::tirosina friabilità e solubilità forte,Texture,tirosina friabilità e solubilità forte;,4,11480
Texture::asciutto con cristalli e granuloso poi sol,Texture,asciutto con cristalli e granuloso poi sol,4,11481
Texture::cristalli radi grossi cedevole e friabile a fine bossa sabbioso nolto fine,Texture,"Cristalli radi, grossi. Cedevole e friabile. A fine bossa sabbioso, nolto fine",4,11482
Texture::friabile e con cristalli ben bilanciato,Texture,"friabile e con cristalli, ben bilanciato",4,11484
Texture::morbido e cedevole cristalli ben percepibili solubile grna appabstanza fine,Texture,"morbido e cedevole, cristalli ben percepibili, solubile, grna appabstanza fine",4,11486
Texture::potrebbe essere più solubile,Texture,potrebbe essere più solubile,12,11487
Texture::leggermente asciutto ma nel complesso buona struttura,Texture,"leggermente asciutto, ma nel complesso buona struttura",4,11488
Spessore della Crosta::crosta sfumata media 8mm,Spessore della Crosta,Crosta sfumata Media 8mm,8,11490
Spessore della Crosta::spessa agli scalzi,Spessore della Crosta,Spessa agli scalzi,4,11496
Spessore della Crosta::alto,Spessore della Crosta,Alto...,4,11498
Struttura della Pasta::regolare frattura molto buona,Struttura della Pasta,Regolare. Frattura molto buona.,4,11502
Struttura della Pasta::frattura leggermente irregolare ma grana fine microocchiatura diffusa,Struttura della Pasta,"Frattura leggermente irregolare ma grana fine,microocchiatura diffusa",4,11504
Struttura della Pasta::frattura regolare struttura granulare omogenea,Struttura della Pasta,"Frattura regolare, struttura granulare omogenea,",4,11506
Struttura della Pasta::regolare bella grana,Struttura della Pasta,"Regolare, bella grana",4,11507
Struttura della Pasta::bella con grana anche fine frattura buona,Struttura della Pasta,"Bella con grana anche fine, frattura buona",4,11508
Struttura della Pasta::bella no difetti,Struttura della Pasta,Bella no difetti,4,11509
Colore della Pasta::unif,Colore della Pasta,Unif,4,11511
Colore della Pasta::omogeneo appena giallo,Colore della Pasta,"Omogeneo, appena giallo",4,11512
Colore della Pasta::leggermente carico il giallo sebbene omogeneo,Colore della Pasta,Leggermente carico il giallo sebbene omogeneo,4,11518
Colore della Pasta::uniforme chiaro,Colore della Pasta,Uniforme chiaro,4,11519
Profumo::latte cotto forte latte bruciato e stalla moderato,Profumo,latte cotto forte;latte bruciato e stalla moderato,4,11520
Profumo::intensità al più moderata,Profumo,Intensità al più moderata,4,11522
Profumo::panna e brodo,Profumo,panna e brodo,4,11524
Profumo::ossidata e bruciata,Profumo,ossidata e bruciata,4,11526
Profumo::fermentato,Profumo,fermentato,16,11527
Profumo::intenso fruttato e nocciola latte,Profumo,intenso fruttato.. e nocciola-latte,4,11528
Sapore::piccante forte,Sapore,piccante forte,16,11530
Sapore::piccantino non dolce,Sapore,piccantino. non dolce,4,11532
Sapore::acido amaro piccante,Sapore,acido;amaro;piccante,4,11533
Sapore::leggermente acido e piccante salato,Sapore,leggermente acido e piccante. salato,4,11535
Sapore::amara e piccante,Sapore,amara e piccante,4,11536
Sapore::salato piccante umami,Sapore,"salato, piccante, umami",4,11537
Sapore::sapidità eccessiva,Sapore,sapidità eccessiva,4,11538
Sapore::pizzica troppo,Sapore,pizzica troppo,4,11539
Aroma::latte cotto forte,Aroma,latte cotto forte,4,11540
Aroma::tostato crosta di formaggio,Aroma,"tostato, crosta di formaggio",8,11544
Aroma::coot bruciato crosta,Aroma,"coot, bruciato, crosta",4,11546
Aroma::fermentato cotti,Aroma,"fermentato, cotti,",4,11547
Aroma::nota da gorgonzola non piacevole,Aroma,nota da gorgonzola non piacevole...,4,11548
Texture::tirosina solubilità e friabilità moderata,Texture,tirosina solubilità e friabilità moderata,4,11550
Texture::morbido granuloso con cristalli piccoli abbastanza solubile,Texture,morbido granuloso con cristalli piccoli abbastanza solubile,4,11551
Texture::friabile microstruttura abbastanza fine umido non impasta,Texture,Friabile. Microstruttura abbastanza fine. Umido. Non impasta,4,11552
Texture::buona solubilità' e microstruttura,Texture,buona solubilità' e microstruttura,4,11554
Texture::duro poco solubile,Texture,"duro, poco solubile.",4,11555
Texture::abbastanza dura e compatta ma firabile con grana percepibile e cristalli,Texture,"abbastanza dura e compatta ma firabile, con grana percepibile e cristalli",4,11556
Texture::pastoso poco rfiabile,Texture,"pastoso, poco rfiabile",4,11557
Texture::asciutto pastoso poco solubile e mancano cristalli,Texture,"asciutto, pastoso, poco solubile e mancano cristalli....",4,11558
Spessore della Crosta::spessore medio 7mm crosta sfumata,Spessore della Crosta,Spessore medio 7mm Crosta sfumata,4,11560
Spessore della Crosta::0 8 cm,Spessore della Crosta,"0,8 cm",48,11565
Spessore della Crosta::molto diverso tra piatti e scalzi ma mediamente fine,Spessore della Crosta,Molto diverso tra piatti e scalzi ma mediamente fine,4,11568
Struttura della Pasta::microocchiatura non regolare non omogenea,Struttura della Pasta,Microocchiatura Non regolare Non omogenea,4,11570
Struttura della Pasta::fitta microocchiatura e grana che forma striature sotto un piatto tende al gessato,Struttura della Pasta,Fitta microocchiatura e grana che forma striature sotto un piatto tende al gessato,4,11571
Struttura della Pasta::microocchiatura diffusa zona central lievementecstirata e meno strutturata frattura molto irregolare e scalinata,Struttura della Pasta,Microocchiatura diffusa.zona central lievementecstirata e meno strutturata. Frattura molto irregolare e scalinata,4,11572
Struttura della Pasta::presenza di microocchiatura,Struttura della Pasta,Presenza di Microocchiatura,8,11573
Struttura della Pasta::frattura irregolare e stirata occhiatura su di un lato,Struttura della Pasta,"Frattura irregolare e stirata,occhiatura su di un lato",4,11574
Struttura della Pasta::struttura non omogenea presente microocchiatura in una parte,Struttura della Pasta,"Struttura non omogenea, presente Microocchiatura in una parte",4,11575
Struttura della Pasta::frattura con avvallamenti struttura stirata con microocchiatura diffusa ma tara,Struttura della Pasta,"Frattura con avvallamenti, struttura stirata con microocchiatura diffusa ma tara.",4,11576
Struttura della Pasta::frattura non molto regolare microocchiatura soprattutto in metà forma,Struttura della Pasta,"Frattura non molto regolare, microocchiatura soprattutto in metà forma",4,11577
Struttura della Pasta::grandiosa abbastanza regolare ma frattura a salti,Struttura della Pasta,"Grandiosa abbastanza regolare, ma frattura a salti",4,11578
Struttura della Pasta::stirata molto al centro ampia zona con occhiatura anche grossa effetto spugna frattura grossolana,Struttura della Pasta,Stirata molto al centro ampia zona con Occhiatura anche grossa effetto spugna frattura grossolana,4,11579
Colore della Pasta::colore centrale più carico,Colore della Pasta,Colore centrale più carico,4,11580
Colore della Pasta::alone forse accentuato dalla frattura ad arco,Colore della Pasta,Alone forse accentuato dalla frattura ad arco,4,11581
Colore della Pasta::base chiara appena più carica a tratti,Colore della Pasta,Base chiara appena più carica a tratti,4,11582
Colore della Pasta::leggero alone,Colore della Pasta,Leggero alone,20,11584
Colore della Pasta::colore omogeneo non troppo carico,Colore della Pasta,Colore omogeneo non troppo carico,8,11585
Colore della Pasta::giallo con tendenza al grigio verde e macchinine rosa,Colore della Pasta,Giallo con tendenza al grigio verde e macchinine rosa,4,11586
Colore della Pasta::tende al chiaro area centrale alone,Colore della Pasta,Tende al chiaro area centrale alone,4,11589
Profumo::latte fermentato forte,Profumo,latte fermentato forte,4,11590
Profumo::leggero ossidato,Profumo,leggero ossidato,4,11591
Profumo::anche di discreta intensità ma sento una note animale latte cotto e burro cotto,Profumo,"Anche di discreta intensità, ma sento una note animale. Latte cotto e burro cotto",4,11592
Profumo::debole,Profumo,debole,12,11595
Profumo::vegetale erbaceo cotto,Profumo,"vegetale, erbaceo, cotto",4,11596
Profumo::all'apertura ottimo panna e lattici alla rottura di un pezzo odore un poco' sgradevole tendente allo stantio,Profumo,"All'apertura, ottimo panna e lattici; alla rottura di un pezzo odore un poco' sgradevole, tendente allo stantio",4,11597
Profumo::grana mela fruttato e floreale anche,Profumo,"grana, mela-fruttato e floreale anche",4,11598
Profumo::leggermente propionico insilato difettoso,Profumo,"leggermente propionico, insilato, difettoso",4,11599
Sapore::amaro pungente sulla lingua tollerabile non nettamente dolce ma pieno,Sapore,"amaro. pungente sulla lingua, tollerabile. non nettamente dolce, ma pieno",4,11602
Sapore::dolce e sa di vecchio,Sapore,dolce e sa di vecchio,4,11604
Sapore::umami intenso e leggera punta piccante,Sapore,umami intenso e leggera punta piccante,4,11606
Sapore::un poco' salato e leggermente piccante alla fine ma non esagerati,Sapore,"un poco' salato e leggermente piccante alla fine, ma non esagerati",4,11607
"Sapore::equilibrato ma con poco sale ""sciapotto",Sapore,"equilibrato ma con poco sale!!! ""Sciapotto",4,11608
Aroma::provolone piccante moderato,Aroma,provolone piccante moderato,4,11610
Aroma::crosta di formaggio stantio,Aroma,"crosta di formaggio, stantio",4,11614
Aroma::crosta di formaggio intensa,Aroma,crosta di formaggio intensa,4,11616
Aroma::noce come retrogusto,Aroma,noce come retrogusto...,4,11618
Aroma::non tipico da formaggio diverso,Aroma,"non tipico, da formaggio diverso",4,11619
Texture::friabilità solubilità e tirosina leggero,Texture,friabilità solubilità e tirosina leggero,4,11620
Texture::morbido un poco umido anche se non molto solobile no cristalli,Texture,morbido un poco umido anche se non molto solobile no cristalli,4,11621
Texture::si frattura in una struttura netta quindi friabilità limitata elastico al morso del molare finale di bocca discreto forse asciuga,Texture,"Si frattura in una struttura netta, quindi friabilità limitata. Elastico al morso del molare. finale di bocca discreto, forse asciuga",4,11622
Texture::friabile e solubile,Texture,friabile e solubile,4,11624
Texture::pastoso privo ddi grana compatto,Texture,"pastoso, privo ddi grana, compatto",4,11626
Texture::tendente al compatto,Texture,"tendente al compatto,",4,11627
Texture::pochi granuli asciutto,Texture,"pochi granuli, asciutto...",4,11628
Texture::gommoso,Texture,gommoso,16,11629
Spessore della Crosta::crosta sfumata media 10mm,Spessore della Crosta,Crosta sfumata Media 10mm,12,11630
Spessore della Crosta::variabile ma mediamente fine )media,Spessore della Crosta,Variabile ma mediamente fine:-)media,4,11638
Struttura della Pasta::microocchiatura non regolare centro stirato,Struttura della Pasta,Microocchiatura Non regolare Centro stirato,4,11640
Struttura della Pasta::grana fine tendente allo stirato microocchiatura fine inf 1 mm,Struttura della Pasta,Grana fine tendente allo stirato microocchiatura fine inf 1 mm,4,11641
Struttura della Pasta::stiratina al centro e microcchiata,Struttura della Pasta,Stiratina al centro e microcchiata,4,11642
Struttura della Pasta::striato centralmente con microocchiatura diffusa,Struttura della Pasta,Striato centralmente con Microocchiatura diffusa,4,11644
Struttura della Pasta::in parte stirata,Struttura della Pasta,In parte stirata,20,11645
Struttura della Pasta::frattura abbastanza regolare struttura poco graulare e compatta a con microocchiatura in zona centrale,Struttura della Pasta,"Frattura abbastanza regolare,struttura poco graulare e compatta a con microocchiatura in zona centrale,",4,11646
Struttura della Pasta::microocchiatura soprattutto in metà forma l'altra appare più bella anche per grana,Struttura della Pasta,"Microocchiatura soprattutto in metà forma, l'altra appare più bella anche per grana",4,11647
Struttura della Pasta::fine con microocchiatura regolare,Struttura della Pasta,Fine con Microocchiatura regolare,4,11648
Struttura della Pasta::stirata occhiatura,Struttura della Pasta,Stirata Occhiatura,4,11649
Colore della Pasta::colore molto carico verso il centro,Colore della Pasta,Colore molto carico verso il centro,4,11650
Colore della Pasta::tendente al grigio,Colore della Pasta,Tendente al grigio,6,11651
Colore della Pasta::zone più chiaro verso i bordi,Colore della Pasta,Zone più Chiaro verso i bordi,4,11652
Colore della Pasta::colore carico ma omogeneo,Colore della Pasta,Colore carico ma omogeneo,12,11655
Colore della Pasta::giallo carico uniforme,Colore della Pasta,Giallo carico uniforme,8,11656
Colore della Pasta::non omogeneo alone,Colore della Pasta,"Non omogeneo, alone",4,11657
Colore della Pasta::leggermente opaco e con aree grigiastre,Colore della Pasta,Leggermente opaco e con aree grigiastre,4,11658
Colore della Pasta::molto carico alone vs un piatto,Colore della Pasta,Molto carico alone vs un piatto,4,11659
Profumo::panna leggere fungo,Profumo,panna leggere fungo,4,12851
Profumo::latte uht burro fuso panna lieve tostatura,Profumo,"latte uht, burro fuso, panna, lieve tostatura",4,12852
Profumo::crosta di grana all'apertura poi anche leggero erbaceo fresco,Profumo,"Crosta di grana all'apertura, poi anche leggero erbaceo fresco",4,12856
Profumo::piatto poco complesso nota lattica burro fuso nota fruttata,Profumo,"piatto, poco complesso, nota lattica burro fuso, nota fruttata",4,12857
Profumo::panna fresca sentori lattici e verdure lesse,Profumo,Panna fresca sentori lattici e verdure lesse,4,12859
Sapore::sapore pieno anche dolce sale un pochetto eccesivo poco piccante niente amaro,Sapore,sapore pieno . Anche dolce. Sale un pochetto eccesivo. poco piccante. niente amaro,4,12862
Sapore::leggermente salato e piccante,Sapore,leggermente salato e piccante,20,12864
Sapore::dolce sapido umami medio poco piccante abbastanza equilibrato,Sapore,"dolce sapido, umami medio, poco piccante, abbastanza equilibrato",4,12867
Sapore::dolce equilibrato pizzica il giusto,Sapore,dolce equilibrato pizzica il giusto,4,12868
Aroma::latticini freschi,Aroma,latticini freschi,8,12875
Aroma::crosta tostato animale,Aroma,"Crosta, tostato, animale",4,12876
Aroma::poco complesso panna e burro grasso,Aroma,"poco complesso, panna e burro, grasso",4,12877
Texture::asciutto tende ad impastare e lascia residuo percepibili cristallo,Texture,asciutto tende ad impastare e lascia residuo percepibili cristallo,4,12881
Texture::appena un poco' plastico,Texture,appena un poco' plastico,4,12882
Texture::duro ma friabile grana abbastanza grossa ma solubile cristalli ben percepibili,Texture,"duro ma friabile, grana abbastanza grossa ma solubile, cristalli ben percepibili",4,12885
Texture::asciutto granuloso solubile a tratti sabbioso ma gradevole,Texture,"asciutto, granuloso, solubile, a tratti sabbioso ma gradevole",4,12887
Texture::forse troppi cristalli,Texture,forse troppi cristalli,4,12888
Spessore della Crosta::crosta sfumata spigoli accentuati media 10mm,Spessore della Crosta,Crosta sfumata Spigoli accentuati Media 10mm,8,12890
Spessore della Crosta::su un lato 6 mm sull'altro 8 sullo scalzo 12,Spessore della Crosta,Su un lato 6 mm sull'altro 8 sullo scalzo 12,4,12891
Spessore della Crosta::0 8cm,Spessore della Crosta,"0,8cm",8,12894
Struttura della Pasta::frattura irregolare micro occhiatura più grossa allo esterno e fine al centro con grande da alla stiratura,Struttura della Pasta,Frattura irregolare Micro occhiatura Più grossa allo esterno e fine al centro con grande da alla stiratura,4,12900
Struttura della Pasta::grana un poco grossolana con frattura con gobbe e avvallamenti evidenti microocchiature 1 mm diffuse in un punto sotto 1 piatto grappolo con qualche occhiatura più grande piccoli cristalli non frequenti,Struttura della Pasta,Grana un Poco grossolana con Frattura con gobbe e avvallamenti evidenti microocchiature 1 mm diffuse in un punto sotto 1 piatto grappolo con qualche occhiatura più grande piccoli cristalli non frequenti,4,12901
Struttura della Pasta::microocchiatura centrale estesa non tutta ma ampia per il resto struttura granulosa omogenea frattura nn regolare,Struttura della Pasta,"Microocchiatura centrale estesa, non tutta, ma ampia. Per il resto struttura Granulosa omogenea. Frattura nn regolare",4,12902
Struttura della Pasta::spugna e striatura,Struttura della Pasta,Spugna e striatura,4,12903
Struttura della Pasta::frattura irregolare struttura non omogenea e un poco' di microocchiatura,Struttura della Pasta,"Frattura irregolare, struttura non omogenea e un poco' di Microocchiatura.",4,12904
Struttura della Pasta::frattura non regolare in centro stirata con micro occhiature,Struttura della Pasta,"Frattura non regolare, in centro stirata con micro occhiature",4,12905
Struttura della Pasta::ampia zona centrale con microocchiatura e altri occhi in periferia,Struttura della Pasta,Ampia zona centrale con microocchiatura e altri occhi in periferia,4,12906
Struttura della Pasta::frattura non bellissima occhiatura fine e a tratti diffusa grana evidente ma grossolana,Struttura della Pasta,"Frattura non bellissima, Occhiatura fine e a tratti diffusa, grana evidente ma grossolana",4,12907
Struttura della Pasta::occhi piccoli e diffusi grana bella fessura pronunciata,Struttura della Pasta,Occhi piccoli e diffusi grana bella fessura pronunciata,4,12908
Struttura della Pasta::taglio irregolare e leggermente spagnola al centro,Struttura della Pasta,Taglio irregolare e leggermente spagnola al centro,4,12909
Colore della Pasta::chiaro ma leggermente carico al centro,Colore della Pasta,Chiaro ma leggermente carico al centro,4,12910
Colore della Pasta::chiaro con alone sembra una macchia risata ma difficile per la frattura,Colore della Pasta,Chiaro con alone sembra una macchia risata ma difficile per la frattura,4,12911
Colore della Pasta::su una base chiara paglierina si diffonde un tono lievemente più carico al centro,Colore della Pasta,"Su una base chiara, paglierina, si diffonde un tono lievemente più carico al centro",4,12912
Colore della Pasta::dal giallo verde chiaro a giallo paglierino,Colore della Pasta,Dal giallo verde chiaro a giallo paglierino,4,12915
Colore della Pasta::leggero alone e leggerissima macchia rosata,Colore della Pasta,Leggero alone e leggerissima macchia rosata,4,12916
Colore della Pasta::giallo paglierino abbastanza omogeneo non troppo carico lieve alone rosato poco visibile,Colore della Pasta,"Giallo paglierino abbastanza omogeneo, non troppo carico, lieve alone rosato poco visibile",4,12917
Colore della Pasta::chiara alone centrale più scuro,Colore della Pasta,Chiara alone centrale più scuro,4,12918
Colore della Pasta::omogeneamente paglierino scarico,Colore della Pasta,Omogeneamente paglierino scarico,4,12919
Profumo::all'apertuta insilato vegetale allapertura vegetale balsamico eucalipto,Profumo,all'apertuta insilato vegetale allapertura vegetale balsamico eucalipto?,4,12921
Profumo::animale tendente alla stalla tostato pane cotto,Profumo,"animale tendente alla stalla. tostato, pane. cotto",4,12922
Profumo::leggero sentore di cotto,Profumo,leggero sentore di cotto,12,12924
Profumo::leggero cotto burro fuso e crosta,Profumo,"leggero cotto, burro fuso e crosta",4,12925
Profumo::crosta di grana verdura lessa,Profumo,"Crosta di grana, verdura lessa",4,12926
Profumo::poco armonico nota cotta di formaggio cotto brodo poco caratteristico,Profumo,"poco armonico, nota cotta di formaggio cotto, brodo, poco caratteristico",4,12927
Profumo::lattico acido yogurt tostato burro fuso,Profumo,lattico acido yogurt tostato burro fuso,4,12929
Sapore::leggermente amaro leggermente acido e piccante (lascia leggero acre in gola),Sapore,leggermente amaro leggermente acido e piccante (lascia leggero acre in gola),4,12931
Sapore::pungente di sale e o piccantino l insieme eccede dolce non percepito,Sapore,"pungente di sale e o piccantino, l-insieme eccede. dolce non percepito",4,12932
Sapore::dolcezza evidente poco salato poco piccante umami marcato,Sapore,"dolcezza evidente, poco salato, poco piccante, umami marcato",4,12937
Sapore::equilibrato dolce,Sapore,equilibrato dolce,4,12938
Sapore::equilibrato spicca la dolcezza,Sapore,equilibrato spicca la dolcezza,4,12939
Aroma::panna e vegetale,Aroma,panna e vegetale,12,12941
Aroma::leggero cotto e burro,Aroma,leggero cotto e burro,4,12945
Aroma::brodo di carne,Aroma,Brodo di carne,24,12946
Aroma::poco caratteristico con note di formaggio cotto e fruttate quasi di formaggio svizzero,Aroma,"poco caratteristico con note di formaggio cotto e fruttate, quasi di formaggio svizzero",4,12947
Aroma::piacevole nota persistente di latte cotto,Aroma,piacevole nota persistente di latte cotto,4,12949
Texture::tende ad impastare critalli pochi poco granuloso ladcia residuo farinoso,Texture,tende ad impastare critalli pochi poco granuloso ladcia residuo farinoso,4,12951
Texture::morbido al morso lascia una struttura grossolana per poca friabilità,Texture,"morbido, al morso lascia una struttura grossolana per poca friabilità",4,12952
Texture::farinoso,Texture,farinoso,12,12954
Texture::compatto duro piuttosto pastoso e rpivo di grana,Texture,"compatto, duro, piuttosto pastoso e rpivo di grana.",4,12955
Texture::molto compatto poco friabile,Texture,"Molto compatto, poco friabile,",4,12956
Texture::giovane umida cedevole poco granulosa,Texture,"giovane, umida, cedevole, poco granulosa",4,12957
Spessore della Crosta::crosta sfumata spigoli accentuati media 12mm,Spessore della Crosta,Crosta sfumata Spigoli accentuati Media 12mm,4,12960
Spessore della Crosta::crosta più evidente negli angoli e sullo scalzo,Spessore della Crosta,Crosta più evidente negli angoli e sullo scalzo,4,12961
Spessore della Crosta::sempre superiore al cm,Spessore della Crosta,Sempre superiore al cm,12,12962
Spessore della Crosta::1 cm con unghia evidente soprattutto agli spigoli,Spessore della Crosta,1 cm con unghia evidente soprattutto agli spigoli.,4,12964
Spessore della Crosta::molto spessa,Spessore della Crosta,Molto spessa,4,12968
Struttura della Pasta::qualche occhiolino da 1mm area centrale stirata,Struttura della Pasta,Qualche occhiolino da 1mm Area centrale stirata,4,12970
Struttura della Pasta::microocchiatura centrale non fitta 1_2 mm frattura centrale radiale visibili i cristalli piccoli,Struttura della Pasta,Microocchiatura centrale non fitta 1_2 mm frattura centrale radiale visibili i cristalli piccoli,4,12971
Struttura della Pasta::fascia di microocchiatura pure grossetta frattura buona struttura abbastanza omogenea non fine,Struttura della Pasta,"Fascia di microocchiatura pure grossetta. Frattura buona. Struttura abbastanza omogenea, non fine",4,12972
Struttura della Pasta::ci sono occhi di media dimensione struttura della pasta non omogenea,Struttura della Pasta,Ci sono occhi di media dimensione. Struttura della pasta non omogenea,4,12974
Struttura della Pasta::frattura regolare pasta con tendenza stirata occhiature in zona centrale,Struttura della Pasta,"Frattura regolare, pasta con tendenza stirata. Occhiature in zona centrale",4,12975
Struttura della Pasta::una fascia con occhiatura non micro rottura regolare,Struttura della Pasta,"Una fascia con occhiatura non micro, rottura regolare",4,12976
Struttura della Pasta::frattura abbastanza bella presenza di qualche occhio di media dimensione grana bella,Struttura della Pasta,"Frattura abbastanza bella, presenza di qualche occhio di media dimensione, grana bella",4,12977
Struttura della Pasta::occhi grossi struttura presente,Struttura della Pasta,Occhi grossi struttura presente,4,12978
Struttura della Pasta::irregolare e spunosa a centro,Struttura della Pasta,Irregolare e spunosa a centro,4,12979
Colore della Pasta::arancio,Colore della Pasta,Arancio,4,12980
Colore della Pasta::giallo molto carico ma uniforme,Colore della Pasta,Giallo Molto carico ma uniforme,4,12981
Colore della Pasta::omogeneamente giallo carico,Colore della Pasta,Omogeneamente giallo carico,8,12982
Colore della Pasta::giallo uniforme non carico,Colore della Pasta,Giallo uniforme non carico,8,12985
Colore della Pasta::intenso con alone leggero,Colore della Pasta,Intenso con alone leggero,4,12986
Colore della Pasta::abbastanza omogeneo ma carico,Colore della Pasta,Abbastanza omogeneo ma carico,12,12987
Colore della Pasta::giallo intenso al centro tendente al grigio rosa,Colore della Pasta,Giallo intenso al centro tendente al grigio rosa,4,12988
Colore della Pasta::omogeneo paglierino carico,Colore della Pasta,Omogeneo paglierino carico,12,12989
Profumo::formaggio pronto,Profumo,formaggio pronto,4,13130
Profumo::iniziale diverso (teli sporco) poi vegetali e eun poco cotto,Profumo,iniziale diverso (teli sporco) poi vegetali e eun poco cotto,4,13131
Profumo::intensità' appena più' che leggera note lattee mature cotte sentore vegetale leggero,Profumo,"intensità' appena più' che leggera. note lattee mature, cotte. sentore vegetale leggero",4,13132
Profumo::latticini freschi,Profumo,latticini freschi,4,13135
Profumo::note vegetali a tratti anche intense,Profumo,Note vegetali a tratti anche intense,4,13136
Profumo::intenso complesso equilibrato note di latte cotto e burro cotto lievissima nota di bruciato salvia,Profumo,"intenso, complesso, equilibrato, note di latte cotto e burro cotto, lievissima nota di bruciato, salvia",4,13137
Profumo::latte acido panna yogurt,Profumo,latte acido panna yogurt,4,13139
Sapore::salato oltremodo irrita le mucose,Sapore,"salato oltremodo, irrita le mucose",4,13142
Sapore::salato quasi bruciante,Sapore,"salato, quasi bruciante",4,13144
Sapore::umami salato leggero piccante,Sapore,"umami, salato, leggero piccante",4,13146
Sapore::dolce ma piccante non equilibrato,Sapore,dolce ma piccante non equilibrato,4,13148
Sapore::sapidità' eccessiva,Sapore,sapidità' eccessiva,4,13149
Aroma::formaggio pronto,Aroma,formaggio pronto,4,13150
Aroma::crosta,Aroma,crosta,24,13155
Aroma::fermentato uovo,Aroma,"fermentato, uovo,",4,13156
Aroma::latte cotto burro cotto brodo erbe aromatiche forse la nota aromatica del brodo [ un poco dominante ma nel complesso buon equilibrio,Aroma,"latte cotto, burro cotto, brodo, erbe aromatiche, forse la nota aromatica del brodo [ un poco dominante ma nel complesso buon equilibrio",4,13157
Spessore della Crosta::sfumata media 8mm,Spessore della Crosta,Sfumata Media 8mm,4,13170
Spessore della Crosta::a tratti inferiore ai 10 mm,Spessore della Crosta,A tratti inferiore ai 10 mm,12,13172
Spessore della Crosta::su uno scalzo crosta molto spessa media 1,Spessore della Crosta,Su uno scalzo crosta molto spessa media 1,4,13178
Struttura della Pasta::leggera micro occhiatura frattura quasi regolare grana regolare verso lo esterno ma ondeggia da stirata al centro,Struttura della Pasta,Leggera micro occhiatura Frattura quasi regolare Grana regolare verso lo esterno ma ondeggia da stirata al centro,4,13180
Struttura della Pasta::sotto un piatto zona che sembra sfogliare fitta micro occhiatura e striature centrali,Struttura della Pasta,Sotto un piatto zona che sembra sfogliare fitta micro occhiatura e striature centrali,4,13181
Struttura della Pasta::microocchiatura centrale fine è una striature leggera sempre centrale che rendono la grana disomogenea rimanente grana bene presente buon taglio,Struttura della Pasta,Microocchiatura centrale fine è una striature leggera sempre centrale che rendono la grana disomogenea. Rimanente grana bene presente. Buon taglio,4,13182
Struttura della Pasta::stirato e spugnoso,Struttura della Pasta,Stirato e spugnoso,4,13183
Struttura della Pasta::un paio di spacchi qualche microocchio,Struttura della Pasta,"Un paio di spacchi, qualche microocchio.",4,13184
Struttura della Pasta::frattura regolare leggermente stirata al centro,Struttura della Pasta,"Frattura regolare, leggermente stirata al centro",4,13185
Struttura della Pasta::microocchiatura soprattutto centrale,Struttura della Pasta,Microocchiatura soprattutto centrale,4,13186
Struttura della Pasta::presenza di occhiatura fine distribuita bella frattura ma grana non molto profilata,Struttura della Pasta,"Presenza di Occhiatura fine distribuita, bella frattura ma grana non molto profilata",4,13187
Struttura della Pasta::stirata al centro occhiatura centrali ampia superficie grana presente,Struttura della Pasta,Stirata al centro occhiatura centrali ampia superficie grana presente,4,13188
Colore della Pasta::colorazione chiara leggermente più carica al centro,Colore della Pasta,Colorazione chiara leggermente più carica al centro,4,13190
Colore della Pasta::colore chiaro con leggero alone centrale una leggera macchia rosa,Colore della Pasta,Colore chiaro con leggero alone centrale una leggera macchia rosa,4,13191
Colore della Pasta::colore chiaro tendente al paglierino abbastanza omogeneo,Colore della Pasta,"Colore chiaro, tendente al paglierino. Abbastanza omogeneo",4,13192
Colore della Pasta::colore molto chiaro c'è qualche macchiolina rosata leggera ma visibile,Colore della Pasta,Colore molto chiaro. C'è qualche macchiolina rosata leggera ma visibile.,4,13194
Colore della Pasta::giallo chiaro tendente al verde/grigio,Colore della Pasta,Giallo chiaro tendente al verde/grigio,4,13195
Colore della Pasta::qualche piccola macchia rosata leggera leggera su sfondo chiaro,Colore della Pasta,Qualche piccola macchia rosata leggera leggera su sfondo chiaro,4,13196
Colore della Pasta::non troppo carico omogeneo,Colore della Pasta,"Non troppo carico, omogeneo",4,13197
Colore della Pasta::colore chiaro uniforme,Colore della Pasta,Colore chiaro uniforme,4,13198
Colore della Pasta::struttura della pasta grande zona spugnosa colore della pasta omogeneamente paglierino scarico,Colore della Pasta,Struttura della pasta: Grande zona spugnosa Colore della pasta: omogeneamente paglierino scarico,4,13199
Profumo::fungo,Profumo,fungo,4,13690
Profumo::intenso equilibrato e da grana tipico,Profumo,"intenso, equilibrato e da grana tipico",4,13691
Profumo::latticini frachi,Profumo,latticini frachi,4,13692
Profumo::cotto leggermente neg,Profumo,cotto leggermente neg,4,13696
Profumo::latte cotto leggero,Profumo,latte cotto leggero,4,13697
Profumo::molto pannoso piacevole,Profumo,"molto pannoso, piacevole",4,13698
Sapore::leggermenete piccante salato e amarognolo,Sapore,"leggermenete piccante, salato e amarognolo",4,13701
Sapore::pizzica leggermente nel complesso tende al positivo anche se lascia molto salato,Sapore,"pizzica leggermente, nel complesso tende al positivo anche se lascia molto salato",4,13706
Sapore::molto sapido,Sapore,molto sapido,4,13707
Sapore::salato amaro,Sapore,"salato, amaro,",4,13708
Sapore::cotto,Sapore,cotto,4,13709
Aroma::grana fieno,Aroma,"grana, fieno...",4,13711
Aroma::fermentato animale,Aroma,"fermentato, animale",4,13714
Aroma::cotto tostato,Aroma,cotto tostato,4,13716
Aroma::tostato male mandorla amara brodo animale,Aroma,"tostato male, mandorla amara, brodo animale",4,13718
Texture::pochissimi cristalli,Texture,pochissimi cristalli,4,13720
Texture::asciutto molti granuli e poca solubilità,Texture,"asciutto, molti granuli e poca solubilità",4,13721
Texture::si sbriciola in bocca granuloso cristalloso,Texture,"si sbriciola in bocca, granuloso, cristalloso",4,13722
Texture::sabbioso poco solubile molti cristalli,Texture,"sabbioso, poco solubile, molti cristalli",4,13728
Texture::secco,Texture,secco,28,13729
Spessore della Crosta::media 8mn,Spessore della Crosta,Media 8mn,4,13730
Spessore della Crosta::fine nel complessoh,Spessore della Crosta,Fine nel complessoh,4,13738
Struttura della Pasta::ruvida microocchiatura centrale,Struttura della Pasta,Ruvida Microocchiatura centrale,4,13740
Struttura della Pasta::presente bocciatura centrale piccola frattura microocchiaturae,Struttura della Pasta,Presente bocciatura centrale Piccola frattura Microocchiaturae,4,13741
Struttura della Pasta::striature e spugna centrale occhio da 7 mm,Struttura della Pasta,"Striature e spugna centrale, occhio da 7 mm",4,13742
Struttura della Pasta::micro e macroocchiature fessurazioni zone stirate,Struttura della Pasta,"Micro e macroocchiature, fessurazioni,zone stirate",4,13743
Struttura della Pasta::area spugnosa centrale,Struttura della Pasta,Area spugnosa centrale,4,13744
Struttura della Pasta::zona centrale spugnosa struttura granulosa,Struttura della Pasta,Zona centrale spugnosa. Struttura granulosa,4,13745
Struttura della Pasta::stirata microocchiatura occhio di 5 mm,Struttura della Pasta,"Stirata, microocchiatura, occhio di 5 mm",4,13746
Struttura della Pasta::micro occhiatura qualche occhio più grande e lucido qualche strappo,Struttura della Pasta,"Micro occhiatura, qualche occhio più grande e lucido, qualche strappo",4,13747
Struttura della Pasta::presenza di buchi cristalli grana grossolana e struttura media,Struttura della Pasta,"Presenza di buchi, cristalli, grana grossolana e struttura media",4,13748
Struttura della Pasta::vistosa area spugnoso anche occhi molto grandi,Struttura della Pasta,Vistosa area spugnoso anche occhi molto grandi,4,13749
Colore della Pasta::leggeri aloni rosa centrali,Colore della Pasta,Leggeri aloni rosa centrali,4,13750
Colore della Pasta::mi sembra di vedere macchia rosa centrale,Colore della Pasta,Mi sembra di vedere macchia rosa centrale...,4,13752
Colore della Pasta::disomogeneo,Colore della Pasta,Disomogeneo,12,13753
Colore della Pasta::carico e più s uro al centro,Colore della Pasta,Carico e più s uro al centro,4,13754
Colore della Pasta::volte dal giallo verde al giallo carico alone,Colore della Pasta,"Volte dal giallo verde al giallo carico, alone",4,13755
Colore della Pasta::fasce chiare nette,Colore della Pasta,Fasce chiare nette,4,13756
Colore della Pasta::alone rosa,Colore della Pasta,Alone rosa,4,13757
Colore della Pasta::tende nocciola,Colore della Pasta,Tende nocciola,4,13758
Colore della Pasta::non uniforme grosso alone scuro,Colore della Pasta,Non uniforme grosso alone scuro,4,13759
Profumo::latte acido,Profumo,latte acido,12,13760
Profumo::yogurth formaggio floreale,Profumo,"yogurth, formaggio..., floreale...",4,13761
Profumo::fruttato ananas,Profumo,fruttato ananas,10,13762
Profumo::vegetale crosta,Profumo,"vegetale, crosta",4,13763
Profumo::tende negativo forte sedano,Profumo,tende negativo forte sedano,4,13766
Profumo::marcio putrido,Profumo,"marcio, putrido,",4,13768
Sapore::amaro umami,Sapore,amaro;umami,8,13770
Sapore::umami leggermente accentuato piccante praticamente nullo,Sapore,umami leggermente accentuato piccante praticamente nullo,4,13772
Sapore::tendente all'amaro,Sapore,tendente all'amaro,4,13775
Sapore::salato glutammato molto negativo,Sapore,salato glutammato molto negativo,4,13776
Sapore::molto sapida,Sapore,molto sapida,4,13777
Sapore::salato umami piccante,Sapore,"salato, umami, piccante",8,13778
Aroma::note da emmenthal,Aroma,note da emmenthal...,4,13781
Aroma::fruttato,Aroma,fruttato,4,13782
Aroma::molto negativo,Aroma,molto negativo,4,13786
Aroma::minestrone verdura,Aroma,minestrone verdura,4,13787
Aroma::note di marcio fermantato animale,Aroma,"note di marcio, fermantato, animale",4,13788
Texture::durezza alta pochi granuli,Texture,"durezza alta , pochi granuli",4,13791
Texture::grana praticemnte nulla duro,Texture,"grana praticemnte nulla, duro",4,13792
Texture::pastoso e poco solubile,Texture,pastoso e poco solubile,12,13794
Texture::presenza di porzioni pastose scarsamente frabili da formaggio a pasta compatta= struttura stirata,Texture,presenza di porzioni pastose scarsamente frabili da formaggio a pasta compatta= struttura stirata,4,13795
Texture::grana assente,Texture,grana assente,4,13796
Texture::compatto poco friabile,Texture,"compatto, poco friabile",12,13798
Spessore della Crosta::molto sfumata media 10mm,Spessore della Crosta,Molto sfumata Media 10mm,4,13800
Spessore della Crosta::alta,Spessore della Crosta,Alta,4,13808
Spessore della Crosta::spigoli pronunciati crosta sottil,Spessore della Crosta,Spigoli pronunciati crosta sottil,4,13809
Struttura della Pasta::forte striatura,Struttura della Pasta,Forte striatura,4,13812
Struttura della Pasta::microocch zone stirate,Struttura della Pasta,"Microocch, zone stirate",4,13813
Struttura della Pasta::tutta saponea e stirata frattura irregolare,Struttura della Pasta,Tutta saponea e stirata frattura irregolare,4,13815
Struttura della Pasta::stirata microocchiatura che arriva anche a 2mm caverne,Struttura della Pasta,"Stirata, microocchiatura che arriva anche a 2mm, caverne",4,13816
Struttura della Pasta::stirata qualche piccola occhiatura disomogenea,Struttura della Pasta,"Stirata, qualche piccola occhiatura, disomogenea",4,13817
Struttura della Pasta::stirata leggermente e grossolana,Struttura della Pasta,Stirata Leggermente e grossolana,4,13818
Struttura della Pasta::frattura molto grosse successi siero grandi occhi sparsi,Struttura della Pasta,Frattura molto grosse successi siero grandi occhi sparsi,4,13819
Colore della Pasta::carico omogeneo,Colore della Pasta,Carico omogeneo,22,13820
Colore della Pasta::tende al rosa vicino al piatto,Colore della Pasta,Tende al rosa vicino al piatto,4,13826
Colore della Pasta::abbastanza omogeneo,Colore della Pasta,Abbastanza omogeneo,12,13827
Colore della Pasta::tende al giallo carico nocciola,Colore della Pasta,"Tende al giallo carico, nocciola",4,13828
Colore della Pasta::macchie rosa non uniforme,Colore della Pasta,Macchie rosa non uniforme,4,13829
Profumo::muffa,Profumo,muffa,4,13830
Profumo::leggera tostatura che prevale,Profumo,leggera tostatura che prevale...,4,13831
Profumo::leggero crosta e formaggio cotto,Profumo,leggero crosta e formaggio cotto,4,13832
Profumo::crosta,Profumo,crosta,20,13833
Profumo::profumi vegetali,Profumo,profumi vegetali,4,13835
Profumo::leggermente difettoso,Profumo,leggermente difettoso,8,13836
Profumo::fiori e frutta,Profumo,fiori e frutta,4,13837
Sapore::equilibrato ma con finale amarognolo e sapidità' forte,Sapore,equilibrato ma con finale amarognolo e sapidità' forte,4,13841
Sapore::un poco' salato con accento di umami e acido,Sapore,un poco' salato con accento di umami e acido.,4,13842
Sapore::dolce marcato,Sapore,dolce marcato,4,13843
Sapore::acido leggermente piccante,Sapore,"acido, leggermente piccante",8,13844
Sapore::tendente al dolce,Sapore,tendente al dolce,4,13845
Sapore::inizia molto dolce poi diventa salato leggermente amarognolo,Sapore,inizia molto dolce poi diventa salato leggermente amarognolo,4,13846
Sapore::un poco dolce e nota piccante ma abbastanza equilibrato,Sapore,un poco- dolce e nota piccante ma abbastanza equilibrato,4,13847
Sapore::particolarmente dolce,Sapore,particolarmente dolce,4,13848
Sapore::brodo,Sapore,brodo,8,13849
Aroma::emmenthal brodo,Aroma,"emmenthal, brodo",4,13851
Aroma::umami accentuato leggera punta di stantio,Aroma,"umami accentuato, leggera punta di stantio.",4,13852
Aroma::non sa di grana,Aroma,non sa di grana,4,13854
Aroma::emmental,Aroma,emmental,4,13856
Aroma::propionico,Aroma,propionico,4,13858
Texture::morbido,Texture,morbido,4,13860
Texture::manca di umidità' troppo asciutto,Texture,"manca di umidità', troppo asciutto",4,13861
Texture::duro solubile granulometria grossolana ma solubile cristalli percepibili,Texture,"duro, solubile, granulometria grossolana ma solubile, cristalli percepibili",4,13862
Texture::pastoso e molle,Texture,pastoso e molle,4,13864
Texture::molto tenero cristalli,Texture,molto tenero cristalli,4,13866
Texture::cedevole e un poco adesivo,Texture,cedevole e un poco- adesivo,4,13867
Spessore della Crosta::sottile ai piatti,Spessore della Crosta,Sottile ai piatti,4,13871
Spessore della Crosta::molto spessa su un piatto,Spessore della Crosta,Molto spessa su un piatto,4,13874
Spessore della Crosta::10 mm in media,Spessore della Crosta,10 mm in media,4,13878
Struttura della Pasta::struttura per gran parte stirata presenza area spugnosa al centro,Struttura della Pasta,Struttura per gran parte stirata Presenza area spugnosa al centro,4,13880
Struttura della Pasta::macero frattura a t due occhiature varie microocchiature stirata,Struttura della Pasta,MaceRO FRATTURA A T DUE OCCHIATURE VARIE MICROOCCHIATURE STIRATA,4,13881
Struttura della Pasta::spugnatura centrale con crepa e occhio da 1 cm,Struttura della Pasta,Spugnatura centrale con crepa e occhio da 1 cm,4,13882
Struttura della Pasta::grande area centrale spugnosa bolle fratture,Struttura della Pasta,"Grande area centrale spugnosa, bolle, fratture",4,13883
Struttura della Pasta::stirata ma soprattutto estremamente spugnosa al centro,Struttura della Pasta,Stirata ma soprattutto estremamente spugnosa al centro!,4,13884
Struttura della Pasta::taglio regolare ma grande zona centrale spinosa e fratturata,Struttura della Pasta,Taglio regolare ma grande zona centrale spinosa e fratturata,4,13885
Struttura della Pasta::spugna centrale con occhio e sapacco,Struttura della Pasta,Spugna centrale con occhio e sapacco,4,13886
Struttura della Pasta::micro occhiatura soprattutto centrale effetto spugna qualche occhio più grande e lucido spacchi notevoli,Struttura della Pasta,"Micro occhiatura soprattutto centrale effetto spugna, qualche occhio più grande e lucido, spacchi notevoli",4,13887
Struttura della Pasta::zone stirato presenza di microocchiature e struttura sbrinz,Struttura della Pasta,"Zone stirato, presenza di microocchiature e struttura sbrinz",4,13888
Struttura della Pasta::spugna fessura stirata grana poco formata,Struttura della Pasta,Spugna fessura stirata grana poco formata,4,13889
Colore della Pasta::colore omogeneo,Colore della Pasta,Colore omogeneo,8,13890
Colore della Pasta::carico,Colore della Pasta,Carico,40,13894
Colore della Pasta::giallo chiaro con macchioline rosate,Colore della Pasta,Giallo chiaro con macchioline rosate,4,13895
Colore della Pasta::giallo un poco' carico con sfumatura più chiara parte esterna,Colore della Pasta,"Giallo un poco' carico, con sfumatura più chiara parte esterna",4,13896
Colore della Pasta::alone centrale in qualche sfumatura risata in corrispondenza delle bocciature più importanti,Colore della Pasta,Alone centrale in qualche sfumatura risata in corrispondenza delle bocciature più importanti,4,13897
Colore della Pasta::tende al chiaro ma grigiastra,Colore della Pasta,Tende al chiaro ma grigiastra,4,13898
Colore della Pasta::alone centrale scuro macchia rosa su occhio,Colore della Pasta,Alone centrale scuro macchia rosa su occhio,4,13899
Profumo::panna burro,Profumo,panna;burro,8,14110
Profumo::latte burro e frutta matura,Profumo,"latte, burro e frutta matura",4,14111
Profumo::punte di fruttato ed erbaceo,Profumo,punte di fruttato ed erbaceo,4,14112
Profumo::frutta tropicale dado,Profumo,"frutta tropicale, dado",4,14117
Sapore::leggermente piccante ma nel complesso equilibrato,Sapore,leggermente piccante ma nel complesso equilibrato,4,14121
Sapore::molto acido,Sapore,molto acido,4,14122
Sapore::piccante evidente,Sapore,piccante evidente,4,14123
Sapore::piccante e bruciante salato,Sapore,"piccante e bruciante, salato",4,14124
Sapore::tendente all'acido,Sapore,tendente all'acido,12,14125
Sapore::pizzica tantissimo,Sapore,pizzica tantissimo,4,14126
Sapore::piccante persistente,Sapore,piccante persistente,4,14127
Sapore::dolce salato piccante,Sapore,"dolce, salato, piccante",4,14128
Aroma::formaggio fritto burro,Aroma,"formaggio fritto, burro",4,14131
Aroma::quasi frutta troppo matura ma leggero,Aroma,quasi frutta troppo matura ma leggero,4,14132
Aroma::lattici cotti in prevalenza,Aroma,"lattici cotti in prevalenza,",4,14138
Texture::morbido bella presenza di granuli friabile e equilibrato come umidità,Texture,"morbido, bella presenza di granuli, friabile e equilibrato come umidità",4,14141
Texture::moderatamente duro grana fine solubile molti cristalli asciutto,Texture,"moderatamente duro, grana fine, solubile, molti cristalli , asciutto",4,14142
Texture::pastoso e tanti cristalli,Texture,pastoso e tanti cristalli,4,14146
Spessore della Crosta::11mm,Spessore della Crosta,11mm,4,14156
Spessore della Crosta::9 colore più intenso sotto un piatto,Spessore della Crosta,9 colore più intenso sotto un piatto,4,14157
Spessore della Crosta::piuttosto variabile tra piatti e scalzi,Spessore della Crosta,Piuttosto variabile tra piatti e scalzi,4,14158
Spessore della Crosta::sottile sul piatti un poco più spessa negli scalzi,Spessore della Crosta,Sottile sul piatti un Poco più spessa negli scalzi,4,14159
Struttura della Pasta::regole grossolana,Struttura della Pasta,Regole grossolana,4,14160
Struttura della Pasta::grana molto omogenea,Struttura della Pasta,Grana molto omogenea,4,14163
Struttura della Pasta::nebulosa abbastanza regolare,Struttura della Pasta,"Nebulosa, abbastanza regolare",4,14165
Struttura della Pasta::parte stirata ma altra grana bella,Struttura della Pasta,Parte stirata ma altra grana bella,4,14166
Struttura della Pasta::molto granuloso direi grossolana,Struttura della Pasta,"Molto granuloso, direi grossolana",4,14167
Struttura della Pasta::grana grossolana e frattura variabile molti cristalli,Struttura della Pasta,"Grana grossolana e frattura variabile, molti cristalli",4,14168
Struttura della Pasta::grana bella anche se leggermente stirata qualche occhiatura grossa frattura,Struttura della Pasta,Grana bella anche se leggermente stirata qualche Occhiatura grossa frattura,4,14169
Colore della Pasta::colore carico omogeneo,Colore della Pasta,Colore carico omogeneo,8,14170
Colore della Pasta::omogeneo abbastanza carico,Colore della Pasta,"Omogeneo, abbastanza carico",12,14173
Colore della Pasta::giallo paglierino leggermente grigio,Colore della Pasta,Giallo paglierino leggermente grigio,4,14175
Colore della Pasta::sfumatura rosa vicino a sottocrosta,Colore della Pasta,Sfumatura rosa vicino a sottocrosta,4,14176
Colore della Pasta::bello ma con zone rosastre verso la crosta,Colore della Pasta,"Bello, ma con zone rosastre verso la crosta",4,14178
Colore della Pasta::alone più scuro e macchie rosa,Colore della Pasta,Alone più scuro e macchie rosa,4,14179
Profumo::grana burro floreale,Profumo,"grana, burro, floreale",4,14181
Profumo::latte cotto mt delicato,Profumo,latte cotto mt delicato,4,14187
Sapore::salato piccante,Sapore,salato;piccante,20,14190
Sapore::equilibrato con leggera sapidità,Sapore,equilibrato con leggera sapidità,4,14191
Sapore::sapido che copre altri sapori nota amara finale,Sapore,"sapido che copre altri sapori, nota amara finale",4,14197
Sapore::molto cotto,Sapore,molto cotto,4,14199
Aroma::insilato crosta,Aroma,"insilato, crosta",4,14202
Texture::equilibrio con bella presenza di granuli struttura e umidità' ok,Texture,equilibrio con bella presenza di granuli. Struttura e umidità' OK,4,14211
Texture::morbido granulometria media umido solubile,Texture,"morbido, granulometria media, umido, solubile",4,14212
Texture::cedevole,Texture,cedevole,4,14213
Texture::differente solubilità tra le 4 porzioni una da struttura stirata,Texture,"differente solubilità tra le 4 porzioni, una da struttura stirata.",4,14215
Texture::come atteso,Texture,come atteso,4,14218
Spessore della Crosta::media 9mm,Spessore della Crosta,Media 9mm,24,14220
Spessore della Crosta::mediamente minore di 10,Spessore della Crosta,Mediamente minore di 10,4,14228
Spessore della Crosta::crosta grossa,Spessore della Crosta,Crosta grossa,4,14229
Struttura della Pasta::microocchiatura diffusa mista ruvida,Struttura della Pasta,Microocchiatura Diffusa Mista ruvida,4,14230
Struttura della Pasta::microocc molto diffusa qualche bolla,Struttura della Pasta,"Microocc molto diffusa, qualche bolla",4,14233
Struttura della Pasta::microocchiature parte centrale grana abbastanza bella,Struttura della Pasta,"Microocchiature parte centrale, grana abbastanza bella",4,14236
Struttura della Pasta::granulosità buona ma micro occhiatura diffusa al centro,Struttura della Pasta,"Granulosità buona, ma micro occhiatura diffusa al centro",4,14237
Struttura della Pasta::bella presenza di grana anche fine è frattura omogenea,Struttura della Pasta,Bella presenza di grana anche fine è frattura omogenea,4,14238
Struttura della Pasta::grana grossolana positiva però ampia zona con occhiatura,Struttura della Pasta,Grana grossolana positiva però ampia zona con Occhiatura,4,14239
Colore della Pasta::presenza di fascia più scura in un sottopiatto,Colore della Pasta,Presenza di fascia più scura in un sottopiatto,4,14240
Colore della Pasta::striscia scura,Colore della Pasta,Striscia scura,4,14242
Colore della Pasta::carico e a strisce,Colore della Pasta,Carico e a strisce,4,14244
Colore della Pasta::zona rosa e biancastra,Colore della Pasta,Zona rosa e biancastra,4,14246
Colore della Pasta::striscia più scura parallela ad un piatto,Colore della Pasta,Striscia più scura parallela ad un piatto,4,14247
Colore della Pasta::colorazione tendente al chiaro e omogenea,Colore della Pasta,Colorazione tendente al chiaro e omogenea,4,14248
Colore della Pasta::colore tendenzialmente chiaro e omogeneo,Colore della Pasta,Colore tendenzialmente chiaro e omogeneo,4,14249
Profumo::panna burro latte fresco,Profumo,panna;burro;latte fresco,4,14250
Profumo::latte cotto e nocciola,Profumo,latte cotto e nocciola,4,14251
Profumo::crosta e stantio,Profumo,crosta e stantio,4,14252
Profumo::frutta tropicale latte acido,Profumo,"frutta tropicale, latte acido",4,14257
Sapore::leggermente acido e piccante,Sapore,leggermente acido e piccante,20,14260
Sapore::unto troppo sapido,Sapore,"unto, troppo sapido...",4,14261
Sapore::sale eccessivo piccante,Sapore,"sale eccessivo, piccante",4,14267
Aroma::brodo olio,Aroma,"brodo, olio",4,14271
Aroma::crosta cotto,Aroma,"crosta, cotto",4,14272
Aroma::brodo carne latte cotto,Aroma,"brodo carne, latte cotto",4,14277
Aroma::brodo animale tostati,Aroma,"brodo animale, tostati",4,14278
Texture::asciutto poco friabile e non molti granuli,Texture,"asciutto, poco friabile e non molti granuli",4,14281
Texture::grnuloso molto asciutto poco solubile,Texture,"grnuloso, molto asciutto, poco solubile.",4,14282
Texture::la solubilità di alcune porzioni sono da struttura stirata,Texture,la solubilità di alcune porzioni sono da struttura stirata.,4,14285
Texture::un poco granulosa ma abbastanza solubile,Texture,un poco- granulosa ma abbastanza solubile,4,14287
Texture::deformabile pastoso non molto friabile,Texture,"deformabile, pastoso, non molto friabile",4,14288
Texture::si scioglie,Texture,si scioglie,8,14289
Spessore della Crosta::crosta sfumata media 9mm,Spessore della Crosta,Crosta sfumata Media 9mm,4,14290
Spessore della Crosta::9 mm,Spessore della Crosta,9 mm,12,14296
Spessore della Crosta::11 mm,Spessore della Crosta,11 mm,24,14298
Spessore della Crosta::spogli e crosta pronunciate,Spessore della Crosta,Spogli e crosta pronunciate,4,14299
Struttura della Pasta::mista parte centrale stirata,Struttura della Pasta,Mista Parte centrale stirata,4,14300
Struttura della Pasta::frattura irregolare,Struttura della Pasta,Frattura irregolare,20,14302
Struttura della Pasta::un poco' stirata frattura non regolare,Struttura della Pasta,"Un poco' stirata, frattura non regolare,",4,14305
Struttura della Pasta::striature localizzata e grana non bella,Struttura della Pasta,Striature localizzata e grana non bella,4,14306
Struttura della Pasta::grana molto sottile,Struttura della Pasta,Grana molto sottile,4,14307
Struttura della Pasta::non omogenea leggermente tirata,Struttura della Pasta,"Non omogenea, leggermente tirata",4,14308
Struttura della Pasta::frattura grossa grana presente ma poco formata zona scalzi qualche sfumatura centrale,Struttura della Pasta,Frattura grossa grana presente ma poco formata zona scalzi qualche sfumatura centrale,4,14309
Colore della Pasta::omogeneo abbastanza chiaro,Colore della Pasta,Omogeneo abbastanza chiaro,8,14313
Colore della Pasta::rosa e originale zona chiara,Colore della Pasta,Rosa e originale zona chiara,4,14316
Colore della Pasta::giallo paglierino verso nocciola chiaro,Colore della Pasta,Giallo paglierino verso nocciola chiaro,4,14318
Colore della Pasta::più scuro al centro,Colore della Pasta,Più scuro al centro,4,14319
Profumo::molto leggero quasi impercettibile leggero sentore di cotto,Profumo,"molto leggero, quasi impercettibile. Leggero sentore di cotto",4,15370
Profumo::brodo vegetale panna,Profumo,brodo vegetale panna,4,15371
Profumo::pronunciato di latte cotto,Profumo,pronunciato di latte cotto,4,15372
Profumo::profumi maturi o cotti crosta note vegetali e leggermente animali/cuoio non difetti,Profumo,"Profumi maturi o cotti, crosta. note vegetali e leggermente animali/cuoio. Non difetti",4,15373
Profumo::latte cotto burro umami verdure lesse e una legger crosta di formaggio,Profumo,"Latte cotto, burro , umami, verdure lesse e una legger crosta di formaggio",4,15374
Profumo::con nota dolce,Profumo,con nota dolce,4,15376
Sapore::punta di acido,Sapore,punta di acido,8,15378
Sapore::acido piccante persistente,Sapore,acido piccante persistente,4,15380
Sapore::poco umami acidulo,Sapore,"poco umami, acidulo",4,15381
Sapore::equilibrato spicca una nota dolce finale,Sapore,"Equilibrato, spicca una nota dolce finale",4,15382
Sapore::amarognolo da quasi subito salato e umami,Sapore,"amarognolo da quasi subito, salato e umami",4,15385
Aroma::aroma di cotto e fermentato,Aroma,aroma di cotto e fermentato,4,15386
Aroma::emerge molto il burro e il latte cotto in bocca non percepisco la crosta di formaggio e le verdure cotte sentite all'olfatto,Aroma,Emerge molto il burro e il latte cotto. ;In bocca non percepisco la crosta di formaggio e le verdure cotte sentite all'olfatto,4,15390
Aroma::note amare e,Aroma,note amare e,4,15393
Texture::granuloso e solubile,Texture,granuloso e solubile,14,15394
Texture::friabile ma asciutto,Texture,friabile ma asciutto,8,15395
Texture::tendente al molliccio,Texture,tendente al molliccio,8,15396
Texture::ben friabile lascia un struttura fine si scioglie bene in bocca non asciutto,Texture,"Ben friabile, lascia un struttura fine. Si scioglie bene in bocca, non asciutto",8,15397
Texture::cristalli,Texture,Cristalli,20,15398
Texture::grana presente compatto,Texture,"grana presente, compatto,",8,15401
Spessore della Crosta::crosta definisca e pressoché omogenea in tutto il perimetro media 9mm,Spessore della Crosta,Crosta definisca e pressoché omogenea in tutto il perimetro Media 9mm,4,15402
Spessore della Crosta::12 maggiore negli angoli,Spessore della Crosta,12 maggiore negli angoli,4,15403
Spessore della Crosta::1 1 cm colore sottocrosta scuro ed evidente,Spessore della Crosta,"1,1 cm colore sottocrosta scuro ed evidente",4,15407
Spessore della Crosta::9 10 mm decisi,Spessore della Crosta,9 10 mm decisi,4,15408
Struttura della Pasta::non omogenea anche la frattura nel complesso grana positiva,Struttura della Pasta,Non omogenea anche la frattura nel complesso grana positiva,4,15410
Struttura della Pasta::grandiosa e frattura reg,Struttura della Pasta,Grandiosa e frattura reg,4,15411
Struttura della Pasta::granulosa frattura buona,Struttura della Pasta,"Granulosa, frattura buona",4,15412
Struttura della Pasta::granulosa più fine al centro,Struttura della Pasta,Granulosa più fine al centro,4,15416
Colore della Pasta::leggermente carico ma paglierino al centro,Colore della Pasta,Leggermente carico ma paglierino al centro,4,15418
Colore della Pasta::tendente un poco al rosato abbastanza unif,Colore della Pasta,Tendente un Poco al rosato abbastanza unif,4,15419
Colore della Pasta::omogeneo su tutto il taglio ma non paglierino appena più carico,Colore della Pasta,"Omogeneo su tutto il taglio ma non paglierino, appena più carico",4,15420
Colore della Pasta::chiara con leggero alone centrale e verso un piatto,Colore della Pasta,Chiara con leggero alone centrale e verso un piatto,4,15424
Colore della Pasta::omogenea presenza dicristalli bianchi evidenti,Colore della Pasta,Omogenea presenza dicristalli bianchi evidenti,4,15425
Profumo::vegetale balsamico poco da grana,Profumo,vegetale balsamico poco da grana,4,15427
Profumo::latte cotto crosta brodo vegetale,Profumo,"latte cotto, crosta. Brodo vegetale",4,15429
Profumo::brodo di carna burro fuso e latte cotto leggero sottobosco e tostato,Profumo,"Brodo di carna, burro fuso e latte cotto, leggero sottobosco e tostato",4,15430
Sapore::tendente all amaro,Sapore,tendente all-amaro,6,15436
Sapore::sento pungente sulle mucose anche se non vero piccante sembra più' sale forse perché' il primo campione perché' non lo sento troppo salato,Sapore,"Sento pungente sulle mucose, anche se non vero piccante sembra più' sale, forse perché' il primo campione perché' non lo sento troppo salato",4,15437
Sapore::prevale ma di poco l'acidita' nel complesso abbastanza equilibrato,Sapore,"Prevale, ma di poco l'acidita', nel complesso abbastanza equilibrato",4,15438
Aroma::panna nostrano non neg ma non da grana,Aroma,panna nostrano non neg ma non da grana,4,15443
Aroma::prevalgono gli aromi che ricordano il cotto ma trovo anche una nota che ricorda il siero o la panna acida,Aroma,"Prevalgono gli aromi che ricordano il cotto, ma trovo anche una nota che ricorda il siero o la panna acida",4,15446
Texture::compatta e poco solubile pastoso,Texture,compatta e poco solubile. pastoso,8,15450
Texture::morbido poca grana impasta,Texture,morbido poca grana impasta,8,15451
Texture::morbido poco friabile poca microstruttura,Texture,"morbido, poco friabile, poca microstruttura",8,15453
Texture::grana ben percettibile presenza di cristalli,Texture,"Grana ben percettibile, presenza di cristalli",8,15454
Texture::gommosa,Texture,gommosa,8,15456
Spessore della Crosta::indefinita media 13mm,Spessore della Crosta,Indefinita!!!! Media 13mm,4,15458
Spessore della Crosta::12 mm soprattutto angoli,Spessore della Crosta,12 mm soprattutto angoli,4,15459
Spessore della Crosta::ovunque spessa,Spessore della Crosta,Ovunque spessa,4,15460
Struttura della Pasta::tendente allo stirato qualche occhio,Struttura della Pasta,Tendente allo stirato qualche occhio,4,15467
Struttura della Pasta::frattura omogenea struttura ruvida grossolana che si perde verso il centro,Struttura della Pasta,"Frattura omogenea. Struttura ruvida,grossolana, che si perde verso il centro",4,15468
Struttura della Pasta::tende ad essere un poco stirata al centro,Struttura della Pasta,Tende ad essere un Poco stirata al centro,4,15471
Struttura della Pasta::a tratti stirata compatta e poco granulosa,Struttura della Pasta,"A tratti stirata, compatta e poco granulosa",4,15472
Struttura della Pasta::regolare e omogenea,Struttura della Pasta,Regolare e omogenea,4,15473
Colore della Pasta::decisamente carico,Colore della Pasta,Decisamente carico,12,15474
Colore della Pasta::colore molto carico più chiaro su 1 piatto,Colore della Pasta,Colore molto carico più chiaro su 1 piatto,4,15475
Colore della Pasta::abbastanza omogeneo ma saturo verso il giallo,Colore della Pasta,Abbastanza omogeneo ma saturo verso il giallo,4,15476
Colore della Pasta::due fasce più scura su un piatto,Colore della Pasta,"Due fasce, più scura su un piatto",4,15479
Colore della Pasta::intenso e con alone in centro e verso un piatto,Colore della Pasta,Intenso e con alone in centro e verso un piatto,4,15480
Profumo::leggermente odore anomalo che non riconsoco,Profumo,leggermente odore anomalo che non riconsoco,4,15483
Profumo::leggero e povero,Profumo,leggero e povero,4,15485
Profumo::prevale il probumo di formaggio grigliato e tostato segue panna latte cotto e burro fuso,Profumo,"Prevale il probumo di formaggio grigliato e tostato, segue panna, latte cotto e burro fuso",4,15486
Profumo::leggermente fruttato ananas(,Profumo,leggermente fruttato ananas(,4,15487
Profumo::fermentato deciso dolciastro solo allo spezzarsi dei pezzi,Profumo,"Fermentato deciso, dolciastro, solo allo spezzarsi dei pezzi",4,15489
Sapore::leggermente salato umami,Sapore,leggermente salato umami,4,15491
Sapore::molto amaro acido,Sapore,molto amaro;acido,4,15492
Sapore::manca rotondita' e pienezza poco umami,Sapore,"manca rotondita' e pienezza, poco umami",4,15493
Sapore::sapidità' e acidità (pungente) medi alta,Sapore,sapidità' e acidità (pungente) medi alta,4,15494
Sapore::leggermente amaro alla fine presistenza non positiva,Sapore,"leggermente amaro alla fine, presistenza non positiva",4,15497
Aroma::fermentato non tipico del grana,Aroma,"fermentato, non tipico del grana.",4,15498
Aroma::torna il tostato pittosto persistente e in generale aromi che ticordano il cotto ma non bruciato,Aroma,"Torna il tostato pittosto persistente e in generale aromi che ticordano il cotto, ma non bruciato",4,15502
Aroma::dolciastro latte cotto animale,Aroma,"dolciastro, latte cotto, animale",4,15505
Texture::granuoloso asciutto si percepiscono i cristalli,Texture,granuoloso asciutto si percepiscono i cristalli,8,15507
Texture::asciutto,Texture,asciutto,124,15508
Texture::friabile appena asciutto,Texture,"Friabile, appena asciutto",8,15509
Texture::lascia la bocca pulita,Texture,lascia la bocca pulita,8,15510
Texture::secco asciutto,Texture,"secco, asciutto",8,15512
Texture::deformabile compatto poco friabile poco granuloso,Texture,"deformabile, compatto, poco friabile, poco granuloso",8,15513
Spessore della Crosta::piatto circa 10mm spigoli circa 15km scalzo circa 10km media 10mm,Spessore della Crosta,Piatto circa 10mm Spigoli circa 15km Scalzo circa 10km Media 10mm,4,15514
Spessore della Crosta::a tratti sottile sugli scalzi,Spessore della Crosta,A tratti sottile sugli scalzi,4,15516
Spessore della Crosta::1cm spigoli accentuati,Spessore della Crosta,1cm spigoli accentuati,4,15519
Spessore della Crosta::10 scarso,Spessore della Crosta,10 scarso,4,15520
Spessore della Crosta::abbastanza omogenea una faccia la crosta piú sottile,Spessore della Crosta,"Abbastanza omogenea, una faccia la crosta piú sottile",4,15521
Struttura della Pasta::un poco grossolana ma unif,Struttura della Pasta,Un Poco grossolana ma unif,4,15523
Struttura della Pasta::frattura non buona struttura anna regolare,Struttura della Pasta,Frattura non buona. Struttura Anna regolare,4,15524
Struttura della Pasta::non omogenea in parte granulosa in parte meno,Struttura della Pasta,"Non omogenea, in parte Granulosa, in parte meno",4,15527
Struttura della Pasta::stirato in parte frattura fonda dall'altra,Struttura della Pasta,"Stirato in parte, frattura fonda dall'altra",4,15528
Colore della Pasta::carico non omogeneo,Colore della Pasta,Carico non omogeneo,4,15530
Colore della Pasta::carico un poco grigiastro e rosato,Colore della Pasta,Carico un Poco grigiastro e rosato,4,15531
Colore della Pasta::omogeneo non troppo carico,Colore della Pasta,"Omogeneo, non troppo carico",12,15532
Colore della Pasta::non molto chiaro e leggermente più intenso al centro,Colore della Pasta,Non molto chiaro e leggermente più intenso al centro,4,15536
Profumo::profumo leggero ma positivo,Profumo,profumo leggero ma positivo,4,15538
Profumo::leggermente pezze sporche,Profumo,leggermente pezze sporche,4,15539
Profumo::note cotte crosta burro fuso non sento note latte fresche,Profumo,"Note cotte, crosta,burro fuso. non sento note latte fresche",4,15541
Profumo::brodo di carne latte cotto burro fuso nocciola tostato leggereo,Profumo,brodo di carne latte cotto burro fuso nocciola tostato leggereo,4,15542
Profumo::pungente all apertura del tappo frutta molto matura alla rottura panna decisa,Profumo,"pungente all apertura del tappo, frutta molto matura alla rottura, panna decisa",4,15545
Sapore::dolce non troppo salato,Sapore,"dolce, non troppo salato",4,15546
Sapore::piccante leggermente amaro,Sapore,piccante leggermente amaro,4,15547
Sapore::amaro piccante salato,Sapore,"Amaro, piccante, salato",4,15549
Sapore::leggermente pungente poco piccante equilibrato nel complesso,Sapore,"leggermente pungente, poco piccante equilibrato nel complesso",4,15550
Sapore::un poco acido e piccante,Sapore,un poco acido e piccante,4,15553
Aroma::equilibrato dado da brodo note di latte e burro cotto,Aroma,"equilibrato dado da brodo, note di latte e burro cotto",4,15558
Aroma::lattici cotti ma non molto caratteristici,Aroma,"lattici cotti, ma non molto caratteristici",4,15561
Texture::morbido si sentono i cristalli poco granuloso molto sol,Texture,morbido si sentono i cristalli poco granuloso molto sol,8,15563
Texture::umido cedevole quasi colloso sembra di mangiare pongo,Texture,"Umido, cedevole, quasi colloso. Sembra di mangiare pongo",8,15565
Texture::cristalli medio grossi la bocca nel complesso rimane pulita,Texture,"cristalli medio grossi, la bocca nel complesso rimane pulita",8,15566
Texture::molto umido solubile poco granuloso,Texture,"molto umido, solubile, poco granuloso",8,15569
Spessore della Crosta::spigoli 20mm scalzo 15mm minimo 10mm media 12mm,Spessore della Crosta,Spigoli 20mm Scalzo 15mm Minimo 10mm Media 12mm,4,15570
Spessore della Crosta::colore sottoscritta fino a 15 mm soprattutto negli angoli,Spessore della Crosta,Colore sottoscritta fino a 15 mm soprattutto negli angoli,4,15571
Spessore della Crosta::crosta sempre superiore al cm su uno scalzi molto spessa,Spessore della Crosta,Crosta sempre superiore al cm. Su uno scalzi molto spessa,4,15572
Spessore della Crosta::piuttosto spessa ma omogenea su tutta la superficie,Spessore della Crosta,"Piuttosto spessa, ma omogenea su tutta la superficie",4,15577
Struttura della Pasta::grave struttura irregolare nel centro non spugnosa ma simile con microocchiatura,Struttura della Pasta,Grave struttura irregolare nel centro non spugnosa ma simile con microocchiatura,4,15578
Struttura della Pasta::qualche piccola frattura un poco disomogenea e grandiosa ma frattura regolare,Struttura della Pasta,Qualche piccola frattura un Poco disomogenea e grandiosa ma frattura regolare,4,15579
Struttura della Pasta::regolare anche fine ottima frattura,Struttura della Pasta,"Regolare, anche fine. Ottima frattura",4,15580
Struttura della Pasta::grana grossolana microocch diffuse,Struttura della Pasta,"Grana grossolana, microocch. Diffuse",4,15582
Struttura della Pasta::un poco di microocchiatura struttura poco grandiosa non tipica,Struttura della Pasta,"Un Poco di microocchiatura. Struttura poco grandiosa, non tipica.",4,15583
Struttura della Pasta::micro occhiatura frattura disomogeneo più umido a zone,Struttura della Pasta,Micro occhiatura frattura disomogeneo più umido a zone,4,15584
Struttura della Pasta::abbastanza omogenea la grana è grossa vedo una sfoglia lunga 4 cm,Struttura della Pasta,"Abbastanza omogenea, la grana è grossa, vedo una sfoglia lunga 4 cm",4,15585
Colore della Pasta::pressoché omogenea,Colore della Pasta,Pressoché omogenea,4,15586
Colore della Pasta::leggermente più scuro su 1b piatto,Colore della Pasta,Leggermente più scuro su 1b piatto,4,15587
Colore della Pasta::paglierino chiaro,Colore della Pasta,Paglierino chiaro,8,15591
Colore della Pasta::omogeneo ma intenso nocciola,Colore della Pasta,Omogeneo ma intenso nocciola,4,15592
Colore della Pasta::il sottoposta di una faccia è più chiaro,Colore della Pasta,Il sottoposta di una faccia è più chiaro,4,15593
Profumo::sentore di ossidato,Profumo,sentore di ossidato,4,15594
Profumo::leggermente cotto,Profumo,leggermente cotto,12,15595
Profumo::intensità' non elevata burro latte cotto panna tostato lieve maturo,Profumo,"Intensità' non elevata. Burro, latte cotto. Panna. Tostato lieve. Maturo",4,15597
Profumo::siero latte cotto brodo e leggera crosta di formaggio,Profumo,"siero, latte cotto, brodo e leggera crosta di formaggio",4,15598
Sapore::leggermente piccante bruciante sulla lingua sembra troppo maturo passato,Sapore,"leggermente piccante, bruciante sulla lingua. sembra troppo maturo, passato",4,15602
Sapore::pungente piccante eccessivo,Sapore,"Pungente, piccante eccessivo",4,15605
Sapore::piccante presente e persistente emerge anche una sapidità' più' pronnciata equilibrato gli altri sapori,Sapore,"piccante presente e persistente, emerge anche una sapidità' più' pronnciata, equilibrato gli altri sapori",4,15606
Sapore::amarognolo finale umami,Sapore,"amarognolo finale, umami",4,15609
Aroma::aroma di formaggio vecchio e passato,Aroma,aroma di formaggio vecchio e passato,4,15610
Aroma::tostati prevalenti,Aroma,tostati prevalenti,4,15617
Texture::si sentono bene i cristalli,Texture,si sentono bene i cristalli,8,15619
Texture::friabile lascia la bocca impastata,Texture,"Friabile, lascia la bocca impastata",8,15621
Texture::granulosa con pochi cristalli,Texture,granulosa con pochi cristalli,8,15622
Spessore della Crosta::media 10mm,Spessore della Crosta,Media 10mm,12,15626
Spessore della Crosta::1 cm ma è disomogenea più marcata su un piatto con sottocrosta evidente,Spessore della Crosta,1 cm ma è disomogenea. Più marcata su un piatto con sottocrosta evidente,4,15631
Spessore della Crosta::9 10 mm poco deciso,Spessore della Crosta,9 10 mm poco deciso,4,15632
Struttura della Pasta::qualche piccola frattura e zona più granulosa,Struttura della Pasta,Qualche piccola frattura e zona più granulosa,4,15635
Struttura della Pasta::disomogeneo ma in certi punti anche fine( ) frattura discreta,Struttura della Pasta,"Disomogeneo, ma in certi punti anche fine(?). Frattura discreta",4,15636
Struttura della Pasta::granulosa abbastanza regolare,Struttura della Pasta,Granulosa abbastanza regolare,4,15639
Struttura della Pasta::zone più umide qualche frattura microocchiatura a zone,Struttura della Pasta,"Zone più umide, qualche frattura, microocchiatura a zone",4,15640
Struttura della Pasta::abbastanza regolare con cristalli bianchi,Struttura della Pasta,Abbastanza regolare con cristalli bianchi,4,15641
Colore della Pasta::non omogenea presenza di macchie gialle più accentuate alone centrale non carico,Colore della Pasta,Non omogenea Presenza di macchie gialle più accentuate Alone centrale non carico,4,15642
Colore della Pasta::base chiara ma disomogenea con chiazze più scure,Colore della Pasta,Base chiara ma disomogenea con chiazze più scure,4,15643
Colore della Pasta::base paglierino chiara alone appena più scuri e ulteriori macchie ancora più scure,Colore della Pasta,"Base paglierino, chiara. Alone appena più scuri e ulteriori macchie ancora più scure",4,15644
Colore della Pasta::paglierino carico soprattutto al centro con delle striature più evidenti,Colore della Pasta,Paglierino carico soprattutto al centro con delle striature più evidenti,4,15647
Colore della Pasta::chiara ma alone sganciato centrale,Colore della Pasta,Chiara ma alone sganciato centrale,4,15648
Profumo::leggermente,Profumo,leggermente,4,15931
Profumo::leggero senza grandi freschezze panna note vegetali,Profumo,leggero. Senza grandi freschezze. panna. note vegetali,4,15933
Profumo::soprattutto panna burro fuso latte cotto e tostatoleggero,Profumo,"soprattutto panna, burro fuso, latte cotto e tostatoleggero",4,15934
Profumo::panna animale intenso,Profumo,"panna, animale, intenso",4,15937
Sapore::amaro percepibile bocconi disomogenei per quel che riguarda la salatura alcuni addirittura poco salati poco umami gusto non omogeneo,Sapore,"Amaro percepibile. bocconi disomogenei per quel che riguarda la salatura, alcuni addirittura poco salati. poco umami. Gusto non omogeneo",4,15941
Sapore::acidità' (pungenza) elevata sapiditita e umami media alta,Sapore,"acidità' (pungenza) elevata, sapiditita e umami media alta,",4,15942
Sapore::amaro appena messo in bocca e persistente,Sapore,amaro appena messo in bocca e persistente,4,15945
Aroma::animale,Aroma,animale,8,15948
Aroma::burro fuso latte cotto,Aroma,"Burro fuso, latte cotto",4,15950
Texture::pastoso persistente in bocca,Texture,"pastoso, persistente in bocca",8,15954
Texture::asciutto e poco sol lascia sensazione di farina in bocca,Texture,asciutto e poco sol lascia sensazione di farina in bocca,8,15955
Texture::tirosina molto scarsa,Texture,tirosina molto scarsa,8,15956
Texture::friabile e morbido pochi cristalli impasta la bocca,Texture,Friabile e morbido. pochi cristalli. impasta la bocca,8,15957
Texture::con cristalli,Texture,con cristalli,8,15958
Texture::poco friabile compatto poco granuloso abbastanza solubile,Texture,"poco friabile, compatto, poco granuloso, abbastanza solubile",8,15961
Spessore della Crosta::scalzo e piatti circa 10mm spigoli circa 18mm media 10mm,Spessore della Crosta,Scalzo e piatti circa 10mm Spigoli circa 18mm Media 10mm,4,15962
Spessore della Crosta::8 o meno molto chiara,Spessore della Crosta,8 o meno molto chiara,4,15968
Spessore della Crosta::piuttosto spessa,Spessore della Crosta,Piuttosto spessa,24,15969
Struttura della Pasta::non omogenea qualche microocchiatura al centro,Struttura della Pasta,Non omogenea qualche microocchiatura al centro,4,15970
Struttura della Pasta::grana reg è fine leggero stirata al centro,Struttura della Pasta,Grana reg è fine leggero stirata al centro,4,15971
Struttura della Pasta::poche e piccole microcchiature bella frattura grana non finissima ma regolare,Struttura della Pasta,Poche e piccole microcchiature. Bella frattura. Grana non finissima ma regolare,4,15972
Struttura della Pasta::microocchiatura sporadica qualche zona stirata,Struttura della Pasta,"Microocchiatura sporadica, qualche zona stirata",4,15974
Struttura della Pasta::disomogenea micro occhiatura al centro,Struttura della Pasta,"Disomogenea, micro occhiatura al centro",4,15976
Colore della Pasta::alone centrale carico,Colore della Pasta,Alone centrale carico,4,15978
Colore della Pasta::colore di fondo chiaro ma netto alone centrale e forse una chiazza rosara,Colore della Pasta,Colore di fondo chiaro ma netto alone centrale e forse una chiazza rosara,4,15979
Colore della Pasta::paglierino ai bordi ma carico al centro anche se non molto giallo,Colore della Pasta,"Paglierino ai bordi, ma carico al centro, anche se non molto giallo",4,15980
Colore della Pasta::alone centrale molto più scuro,Colore della Pasta,Alone centrale molto più scuro,4,15982
Colore della Pasta::alone centrale marcato più evidente perché la pasta é molto chiara,Colore della Pasta,"Alone centrale marcato, più evidente perché la pasta é molto chiara",4,15983
Colore della Pasta::chiara con deciso alone centrale,Colore della Pasta,Chiara con deciso alone centrale,4,15984
Colore della Pasta::centralmente mostra una sfumatura leggermente piú intensa,Colore della Pasta,Centralmente mostra una sfumatura leggermente piú intensa,4,15985
Profumo::latte cotto intensità leggera verdure lesse intensità leggera animale intensità leggera,Profumo,latte cotto intensità leggera;verdure lesse intensità leggera;animale intensità leggera,4,16714
Profumo::leggero ma non difetti,Profumo,leggero ma non difetti,8,16715
Profumo::intensità moderata pane tostato cuoio sentori lattei cotti,Profumo,intensità moderata. pane tostato. . cuoio. sentori lattei cotti,4,16716
Profumo::leggermente di panna,Profumo,leggermente di panna,4,16718
Profumo::leggera verdura cotta,Profumo,leggera verdura cotta,4,16719
Profumo::latte e burro leggero animale,Profumo,"latte e burro, leggero animale",4,16720
Profumo::burro fuso formaggio cotto crosta cou una punta di bruciato,Profumo,"burro, fuso, formaggio cotto, crosta cou una punta di bruciato.",4,16721
Profumo::fiori frutta panna fresca,Profumo,"fiori, frutta, panna fresca",4,16722
Profumo::all'apertura nota pungente poi lattici cotti e un poco' di fermentato soprattutto in un pezzo,Profumo,"All'apertura nota pungente, poi lattici cotti e un poco' di fermentato soprattutto in un pezzo",4,16723
Profumo::panna burro fuso brodo di carne e fruttato,Profumo,panna burro fuso brodo di carne e fruttato,4,16724
Sapore::leggero salato,Sapore,leggero salato,8,16726
Sapore::amaro acido non in eccesso,Sapore,"amaro, acido. non in eccesso.",4,16727
Sapore::leggermente acdido,Sapore,leggermente acdido,4,16728
Sapore::amaro leggero il resto bilanciato,Sapore,"amaro leggero, il resto bilanciato",4,16729
Sapore::delicato,Sapore,delicato,8,16731
Sapore::piccante e salato,Sapore,piccante e salato,10,16732
Sapore::acido prevalente ma abbastanza equilibrato,Sapore,acido prevalente ma abbastanza equilibrato,4,16733
Sapore::salato umami untuoso leggermente disarticolati ma non del tutto negativi,Sapore,"Salato, umami, untuoso, leggermente disarticolati, ma non del tutto negativi",4,16734
Sapore::equilibrato assenza del picante,Sapore,"equilibrato, assenza del picante",4,16735
Aroma::torna come da prima olfazione una nota quantomeno animale forse fermentata,Aroma,"torna, come da prima olfazione, una nota quantomeno animale, forse fermentata",4,16738
Aroma::panna&burro,Aroma,panna&burro,4,16740
Aroma::piacevole ma poco tipico,Aroma,piacevole ma poco tipico,4,16742
Aroma::note di formaggio cotto,Aroma,note di formaggio cotto,4,16743
Aroma::latte cotto crosta di formaggio,Aroma,"latte cotto, crosta di formaggio",4,16744
Aroma::brodo grasso di carne tostati lattici cotti,Aroma,"Brodo grasso di carne, tostati, lattici cotti",4,16745
Aroma::molto latttico panna e burro fresco,Aroma,"molto latttico, panna e burro fresco",4,16746
Texture::solubilità friabilità tirosina intensità leggera,Texture,solubilità friabilità tirosina intensità leggera,4,16747
Texture::granuloso asciutto poco sol pochi cristalli,Texture,granuloso asciutto poco sol pochi cristalli,4,16748
Texture::cristalli rinvenuti anche grossi friabile struttura non fine tende ad asciugare le fauci,Texture,"cristalli rinvenuti, anche grossi. friabile. struttura non fine. tende ad asciugare le fauci",4,16749
Texture::mollo,Texture,mollo,4,16750
Texture::buona friabilità' microstruttura e solubilità' assenti i cristalli,Texture,"buona friabilità', microstruttura e solubilità', assenti i cristalli",4,16751
Texture::pastoso poca grana,Texture,"pastoso, poca grana",4,16753
Texture::compatto e duro microstruttura grossolana non molto solubile pochi cristalli percepiti,Texture,"compatto e duro, microstruttura grossolana, non molto solubile,pochi cristalli percepiti",4,16754
Texture::mediamente friabile leggermente adesivo non troppo silubile,Texture,"Mediamente friabile, leggermente adesivo, non troppo silubile",4,16756
Texture::rimane qualche piccolo frqammento assenza di cristalli,Texture,rimane qualche piccolo frqammento assenza di cristalli,4,16757
Spessore della Crosta::colore sottocrosta sfumato,Spessore della Crosta,Colore Sottocrosta sfumato,4,16759
Spessore della Crosta::0 8 cm con unghia pronunciata sugli spigoli,Spessore della Crosta,"0,8 cm con unghia pronunciata sugli spigoli",4,16764
Spessore della Crosta::diverso fra i piatti e gli scalzi x intensità sotto uno spigolo occhiatura e secchezza,Spessore della Crosta,"Diverso fra i piatti e gli scalzi x intensità, sotto uno spigolo occhiatura e secchezza",4,16767
Struttura della Pasta::frattura abbastanza regolare e grana fine,Struttura della Pasta,Frattura abbastanza Regolare e grana fine,4,16770
Struttura della Pasta::buona la frattura grana omogenea granulosa,Struttura della Pasta,"Buona la frattura. Grana omogenea, granulosa",4,16771
Struttura della Pasta::frattura abbastanza regolare leggermente stirata al centro,Struttura della Pasta,"Frattura abbastanza regolare,leggermente stirata al centro",4,16773
Struttura della Pasta::vaga presenza di microocchiatura un poco' grossolana,Struttura della Pasta,"Vaga presenza di Microocchiatura, un poco' grossolana",4,16774
Struttura della Pasta::frattura regolate struttura omogenea,Struttura della Pasta,Frattura regolate. Struttura omogenea,4,16775
Struttura della Pasta::frattura regolare struttura granuloso leggerissima micro occhiatura,Struttura della Pasta,"Frattura regolare, struttura granuloso, leggerissima micro occhiatura",4,16776
Struttura della Pasta::occhiature su angolo e microcchiature diffuse bella grana,Struttura della Pasta,"Occhiature su angolo e Microcchiature diffuse, bella grana",4,16777
Struttura della Pasta::frattura abbastanza regolare grana fine quasi omogenea,Struttura della Pasta,"Frattura abbastanza regolare, grana fine quasi omogenea",4,16778
Struttura della Pasta::frattura regolare assenza di impugnatura a eccezione di uno spigolo circa 3 cm,Struttura della Pasta,Frattura Regolare assenza di impugnatura a eccezione di uno spigolo circa 3 cm,4,16779
Colore della Pasta::chiara e uniforme,Colore della Pasta,Chiara e uniforme,4,16781
Colore della Pasta::una porzione è più carica di colore comunque tende al chiaro,Colore della Pasta,Una porzione è più carica di colore. Comunque tende al chiaro,4,16782
Colore della Pasta::giallo omogeneo non troppo carico,Colore della Pasta,"Giallo omogeneo, non troppo carico",4,16787
Colore della Pasta::chiaro ma con macchie rosa,Colore della Pasta,Chiaro ma con macchie rosa,4,16788
Colore della Pasta::carico e omogeneo,Colore della Pasta,Carico e omogeneo,4,16789
Colore della Pasta::paglierino grigiastro,Colore della Pasta,Paglierino grigiastro,4,16790
Profumo::latte cotto intensità leggera,Profumo,latte cotto intensità leggera;,8,16791
Profumo::intensità moderata vegetale burro sciolto latteo,Profumo,intensità moderata. vegetale. . burro sciolto. latteo,4,16793
Profumo::dddddddddd,Profumo,dddddddddd,4,16794
Profumo::burro sciolto,Profumo,burro sciolto,8,16795
Profumo::debole non tipico del grana,Profumo,"debole, non tipico del grana",4,16797
Profumo::formaggio cotto e burro fuso,Profumo,formaggio cotto e burro fuso,4,16798
Profumo::latte e crema cotti,Profumo,latte e crema cotti,4,16799
Profumo::intenso profumo di panna e latte,Profumo,Intenso profumo di panna e latte,4,16800
Profumo::fruttato lattico cotto,Profumo,Fruttato lattico cotto,4,16801
Sapore::acido intensità leggera piccante intensità leggera,Sapore,acido intensità leggera;piccante intensità leggera,4,16802
Sapore::leggero,Sapore,leggero,4,16803
Sapore::buon equilibrio fors'anche dolce,Sapore,"buon equilibrio, fors'anche dolce",4,16804
Sapore::salato e leggermente pungente,Sapore,salato e leggermente pungente,4,16806
Sapore::molto piccante,Sapore,molto piccante,4,16807
Sapore::acido salato e piccante,Sapore,"acido, salato e piccante",4,16808
Sapore::piccante e acido non molto salato umami ben presente,Sapore,"piccante e acido, non molto salato, umami ben presente",4,16809
Sapore::leggermente salato e acido ma non tanto da essere spiacevole,Sapore,"Leggermente salato e acido, ma non tanto da essere spiacevole",4,16811
Sapore::abbastanza ecqulibrato piccante leggermente percettibile,Sapore,abbastanza ecqulibrato piccante leggermente percettibile,4,16812
Aroma::latte cotto intensità leggera,Aroma,latte cotto intensità leggera,8,16813
Aroma::burro e latte bruciato,Aroma,burro e latte bruciato,4,16817
Aroma::mi sembra provolone,Aroma,mi sembra provolone,4,16819
Aroma::aroma abbastanza piatto con note di burro fuso e formaggio cotto,Aroma,"aroma abbastanza piatto, con note di burro fuso e formaggio cotto",4,16820
Texture::tirosina assente,Texture,tirosina assente,4,16824
Texture::morbido granuloso tende ad impastare pochi cristalli,Texture,morbido granuloso tende ad impastare pochi cristalli,4,16825
Texture::umido molle poco friabile tende ad impastare la bocca e ingozzare cristalli presenti,Texture,"umido., molle. poco friabile, tende ad impastare la bocca e ingozzare. cristalli presenti",4,16826
Texture::mollo pastoso,Texture,mollo;pastoso,4,16827
Texture::morbido buona microstruttura manca di cristalli,Texture,"morbido, buona microstruttura, manca di cristalli",4,16828
Texture::molle non solubile senza grana,Texture,"molle, non solubile, senza grana.",4,16830
Texture::compatto ma abbastanza cedevole grana sottile asciutto abbastanza solubile,Texture,"compatto ma abbastanza cedevole, grana sottile, asciutto, abbastanza solubile",4,16831
Texture::umida molto adesiva,Texture,"umida, molto adesiva",4,16832
Texture::compatto mediamente umido non molto friabile né granuloso discretamente solubile pochi cristalli,Texture,"Compatto, mediamente umido, non molto friabile né granuloso, discretamente solubile, pochi cristalli",4,16833
Texture::il formaggio si scioglie bene,Texture,il formaggio si scioglie bene,8,16834
Spessore della Crosta::sfumata media 9mm,Spessore della Crosta,Sfumata Media 9mm,8,16835
Spessore della Crosta::colore sottocrosta più evidente sotto un piatto,Spessore della Crosta,Colore Sottocrosta più evidente sotto un piatto,4,16836
Spessore della Crosta::0 9 cm più spessa su un piatto,Spessore della Crosta,"0,9 cm Più spessa su un piatto",4,16841
Spessore della Crosta::9 10 diversi i piatti,Spessore della Crosta,9 10 diversi i piatti,4,16844
Struttura della Pasta::frattura irregolare are disomogenea grossolana tendente allo stirato,Struttura della Pasta,Frattura irregolare!are Disomogenea grossolana tendente allo stirato,4,16846
Struttura della Pasta::tende allo stirato sotto un piatto piccole fratture e al centro microocchiatura,Struttura della Pasta,Tende allo stirato sotto un piatto piccole fratture e al centro microocchiatura,4,16847
Struttura della Pasta::lieve discrezionalità nella pasta bella frattura microocchiatura su più zone,Struttura della Pasta,Lieve discrezionalità nella pasta. Bella frattura. Microocchiatura su più zone.,4,16848
Struttura della Pasta::frattura irregolare a scaglie striato e con occhiature,Struttura della Pasta,"Frattura irregolare a scaglie,striato e con occhiature",4,16850
Struttura della Pasta::microocchiatura alcune forniture zone stirate frattura irregolare,Struttura della Pasta,"Microocchiatura, alcune forniture, zone stirate, frattura irregolare",4,16851
Struttura della Pasta::struttura non omogenea con zone con microocchiatura,Struttura della Pasta,Struttura non omogenea con zone con microocchiatura,4,16852
Struttura della Pasta::frattura infilata struttura compatta e poco granuloso con zone stirata piccola fascia con micro occhiatura,Struttura della Pasta,"Frattura infilata, struttura compatta e poco granuloso con zone stirata, piccola fascia con micro occhiatura",4,16853
Struttura della Pasta::scaglione struttura localizzata qualche microocchiatura,Struttura della Pasta,"Scaglione,struttura localizzata, qualche microocchiatura",4,16854
Struttura della Pasta::frattura abbastanza regolare a tratti stirata disomogenea,Struttura della Pasta,"Frattura abbastanza regolare, a tratti stirata, disomogenea",4,16855
Struttura della Pasta::frattura abbastanza regolare spugnatura centrale con occhi più piccoli del mm struttura grossolana,Struttura della Pasta,"Frattura abbastanza regolare, spugnatura centrale con occhi più piccoli del mm, struttura grossolana",4,16856
Colore della Pasta::più chiaro verso l'esterno,Colore della Pasta,Più chiaro verso l'esterno,8,16862
Colore della Pasta::colore leggermente più carico al centro,Colore della Pasta,Colore leggermente più carico al centro,4,16863
Colore della Pasta::colorazione non omogenea dal giallo chiaro al carico leggera rosatura in zona centrale,Colore della Pasta,"Colorazione non omogenea, dal giallo chiaro al carico. Leggera rosatura in zona centrale",4,16864
Colore della Pasta::al centro un poco' troppo carico più chiaro vicino alla crosta,Colore della Pasta,"Al centro un poco' troppo carico, più chiaro vicino alla crosta",4,16865
Colore della Pasta::diversa fra i piatti,Colore della Pasta,Diversa fra i piatti,4,16866
Colore della Pasta::paglierino più carico al centro,Colore della Pasta,Paglierino più carico al centro,4,16867
Profumo::intensità medio forte latte intero panna brodo di carne burr ofresco,Profumo,"Intensità medio-forte. Latte intero, panna. Brodo di carne. burr ofresco",4,16870
Profumo::fermentato insilato di mais,Profumo,"fermentato, insilato di mais",4,16872
Profumo::leggerissimo crosta e ossidato,Profumo,leggerissimo crosta e ossidato,4,16875
Profumo::caramella mou latte cotto,Profumo,"caramella mou, latte cotto",8,16876
Profumo::lieve sentore vegetale iniziale poi lattici cotti formaggio cotto,Profumo,"Lieve sentore vegetale iniziale, poi lattici cotti, formaggio cotto",4,16877
Profumo::molto fruttato con note lattiche freche,Profumo,molto fruttato con note lattiche freche,4,16878
Sapore::piccante intensità leggera amaro intensità leggera,Sapore,piccante intensità leggera;amaro intensità leggera,4,16879
Sapore::salato e leggero piccante,Sapore,salato e leggero piccante,4,16880
Sapore::leggermente salato pieno non dolce,Sapore,leggermente salato. pieno. non dolce,4,16881
Sapore::acido pungente,Sapore,"acido pungente,",4,16883
Sapore::abbastanza salato forte componente acida piccante,Sapore,"abbastanza salato, forte componente acida, piccante",4,16886
Sapore::piccante ben percepibile nota leggermente amara,Sapore,"piccante ben percepibile, nota leggermente amara",4,16887
Sapore::acido e lievemente piccante umami,Sapore,"Acido e lievemente piccante, umami",4,16888
Sapore::leggermente pungente ma ecquiglibreto nei gusti,Sapore,leggermente pungente ma ecquiglibreto nei gusti,4,16889
Aroma::pasta cotta,Aroma,pasta cotta,4,16894
Aroma::debole cotto,Aroma,"debole, cotto.",4,16896
Aroma::crosta e ossidato molto leggero latticino fresco tipo quark,Aroma,"crosta e ossidato molto leggero, latticino fresco tipo quark",4,16897
Aroma::latte cotto crosta,Aroma,"latte cotto, crosta",4,16898
Aroma::cotto crosta di grana brodo di carne,Aroma,"Cotto, crosta di grana, brodo di carne",4,16899
Texture::solubilità friabilità tirosina intensità leggera (positiva),Texture,solubilità friabilità tirosina intensità leggera (positiva),4,16901
Texture::compatto asciutto granuloso con cristalli ma poco solubile lascia residuo sabbioso,Texture,compatto asciutto granuloso con cristalli ma poco solubile lascia residuo sabbioso,4,16902
Texture::friabile in una microstruttura fine che tende al sabbioso lascia la bocca pulita microcristalli presenti non molti,Texture,"Friabile in una microstruttura fine che tende al sabbioso. Lascia la bocca pulita. microcristalli presenti, non molti",4,16903
Texture::friabile secco&asciutto mcirostruttura sufficiente,Texture,"friabile, secco&asciutto, mcirostruttura sufficiente",4,16905
Texture::duro ma friabile microstruttura sottile solubile ma asciutto,Texture,"duro ma friabile, microstruttura sottile, solubile ma asciutto",4,16908
Texture::friabile asciutto sabbioso alla fine,Texture,"Friabile, asciutto, sabbioso alla fine",4,16910
Texture::sabbioso con frammenti,Texture,sabbioso con frammenti,4,16911
Spessore della Crosta::sfumata media 10mm,Spessore della Crosta,Sfumata Media 10mm,8,16912
Struttura della Pasta::disomogenea fine è granulosa,Struttura della Pasta,Disomogenea fine è granulosa,4,16923
Struttura della Pasta::frattura regolare grana evidente in centro grossi cristalli,Struttura della Pasta,Frattura regolare grana evidente in centro grossi cristalli,4,16924
Struttura della Pasta::discreto taglio presenza di frattura interne buona grana tendente al fine omogena,Struttura della Pasta,"Discreto taglio. Presenza di frattura interne. Buona grana tendente al fine, omogena",4,16925
Struttura della Pasta::frattura irregolare a scaglie presenza di cristalli grana fine,Struttura della Pasta,"Frattura irregolare a scaglie, presenza di cristalli,grana fine",4,16927
Struttura della Pasta::frattura abbastanza irregolare zone stirate,Struttura della Pasta,"Frattura abbastanza irregolare, zone stirate",4,16928
Struttura della Pasta::grana fine frattura regolare,Struttura della Pasta,"Grana fine, frattura regolare",4,16929
Struttura della Pasta::frattura abbastanza regolare con qualche avvallamento struttura granulare ma compatta,Struttura della Pasta,"Frattura abbastanza regolare, con qualche avvallamento, struttura granulare ma compatta,",4,16930
Struttura della Pasta::scagliosa locale striature grana localmente abbastanza bella,Struttura della Pasta,"Scagliosa, locale striature, grana localmente abbastanza bella",4,16931
Struttura della Pasta::frattura abbastanza regolare grana abbastanza omogenea,Struttura della Pasta,"Frattura abbastanza regolare, grana abbastanza omogenea",4,16932
Struttura della Pasta::abbastanza regolare grana grossolana assenza di impugnatura,Struttura della Pasta,"Abbastanza regolare grana grossolana, assenza di impugnatura",4,16933
Colore della Pasta::paglierino carico,Colore della Pasta,Paglierino carico,4,16934
Colore della Pasta::colore aranciata uniforme,Colore della Pasta,Colore aranciata uniforme,4,16935
Colore della Pasta::paglierino omogeneo non carico,Colore della Pasta,Paglierino omogeneo non carico,4,16940
Colore della Pasta::giallo abbastanza carico omogeneo,Colore della Pasta,"Giallo abbastanza carico, omogeneo",4,16941
Colore della Pasta::zona un poco' rosa ma generalmente uniforme,Colore della Pasta,Zona un poco' rosa ma generalmente uniforme,4,16942
Colore della Pasta::intenso ed omogeneo,Colore della Pasta,Intenso ed omogeneo,4,16943
Profumo::tostato intensità leggera frutta (ananas) intensità leggera,Profumo,tostato intensità leggera;frutta (ananas) intensità leggera,4,16945
Profumo::intensità medio forte note vegetali e floreali su latte particolare,Profumo,Intensità medio-forte. Note vegetali e floreali su latte. Particolare,4,16947
Profumo::yoghurt,Profumo,yoghurt,4,16949
Profumo::sentore di fermentato,Profumo,sentore di fermentato,8,16951
Profumo::sentore di stalla crosta e ossidato,Profumo,"sentore di stalla, crosta e ossidato",4,16952
Profumo::latte e crema crudi ma leggeri,Profumo,latte e crema crudi ma leggeri,4,16953
Profumo::lattici moderatamente intensi anche cotti leggero fermentato non spiacevole,Profumo,"Lattici moderatamente intensi, anche cotti, leggero fermentato non spiacevole",4,16954
Profumo::nota fermentata appena percettibile fruttato lattico cotto e brodo,Profumo,"nota fermentata appena percettibile, fruttato lattico cotto e brodo",4,16955
Sapore::amaro acido non eccede in nulla non dolce non piccante,Sapore,"amaro, acido. non eccede in nulla. non dolce. non piccante",4,16958
Sapore::acido damaro,Sapore,acido;damaro,4,16959
Sapore::dolce amaro,Sapore,"dolce, amaro",4,16960
Sapore::piccante umami carico salato,Sapore,"piccante, umami carico, salato",4,16963
Sapore::acido e salato prevalenti,Sapore,acido e salato prevalenti,4,16964
Sapore::dolce e un poco' salato leggermente piccante alla fine untuosità,Sapore,"dolce e un poco' salato, leggermente piccante alla fine, untuosità",4,16965
Sapore::glutammato prevalente segue la nota dolce assenza del piccante,Sapore,"glutammato prevalente segue la nota dolce, assenza del piccante",4,16966
Aroma::latte coto e crosta formaggio intensità leggera futta secca e tostato intensità leggera,Aroma,latte coto e crosta formaggio intensità leggera;futta secca e tostato intensità leggera,4,16967
Aroma::latte resta il sapore di yoghurt,Aroma,"latte, resta il sapore di yoghurt",4,16971
Aroma::ossidato fermentato aroma di formaggio vecchio,Aroma,"ossidato, fermentato. aroma di formaggio vecchio",4,16973
Aroma::stalla corsta e ossidato,Aroma,"stalla, corsta e ossidato",4,16974
Aroma::latte cotto fiori,Aroma,"latte cotto, fiori",4,16975
Aroma::tostati decisi lattici cotti,Aroma,"Tostati decisi, lattici cotti",4,16976
Aroma::dato brodo e frutta (tropicale) nota leggera di formaggio cotto,Aroma,"dato, brodo e frutta (tropicale), nota leggera di formaggio cotto",4,16977
Texture::tirosina intensità forte solubilità e friabilità intensità leggera,Texture,tirosina intensità forte;solubilità e friabilità intensità leggera,4,16978
Texture::granuloso con cristalli abbastanza sol,Texture,granuloso con cristalli abbastanza sol,4,16979
Texture::consistente al molare e si frange in una bella struttura si scioglie con un residuo sabbioso ben umido tanti microcristalli,Texture,consistente al molare e si frange in una bella struttura. Si scioglie con un residuo sabbioso. ben umido. tanti microcristalli,4,16980
Texture::friabile un p secco pochi cristalli,Texture,"friabile, un p; secco, pochi cristalli",4,16982
Texture::cedevole molto pastoso e asciutto poco solubile microstruttura sottile molti cristalli,Texture,"cedevole, molto pastoso e asciutto, poco solubile, microstruttura sottile, molti cristalli",4,16985
Texture::friabile buona solubilità intermedia untuosità,Texture,"Friabile, buona solubilità intermedia, untuosità",4,16987
Spessore della Crosta::sfumata e dispari media 10mm,Spessore della Crosta,Sfumata e dispari Media 10mm,4,16989
Spessore della Crosta::più su un lato,Spessore della Crosta,Più su un lato,4,16990
Spessore della Crosta::sfumata molto spessa,Spessore della Crosta,"Sfumata, molto spessa",4,16991
Spessore della Crosta::1 2 cm ma con unghia spessa e di colore bruno,Spessore della Crosta,"1,2 cm ma con unghia spessa e di colore bruno",4,16995
Spessore della Crosta::12 14 mm,Spessore della Crosta,12. 14 mm,4,16997
Spessore della Crosta::spigoli molto pronunciati in uno anche con fine occhiatura,Spessore della Crosta,"Spigoli molto pronunciati, in uno anche con fine occhiatura",4,16998
Struttura della Pasta::disomogenea grossolana al centro fine ma non ottimale,Struttura della Pasta,Disomogenea Grossolana al centro fine ma non ottimale,4,17000
Struttura della Pasta::frattura e grana regolari evidenti cristalli,Struttura della Pasta,Frattura e grana regolari evidenti cristalli,4,17001
Struttura della Pasta::struttura fine buonissimo taglio,Struttura della Pasta,Struttura fine. Buonissimo taglio,4,17002
Struttura della Pasta::frattura regolare grana fine è leggera microocchiatura,Struttura della Pasta,Frattura regolare grana fine è leggera Microocchiatura,4,17004
Struttura della Pasta::grossolana ma regolare,Struttura della Pasta,Grossolana ma regolare,4,17005
Struttura della Pasta::frattura regolare struttura granulare ma di aspetto compatto,Struttura della Pasta,"Frattura regolare, struttura granulare ma di aspetto compatto,",4,17007
Struttura della Pasta::scagliosa grana un poco' arrotondata occhiature su angolo,Struttura della Pasta,"Scagliosa,grana un poco' arrotondata ,Occhiature su angolo",4,17008
Struttura della Pasta::frattura regolare e grana bella regolare,Struttura della Pasta,Frattura regolare e grana bella regolare,4,17009
Struttura della Pasta::frattura molto regolare assenza di impugnatura a eccezione di uno spigolo e in un area molto ristretta 2 cm circa presenza di cristalli grossi pasta a grana grossa,Struttura della Pasta,"Frattura molto regolare, assenza di impugnatura a eccezione di uno spigolo e in un area molto ristretta 2 cm circa. Presenza di cristalli grossi, pasta a grana grossa",4,17010
Colore della Pasta::omogeneo chiaro paglierino,Colore della Pasta,"Omogeneo, chiaro paglierino",4,17013
Colore della Pasta::più scuro verso un piatto,Colore della Pasta,Più scuro verso un piatto,4,17016
Colore della Pasta::giallo piuttosto carico,Colore della Pasta,Giallo piuttosto carico,4,17018
Colore della Pasta::giallo un poco' troppo carico,Colore della Pasta,Giallo un poco' troppo carico,4,17019
Colore della Pasta::giallo carico ma omogeneo,Colore della Pasta,Giallo carico ma omogeneo,4,17020
Colore della Pasta::paglierino carico omogeneo il sottocrosta ha una tonalità leggermente ambrata ma solo il sottocrosta,Colore della Pasta,"Paglierino carico omogeneo, il sottocrosta ha una tonalità leggermente ambrata, ma solo il sottocrosta",4,17021
Profumo::all'apertura teli sporchi e poi brodo vegetale,Profumo,all'apertura teli sporchi e poi brodo vegetale,4,17331
Profumo::leggero moderato tostato lieve cotto,Profumo,leggero-moderato. tostato. lieve cotto,4,17332
Profumo::brodo vegertale latte burro,Profumo,brodo vegertale;latte;burro,4,17333
Profumo::verdure lesse,Profumo,verdure lesse,4,17335
Profumo::non percettibile senza odore,Profumo,non percettibile. senza odore,4,17336
Profumo::odssidato,Profumo,odssidato,4,17337
Profumo::latte cotto pane bruciato,Profumo,"latte cotto, pane bruciato",4,17338
Profumo::all'apertura nota di bruciato poi lattici cotti e lieve fermentato fugace,Profumo,"All'apertura nota di bruciato, poi lattici cotti e lieve fermentato fugace",4,17339
Profumo::molto leggera fermentazione,Profumo,molto leggera fermentazione,4,17340
Sapore::amaro intensità leggera,Sapore,amaro intensità leggera,4,17341
Sapore::sale troppo amaro,Sapore,"sale, troppo. amaro",4,17343
Sapore::neutro insapore,Sapore,"neutro, insapore",4,17345
Sapore::dolciastro leggermente acido,Sapore,"dolciastro, leggermente acido",4,17347
Sapore::leggermente piccante e umami carico,Sapore,leggermente piccante e umami carico,4,17348
Sapore::sapido e dolce assenza del piccante,Sapore,"sapido e dolce, assenza del piccante",4,17351
Aroma::tostato leggero e frutta secca intensità leggera,Aroma,tostato leggero e frutta secca intensità leggera,4,17352
Aroma::vegetale + panna,Aroma,vegetale + panna,4,17353
Aroma::fungo,Aroma,fungo,6,17354
Aroma::latte e brodo,Aroma,latte e brodo,4,17356
Aroma::non tipico leggera punta di rancido,Aroma,"non tipico, leggera punta di rancido...",4,17358
Aroma::formaggio molto cotto/bruciato con intensità leggera,Aroma,formaggio molto cotto/bruciato con intensità leggera,4,17359
Aroma::latte bruciato,Aroma,latte bruciato,4,17360
Aroma::lattici cotti leggero brodo,Aroma,"lattici cotti, leggero brodo",4,17361
Aroma::nota di cotto quasi affumicato,Aroma,nota di cotto quasi affumicato,4,17362
Texture::solubilità friabilitù tirosina moderato/forte,Texture,solubilità friabilitù tirosina moderato/forte,4,17363
Texture::morbido poco friabile con cristalli poco solub lascia residuo sabbioso,Texture,morbido poco friabile con cristalli poco solub lascia residuo sabbioso,4,17364
Texture::cristalli presenti taluni grossi umido certi bocconi sono troppo morbidi friabile un minimo in struttura grossa rimane la bocca sabbiosa,Texture,"cristalli presenti, taluni grossi. umido, certi bocconi sono troppo morbidi. friabile un minimo in struttura grossa. rimane la bocca sabbiosa",4,17365
Texture::friabile scarsa microstruttura pochi cristalli ma presenti,Texture,"friabile, scarsa microstruttura, pochi cristalli ma presenti",4,17367
Texture::troppo cedevole friabile,Texture,"troppo cedevole, friabile",4,17368
Texture::pastoso e un poco farinoso,Texture,pastoso e un poco farinoso,4,17369
Texture::compatto ma friabile microstruttura abbastanza sottile non molto solubile,Texture,"compatto ma friabile, microstruttura, abbastanza sottile, non molto solubile,",4,17370
Texture::compatto non molto friabile granuloso non molto solubile e leggermente sabbioso alla fine,Texture,"compatto, non molto friabile, granuloso, non molto solubile e leggermente sabbioso alla fine",4,17372
Texture::molto sabbioso granuloso con pochi cristalli molto fini,Texture,molto sabbioso granuloso con pochi cristalli molto fini,4,17373
Spessore della Crosta::media 8 mm,Spessore della Crosta,Media 8 mm,4,17374
Spessore della Crosta::a tratti molto fine,Spessore della Crosta,A tratti molto fine,4,17376
Spessore della Crosta::6 7 molto chiaro,Spessore della Crosta,6 7 molto chiaro,4,17383
Struttura della Pasta::disomogenea,Struttura della Pasta,Disomogenea,20,17385
Struttura della Pasta::frattura regolare ma strappi in centro grana grossolana ma uniforme,Struttura della Pasta,Frattura regolare ma strappi in centro grana grossolana ma uniforme,4,17386
Struttura della Pasta::tagli degustazioni bella grana tendente al fine piuttosto omogenea taglio buono,Struttura della Pasta,"Tagli, degustazioni. Bella grana tendente al fine, piuttosto omogenea. Taglio buono.",4,17387
Struttura della Pasta::frattura regolare stirata al centro con crepa ma grana media,Struttura della Pasta,Frattura regolare stirata al centro con crepa ma grana media,4,17389
Struttura della Pasta::due grosse fenditure,Struttura della Pasta,Due grosse fenditure,4,17390
Struttura della Pasta::ci sono varie spacchi prova della struttura slegata,Struttura della Pasta,Ci sono varie spacchi prova della struttura slegata,4,17391
Struttura della Pasta::frattura abbastanza regolare struttura dall'aspetto granuloso alcune fessure,Struttura della Pasta,"Frattura abbastanza regolare, struttura dall'aspetto granuloso, alcune fessure",4,17392
Struttura della Pasta::diversi spacchi centrali leggera stiratura centrale grana discreta,Struttura della Pasta,"Diversi spacchi centrali, leggera stiratura centrale, grana discreta",4,17393
Struttura della Pasta::grana disomogenea quasi stirata al centro più regolare ai bordi frattura regolare due strappi,Struttura della Pasta,"Grana disomogenea, quasi stirata al centro, più regolare ai bordi. Frattura regolare. Due strappi.",4,17394
Struttura della Pasta::frattura regolare grana grossolana al centro due grandi fratture di 4 cm,Struttura della Pasta,"Frattura regolare, grana grossolana al centro due grandi fratture di 4 cm",4,17395
Colore della Pasta::leggermente più carico al centro,Colore della Pasta,Leggermente più carico al centro,4,17396
Colore della Pasta::colore chiaro ma centro rosato,Colore della Pasta,Colore chiaro ma centro rosato,4,17397
Colore della Pasta::omogeneo chiaro a tratti nettamente paglierino,Colore della Pasta,"Omogeneo, chiaro, a tratti nettamente paglierino",4,17398
Colore della Pasta::centro leggermente più scuro,Colore della Pasta,Centro leggermente più scuro,4,17400
Colore della Pasta::zona esterna più chiara,Colore della Pasta,Zona esterna più chiara,4,17401
Colore della Pasta::giallo abbastanza chiaro con leggere sfumature rosate,Colore della Pasta,Giallo abbastanza chiaro con leggere sfumature rosate,4,17403
Colore della Pasta::più scuro all interno,Colore della Pasta,Più scuro all interno,4,17404
Colore della Pasta::bel paglierino omogeneo,Colore della Pasta,Bel paglierino omogeneo,4,17406
Profumo::moderata l'intensità latte uht burro sciolto pane,Profumo,"moderata l'intensità. Latte uht, burro sciolto. pane",4,18255
Profumo::cavolfiore,Profumo,cavolfiore,8,18258
Profumo::lattici cotti intensi all'apertura anche un poco' di fermentato vegetale,Profumo,"Lattici cotti intensi, all'apertura anche un poco' di fermentato vegetale",4,18260
Profumo::piatto note lattiche presenti di burro fuso brodo lievi note animali non del tutto pulito,Profumo,"piatto, note lattiche presenti di burro fuso, brodo, lievi note animali, non del tutto pulito",4,18261
Profumo::latte kiwi nocciola,Profumo,"latte, kiwi. nocciola",4,18262
Profumo::intenso no difetti,Profumo,intenso no difetti,4,18263
Profumo::fruttato panna e burro fresco,Profumo,Fruttato panna e burro fresco,4,18264
Sapore::piccante anche persistente,Sapore,"piccante, anche persistente",4,18266
Sapore::ddleggermente piccante acido amaro,Sapore,ddleggermente piccante;acido;amaro,4,18267
Sapore::leggermente amaro poco salato,Sapore,"leggermente amaro, poco salato",4,18268
Sapore::salato leggermente piccante forse un poco acido,Sapore,"salato, leggermente piccante, forse un poco acido",4,18270
Sapore::lievemente piccante,Sapore,Lievemente piccante,4,18271
Sapore::dolce sapido con umami poco marcato e piccantezza evidente sul finale poco bilanciato,Sapore,"dolce sapido con umami poco marcato e piccantezza evidente sul finale, poco bilanciato",4,18272
Sapore::neutro con sapidità anche prevalente,Sapore,neutro con sapidità anche prevalente,4,18273
Sapore::prevale la pungenza e la sapidità,Sapore,prevale la pungenza e la sapidità,4,18275
Aroma::megilo del naso,Aroma,megilo del naso,4,18277
Aroma::pochissimo piccante,Aroma,pochissimo piccante,4,18279
Aroma::fermentato vegetale non caratteristico ne piacevole,Aroma,"fermentato, vegetale, non caratteristico ne piacevole",4,18281
Aroma::moderato aroma soprattutto lattico cotto formaggio cotto,Aroma,"Moderato aroma, soprattutto lattico cotto, formaggio cotto",4,18282
Aroma::poco complesso lattico di burro fuso e latte cotto nota animale di lettiera,Aroma,"poco complesso, lattico di burro fuso e latte cotto, nota animale di lettiera",4,18283
Aroma::brodo fieno,Aroma,"brodo, fieno",4,18284
Aroma::latte acido e leggera fermentazione,Aroma,latte acido e leggera fermentazione,4,18286
Texture::friabile con cristalli ma lascia residuo sabbioso alla fine,Texture,friabile con cristalli ma lascia residuo sabbioso alla fine,4,18287
Texture::friabile microstruttura fine che tende al sabbioso nel fine bocca,Texture,Friabile. Microstruttura fine che tende al sabbioso nel fine bocca.,4,18288
Texture::dd,Texture,dd,4,18289
Texture::discreta friabilità' assenza di cristalli,Texture,"discreta friabilità', assenza di cristalli",4,18290
Texture::consistenza sabbiosa poco solubile,Texture,"consistenza sabbiosa, poco solubile",4,18292
Texture::friabile granuloso cristalli bene ma potrebbe essere più solubile alla fine,Texture,"Friabile, granuloso, cristalli - bene - ma potrebbe essere più solubile alla fine",4,18293
Texture::friabile cedevole poco consistente granulosa asciutta quasi sabbiosa,Texture,"friabile, cedevole, poco consistente, granulosa, asciutta, quasi sabbiosa",4,18294
Texture::forse troppo friabile asciutto,Texture,"forse troppo friabile, asciutto.........",4,18295
Texture::al palato risulta granuloso sabbioaso,Texture,al palato risulta granuloso-sabbioaso,4,18297
Spessore della Crosta::colore aranciato molto carico,Spessore della Crosta,Colore aranciato molto carico,4,18298
Spessore della Crosta::1 piatto molto spesso l'altro buono,Spessore della Crosta,1 piatto molto spesso. L'altro buono,4,18299
Spessore della Crosta::ben visibile,Spessore della Crosta,Ben visibile,4,18301
Spessore della Crosta::1 5 cm crosta molto spessa con unghia marcata,Spessore della Crosta,"1,5 cm. Crosta molto spessa con unghia marcata",4,18303
Spessore della Crosta::10 scuro,Spessore della Crosta,10 scuro,4,18304
Spessore della Crosta::più evidente su un lato,Spessore della Crosta,Più evidente su un lato,8,18305
Spessore della Crosta::piuttosto grossa,Spessore della Crosta,Piuttosto grossa!,8,18306
Spessore della Crosta::spessa molto su un piatto e sugli scalzi,Spessore della Crosta,Spessa molto su un piatto e sugli scalzi,4,18307
Spessore della Crosta::le facce e gli scalzi hanno spessori differenti,Spessore della Crosta,Le facce e gli scalzi hanno spessori differenti,4,18308
Struttura della Pasta::grana grossolana e parti che tendono a sgretolarsi,Struttura della Pasta,Grana grossolana e parti che tendono a sgretolarsi,4,18309
Struttura della Pasta::grana uniforme granulosa frattura con cratere,Struttura della Pasta,"Grana uniforme, granulosa. Frattura con cratere.",4,18310
Struttura della Pasta::frattura abbastanza regolare con grana media,Struttura della Pasta,Frattura abbastanza regolare con grana media,4,18312
Struttura della Pasta::abbastanza grossolana frattura non molto regolare,Struttura della Pasta,"Abbastanza grossolana, frattura non molto regolare",4,18313
Struttura della Pasta::struttura con grana grossa ruvida,Struttura della Pasta,Struttura con grana grossa ruvida,4,18314
Struttura della Pasta::frattura abbastanza regolare grana grossolana,Struttura della Pasta,"Frattura abbastanza regolare, grana grossolana",4,18315
Struttura della Pasta::frattura ok grana presente e ben definita,Struttura della Pasta,"Frattura ok, grana presente e ben definita",4,18316
Struttura della Pasta::molto presente la grana frattura media,Struttura della Pasta,Molto presente la grana...Frattura media.,4,18317
Struttura della Pasta::grossolana no difetti,Struttura della Pasta,Grossolana no difetti,4,18318
Struttura della Pasta::frattura leggermente inregolare superficie molto asciutta in alcuni punti quasi secca,Struttura della Pasta,"Frattura leggermente inregolare, superficie molto asciutta in alcuni punti quasi secca",4,18319
Colore della Pasta::colore carico con alone,Colore della Pasta,Colore carico con alone,4,18320
Colore della Pasta::alone giallo carico centrale,Colore della Pasta,Alone giallo carico centrale,8,18321
Colore della Pasta::abbastanza omogeneo leggermente carico,Colore della Pasta,Abbastanza omogeneo leggermente carico,4,18324
Colore della Pasta::colore molto marcato mogeneo,Colore della Pasta,Colore molto marcato mogeneo,4,18325
Colore della Pasta::evidente alone centrale più scuro,Colore della Pasta,"Evidente alone centrale più scuro,",12,18327
Colore della Pasta::omogeneo tendente al giallo più carico,Colore della Pasta,Omogeneo tendente al giallo più carico,4,18328
Colore della Pasta::evidente alone centrale scuro,Colore della Pasta,Evidente alone centrale scuro,4,18329
Colore della Pasta::paglierino centralmente più carico,Colore della Pasta,Paglierino centralmente più carico,4,18330
Profumo::intensità moderata latte sentore cotto poco cuoio,Profumo,intensità moderata. latte. sentore cotto. poco cuoio,4,18332
Profumo::formaggio cotto,Profumo,formaggio cotto,16,18334
Profumo::burro fuso latte cotto buono,Profumo,"burro fuso, latte cotto. buono",4,18336
Profumo::profumo caratteristico media intensità,Profumo,"Profumo caratteristico, media intensità",4,18337
Profumo::poco caratteristico frutta fermentata acqua stagnante,Profumo,"poco caratteristico, frutta fermentata, acqua stagnante",4,18338
Profumo::frutta matura fieno stalla grana,Profumo,"frutta matura, fieno-stalla, grana",4,18339
Profumo::nota di latte acido prevalente segue la panna e il burro fresco fruttato e vegetale cotto,Profumo,"nota di latte acido prevalente, segue la panna e il burro fresco, fruttato e vegetale cotto",4,18341
Sapore::acido poco amaro giusto sale piccante evanescente dolce percepito,Sapore,"Acido, poco amaro, giusto sale. piccante evanescente. dolce percepito",4,18343
Sapore::latte e alla fine crosta,Sapore,latte e alla fine crosta,4,18345
Sapore::dolce poco salato umami,Sapore,"dolce, poco salato. umami",4,18347
Sapore::dolcezza e sapidità' equilibrate umami debole piccantezza media abbastanza equilibrato,Sapore,"dolcezza e sapidità' equilibrate, umami debole, piccantezza media, abbastanza equilibrato",4,18349
Sapore::sapido finale amarognolo non esagerato però in quanto anche equilibrato,Sapore,"sapido, finale amarognolo, non esagerato però in quanto anche equilibrato...",4,18350
Sapore::leggermente sbilanciato il salato,Sapore,leggermente sbilanciato il salato,8,18351
Aroma::burro bruciato,Aroma,burro bruciato,4,18356
Aroma::medio intenso,Aroma,"Medio intenso,",4,18359
Aroma::più caratteristico che al naso burro fuso formaggio cotto crosta di formaggio ritorna la nota fruttata,Aroma,"più caratteristico che al naso, burro fuso, formaggio cotto, crosta di formaggio, ritorna la nota fruttata",4,18360
Aroma::burro brodo,Aroma,"burro, brodo",16,18361
Aroma::sentori latici,Aroma,sentori latici,4,18363
Texture::morbido e umido poco granuloso ma piccoli cristalli lascia residuo,Texture,morbido e umido poco granuloso ma piccoli cristalli lascia residuo,4,18364
Texture::morbido friabilein una microstruttura non fine umido tende al pastoso nel finale di bocca,Texture,"Morbido, friabilein una microstruttura non fine. umido, tende al pastoso nel finale di bocca",4,18365
Texture::morbido microstruttura assente qualche cristallo,Texture,"morbido, microstruttura assente, qualche cristallo",4,18367
Texture::non molto friabile tendente all'umido,Texture,"Non molto friabile, tendente all'umido",4,18370
Texture::ancora umida legata non molto granulosa e poco solubile,Texture,"ancora umida, legata, non molto granulosa e poco solubile",4,18371
Texture::asciutto ma solubile cristalli medi,Texture,"asciutto, ma solubile, cristalli medi..",4,18372
Texture::presenza di cristalli medio grossi rimane un poco granuloso e sabbioso,Texture,"presenza di cristalli medio grossi, rimane un poco granuloso e sabbioso",4,18374
Spessore della Crosta::colore sottoscritta carico sganciato più evidente su un piatto,Spessore della Crosta,Colore sottoscritta carico sganciato più evidente su un piatto,4,18375
Spessore della Crosta::sempre sopra al cm su 1 piatto molto spessa,Spessore della Crosta,Sempre sopra al cm. Su 1 piatto molto spessa,4,18376
Spessore della Crosta::1 cm ma con unghia marcata,Spessore della Crosta,1 cm ma con unghia marcata,4,18380
Spessore della Crosta::spessa più spessa su una faccia,Spessore della Crosta,Spessa più spessa su una faccia,4,18382
Spessore della Crosta::troppo alta negli scalzi,Spessore della Crosta,Troppo alta negli scalzi!,4,18383
Spessore della Crosta::christine sugli scalzi,Spessore della Crosta,Christine sugli scalzi,4,18384
Spessore della Crosta::piuttosto spessa soprattutto sugli scalzi,Spessore della Crosta,Piuttosto spessa soprattutto sugli scalzi,4,18385
Struttura della Pasta::frattura regolare fitta microocchiatura e qualche piccolo strappo e cristalli un occhio 8mm,Struttura della Pasta,Frattura regolare Fitta microocchiatura e qualche piccolo strappo e cristalli un occhio 8mm,4,18386
Struttura della Pasta::microocchiatura centrale ottimo taglio grana grossa ma omogena,Struttura della Pasta,Microocchiatura centrale. Ottimo taglio. Grana grossa ma omogena,4,18387
Struttura della Pasta::evidente occhiatura centrale,Struttura della Pasta,Evidente Occhiatura centrale,8,18388
Struttura della Pasta::frattura regolare ma microocchiature diffuse e un occhio da 1 cm al centro,Struttura della Pasta,Frattura regolare ma microocchiature diffuse e un occhio da 1 cm al centro,4,18389
Struttura della Pasta::microocch diffusa una bolla diverse fenditure,Struttura della Pasta,"Microocch diffusa, una bolla, diverse fenditure",4,18390
Struttura della Pasta::struttura disomogenea con occhiatura e spacchi grana grossa,Struttura della Pasta,Struttura disomogenea con occhiatura e spacchi. Grana grossa,4,18391
Struttura della Pasta::frattura regolare micro occhiatura per lo più in zona centrale occhio di 12 mm centrale,Struttura della Pasta,"Frattura regolare, micro occhiatura per lo più in zona centrale, occhio di 12 mm centrale",4,18392
Struttura della Pasta::granulosa ma con presenza a tratti di microocchiatura e piccoli spacchi un occhio centrale di grandi dimensioni,Struttura della Pasta,"Granulosa ma con presenza a tratti di Microocchiatura e piccoli spacchi, un occhio centrale di grandi dimensioni",4,18393
Struttura della Pasta::grana grossolana e occhi anche grandi 4 )5 mm,Struttura della Pasta,Grana grossolana e occhi anche grandi 4:-)5 mm,4,18394
Struttura della Pasta::occhiatura anche grande occhio grande e fessura grana grossolana,Struttura della Pasta,Occhiatura anche grande occhio grande e fessura Grana grossolana,4,18395
Struttura della Pasta::frattura regolare impugnatura fine è diffusa centralmente un occhio di 6mm,Struttura della Pasta,"Frattura regolare, impugnatura fine è diffusa, centralmente un occhio di 6mm",4,18396
Colore della Pasta::colore carico tendente al grigio in centro,Colore della Pasta,Colore carico tendente al grigio in centro,4,18397
Colore della Pasta::saturo nella porzione centrale,Colore della Pasta,Saturo nella porzione centrale,4,18398
Colore della Pasta::giallo saturo con un piatto più chiaro,Colore della Pasta,Giallo saturo con un piatto più chiaro,4,18400
Colore della Pasta::carico e più intenso a tratti,Colore della Pasta,Carico e più intenso a tratti,4,18403
Colore della Pasta::giallo vivo carico ma omogeneo,Colore della Pasta,Giallo vivo carico ma omogeneo,4,18404
Colore della Pasta::giallo carico arancio nocciola,Colore della Pasta,Giallo carico arancio nocciola,4,18405
Colore della Pasta::giallo tendenza intenso,Colore della Pasta,Giallo tendenza intenso,4,18406
Colore della Pasta::paglierino carico non uniforme con alone grigio verde,Colore della Pasta,Paglierino carico non uniforme con alone grigio verde,4,18407
Profumo::panna latte acido,Profumo,panna latte acido,4,18408
Profumo::buona intensità burro latte cotto panna crosta,Profumo,"buona intensità. Burro, latte cotto, panna. crosta",4,18409
Profumo::stalla,Profumo,stalla,4,18410
Profumo::panna e un leggero brodo,Profumo,panna e un leggero brodo,4,18411
Profumo::intensità molto lieve all'apertura anche erba tagliata,Profumo,"Intensità molto lieve, all'apertura anche erba tagliata",4,18414
Profumo::abbastanza intenso note di formaggio nostrano lievemente ossidato burro cotto,Profumo,"abbastanza intenso, note di formaggio nostrano, lievemente ossidato, burro cotto",4,18415
Profumo::fieno yogurth e tostatura,Profumo,"fieno, yogurth e tostatura",4,18416
Profumo::burro mfuso latte cotto fruttato tostato e verdure cotte,Profumo,"burro mfuso latte cotto fruttato, tostato e verdure cotte",4,18418
Sapore::pieno tutti idescrittori presenti niente sovrasta non dolce,Sapore,Pieno. tutti idescrittori presenti. Niente sovrasta. non dolce,4,18420
Sapore::amaro acido,Sapore,amaro;acido;,28,18421
Sapore::qualche punta piccante,Sapore,qualche punta piccante,4,18422
Sapore::piccante e salato acido,Sapore,"piccante e salato, acido",4,18424
Sapore::abbastanza equilibrato dolce sapido con umami medio basso e piccantezza contenuta,Sapore,"abbastanza equilibrato, dolce sapido con umami medio basso e piccantezza contenuta",4,18426
Sapore::molto amaro e bruciato,Sapore,molto amaro e bruciato....,4,18427
Sapore::abbastanza equilibrato dolce,Sapore,abbastanza equilibrato dolce,4,18428
Sapore::leggera piccantezza e il resto è ecquilivrato,Sapore,leggera piccantezza e il resto è ecquilivrato,4,18429
Aroma::neutro non lascia tracce,Aroma,"neutro, non lascia tracce",4,18433
Aroma::non grana non tipico,Aroma,non grana. non tipico,4,18435
Aroma::intensità molto leggera anche vegetale lievemente fruttata,Aroma,"Intensità molto leggera, anche vegetale, lievemente fruttata",4,18436
Aroma::poco caratteristico burro cotto e latte cotto ma note propioniche e di nostrano fruttate,Aroma,"poco caratteristico, burro cotto e latte cotto ma note propioniche e di nostrano, fruttate",4,18437
Texture::morbido asciutto poco firiabile e poco solub,Texture,morbido asciutto poco firiabile e poco solub,4,18441
Texture::morbido cedevole al dente non molto friabile cristalli quasi assenti,Texture,"morbido, cedevole al dente, non molto friabile. cristalli quasi assenti",4,18442
Texture::pastoso assenza di cristalli,Texture,pastoso;assenza di cristalli,4,18443
Texture::friabile buona microstruttura solubile ma pochissimi cristalli,Texture,"friabile, buona microstruttura, solubile ma pochissimi cristalli",4,18444
Texture::molle e pastoso non grana,Texture,molle e pastoso. non grana,4,18446
Texture::compatto potrebbe essere più granuloso pochi cristalli,Texture,"Compatto, potrebbe essere più granuloso, pochi cristalli",4,18447
Texture::mediamente dura poco granulosa molto solubile pochi microcristalli,Texture,"mediamente dura, poco granulosa, molto solubile, pochi microcristalli",4,18448
Texture::astringente asciutto non ci sono cristalli,Texture,"astringente, asciutto, non ci sono cristalli.....",4,18449
Texture::molto pastoso non da grana,Texture,molto pastoso non da grana,4,18450
Texture::si scioglie bene,Texture,si scioglie bene,4,18451
Spessore della Crosta::crosta fine ma con unghia più spessa su un piatto,Spessore della Crosta,Crosta fine ma con unghia più spessa su un piatto.,4,18457
Spessore della Crosta::molto spessa su un lato,Spessore della Crosta,Molto spessa su un lato,4,18459
Struttura della Pasta::frattura ad arco pasta stirata con tutta microocchiatura fascia esterna biancastra con aspetto disidratato,Struttura della Pasta,Frattura ad arco pasta stirata con tutta microocchiatura fascia esterna biancastra con aspetto disidratato,4,18463
Struttura della Pasta::lieve microocchiatura ma diffusa e stirato centralmente,Struttura della Pasta,"Lieve Microocchiatura, ma diffusa e stirato centralmente",4,18464
Struttura della Pasta::frattura irregolare con striature e occhiatura diffusa,Struttura della Pasta,Frattura irregolare con striature e occhiatura diffusa,4,18466
Struttura della Pasta::microocch zone stirata disidratata vicino alla crosta,Struttura della Pasta,"Microocch, zone stirata, disidratata vicino alla crosta",4,18467
Struttura della Pasta::frattura abbastanza regolare struttura forse un poco' stirata a zone qualche occhiolino sottocrosta anomalo su un piatto,Struttura della Pasta,"Frattura abbastanza regolare, struttura forse un poco' stirata a zone. Qualche occhiolino. Sottocrosta anomalo su un piatto",4,18468
Struttura della Pasta::frattura con vasca micro occhiatura diffusa leggermente stirata poco granulosa,Struttura della Pasta,"Frattura con vasca, micro occhiatura diffusa, leggermente stirata, poco granulosa",4,18469
Struttura della Pasta::frattura ok grana presente ma poco definita tendente alla stiratura presenza a tratti di microocchiatura,Struttura della Pasta,"Frattura ok, grana presente ma poco definita, tendente alla stiratura presenza a tratti di Microocchiatura",4,18470
Struttura della Pasta::presenza di grana grossa e fine anche frattura non regolare microocchiature presenti sebbene piccole,Struttura della Pasta,"Presenza di grana grossa e fine anche! Frattura non regolare, microocchiature presenti....sebbene piccole",4,18471
Struttura della Pasta::dittatura occhiatura anche grossolana frattura evidente,Struttura della Pasta,Dittatura occhiatura anche grossolana frattura evidente,4,18472
Struttura della Pasta::frattura irregolare con impugnatura centrale,Struttura della Pasta,Frattura Irregolare con impugnatura centrale,4,18473
Colore della Pasta::chiara esternamente ma accentuata da effetto disidratato,Colore della Pasta,Chiara esternamente ma accentuata da effetto disidratato,4,18474
Colore della Pasta::appena appena più carico al centro,Colore della Pasta,Appena appena più carico al centro,4,18475
Colore della Pasta::colore carico con qualche leggera zona rosata,Colore della Pasta,Colore carico con qualche leggera zona rosata,4,18479
Colore della Pasta::la vasca della frattura tende al rosa arancio più chiaro sotto un piatto,Colore della Pasta,"La vasca della frattura tende al rosa arancio, più chiaro sotto un piatto",4,18480
Colore della Pasta::alone centrale più carico lievi riflessi rosati,Colore della Pasta,"Alone centrale più carico, lievi riflessi rosati",4,18481
Colore della Pasta::omogenea c0n giallo medio chiaro,Colore della Pasta,Omogenea c0n giallo medio chiaro,4,18482
Colore della Pasta::paglierino scarico non omogeneo,Colore della Pasta,Paglierino scarico non omogeneo,4,18484
Profumo::brodo vegetale,Profumo,brodo vegetale,28,18716
Profumo::intensità lieve poca complessità latte e poco più,Profumo,intensità lieve. poca complessità. Latte e poco più,4,18717
Profumo::panna&burro,Profumo,panna&burro,4,18719
Profumo::debole e delicato equilibrato,Profumo,debole e delicato. equilibrato,4,18721
Profumo::all'apertura una cerrta pungenza poi anche in 3 pezzi odore negativo di putrido,Profumo,"all'apertura una cerrta pungenza, poi anche in 3 pezzi odore negativo, di putrido",4,18722
Profumo::nota pungente di latte e panna fermentata panna fresca burro fresco,Profumo,"nota pungente di latte e panna fermentata, panna fresca, burro fresco",4,18723
Profumo::intenso da grana e frutta matura,Profumo,"intenso, da grana e frutta matura",4,18724
Profumo::fermentazione leggera crosta di formaggio e panna acida,Profumo,"fermentazione leggera, crosta di formaggio e panna acida",4,18726
Sapore::c'è dell'amaro piccante leggerissimo non dolce poco umami o nulla scarno,Sapore,c'è dell'amaro. piccante leggerissimo. non dolce. poco umami o nulla. scarno,4,18728
Sapore::leggermente acidoe amaro leggermente piccante dddddddd,Sapore,leggermente acidoe amaro;leggermente piccante;dddddddd,4,18729
Sapore::manca di sale si percepisce il dolce,Sapore,"manca di sale, si percepisce il dolce",4,18730
Sapore::dolce un poco salato,Sapore,"dolce, un poco salato",4,18732
Sapore::quasi poco sapido poco intenso,Sapore,"quasi poco sapido, poco intenso",4,18733
Sapore::dolce sapido poco salato con lieve acidità' umami medio/basso e piccantezza evidente nel finale,Sapore,"dolce sapido, poco salato, con lieve acidità', umami medio/basso e piccantezza evidente nel finale",4,18734
Sapore::equuilibrato con buona sapidità ma noon eccessiva,Sapore,equuilibrato con buona sapidità ma noon eccessiva,4,18735
Sapore::dolcezza iniziale assenza del picante,Sapore,dolcezza iniziale assenza del picante,4,18737
Aroma::panna vegetale,Aroma,panna vegetale,8,18738
Aroma::completamente neutro,Aroma,completamente neutro,4,18741
Aroma::piacevole ma poco tipico del grana,Aroma,piacevole ma poco tipico del grana,4,18743
Aroma::aroma non del tutto positivo e caratteristico ma leggero,Aroma,"aroma non del tutto positivo e caratteristico, ma leggero",4,18744
Aroma::panna acida panna fresca burro fresco formaggio fuso non molto caratteristico,Aroma,"panna acida, panna fresca, burro fresco, formaggio fuso, non molto caratteristico",4,18745
Aroma::lsentori lattici,Aroma,lsentori lattici,4,18748
Texture::morbido asciutto con tanti cristalli solubile,Texture,morbido asciutto con tanti cristalli solubile,4,18749
Texture::morbido friabilità limitata tende a sciogliersi in bocca qualche cristallo pochi,Texture,"morbido. friabilità limitata. tende a sciogliersi in bocca . qualche cristallo, pochi",4,18750
Texture::presenza di pochi cristalli,Texture,presenza di pochi cristalli,4,18751
Texture::molti cristalli ma pastoso e morbido,Texture,"molti cristalli, ma pastoso e morbido",4,18752
Texture::umido pastoso,Texture,"umido, pastoso",4,18753
Texture::poca grana pastoso,Texture,"poca grana, pastoso",8,18754
Texture::poca granulosità,Texture,poca granulosità,4,18755
Texture::cedevole umida quasoi adesiva poco solubile e poco granulosa,Texture,"cedevole, umida, quasoi adesiva, poco solubile e poco granulosa",4,18756
Texture::manca leggermente in durezza bella umidità solubilità cristalli ok,Texture,manca leggermente in durezza. Bella umidità-solubilità. Cristalli OK,4,18757
Texture::presenza di cristalli,Texture,presenza di cristalli,4,18759
Spessore della Crosta::sugli scalzi e angoli,Spessore della Crosta,Sugli scalzi e angoli,4,18760
Spessore della Crosta::diverso tra piatti e scalzi più fini,Spessore della Crosta,Diverso tra piatti e scalzi più fini!,4,18768
Spessore della Crosta::ne sottile ne grossa,Spessore della Crosta,Ne sottile ne grossa,8,18770
Struttura della Pasta::frattura regolare e grana grossolana qualche cristallo,Struttura della Pasta,Frattura regolare e grana grossolana qualche cristallo,4,18771
Struttura della Pasta::granulosa omogenea,Struttura della Pasta,"Granulosa, omogenea",4,18772
Struttura della Pasta::granulosa e regolare,Struttura della Pasta,Granulosa e regolare,4,18775
Struttura della Pasta::frattura regolare grana media,Struttura della Pasta,"Frattura regolare, grana media",4,18776
Struttura della Pasta::frattura regolare,Struttura della Pasta,"Frattura regolare,",4,18777
Struttura della Pasta::frattura ok grana presente abbastanza profilata,Struttura della Pasta,"Frattura ok, grana presente abbastanza profilata",4,18778
Struttura della Pasta::grana fine presente circa omogenea la frattura,Struttura della Pasta,Grana fine presente! Circa omogenea la frattura.,4,18779
Struttura della Pasta::grana bella assenza di difetti,Struttura della Pasta,Grana bella assenza di difetti,4,18780
Struttura della Pasta::frattura regolare pochi cristalki bianchi grossi e ben visibili,Struttura della Pasta,"Frattura regolare, pochi cristalki bianchi grossi e ben visibili",4,18781
Colore della Pasta::colore chiaro e unif,Colore della Pasta,Colore chiaro e unif,4,18782
Colore della Pasta::chiaro paglierino omogeneo,Colore della Pasta,"Chiaro, paglierino, omogeneo",4,18783
Colore della Pasta::chiaro e omogeneo,Colore della Pasta,Chiaro e omogeneo,4,18786
Colore della Pasta::colore chiaro omogeneo,Colore della Pasta,Colore chiaro omogeneo,8,18787
Colore della Pasta::chiara e abbastanza omogenea,Colore della Pasta,Chiara e abbastanza omogenea,4,18788
Colore della Pasta::giallo scarico abbastanza omogeneo,Colore della Pasta,Giallo scarico abbastanza omogeneo,4,18789
Colore della Pasta::bello chiaro omogeneo,Colore della Pasta,Bello chiaro omogeneo!,4,18790
Colore della Pasta::chiaro tende al bianco assenza di difetti,Colore della Pasta,Chiaro tende al bianco assenza di difetti,4,18791
Colore della Pasta::paglierino con riflessi verdastri,Colore della Pasta,Paglierino con riflessi verdastri,4,18792
Profumo::intensità moderata pane frutta secca latte poca panna,Profumo,intensità moderata. Pane. frutta secca. latte. poca panna,4,18794
Profumo::pasta cotta,Profumo,pasta cotta,8,18796
Profumo::debole poco percettibile,Profumo,debole. poco percettibile,4,18798
Profumo::intensità media all'apertura anche fruttato,Profumo,"Intensità media, all'apertura anche fruttato",4,18799
Profumo::intenso caratteristico burro fuso brodo vegetale secco lieve puzza di tele bagnate,Profumo,"intenso, caratteristico, burro fuso, brodo, vegetale secco, lieve puzza di tele bagnate",4,18800
Profumo::grana nocciola tostatura,Profumo,"grana, nocciola, tostatura...",4,18801
Profumo::tostato mburro fuso latte cotto vegetale (fieno) e fruttato,Profumo,"Tostato mburro fuso latte cotto, vegetale (fieno) e fruttato",4,18803
Sapore::leggero piccante,Sapore,leggero piccante,4,18804
Sapore::il gusto è pieno ma salato,Sapore,"il gusto è pieno, ma Salato",4,18805
Sapore::ddpiccante,Sapore,ddpiccante,4,18806
Sapore::leggermente piccante bruciante,Sapore,"leggermente piccante, bruciante",4,18809
Sapore::piccantezza lieve e non spiacevole quasi poco salato,Sapore,"piccantezza lieve e non spiacevole, quasi poco salato",4,18810
Sapore::dolcezza marcata sapidità' contenuta poco piccante poco umami abbastanza equilibrato,Sapore,"dolcezza marcata, sapidità' contenuta, poco piccante, poco umami, abbastanza equilibrato",4,18811
Sapore::leggermente saporito e piccante nel complesso armonico però,Sapore,leggermente saporito e piccante.... nel complesso armonico però,4,18812
Sapore::sbilanciato il salato leggermente amaro,Sapore,sbilanciato il salato leggermente amaro,4,18813
Sapore::iniziale nota acida e piccante (pungenza) nel complesso abbastanza equilibrato,Sapore,iniziale nota acida e piccante (pungenza) nel complesso abbastanza equilibrato,4,18814
Aroma::stantio,Aroma,stantio,12,18818
Aroma::discreta intensità lattici cotti,Aroma,"Discreta intensità, lattici cotti,",4,18821
Aroma::domina il latte cotto poco complesso in bocca torna la lieve nota di tele bagnate nota ossidata,Aroma,"domina il latte cotto, poco complesso, in bocca torna la lieve nota di tele bagnate, nota ossidata",4,18822
Aroma::formaggio stagionato,Aroma,formaggio stagionato,4,18823
Aroma::un poco di latte acido,Aroma,un poco di latte acido,4,18825
Texture::morbido granuloso impasta qualche cristalli ma lascia residuo,Texture,morbido granuloso impasta qualche cristalli ma lascia residuo,4,18826
Texture::morbido al molare ma comunque ben friabile cristalli presenti pure grossi tende nel fine bocca ad impastarla,Texture,"morbido al molare, ma comunque ben friabile. cristalli presenti, pure grossi. tende, nel fine bocca ad impastarla",4,18827
Texture::abbastamnza morbido microstruttura assente e pastoso poco solubile,Texture,"abbastamnza morbido, microstruttura assente e pastoso, poco solubile",4,18829
Texture::dura granulosa solubile mediamente asciutta presenza media di microcristalli,Texture,"dura, granulosa, solubile, mediamente asciutta, presenza media di microcristalli",4,18833
Texture::bei cristalli asciutto friabile,Texture,"bei cristalli..., asciutto, friabile",4,18834
Texture::troppo tenero no grana,Texture,troppo tenero no grana,4,18835
Texture::si scioglie bene e velocemente,Texture,si scioglie bene e velocemente,4,18836
Spessore della Crosta::1 2 cm spessa sugli scalzi e fine su i piatti ma con unghia marcata,Spessore della Crosta,"1,2 cm spessa sugli scalzi e fine su i piatti ma con unghia marcata",4,18842
Spessore della Crosta::mediamente 8 mm,Spessore della Crosta,Mediamente 8 mm,4,18845
Spessore della Crosta::media 1,Spessore della Crosta,Media 1,16,18846
Spessore della Crosta::molto spessa soprattutto sugli scalzi quasi 2cm,Spessore della Crosta,Molto spessa soprattutto sugli scalzi quasi 2cm,4,18847
Struttura della Pasta::frattura regolare con grana fine che forma striature,Struttura della Pasta,Frattura regolare con grana fine che forma striature,4,18848
Struttura della Pasta::bella frattura omogenea la grana tendente al fine,Struttura della Pasta,"Bella frattura, omogenea la grana, tendente al fine.",4,18849
Struttura della Pasta::frattura regolare grana media ma microocchiature diffuse,Struttura della Pasta,"Frattura regolare,grana media ma microocchiature diffuse",4,18851
Struttura della Pasta::rade microocch qualche zona stirata,Struttura della Pasta,"Rade microocch, qualche zona stirata",4,18852
Struttura della Pasta::regolare abbastanza fine,Struttura della Pasta,"Regolare, abbastanza fine",4,18853
Struttura della Pasta::frattura regolare struttura omogenea grana fine,Struttura della Pasta,"Frattura regolare, struttura omogenea, grana fine",4,18854
Struttura della Pasta::frattura ok ma grana grossolana pasta a tratti stirata presenza di microocchiatura a tratti,Struttura della Pasta,Frattura ok ma grana grossolana pasta a tratti stirata presenza di Microocchiatura a tratti,4,18855
Struttura della Pasta::omogenea con piccole stirature,Struttura della Pasta,Omogenea con piccole stirature...,4,18856
Struttura della Pasta::frattura regolare grana presente tendente grossolana zone al centro con occhiatura fine,Struttura della Pasta,Frattura regolare grana presente tendente grossolana zone al centro con occhiatura fine,4,18857
Struttura della Pasta::frattura regolare con ampia e diffusa impugnatura fine,Struttura della Pasta,Frattura regolare con ampia e diffusa impugnatura fine,4,18858
Colore della Pasta::colore leggermente carico e alone centrale chiazza tende al rosato in centro,Colore della Pasta,Colore leggermente carico e alone centrale chiazza tende al rosato in centro,4,18859
Colore della Pasta::periferia chiara centro appena più saturo,Colore della Pasta,"Periferia chiara, centro appena più saturo",4,18860
Colore della Pasta::giallo tenue,Colore della Pasta,Giallo tenue,4,18862
Colore della Pasta::leggero alone ma chiaro il resto,Colore della Pasta,Leggero alone ma chiaro il resto,4,18865
Colore della Pasta::lieve alone centrale,Colore della Pasta,Lieve alone centrale,4,18866
Colore della Pasta::giallo tendente al carico piccolissime aree grigie,Colore della Pasta,Giallo tendente al carico. Piccolissime aree grigie,4,18867
Colore della Pasta::leggero alone centrale vs un piatto,Colore della Pasta,Leggero alone centrale vs un piatto,4,18868
Colore della Pasta::paglierino pallido con velatura grigia,Colore della Pasta,Paglierino pallido con velatura grigia,4,18869
Profumo::molto leggero,Profumo,molto leggero,4,18870
Profumo::intensità medio moderata oltre a note lattee mature c'è qualcosa di vegetale leggero,Profumo,"intensità medio-moderata. oltre a note lattee mature, c'è qualcosa di vegetale leggero",4,18871
Profumo::latte crudo,Profumo,latte crudo,4,18872
Profumo::crosta leggermente bruciato,Profumo,"crosta, leggermente bruciato",4,18873
Profumo::solvente ___(,Profumo,solvente ___(,4,18874
Profumo::leggero fermentato odore debole,Profumo,leggero fermentato. odore debole,4,18875
Profumo::intenso all'apertura panna e anche vegetale fresco floreale,Profumo,"Intenso all'apertura, panna e anche vegetale fresco, floreale",4,18876
Profumo::panna e burro fresco ma frutta tropicale frutta fermentata poco caratteristico,Profumo,"panna e burro fresco, ma frutta tropicale, frutta fermentata, poco caratteristico",4,18877
Profumo::latte panna ma tostato,Profumo,"latte, panna ma tostato...",4,18878
Profumo::pane tostato brodo panne e burro fruttato molto leggero,Profumo,"pane tostato brodo, panne e burro, fruttato molto leggero",4,18880
Sapore::leggero amaro,Sapore,leggero amaro,12,18881
Sapore::amamro e piccante percepibili non persistenti non dolce acido,Sapore,"Amamro e piccante percepibili, non persistenti. non dolce. acido",4,18882
Sapore::dolce manca completamente di sale,Sapore,"dolce, manca completamente di sale",4,18884
Sapore::dolce poco salato non piccante,Sapore,"dolce, poco salato. non piccante",4,18886
Sapore::equilibrato e abbastanza intenso,Sapore,equilibrato e abbastanza intenso,4,18887
Sapore::dolce sapido con buon umami piccantezza media equilibrato,Sapore,"dolce sapido con buon umami, piccantezza media, equilibrato",4,18888
Sapore::equilibrato con note anche dolciastre peccato per finale amrognolo,Sapore,equilibrato con note anche dolciastre. Peccato per finale amrognolo,4,18889
Sapore::leggermente amaro per il resto molto dolce e ben equilibrato,Sapore,leggermente amaro per il resto molto dolce e ben equilibrato,4,18890
Sapore::ecqulibrato,Sapore,ecqulibrato,4,18891
Aroma::ritorna la crosta,Aroma,ritorna la crosta,4,18895
Aroma::fermentazione,Aroma,fermentazione,4,18896
Aroma::poco tipico del grana,Aroma,poco tipico del grana,4,18897
Aroma::abbastanza intenso e caratteristico,Aroma,abbastanza intenso e caratteristico,4,18898
Aroma::in bocca più lattico che al naso panna cotta burro fuso molto grasso torna la nota fruttata,Aroma,"in bocca più lattico che al naso, panna cotta, burro fuso, molto grasso, torna la nota fruttata",4,18899
Aroma::tostatura,Aroma,tostatura,8,18900
Aroma::intenso positivo,Aroma,intenso positivo,4,18901
Texture::umido poco friabile e impasta,Texture,umido poco friabile e impasta,4,18903
Texture::seppur umido abbastanza friabile lascia la bocca pulita,Texture,seppur umido abbastanza friabile. lascia la bocca pulita,4,18904
Texture::friabilità' buona microstruttura assente e pastosa buoni i cristalli,Texture,"friabilità' buona, microstruttura assente e pastosa, buoni i cristalli",4,18906
Texture::legata poco granulosa quasi adesiva buona presenza di microcristalli,Texture,"legata, poco granulosa, quasi adesiva, buona presenza di microcristalli",4,18910
Texture::molto asciutto morbido e pochi cristalli,Texture,"molto asciutto, morbido e pochi cristalli",4,18911
Texture::cristalli grossi il formaggio parisce quasi subito,Texture,cristalli grossi il formaggio parisce quasi subito,4,18913
Spessore della Crosta::1 piatto sopra 1 piatto sotto ilcm,Spessore della Crosta,"1 piatto sopra, 1 piatto sotto ilcm",4,18915
Spessore della Crosta::0 9 cm più spessa sugli scalzi,Spessore della Crosta,"0,9 cm più spessa sugli scalzi",4,18919
Spessore della Crosta::9 chiaro,Spessore della Crosta,9 chiaro,12,18920
Spessore della Crosta::più spessa verso una faccia,Spessore della Crosta,Più spessa verso una faccia,4,18921
Spessore della Crosta::tre lati maggiori di 10 mm e 1 da 5 mm,Spessore della Crosta,Tre lati maggiori di 10 mm e 1 da 5 mm,4,18922
Struttura della Pasta::frattura ad arco con striature nella grana in centro e microocchiatura crostalli ben visibili,Struttura della Pasta,Frattura ad arco con striature nella grana in centro e microocchiatura crostalli ben visibili,4,18925
Struttura della Pasta::nel cuore si evidenziano nervature direzioni non stirato ma tende allo quindi disomogenea la grana frattura scomposta,Struttura della Pasta,"Nel cuore si evidenziano nervature, direzioni. Non stirato, ma tende allo. Quindi disomogenea la grana. Frattura scomposta",4,18926
Struttura della Pasta::frattura poco regolare striature e microocchiature centrali,Struttura della Pasta,"Frattura poco regolare, striature e microocchiature centrali",4,18928
Struttura della Pasta::rade microocch,Struttura della Pasta,Rade microocch,4,18929
Struttura della Pasta::frattura abbastanza regolare struttura un poco' slegata,Struttura della Pasta,"Frattura abbastanza regolare, struttura un poco' slegata",4,18930
Struttura della Pasta::frattura abbastanza regolare micro occhiatura molto fine,Struttura della Pasta,"Frattura abbastanza regolare, micro occhiatura molto fine,",4,18931
Struttura della Pasta::frattura non bellissima grana poco definita tratti stirati presenza a tratti di microocchiatura,Struttura della Pasta,Frattura non bellissima grana poco definita tratti stirati presenza a tratti di Microocchiatura,4,18932
Struttura della Pasta::frattura evidente leggera occhiatura leggermente dittatura granulosità,Struttura della Pasta,Frattura evidente leggera occhiatura Leggermente dittatura Granulosità,4,18934
Struttura della Pasta::frattura abbastanza regolare paglierino chiaro con alone grigio centralmente area pugnosa poco estesa,Struttura della Pasta,"Frattura abbastanza regolare, paglierino chiaro con alone grigio, centralmente area pugnosa poco estesa",4,18935
Colore della Pasta::abbastanza omogeneo tonalità chiara anche se non paglierina,Colore della Pasta,"Abbastanza omogeneo, tonalità chiara, anche se non paglierina",4,18937
Colore della Pasta::giallo con un piatto più scuro,Colore della Pasta,Giallo con un piatto più scuro,4,18939
Colore della Pasta::leggermente carico ma omogeneo,Colore della Pasta,Leggermente carico ma omogeneo,8,18941
Colore della Pasta::chiaro con leggero alone centrale,Colore della Pasta,Chiaro con leggero alone centrale,4,18942
Colore della Pasta::giallo carico con alone più scuro non molto omogeneo,Colore della Pasta,Giallo carico con alone più scuro non molto omogeneo,4,18943
Colore della Pasta::giallo medio ma aree grigie verdi,Colore della Pasta,Giallo medio ma aree grigie verdi!!!,4,18944
Colore della Pasta::paglierino chiaro con alone grigiastro,Colore della Pasta,Paglierino chiaro con alone grigiastro,4,18946
Profumo::vegetale panna,Profumo,vegetale panna,4,20103
Profumo::evenescente restano poche sensazioni dopo l'apertura,Profumo,"evenescente, restano poche sensazioni dopo l'apertura",4,20105
Profumo::in qualche pezzo note aspre di fermentato negative in altri no,Profumo,"in qualche pezzo note aspre, di fermentato, negative, in altri no",4,20109
Sapore::piccante acido salto umami soprattutto in una porzione,Sapore,"piccante, acido , salto, umami;soprattutto in una porzione",4,20111
Sapore::troppo salato rovina la percezione del resto del formaggio,Sapore,"troppo salato, rovina la percezione del resto del formaggio",4,20113
Sapore::sale sale sale acidità' elevata squilibrato,Sapore,"sale, sale, sale. acidità' elevata. Squilibrato",4,20114
Sapore::salato immangiabile,Sapore,salato immangiabile,4,20119
Aroma::brodo fieno animale,Aroma,"brodo, fieno, animale",4,20127
Texture::pastoso asciutto poco solub no cristalli,Texture,pastoso asciutto poco solub no cristalli,4,20130
Texture::polveroso poco solubile alla fine granellini di tirosina rimangono a lungo,Texture,"polveroso poco solubile alla fine, granellini di tirosina rimangono a lungo",4,20136
Spessore della Crosta::media 5mm,Spessore della Crosta,Media 5mm,4,20138
Struttura della Pasta::2 fratture 1 di 2 cm e una dib5 cm frattura e regolare microocchiatura molto piccola e cristalli visibili ma di dimensioni molto piccole,Struttura della Pasta,2 fratture 1 di 2 cm e una dib5 cm frattura e regolare microocchiatura molto piccola e cristalli visibili ma di dimensioni molto piccole,4,20148
Struttura della Pasta::la struttura é tra il fine e inesistente,Struttura della Pasta,La struttura é tra il fine e inesistente.,4,20150
Struttura della Pasta::crepa striature e spugnatura,Struttura della Pasta,"Crepa,striature e spugnatura",4,20152
Struttura della Pasta::spacchi e zone non omogenee,Struttura della Pasta,Spacchi e zone non omogenee,4,20153
Struttura della Pasta::strappo microocchiatura centrale ma grana nel complesso non male,Struttura della Pasta,"Strappo, microocchiatura centrale, ma grana nel complesso non male",4,20154
Struttura della Pasta::fessura centrale meno formata su un lato occhiatura diffusa,Struttura della Pasta,Fessura centrale meno formata su un lato Occhiatura diffusa,4,20155
Colore della Pasta::colore leggermente rosato ma unif,Colore della Pasta,Colore leggermente rosato ma unif,4,20157
Colore della Pasta::chiara,Colore della Pasta,Chiara,4,20163
Colore della Pasta::chiaro abbastanza unif,Colore della Pasta,Chiaro abbastanza unif,4,20164
Profumo::buona intensità' latte cotto poca panna pane tostato frutta secca burro fuso,Profumo,"buona intensità';latte cotto, poca panna, pane, tostato, frutta secca, burro fuso",4,20168
Profumo::frutta matura,Profumo,frutta matura,4,20172
Profumo::intenso positivo,Profumo,intenso positivo,4,20173
Sapore::tanto amaro non piccante non salato,Sapore,"tanto amaro, non piccante non salato",4,20177
Sapore::acido umami,Sapore,acido;umami,8,20178
Sapore::umami salato,Sapore,"umami, salato",12,20181
Sapore::inizia molto dolce ma salato e piccante sbilanciati,Sapore,inizia molto dolce ma salato e piccante sbilanciati,4,20182
Aroma::cotto bruciato,Aroma,cotto bruciato,4,20184
Aroma::sento emmental,Aroma,sento emmental,4,20186
Aroma::un buon nostrano stagionato,Aroma,un buon nostrano stagionato,4,20189
Aroma::cotti accentuati,Aroma,cotti accentuati,4,20190
Aroma::positivo,Aroma,positivo,8,20191
Texture::asciutto granuloso tende ad impastare verso la fine con qualche cristallo poco sol,Texture,asciutto granuloso tende ad impastare verso la fine con qualche cristallo poco sol,4,20193
Texture::difetta di friabilità' morbido,Texture,"difetta di friabilità', morbido",4,20195
Texture::troppo morbido,Texture,troppo morbido,4,20196
Texture::pastoso e con poca grana,Texture,pastoso e con poca grana,4,20198
Texture::gommoso poca grana cristalli,Texture,gommoso poca grana cristalli,4,20200
Spessore della Crosta::inferiore al cm in un piatto nell'altro più spessa,Spessore della Crosta,"Inferiore al cm in un piatto, nell'altro più spessa",4,20204
Struttura della Pasta::mista stirata granulosa,Struttura della Pasta,Mista stirata granulosa,4,20210
Struttura della Pasta::stirata com microocchiatura,Struttura della Pasta,Stirata com microocchiatura,4,20211
Struttura della Pasta::struttura al limite richiama lo stirato ma comunque a roccia con frattura nella norma,Struttura della Pasta,"Struttura al limite, richiama lo stirato ma comunque a roccia con frattura nella norma",4,20212
Struttura della Pasta::ampia tiratura centrale ed bocciatura fine diffusa spacco non perfetto una fessurazione,Struttura della Pasta,Ampia tiratura centrale ed bocciatura fine diffusa. Spacco non perfetto. Una fessurazione,4,20213
Struttura della Pasta::striature,Struttura della Pasta,Striature,4,20215
Struttura della Pasta::in parte stirata qualche microocchio,Struttura della Pasta,"In parte stirata, qualche microocchio",4,20216
Struttura della Pasta::stirata microocchiatura a zone,Struttura della Pasta,"Stirata, microocchiatura a zone",4,20217
Struttura della Pasta::una meta molto stirata e poco formata qualche occhiatura zona angolo spugnosa,Struttura della Pasta,Una meta molto stirata e poco formata qualche Occhiatura zona angolo spugnosa,4,20218
Colore della Pasta::chiaro verso gli scalzi più carico al centro anche se non molto saturo,Colore della Pasta,"Chiaro verso gli scalzi, più carico al centro, anche se non molto saturo",4,20222
Colore della Pasta::un poco' carico ma omogeneo,Colore della Pasta,Un poco' carico ma omogeneo,24,20225
Colore della Pasta::molto intenso,Colore della Pasta,Molto intenso,4,20226
Colore della Pasta::molto scuro,Colore della Pasta,Molto scuro,4,20227
Profumo::intensità' moderata ma qualit' positive ed armoniche,Profumo,"intensità' moderata, ma qualit' positive ed armoniche",4,20357
Profumo::note negative marcio fermentato,Profumo,"note negative, marcio, fermentato",4,20361
Sapore::salato irrita le gengive,Sapore,"salato, irrita le gengive",4,20366
Sapore::piccante salato amaro,Sapore,"piccante, salato, amaro",4,20370
Sapore::salatissimo e amaro,Sapore,salatissimo e amaro,4,20371
Texture::asciutto cristalli,Texture,asciutto cristalli,4,20382
Texture::friabilità' non perfetta troppo plastico al morso morbido,Texture,"friabilità' non perfetta. troppo plastico al morso, morbido",4,20384
Texture::troppo pastoso,Texture,troppo pastoso,12,20385
Texture::si sfalda,Texture,si sfalda,4,20386
Texture::compatto adesivo,Texture,"compatto, adesivo",4,20388
Spessore della Crosta::difficile da distinguere circa 12mm spigoli mo ti accentuati,Spessore della Crosta,Difficile da distinguere Circa 12mm Spigoli mo!ti accentuati,4,20390
Spessore della Crosta::ottimi piatti,Spessore della Crosta,Ottimi piatti,4,20393
Spessore della Crosta::0 7 cm,Spessore della Crosta,"0,7 cm",12,20396
Struttura della Pasta::mista grandiosa con aree stirate,Struttura della Pasta,Mista grandiosa con aree stirate,4,20399
Struttura della Pasta::frattura su un lato irregolare e zona stirata,Struttura della Pasta,Frattura su un lato irregolare e zona stirata,4,20400
Struttura della Pasta::grossolana con frattura a roccia,Struttura della Pasta,Grossolana con frattura a roccia,4,20401
Struttura della Pasta::struttura granulosa anche abbastanza omogenea peccato la frattura che attraversa buona parte della sezione verticale taglio appena discreto,Struttura della Pasta,Struttura Granulosa anche abbastanza omogenea . Peccato la frattura che attraversa buona parte della sezione verticale. Taglio appena discreto,4,20402
Struttura della Pasta::irregolare striature e occhiatura,Struttura della Pasta,Irregolare striature e occhiatura,4,20404
Struttura della Pasta::occhiatura piccola leggermente stirato grana grossolana qualche piccola fessura frattura grossa,Struttura della Pasta,Occhiatura piccola leggermente stirato grana grossolana qualche piccola fessura frattura grossa,4,20407
Colore della Pasta::carico grigiastro,Colore della Pasta,Carico grigiastro,4,20409
Colore della Pasta::giallo paglierino non proprio chiaro con note tendenti al verde grigiastro,Colore della Pasta,Giallo paglierino non proprio chiaro con note tendenti al verde grigiastro,4,20410
Colore della Pasta::il colore è carico ma abbastanza omogeneo,Colore della Pasta,"Il colore è carico, ma abbastanza omogeneo",4,20411
Colore della Pasta::carico leggermente più scuro al centro,Colore della Pasta,Carico leggermente più scuro al centro,8,20414
Colore della Pasta::intenso più marcato al centro,Colore della Pasta,"Intenso, più marcato al centro",4,20415
Colore della Pasta::scuro non uniforme,Colore della Pasta,Scuro non uniforme,8,20416
Profumo::bouquet moderato con note vegetali e di brodo vegetale latte crosta,Profumo,"bouquet moderato con note vegetali e di brodo vegetale, latte, crosta",4,20420
Profumo::leggero sentore di cotto profumo poco marcato,Profumo,"leggero sentore di cotto, profumo poco marcato",4,20423
Profumo::ammoniacale e pungente all'apertura,Profumo,ammoniacale e pungente all'apertura,4,20424
Sapore::nessun sapore domina ma scarno manca umami e pienezza,Sapore,"nessun sapore domina, ma scarno, manca umami e pienezza",4,20429
Sapore::acido leggermente,Sapore,acido leggermente,4,20430
Aroma::brodo animale fieno vecchio,Aroma,"brodo animale, fieno vecchio",4,20442
Aroma::tostato biscotto,Aroma,tostato biscotto,4,20443
Texture::granuloso umido con cristalli solub,Texture,granuloso umido con cristalli solub,4,20445
Texture::friabile troppo asciutto scarsa presenzaa di crisrtalli,Texture,"friabile, troppo asciutto, scarsa presenzaa di crisrtalli",4,20446
Texture::morbido ma friabile tende ad asciugare la bocca anche se non lo direi asciutto,Texture,"Morbido ma friabile. tende ad asciugare la bocca, anche se non lo direi asciutto",4,20447
Texture::molle e cedevole non da grana,Texture,molle e cedevole. non da grana,4,20450
Texture::poco solubile,Texture,poco solubile,12,20451
Spessore della Crosta::crosta sfumata media piatto 5mm media scalzo 10mm media totale 6mm,Spessore della Crosta,Crosta sfumata Media piatto 5mm Media scalzo 10mm Media totale 6mm,4,20453
Spessore della Crosta::1 e 1 2 su un lato scalzo e angoli,Spessore della Crosta,"1 e 1,2 su un lato scalzo e angoli",4,20454
Spessore della Crosta::sottoscritta intenso,Spessore della Crosta,Sottoscritta intenso,4,20460
Spessore della Crosta::molto grossa e evidente colore molto scuro spigoli pronunciati,Spessore della Crosta,Molto grossa e evidente colore molto scuro spigoli pronunciati,4,20461
Struttura della Pasta::frattura irregolare e grana visibile ma che firma stiature,Struttura della Pasta,Frattura irregolare e grana visibile ma che firma stiature,4,20463
Struttura della Pasta::la grana è omogenea granulosa il taglio lascia a desidersre,Struttura della Pasta,"La grana è omogenea, Granulosa. Il taglio lascia a desidersre",4,20465
Struttura della Pasta::forti striature,Struttura della Pasta,Forti striature,4,20467
Struttura della Pasta::grana non male ma diversa fra centrale ed esterna,Struttura della Pasta,"Grana non male, ma diversa fra centrale ed esterna",4,20469
Struttura della Pasta::grandiosa frattura grossa ma bella,Struttura della Pasta,Grandiosa frattura grossa ma bella,4,20470
Colore della Pasta::giallo paglierino scuro,Colore della Pasta,Giallo paglierino scuro,4,20473
Colore della Pasta::omogeneo anche se saturo,Colore della Pasta,Omogeneo anche se saturo,4,20474
Colore della Pasta::giallo,Colore della Pasta,Giallo,4,20476
Colore della Pasta::intenso ma omogeneo,Colore della Pasta,Intenso ma omogeneo,8,20478
Colore della Pasta::scuro non del tutto uniforme,Colore della Pasta,Scuro non del tutto uniforme,4,20479
Profumo::nota animale alla prima olfazione poi si allegerisce non punisco pane burro latte cotto,Profumo,"nota animale alla prima olfazione, poi si allegerisce, non punisco. pane, burro. latte cotto",4,20483
Profumo::latte fresco muschio,Profumo,latte fresco;muschio,4,20484
Profumo::salato,Profumo,salato,6,20485
Profumo::fruttato e floreale all'apertura del barattolo,Profumo,fruttato e floreale all'apertura del barattolo,4,20487
Sapore::un certo equilibrio regna anche dolce nel finale amaro presente,Sapore,"un certo equilibrio regna, anche dolce nel finale. amaro presente",4,20492
Sapore::non ha sapore anche se al naso sembrava salato,Sapore,"non ha sapore, anche se al naso sembrava salato",4,20494
Sapore::amaro da subito,Sapore,amaro da subito,4,20496
Sapore::umami e salato molto forte,Sapore,umami e salato molto forte,4,20497
Aroma::burro,Aroma,burro,36,20503
Aroma::tostati animale crosta di grana,Aroma,"tostati, animale, crosta di grana,",4,20505
Texture::morbido asciutto tende ad impastare e lasciar residuo qualche cristalli,Texture,morbido asciutto tende ad impastare e lasciar residuo qualche cristalli,4,20508
Texture::buona presenza di cristalli,Texture,buona presenza di cristalli,4,20509
Texture::miceostruttura tendente al fine friabile microcristalli presenti non grossi daltra parte tende all asciutto,Texture,"miceostruttura tendente al fine, friabile. Microcristalli presenti, non grossi. daltra parte tende all-asciutto",4,20510
Spessore della Crosta::ben distinta 5mm,Spessore della Crosta,Ben distinta 5mm,4,20516
Struttura della Pasta::1 frattura 5 cm frattura e grana regolare,Struttura della Pasta,1 frattura 5 cm frattura e grana regolare,4,20526
Struttura della Pasta::granulosa omogenea buon taglio,Struttura della Pasta,"Granulosa, omogenea. Buon taglio",4,20528
Struttura della Pasta::una crepa,Struttura della Pasta,Una crepa,4,20530
Struttura della Pasta::struttura in parte stirata con presenza di uno spacco,Struttura della Pasta,Struttura in parte stirata con presenza di uno spacco,4,20531
Struttura della Pasta::strappo ma bella grana,Struttura della Pasta,"Strappo, ma bella grana",4,20532
Struttura della Pasta::grana fine grossa fessura,Struttura della Pasta,Grana fine grossa fessura,4,20533
Colore della Pasta::fascia più chiara sotto un piatto e macchia rosa visibile sul segno del coltello centrale,Colore della Pasta,Fascia più chiara sotto un piatto e macchia rosa visibile sul segno del coltello centrale,4,20535
Colore della Pasta::giallo paglierino chiaro omogeneo,Colore della Pasta,Giallo paglierino chiaro omogeneo,12,20536
Colore della Pasta::paglierino verso un piatto fino a metà scalzo appena più carico verso il cuore,Colore della Pasta,"Paglierino verso un piatto fino a metà scalzo, appena più carico verso il cuore",4,20537
Colore della Pasta::chiaro alone centrale,Colore della Pasta,Chiaro alone centrale,4,20542
Profumo::moderato poco complesso,Profumo,moderato. poco complesso,4,20546
Sapore::piccante leggermente salato,Sapore,piccante leggermente;salato,4,20556
Sapore::molto salato un poco' acido,Sapore,"molto salato, un poco' acido",4,20559
Sapore::dolce poco equilibrato il salato,Sapore,dolce poco equilibrato il salato,4,20560
Aroma::formaggio cotto,Aroma,formaggio cotto,20,20566
Texture::asciutto granuloso cristalli,Texture,asciutto granuloso cristalli,8,20571
Texture::morbido pastoso,Texture,"morbido, pastoso",8,20573
Texture::adesivo non troppo solubile,Texture,"adesivo, non troppo solubile",4,20577
Spessore della Crosta::o 6 0 8 più evidente negli angoli e scalzo,Spessore della Crosta,"O,6 0,8 più evidente negli angoli e scalzo",4,20580
Spessore della Crosta::a tratti molto sottile 6 mm la media è buona,Spessore della Crosta,A tratti molto sottile 6 mm. La media è buona,4,20582
Spessore della Crosta::da un lato spigoli più pronunciate,Spessore della Crosta,Da un lato spigoli più pronunciate,4,20587
Struttura della Pasta::stirata non in modo accentuata,Struttura della Pasta,stirata non in modo accentuata,4,20588
Struttura della Pasta::struttura grossolana,Struttura della Pasta,Struttura grossolana,6,20590
Struttura della Pasta::v'è una certa direzione nel centro per il resto buona anche fine,Struttura della Pasta,"V'è una certa direzione nel centro, per il resto buona, anche fine",4,20591
Struttura della Pasta::leggera struttura striata,Struttura della Pasta,Leggera struttura striata,4,20593
Struttura della Pasta::dei punti lisci disomogeneità,Struttura della Pasta,"Dei punti lisci, disomogeneità",4,20595
Struttura della Pasta::macchie di siero centrali occhiatura leggera grana non uniforme formata solo in parte stirato centrale,Struttura della Pasta,Macchie di siero centrali Occhiatura leggera grana non uniforme formata solo in parte stirato centrale,4,20596
Colore della Pasta::giallo carico più chiaro sotto un piatto,Colore della Pasta,Giallo carico più chiaro sotto un piatto,4,20598
Colore della Pasta::giallo paglierino chiaro uniforme,Colore della Pasta,Giallo paglierino chiaro uniforme,4,20599
Colore della Pasta::più chiaro verso 1 piatto e i 2 scalzi,Colore della Pasta,Più chiaro verso 1 piatto e i 2 scalzi,4,20600
Colore della Pasta::colore non uniforme alone più scuro,Colore della Pasta,Colore non uniforme alone più scuro,4,20605
Profumo::poco intenso e complesso burro fuso lieve nota di stantio,Profumo,"poco intenso e complesso, burro fuso, lieve nota di stantio",4,21614
Profumo::leggermente latte acido,Profumo,leggermente latte acido,4,21617
Profumo::fruttato mela( crosta,Profumo,"fruttato mela(, crosta",4,21618
Profumo::tostatura tyroppo prevalente,Profumo,tostatura tyroppo prevalente,4,21619
Profumo::leggero d intensità crosta cotto,Profumo,"leggero d-intensità. Crosta, cotto",4,21622
Profumo::leggeri difetti percepibili,Profumo,leggeri difetti percepibili,4,21623
Profumo::alla rottura pungente in un pezzo dolciastro in altri leggeri cipolla cotta e panna un poco passata,Profumo,"alla rottura pungente in un pezzo, dolciastro in altri, leggeri cipolla cotta e panna un poco passata",4,21624
Profumo::crosta cotto,Profumo,"crosta, cotto",4,21625
Sapore::piccante forte leggermente acida,Sapore,"piccante forte,leggermente acida",4,21629
Sapore::sapido amaro unto,Sapore,"sapido, amaro, unto",4,21632
Sapore::sapidità' un poco elevata,Sapore,sapidità' un poco elevata,4,21634
Sapore::sapore pieno senza picchi se nno un pochetto acididt,Sapore,"sapore pieno, senza picchi se nno un pochetto acididt",4,21635
Sapore::tendente all'amaro acido piccante,Sapore,tendente all'amaro acido piccante,8,21636
Sapore::deciso umami un poco salato e leggero piccantino finale,Sapore,"deciso umami, un poco salato e leggero piccantino finale",4,21637
Sapore::molto salato e un poco' piccante,Sapore,molto salato e un poco' piccante,4,21638
Aroma::nota aromatica non tipica del trentingrana quasi di medicina / farmaco cuoio,Aroma,"nota aromatica non tipica del trentingrana, quasi di medicina / farmaco cuoio",4,21640
Aroma::stalla,Aroma,stalla,8,21642
Aroma::plastica,Aroma,plastica ?,4,21643
Aroma::brodo stalla,Aroma,"brodo, stalla",4,21645
Aroma::tostato nocciola vegetale cotto lattico cotto poco presente,Aroma,"tostato, nocciola vegetale cotto lattico cotto poco presente",4,21647
Aroma::leggermente percebilie,Aroma,leggermente percebilie,4,21649
Aroma::deciso animale crosta di grana muffa vecchio stantio in certi pezzi,Aroma,"deciso animale, crosta di grana, muffa, vecchio, stantio in certi pezzi",4,21650
Aroma::cotto crosta cuoio,Aroma,"cotto, crosta, cuoio",4,21651
Texture::mediamente asciutta granulosa solubile,Texture,"mediamente asciutta, granulosa, solubile",4,21653
Texture::morbido morbido troppo,Texture,morbido morbido... troppo,4,21658
Texture::pasta eccessivamente umida,Texture,pasta eccessivamente umida,4,21660
Texture::friabile ma umido struttura fine morbido non pastoso,Texture,"friabile ma umido. struttura fine , morbido. non pastoso",4,21661
Texture::buona presenza di tirosina,Texture,buona presenza di tirosina,4,21662
Texture::bene peccato per sensazione di sabbia finale,Texture,"bene, peccato per sensazione di sabbia finale",4,21663
Texture::morbido abbastanza asciutto grana fine solubuile critalli percepibili,Texture,"morbido, abbastanza asciutto, grana fine, solubuile, critalli percepibili",4,21664
Spessore della Crosta::piatto e scalzo media 10mm spigoli 20mm,Spessore della Crosta,Piatto e scalzo media 10mm Spigoli 20mm,4,21666
Spessore della Crosta::intorno ai 10 mm i piatti scalzi più spessi,Spessore della Crosta,"Intorno ai 10 mm i piatti, scalzi più spessi",4,21669
Spessore della Crosta::9 mm leggermente più visibile su uno scalzo e un piatto,Spessore della Crosta,9 mm leggermente più visibile su uno scalzo e un piatto,4,21675
Spessore della Crosta::in media 8 9 mm bella,Spessore della Crosta,"In media 8, 9 mm bella",4,21677
Struttura della Pasta::qualche piccola frattura grana un poco grossa ma regolare,Struttura della Pasta,Qualche piccola frattura grana un Poco grossa ma regolare,4,21680
Struttura della Pasta::frattura buonissima grana omogenea granulosa,Struttura della Pasta,"Frattura buonissima. Grana omogenea, granulosa.",4,21682
Struttura della Pasta::molto regolare omogenea,Struttura della Pasta,Molto regolare omogenea,4,21686
Struttura della Pasta::a zone bella grana in altre qualche strappetto e occhiatina micro o più decisa,Struttura della Pasta,"A zone bella grana, in altre qualche strappetto e occhiatina micro o più decisa",4,21688
Struttura della Pasta::bella frattura grana ben evidente con qualche zona meno bella,Struttura della Pasta,"Bella frattura, grana ben evidente con qualche zona meno bella",4,21689
Struttura della Pasta::interessante presenza di grana anche fine,Struttura della Pasta,Interessante presenza di grana anche fine!,4,21690
Colore della Pasta::chiaro e unif,Colore della Pasta,Chiaro e unif,4,21693
Colore della Pasta::media di un giallo saturo ma non carico presenta zone leggermente più chiare,Colore della Pasta,Media di un giallo saturo ma non carico. Presenta zone leggermente più chiare,4,21695
Colore della Pasta::più chiara sotto un piatto leggero alone centrale,Colore della Pasta,"Più chiara sotto un piatto, leggero alone centrale",4,21701
Colore della Pasta::bello abbastanza omogeneo,Colore della Pasta,"Bello, abbastanza omogeneo",4,21702
Colore della Pasta::un piccolo strappo,Colore della Pasta,Un piccolo strappo,4,21704
Profumo::difettoso nota di paglia / lettiera,Profumo,"difettoso, nota di paglia / lettiera",4,21705
Profumo::burro fuso burro,Profumo,"burro fuso, burro,",8,21707
Profumo::vegetale balsamico eucalipto,Profumo,vegetale balsamico eucalipto?,4,21708
Profumo::crosta leggermente speziato,Profumo,"crosta, leggermente speziato",4,21709
Profumo::grana nocciola fieno,Profumo,"grana, nocciola, fieno",4,21710
Profumo::lattico cotto tostato e verdure lesse,Profumo,lattico cotto tostato e verdure lesse,4,21712
Profumo::su un plateau di sensazioni mature spicca una forte nota floreale addirittura fruttata anomalo gradevole,Profumo,"Su un plateau di sensazioni mature spicca una forte nota floreale, addirittura fruttata. anomalo, gradevole",4,21713
Profumo::putrido trremendo,Profumo,"Putrido, trremendo",4,21715
Profumo::odore animale,Profumo,odore animale,4,21716
Sapore::piccantezza evidente scarsa dolcezza,Sapore,"piccantezza evidente, scarsa dolcezza",4,21718
Sapore::un poco salato e piccante,Sapore,un poco salato e piccante,8,21720
Sapore::salato umami leggermente piccante,Sapore,"salato, umami, leggermente piccante",4,21722
Sapore::finale leggermente amaro&tostato,Sapore,finale leggermente amaro&tostato,4,21723
Sapore::amaro piccante,Sapore,amaro piccante,16,21727
Sapore::amaro persistente salato,Sapore,"amaro persistente, salato",4,21729
Aroma::ritorna la nota al naso estranea al trentingrana anche se meno evidente,Aroma,ritorna la nota al naso estranea al trentingrana anche se meno evidente,4,21731
Aroma::burro pane tostato,Aroma,"burro, pane tostato",4,21733
Aroma::retrolfatto latte acidulo,Aroma,retrolfatto latte acidulo....,4,21736
Aroma::torna forte la nota fruttata sembra ananas,Aroma,torna forte la nota fruttata sembra ananas,4,21739
Aroma::animale marcio,Aroma,"animale, marcio,",4,21741
Texture::nella media,Texture,nella media,4,21744
Texture::molto secco,Texture,molto secco,4,21745
Texture::buona la grana presnza di microcristalli,Texture,"buona la grana, presnza di microcristalli",4,21746
Texture::asciutto granuloso con crist lascia residuo in bocca,Texture,asciutto granuloso con crist lascia residuo in bocca,4,21747
Texture::molti granuli umidità' circa ok,Texture,"molti granuli, umidità' circa OK",4,21749
Texture::solo un pochetto asciutto nel fine bocca,Texture,solo un pochetto asciutto nel fine bocca,4,21752
Texture::duro poco solubile moderatametne umido microstruttura piuttosto grossolana,Texture,"duro, poco solubile, moderatametne umido, microstruttura piuttosto grossolana",4,21755
Spessore della Crosta::un piatto sfumato media piatto e scalzo 9mm spigoli 15mm,Spessore della Crosta,Un piatto sfumato Media piatto e scalzo 9mm Spigoli 15mm,4,21757
Spessore della Crosta::12 14 su 1 particolare sittocrosta aranciato,Spessore della Crosta,12 14 su 1 particolare sittocrosta aranciato,4,21758
Spessore della Crosta::tutta abbastanza spessa,Spessore della Crosta,Tutta abbastanza spessa,4,21760
Spessore della Crosta::evidente diff di spessore tra le due facce,Spessore della Crosta,Evidente diff di spessore tra le due facce,4,21764
Spessore della Crosta::9 10 più deciso su un piatto,Spessore della Crosta,9 10 più deciso su un piatto,4,21766
Spessore della Crosta::media 10 mm,Spessore della Crosta,Media 10 mm,16,21768
Struttura della Pasta::ruvida uno strappo e un occhio da 7mm,Struttura della Pasta,Ruvida Uno strappo e un occhio da 7mm,4,21770
Struttura della Pasta::grana grossolana 1 frattura 2 cm e un occhio 8 mm diametro,Struttura della Pasta,Grana grossolana 1 frattura 2 cm e un occhio 8 mm diametro,4,21771
Struttura della Pasta::ignoro spaccatura ed un occhio grana grossa ma abbastanza omogenea frattura buona,Struttura della Pasta,Ignoro spaccatura ed un occhio. Grana grossa ma abbastanza omogenea. Frattura buona,4,21773
Struttura della Pasta::un occhio oltre i 5mm e una crepa,Struttura della Pasta,Un occhio oltre i 5mm e una crepa,4,21776
Struttura della Pasta::singola occhiatura di medie dimensioni struttura molto grossolana ma abbastanza regolare,Struttura della Pasta,"Singola occhiatura di medie dimensioni, struttura molto grossolana ma abbastanza regolare",4,21777
Struttura della Pasta::grossa occhiatina centrale 1cm e pasta fratturata,Struttura della Pasta,Grossa occhiatina centrale 1cm e pasta fratturata,4,21778
Struttura della Pasta::frattura e occhio da 8 mm granulosa grossolana,Struttura della Pasta,Frattura e occhio da 8 mm Granulosa grossolana,4,21779
Struttura della Pasta::molto bella presenza di un piccolo occhio e piccola sfoglia,Struttura della Pasta,"Molto bella, presenza di un piccolo occhio e piccola sfoglia",4,21780
Struttura della Pasta::molta grana ma grossolana,Struttura della Pasta,"Molta grana ma grossolana,",4,21781
Colore della Pasta::carico ma abbastanza uniforme,Colore della Pasta,Carico ma abbastanza uniforme,4,21784
Colore della Pasta::tendenzialmente carico più chiaro verso scalzi,Colore della Pasta,Tendenzialmente carico.. Più chiaro verso scalzi,4,21786
Colore della Pasta::giallo con leggere sfumature rosa,Colore della Pasta,Giallo con leggere sfumature rosa,4,21791
Colore della Pasta::intenso sia pure abbastanza omogeneo,Colore della Pasta,Intenso sia pure abbastanza omogeneo,4,21792
Colore della Pasta::bel colore abbastanza omogeneo carico con lievi note rosate,Colore della Pasta,"Bel colore, abbastanza omogeneo, carico, con lievi note rosate",4,21793
Colore della Pasta::giallo tendente al carico nocciola,Colore della Pasta,Giallo tendente al carico nocciola,4,21794
Colore della Pasta::un grande occhio al centro della forma di almeno 6mm cristalli di hiroshima bianchi omogeneamente diffusi su tutta la superficie il sottoposta di un piatto è più carico,Colore della Pasta,Un grande occhio al centro della forma di almeno 6mm. Cristalli di Hiroshima bianchi omogeneamente diffusi su tutta la superficie. Il sottoposta di un piatto è più carico,4,21795
Profumo::nota animale quasi sporca e note aromatiche tipiche dei formaggi svizzeri tipo sbrinz,Profumo,nota animale quasi sporca e note aromatiche tipiche dei formaggi svizzeri tipo sbrinz,4,21796
Profumo::latte burro fuso burro,Profumo,"latte, burro fuso, burro",4,21798
Profumo::grana intenso con tostatura e note florali miele,Profumo,"grana intenso con tostatura e note florali, miele",4,21801
Profumo::lattico cotto burro ve leggero tostato,Profumo,"lattico cotto, burro ve leggero tostato",4,21803
Profumo::leggero pane latte anche fresco burro peccato che poco intenso,Profumo,"leggero. pane, latte anche fresco, burro. peccato che poco intenso",4,21804
Profumo::all apertura del barattolino profumo fruttato e vanigliato molto particolare poi alla rottura dei pezzi più panna e lattici freschi uno non cosi buono,Profumo,"all apertura del barattolino profumo fruttato e vanigliato, molto particolare, poi alla rottura dei pezzi più panna e lattici freschi, uno non cosi buono",4,21806
Sapore::dolcezza percepita elevata poco piccante bell umami e sapidità' ok,Sapore,"dolcezza percepita elevata, poco piccante, bell-umami e sapidità' ok",4,21809
Sapore::manca la componente salata,Sapore,manca la componente salata,4,21810
Sapore::molto equilibrata,Sapore,molto equilibrata,4,21811
Sapore::dolce percepibile,Sapore,dolce percepibile,8,21813
Sapore::@sciapo e amaro,Sapore,@sciapo.... e amaro....,4,21814
Sapore::bassa sapidità' poca persistenza,Sapore,bassa sapidità' poca persistenza,4,21816
Sapore::trovo anche del dolce,Sapore,trovo anche del dolce,4,21817
Sapore::abbastanza equilibrio umami un poco di più,Sapore,"abbastanza equilibrio, umami un poco di più",4,21819
Sapore::umami un poco' carico ma dolce percepibile,Sapore,umami un poco' carico ma dolce percepibile,4,21820
Aroma::equilibrato ma non molto caratteristico,Aroma,equilibrato ma non molto caratteristico,4,21822
Aroma::burro mela,Aroma,"burro, mela",4,21824
Aroma::strano non piacevole,Aroma,strano non piacevole,4,21827
Aroma::erbe amare particolarmente in un pezzo tostato deciso animale,Aroma,"erbe amare particolarmente in un pezzo, tostato deciso, animale",4,21832
Aroma::note di frutta e brodo,Aroma,note di frutta e brodo,4,21833
Texture::granulosa ma un poco legata,Texture,granulosa ma un poco legata,4,21835
Texture::leggermente farinoso,Texture,leggermente farinoso,4,21836
Texture::morbido poco granuloso qualche cris poco sol,Texture,morbido poco granuloso qualche cris poco sol,4,21838
Texture::troppo pastoso non solubile,Texture,troppo pastoso.....non solubile,4,21840
Texture::immaturo non friabile ma non particolarmente umido microstruttura grossolana,Texture,immaturo. non friabile ma non particolarmente umido. microstruttura grossolana,4,21843
Texture::molto compatto non friabile no cristalli poco solubile non caratteristico,Texture,"molto compatto, non friabile, no cristalli, poco solubile, non caratteristico",4,21845
Texture::moderatamente duro asciutto microstruttura fine solubile pochi cristalli,Texture,"moderatamente duro, asciutto, microstruttura fine, solubile, pochi cristalli",4,21846
Spessore della Crosta::sfumata media scalzo e piatti 10mm spigolo 20mm,Spessore della Crosta,Sfumata Media scalzo e piatti 10mm Spigolo 20mm,4,21848
Spessore della Crosta::grana fine regolare piccole occhiature al centro,Spessore della Crosta,"Grana fine, regolare, piccole occhiature al centro",4,21856
Spessore della Crosta::mediamente attorno a 11 12 mm,Spessore della Crosta,Mediamente attorno a 11 12 mm,4,21859
Spessore della Crosta::crosta molto sottile sui piatti,Spessore della Crosta,Crosta molto sottile sui piatti,4,21860
Struttura della Pasta::stirata omogenea,Struttura della Pasta,Stirata omogenea,4,21861
Struttura della Pasta::stirata con qualche microocchiatura,Struttura della Pasta,Stirata con qualche microocchiatura,4,21862
Struttura della Pasta::invecchiato stirato al centro,Struttura della Pasta,Invecchiato. Stirato al centro,4,21864
Struttura della Pasta::striato e con un segno di essudazione credo dovuto al frigo,Struttura della Pasta,Striato e con un segno di essudazione credo dovuto al frigo,4,21867
Struttura della Pasta::microocch diffusa molte zone stirate,Struttura della Pasta,"Microocch diffusa, molte zone stirate",4,21868
Struttura della Pasta::stirata quasi senza grana microocchiatura,Struttura della Pasta,"Stirata, quasi senza grana, Microocchiatura",4,21870
Struttura della Pasta::difettosa,Struttura della Pasta,Difettosa,4,21871
Struttura della Pasta::evidente stiratura e microocchiatura presente,Struttura della Pasta,Evidente stiratura e microocchiatura presente,4,21872
Struttura della Pasta::pasta decisamente grandiosa e asciutta,Struttura della Pasta,Pasta decisamente grandiosa e asciutta,4,21873
Colore della Pasta::omogenea carica,Colore della Pasta,Omogenea carica,4,21874
Colore della Pasta::giallo carico con zone presso gli scalzi più chiare,Colore della Pasta,Giallo carico con zone presso gli scalzi più chiare,4,21877
Colore della Pasta::omogeneo non molto carico,Colore della Pasta,Omogeneo non molto carico,8,21881
Colore della Pasta::giallo carico più scuro al centro,Colore della Pasta,Giallo carico Più scuro al centro,8,21884
Colore della Pasta::non bello carico aree rossastre e verdognole,Colore della Pasta,"Non bello, carico, aree rossastre e verdognole",4,21885
Profumo::intenso lattico cotto e vegetale secco forse lieve nota briciata,Profumo,"intenso, lattico cotto e vegetale secco, forse lieve nota briciata",4,22160
Profumo::latte burro burro fuso,Profumo,"latte, burro, burro fuso",4,22162
Profumo::leggere di teli sporchi,Profumo,leggere di teli sporchi,4,22163
Profumo::noce moscata frutta secca,Profumo,"noce moscata, frutta secca",4,22164
Profumo::intenso ma con note da tostatura e leggerm insilati,Profumo,intenso ma con note da tostatura e leggerm. insilati,4,22165
Profumo::trovo del brodo vegetale su note cotte,Profumo,"trovo del brodo vegetale, su note cotte",4,22168
Profumo::2 porzioni su 4 con leggero odore negativo,Profumo,2 porzioni su 4 con leggero odore negativo,4,22169
Profumo::molto pannoso,Profumo,molto pannoso,4,22170
Sapore::dolce sapido umami e piccantezza ok sensazione quasi rinfrescante,Sapore,"dolce sapido, umami e piccantezza ok, sensazione quasi rinfrescante",4,22173
Sapore::equilibrato con forse leggera sapidità,Sapore,equilibrato con forse leggera sapidità,4,22178
Sapore::2 porzioni leggermente amare,Sapore,2 porzioni leggermente amare,4,22182
Sapore::leggermente salato e piccante ma senza disturbare,Sapore,"leggermente salato e piccante, ma senza disturbare",4,22183
Aroma::latte cotto burro cotto non particolarmente complesso latte uht,Aroma,"latte cotto, burro cotto, non particolarmente complesso, latte uht",4,22186
Aroma::panna un poco da nostrano,Aroma,panna un poco da nostrano,4,22189
Aroma::burro e panna brodo,Aroma,"burro e panna, brodo",4,22197
Texture::umido cedevole poco solubile,Texture,"umido, cedevole, poco solubile",4,22199
Texture::pastoso poca grana qualche cristallo,Texture,pastoso poca grana qualche cristallo,4,22202
Texture::patoso e burroso/unto bei granuli,Texture,"patoso e burroso/unto, bei granuli",4,22204
Texture::morbido ma friabile quel minimo,Texture,"morbido, ma friabile quel minimo",4,22207
Texture::compatto non troppo friabile da grana fresco,Texture,"compatto non troppo friabile, da grana fresco",4,22209
Texture::abbastanza morbida sottile leggermente asciutta solubile,Texture,"abbastanza morbida, sottile, leggermente asciutta, solubile",4,22210
Spessore della Crosta::piatti e scalzo sfumati media 10mm spigoli da 22mm,Spessore della Crosta,Piatti e scalzo sfumati media 10mm Spigoli da 22mm,4,22212
Spessore della Crosta::13 più evidente su un piatto e angoli,Spessore della Crosta,13 più evidente su un piatto e angoli,4,22213
Spessore della Crosta::ovunque superiore ai 10 mm,Spessore della Crosta,Ovunque superiore ai 10 mm,4,22215
Spessore della Crosta::spessore regolare nella media,Spessore della Crosta,Spessore regolare nella media,4,22220
Spessore della Crosta::11 più intenso sotto uno scalzo,Spessore della Crosta,11 più intenso sotto uno scalzo,4,22221
Spessore della Crosta::superiore a 11 mm,Spessore della Crosta,Superiore a 11 mm,4,22223
Spessore della Crosta::abbastanza spesso,Spessore della Crosta,Abbastanza spesso,4,22224
Struttura della Pasta::qualche occhiettino struttura regolare grossa,Struttura della Pasta,Qualche occhiettino Struttura regolare grossa,4,22225
Struttura della Pasta::grana fine ma tendente con striature centrali frattura sa scaglie,Struttura della Pasta,Grana fine ma tendente con striature centrali frattura sa scaglie,4,22226
Struttura della Pasta::microocchiatura diffusa discreta buon taglio grana lievemente disomogenea stiratina al centro,Struttura della Pasta,"Microocchiatura diffusa, discreta. Buon taglio. Grana lievemente disomogenea, stiratina al centro",4,22228
Struttura della Pasta::un lato presenta una spugnatura più evidente,Struttura della Pasta,Un lato presenta una spugnatura più evidente,4,22231
Struttura della Pasta::zone leggermente stirate una zona con microocch,Struttura della Pasta,"Zone leggermente stirate, una zona con microocch",4,22232
Struttura della Pasta::grandiosa abbastanza regolare presenza di micro occhiature,Struttura della Pasta,"Grandiosa, abbastanza regolare, presenza di micro occhiature",4,22233
Struttura della Pasta::qualche occhiatura in metà forma area centrale leggermente stirata,Struttura della Pasta,"Qualche occhiatura in metà forma,area centrale leggermente stirata",4,22234
Struttura della Pasta::bella frattura ma grana non omogenea e a tratti stirata,Struttura della Pasta,Bella frattura ma grana non omogenea e a tratti stirata,4,22235
Struttura della Pasta::microocchiatura molto forte stirata leggermente,Struttura della Pasta,"Microocchiatura molto forte, stirata leggermente",4,22236
Colore della Pasta::abbastanza uniforme tendente leggero al grigio,Colore della Pasta,Abbastanza uniforme tendente leggero al grigio,4,22239
Colore della Pasta::pochetto disomogenea,Colore della Pasta,Pochetto disomogenea,4,22241
Colore della Pasta::abbastanza carico e omogeneo,Colore della Pasta,Abbastanza carico e omogeneo,4,22247
Colore della Pasta::più carico al centro lieve ispessimento della crosta su un piatto,Colore della Pasta,"Più carico al centro, lieve ispessimento della crosta su un piatto",4,22248
Colore della Pasta::piuttosto variabile con aree molto arancione verso gli scalzi,Colore della Pasta,Piuttosto variabile con aree molto arancione verso gli scalzi,4,22249
Colore della Pasta::acconciatura presente solo su un lato della forma circa 1mm,Colore della Pasta,Acconciatura presente solo su un lato della forma circa 1mm,4,22250
Profumo::lattico di burro fuso ma con note lievemente pungenti quasi fermentate brodo evidente,Profumo,"lattico di burro fuso ma con note lievemente pungenti, quasi fermentate, brodo evidente",4,22251
Profumo::burro floreale burro fuso poco latte,Profumo,"burro, floreale,burro fuso poco,latte",4,22253
Profumo::forse uno dei più\ interessanti della batteria,Profumo,forse uno dei più\ interessanti della batteria...,4,22256
Profumo::un poco di latte fermentato leggero in alcuni pezzi alla rottura,Profumo,un poco di latte fermentato leggero in alcuni pezzi alla rottura,4,22261
Sapore::peccato per la evidente nota amara e lievemente acida,Sapore,peccato per la evidente nota amara e lievemente acida,4,22264
Sapore::amaro amaro anche se con presenti note dolciastre controverso il giudizio,Sapore,"amaro, amaro anche se con presenti note dolciastre... controverso il giudizio.",4,22269
Sapore::salato acido,Sapore,salato;acido,8,22270
Sapore::conforme equilibrato come il profumo,Sapore,"Conforme, equilibrato come il profumo",4,22271
Sapore::sapore pieno completo forse anche dolce nota amara,Sapore,"sapore pieno, completo, forse anche dolce. nota amara",4,22272
Sapore::amaro umami soprattutto in un paio di pezzi,Sapore,"amaro, umami, soprattutto in un paio di pezzi",4,22274
Sapore::nota dolce leggerissimo piccante,Sapore,nota dolce leggerissimo piccante,4,22275
Aroma::latte cotto brodo abbastanza equilibrato,Aroma,"latte cotto, brodo, abbastanza equilibrato",4,22277
Aroma::floreale burro,Aroma,"floreale,burro",4,22279
Aroma::ricorda un formaggio per non tipico da grana,Aroma,ricorda un formaggio per; non tipico da grana,4,22282
Aroma::nessuna nota nuova rispetto al naso ma intensità' buona,Aroma,"nessuna nota nuova rispetto al naso, ma intensità' buona",4,22285
Aroma::brodo animale,Aroma,brodo animale,8,22287
Aroma::leggermente erbaceo e fruttato,Aroma,leggermente erbaceo e fruttato,4,22288
Texture::tendenzialmente umida e cedevole poco granulosa,Texture,"tendenzialmente umida e cedevole, poco granulosa",4,22290
Texture::umido e pastoso assenza di granuli,Texture,umido e pastoso. assenza di granuli,4,22291
Texture::struttura non presente si impasta,Texture,"struttura non presente, si impasta",4,22292
Texture::pastoso con granuli e cristalli,Texture,pastoso con granuli e cristalli,4,22293
Texture::buona con equilibrio tra umidità' e friabilità,Texture,"buona, con equilibrio tra umidità' e friabilità",4,22295
Texture::impasta la bocca morbido e fondente,Texture,"impasta la bocca. morbido, e fondente",4,22298
Texture::umido pastoso non friabile non solubile / molto diversi i pezzi fra loro,Texture,"umido, pastoso, non friabile, non solubile / molto diversi i pezzi fra loro",4,22300
Texture::morbido umido microstruttura sottile solubile,Texture,"morbido, umido, microstruttura sottile, solubile",4,22301
Spessore della Crosta::piatto sfumato con media 8mm scalzo sui 9mm spigoli 15mm,Spessore della Crosta,Piatto sfumato con media 8mm Scalzo sui 9mm Spigoli 15mm,4,22303
Spessore della Crosta::piatti buoni,Spessore della Crosta,Piatti buoni,4,22306
Spessore della Crosta::più sottile su una faccia,Spessore della Crosta,Più sottile su una faccia,4,22313
Spessore della Crosta::sugli scalzi più grossa che su i piatti ma mediamente 8 mm,Spessore della Crosta,"Sugli scalzi più grossa che su i piatti,ma mediamente 8 mm",4,22314
Spessore della Crosta::sottile sui piatti,Spessore della Crosta,Sottile sui piatti,4,22315
Struttura della Pasta::non regolare,Struttura della Pasta,Non regolare,4,22316
Struttura della Pasta::frattura molto regolare leggere striature centrale,Struttura della Pasta,Frattura molto regolare leggere striature centrale,4,22317
Struttura della Pasta::microocchiatura fine grana abbastanza fine con lievi andamenti di verso,Struttura della Pasta,Microocchiatura fine. Grana abbastanza fine con lievi andamenti di verso,4,22319
Struttura della Pasta::leggermente microocch zone leggermente stirate,Struttura della Pasta,"Leggermente microocch, zone leggermente stirate",4,22323
Struttura della Pasta::leggera occhiatina diffusa ma rada grandiosa omogenea,Struttura della Pasta,Leggera occhiatina diffusa ma rada grandiosa omogenea,4,22324
Struttura della Pasta::leggera microocchiatura diffusa centrale,Struttura della Pasta,Leggera Microocchiatura diffusa centrale,4,22325
Struttura della Pasta::frattura ok grana bella ma con qualche difettosita legata alla micro occhiatura e ad andamento striato,Struttura della Pasta,"Frattura ok, grana bella ma con qualche difettosita legata alla micro occhiatura, e ad andamento striato",4,22326
Struttura della Pasta::grana grossolana e frattura regolare,Struttura della Pasta,Grana grossolana e frattura regolare,4,22327
Colore della Pasta::presenza alone centrale percepibile con una macchia rosa,Colore della Pasta,Presenza alone centrale percepibile con una macchia rosa,4,22329
Colore della Pasta::colore più chiaro sotto un piatto,Colore della Pasta,Colore più chiaro sotto un piatto,4,22330
Colore della Pasta::colore chiaro appena più carico al centro poco comunque mi pare vedere macchia rosa sul taglio non sono sicuro non penaizzo,Colore della Pasta,"Colore chiaro appena più carico al centro, poco comunque. Mi pare vedere macchia rosa sul taglio. Non sono sicuro, non penaizzo",4,22332
Colore della Pasta::disomogeneo più chiaro verso gli scalzi,Colore della Pasta,"Disomogeneo, più chiaro verso gli scalzi",4,22336
Colore della Pasta::macchia rosa,Colore della Pasta,Macchia rosa?,4,22337
Colore della Pasta::chiaro con leggero alone,Colore della Pasta,Chiaro con leggero alone,4,22338
Colore della Pasta::più scuro al centro presenza di un alone rosa,Colore della Pasta,"Più scuro al centro, presenza di un alone rosa",4,22339
Colore della Pasta::bel colore tendente al chiaro,Colore della Pasta,Bel colore tendente al chiaro,4,22340
Profumo::nota lattica meno evidente rispetto a quella di brodo che un poco domina,Profumo,"nota lattica meno evidente rispetto a quella di brodo, che un poco domina",4,22342
Profumo::burro e burro fuso intenso,Profumo,burro e burro fuso intenso,4,22344
Profumo::leggermente vegetale fieno,Profumo,leggermente vegetale fieno,4,22345
Profumo::piuttosto intenso con tostaura anche prevalente,Profumo,piuttosto intenso con tostaura anche prevalente,4,22347
Profumo::verdura lessa,Profumo,verdura lessa,4,22349
Profumo::buona intensità sentori maturi brodo crosta burro cotto,Profumo,"Buona intensità. Sentori maturi. brodo, crosta, burro cotto",4,22350
Profumo::panna prevalente,Profumo,panna prevalente,4,22352
Profumo::brodo burro,Profumo,"brodo, burro",4,22353
Sapore::sapido e umami più evidenti ma nel complesso buon equilibrio,Sapore,sapido e umami più evidenti ma nel complesso buon equilibrio,4,22355
Sapore::equilibrio tra le diverse nte,Sapore,equilibrio tra le diverse nte,4,22357
Sapore::leggermente amaro e pic,Sapore,leggermente amaro e pic,4,22358
Sapore::equilibrato piacevole,Sapore,"equilibrato, piacevole",4,22360
Sapore::lievemente salato non dolce amaro sensibile,Sapore,lievemente salato. non dolce.Amaro sensibile,4,22363
Sapore::peccato per la punta di amaro finale,Sapore,peccato per la punta di amaro finale,4,22365
Sapore::piccante e acido,Sapore,piccante e acido,4,22366
Aroma::come al naso anche in bocca la nota di brodo [ marcata ma nel complesso abbastanza equilibrato,Aroma,"come al naso, anche in bocca la nota di brodo [ marcata ma nel complesso abbastanza equilibrato",4,22368
Aroma::grana e burro anche,Aroma,grana e burro anche,4,22373
Aroma::note di brodo e erba,Aroma,note di brodo e erba,4,22379
Texture::ascoiutto e granuloso cristalli e ben solub,Texture,ascoiutto e granuloso cristalli e ben solub,4,22384
Texture::asciutto poca solubilità,Texture,"asciutto, poca solubilità",4,22386
Texture::friabile non asciutto qulache microcristallo buona microstruttura,Texture,"Friabile, non asciutto. qulache microcristallo. buona microstruttura",4,22389
Texture::peccato per la leggera sabbiosita finale,Texture,peccato per la leggera sabbiosita finale,4,22391
Texture::duro grana fine solubile pochi critalli,Texture,"duro, grana fine, solubile, pochi critalli",4,22392
Spessore della Crosta::piatto 8mm scalzo 9mm spigolo 18mm,Spessore della Crosta,Piatto 8mm Scalzo 9mm Spigolo 18mm,4,22394
Spessore della Crosta::11 angoli più evidente,Spessore della Crosta,11 angoli più evidente,4,22395
Spessore della Crosta::piatti molto buoni,Spessore della Crosta,Piatti molto buoni,4,22397
Struttura della Pasta::qualche occhiettino non omogenea,Struttura della Pasta,Qualche occhiettino Non omogenea,4,22407
Struttura della Pasta::grossolana con zone con micro fratture e microocchiture,Struttura della Pasta,Grossolana con zone con micro fratture e microocchiture,4,22408
Struttura della Pasta::frattura irregolare un paio di microcchiature un poco' trasmette grana grandiosa omogenea,Struttura della Pasta,Frattura irregolare. Un paio di microcchiature un poco' trasmette. Grana grandiosa omogenea,4,22410
Struttura della Pasta::qualche microocch strutt grossolana,Struttura della Pasta,"Qualche microocch, strutt grossolana",4,22414
Struttura della Pasta::granulosa frattura non omogenea presenza di rade occhiature e fratture e nella pasta,Struttura della Pasta,"Granulosa, frattura non omogenea, presenza di rade occhiature e fratture e nella pasta",4,22415
Struttura della Pasta::microocchiatura diffusa ma rada sotto un piatto diversi strappetti granulosa e grossolana ma non omogenea,Struttura della Pasta,"Microocchiatura diffusa ma rada, sotto un piatto diversi strappetti, granulosa e grossolana ma non omogenea",4,22416
Struttura della Pasta::frattura irregolare bella struttura ma con zona sfogliata,Struttura della Pasta,"Frattura irregolare, bella struttura ma con zona sfogliata",4,22417
Struttura della Pasta::grana grossolana qualche occhio e frattura media,Struttura della Pasta,"Grana grossolana , qualche occhio e frattura media",4,22418
Colore della Pasta::alone centrale con chiazze rosate,Colore della Pasta,Alone centrale con chiazze rosate,4,22421
Colore della Pasta::in generale colore chiaro tendente al paglierino poco poco più carico al centro,Colore della Pasta,"In generale colore chiaro, tendente al paglierino, poco poco più carico al centro",4,22423
Colore della Pasta::medio chiaro,Colore della Pasta,Medio chiaro,4,22431
Profumo::moderata l'intensità sentori cotti tostato quasi fumo,Profumo,"moderata l'intensità. sentori cotti. tostato, quasi fumo",4,23800
Profumo::delicato leggero sentore di cotto,Profumo,"delicato, leggero sentore di cotto",4,23803
Profumo::burro fuso cotto crosta e sooidato poco intensi,Profumo,"burro fuso, cotto, crosta e sooidato, poco intensi",4,23804
Profumo::lattici cotti e verdura lessa leggera,Profumo,lattici cotti e verdura lessa leggera,4,23805
Profumo::principlamente vegetale cotto segue panna e burro fuso,Profumo,"principlamente vegetale cotto, segue panna e burro fuso",4,23807
Sapore::negativo amaro intensità media piccante intensità media,Sapore,negativo amaro intensità media;piccante intensità media,4,23808
Sapore::piccante percepibile amaro,Sapore,piccante percepibile. amaro,4,23810
Sapore::leggermente acido salato,Sapore,"leggermente acido, salato",10,23812
Sapore::molto salato e piccante,Sapore,molto salato e piccante,4,23814
Sapore::leggera piccantezza leggero amarognolo,Sapore,"leggera piccantezza, leggero amarognolo",4,23815
Sapore::salato piccante non equilibrato leggermente acido,Sapore,salato piccante non equilibrato leggermente acido,4,23816
Sapore::sapidità e leggera piccantezza prevaleti,Sapore,sapidità e leggera piccantezza prevaleti,4,23817
Aroma::poco,Aroma,poco,4,23819
Aroma::acido,Aroma,acido,8,23822
Aroma::crosta di formaggio formaggio fuso,Aroma,"crosta di formaggio, formaggio fuso",4,23823
Aroma::ossidato vecchio ancheun poco' di stalla,Aroma,"ossidato, vecchio, ancheun poco' di stalla",4,23824
Aroma::lattici cotti moderati,Aroma,lattici cotti moderati,4,23825
Aroma::tostato e lattico cotto,Aroma,tostato e lattico cotto,4,23827
Texture::durezza scarsa tirosina scarsa,Texture,durezza scarsa;tirosina scarsa;,4,23828
Texture::granuloso con cristalli poco sol lascia residuo farinoso,Texture,granuloso con cristalli poco sol lascia residuo farinoso,4,23829
Texture::buona friabilità che lascia però una struttura grossolana lascia la bocca disidratata cristalli presenti anche grossi,Texture,buona friabilità che lascia però una struttura grossolana. lascia la bocca disidratata. cristalli presenti anche grossi,4,23830
Texture::buona friabilità' solubile pochi cristalli,Texture,"buona friabilità', solubile, pochi cristalli",4,23832
Texture::poca grana abbastanza adesivo pochi cristalli,Texture,"poca grana, abbastanza adesivo, pochi cristalli",4,23835
Texture::gommoso cristalli,Texture,gommoso cristalli,4,23836
Texture::presenza di piccoli cristalli lascia la bocca pulita,Texture,presenza di piccoli cristalli lascia la bocca pulita,4,23837
Spessore della Crosta::medio grosso,Spessore della Crosta,Medio grosso,4,23838
Spessore della Crosta::dal cm in su,Spessore della Crosta,Dal cm in su,4,23841
Spessore della Crosta::molto sottile nei piatti più spessa oltre 1 negli scalzi spigoli pronunciati,Spessore della Crosta,Molto sottile nei piatti più spessa oltre 1 negli scalzi spigoli pronunciati,4,23846
Struttura della Pasta::non omogenea area centrale tendente allo stirata grossolana,Struttura della Pasta,Non omogenea Area centrale tendente allo stirata Grossolana,4,23848
Struttura della Pasta::frattura a scaglie grana non omogenea in centro striature nella grana con microocchiature alla esterno grana più grossa,Struttura della Pasta,Frattura a scaglie grana non omogenea in centro striature nella grana con microocchiature alla esterno grana più grossa,4,23849
Struttura della Pasta::grana omogenea nella sua incompiutezza,Struttura della Pasta,Grana omogenea nella sua incompiutezza,4,23850
Struttura della Pasta::in parte un poco' stirata,Struttura della Pasta,In parte un poco' stirata,4,23853
Struttura della Pasta::frattura abbastanza regolare leggera micro occhiatura leggermente stirata in una piccola zona,Struttura della Pasta,"Frattura abbastanza regolare, leggera micro Occhiatura, leggermente stirata in una piccola zona",4,23854
Struttura della Pasta::leggermente stirato non omogeneo,Struttura della Pasta,"Leggermente stirato, non omogeneo",4,23855
Struttura della Pasta::area centrale con occhiatura struttura leggermente disomogenea frattura regolare,Struttura della Pasta,Area centrale con occhiatura struttura leggermente disomogenea frattura regolare,4,23856
Struttura della Pasta::taglio regolare leggermente spagnola a centro,Struttura della Pasta,"Taglio regolare, leggermente spagnola a centro",4,23857
Colore della Pasta::colore carico al centro,Colore della Pasta,Colore carico al centro,4,23858
Colore della Pasta::giallo un poco grigiastro con alone,Colore della Pasta,Giallo un Poco grigiastro con alone,4,23859
Colore della Pasta::carica la parte centrale anche l'esterno non chiaro,Colore della Pasta,Carica la parte centrale. Anche l'esterno non chiaro,4,23860
Colore della Pasta::stirata,Colore della Pasta,Stirata,4,23861
Colore della Pasta::carico uniforme,Colore della Pasta,Carico uniforme,6,23863
Colore della Pasta::carico con alone centrale,Colore della Pasta,Carico con alone centrale,4,23865
Colore della Pasta::leggero alone centrale più scuro tendente comunque al chiato,Colore della Pasta,Leggero alone centrale più scuro tendente comunque al chiato,4,23866
Colore della Pasta::paglierino chiaro non omogeneo centralmente è più carico con leggero alone grigiastro,Colore della Pasta,"Paglierino chiaro, non omogeneo, centralmente è più carico, con leggero alone grigiastro",4,23867
Profumo::frutta secca intensità media fineo fermentato intensità alta,Profumo,frutta secca intensità media;fineo fermentato intensità alta,4,23868
Profumo::buona intensità latte intero fresco panna burro,Profumo,"buona intensità. latte intero fresco, panna. burro",4,23870
Profumo::ossidato fermentato non piacevole,Profumo,"ossidato, fermentato. non piacevole",4,23873
Profumo::decismente ossidato quasi rancido,Profumo,"decismente ossidato, quasi rancido",4,23874
Profumo::note un poco' pungenti all'apertura poi lattici cotti formaggio cotto,Profumo,"Note un poco' pungenti all'apertura, poi lattici cotti, formaggio cotto",4,23875
Profumo::latte cotto burro fuso vegelale secco (fieno) fruttato e poco tostato,Profumo,latte cotto burro fuso vegelale secco (fieno) fruttato e poco tostato,4,23877
Sapore::piccante intensità alto amaro intensità media,Sapore,piccante intensità alto;amaro intensità media,4,23878
Sapore::non amaro equilibrato dolce leggero,Sapore,non amaro. equilibrato. dolce leggero,4,23880
Sapore::leggermetne acido salato umami,Sapore,leggermetne acido;salato ;umami;,4,23881
Sapore::salato aciduloe amaro,Sapore,"salato, aciduloe amaro",4,23882
Sapore::dolciastro,Sapore,dolciastro.,8,23883
Sapore::amaro e dolce,Sapore,amaro e dolce,4,23885
Sapore::abbastanza equilibrato il finale leggermente acido,Sapore,"abbastanza equilibrato, il finale leggermente acido",4,23887
Aroma::stalla intensità alto frutta secca intensità alto fermentato alto,Aroma,stalla intensità alto;frutta secca intensità alto;fermentato alto,4,23888
Aroma::aroma difettoso non tipico del grana,Aroma,aroma difettoso non tipico del grana.,4,23893
Aroma::cotto crosta ossidato,Aroma,"cotto, crosta, ossidato",8,23894
Aroma::note vegetali amare lattici cotti,Aroma,"note vegetali amare, lattici cotti",4,23895
Aroma::sentori lattici prevalenti,Aroma,sentori lattici prevalenti,4,23897
Texture::friabilità e solubilità intensità mediagranuli di tirosina intensità alta,Texture,friabilità e solubilità intensità mediagranuli di tirosina intensità alta,4,23898
Texture::asciutto granuloso piccoli cristalli sol,Texture,asciutto granuloso piccoli cristalli sol,4,23899
Texture::cedevole ma non morbido friabilità fine bella grana tanti cristalli,Texture,cedevole ma non morbido. friabilità fine. bella grana. tanti cristalli,4,23900
Texture::molto pastoso,Texture,molto pastoso,12,23901
Texture::friabile buoni i cristalli abbastanza solubile,Texture,"friabile, buoni i cristalli, abbastanza solubile",4,23902
Texture::molle e cedevole,Texture,molle e cedevole.,4,23903
Texture::moderataemtte duro ma friabile grana piuttosto fine ma presente cristalli ben percepibili solubile,Texture,"moderataemtte duro ma friabile, grana piuttosto fine ma presente, cristalli ben percepibili,solubile",4,23904
Texture::molto friabile potrebbe essere più solubile alla fine,Texture,"molto friabile, potrebbe essere più solubile alla fine",4,23905
Texture::molto tenero cristalli molto solubile,Texture,molto tenero cristalli molto solubile,4,23906
Texture::sabbioso e granuloso pochi cristalli,Texture,"sabbioso e granuloso, pochi cristalli",4,23907
Spessore della Crosta::dispari media 11mm,Spessore della Crosta,Dispari Media 11mm,4,23909
Spessore della Crosta::crostone,Spessore della Crosta,Crostone,4,23911
Spessore della Crosta::crosta fine ma con molta unghia (media 1 2 cm),Spessore della Crosta,"Crosta fine ma con molta unghia (media 1,2 cm)",4,23914
Spessore della Crosta::oltre 1,Spessore della Crosta,Oltre 1,4,23917
Struttura della Pasta::microocchiatura diffusa frattura non regolare disomogenea,Struttura della Pasta,Microocchiatura diffusa Frattura non regolare Disomogenea,4,23918
Struttura della Pasta::microocchiatura effetto spugna con occhiob15 mm,Struttura della Pasta,Microocchiatura effetto spugna con occhiob15 mm,4,23919
Struttura della Pasta::granulosa ma un poco' di venature centrali non stirato frattura buona microocchiatura finissima e diffusa,Struttura della Pasta,"Granulosa, ma un poco' di venature centrali, non stirato. Frattura buona. Microocchiatura finissima e diffusa",4,23920
Struttura della Pasta::frattura regolare grana abbastanza fine microocchiatura diffusa e presenza di un occhio ddiamentro 1 cm,Struttura della Pasta,"Frattura regolare,grana abbastanza fine, microocchiatura diffusa e presenza di un occhio ddiamentro 1 cm",4,23922
Struttura della Pasta::grana fine presente microocchiature diffuse c'è un grosso occhio,Struttura della Pasta,"Grana fine, presente microocchiature diffuse. C'è un grosso occhio.",4,23923
Struttura della Pasta::pasta stirata e con micro occhiatura sottile e diffusa in area centrale grossa bolla > 1 cm,Struttura della Pasta,"Pasta stirata e con micro Occhiatura, sottile e diffusa in area centrale, grossa bolla > 1 cm",4,23924
Struttura della Pasta::microocchiatura diffusa grande occhio,Struttura della Pasta,"Microocchiatura diffusa, grande occhio",4,23925
Struttura della Pasta::occhio enorme occhiatura diffusa bella grana tiratura,Struttura della Pasta,Occhio enorme occhiatura diffusa bella grana tiratura,4,23926
Struttura della Pasta::frattura abbastanza regolare,Struttura della Pasta,Frattura abbastanza regolare,4,23927
Colore della Pasta::non omogenea più chiara al centro,Colore della Pasta,Non omogenea Più chiara al centro,4,23928
Colore della Pasta::chiaro ma per effetto spugna,Colore della Pasta,Chiaro ma per effetto spugna,4,23929
Colore della Pasta::chiaro non paglierino omogeneo,Colore della Pasta,"Chiaro, non paglierino. Omogeneo",4,23930
Colore della Pasta::giallo leggermente carico,Colore della Pasta,Giallo leggermente carico,4,23932
Colore della Pasta::leggera sfumatura rosata,Colore della Pasta,Leggera sfumatura rosata,4,23934
Colore della Pasta::abbastanza regolare,Colore della Pasta,Abbastanza regolare,4,23935
Colore della Pasta::paglierino chiaro omogeneamente distribuito,Colore della Pasta,Paglierino chiaro omogeneamente distribuito,4,23937
Profumo::latte e panna intensità media,Profumo,latte e panna intensità media,4,24078
Profumo::vegetale e cotto,Profumo,vegetale e cotto,4,24079
Profumo::su base lattea dolce qualche nota vegetale brodo intensità medio bassa,Profumo,su base lattea dolce qualche nota vegetale. brodo. intensità medio-bassa,4,24080
Profumo::burro fresco e formaggio cotto,Profumo,burro fresco e formaggio cotto...,4,24084
Profumo::molta panna,Profumo,Molta panna,4,24085
Profumo::brodo leggermente difettoso,Profumo,brodo leggermente difettoso,4,24086
Profumo::fermentazione (insilato) panna fresca burro fresco e leggera tostatura,Profumo,"fermentazione (insilato) panna fresca, burro fresco e leggera tostatura",4,24087
Sapore::acidità e sapidità intensità medio alta piccante intensità media,Sapore,acidità e sapidità intensità medio alta;piccante intensità media,4,24088
Sapore::c'è tutto anche il piccantino,Sapore,c'è tutto anche il piccantino,4,24090
Sapore::acido leggermente salato,Sapore,acido;leggermente salato;,4,24091
Sapore::acidulo,Sapore,acidulo,8,24092
Sapore::poco marcato,Sapore,poco marcato,4,24093
Sapore::solo un accento di umami non piccante,Sapore,"solo un accento di umami, non piccante",4,24094
Sapore::prevale leggermente il salato intensità media,Sapore,"prevale leggermente il salato, intensità media",4,24095
Sapore::piccante pronunciato la sapidità e la acidità coprono la dolcezza,Sapore,"piccante pronunciato, la sapidità e la acidità coprono la dolcezza",4,24097
Aroma::latte acidificato e yogurt intensità alta,Aroma,latte acidificato e yogurt intensità alta,4,24098
Aroma::leggera crosta per il resto neutro,Aroma,"leggera crosta, per il resto neutro",4,24102
Aroma::sentore di fermentato non tipico del grana,Aroma,"sentore di fermentato, non tipico del grana",4,24103
Aroma::brodo e fromaggio cotto,Aroma,brodo e fromaggio cotto,4,24104
Aroma::permangono note di fermentato e lattico cotto (non fresco),Aroma,permangono note di fermentato e lattico cotto (non fresco),4,24107
Texture::friabilità e solubilità intensità alta cristalli di tirosina intensità bassa,Texture,friabilità e solubilità intensità alta;cristalli di tirosina intensità bassa,4,24108
Texture::asciutto e friabile lascia sabbia,Texture,asciutto e friabile lascia sabbia,4,24109
Texture::si sbriciola bene in bocca non asciuga cristalli ok,Texture,si sbriciola bene in bocca. non asciuga. cristalli ok,4,24110
Texture::morbido e solubile,Texture,morbido e solubile,4,24112
Texture::molle sotto i denti cedevole poco solubile,Texture,"molle sotto i denti, cedevole. poco solubile",4,24113
Texture::privo di struttura molle cedevole,Texture,"privo di struttura, molle, cedevole",4,24114
Texture::inizialmente sabbioso fine in fine pero la bocca rimane abbastanza pulita,Texture,inizialmente sabbioso fine in fine pero la bocca rimane abbastanza pulita,4,24117
Spessore della Crosta::spessore dispari media 9mm,Spessore della Crosta,Spessore dispari Media 9mm,4,24118
Spessore della Crosta::più evidente sotto 1 piatto e angoli,Spessore della Crosta,Più evidente sotto 1 piatto e angoli,4,24119
Spessore della Crosta::1 piatto particolarmente fine,Spessore della Crosta,1 piatto particolarmente fine,4,24120
Spessore della Crosta::0 9 cm,Spessore della Crosta,"0,9 cm",20,24123
Spessore della Crosta::irregolare anche nel colore,Spessore della Crosta,Irregolare anche nel colore,4,24125
Struttura della Pasta::frattura non omogenea disomogenea e granulosa,Struttura della Pasta,Frattura non omogenea Disomogenea e granulosa,4,24128
Struttura della Pasta::frattura con gobbe e grana un poco grossolana,Struttura della Pasta,Frattura con gobbe e grana un Poco grossolana,4,24129
Struttura della Pasta::frattura non regolare per il resto bella struttura omogenea e grumosa,Struttura della Pasta,Frattura non regolare. Per il resto bella struttura omogenea e grumosa,4,24130
Struttura della Pasta::frattura irregolare ma grana fine cristalli visibili,Struttura della Pasta,"Frattura irregolare ma grana fine, cristalli visibili",4,24132
Struttura della Pasta::grana grossa omogenea,Struttura della Pasta,Grana grossa omogenea,4,24133
Struttura della Pasta::frattura non regolare struttura poco granulare,Struttura della Pasta,"Frattura non regolare, struttura poco granulare,",4,24134
Struttura della Pasta::frattura non troppo regolare granulosità più sottile al centro,Struttura della Pasta,"Frattura non troppo regolare, granulosità più sottile al centro",4,24135
Struttura della Pasta::frattura grossolana bella grana,Struttura della Pasta,Frattura grossolana bella grana,4,24136
Struttura della Pasta::grandiosa taglio inregolare,Struttura della Pasta,Grandiosa taglio inregolare,4,24137
Colore della Pasta::molto chiara con leggero alone centrale,Colore della Pasta,Molto chiara con leggero alone centrale,4,24138
Colore della Pasta::carico ma uniforme,Colore della Pasta,Carico ma uniforme,8,24139
Colore della Pasta::saturo non troppo carico omogeneo,Colore della Pasta,"Saturo, non troppo carico. Omogeneo",4,24140
Colore della Pasta::paglierino chiaro omogeneo,Colore della Pasta,Paglierino chiaro omogeneo,8,24143
Colore della Pasta::giallo abbastanza carico,Colore della Pasta,Giallo abbastanza carico,4,24144
Colore della Pasta::regolare,Colore della Pasta,Regolare,4,24145
Colore della Pasta::omogeneo ma carico,Colore della Pasta,Omogeneo ma carico,10,24146
Colore della Pasta::paglierino carico con leggero alone verde grigiastro,Colore della Pasta,Paglierino carico con leggero alone verde grigiastro,4,24147
Profumo::disomogeneo tra le porzioni 2 in positivo latte e panna intensità alta 2 in negativo verdure lesse intensità alta,Profumo,disomogeneo tra le porzioni;2 in positivo latte e panna intensità alta;2 in negativo verdure lesse intensità alta,4,24148
Profumo::vegetale e latte cotto,Profumo,vegetale e latte cotto,4,24149
Profumo::fievole,Profumo,fievole,4,24150
Profumo::formaggio fritto e crosta di formaggio,Profumo,formaggio fritto;e crosta di formaggio,4,24151
Profumo::debole sentore di brodo,Profumo,debole sentore di brodo,4,24152
Profumo::burro fuso leggera crosta,Profumo,"burro fuso, leggera crosta",4,24153
Profumo::all'apertura leggero floreale molto volatile poi lattici cotti e crosta di grana anche difformi fra i pezzi,Profumo,"all'apertura leggero floreale molto volatile, poi lattici cotti e crosta di grana, anche difformi fra i pezzi",4,24155
Profumo::ruttato latioco cotto e legera nota fermentata,Profumo,"ruttato, latioco cotto e legera nota fermentata",4,24157
Sapore::dolce intensità alta salato intensità media,Sapore,dolce intensità alta;salato intensità media,4,24158
Sapore::amaro tossico e piccante,Sapore,amaro tossico e piccante,4,24160
Sapore::acidi piccante umami,Sapore,acidi;piccante;umami,4,24161
Sapore::leggermente salato piccante e umami,Sapore,"leggermente salato, piccante e umami",4,24164
Sapore::amaro deciso e penalizzante,Sapore,amaro deciso e penalizzante,4,24165
Sapore::nota piccante prevalente equilibrati gli altri gusti,Sapore,"nota piccante prevalente, equilibrati gli altri gusti",4,24167
Aroma::cotto gorgonzola,Aroma,cotto gorgonzola,4,24169
Aroma::latte cotto&bruciato,Aroma,latte cotto&bruciato,4,24172
Aroma::formaggio cotto e crosta ma non fastidioso,Aroma,"formaggio cotto e crosta, ma non fastidioso.",4,24174
Aroma::breve e iniziale sentore animale poi crosta di grana lattici cotti,Aroma,"breve e iniziale sentore animale, poi crosta di grana, lattici cotti",4,24175
Aroma::diffettoso,Aroma,diffettoso,4,24176
Aroma::brodo di carne lalattico cotto,Aroma,brodo di carne lalattico cotto,4,24177
Texture::in 3 porzioni presenza di cristalli di tirosina intensità alta 1 porzione senza tirosina friabilità e solubilità intensità media,Texture,in 3 porzioni presenza di cristalli di tirosina intensità alta;1 porzione senza Tirosina;friabilità e solubilità intensità media,4,24178
Texture::morbido asciutto tende ad impastare cristalli poco sol,Texture,morbido asciutto tende ad impastare cristalli poco sol,4,24179
Texture::cristalloni umido impasta le fauci,Texture,cristalloni. umido impasta le fauci,4,24180
Texture::buona friabilità' presenti cristalli,Texture,"buona friabilità', presenti cristalli",4,24182
Texture::abbastanza solubile un poco pastoso,Texture,"abbastanza solubile, un poco pastoso",4,24183
Texture::compattp e poco strutturato grana molto fine e solubile cristalli presenti,Texture,"compattp e poco strutturato, grana molto fine e solubile, cristalli presenti",4,24184
Texture::friabile granuloso discretamente solubile,Texture,"friabile, granuloso, discretamente solubile",4,24185
Texture::cristalli alta solubilità' poca struttura,Texture,cristalli alta solubilità' poca struttura,4,24186
Texture::grossi cristalli di tirosina il formaggio scioglie bene in bocca e sparisce in breve tempo,Texture,"Grossi cristalli di tirosina, il formaggio scioglie bene in bocca e sparisce in breve tempo",4,24187
Spessore della Crosta::media 11mm,Spessore della Crosta,Media 11mm,8,24188
Spessore della Crosta::1cm,Spessore della Crosta,1cm,16,24193
Struttura della Pasta::regolare granulosa presenza microocchiatura,Struttura della Pasta,Regolare granulosa Presenza Microocchiatura,4,24198
Struttura della Pasta::frattura molto regolare e grandiosa con cristalli piccoli e frequenti e microocchiatura p fitta in centro e su un lato,Struttura della Pasta,Frattura molto regolare e grandiosa con cristalli piccoli e frequenti e microocchiatura p fitta in centro e su un lato,4,24199
Struttura della Pasta::buona frattura microocchiatura diffusa anche diametri superiori al mm grana omogenea e fine,Struttura della Pasta,"Buona frattura. Microocchiatura diffusa, anche diametri superiori al mm. Grana omogenea e fine",4,24200
Struttura della Pasta::presenza di molte microocchiature leggermente gessata,Struttura della Pasta,Presenza di molte Microocchiature Leggermente gessata,4,24201
Struttura della Pasta::frattura regolare e grana fine ma microocchiatura diffusa,Struttura della Pasta,Frattura regolare e grana fine ma microocchiatura diffusa,4,24202
Struttura della Pasta::presente microocchiature diffuse,Struttura della Pasta,Presente microocchiature diffuse,4,24203
Struttura della Pasta::frattura regolare ma pasta compatta poco grandiosa e con occhiatura diffusa,Struttura della Pasta,"Frattura regolare ma pasta compatta, poco grandiosa e con Occhiatura diffusa",4,24204
Struttura della Pasta::microocchiatura diffusa frattura regolare,Struttura della Pasta,"Microocchiatura diffusa, frattura regolare",4,24205
Struttura della Pasta::granulosa frattura regolare peccato per occhiatura diffusa,Struttura della Pasta,Granulosa frattura regolare peccato per occhiatura diffusa,4,24206
Struttura della Pasta::molto spinosa con occhi fino e 2 mm frattura molto regolare,Struttura della Pasta,"Molto spinosa con occhi fino e 2 mm , frattura molto regolare",4,24207
Colore della Pasta::una chiazza leggermente più carica in centro,Colore della Pasta,Una chiazza leggermente più carica in centro,4,24209
Colore della Pasta::omogenea non troppo carica alone ristretto alcentro,Colore della Pasta,Omogenea non troppo carica. Alone ristretto alcentro,4,24210
Colore della Pasta::colore chiara e omogenea,Colore della Pasta,Colore chiara e omogenea,4,24214
Colore della Pasta::omogeneo e abbastanza chiaro,Colore della Pasta,Omogeneo e abbastanza chiaro,4,24215
Colore della Pasta::omogeneo paglierino chiaro con alone verdognolo,Colore della Pasta,Omogeneo paglierino chiaro con alone verdognolo,4,24217
Profumo::frutta matura intensità medio alta,Profumo,frutta matura intensità medio alta,4,24218
Profumo::intensità discreta alla prima olfazione quasi nota animale poi si perde latte uht cotto burro sciolto tostato,Profumo,"intensità discreta. alla prima olfazione quasi nota animale, poi si perde. latte uht. cotto. burro sciolto. tostato",4,24220
Profumo::latte panna brodo vegetale,Profumo,latte;panna;brodo vegetale;,4,24221
Profumo::crosta e brodo vegetale,Profumo,crosta e brodo vegetale,4,24222
Profumo::profumo equilibrato di panna e latte cotto,Profumo,profumo equilibrato di panna e latte cotto,4,24223
Profumo::all'apertura vegetali intensi poi lattici cotti tostati quasi caffè complessivamente non negativi,Profumo,"all'apertura vegetali intensi, poi lattici cotti, tostati quasi caffè, complessivamente non negativi",4,24225
Profumo::brodo di carne burro fuso e panna,Profumo,brodo di carne burro fuso e panna,4,24227
Sapore::acido e salato intensità media,Sapore,acido e salato intensità media,4,24228
Sapore::sapore pieno nulla eccede non dolce,Sapore,"sapore pieno, nulla eccede. non dolce",4,24230
Sapore::leggermente acido dolce,Sapore,leggermente acido;dolce,4,24231
Sapore::crosta formaggio cotto,Sapore,"crosta, formaggio cotto",4,24232
Sapore::equilibrato non piccante buono,Sapore,"equilibrato, non piccante. buono",4,24233
Sapore::umami piuttosto carico,Sapore,umami piuttosto carico,4,24234
Sapore::umami e amaro leggermente prevalenti ma non molto intensi,Sapore,"umami e amaro leggermente prevalenti, ma non molto intensi",4,24235
Sapore::dolce equilibrato leggermente piccante,Sapore,dolce equilibrato leggermente piccante,4,24236
Sapore::equilibrato con nota leggermente pungente,Sapore,equilibrato con nota leggermente pungente,4,24237
Aroma::frutta matura intenistà alta,Aroma,frutta matura intenistà alta,4,24238
Aroma::latte panna ma poco da grana leggera muffa,Aroma,latte panna ma poco da grana leggera muffa,4,24239
Aroma::non e tipico del grana,Aroma,non e- tipico del grana.,4,24243
Aroma::formaggio cotto piuttosto intenso pu dare fastidio,Aroma,"formaggio cotto piuttosto intenso, pu; dare fastidio",4,24244
Aroma::principalmente lattico cotto,Aroma,principalmente lattico cotto,4,24247
Texture::friabilità e solubilità sufficienti durezza molto scarsa triosina assente,Texture,friabilità e solubilità sufficienti;durezza molto scarsa;triosina assente,4,24248
Texture::morbido poco granuloso no cristalli (1),Texture,morbido poco granuloso no cristalli (1),4,24249
Texture::umido molle friabilità bassa cristelli pochi ma presenti impasta la bocca,Texture,umido. molle. friabilità bassa. cristelli pochi ma presenti. impasta la bocca,4,24250
Texture::morbido poco solubile pochi cristalli,Texture,"morbido, poco solubile, pochi cristalli",4,24252
Texture::poca grana pastoso poco solubile,Texture,"poca grana, pastoso, poco solubile",4,24253
Texture::morbido e pastoso asciutto sembra grana giovane,Texture,"morbido e pastoso, asciutto, sembra grana giovane",4,24254
Texture::pastoso deformabile poco friabile poca grana cedevole,Texture,"pastoso, deformabile, poco friabile, poca grana, cedevole",4,24255
Texture::la bocca non rimane pulita,Texture,la bocca non rimane pulita,4,24257
Spessore della Crosta::media 8mm,Spessore della Crosta,Media 8mm,16,24258
Spessore della Crosta::più evidente su 1 lato angoli e scalzo,Spessore della Crosta,Più evidente su 1 lato angoli e scalzo,4,24259
Spessore della Crosta::limite sfumato scalzi spessi,Spessore della Crosta,Limite sfumato. Scalzi spessi,4,24260
Spessore della Crosta::crosta fine 08 cm ma con unghia marcata agli spigoli,Spessore della Crosta,Crosta fine 08 cm ma con unghia marcata agli spigoli,4,24263
Spessore della Crosta::decisamente più spesso sugli scalzo uno in particolare,Spessore della Crosta,"Decisamente più spesso sugli scalzo,uno in particolare",4,24265
Spessore della Crosta::sottile nei piatti spigoli molto pronunciati,Spessore della Crosta,Sottile nei piatti spigoli molto pronunciati,4,24266
Spessore della Crosta::piatti sottili scalzo spesso,Spessore della Crosta,Piatti sottili scalzo spesso,4,24267
Struttura della Pasta::disomogenea frattura irregolare,Struttura della Pasta,Disomogenea Frattura irregolare,12,24268
Struttura della Pasta::frattura grana non omogenee con striature e microocchiature,Struttura della Pasta,Frattura grana non omogenee con striature e microocchiature,4,24269
Struttura della Pasta::tende alla stiratura nel cuore frattura discreta,Struttura della Pasta,Tende alla stiratura nel cuore. Frattura discreta,4,24270
Struttura della Pasta::frattura regolare leggermente striato e microocchiatura,Struttura della Pasta,"Frattura regolare,leggermente striato e microocchiatura",4,24272
Struttura della Pasta::struttura della pasta non omogenea in alcune zone tendente allo stirato,Struttura della Pasta,"Struttura della pasta non omogenea, in alcune zone tendente allo stirato",4,24273
Struttura della Pasta::frattura leggermente affossata struttura granulare piccola zona con occhiatura >2 mm 2/3 occhi,Struttura della Pasta,"Frattura leggermente affossata, struttura granulare, piccola zona con Occhiatura >2 mm, 2/3 occhi,",4,24274
Struttura della Pasta::frattura abbastanza regolare in un punto otto uno spigolo pare più secca del resto grana abbastanza omogenea,Struttura della Pasta,"Frattura abbastanza regolare, in un punto otto uno spigolo pare più secca del resto, grana abbastanza omogenea",4,24275
Struttura della Pasta::struttura grossolana frattura grossolana microocchiatura,Struttura della Pasta,Struttura grossolana Frattura grossolana microocchiatura,4,24276
Struttura della Pasta::grandiosa assenza si impugnatura frattura abbastanza regolare,Struttura della Pasta,"Grandiosa assenza si impugnatura, frattura abbastanza regolare",4,24277
Colore della Pasta::colorazione chiara leggermente allonato al centro,Colore della Pasta,Colorazione chiara leggermente allonato al centro,4,24278
Colore della Pasta::alone scuro e sotto un piatto più bianco,Colore della Pasta,Alone scuro e sotto un piatto più bianco,4,24279
Colore della Pasta::carico soprattutto al centro,Colore della Pasta,"Carico, soprattutto al centro",4,24283
Colore della Pasta::giallo chiaro con sfumature grigiastro leggera,Colore della Pasta,"Giallo chiaro con sfumature grigiastro,leggera",4,24284
Colore della Pasta::abbastanza omogeneo e chiaro,Colore della Pasta,Abbastanza omogeneo e chiaro,10,24285
Colore della Pasta::tendente al chiaro ma alone centrale,Colore della Pasta,Tendente al chiaro ma alone centrale,4,24286
Colore della Pasta::omogenea paglierino chiaro con alone verdastro,Colore della Pasta,"Omogenea Paglierino chiaro, con alone verdastro",4,24287
Profumo::frutta matura intensità alta,Profumo,frutta matura intensità alta,4,24288
Profumo::animale letame,Profumo,animale letame,4,24289
Profumo::puzza di piedi,Profumo,puzza di piedi,4,24290
Profumo::crosta e brodo,Profumo,crosta e brodo,8,24292
Profumo::molto delicato non ricorda il grana,Profumo,"molto delicato, non ricorda il grana",4,24293
Profumo::ossidato e crosta,Profumo,ossidato e crosta,4,24294
Profumo::emmental no difetti ma non tipico,Profumo,emmental no difetti ma non tipico,4,24296
Profumo::fruttato panna burro fusoe leggero sentore di verdure cotte e pane tostato,Profumo,"fruttato, panna, burro fusoe leggero sentore di verdure cotte e pane tostato",4,24297
Sapore::dolce intensità alta piccante intensità media,Sapore,dolce intensità alta;piccante intensità media,4,24298
Sapore::manca di pienezza forse manca umami,Sapore,manca di pienezza. forse manca umami,4,24300
Sapore::un p insapore,Sapore,un p; insapore,4,24302
Sapore::gusti abbasrtana equilibrati e piccante praticamente assente,Sapore,gusti abbasrtana equilibrati e piccante praticamente assente,4,24304
Sapore::non squilibrato medio intenso,Sapore,"non squilibrato, medio intenso,",4,24305
Sapore::inizialmente sapido e leggermente piccante poi segue il dolce,Sapore,"inizialmente sapido e leggermente piccante, poi segue il dolce",4,24307
Aroma::frutta matura intensità alta,Aroma,frutta matura intensità alta,4,24308
Aroma::odore fermentato non da trentingrana,Aroma,odore fermentato non da trentingrana,4,24310
Aroma::non tipico nostrano,Aroma,non tipico. nostrano,4,24313
Aroma::crosta e ossidato,Aroma,crosta e ossidato.,8,24314
Aroma::latte cotto molto neutro,Aroma,"latte cotto, molto neutro",4,24315
Aroma::non tipico,Aroma,non tipico,4,24316
Aroma::principalmente sentore di lattico cotto,Aroma,principalmente sentore di lattico cotto,4,24317
Texture::fuori standard,Texture,fuori standard,4,24318
Texture::elastico granuloso asciutto pochi cristalli non molto sol,Texture,elastico granuloso asciutto pochi cristalli non molto sol,4,24319
Texture::riesce ad essere asciutto anche se umido friabilità quasi nulla,Texture,riesce ad essere asciutto anche se umido. friabilità quasi nulla,4,24320
Texture::molle e senza grana,Texture,molle e senza grana,8,24323
Texture::abbastanza durto e cpompatto grana molto fine cristalli non percepiti un poco' asciutto,Texture,"abbastanza durto e cpompatto, grana molto fine, cristalli non percepiti, un poco' asciutto",4,24324
Texture::piuttosto compatto e poco friabile pastoso poco solubile,Texture,"piuttosto compatto e poco friabile, pastoso, poco solubile",4,24325
Texture::inizialmente granuloso poi si scioglie bree e lascia la bocca abbastanza pulita,Texture,inizialmente granuloso poi si scioglie bree e lascia la bocca abbastanza pulita,4,24327
Spessore della Crosta::non cosi evidente dato lo sfondo molto carico,Spessore della Crosta,Non cosi evidente dato lo sfondo molto carico,4,24329
Spessore della Crosta::1 2 cm,Spessore della Crosta,"1,2 cm",8,24333
Spessore della Crosta::media 1 spigoli pronunciati,Spessore della Crosta,Media 1 spigoli pronunciati,4,24336
Struttura della Pasta::non omogenea aree stirate,Struttura della Pasta,Non omogenea aree stirate,4,24338
Struttura della Pasta::stirata con profonde fratture,Struttura della Pasta,Stirata con profonde fratture,4,24339
Struttura della Pasta::evidenti fratture centrali stirata,Struttura della Pasta,Evidenti fratture centrali Stirata,4,24341
Struttura della Pasta::striature presenza di crepe,Struttura della Pasta,"Striature,presenza di crepe",4,24342
Struttura della Pasta::stirata in varie parti non da grana presenti spacchi,Struttura della Pasta,"Stirata in varie parti, non da grana. Presenti spacchi",4,24343
Struttura della Pasta::pasta non granulosa compatta e stirata con fessura interna,Struttura della Pasta,"Pasta non granulosa, compatta e stirata, con fessura interna",4,24344
Struttura della Pasta::stirata fratture,Struttura della Pasta,"Stirata, fratture",4,24345
Struttura della Pasta::grandi fessure stirata,Struttura della Pasta,Grandi fessure stirata,4,24346
Struttura della Pasta::tra paglierino carico e dorato distribuzione omogenea,Struttura della Pasta,Tra Paglierino carico e dorato distribuzione omogenea,4,24347
Colore della Pasta::carico aranciato,Colore della Pasta,Carico aranciato,16,24348
Colore della Pasta::molto carico con fascia leggermente più chiara sotto un piatto,Colore della Pasta,Molto Carico con fascia leggermente più chiara sotto un piatto,4,24349
Colore della Pasta::giallo grigio,Colore della Pasta,Giallo grigio,4,24352
Colore della Pasta::molto carico aranciato,Colore della Pasta,Molto carico. Aranciato,4,24353
Colore della Pasta::molto intenso e sfumato fra i piatti,Colore della Pasta,Molto intenso e sfumato fra i piatti,4,24355
Colore della Pasta::giallo intenso con alone centrale,Colore della Pasta,Giallo intenso con alone centrale,4,24356
Colore della Pasta::grana fine frattura regolare,Colore della Pasta,Grana fine frattura regolare,4,24357
Profumo::non equilibrato brodo vegetale dominante,Profumo,"non equilibrato, brodo vegetale dominante",4,25502
Profumo::burro fuso burro leggera crosta pungente,Profumo,"burro fuso, burro, leggera crosta pungente",4,25503
Profumo::difetto biscotto tostato,Profumo,"difetto, biscotto tostato",4,25508
Profumo::odore i latticini freschi + e verdura lessata,Profumo,odore i latticini freschi + e verdura lessata -,4,25509
Profumo::leggero per fortuna perché' percepisco una nota fecale,Profumo,leggero. per fortuna perché' percepisco una nota fecale,4,25510
Profumo::tostatura eccessiva gomma bruciata,Profumo,"tostatura eccessiva, gomma bruciata",4,25511
Sapore::umami troppo evidente,Sapore,umami troppo evidente,4,25513
Sapore::equilibrato tra le diverse note,Sapore,"equilibrato tra le diverse note,",4,25514
Sapore::latte fresco,Sapore,latte fresco,4,25516
Sapore::salato leggermente piccante sulla lingua,Sapore,"salato, leggermente piccante sulla lingua",4,25517
Sapore::non piccante con percezione dolce,Sapore,"non piccante, con percezione dolce",4,25520
Sapore::anche dolce,Sapore,anche dolce,4,25521
Sapore::anonimo con amaro,Sapore,anonimo con amaro...,4,25522
Aroma::poco caratteristico sedano brodo vegetale,Aroma,"poco caratteristico, sedano, brodo vegetale",4,25524
Aroma::sempre quella nota da crosta di formaggio,Aroma,sempre quella nota da crosta di formaggio,4,25525
Aroma::ricorda il nostrano,Aroma,ricorda il nostrano,4,25528
Aroma::erbe amare,Aroma,erbe amare,16,25529
Aroma::sentore di lessato leggerissimo ma non piacevole,Aroma,sentore di lessato leggerissimo ma non piacevole,4,25531
Aroma::continua a puzzare,Aroma,continua a puzzare,4,25532
Aroma::non piacevole strano,Aroma,"non piacevole, strano",4,25533
Texture::granulosa e solubile,Texture,granulosa e solubile,4,25535
Texture::buon equilibrio tra microstruttura e cristalli,Texture,"buon equilibrio tra microstruttura e cristalli,",4,25536
Texture::granuloso asciutto cristalli lascia un poco di residuo,Texture,granuloso asciutto cristalli lascia un poco di residuo,4,25537
Texture::duro e poco solubile,Texture,duro e poco solubile,4,25539
Texture::grana fine asciutto pastoso,Texture,"grana fine, asciutto, pastoso,",4,25542
Texture::friabile non asciutto non impasta,Texture,"friabile, non asciutto, non impasta",4,25543
Texture::asciutto poco equilibrio tra umidità/solubil/friabilità,Texture,asciutto......poco equilibrio tra umidità/solubil/friabilità;,4,25544
Texture::scarsa soprattutto impercettibili i cristalli di tirosina,Texture,scarsa;soprattutto impercettibili i cristalli di tirosina,4,25545
Spessore della Crosta::spessore medio 9mm spigoli media 15mm,Spessore della Crosta,Spessore medio 9mm Spigoli media 15mm,4,25546
Spessore della Crosta::11 ma colore sottoscritta aranciato,Spessore della Crosta,11 ma colore sottoscritta aranciato,4,25547
Spessore della Crosta::abbondante lateralmente,Spessore della Crosta,Abbondante lateralmente,4,25549
Spessore della Crosta::fine sei piatti più marcata sugli scalzi,Spessore della Crosta,Fine sei piatti più marcata sugli scalzi,4,25551
Spessore della Crosta::10 più intenso su un piatto,Spessore della Crosta,10 più intenso su un piatto,4,25553
Struttura della Pasta::mista granulosa/ruvida più penalizzata al centro,Struttura della Pasta,Mista Granulosa/ruvida più penalizzata al centro,4,25557
Struttura della Pasta::zona sotto un piatto con frattura grana media,Struttura della Pasta,Zona sotto un piatto con frattura grana media,4,25558
Struttura della Pasta::omogenea e grintosa frattura buona,Struttura della Pasta,Omogenea e grintosa. Frattura buona,4,25559
Struttura della Pasta::buona struttura,Struttura della Pasta,Buona struttura,4,25560
Struttura della Pasta::striature centrali crepa vicino scalzo,Struttura della Pasta,"Striature centrali,crepa vicino scalzo",4,25561
Struttura della Pasta::grana regolare sfoglie sottocrosta,Struttura della Pasta,Grana regolare ... Sfoglie sottocrosta,4,25562
Struttura della Pasta::leggermente stirata fratturata sotto il piatto frattura abbastanza regolare,Struttura della Pasta,"Leggermente stirata, fratturata sotto il piatto, frattura abbastanza regolare",4,25563
Struttura della Pasta::grana grossolana non omogenea sotto un piatto strappi,Struttura della Pasta,"Grana grossolana, non omogenea, sotto un piatto strappi",4,25564
Struttura della Pasta::bella frattura struttura granulosa con presenza di piccole sfoglie e zone meno profilate,Struttura della Pasta,"Bella frattura, struttura granulosa con presenza di piccole sfoglie e zone meno profilate",4,25565
Struttura della Pasta::bella presenza di grana frattura omogenea qualche taglio,Struttura della Pasta,"Bella presenza di grana, frattura omogenea, qualche taglio..",4,25566
Struttura della Pasta::punto bagnato grana bella uniforme qualche fessura verso un piatto,Struttura della Pasta,Punto bagnato grana bella uniforme qualche fessura verso un piatto,4,25567
Colore della Pasta::alone carico al centro,Colore della Pasta,Alone carico al centro,8,25568
Colore della Pasta::carico con fascia più chiara sotto un piatto,Colore della Pasta,Carico con fascia più chiara sotto un piatto,4,25569
Colore della Pasta::carico per lo più 1 piatto e due scalzi più chiari,Colore della Pasta,Carico per lo più. 1 piatto e due scalzi più chiari,4,25570
Colore della Pasta::non omogeneo lateralmente,Colore della Pasta,Non omogeneo lateralmente,4,25571
Colore della Pasta::colore marcato al centro,Colore della Pasta,Colore marcato al centro,4,25573
Colore della Pasta::alone più scuro non marcato,Colore della Pasta,Alone più scuro non marcato,4,25574
Colore della Pasta::più chiaro sotto un piatto alone tendente al rosa,Colore della Pasta,"Più chiaro sotto un piatto, alone tendente al rosa",4,25575
Colore della Pasta::tendenzialmente carico,Colore della Pasta,Tendenzialmente carico.,4,25577
Profumo::intenso equilibrato piacevoli note lattiche cotte e di brodo,Profumo,"intenso, equilibrato, piacevoli note lattiche cotte e di brodo",4,25579
Profumo::leggero sentore di ossidato e di erba fermentata,Profumo,leggero sentore di ossidato e di erba fermentata,4,25583
Profumo::sentore di panna burro,Profumo,"sentore di panna, burro",4,25585
Profumo::leggero odore di stalla,Profumo,leggero odore di stalla,4,25586
Profumo::latte/grana e un poco fruttato ma non intensi i profumi,Profumo,latte/grana e un poco fruttato.. ma non intensi i profumi,4,25588
Profumo::vegetali fermentato,Profumo,vegetali fermentato,4,25589
Sapore::dolce sapido sapidità' contenuta carente di piccantezza umami ok,Sapore,"dolce sapido, sapidità' contenuta, carente di piccantezza, umami ok",4,25590
Sapore::eccesso di umami e salto,Sapore,"eccesso di umami, e salto",4,25591
Sapore::leggermente amaro salato,Sapore,leggermente amaro salato,4,25592
Sapore::salato leggermente piccante alla fine,Sapore,"salato, leggermente piccante alla fine",4,25595
Sapore::non equi salato amaro,Sapore,non equi salato amaro,4,25596
Sapore::piccante e amarognolo,Sapore,piccante e amarognolo,4,25597
Aroma::meno complesso che al naso un poco piatto burro fuso e brodo,Aroma,"meno complesso che al naso, un poco piatto, burro fuso e brodo",4,25601
Aroma::umami,Aroma,umami,4,25602
Aroma::aroma di fermentato,Aroma,aroma di fermentato,4,25605
Aroma::crosta di pane latte cotto,Aroma,"crosta di pane, latte cotto",4,25606
Aroma::stalla e crosta,Aroma,stalla e crosta,4,25608
Aroma::medio forse ricorda altri formaggi rispetto al retrogusto grana,Aroma,medio... forse ricorda altri formaggi rispetto al retrogusto grana,4,25610
Texture::ancora un poco umida umida ma solubile compatta mediamente granulosa,Texture,"ancora un poco umida umida ma solubile, compatta, mediamente granulosa",4,25612
Texture::poco microcristalli m aun p di grana,Texture,poco microcristalli m aun p; di grana,4,25613
Texture::pastoso asciutto poco sol qualche crist,Texture,pastoso asciutto poco sol qualche crist,4,25614
Texture::pastoso e poco solubile consistenza molle sotto i denti,Texture,pastoso e poco solubile. consistenza molle sotto i denti;,4,25616
Texture::granuloso finale,Texture,granuloso finale,4,25617
Texture::moderatamente duro pastoso e asciutto granuloso,Texture,"moderatamente duro, pastoso e asciutto, granuloso",4,25619
Texture::microcristalli un pochetto morbido,Texture,microcristalli. un pochetto morbido,4,25620
Texture::durezza elevata buona presenza di granuli umidità' a posto,Texture,"durezza elevata, buona presenza di granuli, umidità' a posto...",4,25621
Spessore della Crosta::spessore medio 7mm spigoli da 10 a 15mm,Spessore della Crosta,Spessore medio 7mm Spigoli da 10 a 15mm,4,25623
Spessore della Crosta::lateralmente superiore al cm sul piatti regolare,Spessore della Crosta,Lateralmente superiore al cm sul piatti regolare,4,25626
Spessore della Crosta::più intenso sotto uno scalzo e un piatto,Spessore della Crosta,Più intenso sotto uno scalzo e un piatto,4,25630
Spessore della Crosta::leggermente più spessa della media,Spessore della Crosta,Leggermente Più spessa della media,4,25631
Spessore della Crosta::spigoli pronunciati sopra il cm,Spessore della Crosta,Spigoli pronunciati sopra il cm,4,25633
Struttura della Pasta::mista tra regolare e simil stirata al centro ma non da penalizzare,Struttura della Pasta,Mista tra regolare e simil stirata al centro ma non da penalizzare,4,25634
Struttura della Pasta::frattura regolare microochiatura inf mm struttura irregolare centrale stirata sotto lo scalzo zona spugnosa qualche frattura perle evidenti,Struttura della Pasta,Frattura regolare microochiatura inf mm struttura irregolare centrale stirata sotto lo scalzo zona spugnosa qualche frattura perle evidenti,4,25635
Struttura della Pasta::stiratura centrale a fasci grossi,Struttura della Pasta,Stiratura centrale a fasci grossi,4,25636
Struttura della Pasta::poca struttura molto pressareta,Struttura della Pasta,Poca struttura molto pressareta,4,25637
Struttura della Pasta::striature centrali con microocchiatura,Struttura della Pasta,Striature centrali con Microocchiatura,4,25638
Struttura della Pasta::setata,Struttura della Pasta,Setata??,4,25639
Struttura della Pasta::stirata e fratturata saponosa,Struttura della Pasta,"Stirata e fratturata, saponosa",4,25640
Struttura della Pasta::frattura regolare grana bella a tratti in altri un poco' stirata frattura area spugnosa sotto uno scalzo,Struttura della Pasta,"Frattura regolare, grana bella a tratti, in altri un poco' stirata, frattura, area spugnosa sotto uno scalzo",4,25641
Struttura della Pasta::presenza di piccola sfoglia grana poco profilata e struttura stirata al centro,Struttura della Pasta,"Presenza di piccola sfoglia, grana poco profilata e struttura stirata al centro",4,25642
Struttura della Pasta::stirato con grana grossa spaccatura frattura omogenea,Struttura della Pasta,"Stirato con grana grossa, spaccatura, frattura omogenea",4,25643
Struttura della Pasta::stirata occhi fini grana grossolana fessura al centro spugna di occhi su un lato,Struttura della Pasta,Stirata occhi fini grana grossolana fessura al centro spugna di occhi su un lato,4,25644
Colore della Pasta::alone centrale non carico ma evidentemente,Colore della Pasta,Alone centrale non carico ma evidentemente,4,25645
Colore della Pasta::chiaro con zona bianca sotto lo scalzo alone centrale,Colore della Pasta,Chiaro con zona bianca sotto lo scalzo alone centrale,4,25646
Colore della Pasta::appena più carico al centro verso uno scalzo paglierino chiarissimo,Colore della Pasta,Appena più carico al centro. Verso uno scalzo paglierino chiarissimo.,4,25647
Colore della Pasta::macchia più scura al centro,Colore della Pasta,Macchia più scura al centro,4,25648
Colore della Pasta::leggeri alone più carico in centro,Colore della Pasta,Leggeri alone più carico in centro,4,25651
Colore della Pasta::più chiaro sotto uno scalzo leggero alone,Colore della Pasta,"Più chiaro sotto uno scalzo, leggero alone",4,25652
Colore della Pasta::tende al chiaro è omogeneo,Colore della Pasta,Tende al chiaro è omogeneo,4,25654
Colore della Pasta::giallo tende al carico non uniforme,Colore della Pasta,Giallo tende al carico non uniforme,4,25655
Profumo::non particolarmente intenso piatto note animali e di paglia a tratti di acqua ristagnante,Profumo,"non particolarmente intenso, piatto, note animali e di paglia, a tratti di acqua ristagnante",4,25656
Profumo::burrro fuso latte,Profumo,"burrro fuso, latte",4,25657
Profumo::profumo molto delicato quasi impercettibile,Profumo,"profumo molto delicato, quasi impercettibile.",4,25660
Profumo::panna vaniglia frutta farina,Profumo,"panna, vaniglia, frutta, farina",4,25661
Profumo::crosta e cotto,Profumo,crosta e cotto,4,25663
Profumo::una nota di stalla formaggio cotto tanto e burro discreta l intensità,Profumo,"una nota di stalla, formaggio cotto, tanto, e burro. discreta l-intensità",4,25664
Profumo::note fermentative insilato e kiwi stramaturo non piacevole,Profumo,"note fermentative, insilato e kiwi stramaturo, non piacevole",4,25665
Profumo::animale stallatico,Profumo,animale stallatico,4,25666
Sapore::dolcezza evidente sapidità' ok umami marcato piccante ok nel complesso abbastanza equilibrato,Sapore,"dolcezza evidente, sapidità' ok, umami marcato, piccante ok, nel complesso abbastanza equilibrato",4,25667
Sapore::umami dolce,Sapore,"umami, dolce",4,25672
Sapore::equilib dolce,Sapore,equilib dolce,4,25673
Sapore::equilibrato verso il basso,Sapore,equilibrato verso il basso,4,25675
Sapore::medio equilibrio con note anche dolciastre,Sapore,medio equilibrio con note anche dolciastre,4,25676
Aroma::non sempre pulito in bocca alle note tipiche si affiancano su alcune porzioni note animali poco gradevoli,Aroma,"non sempre pulito in bocca, alle note tipiche si affiancano su alcune porzioni note animali poco gradevoli",4,25678
Aroma::nessun aroma percepito molto neutro,Aroma,nessun aroma percepito molto neutro,4,25679
Aroma::vegetale,Aroma,vegetale,8,25680
Aroma::poco caratteristico poco aroma,Aroma,"poco caratteristico, poco aroma.",4,25682
Aroma::quanta stalla signora mia,Aroma,"quanta stalla, signora mia!",4,25686
Aroma::burro/brodo vegetale,Aroma,burro/brodo vegetale,4,25687
Texture::granulosa solubile abbastanza asciutta,Texture,"granulosa, solubile, abbastanza asciutta",4,25689
Texture::senza struttura e cristalli,Texture,senza struttura e cristalli,4,25690
Texture::impasta asciutto poco granuloso poco sol qualche cristallo,Texture,impasta asciutto poco granuloso poco sol qualche cristallo,4,25691
Texture::pastoso in bocca poco solubile,Texture,"pastoso in bocca, poco solubile",4,25693
Texture::compatto un poco' adesivo poco friabile e poco solubile,Texture,"compatto, un poco' adesivo, poco friabile e poco solubile",4,25694
Texture::pastoso cristalli,Texture,pastoso cristalli,4,25695
Texture::grana fine sciutto e pastoso morbido,Texture,"grana fine, sciutto e pastoso, morbido",4,25696
Texture::troppo morbido astrutturato sembra la pasta dell emmental,Texture,troppo morbido astrutturato. sembra la pasta dell emmental,4,25697
Texture::asciutto troppo pastoso e poco friabile cristalli medii,Texture,"asciutto, troppo pastoso e poco friabile, cristalli medii",4,25698
Texture::duro ma da pasta stirata,Texture,duro ma da pasta stirata,4,25699
Spessore della Crosta::evidente minimo 10mm,Spessore della Crosta,Evidente Minimo 10mm,4,25700
Spessore della Crosta::sempre superiore ai 12 mm,Spessore della Crosta,Sempre superiore ai 12 mm,4,25702
Spessore della Crosta::piatto sottile lato abbondante,Spessore della Crosta,Piatto sottile lato abbondante,4,25703
Spessore della Crosta::intenso difetto che dall'esterno entra nellunghia,Spessore della Crosta,"Intenso, difetto che dall'esterno entra nellunghia",4,25707
Spessore della Crosta::più spesso della media,Spessore della Crosta,Più spesso della media,4,25708
Spessore della Crosta::molto variabile da piatto a scalzi media 12,Spessore della Crosta,Molto variabile da piatto a scalzi. Media 12,4,25709
Spessore della Crosta::spigoli grossolana,Spessore della Crosta,Spigoli grossolana,4,25710
Struttura della Pasta::mista con parte centrale stirata,Struttura della Pasta,Mista con parte centrale stirata,4,25711
Struttura della Pasta::frattura regolare ma struttura disomogenea zone stirate,Struttura della Pasta,Frattura regolare ma struttura Disomogenea zone stirate,4,25712
Struttura della Pasta::disomogenea perché stirata al centro in alcuni punti struttura assente,Struttura della Pasta,Disomogenea perché stirata al centro. In alcuni punti struttura assente,4,25713
Struttura della Pasta::molto stirata scarsa grana,Struttura della Pasta,Molto stirata scarsa grana,4,25714
Struttura della Pasta::pasta stirata,Struttura della Pasta,Pasta stirata,8,25716
Struttura della Pasta::spinosa stirata senza grana,Struttura della Pasta,"Spinosa, stirata, senza grana",4,25717
Struttura della Pasta::stirata e poca grana a tratti,Struttura della Pasta,Stirata e poca grana a tratti,4,25718
Struttura della Pasta::difettosa stirata,Struttura della Pasta,"Difettosa, stirata",12,25719
Struttura della Pasta::leggermente stirata con presenza di grana grossolana,Struttura della Pasta,Leggermente stirata con presenza di grana grossolana,4,25720
Struttura della Pasta::stirata poco presente occhi,Struttura della Pasta,Stirata poco presente occhi,4,25721
Colore della Pasta::alone centrale molto evidente,Colore della Pasta,Alone centrale molto evidente,4,25722
Colore della Pasta::evidente alone scuro,Colore della Pasta,Evidente alone scuro,4,25723
Colore della Pasta::bi colore al centro molto saturo,Colore della Pasta,Bi colore. Al centro molto saturo,4,25724
Colore della Pasta::ampia macchia interna rosa,Colore della Pasta,Ampia macchia interna rosa,4,25725
Colore della Pasta::alone centrale marcato,Colore della Pasta,Alone centrale marcato,4,25727
Colore della Pasta::vistoso alone centrale più scuro,Colore della Pasta,Vistoso alone centrale più scuro,4,25728
Colore della Pasta::deciso alone centrale aranciato,Colore della Pasta,Deciso alone centrale aranciato,4,25729
Colore della Pasta::evidente alone centrale colore nocciola,Colore della Pasta,Evidente alone centrale colore nocciola,4,25730
Colore della Pasta::molto presente un alone centrale,Colore della Pasta,Molto presente un alone centrale!,4,25731
Colore della Pasta::macchia molto scura al centro,Colore della Pasta,Macchia molto scura al centro,4,25732
Profumo::intenso abbastanza equilibrato nota di latte cotto dominante su un pezzo vira verso il bruciato,Profumo,"intenso, abbastanza equilibrato, nota di latte cotto dominante, su un pezzo vira verso il bruciato",4,25964
Profumo::burro burro fuso,Profumo,"burro, burro fuso",12,25965
Profumo::leggero fermentato,Profumo,leggero fermentato,8,25969
Profumo::chiuso,Profumo,chiuso,12,25970
Profumo::sentore di panna,Profumo,sentore di panna,4,25971
Profumo::profumo intenso latte cotto burro crosta,Profumo,"profumo intenso. latte cotto, burro, crosta",4,25972
Profumo::latte burro grana fieno e nocciola,Profumo,"latte, burro, grana, fieno e nocciola",4,25973
Sapore::dolce sapido con nota quasi rinfrescante lieve acidità,Sapore,"dolce sapido con nota quasi rinfrescante, lieve acidità",4,25975
Sapore::un p troppo piccante,Sapore,un p; troppo piccante,4,25976
Sapore::amarognolo umami,Sapore,"amarognolo, umami",4,25980
Sapore::umami accentuato ma non fastidioso,Sapore,umami accentuato ma non fastidioso,4,25982
Sapore::assenza di piccante non amaro non dolce buon equilibrio,Sapore,"assenza di piccante, non amaro , non dolce. buon equilibrio",4,25983
Sapore::peccato per la sapidità' leggermente forte nel complesso molto bene,Sapore,peccato per la sapidità' leggermente forte. Nel complesso molto bene,4,25984
Aroma::a tratti note di frutta fermentata e latte bruciato,Aroma,a tratti note di frutta fermentata e latte bruciato,4,25986
Aroma::brodo animale con punte di erbe amare,Aroma,brodo animale con punte di erbe amare,4,25991
Aroma::panna e leggero sentore di formaggio cotto,Aroma,panna e leggero sentore di formaggio cotto,4,25993
Aroma::burro grana piacevole,Aroma,"burro, grana piacevole",4,25995
Texture::umida cedevole poco solubile,Texture,"umida, cedevole, poco solubile",4,25997
Texture::buona l agran ae i mmicrocristalli,Texture,buona l agran ae i mmicrocristalli,4,25998
Texture::morbido granuloso pochi cristalli,Texture,morbido granuloso pochi cristalli,4,25999
Texture::umido solubile in bocca,Texture,"umido, solubile in bocca",4,26002
Texture::morbido a grana fine leggermente pastoso e asciutto con cristalli ben percepibili e piuttosto solubile,Texture,"morbido a grana fine, leggermente pastoso e asciutto, con cristalli ben percepibili e piuttosto solubile.",4,26004
Texture::morbido e umido cedevole anche se friabilità' non perfetta microstruttura media non fine,Texture,"morbido e umido. cedevole, anche se friabilità' non perfetta. microstruttura media, non fine",4,26005
Texture::morbido umido e solubile,Texture,"morbido, umido e solubile...",4,26006
Spessore della Crosta::vario mediamente 11 mm,Spessore della Crosta,Vario... Mediamente 11 mm,4,26017
Spessore della Crosta::uniforme 1cm,Spessore della Crosta,Uniforme 1cm,4,26018
Struttura della Pasta::mista ma regolare,Struttura della Pasta,Mista ma regolare,4,26019
Struttura della Pasta::grana un poco grossa e frattura un poco irregolare,Struttura della Pasta,Grana un Poco grossa e frattura un Poco irregolare,4,26020
Struttura della Pasta::frattura discreta struttura omogenea e granulosa,Struttura della Pasta,Frattura discreta. Struttura omogenea e granulosa,4,26021
Struttura della Pasta::scarsa la grana,Struttura della Pasta,Scarsa la grana,4,26022
Struttura della Pasta::frattura abbastanza regolare pasta stirata in centro,Struttura della Pasta,"Frattura abbastanza regolare, pasta stirata in centro,",4,26025
"Struttura della Pasta::frattura non bellissima ha fatto fatica a ""saltare"" comunque grana bella",Struttura della Pasta,"Frattura non bellissima, ha fatto fatica a ""saltare"", comunque grana bella",4,26027
Struttura della Pasta::grana grossa frattura media,Struttura della Pasta,"Grana grossa, frattura media.",4,26028
Struttura della Pasta::fine unifirme,Struttura della Pasta,Fine unifirme,4,26029
Colore della Pasta::carico rosato ma unif,Colore della Pasta,Carico rosato ma unif,4,26031
Colore della Pasta::omogeneo giallo di tonalità media,Colore della Pasta,"Omogeneo, giallo di tonalità media",4,26032
Colore della Pasta::bello abbastanza carico omogeneo,Colore della Pasta,"Bello, abbastanza carico, omogeneo",4,26038
Colore della Pasta::uniforme tende al chiaro,Colore della Pasta,Uniforme tende al chiaro,4,26040
Profumo::burro fuso dominante forse leggera nota pungente che ricorda il latte fermentato,Profumo,"burro fuso dominante, forse leggera nota pungente che ricorda il latte fermentato",4,26041
Profumo::odore sgradevole di fumo e altro che non riesco be a identificare,Profumo,odore sgradevole di fumo e altro che non riesco be a identificare,4,26048
Profumo::maturi i sentori latte cotto poco burro frutta secca pane,Profumo,"maturi i sentori, latte cotto, poco burro, frutta secca, pane",4,26049
Profumo::grana yogurth intenso,Profumo,"grana, yogurth, intenso..",4,26050
Profumo::difetti e pregi che si annullano,Profumo,difetti e pregi che si annullano,4,26051
Sapore::sapidità' medio alta umami marcato piccantezza medio alta non cosi armonico,Sapore,"sapidità' medio alta, umami marcato, piccantezza medio alta, non cosi armonico",4,26052
Sapore::molto piccante quasi da gorgonzola,Sapore,"molto piccante, quasi da gorgonzola",4,26053
Sapore::punta di piccante salato,Sapore,"punta di piccante, SALATO",12,26056
Sapore::dolce e umami,Sapore,dolce e umami,4,26057
Sapore::piccante salato non equilibrati,Sapore,piccante salato non equilibrati,4,26058
Sapore::leggera tendenza salata e umami intenso,Sapore,leggera tendenza salata e umami intenso,4,26059
Sapore::acido che spicca ma anche dolce salato basso,Sapore,"acido che spicca, ma anche dolce, salato basso",4,26060
Sapore::medio equilibrio finale amarognolo persistente,Sapore,"medio equilibrio, finale amarognolo...persistente",4,26061
Aroma::note lattiche caratteristiche poco complesso crosta di formaggio note fermentate,Aroma,"note lattiche caratteristiche, poco complesso, crosta di formaggio, note fermentate",4,26063
Aroma::formaggio erborinato,Aroma,"formaggio erborinato,",4,26064
Aroma::formaggio maturo passato,Aroma,"formaggio maturo, passato",4,26067
Aroma::cotto leggero,Aroma,cotto leggero,4,26070
Aroma::burro formaggio brodo,Aroma,"burro, formaggio, brodo...",4,26072
Texture::ancora umida un poco cedevole mediamente solubile,Texture,"ancora umida, un poco cedevole, mediamente solubile",4,26074
Texture::poca struttura granulare mancanza di cristalli,Texture,poca struttura granulare mancanza di cristalli,4,26075
Texture::granuloso ma impasta e poco sol,Texture,granuloso ma impasta e poco sol,4,26076
Texture::non friabile ma cedevole solubile in bocca ma non alla deglutizione poca grana un poco' untuoso,Texture,"non friabile ma cedevole, solubile in bocca ma non alla deglutizione, poca grana, un poco' untuoso",4,26079
Texture::morbido e pastoso grana fine e solubile pochi cristalli,Texture,"morbido e pastoso, grana fine e solubile, pochi cristalli",4,26081
Texture::troppo fondente nel finale impasta la bocca troppo morbido,Texture,"troppo fondente nel finale, impasta la bocca, troppo morbido",4,26082
Texture::molto pastosa/oleosa tanti cristalli troppo morbido,Texture,"molto pastosa/oleosa, tanti cristalli, troppo morbido",4,26083
Texture::scarsa (molle) ma con presenza di cristalli di tirosina,Texture,scarsa (molle) ma con presenza di cristalli di tirosina,4,26084
Spessore della Crosta::molto sottile prossima ai 5mm,Spessore della Crosta,Molto sottile prossima ai 5mm,4,26085
Spessore della Crosta::1 bel piatto con spessore inferiore ai 10 mm più spesso il resto,Spessore della Crosta,1 bel piatto con spessore inferiore ai 10 mm. Più spesso il resto,4,26087
Spessore della Crosta::buona la regolarità,Spessore della Crosta,Buona la regolarità,4,26088
Spessore della Crosta::chiaro e regolare,Spessore della Crosta,Chiaro e regolare,4,26092
Spessore della Crosta::più sottile verso una delle facce,Spessore della Crosta,Più sottile verso una delle facce,4,26093
Spessore della Crosta::variabile ma nel complesso fine,Spessore della Crosta,"Variabile, ma nel complesso fine!",4,26094
Spessore della Crosta::non uniforme,Spessore della Crosta,Non uniforme,4,26095
Struttura della Pasta::spugna centrale con struttura ipoteticamente regolare,Struttura della Pasta,Spugna centrale con struttura ipoteticamente regolare,4,26096
Struttura della Pasta::fitta microocchiatura centrale effetto spugna,Struttura della Pasta,Fitta microocchiatura centrale effetto spugna,4,26097
Struttura della Pasta::parte centrale lievemente stirata e spugnoso bel taglio,Struttura della Pasta,Parte centrale lievemente stirata e spugnoso. Bel taglio,4,26098
Struttura della Pasta::ideologizzata diffusa con mancanza di struttura,Struttura della Pasta,Ideologizzata diffusa con mancanza di struttura,4,26099
Struttura della Pasta::area spugnosa centrale marcata,Struttura della Pasta,Area spugnosa centrale marcata,4,26100
Struttura della Pasta::microocchiatura centrale molto pesante che conferisce aspetto spugnoso,Struttura della Pasta,Microocchiatura centrale molto pesante che conferisce aspetto spugnoso,4,26101
Struttura della Pasta::stirata e spagnola al centro,Struttura della Pasta,Stirata e spagnola al centro,4,26102
Struttura della Pasta::occhiatura effetto spugna centrale,Struttura della Pasta,Occhiatura effetto spugna centrale,4,26103
Struttura della Pasta::bella frattura grana presente ma con evidente area spugnosa al centro,Struttura della Pasta,"Bella frattura, grana presente ma con evidente area spugnosa al centro",4,26104
Struttura della Pasta::presenza di grana in entrambe le dimensioni,Struttura della Pasta,Presenza di grana in entrambe le dimensioni,4,26105
Struttura della Pasta::zona con occhiatura al centro spugna grana grossolana,Struttura della Pasta,Zona con occhiatura al centro spugna grana grossolana,4,26106
Colore della Pasta::colore chiaro risata al centro e bianca sotto 2 piatto con macchie rosa nella zona spugnosa,Colore della Pasta,Colore chiaro risata al centro e bianca sotto 2 piatto con macchie rosa nella zona spugnosa,4,26108
Colore della Pasta::omogeneo e scarico bello,Colore della Pasta,Omogeneo e scarico. Bello,4,26109
Colore della Pasta::colore omogeneo abbastanza chiaro,Colore della Pasta,Colore omogeneo abbastanza chiaro,4,26112
Colore della Pasta::giallo chiaro omogeneo,Colore della Pasta,Giallo chiaro omogeneo,8,26113
Colore della Pasta::chiaro ma leggeremacchie rosa dove c è laspugna,Colore della Pasta,"Chiaro, ma leggeremacchie rosa dove c è laspugna",4,26114
Colore della Pasta::piuttosto carico ma omogeneo presenza di piccola macchia rosa,Colore della Pasta,"Piuttosto carico ma omogeneo, presenza di piccola macchia rosa",4,26115
Colore della Pasta::chiaro abbastanza uniforme,Colore della Pasta,Chiaro abbastanza uniforme,4,26117
Profumo::nota di crosta di formaggio che ricordano un poco un nostrano frutta fermentata,Profumo,"nota di crosta di formaggio che ricordano un poco un nostrano, frutta fermentata",4,26118
Profumo::burro fuso formaggio da crosta,Profumo,"burro fuso, formaggio da crosta",4,26119
Profumo::vegetale acre,Profumo,vegetale acre,4,26120
Profumo::fieno fermentato crosta di grana,Profumo,"fieno fermentato, crosta di grana",4,26123
Profumo::leggero odore di insilato,Profumo,leggero odore di insilato,4,26125
Profumo::leggero anche qualcosa di vegetale e floreale,Profumo,"leggero, anche qualcosa di vegetale e floreale",4,26126
Profumo::intenso ed equilibrato forse prevalenza tostatura,Profumo,"intenso ed equilibrato, forse prevalenza tostatura...",4,26127
Sapore::nella media sensazione rinfrescante,Sapore,"nella media, sensazione rinfrescante",4,26129
Sapore::piccante e cotto,Sapore,piccante e cotto,4,26132
Sapore::salato un poco' piccante però non troppo persistente,Sapore,"salato, un poco' piccante però non troppo persistente",4,26134
Sapore::non equilib picc e salato,Sapore,non equilib picc e salato,4,26135
Sapore::poco rotondo forse manca umami nel complesso equilibrato,Sapore,"poco rotondo, forse manca umami, nel complesso equilibrato",4,26137
Sapore::leggermente saporito e piccante ma nel complesso equilibrio,Sapore,"leggermente saporito e piccante, ma nel complesso equilibrio...",4,26138
Aroma::ritorna la crosta di formaggio e la frutta fermentata poco caratteristico,Aroma,"ritorna la crosta di formaggio e la frutta fermentata, poco caratteristico",4,26140
Aroma::leggermente affumicato,Aroma,leggermente affumicato,4,26141
Aroma::brodo animale tostato crosta di grana,Aroma,"brodo animale, tostato, crosta di grana",4,26145
Aroma::grana burro interessante,Aroma,"grana, burro...interessante",4,26149
Texture::solubile e granulosa piacevole,Texture,"solubile e granulosa, piacevole",4,26151
Texture::buona struttura e microcristalli,Texture,buona struttura e microcristalli,4,26152
Texture::granuloso cristalli asciutto,Texture,granuloso cristalli asciutto,4,26153
Texture::grana fine pastoso asciutto abbastanza solubile piuttosto morbido,Texture,"grana fine, pastoso, asciutto, abbastanza solubile, piuttosto morbido",4,26158
Texture::morbido non friabile sembra giovane non riuscito,Texture,"morbido, non friabile, sembra giovane, non riuscito",4,26159
Texture::bei granuli interessante equilibrio umidità' e friabilità' durezza,Texture,"bei granuli, interessante equilibrio umidità' e friabilità', durezza",4,26160
Spessore della Crosta::scalzo e piatto media 8mm spigoli minimo 15mm,Spessore della Crosta,Scalzo e piatto Media 8mm Spigoli minimo 15mm,4,26162
Spessore della Crosta::non regolare,Spessore della Crosta,Non regolare,8,26165
Spessore della Crosta::piuttosto elevato,Spessore della Crosta,Piuttosto elevato,4,26171
Spessore della Crosta::sottile nei piatti circa 0 5 grossa negli scalzi spigoli normali,Spessore della Crosta,"Sottile nei piatti circa 0,5 grossa negli scalzi spigoli normali",4,26172
Struttura della Pasta::granulosa non omogenea,Struttura della Pasta,Granulosa non omogenea,4,26173
Struttura della Pasta::microcchiaturequalche strappo,Struttura della Pasta,Microcchiaturequalche strappo,4,26174
Struttura della Pasta::qualche disomogeneità tra centro e zone periferiche presenza di un verso nella grana non giunge a stiratura,Struttura della Pasta,"Qualche disomogeneità tra centro e zone periferiche. Presenza di un verso nella grana, non giunge a stiratura",4,26175
Struttura della Pasta::macchie,Struttura della Pasta,Macchie,4,26176
Struttura della Pasta::leggermente stirata non omogenea,Struttura della Pasta,"Leggermente. Stirata, non omogenea,",4,26178
Struttura della Pasta::frattura irregolare con zone stirate,Struttura della Pasta,"Frattura irregolare, con zone stirate",4,26179
Struttura della Pasta::disomogenea sotto uno scalzo stirato frattura sottile a tratti bella grana avvallamento,Struttura della Pasta,"Disomogenea, sotto uno scalzo stirato, frattura sottile, a tratti bella grana, avvallamento",4,26180
Struttura della Pasta::frattura un poco irregolare ma struttura non molto bella con qualche zona tendente allo stirato,Struttura della Pasta,"Frattura un Poco irregolare ma struttura non molto bella, con qualche zona tendente allo stirato",4,26181
Struttura della Pasta::striature e poca grana fine frattura variabile non omogenea,Struttura della Pasta,"Striature e poca grana fine, frattura variabile non omogenea",4,26182
Struttura della Pasta::occhiatura fine è macchie bagnate grana fine su metà forma l'altra più grossolana,Struttura della Pasta,Occhiatura fine è macchie bagnate grana fine su metà forma l'altra più grossolana,4,26183
Colore della Pasta::più chiaro verso gli scalzi di poco nel complesso abbastanza chiaro,Colore della Pasta,"Più chiaro verso gli scalzi, di poco. Nel complesso abbastanza chiaro",4,26186
Colore della Pasta::macchie,Colore della Pasta,Macchie,4,26187
Colore della Pasta::più chiaro verso gli scalzi più carico al centro,Colore della Pasta,"Più chiaro verso gli scalzi, più carico al centro.",4,26190
Colore della Pasta::omogeneo intenso ma bello,Colore della Pasta,"Omogeneo, intenso ma bello",4,26191
Colore della Pasta::più scuro al centro tendenzialmente carico,Colore della Pasta,"Più scuro al centro, tendenzialmente carico",4,26192
Colore della Pasta::molto carico ma omogeneo,Colore della Pasta,"Molto carico, ma omogeneo",8,26193
Colore della Pasta::uniforme giallo,Colore della Pasta,Uniforme giallo,4,26194
Profumo::frutta matura pozzo di scarico topo morto,Profumo,"frutta matura, pozzo di scarico, topo morto",4,27350
Profumo::bruciato crosta,Profumo,"bruciato, crosta",4,27351
Profumo::vegetale e cotto leggermente bruciato,Profumo,vegetale e cotto leggermente bruciato,4,27352
Profumo::difettoso,Profumo,difettoso,4,27353
Profumo::profumo molto debole ed inoltre si sente solo odore di formaggio vecchio passato,Profumo,"profumo molto debole ed inoltre si sente solo odore di formaggio vecchio, passato",4,27354
Profumo::verdura lessa cavolfiore moderato una porzione su 4 animale letame moderato,Profumo,"verdura lessa: cavolfiore MODERATO, una porzione su 4 animale: letame MODERATO",4,27355
Profumo::fermentato un poco' anche marcio,Profumo,"fermentato, un poco' anche marcio",4,27356
Profumo::latte cotto formaggio fritto,Profumo,latte cotto;formaggio fritto,4,27357
Profumo::burro sciolto latte panna sentori maturi buona intensità' poco di frutta secca tostata,Profumo,burro sciolto. Latte. panna. sentori maturi. buona intensità'.. poco di frutta secca tostata,4,27358
Sapore::eccessivamente sapido,Sapore,eccessivamente sapido,4,27360
Sapore::non equilibrato salato,Sapore,non equilibrato salato,8,27363
Sapore::salato acido e alla fine anche un poco' amaro,Sapore,"salato, acido e alla fine anche un poco' amaro",4,27366
Sapore::piccante assente pococ umami nele complesso equilibrato non dolce,Sapore,piccante assente. pococ umami. nele complesso equilibrato. non dolce,4,27368
Aroma::fermentato sporco scarico putrido,Aroma,"fermentato, sporco, scarico, putrido",4,27370
Aroma::bruciato e crosta,Aroma,bruciato e crosta,4,27371
Aroma::tostato,Aroma,tostato,8,27373
Aroma::verdura lessa forte stantio forte,Aroma,"verdura lessa FORTE, stantio FORTE",4,27375
Aroma::gia' sentito all olfatto qui confermo nota estranea al trentingrana simil/emmental forse o proprio alla stalla,Aroma,"gia' sentito all-olfatto. qui confermo nota estranea al trentingrana, simil/emmental forse o proprio alla stalla",4,27378
Aroma::quasi neutro una volta svanito l acido,Aroma,quasi neutro una volta svanito l-acido,4,27379
Texture::cedevole umida poco granulosa,Texture,"cedevole, umida, poco granulosa",8,27380
Texture::duro compatto grana fine pochi cristalli abbastanza solubile,Texture,"duro, compatto, grana fine, pochi cristalli, abbastanza solubile",4,27381
Texture::grana e cristalli evidenti abbastanza sol,Texture,grana e cristalli evidenti abbastanza sol,4,27382
Texture::duro e poco friabile,Texture,duro e poco friabile,4,27384
Texture::granuli si tirosina moderati gommoso leggero friabilità e solubilità leggero,Texture,granuli si tirosina MODERATI;gommoso LEGGERO;friabilità e solubilità LEGGERO,4,27385
Texture::cristalli presenti friabile ma troppo morbido al morso,Texture,cristalli presenti. friabile ma troppo morbido al morso,4,27388
Texture::secco e farinoso buoni i cristalli media solubilità,Texture,"secco e farinoso, buoni i cristalli, media solubilità",4,27389
Spessore della Crosta::piatto e scalzo 11mm,Spessore della Crosta,Piatto e scalzo 11mm,4,27390
Spessore della Crosta::più evidente su 1 piatto,Spessore della Crosta,Più evidente su 1 piatto,8,27391
Spessore della Crosta::un piatto migliore dell'altro comunque spessori ridotti,Spessore della Crosta,Un piatto migliore dell'altro. Comunque spessori ridotti,4,27392
Spessore della Crosta::1cm ma tanta unghia su un piatto,Spessore della Crosta,1cm ma tanta unghia su un piatto,4,27395
Struttura della Pasta::cedevole umida poco granulosa,Struttura della Pasta,"cedevole, umida, poco granulosa",4,27400
Struttura della Pasta::duro compatto grana fine pochi cristalli abbastanza solubile,Struttura della Pasta,"duro, compatto, grana fine, pochi cristalli, abbastanza solubile",4,27401
Struttura della Pasta::grana e cristalli evidenti abbastanza sol,Struttura della Pasta,grana e cristalli evidenti abbastanza sol,4,27402
Struttura della Pasta::duro e poco friabile,Struttura della Pasta,duro e poco friabile,4,27404
Struttura della Pasta::granuli si tirosina moderati gommoso leggero friabilità e solubilità leggero,Struttura della Pasta,granuli si tirosina MODERATI;gommoso LEGGERO;friabilità e solubilità LEGGERO,4,27405
Struttura della Pasta::compatto poco friabile,Struttura della Pasta,"compatto, poco friabile",4,27406
Struttura della Pasta::cristalli presenti friabile ma troppo morbido al morso,Struttura della Pasta,cristalli presenti. friabile ma troppo morbido al morso,4,27408
Struttura della Pasta::secco e farinoso buoni i cristalli media solubilità,Struttura della Pasta,"secco e farinoso, buoni i cristalli, media solubilità",4,27409
Colore della Pasta::evidente alone centrale,Colore della Pasta,Evidente alone centrale,4,27410
Colore della Pasta::alone centrale più scuro e banda chiara sotto 1 piatto,Colore della Pasta,Alone centrale più scuro e banda chiara sotto 1 piatto,4,27411
Colore della Pasta::porzione centrale più carica comunque colore poco saturo,Colore della Pasta,"Porzione centrale più carica, comunque colore poco saturo",4,27412
Colore della Pasta::centralmente più giallo,Colore della Pasta,Centralmente più giallo,4,27413
Colore della Pasta::colore carico aranciato,Colore della Pasta,"Colore carico, aranciato",4,27415
Colore della Pasta::da giallo chiaro a carico verso il centro alone,Colore della Pasta,"Da giallo chiaro a carico verso il centro, alone",4,27416
Colore della Pasta::alone centrale arancio rosato,Colore della Pasta,Alone centrale arancio rosato,4,27417
Colore della Pasta::macchia centrale più scura,Colore della Pasta,Macchia centrale più scura,4,27418
Profumo::mediamente intenso panna burro fuso brodo congetto lieve nota ossidata e pungente,Profumo,"mediamente intenso, panna, burro fuso, brodo, congetto, lieve nota ossidata e pungente",4,27420
Profumo::nessu aroma particoare,Profumo,nessu aroma particoare,4,27421
Profumo::insilato pungente,Profumo,insilato pungente,4,27423
Profumo::debole leggero sentore di fermentato,Profumo,"debole, leggero sentore di fermentato",4,27424
Profumo::panna alto,Profumo,panna alto,4,27425
Profumo::in un pezzo odore negativo deciso mentre negli altri prevalgono i lattici,Profumo,"In un pezzo odore negativo deciso, mentre negli altri prevalgono i lattici",4,27426
Profumo::latte crudo panna,Profumo,latte crudo;panna;,4,27427
Profumo::leggero su note lattee delicate rinvengo sentori vegetali di brodo vegetale,Profumo,"leggero. su note lattee delicate rinvengo sentori vegetali, di brodo vegetale",4,27428
Sapore::dolce sapido umami moderato piccantezza moderata,Sapore,"dolce sapido, umami moderato, piccantezza moderata",4,27430
Sapore::umami un poco carico piccante inesistente,Sapore,"umami un poco- carico, piccante inesistente",4,27431
Sapore::dolce poco salato punta di acido,Sapore,"dolce, poco salato. punta di acido",4,27434
Sapore::dolce forte salato e acido moderato/forte (adeguato alla stagionatura) amaro moderato,Sapore,"dolce forte salato e acido MODERATO/FORTE (adeguato alla stagionatura), amaro MODERATO",4,27435
Sapore::dolce punta di amaro finale,Sapore,"dolce, punta di amaro finale",4,27436
Sapore::amaro nel finale di bocca,Sapore,amaro nel finale di bocca,4,27438
Sapore::crosta di formaggio pane tostato,Sapore,"crosta di formaggio, pane tostato",4,27439
Aroma::note tipiche di burro fuso e brodo con note meno tipiche di confetto,Aroma,note tipiche di burro fuso e brodo con note meno tipiche di confetto,4,27440
Aroma::frutta secca moderato,Aroma,frutta secca MODERATO,4,27445
Aroma::burro bruciato e brodo,Aroma,burro bruciato e brodo,4,27449
Texture::mediamente dura granulosa solubile con media presenza di microcristalli,Texture,"mediamente dura, granulosa, solubile, con media presenza di microcristalli",4,27450
Texture::comaptto grana inesistente asciutto e impasta cristalli poco percepibili,Texture,"comaptto, grana inesistente, asciutto e impasta, cristalli poco percepibili",4,27451
Texture::tende a impastare e lasciare residuo polveroso grana poco evidente ma qualche cristallo,Texture,tende a impastare e lasciare residuo polveroso grana poco evidente ma qualche cristallo,4,27452
Texture::molto morbido,Texture,molto morbido,4,27453
Texture::friabilità solubilità e tirosina forte,Texture,"friabilità, solubilità e tirosina FORTE",4,27455
Texture::compatto solubile poco granuloso umido,Texture,"compatto, solubile, poco granuloso, umido",4,27456
Texture::discreta friabilità' di una pasta comunque morbia nel finale impasta la bocca cristalli percepiti,Texture,discreta friabilità' di una pasta comunque morbia. nel finale impasta la bocca. cristalli percepiti,4,27458
Texture::microstruttura scarsissima diventa quasi crema in bocca,Texture,"microstruttura scarsissima, diventa quasi crema in bocca",4,27459
Spessore della Crosta::sfumata scalzo e piatto medio 9mm spigoli 15mm,Spessore della Crosta,Sfumata Scalzo e piatto medio 9mm Spigoli 15mm,4,27460
Spessore della Crosta::limite crosta sfumato tende a più di 1 cm,Spessore della Crosta,Limite crosta sfumato. Tende a più di 1 cm,4,27462
Struttura della Pasta::mediamente dura granulosa solubile con media presenza di microcristalli,Struttura della Pasta,"mediamente dura, granulosa, solubile, con media presenza di microcristalli",4,27470
Struttura della Pasta::comaptto grana inesistente asciutto e impasta cristalli poco percepibili,Struttura della Pasta,"comaptto, grana inesistente, asciutto e impasta, cristalli poco percepibili",4,27471
Struttura della Pasta::tende a impastare e lasciare residuo polveroso grana poco evidente ma qualche cristallo,Struttura della Pasta,tende a impastare e lasciare residuo polveroso grana poco evidente ma qualche cristallo,4,27472
Struttura della Pasta::molto morbido,Struttura della Pasta,molto morbido,4,27473
Struttura della Pasta::pastoso,Struttura della Pasta,pastoso,4,27474
Struttura della Pasta::friabilità solubilità e tirosina forte,Struttura della Pasta,"friabilità, solubilità e tirosina FORTE",4,27475
Struttura della Pasta::compatto solubile poco granuloso umido,Struttura della Pasta,"compatto, solubile, poco granuloso, umido",4,27476
Struttura della Pasta::discreta friabilità' di una pasta comunque morbia nel finale impasta la bocca cristalli percepiti,Struttura della Pasta,discreta friabilità' di una pasta comunque morbia. nel finale impasta la bocca. cristalli percepiti,4,27478
Struttura della Pasta::microstruttura scarsissima diventa quasi crema in bocca,Struttura della Pasta,"microstruttura scarsissima, diventa quasi crema in bocca",4,27479
Colore della Pasta::paglierino chiaro con alone centrale,Colore della Pasta,Paglierino chiaro con alone centrale,8,27480
Colore della Pasta::abbastanza omogeneo giallo chiaro ai bordi lievemente più carico il centro,Colore della Pasta,"Abbastanza omogeneo, giallo chiaro ai bordi. Lievemente più carico il centro",4,27482
Colore della Pasta::alone lieve centrale,Colore della Pasta,Alone lieve centrale,8,27484
Colore della Pasta::mediamente carico più al centro con alone rosa,Colore della Pasta,"Mediamente carico, più al centro, con alone rosa",4,27488
Colore della Pasta::alone centrale tendente al chiaro,Colore della Pasta,Alone centrale tendente al chiaro,4,27489
Profumo::burro panna pozzo di ascarico latte acido,Profumo,"burro, panna, pozzo di ascarico, latte acido",4,27630
Profumo::panna e latticini freschi con un poco di vegetale/lessato,Profumo,panna e latticini freschi con un poco- di vegetale/lessato,4,27631
Profumo::crosta formaggio stantio,Profumo,"crosta, formaggio stantio",4,27634
Profumo::animale moderato crauti moderato cipolla leggero,Profumo,animale MODERATO;crauti MODERATO;cipolla LEGGERO,4,27635
Profumo::tostati caffè cacao latte cotto molto,Profumo,"tostati - caffè, cacao - latte cotto molto,",4,27636
Profumo::prima olfazione sentore di stalla per il resto latte burro cotti tostato,Profumo,prima olfazione sentore di stalla. per il resto latte burro cotti. tostato,4,27638
Sapore::dolce sapido equilibrato umami ok piccantezza ok lieve acidità,Sapore,"dolce sapido equilibrato, umami ok, piccantezza ok, lieve acidità",4,27640
Sapore::salato un poco acido e leggermete piccante,Sapore,"salato, un poco- acido, e leggermete piccante",4,27641
Sapore::salato forte,Sapore,salato forte,4,27643
Sapore::piccante acido salato astringente,Sapore,"piccante, acido, salato. astringente!",4,27644
Sapore::piccante e amaro moderato,Sapore,piccante e amaro MODERATO,4,27645
Sapore::seppur amaro nessuna nota prevale anche dolce intensità' leggera,Sapore,"seppur amaro, nessuna nota prevale. anche dolce . intensità' leggera",4,27648
Sapore::manca di sale,Sapore,manca di sale,4,27649
Aroma::burro fuso panna fresca panna acida crosta di formaggio anche note poco caratteristiche lieve sentore di pozzo di scarico,Aroma,"burro fuso, panna fresca, panna acida, crosta di formaggio, anche note poco caratteristiche, lieve sentore di pozzo di scarico",4,27650
Aroma::aroma di verdure lesse brodo vegetale formaggio cotto,Aroma,"aroma di verdure lesse, brodo vegetale, formaggio cotto",4,27651
Aroma::cotto e vegetale,Aroma,cotto e vegetale,4,27652
Aroma::cotto biscotto,Aroma,cotto biscotto,4,27653
Aroma::animale moderato,Aroma,animale MODERATO;,4,27655
Aroma::lattici cotti formaggio cotto nocciola,Aroma,"lattici cotti, formaggio cotto, nocciola",4,27656
Texture::molto cedevole molti microcristalli solubile leggera sabbiosit,Texture,"molto cedevole, molti microcristalli, solubile, leggera sabbiosit",4,27660
Texture::morbido friabile grana fine e solubile pochi cristalli tende a impastare,Texture,"morbido, friabile, grana fine e solubile, pochi cristalli, tende a impastare",4,27661
Texture::friabile con cristalli,Texture,friabile con cristalli,4,27662
Texture::troppo tenero cristalli,Texture,troppo tenero cristalli,4,27663
Texture::molle e pastoso e asciutto,Texture,molle e pastoso e asciutto,4,27664
Texture::friabilità e solubilità forte tirosina moderata,Texture,friabilità e solubilità FORTE;tirosina MODERATA,4,27665
Texture::friabile abastanza solubile potrebbe essere più granuloso,Texture,"friabile, abastanza solubile, potrebbe essere più granuloso",4,27666
Texture::friabile,Texture,friabile,8,27667
Texture::non asciutto estremamente friabile struttura molto fine giusta adesivita' cristalli fini,Texture,non asciutto. estremamente friabile. struttura molto fine. giusta adesivita'. cristalli fini,4,27668
Texture::friabile ma con buona presenza di cristalli,Texture,friabile ma con buona presenza di cristalli,4,27669
Spessore della Crosta::scalzo e piatto medio 7mm spigolo media 14mm,Spessore della Crosta,Scalzo e piatto medio 7mm Spigolo media 14mm,4,27670
Spessore della Crosta::limite crosta evidente fine,Spessore della Crosta,Limite crosta evidente fine,4,27672
Struttura della Pasta::molto cedevole molti microcristalli solubile leggera sabbiosit,Struttura della Pasta,"molto cedevole, molti microcristalli, solubile, leggera sabbiosit",4,27680
Struttura della Pasta::morbido friabile grana fine e solubile pochi cristalli tende a impastare,Struttura della Pasta,"morbido, friabile, grana fine e solubile, pochi cristalli, tende a impastare",4,27681
Struttura della Pasta::friabile con cristalli,Struttura della Pasta,friabile con cristalli,4,27682
Struttura della Pasta::troppo tenero cristalli,Struttura della Pasta,troppo tenero cristalli,4,27683
Struttura della Pasta::molle e pastoso e asciutto,Struttura della Pasta,molle e pastoso e asciutto,4,27684
Struttura della Pasta::friabilità e solubilità forte tirosina moderata,Struttura della Pasta,friabilità e solubilità FORTE;tirosina MODERATA,4,27685
Struttura della Pasta::friabile abastanza solubile potrebbe essere più granuloso,Struttura della Pasta,"friabile, abastanza solubile, potrebbe essere più granuloso",4,27686
Struttura della Pasta::friabile,Struttura della Pasta,friabile,4,27687
Struttura della Pasta::non asciutto estremamente friabile struttura molto fine giusta adesivita' cristalli fini,Struttura della Pasta,non asciutto. estremamente friabile. struttura molto fine. giusta adesivita'. cristalli fini,4,27688
Struttura della Pasta::friabile ma con buona presenza di cristalli,Struttura della Pasta,friabile ma con buona presenza di cristalli,4,27689
Colore della Pasta::chiaro con banda leggermente più chiara sotto 1 piatto,Colore della Pasta,Chiaro con Banda leggermente più chiara sotto 1 piatto,4,27691
Colore della Pasta::più chiara verso un piatto nel complesso non troppo carica,Colore della Pasta,Più chiara verso un piatto. Nel complesso non troppo carica,4,27692
Colore della Pasta::abbastanza chiaro e abbastanza omogeneo,Colore della Pasta,Abbastanza chiaro e abbastanza omogeneo,4,27697
Colore della Pasta::giallo carico ma abbastanza omogeneo,Colore della Pasta,Giallo carico ma abbastanza omogeneo,4,27698
Colore della Pasta::avv uniforme e chiaro,Colore della Pasta,Avv uniforme e chiaro,4,27699
Profumo::poco intenso piatto pungente frutta fermentata burro cotto legno,Profumo,"poco intenso, piatto, pungente, frutta fermentata, burro cotto, legno",4,27700
Profumo::leggero formaggio cotto,Profumo,leggero formaggio cotto,4,27701
Profumo::legero,Profumo,legero,4,27702
Profumo::tendenzialmente positivo difetti assenti,Profumo,tendenzialmente positivo difetti assenti,4,27703
Profumo::formaggio fermentato forte,Profumo,formaggio ;fermentato FORTE,4,27705
Profumo::odore pungente all'apertura ma che poi non trovo nei pezzi,Profumo,"odore pungente all'apertura, ma che poi non trovo nei pezzi",4,27706
Profumo::latte cotto brodo,Profumo,"latte cotto , brodo",4,27709
Sapore::dolce sapido umami medio poco piccante,Sapore,"dolce sapido, umami medio, poco piccante",4,27710
Sapore::solo legermente piccante,Sapore,solo legermente piccante,4,27711
Sapore::inizialmente dolce ma dopo non equilibrato il salato e il piccante,Sapore,inizialmente dolce ma dopo non equilibrato il salato e il piccante,4,27713
Sapore::equilibrato dolce punta di piccante,Sapore,"equilibrato, dolce. punta di piccante",4,27714
Sapore::leggero amaro non persistente,Sapore,leggero amaro non persistente,4,27716
Sapore::acido amaro leggermente piccante,Sapore,acido;amaro;leggermente piccante;,4,27717
Aroma::piatto monocorde frutta fermentata cartone note di nostrano,Aroma,"piatto, monocorde, frutta fermentata, cartone, note di nostrano",4,27720
Aroma::leggero sentore di formaggio cotto e brodo di carne,Aroma,leggero sentore di formaggio cotto e brodo di carne,4,27721
Aroma::panna non prorio da grana,Aroma,panna non prorio da grana,4,27722
Aroma::aroma piacevole ma non tipico del grana,Aroma,aroma piacevole ma non tipico del grana,4,27724
Aroma::formaggio fermentato molto forte rancido forte,Aroma,formaggio FERMENTATO MOLTO FORTE;;RANCIDO FORTE,4,27725
Aroma::note vegetali amare non fastidiose crosta di grana formaggio cotto,Aroma,"note vegetali amare non fastidiose, crosta di grana, formaggio cotto",4,27726
Aroma::legger mente piccante,Aroma,"legger,mente piccante",4,27729
Texture::asciutta granulosa non molto solubile pochi microcristalli,Texture,"asciutta, granulosa, non molto solubile, pochi microcristalli",4,27730
Texture::curo econsistente poco friabile con grana fine ma percepibile leggermete asciutto cristalli sensibili,Texture,"curo econsistente , poco friabile, con grana fine ma percepibile, leggermete asciutto, cristalli sensibili",4,27731
Texture::morbido asciutto granuloso tende ad impastare e cristalli evidenti,Texture,morbido asciutto granuloso tende ad impastare e cristalli evidenti,4,27732
Texture::poca grana poco solubile,Texture,"poca grana, poco solubile",4,27734
Texture::solubilità e friabilità moderato,Texture,solubilità e friabilità MODERATO,4,27735
Texture::friabile ma morbido al morso troppo plastico incolla ai denti,Texture,Friabile ma morbido al morso. troppo plastico. incolla ai denti,4,27738
Texture::buona solibulit,Texture,buona solibulit,4,27739
Spessore della Crosta::sfumata scalzo e piatto 10 mm spigoli 20mm,Spessore della Crosta,Sfumata Scalzo e piatto 10 mm Spigoli 20mm,4,27740
Spessore della Crosta::poco evidente perché il colore di fondo è carico più evidente negli angoli,Spessore della Crosta,Poco evidente perché il colore di fondo è carico più evidente negli angoli,4,27741
Spessore della Crosta::crosta sfumata con scalzi spessi piatti comunque non sottili,Spessore della Crosta,Crosta sfumata con scalzi spessi. Piatti comunque non sottili,4,27742
Spessore della Crosta::media 0 8 cm molto fine sei piatti spessa sugli scalzi,Spessore della Crosta,"Media 0,8 cm molto fine sei piatti spessa sugli scalzi",4,27745
Spessore della Crosta::più sottile su un lato,Spessore della Crosta,Più sottile su un lato,16,27748
Spessore della Crosta::molto grossa oltre 15mm negli scalzo spigoli pronunciati,Spessore della Crosta,Molto grossa oltre 15mm negli scalzo spigoli pronunciati,4,27749
Struttura della Pasta::asciutta granulosa non molto solubile pochi microcristalli,Struttura della Pasta,"asciutta, granulosa, non molto solubile, pochi microcristalli",4,27750
Struttura della Pasta::curo econsistente poco friabile con grana fine ma percepibile leggermete asciutto cristalli sensibili,Struttura della Pasta,"curo econsistente , poco friabile, con grana fine ma percepibile, leggermete asciutto, cristalli sensibili",4,27751
Struttura della Pasta::morbido asciutto granuloso tende ad impastare e cristalli evidenti,Struttura della Pasta,morbido asciutto granuloso tende ad impastare e cristalli evidenti,4,27752
Struttura della Pasta::poca grana poco solubile,Struttura della Pasta,"poca grana, poco solubile",4,27754
Struttura della Pasta::solubilità e friabilità moderato,Struttura della Pasta,solubilità e friabilità MODERATO,4,27755
Struttura della Pasta::pastoso pochi cristalli,Struttura della Pasta,pastoso;pochi cristalli,4,27757
Struttura della Pasta::friabile ma morbido al morso troppo plastico incolla ai denti,Struttura della Pasta,Friabile ma morbido al morso. troppo plastico. incolla ai denti,4,27758
Struttura della Pasta::buona solibulit,Struttura della Pasta,buona solibulit,4,27759
Colore della Pasta::aranciato,Colore della Pasta,Aranciato,6,27760
Colore della Pasta::colore carico ma uniforme,Colore della Pasta,Colore carico ma uniforme,8,27761
Colore della Pasta::al centro giallo carico più leggero verso l'esterno,Colore della Pasta,"Al centro giallo carico, più leggero verso l'esterno",4,27762
Colore della Pasta::giallo con leggero alone rosa,Colore della Pasta,Giallo con leggero alone rosa,4,27766
Colore della Pasta::carico e leggermente più intenso al centro,Colore della Pasta,Carico e leggermente più intenso al centro,4,27767
Colore della Pasta::eccessivamente carico,Colore della Pasta,Eccessivamente carico,4,27768
Colore della Pasta::non del tutto uniforme giallo tende scuro,Colore della Pasta,Non del tutto uniforme giallo tende scuro,4,27769
Profumo::stalla marcio fermentato,Profumo,"stalla, marcio, fermentato",4,27770
Profumo::tostato forte crosta formaggio cotto,Profumo,"tostato forte, crosta, formaggio cotto",4,27771
Profumo::leggero fruttato,Profumo,leggero fruttato,4,27772
Profumo::difettoso cipolla sgradevole,Profumo,difettoso cipolla sgradevole,4,27773
Profumo::burro fuso crosta,Profumo,"burro fuso, crosta.",4,27774
Profumo::ossidato moderato frutta ananas moderato speziato moderato (tutti questi parmetri hanno un contributo negativo),Profumo,"ossidato MODERATO, frutta: ananas MODERATO, speziato MOderato;(tutti questi parmetri hanno un contributo negativo)",4,27775
Profumo::all'apertura un poco' di fumo poi fermentato,Profumo,"all'apertura un poco' di fumo, poi fermentato,",4,27776
Profumo::intensità' buona latte intero panna burro sciolto poco brodo di carne,Profumo,"intensità' buona. latte intero, panna, burro sciolto. poco brodo di carne",4,27778
Profumo::burro e brodo vegetale,Profumo,burro e brodo vegetale,4,27779
Sapore::dolce poco sapido medio umami poco piccante,Sapore,"dolce, poco sapido, medio umami, poco piccante",4,27780
Sapore::gusti abbastanza equilibrati con un elggero accento di umami,Sapore,"gusti abbastanza equilibrati, con un elggero accento di umami",4,27781
Sapore::non troppo salato leggermente acido,Sapore,"non troppo salato, leggermente acido",4,27784
Sapore::piccande forte,Sapore,piccande FORTE,4,27785
Sapore::nessuna prevalenza non piccante buona armonia,Sapore,nessuna prevalenza. non piccante. buona armonia,4,27788
Sapore::poco sale amaro e piccante,Sapore,"poco sale, amaro e piccante",4,27789
Aroma::a tratti putrido marcio note di nostrano e di frutta fermentata,Aroma,"a tratti putrido, marcio, note di nostrano e di frutta fermentata",4,27790
Aroma::tostato e brodo di carne,Aroma,tostato e brodo di carne,4,27791
Aroma::stantito forte crosta forte rancido moderato,Aroma,"Stantito FORTE, crosta FORTE, rancido MODERATO",4,27795
Aroma::relativamente intenso sentore d icrosta,Aroma,relativamente intenso. sentore d icrosta,4,27798
Texture::cedevole poco granulosa pochi microcristalli,Texture,"cedevole, poco granulosa, pochi microcristalli",4,27800
Texture::duro compatto poco friabile grana finissima asciutto,Texture,"duro, compatto ,poco friabile , grana finissima, asciutto,",4,27801
Texture::granuloso morbido e cristalli evidenti,Texture,granuloso morbido e cristalli evidenti,4,27802
Texture::poco friabile e solubile,Texture,poco friabile e solubile,4,27804
Texture::tirosina assente friabilità e solubilità moderata,Texture,tirosina ASSENTE;friabilità e solubilità MODERATA,4,27805
Texture::compatto quasi gommoso e deformabile non friabile,Texture,"compatto, quasi gommoso e deformabile, non friabile",4,27806
Texture::struttura non fine cristalli non percepiti,Texture,Struttura non fine. cristalli non percepiti,4,27808
Texture::microstruttura scarsa ma nel complesso solubile,Texture,microstruttura scarsa ma nel complesso solubile,4,27809
Spessore della Crosta::scalzo e piatto media 11mm spigoli 20mm,Spessore della Crosta,Scalzo e piatto media 11mm Spigoli 20mm,4,27810
Spessore della Crosta::12 mm ahfumata,Spessore della Crosta,12 mm ahfumata,4,27811
Spessore della Crosta::spessa ai lati,Spessore della Crosta,Spessa ai lati,4,27813
Spessore della Crosta::15 mm,Spessore della Crosta,15 mm,4,27815
Spessore della Crosta::molto spessa sugli scalzi,Spessore della Crosta,"Molto spessa sugli scalzi,",4,27816
Spessore della Crosta::grossa,Spessore della Crosta,Grossa,8,27819
Struttura della Pasta::cedevole poco granulosa pochi microcristalli,Struttura della Pasta,"cedevole, poco granulosa, pochi microcristalli",4,27820
Struttura della Pasta::duro compatto poco friabile grana finissima asciutto,Struttura della Pasta,"duro, compatto ,poco friabile , grana finissima, asciutto,",4,27821
Struttura della Pasta::granuloso morbido e cristalli evidenti,Struttura della Pasta,granuloso morbido e cristalli evidenti,4,27822
Struttura della Pasta::poco friabile e solubile,Struttura della Pasta,poco friabile e solubile,4,27824
Struttura della Pasta::tirosina assente friabilità e solubilità moderata,Struttura della Pasta,tirosina ASSENTE;friabilità e solubilità MODERATA,4,27825
Struttura della Pasta::compatto quasi gommoso e deformabile non friabile,Struttura della Pasta,"compatto, quasi gommoso e deformabile, non friabile",4,27826
Struttura della Pasta::struttura non fine cristalli non percepiti,Struttura della Pasta,Struttura non fine. cristalli non percepiti,4,27828
Struttura della Pasta::microstruttura scarsa ma nel complesso solubile,Struttura della Pasta,microstruttura scarsa ma nel complesso solubile,4,27829
Colore della Pasta::sganciato carico,Colore della Pasta,Sganciato carico,4,27830
Colore della Pasta::colore carico sganciato ma uniforme,Colore della Pasta,Colore carico sganciato ma uniforme,4,27831
Colore della Pasta::omogeneo ma giallo stracarico,Colore della Pasta,Omogeneo ma giallo stracarico,4,27832
Colore della Pasta::colore molto carico ma omogeneo,Colore della Pasta,Colore molto carico ma omogeneo,4,27835
Colore della Pasta::giallo piuttosto carico e uniforme,Colore della Pasta,Giallo piuttosto carico e uniforme,4,27836
Colore della Pasta::omogeneo ma eccessivamente carico,Colore della Pasta,Omogeneo ma eccessivamente carico,4,27838
Colore della Pasta::scuro tendente al grigio,Colore della Pasta,Scuro tendente al grigio,4,27839
Profumo::poco intenso note non caratteristiche da nostrano lettiera ossidato,Profumo,"poco intenso, note non caratteristiche da nostrano, lettiera, ossidato",4,27840
Profumo::leggero formaggio cotto e crosta,Profumo,leggero formaggio cotto e crosta,4,27841
Profumo::latte dolce intenso,Profumo,latte dolce intenso,4,27843
Profumo::rancido moderato spezziato moderato,Profumo,rancido MODERATO;spezziato MODERATO,4,27845
Profumo::intensità' medio bassa note lattee burro latte cotto,Profumo,"intensità' medio bassa. note lattee, burro, latte cotto",4,27848
Profumo::latte cotto formaggio cotto e brodo,Profumo,"latte cotto, formaggio cotto e brodo",4,27849
Sapore::lieve nota amara,Sapore,lieve nota amara,4,27850
Sapore::molto salato e acido con una punta di piccante,Sapore,molto salato e acido con una punta di piccante,4,27851
Sapore::acido moderato/forte piccante forte,Sapore,acido MODERATO/FORTE;piccante FORTE,4,27855
Sapore::salato e umami leggermente prevalenti,Sapore,salato e umami leggermente prevalenti,4,27856
Sapore::troppo sale peccato perch[ il gusto sarebbe molto pieno,Sapore,troppo sale. peccato perch[ il gusto sarebbe molto pieno,4,27858
Sapore::piuttosto neutro,Sapore,piuttosto neutro,4,27859
Aroma::burro cotto note di frutta fermentata poco caratteristiche,Aroma,"burro cotto, note di frutta fermentata poco caratteristiche",4,27860
Aroma::fromaggio cotto,Aroma,fromaggio cotto,4,27861
Aroma::rancido moderato,Aroma,rancido MODERATO,4,27865
Aroma::sentori di brodo e burro cotto,Aroma,sentori di brodo e burro cotto,4,27869
Texture::leggermente cedevole mediamente granulosa mediamente solubile pochi microcristalli,Texture,"leggermente cedevole, mediamente granulosa, mediamente solubile, pochi microcristalli",4,27870
Texture::duro friabile grana grossolana con cristalli ben percepibili abbastanza solubile,Texture,"duro, friabile, grana grossolana, con cristalli ben percepibili, abbastanza solubile",4,27871
Texture::granuloso ma tende ad impastare e lascia residuo polversos qualche cristallo,Texture,granuloso ma tende ad impastare e lascia residuo polversos qualche cristallo,4,27872
Texture::qualche cristallo ma positiva,Texture,qualche cristallo ma positiva,4,27873
Texture::friabilità e solubilità moderate tirosina leggera,Texture,friabilità e solubilità MODERATE;TIROSINA leggera,4,27875
Texture::compatto umido pastoso poco granuloso solubile pochi cristalli,Texture,"compatto, umido, pastoso, poco granuloso, solubile, pochi cristalli",4,27876
Texture::cedevole al dente si frattura in microstruttura grossolana cristalli presneti impasta la bocca,Texture,cedevole al dente. si frattura in microstruttura grossolana. cristalli presneti. impasta la bocca,4,27878
Texture::poco solubile tende a essere pastoso,Texture,"poco solubile, tende a essere pastoso",4,27879
Spessore della Crosta::sfumata scalzo e piatto medio 12mm spigolo 18mm,Spessore della Crosta,Sfumata Scalzo e piatto medio 12mm Spigolo 18mm,4,27880
Spessore della Crosta::colore grigiastro,Spessore della Crosta,Colore grigiastro,4,27881
Struttura della Pasta::leggermente cedevole mediamente granulosa mediamente solubile pochi microcristalli,Struttura della Pasta,"leggermente cedevole, mediamente granulosa, mediamente solubile, pochi microcristalli",4,27890
Struttura della Pasta::duro friabile grana grossolana con cristalli ben percepibili abbastanza solubile,Struttura della Pasta,"duro, friabile, grana grossolana, con cristalli ben percepibili, abbastanza solubile",4,27891
Struttura della Pasta::granuloso ma tende ad impastare e lascia residuo polversos qualche cristallo,Struttura della Pasta,granuloso ma tende ad impastare e lascia residuo polversos qualche cristallo,4,27892
Struttura della Pasta::qualche cristallo ma positiva,Struttura della Pasta,qualche cristallo ma positiva,4,27893
Struttura della Pasta::friabilità e solubilità moderate tirosina leggera,Struttura della Pasta,friabilità e solubilità MODERATE;TIROSINA leggera,4,27895
Struttura della Pasta::compatto umido pastoso poco granuloso solubile pochi cristalli,Struttura della Pasta,"compatto, umido, pastoso, poco granuloso, solubile, pochi cristalli",4,27896
Struttura della Pasta::pochi cristalli,Struttura della Pasta,pochi cristalli,4,27897
Struttura della Pasta::cedevole al dente si frattura in microstruttura grossolana cristalli presneti impasta la bocca,Struttura della Pasta,cedevole al dente. si frattura in microstruttura grossolana. cristalli presneti. impasta la bocca,4,27898
Struttura della Pasta::poco solubile tende a essere pastoso,Struttura della Pasta,"poco solubile, tende a essere pastoso",4,27899
Colore della Pasta::alone centrale tendente aranciato,Colore della Pasta,Alone centrale tendente aranciato,4,27900
Colore della Pasta::alone più scuro,Colore della Pasta,Alone più scuro,4,27901
Colore della Pasta::giallo carico al centro,Colore della Pasta,Giallo carico al centro,4,27902
Colore della Pasta::non omogeneo,Colore della Pasta,Non omogeneo,12,27903
Colore della Pasta::un poco' carico leggermente più scuro al centro,Colore della Pasta,"Un poco' carico, leggermente più scuro al centro",4,27905
Colore della Pasta::colore giallo non carico leggere alone più giallo forse un poco' o rosaceo,Colore della Pasta,"Colore giallo non carico, leggere alone più giallo, forse un poco' o rosaceo",4,27906
Colore della Pasta::più carico al centro,Colore della Pasta,Più carico al centro,12,27908
Colore della Pasta::alone carico,Colore della Pasta,Alone carico,4,27909
Profumo::delicato e poco percettibile,Profumo,delicato e poco percettibile,8,29035
Profumo::poco intenso caramella mou note di formaggio nostrano,Profumo,"poco intenso, caramella mou, note di formaggio nostrano",8,29037
Sapore::salatino,Sapore,salatino...,8,29043
Sapore::un poco' amaro salato umami,Sapore,"un poco' amaro, salato, umami -",8,29044
Sapore::dolce sapido con buon umami e lieve piccantezza equilibrato,Sapore,"dolce sapido con buon umami e lieve piccantezza, equilibrato",8,29045
Sapore::salato e pizzica troppo,Sapore,salato e pizzica troppo,8,29046
Aroma::tostati erbe amare lattico cotto crosta di formaggio,Aroma,"tostati, erbe amare, lattico cotto, crosta di formaggio",8,29052
Aroma::poco complesso con note di formaggio cotto e crosta di formaggio forse un poco passato,Aroma,"poco complesso con note di formaggio cotto e crosta di formaggio, forse un poco passato",8,29053
Texture::asciutto impasta poco solub,Texture,asciutto impasta poco solub,8,29055
Texture::struttura cedevole molle e pastosa,Texture,"struttura cedevole, molle e pastosa",8,29059
Texture::finale potrebbe essere più solubile,Texture,finale potrebbe essere più solubile,8,29060
Texture::granulosa asciutta solubile dura forse poco umida,Texture,"granulosa, asciutta, solubile, dura, forse poco umida",8,29061
Spessore della Crosta::meno di 10 più intenso sotto un piatto,Spessore della Crosta,"Meno di 10, più intenso sotto un piatto",12,29068
Struttura della Pasta::frattura non regolare ma struttura abbastanza omogenea,Struttura della Pasta,Frattura non regolare ma struttura abbastanza omogenea,8,29082
Struttura della Pasta::grana grossa,Struttura della Pasta,Grana grossa,20,29083
Struttura della Pasta::grossolana non omogenea nel sottocrosta avvallamento deciso creato alla rottura,Struttura della Pasta,"Grossolana, non omogenea nel sottocrosta, avvallamento deciso creato alla rottura",8,29084
Struttura della Pasta::frattura non bellissima ma grana ben struttura,Struttura della Pasta,Frattura non bellissima ma grana ben struttura,8,29085
Struttura della Pasta::bella leggero occhiatura,Struttura della Pasta,Bella Leggero occhiatura,8,29086
Colore della Pasta::netto alone ad anello rosato,Colore della Pasta,Netto alone ad anello rosato,8,29087
Colore della Pasta::vistose aree con colorazione alterata,Colore della Pasta,Vistose aree con colorazione alterata,8,29089
Colore della Pasta::parte centrale vistosamente più scura,Colore della Pasta,Parte centrale vistosamente più scura,8,29090
Colore della Pasta::alone centrale bruno evidente,Colore della Pasta,Alone centrale bruno evidente,8,29091
Colore della Pasta::strisce rosa su alone centrale,Colore della Pasta,Strisce rosa su alone centrale,8,29092
Colore della Pasta::difetto so,Colore della Pasta,Difetto so,8,29093
Colore della Pasta::enorme striscia rosa e alone centrale scuro,Colore della Pasta,Enorme striscia rosa e alone centrale scuro,8,29094
Profumo::fruttato mela,Profumo,fruttato mela,16,29098
Profumo::odore leggero di stantio,Profumo,odore leggero di stantio,8,29099
Profumo::marcio putrido fermentato e marcito,Profumo,"marcio, putrido, fermentato e marcito",8,29100
Profumo::nota di sedano brodo vegetale latte caramellato,Profumo,"nota di sedano, brodo vegetale, latte caramellato",8,29101
Profumo::leggermente insilatopungente,Profumo,leggermente insilatopungente;,8,29102
Sapore::piccante acre in gola umami,Sapore,piccante acre in gola umami,8,29103
Sapore::umami acido,Sapore,umami;acido,8,29104
Sapore::umami un poco' salato,Sapore,"umami, un poco' salato",8,29108
Sapore::dolce sapido con umami marcato e piccantezza media forse umami troppo evidente,Sapore,"dolce sapido con umami marcato e piccantezza media, forse umami troppo evidente",8,29109
Sapore::pizzica,Sapore,pizzica,8,29110
Aroma::vegetale fermentato cotto crosta,Aroma,"vegetale fermentato, cotto, crosta,",8,29116
Aroma::note di brodo domiannti dado sedano,Aroma,"note di brodo domiannti, dado, sedano",8,29117
Aroma::propionico fermentato,Aroma,propionico fermentato,8,29118
Texture::cristalli granuloso asciutto ma solubilie,Texture,cristalli granuloso asciutto ma solubilie,8,29119
Texture::asciutto granuloso,Texture,"asciutto, granuloso",16,29122
Texture::molto granuloso e persistente,Texture,molto granuloso e persistente,8,29124
Texture::ancora un poco elastica non molto granulosa,Texture,"ancora un poco elastica, non molto granulosa",8,29125
Spessore della Crosta::regolare spessore,Spessore della Crosta,Regolare spessore,12,29128
Struttura della Pasta::frattura irregolare e grana grossa,Struttura della Pasta,Frattura irregolare e grana grossa,8,29143
Struttura della Pasta::striature centrali e frattura non omogenee,Struttura della Pasta,Striature centrali e frattura non omogenee,8,29145
Struttura della Pasta::grana grossolana,Struttura della Pasta,Grana grossolana,28,29147
Struttura della Pasta::avvallamenti leggera stiratura a tratti anche bella disomogenea,Struttura della Pasta,"Avvallamenti, leggera stiratura, a tratti anche bella, disomogenea",8,29148
Struttura della Pasta::frattura non molto bella grana a tratti un poco' schiacciata ma bella,Struttura della Pasta,"Frattura non molto bella, grana a tratti un poco' schiacciata ma bella",8,29149
Struttura della Pasta::grana fine striature al centro zona meno formata vs gli spigoli ma bella,Struttura della Pasta,Grana fine striature al centro zona meno formata vs gli spigoli ma bella,8,29150
Colore della Pasta::colore più scuro in centro e aloni rosati in centro,Colore della Pasta,Colore più scuro in centro e aloni rosati in centro,8,29151
Colore della Pasta::più chiaro verso i piatti,Colore della Pasta,Più chiaro verso i piatti,8,29154
Colore della Pasta::carico con lieve alone centrale,Colore della Pasta,Carico con lieve alone centrale,8,29157
Colore della Pasta::giallo disomogenea poco evidente,Colore della Pasta,Giallo disomogenea poco evidente,8,29158
Profumo::caratteristico ma con lieve nota pungente,Profumo,caratteristico ma con lieve nota pungente,8,29165
Sapore::umami equilibrato,Sapore,umami. equilibrato.,8,29171
Sapore::leggero amaro da subito,Sapore,leggero amaro da subito,8,29172
Sapore::sapidità' elevata umami ok piccantezza marcata,Sapore,"sapidità' elevata, umami ok, piccantezza marcata",8,29173
Aroma::latte animale/letame poco da grana,Aroma,latte animale/letame poco da grana,8,29175
Aroma::lattici cotti tostati erbaceo brodo vegetale e animale,Aroma,"lattici cotti, tostati, erbaceo, brodo vegetale e animale",8,29180
Aroma::lattico evoluto burro fuso fieno brodo caratteristico,Aroma,"lattico evoluto, burro fuso, fieno, brodo, caratteristico",8,29181
Texture::asciutto morbibo poco granuloso e poco sol,Texture,asciutto morbibo poco granuloso e poco sol,8,29183
Texture::solubile e granuloso piacevole,Texture,solubile e granuloso. piacevole,8,29187
Texture::granulosa solubile un poco asciutta a tratti più\ umida,Texture,"granulosa, solubile, un poco asciutta, a tratti più\ umida",8,29189
Spessore della Crosta::sottocrosta importante soprattutto su un piatto,Spessore della Crosta,Sottocrosta importante soprattutto su un piatto,12,29195
Struttura della Pasta::fitta occhiatura,Struttura della Pasta,Fitta occhiatura,8,29207
Struttura della Pasta::striata e spugnosa,Struttura della Pasta,Striata e spugnosa,8,29209
Struttura della Pasta::microocch diffusa piccole zone stirate,Struttura della Pasta,"Microocch diffusa, piccole zone stirate",8,29210
Struttura della Pasta::struttura stirata con presenza di microocchiatura centrale che conferisce aspetto spugnoso,Struttura della Pasta,Struttura stirata con presenza di microocchiatura centrale che conferisce aspetto spugnoso,8,29211
Struttura della Pasta::spugnosa a tratti è stirata,Struttura della Pasta,Spugnosa a tratti è stirata,8,29213
Struttura della Pasta::stirata bocciatura in zona ampia centrale non uniformemente formata,Struttura della Pasta,Stirata bocciatura in zona ampia centrale non uniformemente formata,8,29214
Colore della Pasta::colore carico banda più chiara sotto un piatto è per più scura nella zona centrale con la fittà microcch,Colore della Pasta,Colore carico banda più chiara sotto un piatto è per più scura nella zona centrale con la fittà microcch,8,29215
Colore della Pasta::colore carico quasi arancio,Colore della Pasta,"Colore carico, quasi arancio",8,29219
Colore della Pasta::leggermente non omogenea,Colore della Pasta,Leggermente non omogenea,8,29220
Colore della Pasta::giallo un poco carico ma omogeneo,Colore della Pasta,Giallo un Poco carico ma omogeneo,8,29221
Colore della Pasta::giallo chiaro uniforme,Colore della Pasta,Giallo chiaro uniforme,8,29222
Profumo::vegetale balsamico,Profumo,vegetale balsamico,32,29415
Profumo::erba,Profumo,erba,8,29417
Profumo::terra animale putrido,Profumo,"terra, animale, putrido,",8,29420
Profumo::atipico frutta fermentata crosta di formaggio,Profumo,"atipico, frutta fermentata, crosta di formaggio",8,29421
Sapore::squilibrato salato,Sapore,"squilibrato, salato.",8,29427
Sapore::salato umami gusti non armonici leggera piccantezza finale,Sapore,"salato, umami, gusti non armonici, leggera piccantezza finale",8,29428
Sapore::abbastanza bilanciato sapidità' ridotta,Sapore,"abbastanza bilanciato, sapidità' ridotta",8,29429
Aroma::ossidato vecchio non gradevole,Aroma,"ossidato, vecchio. non gradevole",8,29435
Aroma::cotto quasi bruciato legna secca vecchia,Aroma,"cotto quasi bruciato, legna secca vecchia",8,29436
Aroma::atipico come al naso,Aroma,atipico come al naso,8,29437
Texture::asciutto e impasta poco solub all'inizio poi si avvertono i cristalli,Texture,asciutto e impasta poco solub all'inizio poi si avvertono i cristalli,8,29439
Texture::poco solubile duro,Texture,poco solubile. duro,8,29443
Texture::molto asciutto non solubile,Texture,"molto asciutto, non solubile",8,29444
Texture::granulosa solubile gradevole,Texture,"granulosa, solubile, gradevole",16,29445
Texture::sabbioso molto fiabile,Texture,sabbioso molto fiabile,8,29446
Spessore della Crosta::sottocrosta evidente e marcato,Spessore della Crosta,Sottocrosta evidente e marcato,12,29451
Struttura della Pasta::non omogenea cristalli e perle,Struttura della Pasta,Non omogenea Cristalli e perle,8,29463
Struttura della Pasta::leggermente stirato,Struttura della Pasta,Leggermente stirato,8,29465
Struttura della Pasta::struttura non omogenea in parte stirata,Struttura della Pasta,Struttura non omogenea in parte stirata,8,29467
Struttura della Pasta::leggermente diversa sotto un piatto rispetto all'altra metà leggermente stirata,Struttura della Pasta,"Leggermente diversa sotto un piatto rispetto all'altra metà, leggermente stirata",8,29468
Struttura della Pasta::bella frattura ma grana non sempre ben profilata,Struttura della Pasta,Bella frattura ma grana non sempre ben profilata,8,29469
Struttura della Pasta::leggero stirata struttura presente,Struttura della Pasta,Leggero stirata struttura presente,8,29470
Colore della Pasta::colore abbiamo omogeneo,Colore della Pasta,Colore abbiamo omogeneo,8,29471
Colore della Pasta::degradante x intensità da un piatto allaltro,Colore della Pasta,Degradante x intensità da un piatto allaltro,8,29476
Colore della Pasta::carico non perfettamente omogeneo,Colore della Pasta,"Carico, non perfettamente Omogeneo",8,29477
Colore della Pasta::molto giallo,Colore della Pasta,Molto giallo,8,29478
Profumo::vegetale fieno,Profumo,vegetale fieno?,8,29479
Profumo::oltre alla panna anche del vegetale lesso,Profumo,"oltre alla panna, anche del vegetale lesso",8,29484
Profumo::non molto intenso ma abbastanza caratteristico poco complesso note di lattico cotto prevalenti,Profumo,"non molto intenso ma abbastanza caratteristico, poco complesso, note di lattico cotto prevalenti",8,29485
Profumo::poco intenso ma positivo,Profumo,poco intenso ma positivo,8,29486
Sapore::molto salato umami,Sapore,"molto salato, umami",8,29492
Sapore::dolce sapido con lieve piccantezza buon umami,Sapore,"dolce sapido con lieve piccantezza, buon umami",8,29493
Sapore::pizzica salato,Sapore,pizzica salato,8,29494
Aroma::latte cotto e burro cotto prevalenti caratteristico ma poco complesso,Aroma,"latte cotto e burro cotto prevalenti, caratteristico ma poco complesso",8,29501
Aroma::sedano,Aroma,sedano,8,29502
Texture::asciutto granuloso cristalli poco sol,Texture,asciutto granuloso cristalli poco sol,8,29503
Texture::un poco adesivo,Texture,un poco adesivo,8,29507
Texture::solubile non molta grana,Texture,"solubile, non molta grana",8,29508
Texture::leggermente cedevole non molto solubile ma granulosa,Texture,"leggermente cedevole, non molto solubile ma granulosa",8,29509
Texture::tenerissimo cristalli,Texture,tenerissimo cristalli,12,29510
Spessore della Crosta::8 su 1 lato e 6 sull'altro,Spessore della Crosta,8 su 1 lato e 6 sull'altro,12,29511
Spessore della Crosta::0 6 cm più spessa su un piatto,Spessore della Crosta,"0,6 cm più spessa su un piatto",12,29515
Spessore della Crosta::diverso da un piatto allaltro,Spessore della Crosta,Diverso da un piatto allaltro,12,29516
Struttura della Pasta::profonda frattura 6 cm con occhio di 1 cm altre fratture più piccole sotto un piatto cristalli e,Struttura della Pasta,Profonda frattura 6 cm con occhio di 1 cm altre fratture più piccole sotto un piatto cristalli e,8,29527
Struttura della Pasta::grave difetto centrale (vivi e crepa profondi diametro 1 3 cm),Struttura della Pasta,"Grave difetto centrale (vivi e crepa profondi diametro 1,3 cm)",8,29529
Struttura della Pasta::frattura irregolare disomogenea,Struttura della Pasta,"Frattura irregolare, disomogenea",8,29530
Struttura della Pasta::struttura non omogenea,Struttura della Pasta,Struttura non omogenea,8,29531
Struttura della Pasta::stirata strappo uno grosso con occhio,Struttura della Pasta,"Stirata, strappo uno grosso con occhio",8,29532
Struttura della Pasta::bella frattura e bella grana presenza di piccole sfoglie e di una zona cavernosa,Struttura della Pasta,"Bella frattura e bella grana, presenza di piccole sfoglie e di una zona cavernosa",8,29533
Struttura della Pasta::enorme occhio con spaccatura grana poco formata non uniforme leggera occhiata alcune fessure,Struttura della Pasta,Enorme occhio con spaccatura grana poco formata non uniforme leggera occhiata alcune fessure,8,29534
Colore della Pasta::chiaro arrangiato con fascia più bianca sotto un piatto,Colore della Pasta,Chiaro arrangiato con fascia più bianca sotto un piatto,8,29535
Colore della Pasta::colore molto chiaro con qualche leggerissima macchia rosa,Colore della Pasta,Colore molto chiaro con qualche leggerissima macchia rosa,8,29539
Colore della Pasta::chiaro e abbastanza omogeneo,Colore della Pasta,Chiaro e abbastanza omogeneo,12,29540
Colore della Pasta::tendenzialmente chiaro ma con aree più chiare verso l'esterno,Colore della Pasta,"Tendenzialmente chiaro, ma con aree più chiare verso l'esterno",8,29541
Colore della Pasta::macchie rosa colore chiaro bello,Colore della Pasta,Macchie rosa colore chiaro bello,8,29542
Profumo::leggermente crosta,Profumo,leggermente crosta,12,29546
Profumo::note vegetali lesse cipolla passata latte cotto,Profumo,"note vegetali lesse, cipolla passata, latte cotto",8,29548
Profumo::poco intenso nota lattica di burro fuso evidente fieno,Profumo,"poco intenso, nota lattica di burro fuso evidente, fieno",8,29549
Sapore::piccante un poco bruciante salato,Sapore,"piccante, un poco bruciante. salato",8,29555
Sapore::dolce e leggermente piccante alla fine,Sapore,dolce e leggermente piccante alla fine,8,29556
Sapore::dolce sapido con umami abbastanza marcato poco piccante ma equilibrato,Sapore,"dolce sapido con umami abbastanza marcato, poco piccante ma equilibrato",8,29557
Aroma::latte poco da grana,Aroma,latte poco da grana,8,29559
Aroma::caratteristico mediamente intenso con buone note lattiche e forse lieve nota proprionica,Aroma,"caratteristico, mediamente intenso, con buone note lattiche e forse lieve nota proprionica",8,29565
Texture::pastoso morbido qualche cristallo poco sol,Texture,pastoso morbido qualche cristallo poco sol,8,29567
Texture::un poco asciutto,Texture,un poco-asciutto,10,29570
Texture::molto solubile,Texture,molto solubile,8,29571
Texture::potrebbe essere più friabile,Texture,potrebbe essere più friabile,16,29572
Texture::cristali,Texture,cristali,8,29574
Spessore della Crosta::n9n regolare,Spessore della Crosta,N9n regolare,8,29576
Spessore della Crosta::1 1 cm crosta marcata con unghia di colore ocra,Spessore della Crosta,"1,1 cm crosta marcata con unghia di colore ocra",12,29579
Spessore della Crosta::scalzi molto spessa spigoli pronunciati,Spessore della Crosta,Scalzi molto spessa spigoli pronunciati,12,29582
Struttura della Pasta::uno strappo 5 cm frattura un poco irregolare e grana un poco grossa,Struttura della Pasta,Uno strappo 5 cm frattura un Poco irregolare e grana un Poco grossa,8,29591
Struttura della Pasta::striature e crepa centrale,Struttura della Pasta,Striature e crepa centrale,12,29593
Struttura della Pasta::grossolana qualche microocch,Struttura della Pasta,"Grossolana, qualche microocch",12,29594
Struttura della Pasta::grana fine è omogenea,Struttura della Pasta,Grana fine è omogenea,8,29595
Struttura della Pasta::quasi grossolana strappo evidente,Struttura della Pasta,"Quasi grossolana, strappo evidente",8,29596
Struttura della Pasta::frattura bella presenza di uno spacco,Struttura della Pasta,"Frattura bella, presenza di uno spacco,",8,29597
Struttura della Pasta::fessura stirata centrale grana presente grossa più fine al centro,Struttura della Pasta,Fessura stirata centrale grana presente grossa più fine al centro,8,29598
Colore della Pasta::colore tendente al grigio con fascia più chiara sotto un piatto,Colore della Pasta,Colore tendente al grigio con fascia più chiara sotto un piatto,8,29599
Colore della Pasta::giallo carico ma uniforme,Colore della Pasta,Giallo carico ma uniforme,8,29604
Colore della Pasta::giallo tende al carico abbastanza uniforme,Colore della Pasta,Giallo tende al carico abbastanza uniforme,8,29606
Profumo::latte cotto intensità leggero/moderata siero acido intensità leggera,Profumo,latte cotto intensità leggero/moderata;siero acido intensità leggera,4,30567
Profumo::buona intensità tostato cuoio su base lattea,Profumo,"buona intensità . tostato, cuoio su base lattea",4,30569
Profumo::totato bruciato fumo leggeri,Profumo,"totato, bruciato, fumo leggeri",4,30571
Profumo::caratteristico ma di medio equilibrio panna burro fuso brodo di pollo,Profumo,"caratteristico ma di medio equilibrio, panna, burro fuso, brodo di pollo",4,30572
Profumo::positivo molto intenso,Profumo,positivo molto intenso,4,30573
Sapore::acido amaro intensità leggera (in negativo),Sapore,acido amaro intensità leggera (in negativo),4,30574
Sapore::amaro tollerabile,Sapore,amaro. tollerabile,4,30576
Sapore::sapidità' elevata piccantezza marcata umami marcato non molto equilibrato,Sapore,"sapidità' elevata, piccantezza marcata, umami marcato, non molto equilibrato",4,30579
Aroma::siero acido yogurt intensità leggero moderata,Aroma,siero acido yogurt intensità leggero moderata,4,30581
Aroma::latte ossidato,Aroma,latte ossidato,4,30582
Aroma::bruciato e stalla insieme abbastanza digustoso,Aroma,"bruciato e stalla, insieme abbastanza digustoso",4,30585
Aroma::prevalentemente lattico pannoso burro fuso brodo di pollo,Aroma,"prevalentemente lattico, pannoso, burro fuso, brodo di pollo",4,30586
Texture::firabilità moderata solubilità difficoltosa cristalli tirosina molto poco percepibili,Texture,firabilità moderata;solubilità difficoltosa;cristalli tirosina molto poco percepibili,4,30588
Texture::morbido e asciutto poco solubile lascia residuo polverso,Texture,morbido e asciutto poco solubile lascia residuo polverso,4,30589
Texture::friabile cede facilmente al dente rivelando una morbidezza di fondpalla fine impasta la bocca cristalli rari,Texture,"friabile, cede facilmente al dente, rivelando una morbidezza di fondpalla fine impasta la bocca. cristalli rari",4,30590
Texture::molto friabile buoni cristalli buona solubilità,Texture,"molto friabile, buoni cristalli, buona solubilità",4,30591
Texture::mobido e cedevole senza struttura molto fine,Texture,"mobido e cedevole, senza struttura, molto fine",4,30592
Texture::tendenzialmente umida solubilità' medio bassa leggermente cedevole,Texture,"tendenzialmente umida, solubilità' medio bassa, leggermente cedevole",4,30593
Spessore della Crosta::più sottile di 10mm,Spessore della Crosta,Più sottile di 10mm,4,30600
Struttura della Pasta::frattura e grana regolari un piccolo strappo 4 o 5 cm,Struttura della Pasta,Frattura e grana regolari un piccolo strappo 4 o 5 cm,4,30603
Struttura della Pasta::buon taglio presenza di spaccature struttura granulosa relativamente omogenea accenno allo stirato in centro,Struttura della Pasta,Buon taglio. Presenza di spaccature.Struttura granulosa relativamente omogenea. Accenno allo stirato in centro,4,30604
Struttura della Pasta::frattura abbastanza regolare stirata leggero al centro con una crepa,Struttura della Pasta,"Frattura abbastanza regolare, stirata leggero al centro con una crepa",4,30605
Struttura della Pasta::frattura regolare struttura granulosa una fessura,Struttura della Pasta,"Frattura regolare, struttura granulosa, una fessura,",4,30606
Struttura della Pasta::frattura bella grana abbastanza ben profilata presenza di un piccolo spacco,Struttura della Pasta,"Frattura bella, grana abbastanza ben profilata, presenza di un piccolo spacco",4,30607
Struttura della Pasta::due grosse fessure grana tende al fine,Struttura della Pasta,Due grosse fessure grana tende al fine,4,30608
Colore della Pasta::alone evidente,Colore della Pasta,Alone evidente,4,30610
Colore della Pasta::alone centrale il resto paglierino chiaro,Colore della Pasta,"Alone centrale, il resto paglierino, chiaro",4,30611
Colore della Pasta::alone scuro centrale,Colore della Pasta,Alone scuro centrale,8,30612
Colore della Pasta::giallo con leggero alone più scuro,Colore della Pasta,Giallo con leggero alone più scuro,4,30613
Colore della Pasta::alone carico quasi nocciola al centro,Colore della Pasta,Alone carico quasi nocciola al centro,4,30614
Colore della Pasta::chiaro alone centrale macchie rosa,Colore della Pasta,Chiaro alone centrale macchie rosa,4,30615
Profumo::latte cotto fruta secca formaggio stagionato intensità moderata,Profumo,"latte cotto, fruta secca, formaggio stagionato intensità moderata",4,30616
Profumo::medio moderata intensità panna latte intero burro sciolto poca crosta,Profumo,"medio moderata intensità. Panna, latte intero, burro sciolto. poca crosta",4,30618
Profumo::misto di brodo vegetale stalla e ossidato piuttosto intenso,Profumo,"misto di brodo vegetale, stalla e ossidato piuttosto intenso",4,30620
Profumo::note pungenti tela bagnata acqua ristagnante,Profumo,"note pungenti, tela bagnata, acqua ristagnante",4,30621
Profumo::chiuso verdura cotta non del tutto positivo,Profumo,chiuso verdura cotta non del tutto positivo,4,30622
Sapore::equilibrato ma tendente al piccante da formaggio pronto,Sapore,equilibrato;ma tendente al piccante da formaggio pronto,4,30623
Sapore::acido e leggermente piccante,Sapore,acido e leggermente piccante,4,30624
Sapore::salato amaro piccante leggero,Sapore,"salato, amaro, piccante leggero",4,30625
Sapore::piccante assente ma umami tende a coprire punta di amaro,Sapore,"piccante assente ma umami tende a coprire, punta di amaro",4,30627
Sapore::marcatamente sapido con nota piccante eccessiva lieve acidità,Sapore,"marcatamente sapido con nota piccante eccessiva, lieve acidità",4,30628
Aroma::tostato leggero crosta formaggio,Aroma,"tostato leggero, crosta formaggio",4,30630
Aroma::latte cotto tostato,Aroma,"latte cotto, tostato",4,30633
Aroma::crosta molto cotto e tostato,Aroma,"crosta, molto cotto e tostato",4,30634
Aroma::note aromatiche poco caratteristiche crosta di formaggio formaggio cotto tela bagnata acqua stagnante comunque presente nota lattica di buroo,Aroma,"note aromatiche poco caratteristiche, crosta di formaggio, formaggio cotto, tela bagnata, acqua stagnante, comunque presente nota lattica di buroo",4,30635
Texture::attesa per un formaggio stagionato,Texture,attesa per un formaggio stagionato,4,30637
Texture::asciutto poco granuloso e pastoso poco sol,Texture,asciutto poco granuloso e pastoso poco sol,4,30638
Texture::benr friabile in una microstruttura fine tende a liquefarsi nel finale di bocca cristalli presenti,Texture,"Benr friabile in una microstruttura fine, tende a liquefarsi nel finale di bocca. cristalli presenti",4,30639
Texture::friabile bilanciato,Texture,friabile bilanciato,4,30640
Texture::morbida e cedevole microstruttura sottile solubile,Texture,"morbida e cedevole, microstruttura sottile, solubile,",4,30641
Spessore della Crosta::nella media,Spessore della Crosta,Nella media,24,30649
Spessore della Crosta::bella uniforme,Spessore della Crosta,Bella uniforme,4,30650
Struttura della Pasta::grandiosa regolare,Struttura della Pasta,Grandiosa regolare,4,30651
Struttura della Pasta::frattura abbastanza regolare e grana omogenea con cristalli su un lato leggera microcchiature,Struttura della Pasta,Frattura abbastanza regolare e grana omogenea con cristalli su un lato leggera Microcchiature,4,30652
Struttura della Pasta::frattura buona struttura granulosa molto regolare peccato la microocchiatura su una porzione,Struttura della Pasta,Frattura buona. Struttura granulosa molto regolare. Peccato la Microocchiatura su una porzione,4,30653
Struttura della Pasta::frattura abbastanza regolare microocchiatura su un lato grana fine,Struttura della Pasta,"Frattura abbastanza regolare, microocchiatura su un lato,grana fine",4,30654
Struttura della Pasta::frattura abbastanza regolare struttura aspetto granulosa leggera micro occhiatura diffusa ma rada,Struttura della Pasta,"Frattura abbastanza regolare, struttura aspetto granulosa leggera micro occhiatura diffusa ma rada",4,30655
Struttura della Pasta::frattura non bellissima ma con grana abbastanza evidente se pur grossolana piccola zona con micro occhiatura,Struttura della Pasta,"Frattura non bellissima ma con grana abbastanza evidente se pur grossolana, piccola zona con micro occhiatura",4,30656
Struttura della Pasta::grossolana occhiatura su un lato,Struttura della Pasta,Grossolana occhiatura su un lato,4,30657
Colore della Pasta::chiaro e unifirme,Colore della Pasta,Chiaro e unifirme,4,30659
Colore della Pasta::chiaro,Colore della Pasta,Chiaro,12,30661
Colore della Pasta::giallo chiaro con leggere macchioline rosate,Colore della Pasta,Giallo chiaro con leggere macchioline rosate,4,30662
Colore della Pasta::leggermente più carico al centro ma generalmente poco carico presenza importante di grani di tirosina,Colore della Pasta,"Leggermente più carico al centro ma generalmente poco carico, presenza importante di grani di tirosina",4,30663
Colore della Pasta::tende al chiaro e all uniforme,Colore della Pasta,Tende al chiaro e all uniforme,4,30664
Profumo::burro fuso butirrico intensità moderata tostato forte intensità leggera/moderata attenzione una porzione ha pure un occhio da fermentazione butirrica,Profumo,"burro fuso, butirrico intensità moderata, tostato forte intensità leggera/moderata; ATTENZIONE una porzione ha pure un occhio da fermentazione butirrica",4,30665
Profumo::all'apertura negativo (sporco fermentato) poi non si sente,Profumo,all'apertura negativo (sporco fermentato) poi non si sente,4,30666
Profumo::burro sciolto e brodo,Profumo,burro sciolto e brodo,4,30668
Profumo::niente di particolare,Profumo,niente di particolare,4,30669
Profumo::nota inizialmente nota fermentata frutta fermentata crosta di formaggio formaggio vecchio comunque presente la nota lattica e di glutammato,Profumo,"nota inizialmente nota fermentata, frutta fermentata, crosta di formaggio, formaggio vecchio, comunque presente la nota lattica e di glutammato",4,30670
Sapore::acido amaro intensità leggera/moderata,Sapore,acido amaro intensità leggera/moderata,4,30672
Sapore::niente sovrasta delicato,Sapore,niente sovrasta. delicato,4,30674
Sapore::piuttosto insapore,Sapore,piuttosto insapore,4,30675
Sapore::gusti equilibrati e no piccante,Sapore,gusti equilibrati e no piccante,4,30676
Sapore::sapidità' medio elevata piccantezza marcata lieve nota rinfrescante,Sapore,"sapidità' medio elevata, piccantezza marcata, lieve nota rinfrescante",4,30677
Aroma::tostato leggero,Aroma,tostato leggero,4,30679
Aroma::poco intenso ma non difetti,Aroma,poco intenso ma non difetti,4,30680
Aroma::crosta di formaggio&pasta cotta,Aroma,crosta di formaggio&pasta cotta,4,30682
Aroma::leggero sentore di formaggio cotto,Aroma,leggero sentore di formaggio cotto,4,30683
Aroma::poco caratteristico stantio formaggio passato presente comunque la nota lattica di burro fuso,Aroma,"poco caratteristico, stantio, formaggio passato, presente comunque la nota lattica di burro fuso",4,30684
Aroma::propionico non positivo,Aroma,"propionico, non positivo",4,30685
Texture::granuli di tirosina molto percepibili solubilità e friabilità moderatamente scarse,Texture,granuli di tirosina molto percepibili;solubilità e friabilità moderatamente scarse,4,30686
Texture::morbido con tanti piccoli cristalli poco solub lascia residuo sabbioso,Texture,morbido con tanti piccoli cristalli poco solub lascia residuo sabbioso,4,30687
Texture::troppo morbido ciononostante riesce a frantumarsi nessun cristallo,Texture,"troppo morbido, ciononostante riesce a frantumarsi. nessun cristallo",4,30688
Texture::microstruttura finissima più\ttosto morbido pochi cristalli,Texture,"microstruttura finissima, più\ttosto morbido, pochi cristalli",4,30689
Texture::abbastanza duro granulare migrostruttura grossolana poco solubile asciutto,Texture,"abbastanza duro, granulare, migrostruttura grossolana, poco solubile, asciutto",4,30690
Texture::mediamente asciutta granulosa ma poco solubile risulta quasi sabbiosa,Texture,"mediamente asciutta, granulosa ma poco solubile, risulta quasi sabbiosa",4,30691
Spessore della Crosta::colore sfondo molto carico,Spessore della Crosta,Colore sfondo molto carico,4,30694
Spessore della Crosta::limite della crosta sfumato spessa,Spessore della Crosta,"Limite della crosta sfumato, spessa.",4,30695
Spessore della Crosta::non uniforme ma sui piatti molto sottile,Spessore della Crosta,Non uniforme ma sui piatti molto sottile,4,30699
Struttura della Pasta::microocchiatura granulosa non omogenea disomogenea,Struttura della Pasta,Microocchiatura Granulosa non omogenea Disomogenea,4,30700
Struttura della Pasta::frattura grana regolari ma occhio dav2 cm è fitta microcchiature nel centro e 2 o 3 strappi,Struttura della Pasta,Frattura grana regolari ma occhio dav2 cm è fitta Microcchiature nel centro e 2 o 3 strappi,4,30701
Struttura della Pasta::microocchiatura ed occhio spacchi frattura molto buona la grana sarebbe anche regolare seppur non fine,Struttura della Pasta,Microocchiatura ed occhio. Spacchi. Frattura molto buona. La grana sarebbe anche regolare seppur non fine,4,30702
Struttura della Pasta::frattura abbastanza regolare zone spugnose con occhiatura fitta e grossa bolla,Struttura della Pasta,"Frattura abbastanza regolare, zone spugnose con occhiatura fitta e grossa bolla,",4,30704
Struttura della Pasta::granulosa con una bella frattura presenza localizzata di microocchiatura e di occhio più grande due piccole fratture,Struttura della Pasta,"Granulosa con una bella frattura, presenza localizzata di microocchiatura e di occhio più grande, due piccole fratture",4,30705
Struttura della Pasta::fessure grande occhio due zone spugna,Struttura della Pasta,Fessure grande occhio due zone spugna,4,30706
Colore della Pasta::molto carico e forse 1 macchia rosata,Colore della Pasta,Molto carico e forse 1 macchia rosata,4,30708
Colore della Pasta::carico maggiormente al centro,Colore della Pasta,"Carico, maggiormente al centro",4,30709
Colore della Pasta::giallo chiaro con alone più carico e sfumatura rosa nelle aree spugnose,Colore della Pasta,Giallo chiaro con alone più carico e sfumatura rosa nelle aree spugnose,4,30711
Colore della Pasta::non omogeneo eccessivamente carico al centro,Colore della Pasta,"Non omogeneo, eccessivamente carico al centro",4,30712
Profumo::disomogeneo tra i diversi pezzi da latte acidificato a formaggio stagionato latte cotto intensità moderata,Profumo,disomogeneo tra i diversi pezzi da latte acidificato a formaggio stagionato latte cotto intensità moderata,4,30714
Profumo::all'inizio teli sporchi,Profumo,all'inizio teli sporchi,4,30715
Profumo::intensità buona una nota di cuoio su base di burro e panna,Profumo,"intensità buona, una nota di cuoio su base di burro e panna",4,30716
Profumo::cotto leggermente ossidato burro fuso,Profumo,"cotto, leggermente ossidato, burro fuso",4,30718
Profumo::delicato crosta di formaggio burro cotto lieve nota di nostrano,Profumo,"delicato, crosta di formaggio, burro cotto, lieve nota di nostrano",4,30719
Sapore::acidità (in negativo) intensità leggera,Sapore,acidità (in negativo) intensità leggera,4,30721
Sapore::pungente amaro il tutto non in eccesso,Sapore,pungente. amaro. il tutto non in eccesso,4,30723
Sapore::molto salato e leggemrente piccante,Sapore,molto salato e leggemrente piccante,4,30725
Sapore::dolce sapido con umami medio piccantezza contenuta abbastanza equilibrato,Sapore,"dolce sapido con umami medio, piccantezza contenuta, abbastanza equilibrato",4,30726
Sapore::piccante sbilanciato e salato troppo,Sapore,piccante sbilanciato e salato troppo,4,30727
Aroma::tostato latte cotto intensità leggera,Aroma,"tostato, latte cotto intensità leggera",4,30728
Aroma::burro fuso e formaggio cotto,Aroma,burro fuso e formaggio cotto,4,30732
Aroma::in bocca più\ lattico che al naso panna burro cotto torna la nota di crista di formaggio,Aroma,"in bocca più\ lattico che al naso, panna, burro cotto, torna la nota di crista di formaggio",4,30733
Texture::granuli di tirosina non percpibili in tutti i cubetti friabilità solubilità scarsa,Texture,granuli di tirosina non percpibili in tutti i cubetti;friabilità solubilità scarsa,4,30735
Texture::morbido asciutto abbastanza granuloso con pochi cristalli abbastanza solub,Texture,"morbido asciutto abbastanza granuloso, con pochi cristalli abbastanza solub",4,30736
Texture::consistente e friabile ma non asciutto cristalli non percepiti,Texture,consistente e friabile ma non asciutto. cristalli non percepiti,4,30737
Texture::equilibrato scarsa la solubilità,Texture,"equilibrato, scarsa la solubilità",4,30738
Texture::abbastanza morbido grnuloso microstruttura grossolana poco solubile,Texture,"abbastanza morbido, grnuloso, microstruttura grossolana, poco solubile.",4,30739
Texture::mediamente dura granulosa solubile gradevole,Texture,"mediamente dura, granulosa, solubile, gradevole",4,30740
Spessore della Crosta::sfumata media 12mm,Spessore della Crosta,Sfumata Media 12mm,4,30742
Spessore della Crosta::poco contrasto dato il colore di fondo molto carico,Spessore della Crosta,Poco contrasto dato il colore di fondo molto carico,4,30743
Spessore della Crosta::netta su un piatto sfumata e spessa sull'altro,Spessore della Crosta,Netta su un piatto. Sfumata e spessa sull'altro,4,30744
Struttura della Pasta::frattura abbastanza regolare ma dispari nelle 2 metà grana che forma striature al centro,Struttura della Pasta,Frattura abbastanza regolare ma dispari nelle 2 metà grana che forma striature al centro,4,30750
Struttura della Pasta::frattura discreta grana abbastanza omogenea con una certa finezza,Struttura della Pasta,Frattura discreta. Grana abbastanza omogenea con una certa finezza,4,30751
Struttura della Pasta::frattura irregolare stirato al centro,Struttura della Pasta,"Frattura irregolare,stirato al centro",4,30752
Struttura della Pasta::frattura con dosso e cunetta struttura granulosa,Struttura della Pasta,"Frattura con dosso e cunetta, struttura granulosa,",4,30753
Struttura della Pasta::brutta frattura grana presente ma con evidenti striature,Struttura della Pasta,"Brutta frattura, grana presente ma con evidenti striature",4,30754
Struttura della Pasta::grande striature centrale grana grossolana,Struttura della Pasta,Grande striature centrale grana grossolana,4,30755
Colore della Pasta::molto carico con alone che sfuma diverso un piatto più bianco,Colore della Pasta,Molto carico con alone che sfuma diverso un piatto più bianco,4,30757
Colore della Pasta::alone leggero centrale tinte chiare,Colore della Pasta,"Alone leggero centrale, tinte chiare",4,30758
Colore della Pasta::giallo non carico con alone centrale più scuro e sfumatura rosata,Colore della Pasta,"Giallo non carico, con alone centrale più scuro e sfumatura rosata",4,30760
Colore della Pasta::grigiastro con evidente alone nocciola al centro,Colore della Pasta,Grigiastro con evidente alone nocciola al centro,4,30761
Colore della Pasta::grande alone centrale scuro,Colore della Pasta,Grande alone centrale scuro,4,30762
Profumo::fermentato yogurt ne negativi ne positivi,Profumo,"fermentato, yogurt ne negativi ne positivi",4,30763
Profumo::leggero e sa di emmental,Profumo,leggero e sa di emmental,4,30765
Profumo::latte cotto e panna,Profumo,latte cotto e panna,4,30766
Profumo::abbastanza blano privo di aromi se non leggeremte burro cotto,Profumo,"abbastanza blano, privo di aromi, se non leggeremte burro cotto",4,30767
Profumo::semplice lattico di panna nota di formaggino,Profumo,"semplice, lattico di panna, nota di formaggino",4,30768
Profumo::emmental,Profumo,emmental,4,30769
Sapore::non sgradevole ma non lo riconosco come grana troppo forti odori e consistenze,Sapore,"Non sgradevole, ma non lo riconosco come grana. troppo forti odori e consistenze",4,30772
Sapore::leggera predominanza umami,Sapore,leggera predominanza umami,4,30774
Sapore::dolce sapidità' medio bassa con nota amara,Sapore,"dolce, sapidità' medio bassa, con nota amara",4,30775
Aroma::yogurt tostato leggero intensità leggera,Aroma,"yogurt, tostato leggero intensità leggera",4,30777
Aroma::latte non da grana,Aroma,latte non da grana,4,30778
Aroma::formaggio cotto e burro fuso,Aroma,formaggio cotto e burro fuso,4,30781
Aroma::poco intenso grasso note lattiche di panna con formaggio fuso formaggino,Aroma,"poco intenso, grasso, note lattiche di panna con formaggio fuso, formaggino",4,30782
Texture::solubilità e friabilità molto scarse,Texture,solubilità e friabilità molto scarse,4,30784
Texture::morbido e deformabili non granuloso non firabiole impasta pochi cristalli e poco sol,Texture,morbido e deformabili non granuloso non firabiole impasta pochi cristalli e poco sol,4,30785
Texture::plastico ingozza,Texture,"plastico, ingozza",4,30786
Texture::poco friabile molto morbido assenza di critalli microstruttura finissima,Texture,"poco friabile, molto morbido, assenza di critalli, microstruttura finissima",4,30787
Texture::e' un grana giovane da pasto,Texture,e' un grana giovane da pasto.,4,30788
Texture::adesivo poco granuloso,Texture,"adesivo, poco granuloso",4,30789
Spessore della Crosta::poco contrasto dato l'ok colore di fondo carico,Spessore della Crosta,Poco contrasto dato l'ok colore di fondo carico,4,30792
Spessore della Crosta::grossa ed evidente,Spessore della Crosta,Grossa ed evidente,4,30797
Struttura della Pasta::stirata con qualche occhietti sparso,Struttura della Pasta,Stirata con qualche occhietti sparso,4,30798
Struttura della Pasta::stirata con piccoli occhi sparsi 2 o 3 mm,Struttura della Pasta,Stirata con piccoli occhi sparsi 2 o 3 mm,4,30799
Struttura della Pasta::frattura regolare ma estremamente stirato e qualche microocchiatura,Struttura della Pasta,Frattura regolare ma estremamente stirato e qualche microocchiatura,4,30801
Struttura della Pasta::completamente stirata non granulosa con alcune occhiatura > 3 mm,Struttura della Pasta,"Completamente stirata, non granulosa, con alcune occhiatura > 3 mm",4,30802
Struttura della Pasta::non c'è ci sono solo occhi e stiratute,Struttura della Pasta,Non c'è ci sono solo occhi e stiratute,4,30804
Colore della Pasta::leggermente sfumato,Colore della Pasta,Leggermente Sfumato,4,30805
Colore della Pasta::carico di giallo bel colore da sbrinz,Colore della Pasta,Carico di giallo. Bel colore da sbrinz,4,30807
Colore della Pasta::giallo saturo,Colore della Pasta,Giallo saturo,8,30808
Profumo::formaggio stagionato brodo latte cotto panna con inensità moderata,Profumo,"formaggio stagionato, brodo, latte cotto, panna con inensità moderata",4,30812
Profumo::intensità contenuta su note lattee rinvengo anche un sentore floreale,Profumo,intensità contenuta. su note lattee rinvengo anche un sentore floreale,4,30814
Profumo::leggero odore verdura lessa,Profumo,leggero odore verdura lessa,4,30816
Profumo::gradevole equilibrato latte cotto burro fuso fieno brodo,Profumo,"gradevole, equilibrato, latte cotto, burro fuso, fieno, brodo",4,30817
Sapore::acido inizialmente sovrastante poi equilibrato,Sapore,"acido inizialmente sovrastante, poi equilibrato",4,30819
Sapore::leggero salato e piccante,Sapore,leggero salato e piccante,4,30820
Sapore::pungente di sale umami fors'anche dolce,Sapore,pungente di sale. umami. fors'anche dolce,4,30821
Sapore::manca sale leggermente amaro,Sapore,"manca sale, leggermente amaro",4,30822
Sapore::gusti abbastanza equilibrati e piccante leggero,Sapore,gusti abbastanza equilibrati e piccante leggero,4,30823
Sapore::equilibrato dolce sapido con umami medio piccantezza contenuta lieve nota rinfrescante,Sapore,"equilibrato, dolce sapido con umami medio, piccantezza contenuta, lieve nota rinfrescante",4,30824
Sapore::amaro e piccante,Sapore,amaro e piccante,4,30825
Aroma::crosta di formaggio tostato panna intensità leggero,Aroma,"crosta di formaggio, tostato, panna intensità leggero",4,30826
Aroma::panna + animale,Aroma,panna + animale,4,30827
Aroma::prevalentemente lattico di burro fuso e burro cotto gradevole nota animale di glutammato,Aroma,"prevalentemente lattico di burro fuso e burro cotto, gradevole nota animale di glutammato",4,30831
Texture::solubilità da formaggio tendenzialmente grasso,Texture,solubilità da formaggio tendenzialmente grasso,4,30833
Texture::asciutto e fraibile tende ad impastare,Texture,asciutto e fraibile tende ad impastare,4,30834
Texture::morbido cede nettamente ai denti senza friabilità,Texture,"morbido, cede nettamente ai denti senza friabilità",4,30835
Texture::friabile leggermente morbido solubile assenza di cristalli,Texture,"friabile, leggermente morbido, solubile, assenza di cristalli",4,30836
Texture::abbastanza cedevole granuloso microstruttura abbastanza grossolana leggermente asciutto,Texture,"abbastanza cedevole, granuloso, microstruttura abbastanza grossolana, leggermente asciutto",4,30837
Texture::mediamente dura granulosa solubile,Texture,"mediamente dura, granulosa, solubile,",4,30838
Struttura della Pasta::disomogenea granulosa,Struttura della Pasta,Disomogenea Granulosa,4,30847
Struttura della Pasta::frattura regolare in metà forma molti piccoli strappi uno centrale 6 cm l'altra metà bella grana,Struttura della Pasta,Frattura regolare in metà forma molti piccoli strappi uno centrale 6 cm l'altra metà bella grana,4,30848
Struttura della Pasta::buona la frattura ma spacco e dittatura centrale,Struttura della Pasta,"Buona la frattura, ma spacco e dittatura centrale",4,30849
Struttura della Pasta::leggermente stirato e presente una crepa al centro,Struttura della Pasta,Leggermente stirato e presente una crepa al centro,4,30850
Struttura della Pasta::frattura abbastanza regolare struttura stirata con fessure microocchiatura leggera e limitata,Struttura della Pasta,"Frattura abbastanza regolare, struttura stirata con fessure, microocchiatura leggera e limitata",4,30851
Struttura della Pasta::tendenzialmente stirata con evidente crepa,Struttura della Pasta,Tendenzialmente stirata con evidente crepa,4,30852
Struttura della Pasta::fessura grande e tante piccole grana tende fine,Struttura della Pasta,Fessura grande e tante piccole grana tende fine,4,30853
Colore della Pasta::disomogeneo più scuro da un lato,Colore della Pasta,Disomogeneo più scuro da un lato,4,30854
Colore della Pasta::abbastanza carico più chiaro sotto un piatto,Colore della Pasta,Abbastanza carico Più chiaro sotto un piatto,4,30855
Colore della Pasta::giallo pieno in centro più chiaro altrove,Colore della Pasta,Giallo pieno in centro. Più chiaro altrove,4,30856
Colore della Pasta::giallo chiaro grigiastro ai lati più carico in centro con alone rosati,Colore della Pasta,"Giallo chiaro grigiastro ai lati, più carico in centro con alone rosati",4,30858
Colore della Pasta::più carico al centro con colorazione gialla carica,Colore della Pasta,Più carico al centro con colorazione gialla carica,4,30859
Profumo::poca panna latte e burro non crudi un fondo animale\stalla fieno,Profumo,"poca panna, latte e burro non crudi. un fondo animale\stalla. fieno",4,31745
Profumo::sentori di cotto affumicato lessato,Profumo,"sentori di cotto, affumicato, lessato",4,31749
Profumo::erbaceo all'apertura poi classici,Profumo,"Erbaceo all'apertura, poi classici",4,31750
Profumo::nota blievemente bruciata per iol resto caratteristico,Profumo,"nota blievemente bruciata, per iol resto caratteristico",4,31751
Profumo::fieno tostato nocciola,Profumo,"fieno, tostato, nocciola",4,31752
Sapore::nessun eccesso amaro ma leggero non dolce netto,Sapore,nessun eccesso. amaro ma leggero. non dolce netto,4,31756
Sapore::umami poco dolce,Sapore,"umami, poco dolce",4,31761
Sapore::dolcezza importante sapidità' e umami contenuti lieve nota rinfrescante poco piccante,Sapore,"dolcezza importante, sapidità' e umami contenuti, lieve nota rinfrescante, poco piccante",4,31762
Sapore::equilibrato umami,Sapore,"equilibrato, umami...",4,31763
Aroma::leggero sentore di ossidato e forse fermentato,Aroma,leggero sentore di ossidato e forse fermentato,4,31770
Aroma::leggero affumicato,Aroma,leggero affumicato,8,31771
Aroma::note lattiche cotte prevalenti lieve nota di bruciato caramella mou comunque presenti le note caratteristiche,Aroma,"note lattiche cotte prevalenti, lieve nota di bruciato, caramella mou, comunque presenti le note caratteristiche",4,31773
Aroma::grasso brodo burro,Aroma,"grasso, brodo, burro",4,31774
Texture::morbido granuloso cristalli evidenti,Texture,morbido granuloso cristalli evidenti,4,31777
Texture::morbido al morso estremamente friabile in una struttura finissima quasi sabbiosa non essendo asciutto interessantissimo,Texture,"morbido al morso, estremamente friabile in una struttura finissima, quasi sabbiosa. non essendo asciutto interessantissimo",4,31778
Texture::un p secco,Texture,un p; secco,4,31779
Texture::molto asciutto,Texture,molto asciutto,8,31780
Texture::molto firabile numerosi cristaali solubile,Texture,"molto firabile, numerosi cristaali, solubile.",4,31782
Texture::granulosa solubile asciutta,Texture,"granulosa, solubile, asciutta",4,31784
Texture::molti cristalli molto pastoso e asciutto per,Texture,"molti cristalli, molto pastoso e asciutto per;...",4,31785
Texture::se non fosse per i troppi cristalli,Texture,se non fosse per i troppi cristalli...,4,31786
Spessore della Crosta::sfumata poco percepibile dove termina la crosta e comincia la pasta ne evidente la struttura a grana gia sottocrosta media 6mm,Spessore della Crosta,Sfumata Poco percepibile dove termina la crosta e comincia la pasta Ne. Evidente la struttura a grana gia sottocrosta Media 6mm,4,31787
Spessore della Crosta::mutevole intorno ai 10mm,Spessore della Crosta,Mutevole intorno ai 10mm,4,31789
Spessore della Crosta::diversa da piatti a scalzi con media 10 mm,Spessore della Crosta,Diversa da piatti a scalzi con media 10 mm,4,31796
Struttura della Pasta::disomogenea tra rigida e grossa,Struttura della Pasta,Disomogenea tra rigida e grossa,4,31798
Struttura della Pasta::frattura con avvallamenti e qualche piccola frattura cristalli,Struttura della Pasta,Frattura con avvallamenti e qualche piccola frattura cristalli,4,31799
Struttura della Pasta::la frattura non é bellissima ma la grana é omogenea grumosa,Struttura della Pasta,"La frattura non é bellissima, ma la grana é omogenea, grumosa",4,31800
Struttura della Pasta::microocchiatura grossolana,Struttura della Pasta,"Microocchiatura, grossolana",4,31802
Struttura della Pasta::frattura un poco' irregolare,Struttura della Pasta,Frattura un poco' irregolare,4,31803
Struttura della Pasta::centralmente stirata frattura non regolare,Struttura della Pasta,Centralmente stirata frattura non regolare,4,31804
Struttura della Pasta::grana centrale molto pronunciata spacco con avvallamento,Struttura della Pasta,"Grana centrale molto pronunciata, spacco con avvallamento",4,31805
Struttura della Pasta::grana molto fine con presenza di micro occhiatura rada grana un poco schiacciata piccola sfoglia,Struttura della Pasta,"Grana molto fine con presenza di micro occhiatura rada, grana un Poco schiacciata, piccola sfoglia",4,31806
Struttura della Pasta::molto bella con frattura omogenea sebbene la grana è grossolana,Struttura della Pasta,Molto bella con frattura omogenea sebbene la grana è grossolana,4,31807
Struttura della Pasta::bella grana,Struttura della Pasta,Bella grana,4,31808
Colore della Pasta::alone evidente rosato con fascia e macchie in prossimità di un puatto,Colore della Pasta,Alone evidente rosato con fascia e macchie in prossimità di un puatto,4,31810
Colore della Pasta::più carico al centro è ulteriormente più carico in certe zone sembra quasi virare al rosa talmente intenso é il giallo,Colore della Pasta,Più carico al centro è ulteriormente più carico in certe zone. Sembra quasi virare al rosa talmente intenso é il giallo,4,31811
Colore della Pasta::pasta dal colore bruno,Colore della Pasta,Pasta dal colore bruno,4,31814
Colore della Pasta::alone centrale più carico con macchie rosate,Colore della Pasta,Alone centrale più carico con macchie rosate,4,31815
Colore della Pasta::grande alone centrale con striscia nocciola,Colore della Pasta,Grande alone centrale con striscia nocciola,4,31816
Colore della Pasta::macchie rosa visibili,Colore della Pasta,Macchie rosa visibili,4,31817
Colore della Pasta::giallo piuttosto carico omogeneo,Colore della Pasta,Giallo piuttosto carico omogeneo,4,31818
Colore della Pasta::alone carico centrale,Colore della Pasta,Alone carico centrale,12,31819
Profumo::debole fieno pane poco fresco,Profumo,"debole. fieno, pane. poco fresco",4,31822
Profumo::molto variegati all'apertura e nei singoli pezzi frutta matura e panna ma anche negativi e volatili tipo ammoniaca e fermentato quasi marcio,Profumo,"Molto variegati all'apertura e nei singoli pezzi. Frutta matura e panna, ma anche negativi e volatili, tipo ammoniaca e fermentato, quasi marcio",4,31827
Profumo::poco intenso e complesso nota quasi floreale burro sciolto,Profumo,"poco intenso e complesso, nota quasi floreale, burro sciolto",4,31828
Profumo::intensità' media con note da frutta matura e un p di emmenthal non troppo tipico,Profumo,intensità' media con note da frutta matura e un p; di emmenthal non troppo tipico,4,31829
Sapore::tendente all'amaro acido,Sapore,TENDENTE ALL'AMARO ACIDO,4,31831
Sapore::salato dolce assente,Sapore,"salato, dolce assente",4,31833
Sapore::leggermente troppo salato,Sapore,leggermente troppo salato,4,31837
Sapore::abbastanza equilibrato buon umami con sapidità' contenuta,Sapore,"abbastanza equilibrato, buon umami con sapidità' contenuta",4,31839
Sapore::leggermente piccante e salato,Sapore,leggermente piccante e salato,4,31840
Aroma::inizialmente non troppo positivi poi crosta di formaggio grana,Aroma,"inizialmente non troppo positivi, poi crosta di formaggio grana,",4,31849
Aroma::lattico e glutammato equilibrato ma un poco scarico lievi note di formaggio svizzero e di crosta di formaggio,Aroma,"lattico e glutammato, equilibrato ma un poco scarico, lievi note di formaggio svizzero e di crosta di formaggio",4,31850
Aroma::burro emmenthal umami,Aroma,"burro, emmenthal, umami",4,31851
Texture::morbido poco granuloso pochi cristalli,Texture,morbido poco granuloso pochi cristalli,4,31854
Texture::cedevole morbido ingozza,Texture,"cedevole, morbido, ingozza",4,31855
Texture::tro,Texture,tro,4,31857
Texture::molle cedevole,Texture,"molle, cedevole",4,31858
Texture::morbido e friabile grana abbastanza sottile solubile pochicristalli,Texture,"morbido e friabile, grana abbastanza sottile, solubile, pochicristalli",4,31859
Texture::leggermente cedevole ma granulosa ancora un poco umida,Texture,"leggermente cedevole ma granulosa, ancora un poco umida",4,31861
Texture::cristalli molto presenti consistenza ok,Texture,"cristalli molto presenti, consistenza OK",4,31862
Spessore della Crosta::sfumata spigoli accentuati media 7mm,Spessore della Crosta,Sfumata Spigoli accentuati Media 7mm,4,31864
Spessore della Crosta::1 piatto molto buono l'altro disastroso,Spessore della Crosta,"1 piatto molto buono, l'altro disastroso",4,31866
Spessore della Crosta::7 molto chiaro,Spessore della Crosta,7 molto chiaro,4,31871
Spessore della Crosta::meno spessa su una faccia,Spessore della Crosta,Meno spessa su una faccia,4,31872
Struttura della Pasta::regolare omogenea non setata leggermente grossa,Struttura della Pasta,Regolare omogenea non setata leggermente grossa,4,31875
Struttura della Pasta::frattura abbastanza regolare e grana grossa in centro più fina verso i piatti,Struttura della Pasta,Frattura abbastanza regolare e grana grossa in centro più fina verso i piatti,4,31876
Struttura della Pasta::frattura molto buona grana presente ed omogenea anche se non finissima,Struttura della Pasta,"Frattura molto buona, grana presente ed omogenea, anche se non finissima",4,31877
Struttura della Pasta::granulosa regolare,Struttura della Pasta,Granulosa regolare,12,31879
Struttura della Pasta::regolare e granulosa,Struttura della Pasta,Regolare e granulosa,4,31880
Struttura della Pasta::granulosa frattura regolare,Struttura della Pasta,"Granulosa, frattura regolare",4,31881
Struttura della Pasta::frattura regolare grana un poco' grossolana ma ok,Struttura della Pasta,"Frattura regolare, grana un poco' grossolana ma ok",4,31883
Struttura della Pasta::omogenea con grana sia grossa che fine,Struttura della Pasta,Omogenea con grana sia grossa che fine!,4,31884
Colore della Pasta::chiaro e leggermente alonato al centro,Colore della Pasta,Chiaro e Leggermente alonato al centro,4,31886
Colore della Pasta::chiaro a con leggero alone,Colore della Pasta,Chiaro a con leggero alone,4,31887
Colore della Pasta::base paglierino appena più carico al centro,Colore della Pasta,"Base paglierino, appena più carico al centro.",4,31888
Colore della Pasta::colore chiaro ed omogeneo,Colore della Pasta,Colore chiaro ed omogeneo,4,31891
Colore della Pasta::chiaro abbastanza omogeneo,Colore della Pasta,Chiaro abbastanza omogeneo,4,31893
Colore della Pasta::abbastanza omogeneo non molto carico,Colore della Pasta,"Abbastanza omogeneo, non molto carico",4,31894
Colore della Pasta::omogeneo tendente al giallo chiaro,Colore della Pasta,Omogeneo tendente al giallo chiaro,4,31895
Profumo::burro cotto crosta latte cotto o uht,Profumo,"burro cotto, crosta, latte cotto o uht",4,31899
Profumo::cotto e ossidato,Profumo,cotto e ossidato,4,31902
Profumo::all'apertura cantina e muffa tostati decisi poi lattici molto stagionati,Profumo,"all'apertura, cantina e muffa, tostati decisi, poi lattici molto stagionati",4,31904
Profumo::lieve nota fermentata lattico presente e caratteristico,Profumo,"lieve nota fermentata, lattico presente e caratteristico",4,31905
Profumo::molto intenso da grana e con note florali e leggera tostatura,Profumo,molto intenso da grana e con note florali e leggera tostatura,4,31906
Sapore::sapore pieno complesso appena un poco' salato,Sapore,"sapore pieno, complesso, appena un poco' salato",4,31910
Sapore::formaggio cotto,Sapore,formaggio cotto,4,31911
Sapore::leggermente dolce,Sapore,leggermente dolce,8,31912
Sapore::amaro e umami percepibili,Sapore,amaro e umami percepibili,4,31914
Sapore::amaro dolce,Sapore,"amaro, dolce",8,31915
Sapore::sapidità' e umami accentuati lieve nota acida piccante quasi bruciante,Sapore,"sapidità' e umami accentuati, lieve nota acida, piccante quasi bruciante",4,31916
Sapore::leggermente piccante e amaro nel finale,Sapore,leggermente piccante e amaro nel finale,4,31917
Sapore::molto dolce,Sapore,molto dolce,4,31918
Aroma::a tratti leggermente propionico,Aroma,"a tratti leggermente propionico,",4,31926
Aroma::intenso abbastanza complesso note lattiche di burro fuso e fruttate fermentate crosta di formaggio,Aroma,"intenso, abbastanza complesso, note lattiche di burro fuso e fruttate fermentate, crosta di formaggio",4,31927
Aroma::burro fieno,Aroma,"burro, fieno...",4,31928
Texture::un cubetto non è di alta solubilità come gli altri,Texture,UN CUBETTO NON è DI ALTA SOLUBILITà COME GLI ALTRI,4,31930
Texture::asciutto cristalli evidenti poco solub rimane residuo,Texture,asciutto cristalli evidenti poco solub rimane residuo,4,31931
Texture::umido morbido comunque friabile finemente microcristastalli presenti e fini,Texture,"umido, morbido, comunque friabile finemente, microcristastalli presenti e fini",4,31932
Texture::duro compatto grna fine abbastanza solubile,Texture,"duro, compatto, grna fine, abbastanza solubile",4,31936
Texture::molto friabile solubile,Texture,"molto friabile, solubile",4,31937
Texture::granulosa asciutta solubile,Texture,"granulosa, asciutta, solubile",4,31938
Texture::bella presenza di cristalli asciutto ma buona solubilità,Texture,"bella presenza di cristalli, asciutto, ma buona solubilità",4,31939
Spessore della Crosta::disomogenea lungo il perimetro sfumata media 11mm,Spessore della Crosta,Disomogenea lungo il perimetro sfumata Media 11mm,4,31941
Spessore della Crosta::più evidente negli angoli e sotto 1 piatto,Spessore della Crosta,Più evidente negli angoli e sotto 1 piatto,4,31942
Spessore della Crosta::spessa su un lato,Spessore della Crosta,Spessa su un lato,4,31949
Struttura della Pasta::microocchiatura centrale ruvida,Struttura della Pasta,Microocchiatura centrale Ruvida,4,31952
Struttura della Pasta::fitta microocchiatura nella zona centrale 2 occhi di 1 e 2 cm con superficie liscia con siero,Struttura della Pasta,Fitta Microocchiatura nella zona centrale 2 occhi di 1 e 2 cm con superficie liscia con siero,4,31953
Struttura della Pasta::microcchiato struttura omogenea taglio discreto,Struttura della Pasta,Microcchiato . Struttura omogenea taglio discreto,4,31954
Struttura della Pasta::spugnatura diffusa con due occhi grandi oltre il cm,Struttura della Pasta,Spugnatura diffusa con due occhi grandi oltre il cm,4,31955
Struttura della Pasta::zone quasi spugnose una bolla enorme,Struttura della Pasta,"Zone quasi spugnose, una bolla enorme",4,31956
Struttura della Pasta::abbondante micro0cchiatura al centro,Struttura della Pasta,Abbondante micro0cchiatura al centro,4,31957
Struttura della Pasta::al centro saponosa con microocchiature e bolle,Struttura della Pasta,"Al centro saponosa,con microocchiature e bolle",4,31958
Struttura della Pasta::occhiatura centrale effetto spugna e occhio lucido 1 5 2 cm,Struttura della Pasta,"Occhiatura centrale effetto spugna e occhio lucido 1,5 2 cm,",4,31959
Struttura della Pasta::struttura abbastanza bella ma con area spugnosa al centro e occhio di medie dimensioni,Struttura della Pasta,Struttura abbastanza bella ma con area spugnosa al centro e occhio di medie dimensioni,4,31960
Struttura della Pasta::ottima presenza di grana fine,Struttura della Pasta,Ottima presenza di grana fine,4,31961
Struttura della Pasta::spinosa al centro due grandi occhi per il resto bella grana,Struttura della Pasta,Spinosa al centro due grandi occhi per il resto bella grana,4,31962
Colore della Pasta::colorazione tendente al rosato non evidente al centro colore disomogeneo,Colore della Pasta,Colorazione tendente al rosato non evidente al centro Colore disomogeneo,4,31963
Colore della Pasta::colore in centro rosato con macchie,Colore della Pasta,Colore in centro rosato con macchie,4,31964
Colore della Pasta::in certe zone molto carico,Colore della Pasta,In certe zone molto carico,4,31965
Colore della Pasta::colore della pasta un poco' a fasce,Colore della Pasta,Colore della pasta un poco' a fasce,4,31968
Colore della Pasta::giallo chiaro con aloni rosa centrali,Colore della Pasta,Giallo chiaro con aloni rosa centrali,4,31969
Colore della Pasta::diverse macchie rosa,Colore della Pasta,Diverse macchie rosa,4,31970
Colore della Pasta::colore abbastanza carico ed omogeneo presenza di aloni rosa,Colore della Pasta,"Colore abbastanza carico ed omogeneo, presenza di aloni rosa",4,31971
Colore della Pasta::giallo chiaro omogeneo verso paglierino,Colore della Pasta,Giallo chiaro omogeneo verso paglierino,4,31972
Colore della Pasta::avv uniforme gialla,Colore della Pasta,Avv uniforme gialla,4,31973
Profumo::nota animale,Profumo,nota animale,4,32207
Profumo::latticini freschi leggero erbaceo,Profumo,latticini freschi leggero erbaceo,4,32211
Profumo::poco intenso e complesso lattico cotto e brodo,Profumo,"poco intenso e complesso, lattico cotto e brodo",4,32213
Profumo::yogurth nocciola tostato,Profumo,"yogurth, nocciola, tostato",4,32214
Profumo::dolce un poco di cotto,Profumo,dolce un poco- di cotto,4,32215
Sapore::sa di @vecchio@,Sapore,sa di @vecchio@,4,32219
Sapore::legermente acidulo,Sapore,legermente acidulo,4,32222
Sapore::umami salato piccante,Sapore,"umami, salato, piccante",4,32223
Sapore::dolce sapido con retrogusto amaro,Sapore,dolce sapido con retrogusto amaro,4,32224
Sapore::dolce pizzica unpo non tipico del grana,Sapore,dolce pizzica unpo- non tipico del grana,4,32226
Aroma::confermo un animale\stalla,Aroma,confermo un animale\stalla,4,32229
Aroma::burro e panna,Aroma,"burro e panna ,",4,32233
Aroma::lattico cotto di latte cotto panna cotta burro cotto poco complesso ma caratteristico,Aroma,"lattico cotto di latte cotto, panna cotta, burro cotto, poco complesso ma caratteristico",4,32235
Aroma::leggermente saponoso formaggio,Aroma,"leggermente saponoso, formaggio..",4,32236
Texture::morbido e pastoso cristalli evidenti,Texture,morbido e pastoso cristalli evidenti,4,32239
Texture::a tratti troppo morbido impasta e incolla labocca,Texture,"a tratti troppo morbido, impasta e incolla labocca",4,32240
Texture::morbido poco granuloso smbra troppo fresco,Texture,"morbido, poco granuloso, smbra troppo fresco",4,32244
Texture::deformabile pastoso adesivo,Texture,"deformabile, pastoso, adesivo",4,32245
Texture::granulosa ma ancora umida solubilità' medio bassa,Texture,"granulosa ma ancora umida, solubilità' medio bassa",4,32246
Texture::morbido e pochi granuli,Texture,morbido e pochi granuli...,4,32247
Spessore della Crosta::sfumata media 6 mm,Spessore della Crosta,Sfumata Media 6 mm,4,32249
Spessore della Crosta::più evidente su un piatto e angoli,Spessore della Crosta,Più evidente Su un piatto e angoli,4,32250
Spessore della Crosta::bassa,Spessore della Crosta,Bassa,4,32258
Struttura della Pasta::frattura a raggiera con cambio struttura stirata al centro evidenti piccoli cristalli e perle,Struttura della Pasta,Frattura a raggiera con cambio struttura stirata al centro evidenti piccoli cristalli e perle,4,32261
Struttura della Pasta::frattura con un vuoto centrale segno di disomogeneità della pasta la parte centrale é grossolanamente stirata,Struttura della Pasta,"Frattura con un vuoto centrale, segno di disomogeneità della pasta la parte centrale é grossolanamente stirata",4,32262
Struttura della Pasta::striature centrali,Struttura della Pasta,Striature centrali,4,32263
Struttura della Pasta::amore zone stirate,Struttura della Pasta,Amore zone stirate,4,32264
Struttura della Pasta::frattura irregolare grana in parte tendente allo stirato,Struttura della Pasta,"Frattura irregolare, grana in parte tendente allo stirato",4,32265
Struttura della Pasta::poco granulosa simile a cera,Struttura della Pasta,"Poco granulosa, simile a cera",4,32266
Struttura della Pasta::disomogenea leggermente stirata al centro dove si è formata una vasca,Struttura della Pasta,"Disomogenea, leggermente stirata al centro dove si è formata una vasca",4,32267
Struttura della Pasta::frattura non molto bella struttura leggermente stirata e presenza rada di micro occhiatura,Struttura della Pasta,"Frattura non molto bella, struttura leggermente stirata e presenza rada di micro occhiatura",4,32268
Struttura della Pasta::leggermente stirata e con grana molto grossolana,Struttura della Pasta,Leggermente stirata e con grana molto grossolana,4,32269
Struttura della Pasta::grossa frattura struttura grana positiva,Struttura della Pasta,Grossa frattura struttura grana positiva,4,32270
Colore della Pasta::decisamente carico al centro,Colore della Pasta,Decisamente carico al centro,4,32271
Colore della Pasta::evidente alone scuro che segue la frattura,Colore della Pasta,Evidente alone scuro che segue la frattura,4,32272
Colore della Pasta::molto saturo nella parte centrale più chiaro verso piatto e 2 scalzi,Colore della Pasta,Molto saturo nella parte centrale. Più Chiaro verso piatto e 2 scalzi,4,32273
Colore della Pasta::alone centrale nettamente più scuro,Colore della Pasta,Alone centrale nettamente più scuro,4,32275
Colore della Pasta::colore più scuro al centro,Colore della Pasta,Colore più scuro al centro,4,32276
Colore della Pasta::alone centrale sotto un piatto è più chiara,Colore della Pasta,"Alone centrale, sotto un piatto è più chiara",4,32278
Colore della Pasta::evidente presenza di alone centrale più scuro,Colore della Pasta,Evidente presenza di alone centrale più scuro,4,32279
Colore della Pasta::medio con zone verdi e centro più scuro,Colore della Pasta,Medio con zone verdi e centro più scuro,4,32280
Profumo::pregi e difetti tendente allo stallatico,Profumo,pregi e difetti...TENDENTE ALLO STALLATICO,4,32282
Profumo::poco profumato poco complesso,Profumo,poco profumato. poco complesso,4,32284
Profumo::stantio passato,Profumo,"stantio, passato",4,32287
Profumo::bruciato,Profumo,bruciato,8,32288
Profumo::putrido prevalente alla rottura dei pezzi,Profumo,putrido prevalente alla rottura dei pezzi,4,32289
Profumo::difettoso frutta fermentata nota chimica stantio,Profumo,"difettoso, frutta fermentata, nota chimica, stantio",4,32290
Profumo::fum[ nocciola frytta matura,Profumo,"fum[, nocciola, frytta matura",4,32291
Profumo::stalla insilato non positivo,Profumo,"stalla, insilato non positivo",4,32292
Sapore::nessun sapore prevalente,Sapore,nessun sapore prevalente,4,32295
Sapore::dolce sapido con lieve nota amara lieve astringenza,Sapore,"dolce sapido con lieve nota amara, lieve astringenza",4,32301
Sapore::equuilibrato,Sapore,equuilibrato....,4,32302
Sapore::salato e piccante non equilibrati,Sapore,salato e piccante non equilibrati,4,32303
Aroma::sento un poco' più' di latte che al naso,Aroma,sento un poco' più' di latte che al naso,4,32306
Aroma::crosta e formaggio bruciato,Aroma,crosta e formaggio bruciato,4,32310
Aroma::putrido immangiabile,Aroma,"putrido, immangiabile",4,32311
Aroma::meglio che al naso lattico di panna e burro con note fermentate di frutta tropicale,Aroma,"meglio che al naso, lattico di panna e burro con note fermentate di frutta tropicale",4,32312
Aroma::mela burro,Aroma,"mela, burro",4,32313
Texture::duro con solubilità difficoltosa scarssisimi granuli di tirosina,Texture,DURO CON SOLUBILITà DIFFICOLTOSA;SCARSSISIMI GRANULI DI TIROSINA,4,32315
Texture::morbido con cristalli granuloso lascia un poco di residuo,Texture,morbido con cristalli granuloso lascia un poco di residuo,4,32316
Texture::molti cristalli anche grossi friabile asciutto microstruttura fine,Texture,"molti cristalli, anche grossi. friabile, asciutto. microstruttura fine",4,32317
Texture::assenza di cristalli e granulosit',Texture,assenza di cristalli e granulosit';,4,32318
Texture::compatto praticamente non granuloso solubile asciutto,Texture,"compatto, praticamente non granuloso, solubile,asciutto.",4,32321
Texture::cedevole ancora umida poco granulosa,Texture,"cedevole, ancora umida, poco granulosa",4,32323
Texture::manca umidità' e solubilità,Texture,manca umidità' e solubilità,4,32324
Spessore della Crosta::colore sottocrosta sganciato sfuma verso linterno,Spessore della Crosta,Colore sottocrosta sganciato sfuma verso linterno,4,32327
Spessore della Crosta::more superiore al cm,Spessore della Crosta,More superiore al cm,4,32328
Spessore della Crosta::mediamente 11 mm,Spessore della Crosta,Mediamente 11 mm,4,32335
Spessore della Crosta::spigoli pronunciati media 1,Spessore della Crosta,Spigoli pronunciati media 1,4,32336
Struttura della Pasta::grossolana un lato stirato frattura gravemente irregolare,Struttura della Pasta,Grossolana Un lato stirato Frattura gravemente irregolare,4,32337
Struttura della Pasta::profondi avvallamenti per frattura molto irregolare,Struttura della Pasta,Profondi avvallamenti per frattura molto irregolare,4,32338
Struttura della Pasta::frattura pessima grana abbastanza omogenea granulosa,Struttura della Pasta,"Frattura pessima. Grana abbastanza omogenea, granulosa",4,32339
Struttura della Pasta::frattura irregolare e forte striatura,Struttura della Pasta,Frattura irregolare e forte striatura,4,32340
Struttura della Pasta::microocchiatura frattura irregolare,Struttura della Pasta,"Microocchiatura, frattura irregolare",4,32341
Struttura della Pasta::frattura irregolare ma buona grana,Struttura della Pasta,Frattura irregolare ma buona grana,4,32342
Struttura della Pasta::pasta compatta non granulosa stirata frattura irregolare,Struttura della Pasta,"Pasta compatta non granulosa, stirata, frattura irregolare,",4,32343
Struttura della Pasta::fratture profonde ampia zona centrale difforme dalla cornice che è pure diversa da un sotto scalzo all altro,Struttura della Pasta,"Fratture profonde, ampia zona centrale difforme dalla cornice, che è pure diversa da un sotto scalzo all altro",4,32344
Struttura della Pasta::brutta frattura pasta tendente allo stirato con lieve micro occhiatura e grana poco profilata,Struttura della Pasta,"Brutta frattura, pasta tendente allo stirato con lieve micro occhiatura e grana poco profilata",4,32345
Struttura della Pasta::grana grossolana e frattura variabile,Struttura della Pasta,Grana grossolana e frattura variabile,4,32346
Struttura della Pasta::frattura molto pronunciate grana vs un piatto molto poco formata striature bocciatura,Struttura della Pasta,Frattura molto pronunciate grana vs un piatto molto poco formata striature bocciatura,4,32347
Colore della Pasta::colorazione carica al centro,Colore della Pasta,Colorazione carica al centro,4,32348
Colore della Pasta::alone centrale accentuatondalla frattura,Colore della Pasta,Alone centrale accentuatondalla frattura,4,32349
Colore della Pasta::appena più carico verso il centro comunque tonalità poco sature,Colore della Pasta,"Appena più carico verso il centro, comunque tonalità poco sature",4,32350
Colore della Pasta::leggermente alone centrale,Colore della Pasta,Leggermente alone centrale,4,32352
Colore della Pasta::giallo chiaro con alone più scuro,Colore della Pasta,Giallo chiaro con alone più scuro,4,32354
Colore della Pasta::intenso e grande alone centrale,Colore della Pasta,Intenso e grande alone centrale,4,32355
Colore della Pasta::più carico al centro lievi ombre rosate,Colore della Pasta,"Più carico al centro, lievi ombre rosate",4,32356
Colore della Pasta::giallo saturo abbastanza omogeneo,Colore della Pasta,Giallo saturo abbastanza omogeneo,4,32357
Colore della Pasta::giallo vs carico poco uniforme,Colore della Pasta,Giallo vs carico poco uniforme,4,32358
Profumo::cotto crosta,Profumo,cotto crosta,4,32360
Profumo::non molto intenso note vegetali e minerali poco complesso,Profumo,non molto intenso. note vegetali e minerali. poco complesso,4,32361
Profumo::stantio e cotto,Profumo,stantio e cotto,4,32365
Profumo::ammoniaca iniziale un poco' di stantio crosta di grana,Profumo,"Ammoniaca iniziale, un poco' di stantio, crosta di grana",4,32366
Profumo::poco intenso e complesso presenti le note caratteristiche ma scarico,Profumo,"poco intenso e complesso, presenti le note caratteristiche ma scarico",4,32367
Profumo::molto intenso da formaggio grana con piccole note anche di formaggio fuso,Profumo,molto intenso da formaggio grana con piccole note anche di formaggio fuso,4,32368
Profumo::leggero spunto di stalla e di crosta,Profumo,leggero spunto di stalla e di crosta,4,32369
Sapore::percepisco anche il dolce peccato sia pungente non chiaro se piccante o di sale penso piccante,Sapore,"percepisco anche il dolce, peccato sia pungente, non chiaro se piccante o di sale. penso piccante",4,32372
Sapore::non piccante leggermente amaro,Sapore,non piccante leggermente amaro,4,32376
Sapore::dolcezza buona con contenuta sapidfit' buon equilibrio poco piccante,Sapore,"dolcezza buona con contenuta sapidfit', buon equilibrio, poco piccante",4,32378
Sapore::equilibrio medio con note anche dolci piacevoli,Sapore,equilibrio medio con note anche dolci piacevoli,4,32379
Sapore::non equilibrato troppo salato,Sapore,non equilibrato troppo salato,4,32380
Aroma::cotto e panna,Aroma,cotto e panna,4,32382
Aroma::sentore di bruciato e di ossidato,Aroma,sentore di bruciato e di ossidato,4,32387
Aroma::crosta di grana e un poco' di stantio,Aroma,crosta di grana e un poco' di stantio,4,32388
Aroma::lattico di panna burro formaggio grasso gradevole,Aroma,"lattico di panna, burro, formaggio grasso gradevole",4,32389
Aroma::frutta grana,Aroma,"frutta, grana",4,32390
Texture::morbido grasso cristalli evidenti,Texture,morbido grasso cristalli evidenti,4,32393
Texture::morbido non talmente da perdere friabilità' microstruttura grossolana pochissimi cristalli,Texture,"morbido, non talmente da perdere friabilità'. microstruttura grossolana. pochissimi cristalli",4,32394
Texture::molto asciutta grana fine cristalli numerosi,Texture,"molto asciutta, grana fine, cristalli numerosi,",4,32398
Texture::adesivo poco friabile e poco solubile,Texture,"adesivo, poco friabile e poco solubile",4,32399
Texture::granulosa mediamente asciutta solubile,Texture,"granulosa, mediamente asciutta, solubile",4,32400
Texture::asciutto asciutto e pochi cristalli,Texture,asciutto asciutto.... e pochi cristalli,4,32401
Texture::cristalli gommoso,Texture,cristalli gommoso,4,32402
Spessore della Crosta::sfumata spigoli accentuati media 8mm,Spessore della Crosta,Sfumata Spigoli accentuati Media 8mm,4,32403
Spessore della Crosta::più evidente negli angoli e sotto un piatto,Spessore della Crosta,Più evidente negli Angoli e sotto un piatto,4,32404
Spessore della Crosta::piatti molto sottili,Spessore della Crosta,Piatti molto sottili,6,32405
Spessore della Crosta::sottocrosta poco evidente,Spessore della Crosta,Sottocrosta poco evidente,8,32407
Spessore della Crosta::diversa tra scalzi e piatti ma mediamente 8 mm,Spessore della Crosta,Diversa tra scalzi e piatti ma mediamente 8 mm,4,32412
Struttura della Pasta::stirata con aree grossolana presenza di stacchi,Struttura della Pasta,Stirata con aree grossolana Presenza di stacchi,4,32414
Struttura della Pasta::lunga frattura che corre in centro più altre più piccole centrali e sotto un piatto asta stirata,Struttura della Pasta,"Lunga frattura che corre in centro più altre più piccole centrali e sotto un piatto, asta stirata",4,32415
Struttura della Pasta::buona struttura fine peccato le spaccature nel cuore taglio buono,Struttura della Pasta,"Buona struttura, fine. Peccato le spaccature nel cuore. Taglio buono",4,32416
Struttura della Pasta::zone stirate enormi fratture,Struttura della Pasta,Zone stirate Enormi fratture,4,32418
Struttura della Pasta::disomogenea presenti numerosi spacchi,Struttura della Pasta,"Disomogenea, presenti numerosi spacchi",4,32419
Struttura della Pasta::gessata stirata fratture interne,Struttura della Pasta,"Gessata, stirata, fratture interne",4,32420
Struttura della Pasta::grandi spacchi tratti stirati,Struttura della Pasta,"Grandi spacchi, tratti stirati",4,32421
Struttura della Pasta::evidente spaccatura nel centro brutta frattura grana quasi assente,Struttura della Pasta,"Evidente Spaccatura nel centro, brutta Frattura, grana quasi assente",4,32422
Struttura della Pasta::frattura con tagli,Struttura della Pasta,"Frattura con tagli, ..",4,32423
Struttura della Pasta::tante grosse fratture grana poco formata,Struttura della Pasta,Tante grosse fratture grana poco formata,4,32424
Colore della Pasta::carico grigiastro con fascia più chiara sotto un piatto,Colore della Pasta,Carico grigiastro con fascia più chiara sotto un piatto,4,32426
Colore della Pasta::colore non saturo appena più chiaro verso un piatto e uno scalzo,Colore della Pasta,Colore non saturo appena più Chiaro verso un piatto e uno scalzo,4,32427
Colore della Pasta::colore della pasta tendente al bruno,Colore della Pasta,Colore della pasta tendente al bruno,4,32430
Colore della Pasta::giallo carico con alone centrale più scuro,Colore della Pasta,Giallo carico con alone centrale più scuro,4,32431
Colore della Pasta::intenso degradante verso un piatto,Colore della Pasta,"Intenso, degradante verso un piatto",4,32432
Colore della Pasta::carico quasi nocciola ma abbastanza omogeneo,Colore della Pasta,Carico quasi nocciola ma abbastanza omogeneo,4,32433
Colore della Pasta::medio chiaro ma con aree verdognole verso gli scalzi,Colore della Pasta,Medio chiaro ma con aree verdognole verso gli scalzi,4,32434
Colore della Pasta::omogeneo ma molto carico,Colore della Pasta,Omogeneo ma molto carico,4,32435
Profumo::leggermente fruttato,Profumo,leggermente fruttato,4,33594
Profumo::lieve sentore di cotto e erba fermentata,Profumo,lieve sentore di cotto e erba fermentata,4,33595
Profumo::intensità' moderata crosta brodo veetale una nota animale appena sentito poi sfuma,Profumo,"intensità' moderata. crosta, brodo veetale. una nota animale appena sentito poi sfuma",4,33597
Profumo::dicreto buono in 3 pezzi su 4 ma in 1 c'è del marcio putrido,Profumo,"dicreto buono in 3 pezzi su 4, ma in 1 c'è del marcio, putrido",4,33599
Profumo::latte cotto caramello,Profumo,"latte cotto, caramello",4,33601
Sapore::salato leggermente acido leggermente umami,Sapore,salato;leggermente acido;leggermente umami,4,33603
Sapore::nota dolce e leggerissimo acidulo,Sapore,nota dolce e leggerissimo acidulo,4,33605
Sapore::un poco' amaro,Sapore,un poco' amaro,4,33610
Sapore::piccantezza elevata,Sapore,piccantezza elevata,4,33611
Sapore::umami importante,Sapore,umami importante,4,33612
Aroma::panna da nostrano più che grana,Aroma,panna da nostrano più che grana,4,33615
Aroma::panna e frutta,Aroma,panna e frutta,4,33616
Aroma::gran intensità' e tostatura retroolfattiva,Aroma,gran intensità' e tostatura retroolfattiva,4,33619
Aroma::prevalenza di lattici cotti,Aroma,"prevalenza di lattici cotti,",4,33621
Aroma::latte cotto cipolla dado di carne,Aroma,"latte cotto, cipolla, dado di carne",4,33623
Texture::morbido pastoso poco granul poco sol,Texture,morbido pastoso poco granul poco sol,4,33626
Texture::morbido solubile grana fine qualche cristallo,Texture,"morbido, solubile, grana fine, qualche cristallo",4,33627
Texture::granuli di tirosina molto scarsi,Texture,granuli di tirosina molto scarsi,4,33629
Texture::cristalli a gogo troppo morbido e umido microstruttura assente non friabile,Texture,cristalli a gogo. troppo morbido e umido. microstruttura assente. non friabile,4,33630
Texture::presenza di numerosi cristalli di tirosina,Texture,presenza di numerosi cristalli di tirosina,4,33633
Spessore della Crosta::più sotto 1 piatto,Spessore della Crosta,Più sotto 1 piatto,4,33636
Spessore della Crosta::spessa sugli scalzi meglio sul piatti,Spessore della Crosta,Spessa sugli scalzi. Meglio sul piatti,4,33640
Spessore della Crosta::spigoli belli più spessa negli scalzi,Spessore della Crosta,Spigoli belli più spessa negli scalzi,4,33644
Struttura della Pasta::carico,Struttura della Pasta,Carico,4,33646
Struttura della Pasta::grana un poco disomogenea con una parte tendenzialmente stirata,Struttura della Pasta,Grana un Poco disomogenea con una parte tendenzialmente stirata,4,33647
Struttura della Pasta::grana più che discreta,Struttura della Pasta,Grana più che discreta,4,33653
Struttura della Pasta::grana bella spaccatura regolare qualche occhiatura,Struttura della Pasta,Grana bella spaccatura regolare qualche occhiatura,4,33655
Colore della Pasta::struttura regolare,Colore della Pasta,Struttura regolare,4,33657
Colore della Pasta::leggermente alonata,Colore della Pasta,Leggermente alonata,4,33663
Colore della Pasta::bel giallo zona grigetta,Colore della Pasta,"Bel giallo, zona grigetta",4,33664
Colore della Pasta::paglierino non troppo carico e omogeneo,Colore della Pasta,Paglierino non troppo carico e omogeneo,4,33665
Colore della Pasta::fascia più chiara vs un piatto,Colore della Pasta,Fascia più chiara vs un piatto,8,33666
Profumo::quasi imperteccibile,Profumo,quasi imperteccibile...,4,33672
Profumo::intensità' moderata un pochetto di panna latte cotto pane burro sciolto fieno lieve ma complesso,Profumo,intensità' moderata. un pochetto di panna. latte cotto. Pane. burro sciolto. Fieno. lieve ma complesso,4,33674
Profumo::leggermente pungente,Profumo,leggermente pungente,8,33675
Profumo::3 su 4 panna verdura lessa dolciastra leggero fermentato in 1 pezzo odore di marcio,Profumo,"3 su 4 panna, verdura lessa dolciastra, leggero fermentato, in 1 pezzo odore di marcio",4,33676
Profumo::predominante il lattico cotto e il brodo,Profumo,predominante il lattico cotto e il brodo,4,33677
Profumo::frutta tropicale ananas,Profumo,"frutta tropicale, ananas",4,33678
Sapore::tendente all'acido amaro,Sapore,tendente all'acido amaro,4,33684
Sapore::amaro salato e piccante bassi ma povero poco pieno non dolce,Sapore,"Amaro. salato e piccante bassi, ma povero , poco pieno, non dolce",4,33685
Sapore::salato troppo,Sapore,salato troppo,4,33686
Sapore::umami leggera piccantezza ma poco persistente,Sapore,"umami, leggera piccantezza ma poco persistente",4,33687
Sapore::predomina l acido e il salato,Sapore,predomina l-acido e il salato,4,33688
Aroma::scarico poco percettibile,Aroma,scarico. poco percettibile.,4,33694
Aroma::crosta di grana,Aroma,"crosta di grana,",4,33698
Texture::diventa inconsistente,Texture,diventa inconsistente,4,33701
Texture::morbido granuloso poco sol qualche cristallo lascia residuo,Texture,morbido granuloso poco sol qualche cristallo lascia residuo,4,33703
Texture::duro asciutto praticamnte privo di grana,Texture,"duro, asciutto, praticamnte privo di grana,",4,33704
Texture::scarsa presenza di tirosina,Texture,scarsa presenza di tirosina,4,33706
Texture::molto buona fosse un emmental e' addirittura elastico,Texture,"molto buona, fosse un emmental. e' addirittura elastico",4,33707
Texture::cristalli non da stagionato ma da fresco,Texture,cristalli non da stagionato ma da fresco,4,33708
Texture::poca granulosità in bocca,Texture,"poca granulosità in bocca,",4,33709
Texture::molto adesiva,Texture,molto adesiva,8,33711
Struttura della Pasta::decisamente stirata,Struttura della Pasta,Decisamente stirata,4,33723
Struttura della Pasta::stirata con una frattura e microocchiatura on qualche occhiolino 2 mm in centro,Struttura della Pasta,Stirata con una frattura e Microocchiatura on qualche occhiolino 2 mm in centro,4,33724
Struttura della Pasta::presenza di molte occhiatura spacco,Struttura della Pasta,Presenza di molte occhiatura Spacco,4,33726
Struttura della Pasta::striature zona laterale con colore e spugnosita notevole centrale con occhi da 4 mm e crepa frattura regolare,Struttura della Pasta,"Striature,zona laterale con colore e spugnosita notevole, centrale con occhi da 4 mm e crepa Frattura regolare",4,33727
Struttura della Pasta::pasta stirata in alcune zone presenta microocchiatura anche uno spacco,Struttura della Pasta,Pasta stirata. In alcune zone presenta microocchiatura. Anche uno spacco.,4,33728
Struttura della Pasta::stirata spinosa con occhiatura e fratture,Struttura della Pasta,"Stirata, spinosa, con Occhiatura e fratture",4,33729
Struttura della Pasta::grana brutta non tipica stirata occhiature 2_3 mm e microocchiature sarse,Struttura della Pasta,"Grana brutta, non tipica, stirata, occhiature 2_3 mm e microocchiature sarse",4,33730
Struttura della Pasta::disomogenea stirata a tratti occhiatina a zone strappo,Struttura della Pasta,"Disomogenea, stirata a tratti, occhiatina a zone, strappo",4,33731
Struttura della Pasta::spacchi bocciature sparse anche grosse stirata,Struttura della Pasta,"Spacchi, bocciature sparse anche grosse, stirata",4,33732
Colore della Pasta::chiaro ma sotto un piatto fascia macchia diffusa rosa,Colore della Pasta,Chiaro ma sotto un piatto fascia macchia diffusa rosa,4,33735
Colore della Pasta::colore molto marcato ma omogeneo,Colore della Pasta,Colore molto marcato ma omogeneo,4,33739
Colore della Pasta::giallo paglierino verso gli scalzi si carica verso il centro macchia rosa,Colore della Pasta,"Giallo paglierino verso gli scalzi, si carica verso il centro, macchia rosa",4,33740
Colore della Pasta::giallo troppo carico centro e più chiaro ai lati,Colore della Pasta,Giallo troppo carico centro e più chiaro ai lati,4,33741
Colore della Pasta::non omogeneo alone e striscia rosa,Colore della Pasta,"Non omogeneo, alone e striscia rosa",4,33742
Colore della Pasta::giallo intenso al centro non uniforme,Colore della Pasta,Giallo intenso al centro non uniforme,4,33743
Colore della Pasta::occhiatura da 1 a 2 5mm nella parte centrale della forma ma frattura di 4 cm,Colore della Pasta,"Occhiatura da 1 a 2,5mm nella parte centrale della forma Ma frattura di 4 cm",4,33744
Profumo::brodo / tostato bruciato,Profumo,brodo / tostato bruciato,4,33748
Profumo::burro fuso e panna,Profumo,burro fuso e panna,4,33749
Profumo::una porzione con percepibili note animali e vegetali,Profumo,una porzione con percepibili note animali e vegetali,4,33750
Profumo::intensità' buona,Profumo,intensità' buona.,4,33751
Profumo::anche vegetale dolce cotto,Profumo,anche vegetale dolce cotto,4,33753
Profumo::formaggio cotto e brodo di carne prevalenti,Profumo,Formaggio cotto e brodo di carne prevalenti,4,33754
Profumo::gradevole di lattico cotto ma un poco leggero,Profumo,gradevole di lattico cotto ma un poco- leggero,4,33755
Sapore::nulla domina,Sapore,nulla domina,4,33762
Sapore::salato equilibrato ma alla fine esce l amaro,Sapore,salato equilibrato ma alla fine esce l-amaro,4,33763
Sapore::dolce quasi poco sapido,Sapore,"dolce, quasi poco sapido",4,33764
Aroma::leggerissimo sentore di bruciato,Aroma,leggerissimo sentore di bruciato,4,33770
Aroma::scarno,Aroma,scarno,8,33773
Aroma::latte cotto minestrone verdura,Aroma,"latte cotto, minestrone verdura",4,33777
Texture::troppo umido pochi cristialli,Texture,troppo umido;pochi cristialli...,4,33779
Texture::morbido asciutto con qualche crist,Texture,morbido asciutto con qualche crist,4,33780
Texture::morbido grana fine cristaali ben percepibili solubile,Texture,"morbido, grana fine, cristaali ben percepibili, solubile",4,33781
Texture::un poco pastoso,Texture,un poco pastoso,4,33782
Texture::asciutto asciuga e impasta la bocca ingozza,Texture,"asciutto, asciuga e impasta la bocca, ingozza",4,33784
Texture::pastoso umido poco granuloso,Texture,"pastoso, umido, poco granuloso",4,33786
Texture::abbastanza adesivo,Texture,abbastanza adesivo,8,33788
Spessore della Crosta::media 10mm crosta sfumata,Spessore della Crosta,Media 10mm Crosta sfumata,4,33789
Spessore della Crosta::13 mm,Spessore della Crosta,13 mm,4,33796
Spessore della Crosta::scalzi crosta molto spessa sopra 1 5 piatti 1spigoli molto pronunciati,Spessore della Crosta,Scalzi crosta molto spessa sopra 1.5 piatti 1spigoli molto pronunciati,4,33798
Struttura della Pasta::irregolare parte centrale stirata,Struttura della Pasta,Irregolare Parte centrale stirata,4,33800
Struttura della Pasta::in parte stirata e in parte spinosa per grana e microocchiature,Struttura della Pasta,In parte stirata e in parte spinosa per grana e microocchiature,4,33801
Struttura della Pasta::pasta stirata al centro frattura abbastanza regolare,Struttura della Pasta,"Pasta stirata al centro, frattura abbastanza regolare",4,33806
Struttura della Pasta::pasta stirata qualche microocchiatura,Struttura della Pasta,"Pasta stirata, qualche microocchiatura",4,33807
Struttura della Pasta::variabile a tratti bella grana in altri microocchiatura o leggermente stirato,Struttura della Pasta,"Variabile, a tratti bella grana, in altri microocchiatura o leggermente stirato",4,33808
Struttura della Pasta::grana nella struttura centrale occhiatura centrale su macchia rosa frattura regolare,Struttura della Pasta,Grana nella struttura centrale occhiatura centrale su macchia rosa frattura regolare,4,33809
Struttura della Pasta::molto sottile su i piatti,Struttura della Pasta,Molto sottile su i piatti,4,33810
Colore della Pasta::carico fascia rosa centrale,Colore della Pasta,Carico fascia rosa centrale,4,33811
Colore della Pasta::carico con macchie centrali risate marroni,Colore della Pasta,Carico con Macchie centrali risate marroni,4,33812
Colore della Pasta::macchia scura centrale,Colore della Pasta,Macchia scura centrale,4,33814
Colore della Pasta::al centro ci sono aree più scure,Colore della Pasta,Al centro ci sono aree più scure,4,33816
Colore della Pasta::macchie scure centrali e zona più scura verso un piatto,Colore della Pasta,Macchie scure centrali e zona più scura verso un piatto,4,33818
Colore della Pasta::evidenti striscia rosa,Colore della Pasta,Evidenti striscia rosa,4,33819
Colore della Pasta::tendente al chiaro zona vs piatto più scura macchia rosa,Colore della Pasta,tendente al chiaro zona vs piatto più scura macchia rosa,4,33820
Colore della Pasta::pulita omogenea,Colore della Pasta,Pulita omogenea,4,33821
Profumo::odore di stantio,Profumo,odore di stantio,4,33825
Profumo::delicato,Profumo,delicato,8,33827
Profumo::buona intensità' profumi maturi burro fusolatte cotto anche un pochetto di tostato e frutta seccasecca,Profumo,"buona intensità'. profumi maturi, burro fusolatte cotto. anche un pochetto di tostato e frutta seccasecca",4,33828
Profumo::un poco cotto,Profumo,un poco cotto,4,33829
Profumo::vegetale floreale all'apertura 1 pezzo negativo gli altri discreti buoni,Profumo,"vegetale floreale all'apertura, 1 pezzo negativo, gli altri discreti buoni",4,33830
Profumo::burro fresco debole,Profumo,"burro fresco, debole",4,33832
Sapore::acida,Sapore,acida,4,33834
Sapore::piccante e amarognolo salato,Sapore,"piccante e amarognolo, salato",4,33836
Sapore::lievemente astringente,Sapore,lievemente astringente;,4,33837
Sapore::un poco punente amaro comunque sapore pieno,Sapore,un poco punente. Amaro. comunque sapore pieno,4,33839
Sapore::salato amaro piccante,Sapore,salato amaro piccante,4,33840
Sapore::troppo piccante,Sapore,troppo piccante,4,33842
Sapore::un poco troppo sapido,Sapore,un poco- troppo sapido,4,33843
Aroma::stantio cotto,Aroma,"stantio, cotto",4,33847
Aroma::mandorla amara vegetali amari tostati,Aroma,"mandorla amara, vegetali amari, tostati",4,33852
Aroma::latte fresco delicato minestrone verdura,Aroma,"latte fresco delicato, minestrone verdura",4,33854
Texture::asciutto granuloso pochi cristalli solub,Texture,asciutto granuloso pochi cristalli solub,4,33857
Texture::duro grana ben definita grossolana,Texture,"duro, grana ben definita, grossolana,",4,33858
Texture::senza grana,Texture,senza grana,12,33859
Texture::consistenza solubilità e friabilità molto buone non ben distribuita la tirosina,Texture,"consistenza, solubilità e friabilità molto buone;non ben distribuita la tirosina",4,33860
Texture::cedevole ai denti ma non morbido friabile microstruttura apprezzabile anche umido,Texture,"cedevole ai denti, ma non morbido. friabile . microstruttura apprezzabile. anche umido",4,33861
Texture::cristalli consistenti tenerissimo,Texture,cristalli consistenti tenerissimo,4,33862
Texture::alla fine un poco granuloso,Texture,alla fine un poco granuloso,4,33864
Spessore della Crosta::diversi da un piatto all'altro ma sui 8 9 mm,Spessore della Crosta,Diversi da un piatto all'altro ma sui 8 9 mm,4,33874
Spessore della Crosta::a tratti sottilissima,Spessore della Crosta,A tratti sottilissima,4,33875
Struttura della Pasta::non omogenea con un'area dubbia e tendente allo stirato un sotto piatto tendente al demoralizzato,Struttura della Pasta,Non omogenea con un'area dubbia e tendente allo stirato Un sotto piatto tendente al demoralizzato,4,33877
Struttura della Pasta::1 piccola frattura 3cm e altre più piccole grana un poco grossolana,Struttura della Pasta,1 piccola frattura 3cm e altre più piccole grana un Poco grossolana,4,33878
Struttura della Pasta::presenza di crepa,Struttura della Pasta,Presenza di crepa,4,33881
Struttura della Pasta::rocciosa,Struttura della Pasta,Rocciosa,4,33882
Struttura della Pasta::qualche microocchiatura grana bella spacco,Struttura della Pasta,"Qualche microocchiatura, grana bella ,spacco",4,33884
Struttura della Pasta::grandioso grossolano strappetti,Struttura della Pasta,"Grandioso grossolano, strappetti",4,33885
Struttura della Pasta::occhiatura sparsa stiratura lieve al centro spacco buono,Struttura della Pasta,Occhiatura sparsa. Stiratura lieve al centro spacco buono,4,33886
Colore della Pasta::alone centrale e sotto piatto troppo bianchi segno potenziale demineralizzazione,Colore della Pasta,Alone centrale e sotto piatto troppo bianchi segno potenziale demineralizzazione,4,33888
Colore della Pasta::fascia bianca sotto un piatto centro con aloni rosati,Colore della Pasta,Fascia bianca sotto un piatto centro con aloni rosati,4,33889
Colore della Pasta::piccola rottura,Colore della Pasta,Piccola rottura,4,33891
Colore della Pasta::grigio verdastro con alone giallo,Colore della Pasta,Grigio verdastro con alone giallo,4,33894
Colore della Pasta::sfumatura più chiara verso crosta,Colore della Pasta,Sfumatura più chiara verso crosta,4,33895
Colore della Pasta::alone e zone rosate,Colore della Pasta,Alone e zone rosate,4,33896
Profumo::vegetale fieno balsamico non spiacevole ma un poco estraneo,Profumo,vegetale fieno balsamico non spiacevole ma un poco estraneo,4,33901
Profumo::crosta verdure lesse tostato forte,Profumo,"crosta, verdure lesse, tostato forte",4,33902
Profumo::ossidato stantio,Profumo,"ossidato, stantio",4,33903
Profumo::frutta secca crosta/formaggio stagionato,Profumo,frutta secca;crosta/formaggio stagionato,4,33904
Profumo::pungente stagionato,Profumo,pungente stagionato,4,33906
Profumo::animale tostato deciso liquirizia caramello scuro cacao,Profumo,"animale, tostato deciso, liquirizia, caramello scuro, cacao",4,33907
Profumo::predomina l'odore di verdure cotte,Profumo,predomina l'odore di verdure cotte,4,33908
Profumo::frutta latte acido,Profumo,"frutta, latte acido",4,33909
Sapore::piccante e credo sappia di stalla,Sapore,piccante e credo sappia di stalla,4,33910
Sapore::acido salato umami,Sapore,acido;salato;umami;,4,33911
Sapore::leggermente salato umami piccante,Sapore,leggermente salato umami piccante,4,33912
Sapore::tendente al piccante formaggio pronto,Sapore,tendente al piccante;formaggio pronto,4,33915
Sapore::salato eccessivo vuoto di umami non dolce pure amaro,Sapore,salato eccessivo. vuoto di umami. non dolce. pure amaro,4,33916
Sapore::piccante salato molto,Sapore,piccante salato molto,4,33917
Sapore::sapido leggermente piccante,Sapore,"sapido, leggermente piccante",4,33920
Aroma::ossidato,Aroma,ossidato,4,33925
Aroma::latte cotto crosta formaggio,Aroma,"latte cotto, crosta formaggio",4,33931
Texture::cristalli evidenti granuloso,Texture,cristalli evidenti granuloso,4,33934
Texture::duro granuloso leggermente asciutto cristalli,Texture,"duro, granuloso, leggermente asciutto, cristalli",4,33935
Texture::non asciutto ma friabile nel finale asciuga le fauci microcristalli presenti grossi,Texture,"non asciutto ma friabile, nel finale asciuga le fauci. microcristalli presenti, grossi",4,33938
Texture::cristalli abbondanti,Texture,cristalli abbondanti,4,33939
Texture::leggermente adesiva,Texture,leggermente adesiva,4,33942
Spessore della Crosta::0 9 cm ma gli spigoli sono marcati,Spessore della Crosta,"0,9 cm ma gli spigoli sono marcati",4,33948
Spessore della Crosta::molto sottile peccato per gli spigoli pronunciati,Spessore della Crosta,Molto sottile peccato per gli spigoli pronunciati,4,33952
Struttura della Pasta::fine uno stacco da / strappo da gonfiore clostridico,Struttura della Pasta,Fine Uno stacco da / strappo da gonfiore clostridico,4,33954
Struttura della Pasta::grana media qualche microocchiatura fine frattiura leggermente irregolare,Struttura della Pasta,Grana media qualche Microocchiatura fine frattiura leggermente irregolare,4,33955
Struttura della Pasta::bella ma un poco' arrotondata,Struttura della Pasta,Bella ma un poco' arrotondata,4,33961
Struttura della Pasta::bella grana peccato x lo strappo,Struttura della Pasta,"Bella grana, peccato x lo strappo",4,33962
Struttura della Pasta::non del tutto strutturata occhiatura sparse fratture pronunciate,Struttura della Pasta,Non del tutto strutturata occhiatura sparse fratture pronunciate,4,33963
Colore della Pasta::abbastanza uniforme,Colore della Pasta,Abbastanza uniforme,8,33966
Colore della Pasta::giallo chiaro con leggeren sfumature grigiastro verso gli scalzi,Colore della Pasta,Giallo chiaro con leggeren sfumature grigiastro verso gli scalzi,4,33971
Colore della Pasta::un poco' grigio nel sottocrosta,Colore della Pasta,Un poco' grigio nel sottocrosta,4,33972
Colore della Pasta::chiaro uniforme,Colore della Pasta,Chiaro uniforme,4,33974
Colore della Pasta::frattura di 3 5cm,Colore della Pasta,"Frattura di 3,5cm",4,33975
Profumo::tostato forte,Profumo,tostato forte,4,34364
Profumo::lievissimo quasi inesistente come un presidente di fondazione,Profumo,"lievissimo, quasi inesistente, come un presidente di Fondazione",4,34367
Profumo::assenza di odori negativi abbastanza intenso e positivo,Profumo,assenza di odori negativi abbastanza intenso e positivo,4,34368
Profumo::lattico cotto prevalente ma anche erbaceio (fieno) e brodo di carcne,Profumo,lattico cotto prevalente ma anche erbaceio (fieno) e brodo di carcne,4,34370
Profumo::minestrone verdura cipolla,Profumo,"minestrone verdura, cipolla",4,34371
Sapore::leggermento acido,Sapore,leggermento acido,4,34373
Sapore::punta di acido salato,Sapore,punta di acido;salato,4,34376
Sapore::amaro acido nulla spicca se non il sale un pochetto dolce,Sapore,"amaro, acido. nulla spicca se non il sale, un pochetto dolce",4,34378
Sapore::lieve piccantezza finale,Sapore,lieve piccantezza finale,4,34380
Sapore::leggermente squilibrato sull'acido,Sapore,leggermente squilibrato sull'acido,4,34381
Sapore::umami spiccato,Sapore,umami spiccato,4,34382
Aroma::meglio dell olfattiva,Aroma,meglio dell-olfattiva,4,34389
Aroma::tostato leggermente cotto,Aroma,tostato leggermente cotto,4,34390
Aroma::latte cotto minestrone,Aroma,"latte cotto, minestrone",4,34393
Texture::inconsistente,Texture,inconsistente,4,34394
Texture::asciutto pastoso qualche crist,Texture,asciutto pastoso qualche crist,4,34396
Texture::morbido grana molto fine e solubile umido cristalli presenti,Texture,"morbido, grana molto fine e solubile, umido, cristalli presenti",4,34397
Texture::assenza granuli di tirosina pastoso,Texture,assenza granuli di tirosina;pastoso,4,34399
Texture::friabile microstruttura finissima strano finale> sembra sabbioso anomalo,Texture,"friabile, microstruttura finissima. strano finale> sembra sabbioso. Anomalo",4,34400
Texture::molto solubile umido manca di consistenza,Texture,"molto solubile, umido, manca di consistenza",4,34402
Spessore della Crosta::colore tranciato sottocrosta più netta sotto 1 piatto,Spessore della Crosta,Colore tranciato sottocrosta più netta sotto 1 piatto,4,34406
Spessore della Crosta::anche sotto i 10 mm a lunghi tratti,Spessore della Crosta,Anche sotto i 10 mm a lunghi tratti,4,34407
Spessore della Crosta::crosta fine ma con sottocrosta dal colore marcato,Spessore della Crosta,Crosta fine ma con sottocrosta dal colore marcato,4,34410
Spessore della Crosta::decisamente più intenso su un piatto,Spessore della Crosta,Decisamente più intenso su un piatto,4,34413
Struttura della Pasta::frattura non regolare scaglia non regolare alcune aree tendenti allo stirato,Struttura della Pasta,Frattura non regolare Scaglia non regolare Alcune aree tendenti allo stirato,4,34416
Struttura della Pasta::frattura irregolare e struttura un poco grossolana,Struttura della Pasta,Frattura irregolare e struttura un Poco grossolana,4,34417
Struttura della Pasta::taglio irregolare con frattura interne grana omogenea anche se grumosa,Struttura della Pasta,Taglio irregolare con frattura interne. Grana omogenea anche se grumosa,4,34418
Struttura della Pasta::struttura grandiosa regolare,Struttura della Pasta,Struttura grandiosa regolare,4,34421
Struttura della Pasta::striature centrale avvallamenti da spacco,Struttura della Pasta,"Striature centrale, avvallamenti da spacco",4,34423
Struttura della Pasta::spaccatura irregolare a zone grana fine,Struttura della Pasta,"Spaccatura irregolare, a zone grana fine",4,34424
Struttura della Pasta::stirata centrale grossa grana,Struttura della Pasta,Stirata centrale grossa grana,4,34425
Colore della Pasta::colore al centro più scuro quasi tendente al rosato non bello da vedere,Colore della Pasta,"Colore al centro più scuro, quasi tendente al rosato. Non bello da vedere",4,34432
Colore della Pasta::giallo troppo scuro sfumato in chiaro parte esterna,Colore della Pasta,"Giallo troppo scuro, sfumato in chiaro parte esterna",4,34434
Colore della Pasta::degradante x intensità alone,Colore della Pasta,"Degradante x intensità, alone",4,34435
Colore della Pasta::taglio molto inregolare,Colore della Pasta,Taglio molto inregolare,4,34437
Profumo::note lattiche bruciate comunque non mancano le note caratteristiche,Profumo,"note lattiche bruciate, comunque non mancano le note caratteristiche",4,35439
Profumo::note di fermentato,Profumo,note di fermentato,4,35440
Profumo::yogurt,Profumo,yogurt,4,35441
Profumo::grana latte e floreale,Profumo,"grana, latte e floreale..",4,35443
Profumo::rompendo un paio di pezzi odore più dolciastro e da cavolfiore cotto,Profumo,Rompendo un paio di pezzi odore più dolciastro e da cavolfiore cotto,4,35448
Sapore::sapidità' e umami elevati piuttosto piccante e quasi bruciante in chiusura leggero retrogusto amaro,Sapore,"sapidità' e umami elevati, piuttosto piccante e quasi bruciante in chiusura, leggero retrogusto amaro",4,35449
Sapore::molto sbilanciato sull umami,Sapore,molto sbilanciato sull-umami,4,35450
Sapore::leggermente salato e pic,Sapore,leggermente salato e pic,4,35451
Sapore::salato non equilibrato,Sapore,"salato, non equilibrato",4,35452
Sapore::equlibrato ma finale amarognolo,Sapore,"equlibrato, ma finale amarognolo",4,35453
Sapore::leggermete amaro,Sapore,leggermete amaro,4,35457
Spessore della Crosta::piatti circa 10mm scalzo circa 12mm spigoli circa 20mm dato medio 11mm,Spessore della Crosta,Piatti circa 10mm Scalzo circa 12mm Spigoli circa 20mm Dato medio 11mm,4,35469
Spessore della Crosta::15 più su 1 lato angoli,Spessore della Crosta,15 più su 1 lato angoli,4,35470
Spessore della Crosta::irregolare,Spessore della Crosta,Irregolare,8,35471
Spessore della Crosta::6km,Spessore della Crosta,6km,4,35475
Spessore della Crosta::mediamente 10 mm con punte maggiori negli angoli,Spessore della Crosta,Mediamente 10 mm con punte maggiori negli angoli,4,35478
Struttura della Pasta::frattura un poco irregolare qualche microocchiatura inf 0 5,Struttura della Pasta,"Frattura un Poco irregolare qualche microocchiatura inf 0,5",4,35480
Struttura della Pasta::microocchiature e dittatura centrale,Struttura della Pasta,Microocchiature e dittatura centrale,4,35485
Struttura della Pasta::bella non del tutto omogenea,Struttura della Pasta,"Bella, non del tutto Omogenea",4,35487
Struttura della Pasta::grana grossolana con presenza di grana assente fine occhiatura assente e frattura media,Struttura della Pasta,Grana grossolana con presenza di grana assente fine. Occhiatura assente e frattura media,4,35488
Colore della Pasta::non omogeneo più marcato nel centro sottocrosta più chiaro,Colore della Pasta,Non omogeneo più marcato nel centro Sottocrosta più chiaro,4,35489
Colore della Pasta::più scuro al centro e chiazza rosa,Colore della Pasta,Più scuro al centro e chiazza rosa,4,35490
Colore della Pasta::poco omogenea,Colore della Pasta,Poco omogenea,4,35491
Colore della Pasta::alone più scuro al centro pasta dal giallo un poco' carico,Colore della Pasta,Alone più scuro al centro. Pasta dal giallo un poco' carico,4,35493
Colore della Pasta::centro piú carico della parte vicino ai piatti,Colore della Pasta,Centro piú carico della parte vicino ai piatti,4,35495
Colore della Pasta::intenso al centro di più,Colore della Pasta,Intenso al centro di più,4,35496
Colore della Pasta::non molto omogeneo più carico al centro,Colore della Pasta,"Non molto Omogeneo, più carico al centro",4,35497
Colore della Pasta::forse troppo carico il giallo,Colore della Pasta,Forse troppo carico il giallo..,4,35498
Profumo::delicato ma lattico caratteristico,Profumo,"delicato ma lattico, caratteristico",4,35559
Profumo::cipolla minestrone verdura,Profumo,"cipolla, minestrone verdura",4,35560
Profumo::leggermente fieno,Profumo,leggermente fieno,4,35561
Profumo::intenso e burroso con leggera tostatura,Profumo,intenso e burroso con leggera tostatura,4,35563
Profumo::latte privo di particolari note,Profumo,latte privo di particolari note,4,35567
Sapore::equilibrato ma retrogusto amaro,Sapore,"equilibrato, ma retrogusto amaro",4,35569
Sapore::leggermente piccante dolce sapidità piacevole,Sapore,"leggermente piccante, dolce, sapidità piacevole",4,35572
Sapore::leggero amaro e piccante,Sapore,leggero amaro e piccante,4,35577
Sapore::amarognolo fin dall inizio salato piccante finale leggero,Sapore,"amarognolo fin dall inizio, salato, piccante finale leggero",4,35578
Spessore della Crosta::piatti e scalzo circa 9mm spigoli circa 15mm media 9mm,Spessore della Crosta,Piatti e scalzo circa 9mm Spigoli circa 15mm Media 9mm,4,35589
Spessore della Crosta::12 km più netta su 1 piatto,Spessore della Crosta,12 km più netta su 1 piatto,4,35590
Spessore della Crosta::lineare,Spessore della Crosta,Lineare,4,35591
Spessore della Crosta::la crosta é fine ma con sottocrosta dal colore marcato,Spessore della Crosta,La crosta é fine ma con sottocrosta dal colore marcato,4,35593
Spessore della Crosta::spessore uniforme e nella media,Spessore della Crosta,Spessore uniforme e nella media,4,35594
Spessore della Crosta::10km,Spessore della Crosta,10km,4,35595
Spessore della Crosta::0 8 in media,Spessore della Crosta,0.8 in media,4,35598
Struttura della Pasta::grana grossa ma uniforme crist visibili,Struttura della Pasta,Grana grossa ma uniforme crist visibili,4,35600
Struttura della Pasta::grana non omogenea,Struttura della Pasta,Grana non omogenea,4,35603
Struttura della Pasta::granulosa e omogenea pochissime microocchiatura minori 1 millime,Struttura della Pasta,"Granulosa e omogenea, pochissime microocchiatura minori 1 millime",4,35604
Struttura della Pasta::qualche microocchiatura centrale grana buona,Struttura della Pasta,"Qualche microocchiatura centrale, grana buona",4,35605
Struttura della Pasta::bella grana ma un poco disomogenea,Struttura della Pasta,"Bella grana, ma un Poco disomogenea",4,35606
Struttura della Pasta::frattura ok grana eterogenea a tratti bella a tratti quasi eccessiva,Struttura della Pasta,"Frattura ok, grana eterogenea, a tratti bella a tratti quasi eccessiva",4,35607
Struttura della Pasta::bella grana sia grossolana che fine frattura omogenea,Struttura della Pasta,Bella grana sia grossolana che fine. Frattura omogenea.,4,35608
Colore della Pasta::tendente all' aranciata ma unif,Colore della Pasta,Tendente all' aranciata ma unif,4,35610
Colore della Pasta::paglierino carico rossastra negli angoli,Colore della Pasta,"Paglierino carico, rossastra negli angoli",4,35613
Colore della Pasta::colorazione omogenea non troppo carica,Colore della Pasta,Colorazione omogenea non troppo carica,4,35614
Colore della Pasta::giallo abbastanza chiaro lieve sfumatura vicino al piatto,Colore della Pasta,"Giallo abbastanza chiaro ,lieve sfumatura vicino al piatto",4,35615
Colore della Pasta::abbastanza omogeneo in prossimità della crosta tendente al rossiccio,Colore della Pasta,"Abbastanza Omogeneo, in prossimità della crosta tendente al rossiccio",4,35617
Colore della Pasta::bella tonalità con giallo chiaro,Colore della Pasta,Bella tonalità con giallo chiaro,4,35618
Profumo::lieve nota ossidata di cetriolo / cimice per il resto piuttosto piatto,Profumo,"lieve nota ossidata di cetriolo / cimice, per il resto piuttosto piatto",4,35619
Profumo::ananas,Profumo,ananas,4,35620
Profumo::leggermente kefir/yogurt ins mais,Profumo,leggermente kefir/yogurt ins mais,4,35621
Profumo::burroso ma con tostatura forte,Profumo,burroso ma con tostatura forte...,4,35623
Profumo::panna e latte fresco sentore di frutta secca,Profumo,"panna e latte fresco, sentore di frutta secca",4,35627
Sapore::sapido/umami piccantezza media abbastanza equilibrato,Sapore,"sapido/umami, piccantezza media, abbastanza equilibrato",4,35629
Sapore::equilibrio medio con leggere note amare e salate,Sapore,equilibrio medio con leggere note amare e salate,4,35633
Sapore::un poco salato,Sapore,un poco salato,8,35635
Sapore::non piccante leggermente acido salato ottimale dolce percepibile,Sapore,"non piccante, leggermente acido, salato ottimale, dolce percepibile",4,35637
Spessore della Crosta::piatti circa 9mm scalzo circa 11mm spigoli circa 15mm media 10mm,Spessore della Crosta,Piatti circa 9mm Scalzo circa 11mm Spigoli circa 15mm Media 10mm,4,35649
Spessore della Crosta::molto fine con poca unghia,Spessore della Crosta,Molto fine con poca unghia,4,35653
Spessore della Crosta::più marcata su un lato,Spessore della Crosta,Più marcata su un lato,4,35657
Spessore della Crosta::mediamente 12 ma in alcuni punti anche di più,Spessore della Crosta,Mediamente 12 ma in alcuni punti anche di più,4,35658
Struttura della Pasta::non regolare strirata,Struttura della Pasta,Non regolare strirata,4,35659
Struttura della Pasta::frattura irregolare con striature e microocchiature 0 5 mm,Struttura della Pasta,"Frattura irregolare con striature e microocchiature 0,5 mm",4,35660
Struttura della Pasta::frattura irregolare leggera striature,Struttura della Pasta,"Frattura irregolare, leggera striature",4,35664
Struttura della Pasta::poco grandiosa qualche zona con micro occhiatura,Struttura della Pasta,"Poco grandiosa, qualche zona con micro occhiatura",4,35666
Struttura della Pasta::stirata difettosa,Struttura della Pasta,"Stirata, difettosa",4,35667
Colore della Pasta::colore uniforme tendente al grigio,Colore della Pasta,Colore uniforme tendente al grigio,4,35670
Colore della Pasta::giallo paglierino omogeneo,Colore della Pasta,Giallo paglierino omogeneo,4,35674
Colore della Pasta::zone grigiastre,Colore della Pasta,Zone grigiastre,4,35675
Colore della Pasta::non molto carico abbastanza omogeneo,Colore della Pasta,"Non molto carico, abbastanza Omogeneo",4,35677
Colore della Pasta::omogenea tranne nel sottocrosta,Colore della Pasta,Omogenea tranne nel sottocrosta,4,35678
Profumo::caratteristico abbastanza complesso nite di latte cotto e burro cotto brodo lievissima nota ossidata,Profumo,"caratteristico, abbastanza complesso, nite di latte cotto e burro cotto, brodo, lievissima nota ossidata",4,35679
Profumo::latte fresco,Profumo,latte fresco,4,35680
Profumo::delicato ma positivo,Profumo,delicato ma positivo.,4,35682
Profumo::grana tipico nocciola e burro,Profumo,"grana tipico, nocciola e burro",4,35683
Profumo::burroso con leggero sentore erbaceo,Profumo,"burroso, con leggero sentore erbaceo",4,35687
Profumo::panna e floreale ma un poco stucchevole,Profumo,"panna e floreale, ma un poco stucchevole",4,35688
Sapore::dolce sapido buon umami piccantezza contenuta equilibrato,Sapore,"dolce sapido, buon umami, piccantezza contenuta, equilibrato",4,35689
Sapore::piccante fastidioso,Sapore,piccante fastidioso,4,35690
Sapore::sapido dolce,Sapore,"sapido, dolce.",4,35692
Sapore::molto salato,Sapore,molto salato,4,35693
Sapore::al palato piccante abbastanza persistente con note di amaro,Sapore,al palato piccante abbastanza persistente con note di amaro,4,35697
Spessore della Crosta::piatto circa 10mm scalzo e spigoli circa 15mm la colorazione mattoncino imputabile alla crosta è molto sfumata e per un piatto va verso i 20mm media 11mm,Spessore della Crosta,Piatto circa 10mm Scalzo e spigoli circa 15mm La colorazione mattoncino imputabile alla crosta è molto sfumata e per un Piatto va verso i 20mm Media 11mm,4,35709
Spessore della Crosta::mediamente 0 9,Spessore della Crosta,"Mediamente 0,9",8,35711
Spessore della Crosta::1 1 con sottocrosta marcato,Spessore della Crosta,"1,1 con sottocrosta marcato",4,35713
Struttura della Pasta::microocchiatura centrale diffusa struttura non omogenea,Struttura della Pasta,Microocchiatura centrale diffusa Struttura non omogenea,4,35719
Struttura della Pasta::fitta microocchiatura inf 1 mm,Struttura della Pasta,Fitta microocchiatura inf 1 mm,4,35720
Struttura della Pasta::microocchiatura diffusa molto impattante visivamente struttura grandiosa regolare,Struttura della Pasta,Microocchiatura diffusa molto impattante visivamente Struttura grandiosa regolare,4,35723
Struttura della Pasta::microocchiatura diffusa su quasiu tutta la superficie,Struttura della Pasta,Microocchiatura diffusa su quasiu tutta la superficie,4,35724
Struttura della Pasta::spugnosa tutta la pasta grana discreta,Struttura della Pasta,"Spugnosa tutta la pasta, grana discreta",4,35725
Struttura della Pasta::microocchiatura molto diffusa,Struttura della Pasta,Microocchiatura molto diffusa,6,35726
Struttura della Pasta::struttura abbastanza granulosa e definita ma con presenza di micro occhiatura diffusa,Struttura della Pasta,Struttura abbastanza granulosa e definita ma con presenza di micro occhiatura diffusa,4,35727
Struttura della Pasta::grana grossolana con occhiatura frequenti ma piccole frattura media omogenea,Struttura della Pasta,Grana grossolana con occhiatura frequenti ma piccole. Frattura media omogenea,4,35728
Colore della Pasta::escludendo la sfumatura della crosta il colore omogeneo,Colore della Pasta,Escludendo la sfumatura della crosta il colore omogeneo,4,35729
Colore della Pasta::chiaro ma tendente al grigio uniforme con leggera sfumatura risata al centro,Colore della Pasta,Chiaro ma tendente al grigio uniforme con leggera sfumatura risata al centro,4,35730
Colore della Pasta::colore leggermente carico ma omogeneo,Colore della Pasta,Colore leggermente carico ma omogeneo,4,35733
Colore della Pasta::più scura verso un piatto,Colore della Pasta,Più scura verso un piatto,4,35735
Colore della Pasta::omogenea e intensa,Colore della Pasta,Omogenea e intensa,4,35736
Profumo::sbilanciato sul vegetale e sul brodo di verdura nota lattica presente ma comunque poco intensa,Profumo,"sbilanciato sul vegetale e sul brodo di verdura, nota lattica presente ma comunque poco intensa",4,35739
Profumo::yogurt frutta tropicale,Profumo,"yogurt,frutta tropicale",8,35740
Profumo::sentore di cotto,Profumo,sentore di cotto,4,35742
Profumo::bel naso da grana con leggera tostatura,Profumo,bel naso da grana con leggera tostatura...,4,35743
Profumo::burro fuso e bruciato,Profumo,"burro fuso e bruciato,",4,35747
Profumo::panna scaldata,Profumo,panna scaldata,4,35748
Sapore::dolce sapido mediamente piccante umami moderato,Sapore,"dolce sapido, mediamente piccante, umami moderato",4,35749
Sapore::dolce e poco salato,Sapore,dolce e poco salato,4,35752
Sapore::equlibrato ed anche dolce&burroso,Sapore,equlibrato ed anche dolce&burroso,4,35753
Sapore::amaro piuttosto evidente piccante leggero,Sapore,"amaro piuttosto evidente, piccante leggero",4,35757
Spessore della Crosta::piatto circa 12mm scalzo circa 15mm spigoli circa 22mm media 13mm,Spessore della Crosta,Piatto circa 12mm Scalzo circa 15mm Spigoli circa 22mm Media 13mm,4,35769
Spessore della Crosta::crosta piuttosto spessa,Spessore della Crosta,Crosta piuttosto spessa,4,35774
Spessore della Crosta::10 km,Spessore della Crosta,10 km,8,35775
Spessore della Crosta::11 12 mm,Spessore della Crosta,11 12 mm,4,35776
Spessore della Crosta::piuttosto marcata,Spessore della Crosta,Piuttosto marcata,4,35777
Spessore della Crosta::11 valore medio,Spessore della Crosta,11 valore medio,4,35778
Struttura della Pasta::spugna centrale,Struttura della Pasta,Spugna centrale,4,35779
Struttura della Pasta::stirata compatta con zona centrale tendente al gessato forte microocchiature concentrate al centro,Struttura della Pasta,Stirata compatta con zona centrale tendente al gessato forte microocchiature concentrate al centro,4,35780
Struttura della Pasta::spugnosita centrale,Struttura della Pasta,Spugnosita centrale,4,35782
Struttura della Pasta::microocchiatura spinoso stirato,Struttura della Pasta,"Microocchiatura, spinoso, stirato",4,35783
Struttura della Pasta::grana fine con zona spagnola centrale abbastanza diffusa,Struttura della Pasta,"Grana fine con zona spagnola centrale abbastanza diffusa,",4,35784
Struttura della Pasta::microocchiatura grana brutta non tipica,Struttura della Pasta,"Microocchiatura, grana brutta non tipica",4,35785
Struttura della Pasta::micro occhiatura centrale zone più lisce altre più granulose,Struttura della Pasta,"Micro occhiatura centrale, zone più lisce altre più granulose",4,35786
Struttura della Pasta::bella frattura micro occhiatura a tratti diffusa grana non molto profilata,Struttura della Pasta,"Bella frattura, micro occhiatura a tratti diffusa, grana non molto profilata",4,35787
Struttura della Pasta::grana media con occhiatura omogenea la frattura,Struttura della Pasta,Grana media con occhiatura omogenea la frattura,4,35788
Colore della Pasta::disomogeneità di colorazione,Colore della Pasta,Disomogeneità di colorazione,4,35789
Colore della Pasta::chiaro con centro più bianco,Colore della Pasta,Chiaro con centro più bianco,4,35790
Colore della Pasta::colore giallo carico a macchie negativo,Colore della Pasta,"Colore giallo carico a macchie, negativo",4,35793
Colore della Pasta::colore più intenso verso un piatto,Colore della Pasta,Colore più intenso verso un piatto,4,35794
Colore della Pasta::disomogenea a fasce più chiara centro quasi rosato,Colore della Pasta,"Disomogenea, a fasce più chiara, centro quasi rosato",4,35796
Colore della Pasta::abbastanza omogeneo un poco' più scuro su un lato,Colore della Pasta,"Abbastanza Omogeneo, un poco' più scuro Su un lato",4,35797
Colore della Pasta::giallo carico omogeneo con tendenza a tonalità più chiara,Colore della Pasta,Giallo carico omogeneo con tendenza a tonalità più chiara,4,35798
Profumo::poco intenso e complesso a tratti note di formaggio nostrano scarico,Profumo,"poco intenso e complesso, a tratti note di formaggio nostrano, scarico",4,35799
Profumo::delicato frutta tropicale leggermente fermentata,Profumo,"delicato frutta tropicale, leggermente fermentata",4,35800
Profumo::poco intenso sentore di cotto,Profumo,"poco intenso, sentore di cotto",4,35802
Profumo::grana tipico tostatura e note anche florali,Profumo,"grana tipico, tostatura e note anche florali",4,35803
Profumo::burro fuso e tostato,Profumo,burro fuso e tostato,4,35807
Sapore::dolce sapido contenuta piccantezza umami ok,Sapore,"dolce sapido, contenuta piccantezza, umami ok",4,35809
Sapore::pizzica la lingua un poco astringente,Sapore,"pizzica la lingua, un poco astringente",4,35812
Sapore::equilibrato ma note anche amare,Sapore,equilibrato ma note anche amare...,4,35813
Sapore::piccante percepito,Sapore,piccante percepito;,4,35815
Sapore::salato e leggermente piccante con nota amara,Sapore,salato e leggermente piccante con nota amara,4,35817
Sapore::piccante leggero ma persistente e un poco salato ma non troppo penalizzanti,Sapore,"piccante leggero ma persistente e un poco salato, ma non troppo penalizzanti",4,35818
Spessore della Crosta::crosta molto sfumata media 12mm,Spessore della Crosta,Crosta molto sfumata Media 12mm,4,35829
Spessore della Crosta::poco regolare,Spessore della Crosta,Poco regolare,4,35831
Spessore della Crosta::spessore non uniforme maggiore degli scalzi nella media 10 con vistosi ingrossamento nella giunzione tra scalzo e piatto,Spessore della Crosta,"Spessore non uniforme, maggiore degli scalzi, nella media 10 con vistosi ingrossamento nella giunzione tra scalzo e piatto",4,35834
Struttura della Pasta::non omogenea e stirata,Struttura della Pasta,Non omogenea e stirata,4,35839
Struttura della Pasta::stirata con occhio centrale 10 km,Struttura della Pasta,Stirata con occhio centrale 10 km,4,35840
Struttura della Pasta::struttura granulosa omogenea,Struttura della Pasta,Struttura Granulosa omogenea,4,35844
Struttura della Pasta::stirata ampia superficie microocchiature in tutta la pasta,Struttura della Pasta,"Stirata ampia superficie ,microocchiature in tutta la pasta",4,35845
Struttura della Pasta::stirata occhio centrale,Struttura della Pasta,"Stirata , occhio centrale",4,35846
Struttura della Pasta::grana molto grossolana con striature frattura con buco centrale stirata,Struttura della Pasta,"Grana molto grossolana con striature,frattura con buco centrale. Stirata.",4,35848
Colore della Pasta::alone marcato al centro,Colore della Pasta,Alone marcato al centro,4,35849
Colore della Pasta::giallo gonfalone centrale,Colore della Pasta,Giallo gonfalone centrale,4,35850
Colore della Pasta::disomogeneità,Colore della Pasta,Disomogeneità,4,35851
Colore della Pasta::colore più carico al centro,Colore della Pasta,Colore più carico al centro,8,35853
Colore della Pasta::colorazione giallo carico più accentuato verso il centro,Colore della Pasta,Colorazione giallo carico più accentuato verso il centro,4,35854
Colore della Pasta::giallo carico al centro e più chiara verso un piatto zone grigiastre,Colore della Pasta,"Giallo carico al centro e più chiara verso un piatto,zone grigiastre",4,35855
Colore della Pasta::disomogenea e con alone,Colore della Pasta,Disomogenea e con alone,4,35856
Colore della Pasta::non molto omogeneo carico al centro,Colore della Pasta,"Non molto omogeneo, carico al centro",4,35857
Colore della Pasta::area centrale rossastra,Colore della Pasta,Area centrale rossastra...,4,35858
Profumo::prevalenti note di cotto latte cotto panna cotta burro cotto quasi caramello,Profumo,"prevalenti note di cotto, latte cotto, panna cotta, burro cotto, quasi caramello",4,36879
Profumo::cavolfiore minestrone verdura,Profumo,"CAVOLFIORE , MINESTRONE VERDURA",4,36880
Profumo::sentore di crosta e di latte cotto,Profumo,sentore di crosta e di latte cotto,4,36881
Profumo::latte panna burro fresco crudo nocciola leggero,Profumo,"latte, panna, burro fresco crudo. Nocciola leggero",4,36886
Profumo::intenso con note leggermente tostate burro e form fuso,Profumo,"intenso con note leggermente tostate, burro e form.fuso",4,36888
Sapore::dolce sapido poco piccante umami contenuto,Sapore,"dolce sapido poco piccante, umami contenuto",4,36891
Sapore::sale sovrasta il resto dei sapori,Sapore,SALE SOVRASTA IL RESTO DEI SAPORI,4,36892
Sapore::tendente al salato,Sapore,tendente al salato,4,36894
Sapore::abbastanza equilib,Sapore,abbastanza equilib,4,36895
Sapore::nessuna prevalenza non proprio dolce ma equilibrato non piccante non salato,Sapore,"Nessuna prevalenza, non proprio dolce ma equilibrato. non piccante, non salato",4,36898
Sapore::leggermente amaro fin da subito e salato,Sapore,leggermente amaro fin da subito e salato,4,36899
Aroma::abbastanza equilibrato tornano le note cotte rilevate al naso poco complesso,Aroma,"abbastanza equilibrato, tornano le note cotte rilevate al naso, poco complesso",4,36903
Aroma::pepe verdure cotte,Aroma,"PEPE, VERDURE COTTE",4,36904
Aroma::leggero sentore di fermentato,Aroma,leggero sentore di fermentato,4,36905
Aroma::erbe amarognole,Aroma,erbe amarognole,4,36911
Aroma::fieno brodo,Aroma,"fieno, brodo",4,36912
Texture::granulosa mediamente umida solubile,Texture,"granulosa, mediamente umida, solubile",4,36915
Texture::orbido pastoso con cristalli lascia sabbietta finale,Texture,orbido pastoso con cristalli lascia sabbietta finale,4,36920
Texture::morbido friabile cristalli pochi fini un poco asciutto al più,Texture,"morbido, friabile, cristalli pochi fini. un poco asciutto al più",4,36922
Texture::media con umidità' abbastanza prevalente,Texture,media con umidità' abbastanza prevalente,4,36924
Spessore della Crosta::più evidente su 1 lato come colore 0 8 vs 1 2,Spessore della Crosta,"Più evidente su 1 lato come colore 0,8 vs 1,2",4,36927
Spessore della Crosta::10 mm su i piatti,Spessore della Crosta,10 mm su i piatti,4,36929
Spessore della Crosta::sottocrosta marcato su un piatto e sugli angoli,Spessore della Crosta,Sottocrosta marcato su un piatto e sugli angoli,4,36933
Spessore della Crosta::10 un piatto più deciso,Spessore della Crosta,10 un piatto più deciso,4,36935
Spessore della Crosta::superiore a 11,Spessore della Crosta,Superiore a 11,8,36937
Spessore della Crosta::fine anche spigoli,Spessore della Crosta,Fine anche spigoli,4,36938
Struttura della Pasta::grana regolare un poco grossa 1 piccola frattura centrale,Struttura della Pasta,Grana regolare un poco grossa 1 piccola frattura centrale,4,36939
Struttura della Pasta::bel taglio bella struttura fine in zona centrale più grandiosa verso estrno,Struttura della Pasta,"Bel taglio. Bella struttura fine in zona centrale, più Grandiosa verso estrno",4,36941
Struttura della Pasta::frattura centrale con micro occhiatura,Struttura della Pasta,Frattura centrale con micro Occhiatura,4,36943
Struttura della Pasta::struttura granulosa regolare,Struttura della Pasta,Struttura Granulosa regolare,4,36945
Struttura della Pasta::qualche microocchiatura spacco centrale grana non molto bella (piatto ma),Struttura della Pasta,"Qualche microocchiatura, spacco centrale, grana non molto bella (piatto ma)",4,36946
Struttura della Pasta::qualche bocciatura piccola frattura,Struttura della Pasta,"Qualche bocciatura piccola, frattura,",4,36947
Struttura della Pasta::grana molto fine presenza localizzata di micro occhiatura presenza di piccola sfoglia centrale,Struttura della Pasta,"Grana molto fine, presenza localizzata di micro occhiatura, presenza di piccola sfoglia centrale",4,36948
Struttura della Pasta::grossolana media frattura qualche spaccatura,Struttura della Pasta,Grossolana media frattura qualche spaccatura,4,36949
Struttura della Pasta::spaccatura centrale bella grana abbastanza fine,Struttura della Pasta,Spaccatura centrale bella grana abbastanza fine,4,36950
Colore della Pasta::fascia più scura tendente al rosato a 5 cm disputati,Colore della Pasta,Fascia più scura tendente al rosato a 5 cm disputati,4,36951
Colore della Pasta::macchia rosa in prossimità di un piatto,Colore della Pasta,Macchia rosa in prossimità di un piatto,4,36952
Colore della Pasta::carico al centro o meglio in una fascia sub centrale comunque disomogeneo,Colore della Pasta,"Carico al centro, o meglio in una fascia sub centrale. Comunque disomogeneo",4,36953
Colore della Pasta::colore paglierino abbastanza carico con zone più scure,Colore della Pasta,Colore paglierino abbastanza carico con zone più scure,4,36957
Colore della Pasta::zone verdastre sugli angoli e arancioni,Colore della Pasta,Zone verdastre sugli angoli e arancioni,4,36958
Colore della Pasta::a fasce,Colore della Pasta,A fasce,4,36959
Colore della Pasta::bel colore di fondo ma con evidenti alone più scuri,Colore della Pasta,Bel colore di fondo ma con evidenti Alone più scuri,4,36960
Colore della Pasta::giallo carico soprattutto negli angoli e scalzi,Colore della Pasta,Giallo carico soprattutto negli angoli e scalzi.,4,36961
Colore della Pasta::giallo chiaro non omogeneo n alcune zone tende al grigio,Colore della Pasta,Giallo chiaro non omogeneo n alcune zone tende al grigio,4,36962
Profumo::nota ossidata / fermentata poco complesso,Profumo,"nota ossidata / fermentata, poco complesso",4,36963
Profumo::gradevole di latte cotto e leggera crosta,Profumo,gradevole di latte cotto e leggera crosta,4,36964
Profumo::chiuso poco intenso,Profumo,chiuso poco intenso,4,36967
Profumo::su note mature mi parve sentire note vegetali anche floreali all inizio,Profumo,"su note mature mi parve sentire note vegetali, anche floreali all-inizio",4,36970
Profumo::alcuni pezzi con tostati molto decisi quasi troppo speziati,Profumo,"alcuni pezzi con tostati molto decisi quasi troppo, speziati,",4,36971
Profumo::intenso ma con note da formaggio fritto&crosta,Profumo,intenso ma con note da formaggio fritto&crosta,4,36972
Sapore::sapidità' medio/alta poco umami poco piccante,Sapore,"sapidità' medio/alta, poco umami, poco piccante",4,36975
Sapore::un poco acidino e piccante,Sapore,"UN Poco- ACIDINO, E PICCANTE",4,36976
Sapore::difforme positivo a zone meno in altre,Sapore,"difforme, positivo a zone meno in altre",4,36977
Sapore::saporito tendente al piccante,Sapore,"saporito, tendente al piccante",4,36978
Sapore::non equilib,Sapore,non equilib,4,36979
Sapore::piccante percepibile siccome ilsalato che non giudico eccessivo l insieme spinge al pungente,Sapore,piccante percepibile siccome ilsalato che non giudico eccessivo. l-insieme spinge al pungente,4,36982
Sapore::sapidità' quasi elevata e note di amaro in finale,Sapore,sapidità' quasi elevata e note di amaro in finale,4,36984
Sapore::bruciato,Sapore,bruciato,8,36985
Aroma::poco caratteristico poco marcate le note lattiche note fermentate ed ossidate,Aroma,"poco caratteristico, poco marcate le note lattiche, note fermentate ed ossidate",4,36987
Aroma::latte acido yogurt,Aroma,"LATTE ACIDO,YOGURT",4,36988
Aroma::punta di fermentato,Aroma,punta di fermentato.,4,36989
Texture::eterogenea a seconda del pezzo da umida ad asciutta con solubilità' diversa,Texture,"eterogenea a seconda del pezzo, da umida ad asciutta con solubilità' diversa",4,36999
Texture::molle e cedevole in alcuni pezzetti,Texture,molle e cedevole in alcuni pezzetti,4,37001
Texture::troppi granuli,Texture,troppi granuli,4,37003
Texture::morbido no cristalli,Texture,morbido no cristalli,4,37004
Texture::morbido umido ma friabile pastoso a fine bocca,Texture,"morbido, umido ma friabile. pastoso a fine bocca",4,37006
Texture::bella ma molto asciutto ottima presenza di granuli,Texture,"bella, ma molto asciutto...ottima presenza di granuli",4,37008
Spessore della Crosta::0 6 su 1 lato 1 2 sull'altro,Spessore della Crosta,"0,6 su 1 lato 1,2 sull'altro",4,37011
Spessore della Crosta::sempre sul a 1 cm,Spessore della Crosta,Sempre sul a 1 cm,4,37013
Spessore della Crosta::circa 8 mm,Spessore della Crosta,Circa 8 mm,4,37018
Spessore della Crosta::8 9 e chiaro,Spessore della Crosta,8 9 e chiaro,4,37019
Spessore della Crosta::non molto spessa,Spessore della Crosta,Non molto spessa,4,37020
Spessore della Crosta::intorno a 8 nella media,Spessore della Crosta,Intorno a 8 nella media,4,37021
Spessore della Crosta::fine su i piatti più grossa scalzi,Spessore della Crosta,Fine su i piatti più grossa scalzi,4,37022
Struttura della Pasta::frattura e grana regolare fine microocchiatura,Struttura della Pasta,Frattura e grana regolare fine microocchiatura,4,37023
Struttura della Pasta::presenza di leggera microocchiatura trascurabile,Struttura della Pasta,Presenza di leggera microocchiatura trascurabile,4,37024
Struttura della Pasta::microocchiatura fine con inserti più grossi bella frattura omogenea la grana,Struttura della Pasta,Microocchiatura fine con inserti più grossi. Bella frattura. Omogenea la grana,4,37025
Struttura della Pasta::abbastanza omogenea,Struttura della Pasta,Abbastanza omogenea,4,37026
Struttura della Pasta::spinosa centrale,Struttura della Pasta,Spinosa centrale,4,37027
Struttura della Pasta::microocch molto diffusa,Struttura della Pasta,Microocch molto diffusa,6,37028
Struttura della Pasta::microocchiatura diffusa al centro grana non omogenea,Struttura della Pasta,Microocchiatura diffusa al centro. Grana non omogenea.,4,37029
Struttura della Pasta::microocchiature su tutta la pasta grana un poco' arrotondata stiratura,Struttura della Pasta,"Microocchiature su tutta la pasta,grana un poco' arrotondata ,stiratura",4,37030
Struttura della Pasta::occhiatura micro centrale un occhio più deciso ma nel complesso non male la grana,Struttura della Pasta,"Occhiatura micro centrale, un occhio più deciso, ma nel complesso non male la grana",4,37031
Struttura della Pasta::micro occhiatura diffusa nella parte centrale per il resto grana abbastanza definita,Struttura della Pasta,"Micro occhiatura diffusa nella parte centrale, per il resto grana abbastanza definita",4,37032
Struttura della Pasta::grana grossolana e fine presenti microocchiature e omogeneità nella frattura,Struttura della Pasta,Grana grossolana e fine presenti. Microocchiature e omogeneità nella frattura,4,37033
Struttura della Pasta::microocchiatura anche grossa grana abbastanza fine,Struttura della Pasta,Microocchiatura anche grossa grana abbastanza fine,4,37034
Colore della Pasta::base paglierina all'esterno più saturo interna ente,Colore della Pasta,Base paglierina all'esterno più saturo interna!ente,4,37037
Colore della Pasta::abbastanza carico non del tutto uniforme,Colore della Pasta,Abbastanza carico non del tutto uniforme,4,37040
Colore della Pasta::pasta chiara positiva,Colore della Pasta,Pasta chiara positiva,4,37041
Colore della Pasta::zone grigiastre vicino alla crosta,Colore della Pasta,Zone grigiastre vicino alla crosta,4,37042
Colore della Pasta::chiara con alone centrale leggero,Colore della Pasta,Chiara con alone centrale leggero,4,37043
Colore della Pasta::leggermente più carico al centro per il resto bello,Colore della Pasta,"Leggermente più carico al centro, per il resto bello",4,37044
Colore della Pasta::bel colore omogeneo e tendente al chiaro,Colore della Pasta,Bel colore omogeneo e tendente al chiaro,4,37045
Colore della Pasta::poi scusa al centro trend è a chuaro,Colore della Pasta,Poi scusa al centro trend è a chuaro,4,37046
Profumo::poco intenso note lattiche scariche burro cotto brodo,Profumo,"poco intenso, note lattiche scariche, burro cotto, brodo",4,37215
Profumo::vegetale burro fresco,Profumo,"VEGETALE , BURRO FRESCO",4,37216
Profumo::burro sciolto e cotto latte cotto tostatura,Profumo,"Burro sciolto e cotto, latte cotto. tostatura.",4,37222
Profumo::qualche nota di verdura lessa,Profumo,qualche nota di verdura lessa,4,37223
Profumo::grana tipico medio intenso,Profumo,grana tipico medio intenso..,4,37224
Sapore::dolce sapido con lieve piccantezza umami equilibrato,Sapore,"dolce sapido con lieve piccantezza, umami equilibrato",4,37227
Sapore::prevale un poco il salato leggera punta di piccante,Sapore,"PREVALE UN Poco- IL SALATO, LEGGERA PUNTA DI PICCANTE",4,37228
Sapore::dolce giustamente salato punta di amaro,Sapore,"dolce, giustamente salato, punta di amaro",4,37229
Sapore::sbilanciato salato,Sapore,sbilanciato salato,4,37231
Sapore::acido salato,Sapore,acido;salato,4,37233
Sapore::anche dolce ma pungente sulla lingua per via del piccante amaro sensibile ma non eccessivo,Sapore,"Anche dolce, ma pungente sulla lingua per via del piccante. Amaro sensibile ma non eccessivo",4,37234
Sapore::umami finale e un poco piccante,Sapore,umami finale e un poco piccante,4,37235
Sapore::equilibrato leggermente amaro il finale,Sapore,"equilibrato, leggermente amaro il finale",4,37236
Aroma::in bocca più\ lattico che al naso poco complesso ma gradevole,Aroma,"in bocca più\ lattico che al naso, poco complesso ma gradevole",4,37239
Aroma::latte cotto broccoli,Aroma,"LATTE COTTO, BROCCOLI",4,37240
Aroma::povero,Aroma,povero,4,37246
Aroma::note vegetali cotte finali,Aroma,note vegetali cotte finali,4,37247
Texture::ancora leggermente umida ma solubile,Texture,ancora leggermente umida ma solubile,4,37251
Texture::abbastanza buona,Texture,ABBASTANZA BUONA,4,37252
Texture::pastoso poca grana granuli,Texture,pastoso poca grana granuli,4,37255
Texture::si sfalda in mano in bocca granuolo e poco asciutto chiari cristalli e poco sol lascia in bocca sabbia fine,Texture,si sfalda in mano in bocca granuolo e poco asciutto chiari cristalli e poco sol lascia in bocca sabbia fine,4,37256
Texture::cedevole sotto identi fondente,Texture,cedevole sotto identi. Fondente,4,37258
Texture::umido e pastoso quasi liquefabile,Texture,"umido e pastoso, quasi liquefabile",4,37259
Texture::pochi granuli consistenza e pasta media,Texture,"pochi granuli, consistenza e pasta media",4,37260
Texture::umida anche se presenti qualche cristallo peccato l odore era buono,Texture,"umida anche se presenti qualche cristallo, peccato, l-odore era buono",4,37261
Spessore della Crosta::12 km sottoscritta aranciato,Spessore della Crosta,12 km sottoscritta aranciato,4,37263
Spessore della Crosta::crosta fine ma con unghia evidente di colore bruno,Spessore della Crosta,Crosta fine ma con unghia evidente di colore bruno,4,37269
Spessore della Crosta::mediamente 11,Spessore della Crosta,Mediamente 11,4,37273
Spessore della Crosta::fine ok spigoli,Spessore della Crosta,Fine ok spigoli,4,37274
Struttura della Pasta::frattura abbastanza regolare e grana media su 1 lato più grossa e un poco spugnosa,Struttura della Pasta,Frattura abbastanza regolare e grana media su 1 lato più grossa e un Poco spugnosa,4,37275
Struttura della Pasta::frattura non proprio regolare grana pronunciata e ben distribuita,Struttura della Pasta,"Frattura non proprio regolare, grana pronunciata e ben distribuita",4,37276
Struttura della Pasta::granulosa ma grossolana anche se omogenea,Struttura della Pasta,"Granulosa ma grossolana, anche se omogenea",4,37277
Struttura della Pasta::trans discreta grana abbastanza regolare,Struttura della Pasta,"Trans discreta,grana abbastanza regolare",4,37282
Struttura della Pasta::bella grana mi pare diviso a metà,Struttura della Pasta,"Bella grana, mi pare diviso a metà",4,37283
Struttura della Pasta::bella frattura struttura granulosa a tratti meno definita,Struttura della Pasta,"Bella frattura, struttura granulosa a tratti meno definita",4,37284
Struttura della Pasta::bella presenza di grana fine ma frattura media,Struttura della Pasta,"Bella presenza di grana fine, ma frattura media",4,37285
Struttura della Pasta::grana fine abbiamo omogenea,Struttura della Pasta,Grana fine abbiamo omogenea,4,37286
Colore della Pasta::appena saturo appena più chiarimenti scalzi,Colore della Pasta,Appena saturo. Appena più chiarimenti scalzi,4,37289
Colore della Pasta::zona rosa vicino a crosta,Colore della Pasta,Zona rosa vicino a crosta,4,37294
Colore della Pasta::leggermente più carico in una metà ma mediamente buono,Colore della Pasta,"Leggermente più carico in una metà, ma mediamente buono",4,37295
Colore della Pasta::omogeneo ma un poco' carico,Colore della Pasta,Omogeneo ma un poco' carico,4,37296
Colore della Pasta::aree nocciola estese,Colore della Pasta,Aree nocciola estese..,4,37297
Colore della Pasta::giallo tendente al carico,Colore della Pasta,Giallo tendente al carico,4,37298
Profumo::lattico intenso lievi sentori fermentati e animali,Profumo,"lattico, intenso, lievi sentori fermentati e animali",4,37299
Profumo::molto leggero quasi impercettibile,Profumo,"molto leggero, quasi impercettibile",4,37301
Profumo::leggero di pane lievito,Profumo,leggero di pane lievito,4,37304
Profumo::leggero non molto caratterizzato anonimo,Profumo,leggero. non molto caratterizzato. Anonimo,4,37306
Profumo::mediamente buono ma con punte dolciastre e mature,Profumo,"mediamente buono, ma con punte dolciastre e mature",4,37307
Profumo::intenso da grana,Profumo,intenso da grana...,8,37308
Sapore::bella sapidità' umami ok piccantezza media forse leggera acidità' metallico,Sapore,"bella sapidità', umami ok, piccantezza media, forse leggera acidità', metallico",4,37311
Sapore::piccante percepito ma non sovrasta il resto,Sapore,PICCANTE PERCEPITO MA NON SOVRASTA IL RESTO,4,37312
Sapore::sapido e dolce,Sapore,sapido e dolce,4,37313
Sapore::pieno non dolce piccante umami ghe ne,Sapore,"Pieno, non dolce. piccante. umami ghe ne",4,37318
Sapore::salato e piccante alla fine,Sapore,salato e piccante alla fine,4,37319
Sapore::molto sapido e umami,Sapore,molto sapido e umami....,4,37320
Aroma::note lattiche cotte affiancate a note animali non solo di glutammato,Aroma,note lattiche cotte affiancate a note animali non solo di glutammato,4,37323
Aroma::latte bollito,Aroma,LATTE BOLLITO,4,37324
Aroma::panna e leggero di cotto,Aroma,panna e leggero di cotto,4,37328
Texture::leggermente cedevole poco aggregata ma solubile,Texture,"leggermente cedevole, poco aggregata ma solubile",4,37335
Texture::solubile,Texture,solubile,16,37337
Texture::asciutto granuloso con cristalli e ben solubile,Texture,asciutto granuloso con cristalli e ben solubile,4,37340
Texture::umido cedevole poca struttura pastoso immaturo,Texture,"umido, cedevole, poca struttura. Pastoso. immaturo",4,37342
Texture::asciutto pastoso e poco solubile,Texture,"asciutto, pastoso e poco solubile",4,37344
Spessore della Crosta::anche molto sottile in certi punti,Spessore della Crosta,Anche molto sottile in certi punti,4,37349
Spessore della Crosta::mediamente 10,Spessore della Crosta,Mediamente 10..,4,37357
Struttura della Pasta::regolare e grana abbastanza fine,Struttura della Pasta,Regolare e grana abbastanza fine,4,37359
Struttura della Pasta::struttura grossolana pronunciata omogenea,Struttura della Pasta,"Struttura grossolana, pronunciata omogenea",4,37360
Struttura della Pasta::grandiosa discreto taglio,Struttura della Pasta,"Grandiosa, discreto taglio",4,37361
Struttura della Pasta::non omogenea,Struttura della Pasta,Non omogenea,12,37362
Struttura della Pasta::microocchiature grana piatta,Struttura della Pasta,"Microocchiature, grana piatta",4,37366
Struttura della Pasta::grandioso omogeneo qualche piccola occhiatura,Struttura della Pasta,"Grandioso, omogeneo, qualche piccola occhiatura",4,37367
Struttura della Pasta::frattura ok pasta poco granulosa con tendenza allo stirato,Struttura della Pasta,"Frattura ok, pasta poco granulosa con tendenza allo stirato",4,37368
Struttura della Pasta::piuttosto grossolana e frattura media,Struttura della Pasta,Piuttosto grossolana e frattura media,4,37369
Struttura della Pasta::microocchiatura agglomerati bianchi evidenti leggibili striature centrali,Struttura della Pasta,Microocchiatura agglomerati bianchi evidenti leggibili striature centrali,4,37370
Colore della Pasta::più chiara sotto un piatto ma abbastanza omogeneo,Colore della Pasta,Più chiara sotto un piatto ma abbastanza omogeneo,4,37371
Colore della Pasta::giallo paglierino marcato,Colore della Pasta,Giallo paglierino marcato,4,37372
Colore della Pasta::uniforme abbastanza chiaro,Colore della Pasta,"Uniforme, abbastanza chiaro",4,37376
Colore della Pasta::non molto chiaro ma abbastanza omogeneo,Colore della Pasta,Non molto chiaro ma abbastanza omogeneo,4,37378
Colore della Pasta::chiaro tendente al grigio,Colore della Pasta,Chiaro tendente al grigio,4,37382
Profumo::intenso e complesso note di crosta di formaggio e frutta fermentata non particolarmente equilibrato,Profumo,"intenso e complesso, note di crosta di formaggio e frutta fermentata, non particolarmente equilibrato",4,37383
Profumo::latte acido pungente fermentato,Profumo,"LATTE ACIDO, PUNGENTE, FERMENTATO",4,37384
Profumo::positivo no difetti poco intenso,Profumo,positivo no difetti poco intenso,4,37387
Profumo::fieno,Profumo,fieno,4,37388
Profumo::insilato di mais dominante,Profumo,insilato di mais dominante,4,37390
Profumo::strano acetone fiore e solvente,Profumo,"strano.. acetone, fiore e solvente",4,37392
Profumo::odore salato,Profumo,odore salato,4,37393
Sapore::sapido/umami manca un poco di dolcezza,Sapore,"sapido/umami, manca un poco di dolcezza",4,37395
Sapore::molto piccante e dolciastro,Sapore,MOLTO PICCANTE E DOLCIASTRO,4,37396
Sapore::punta di piccante,Sapore,punta di piccante,8,37397
Sapore::piccante amaro salato,Sapore,"piccante, amaro, salato",4,37402
Sapore::sapori un poco slegati e un poco piccante ma non persistente,Sapore,"sapori un poco slegati e un poco piccante, ma non persistente",4,37403
Aroma::in bocca gradevole tornano le note di formaggio cotto e crosta di formaggio ma anche quelle lattiche con note di frutta fermentata meno evidenti,Aroma,"in bocca gradevole, tornano le note di formaggio cotto e crosta di formaggio ma anche quelle lattiche con note di frutta fermentata meno evidenti",4,37407
Aroma::pepe fermentato,Aroma,"PEPE, FERMENTATO",4,37408
Aroma::un poco da crosta,Aroma,un poco- da crosta,4,37412
Aroma::brodo crosta di grana,Aroma,"brodo, crosta di grana",4,37415
Texture::granulosa solubile mediamente asciutta molto gradevole,Texture,"granulosa, solubile, mediamente asciutta, molto gradevole",4,37419
Texture::granuloso,Texture,granuloso,4,37423
Texture::asciutto e granuloso cristalli evidenti solub,Texture,asciutto e granuloso cristalli evidenti solub,4,37424
Texture::duro friabile microstruttura fine tendenzialmente asciutto ma non troppo,Texture,"Duro, friabile. microstruttura fine. tendenzialmente asciutto ma non troppo",4,37426
Texture::potrebbe essere più solubile leggermente sabbioso alla fine,Texture,"Potrebbe essere più solubile, leggermente sabbioso alla fine",4,37427
Texture::molto duro poco friabile,Texture,"molto duro, poco friabile",4,37428
Spessore della Crosta::0 8 più evidente negli angoli,Spessore della Crosta,"0,8 più evidente negli angoli",4,37431
Spessore della Crosta::crosta marcata sugli angoli,Spessore della Crosta,Crosta marcata sugli angoli,4,37437
Spessore della Crosta::poco più di 10 mm,Spessore della Crosta,Poco più di 10 mm,4,37438
Struttura della Pasta::frattura molto irregolare grana disomogenea con grossa scaglia,Struttura della Pasta,Frattura molto irregolare grana disomogenea con grossa scaglia,4,37443
Struttura della Pasta::frattura irregolare con presenza di grana fine distribuita omogeneamente,Struttura della Pasta,Frattura irregolare con presenza di grana fine distribuita omogeneamente,4,37444
Struttura della Pasta::frattura non buona grana granulosa a tratti anche fine qualche microocchiatura,Struttura della Pasta,Frattura non buona. Grana granulosa. A tratti anche fine. Qualche Microocchiatura.,4,37445
Struttura della Pasta::disomogeneità,Struttura della Pasta,Disomogeneità,4,37446
Struttura della Pasta::frattura irregolare con crepe,Struttura della Pasta,Frattura irregolare con crepe,4,37447
Struttura della Pasta::frattura molto irregolare zone stirate,Struttura della Pasta,"Frattura molto irregolare, zone stirate",4,37448
Struttura della Pasta::qualche microocchio la grana non è omogenea,Struttura della Pasta,"Qualche microocchio, la grana non è omogenea",4,37449
Struttura della Pasta::grossa dittatura centrale vistoso spacco e caverna,Struttura della Pasta,"Grossa dittatura centrale , vistoso spacco e caverna",4,37450
Struttura della Pasta::disomogeneità qualche strappo frattura irregolare,Struttura della Pasta,"Disomogeneità, qualche strappo, frattura irregolare",4,37451
Struttura della Pasta::brutta frattura struttura eterogenea stirata al centro,Struttura della Pasta,"Brutta frattura, struttura eterogenea stirata al centro",4,37452
Struttura della Pasta::frattura poco omogenea con qualche frattura ma grana media grossolana,Struttura della Pasta,Frattura poco omogenea con qualche frattura ma grana media grossolana,4,37453
Struttura della Pasta::spaccature diversa cchiaturegrossolana diversa tra le due metà,Struttura della Pasta,Spaccature diversa cchiaturegrossolana diversa tra le due metà,4,37454
Colore della Pasta::colore tendente al rosato abbastanza unif,Colore della Pasta,Colore tendente al rosato abbastanza unif,4,37455
Colore della Pasta::più scura verso il centro anche se di poco,Colore della Pasta,Più scura verso il centro anche se di poco,4,37457
Colore della Pasta::non del tutto omogeneo,Colore della Pasta,Non del tutto omogeneo,8,37460
Colore della Pasta::zone con una tonalità rosata,Colore della Pasta,Zone con una tonalità rosata,4,37461
Colore della Pasta::un poco' rosata zone chiare,Colore della Pasta,"Un poco' rosata, zone chiare",4,37462
Colore della Pasta::abbastanza chiaro di sfondo con alone e zona più decisa,Colore della Pasta,Abbastanza chiaro di sfondo con alone e zona più decisa,4,37463
Colore della Pasta::un poco' eterogeneo più carico al centro con qualche alone che tende al rosa,Colore della Pasta,"Un poco' eterogeneo, più carico al centro con qualche alone che tende al rosa",4,37464
Colore della Pasta::giallo chiaro omogeneo tendente a chiaro,Colore della Pasta,Giallo chiaro omogeneo tendente a chiaro,4,37466
Profumo::su un pezzo nota animale di cuoio cavallo sui restanti pezzi odore un poco scarico e poco complesso,Profumo,"su un pezzo nota animale di cuoio, cavallo, sui restanti pezzi odore un poco scarico e poco complesso",4,37467
Profumo::cotto e leggero da letame,Profumo,cotto e leggero da letame,4,37472
Profumo::grana con leggera tostatura e poche note florali,Profumo,grana con leggera tostatura e poche note florali,4,37476
Sapore::generalmente equilibrato,Sapore,GENERALMENTE EQUILIBRATO,4,37480
Sapore::abbastanza neutro piatto,Sapore,"abbastanza neutro, piatto",4,37482
Sapore::leggermente salato e amaro,Sapore,leggermente salato e amaro,4,37484
Sapore::piccante ma tollerabile,Sapore,"Piccante, ma tollerabile",4,37486
Sapore::forse troppo sapido ma anche note dolci,Sapore,forse troppo sapido....ma anche note dolci,4,37488
Aroma::in bocca più\ gradevole e complesso che al naso lieve nota animale ma presenti le note caratteristiche,Aroma,"in bocca più\ gradevole e complesso che al naso, lieve nota animale ma presenti le note caratteristiche",4,37491
Texture::buona solubile granulosa,Texture,"buona, solubile, granulosa",4,37503
Texture::un poco pastoso e poco solubile,Texture,un poco pastoso e poco solubile,4,37505
Texture::pastoso poco friabile,Texture,pastoso poco friabile,4,37506
Texture::morbido pastoso con cristalli,Texture,morbido pastoso con cristalli,4,37508
Texture::morbido anche friabile ma pastosita' eccessiva che incolla non fine,Texture,"morbido, Anche friabile, ma pastosita' eccessiva che incolla. non fine",4,37510
Texture::molto pastoso e aciutto granuli ok,Texture,molto pastoso e aciutto... granuli ok,4,37512
Spessore della Crosta::10 12km soprattutto negli angoli,Spessore della Crosta,10 12km soprattutto negli angoli,4,37515
Spessore della Crosta::10 ma chiaro,Spessore della Crosta,10 ma chiaro,4,37523
Spessore della Crosta::mediamente attorno a 11,Spessore della Crosta,Mediamente attorno a 11,4,37525
Spessore della Crosta::spigoli grossolani grossa,Spessore della Crosta,Spigoli grossolani grossa,4,37526
Struttura della Pasta::frattura irregolare con grana fine è leggermente stirata 1 piccola frattura,Struttura della Pasta,Frattura irregolare con grana fine è leggermente stirata 1 piccola frattura,4,37527
Struttura della Pasta::grana irregolare e non uniformemente distribuita,Struttura della Pasta,Grana irregolare e non uniformemente distribuita,4,37528
Struttura della Pasta::a tratti sembra appena accennata a tratti stamattina altri punti grandiosa taglio solo discreto,Struttura della Pasta,A tratti sembra appena accennata. A tratti stamattina. Altri punti grandiosa. Taglio solo discreto,4,37529
Struttura della Pasta::irregolare,Struttura della Pasta,Irregolare,4,37530
Struttura della Pasta::crepa centrale,Struttura della Pasta,Crepa centrale,4,37531
Struttura della Pasta::granulosa e omogenea,Struttura della Pasta,Granulosa e omogenea,4,37533
Struttura della Pasta::dittatura evidente grande spacco grana piatta,Struttura della Pasta,"Dittatura evidente, grande spacco, grana piatta",4,37534
Struttura della Pasta::leggermente stirato in parte frattura spacco non troppo regolare,Struttura della Pasta,"Leggermente stirato in parte, frattura, spacco non troppo regolare",4,37535
Struttura della Pasta::frattura con grossi avvallamenti metà forma bella granulosa metà quasi stirata,Struttura della Pasta,"Frattura con grossi avvallamenti, metà forma bella granulosa metà quasi stirata",4,37536
Struttura della Pasta::non molto omogenea con spaccature e grana media,Struttura della Pasta,Non molto omogenea con spaccature e grana media,4,37537
Struttura della Pasta::spaccatura grossa frattura stirata no grana,Struttura della Pasta,Spaccatura grossa frattura stirata no grana,4,37538
Colore della Pasta::omogeneo leggermente grigio,Colore della Pasta,Omogeneo leggermente grigio,4,37539
Colore della Pasta::giallo paglierino un poco' più carico al centro,Colore della Pasta,Giallo paglierino un poco' più carico al centro,4,37540
Colore della Pasta::lievemente più carica al centro,Colore della Pasta,Lievemente più carica al centro,4,37541
Colore della Pasta::fascia più scura su un piatto,Colore della Pasta,Fascia più scura su un piatto,4,37545
Colore della Pasta::abbastanza chiara ma leggermente non omogenea sotto i due piatti,Colore della Pasta,Abbastanza chiara ma leggermente non omogenea sotto i due piatti,4,37547
Colore della Pasta::ad aree,Colore della Pasta,Ad aree...,4,37549
Colore della Pasta::giallo carico alone centrale più scuro,Colore della Pasta,Giallo carico alone centrale più scuro,4,37550
Profumo::fungo muffa,Profumo,fungo;muffa,4,40239
Profumo::cotto leggero,Profumo,cotto leggero,4,40240
Profumo::prima olfazione>odore sgradevole verso animale il resto e' sfondo,Profumo,prima olfazione>odore sgradevole verso animale. il resto e' sfondo,4,40241
Profumo::burro fuso panna burro,Profumo,"burro fuso,panna, burro",4,40243
Profumo::lattico dominante burro fuso burro cotto nota di brodo poco complesso ma abbastanza intenso,Profumo,"lattico dominante, burro fuso, burro cotto, nota di brodo, poco complesso ma abbastanza intenso",4,40246
Profumo::note forti tostate e emmenthal/grana,Profumo,note forti tostate e emmenthal/grana,4,40247
Sapore::amaro piccante persistente,Sapore,amaro piccante persistente,4,40249
Sapore::non dolce amaro poco complesso e rotondo ma senza eccessi,Sapore,"non dolce. Amaro. Poco complesso e rotondo, ma senza eccessi",4,40251
Sapore::salato umami e piccante ben equilibrato,Sapore,salato umami e piccante ben equilibrato,4,40253
Sapore::crosta di formaggio,Sapore,crosta di formaggio,8,40254
Sapore::tendenzialmente dolce con sapadit' media umami contenuto poco piccante,Sapore,"tendenzialmente dolce con sapadit' media, umami contenuto, poco piccante",4,40256
Sapore::sapidità' eccessiva e acidulo,Sapore,sapidità' eccessiva e acidulo,4,40257
Aroma::fungo muffa,Aroma,fungo;muffa,4,40259
Aroma::sa di altro non di grana trentino,Aroma,"sa di altro, non di grana trentino",4,40261
Aroma::burro burro fuso,Aroma,"burro, burro fuso",4,40263
Aroma::crosta di formaggio formaggio bruciato,Aroma,"crosta di formaggio, formaggio bruciato",4,40264
Aroma::di latte cotto leggero e poca persistenza,Aroma,"di latte cotto, leggero e poca persistenza",4,40265
Aroma::come al naso lattico dominante e caratteristico di latte cotto e burro cotto forse un poco monocorde,Aroma,"come al naso, lattico dominante e caratteristico di latte cotto e burro cotto, forse un poco monocorde",4,40266
Aroma::strano non molto piacevole grasso,Aroma,"strano, non molto piacevole, grasso",4,40267
Texture::morbido con cristalli ben evidenti asciutto all'inizio tende un poco ad impastrare e lascia un poco di residuo,Texture,morbido con cristalli ben evidenti asciutto all'inizio tende un poco ad impastrare e lascia un poco di residuo,4,40270
Texture::friabile asciutto ma non troppo microstruttura abbastanza fine cristalli non numerosissimi presenti impasta e ingozza nel finale,Texture,"friabile, asciutto ma non troppo. Microstruttura abbastanza fine. cristalli non numerosissimi, presenti. impasta e ingozza nel finale",4,40271
Texture::durezza buona struttura e microstrutture ottimali permane in bocca con struttura e non si impasta,Texture,"durezza buona struttura e microstrutture ottimali, permane in bocca con struttura e non si impasta",4,40273
Texture::inconsistente e senza cristalli,Texture,inconsistente e senza cristalli,4,40274
Texture::un poco adesiva,Texture,un poco- adesiva,4,40275
Texture::granuloso solubile mediamente duro buona presenza di microcristalli molto gradevole,Texture,"granuloso, solubile, mediamente duro, buona presenza di microcristalli, molto gradevole",4,40276
Texture::molto asciutto e pastoso,Texture,molto asciutto e pastoso,4,40277
Texture::granuloso leggermente pastoso,Texture,granuloso leggermente pastoso,4,40278
Spessore della Crosta::spessore medio scalzo e piatto 8mm spigoli 18mm minimo,Spessore della Crosta,Spessore medio scalzo e piatto 8mm Spigoli 18mm minimo,4,40279
Spessore della Crosta::0 8 ma su un lato il colore e scuro ed è netto il passaggio,Spessore della Crosta,"0,8 ma su un lato il colore e scuro ed è netto il passaggio",4,40280
Spessore della Crosta::limite netto crosta sottile,Spessore della Crosta,Limite netto. Crosta sottile,4,40281
Spessore della Crosta::regolare sotto 1 cm,Spessore della Crosta,Regolare sotto 1 cm,4,40283
Spessore della Crosta::più spessa su di un piatto,Spessore della Crosta,Più spessa su di un piatto,4,40284
Spessore della Crosta::8 10 cm,Spessore della Crosta,8. 10 cm,4,40285
Spessore della Crosta::uniforme 1 spigoli fini,Spessore della Crosta,Uniforme 1 spigoli fini,4,40288
Struttura della Pasta::non omogenea e granulosa presenza di occhiatura e microocchiatura concentrata su meta forma frattura abbastanza omogenea,Struttura della Pasta,Non omogenea e granulosa Presenza di occhiatura e microocchiatura concentrata su meta forma Frattura abbastanza omogenea,4,40289
Struttura della Pasta::fitta microocchiatura 1 mm su tutta la forma in un lato più grandi 2 mm al centro da effetto spugna,Struttura della Pasta,Fitta microocchiatura 1 mm su tutta la forma in un lato più grandi 2 mm al centro da effetto spugna,4,40290
Struttura della Pasta::occhiatura diffusa e di dimensione stiratura centrale granuloso frattura solo discreta,Struttura della Pasta,Occhiatura diffusa e di dimensione. Stiratura centrale.. Granuloso. Frattura solo discreta,4,40291
Struttura della Pasta::occhiatura centrale con occhi oltre 2 mm su di un lato,Struttura della Pasta,Occhiatura centrale con occhi oltre 2 mm su di un lato,4,40294
Struttura della Pasta::spugna centrale evidente e sfoglia centrale,Struttura della Pasta,Spugna centrale evidente e sfoglia centrale,4,40295
Struttura della Pasta::frattura abbastanza bella grana presente con qualche andamento striato presenza diffusa di occhiatura micro e media su una parte consistente,Struttura della Pasta,"Frattura abbastanza bella, grana presente con qualche andamento striato, presenza diffusa di occhiatura micro e media su una parte consistente",4,40296
Struttura della Pasta::grana ben presente ma microochhiature elevate,Struttura della Pasta,Grana ben presente ma microochhiature elevate,4,40297
Struttura della Pasta::granuli belli ma occhiatura diffusa anche grossi,Struttura della Pasta,Granuli belli ma occhiatura diffusa anche grossi,4,40298
Colore della Pasta::evidente alone scuro che tende al rosato nelle zone centrali con la fitta microocchiatura,Colore della Pasta,Evidente alone scuro che tende al rosato nelle zone centrali con la fitta microocchiatura,4,40300
Colore della Pasta::colorazione omogenea,Colore della Pasta,Colorazione omogenea,4,40302
Colore della Pasta::giallo paglierino,Colore della Pasta,Giallo paglierino,4,40304
Colore della Pasta::al centro più carico tendente al rosa,Colore della Pasta,Al centro più carico tendente al rosa,4,40305
Colore della Pasta::giallo omogeneo abbastanza carico,Colore della Pasta,Giallo omogeneo abbastanza carico,4,40306
Colore della Pasta::colorazione omogenea con tonalità giallo carico,Colore della Pasta,Colorazione omogenea con tonalità giallo carico,4,40307
Colore della Pasta::chiara uniforme macchie risa,Colore della Pasta,Chiara uniforme macchie risa,4,40308
Profumo::vegetale pungente (non ricordo il vegetale),Profumo,vegetale pungente (non ricordo il vegetale),4,40309
Profumo::stracci sporchi all'inizio poi vegetale balsamico + cotto,Profumo,stracci sporchi all'inizio poi vegetale balsamico + cotto,4,40310
Profumo::intensità' moderata note vegetali anche brodo su base di burro e latte uht crosta,Profumo,"intensità' moderata. note vegetali, anche brodo, su base di burro e latte uht. crosta",4,40311
Profumo::fruttato muschio,Profumo,fruttato;muschio,4,40312
Profumo::brodo vegetale formaggio cotto,Profumo,"brodo vegetale , formaggio cotto",4,40314
Profumo::frutta burro un poco ossidato,Profumo,"frutta, burro un poco- ossidato",4,40315
Profumo::intenso quasi pungente nota di frutta fermentata oltre alle caratteristiche note lattiche,Profumo,"intenso, quasi pungente, nota di frutta fermentata oltre alle caratteristiche note lattiche",4,40316
Profumo::grana tipico leggermente tostato,Profumo,grana tipico leggermente tostato,4,40317
Profumo::leggermente pungente un poco chiusolegg insilato,Profumo,leggermente pungente un poco chiusolegg insilato;,4,40318
Sapore::tendente all'amaro piccante,Sapore,tendente all'amaro piccante,4,40319
Sapore::leggermente amaro e acre in gola,Sapore,leggermente amaro e acre in gola,4,40320
Sapore::pungente per sale più' che per piccante non amaro non dolce poco umami scarno,Sapore,"pungente per sale più' che per piccante. non amaro, non dolce, poco umami. scarno",4,40321
Sapore::si percepisce acidità leggermente piccante alla fine,Sapore,si percepisce acidità-;leggermente piccante alla fine,4,40322
Sapore::umami troppo forte poco sale,Sapore,"umami troppo forte, poco sale",4,40325
Sapore::dolce sapido con piccantezza media e nota amara forse lieve acidità,Sapore,"dolce sapido con piccantezza media e nota amara, forse lieve acidità",4,40326
Sapore::equilibrato con note anche dolci piacevoli all inizio e finale un poco acidulo,Sapore,equilibrato con note anche dolci piacevoli all-inizio e finale un poco- acidulo...,4,40327
Aroma::burro fuso pane tostato fieno leggero,Aroma,"burro fuso, pane tostato, fieno leggero",4,40333
Aroma::minestrone,Aroma,minestrone,4,40335
Aroma::note lattiche presenti ma dominano quelle di frutta fermentata,Aroma,note lattiche presenti ma dominano quelle di frutta fermentata,4,40336
Aroma::non del tutto positivo brodo e crosta,Aroma,non del tutto positivo brodo e crosta,4,40338
Texture::morbido con cristalli evidenti pastoso ma non molto granuloso e poso solubile,Texture,morbido con cristalli evidenti pastoso ma non molto granuloso e poso solubile,4,40340
Texture::non perfettamente friabile cedevole al molare morbido cristalli molto presenti anche grossi pure troppo,Texture,"non perfettamente friabile, cedevole al molare, morbido. Cristalli molto presenti, anche grossi, pure troppo",4,40341
Texture::troppo umido,Texture,troppo umido,4,40342
Texture::presenza di cristalli ma non microstruttura si impasta durezza mediasolubilit' elevata,Texture,"presenza di cristalli, ma non microstruttura si impasta, durezza mediasolubilit' elevata",4,40343
Texture::pastoso e scarsi cristalli,Texture,pastoso e scarsi cristalli,4,40344
Texture::umida cedevole poco granulosa,Texture,"umida, cedevole, poco granulosa",4,40346
Texture::media presenza di cristalli e umidità' equilibrata,Texture,media... presenza di cristalli e umidità' equilibrata,4,40347
Texture::cristalli anche grossi e leggermente pastoso,Texture,cristalli anche grossi e leggermente pastoso,4,40348
Spessore della Crosta::molto sfumato spessore minimo 11mm,Spessore della Crosta,Molto sfumato Spessore minimo 11mm,4,40349
Spessore della Crosta::1 colorazione che sfuma gradualmente più evidenti angoli e scalzo,Spessore della Crosta,1 colorazione che sfuma gradualmente più evidenti angoli e scalzo,4,40350
Spessore della Crosta::limite sfumato ma crosta sempre spessa oltre il cm,Spessore della Crosta,Limite sfumato ma crosta sempre spessa oltre il cm,4,40351
Spessore della Crosta::non regolare superiore a 1 su un piatto,Spessore della Crosta,Non regolare superiore a 1 su un piatto,4,40353
Spessore della Crosta::11 12 cm,Spessore della Crosta,11 12 cm,4,40355
Spessore della Crosta::molto diverso nelle differenti aree piuttosto alto comunque,Spessore della Crosta,Molto diverso nelle differenti aree...piuttosto alto comunque,4,40357
Spessore della Crosta::scalzi un poco grossa nei fini i piatti spigoli ok,Spessore della Crosta,Scalzi Un Poco grossa nei fini i piatti spigoli ok,4,40358
Struttura della Pasta::non omogenea con piccole aree stirate presenza microocchiatura su u a parte limitata frattura non omogenea,Struttura della Pasta,Non omogenea con piccole aree stirate Presenza microocchiatura su u a parte limitata Frattura non omogenea,4,40359
Struttura della Pasta::microocchiatura 1 mm più concentrate su un lato pasta grandiosa ma con striature,Struttura della Pasta,Microocchiatura 1 mm più concentrate su un lato pasta grandiosa ma con striature,4,40360
Struttura della Pasta::occhiatura concentrata su una zona intravedo direzione nella struttura centrale quindi omogeneità non perfetta struttura granulosa frattura buona,Struttura della Pasta,"Occhiatura concentrata su una zona. Intravedo direzione nella struttura centrale, quindi omogeneità non perfetta. Struttura granulosa. Frattura buona",4,40361
Struttura della Pasta::poca struttura,Struttura della Pasta,Poca struttura,4,40363
Struttura della Pasta::leggermente occhiata su metà forma,Struttura della Pasta,Leggermente occhiata su metà forma,4,40364
Struttura della Pasta::stirata occhi di 1e 2 mm,Struttura della Pasta,"Stirata ,occhi di 1e 2 mm",4,40365
Struttura della Pasta::frattura ok ma grana solo a tratti ben profilata con andamento striato presenza di piccola zona con microocchiatura,Struttura della Pasta,"Frattura ok ma grana solo a tratti ben profilata con andamento striato, presenza di piccola zona con Microocchiatura",4,40366
Struttura della Pasta::media grossolana ma omogenea con microocchiature diffuse,Struttura della Pasta,Media grossolana ma omogenea con microocchiature diffuse.,4,40367
Struttura della Pasta::grana bella non del tutto uniforme lato con occhiatura diffusa e grossolana che trovi anche in altre zone,Struttura della Pasta,Grana bella non del tutto uniforme lato con occhiatura diffusa e grossolana che trovi anche in altre zone,4,40368
Colore della Pasta::carico non accentuato,Colore della Pasta,Carico non accentuato,4,40369
Colore della Pasta::colore chiaro e uniforme,Colore della Pasta,Colore chiaro e uniforme,4,40370
Colore della Pasta::omogenea poco satura,Colore della Pasta,Omogenea poco satura,4,40371
Colore della Pasta::zone leggermente rosa al centro pasta giallo chiaro,Colore della Pasta,"Zone leggermente rosa al centro, pasta giallo chiaro",4,40375
Colore della Pasta::tendenzialmente gialla chiara omogenea,Colore della Pasta,Tendenzialmente gialla chiara omogenea,4,40377
Profumo::buona intensità' latte fresco panna burro sciolto sentori dolci e lattei,Profumo,"buona intensità'. latte fresco, panna, burro sciolto. Sentori dolci e lattei",4,40381
Profumo::formaggio cotto latte,Profumo,formaggio cotto;latte,4,40382
Profumo::burro fuso e crosta di formaggio poco intenso,Profumo,"burro fuso e crosta di formaggio, poco intenso",4,40383
Profumo::nota di brodo vegetale,Profumo,nota di brodo vegetale,4,40384
Profumo::leggermente fermentato frutta matura,Profumo,"leggermente fermentato, frutta matura",4,40385
Profumo::abbastanza intenso ma poco pulito nota di pozzo di scarico crosta di formaggio,Profumo,"abbastanza intenso ma poco pulito, nota di pozzo di scarico, crosta di formaggio",4,40386
Profumo::intenso con note tipiche ed anche da burro,Profumo,intenso con note tipiche ed anche da burro,4,40387
Sapore::tendende all'acido,Sapore,tendende all'acido,4,40389
Sapore::leggerissimo amaro,Sapore,leggerissimo amaro,4,40390
Sapore::amaro leggerm percepito nel complesso equilibrato appena un poco' salato,Sapore,"amaro leggerm. percepito. nel complesso equilibrato, appena un poco' salato",4,40391
Sapore::senza salinit' e piccante un p di umami,Sapore,"senza salinit' e piccante, un p; di umami",4,40393
Sapore::latte e burro,Sapore,latte e burro,4,40394
Sapore::dolce prevale leggermente comunque gradevole ed equilibrato,Sapore,dolce prevale leggermente comunque gradevole ed equilibrato,4,40395
Sapore::sapidità' spiccata con buon umami e piccantezza evidente non molto bilanciato,Sapore,"sapidità' spiccata con buon umami e piccantezza evidente, non molto bilanciato",4,40396
Sapore::equilibrato pieno,Sapore,"equilibrato, pieno..",4,40397
Sapore::dolce leggermente sbilanciato umami e salato,Sapore,"dolce, leggermente sbilanciato umami e salato",4,40398
Aroma::una porzione (la più piccola) ha un aorma di muffa mentre le altre 2 no,Aroma,una porzione (la più piccola) ha un aorma di MUFFA mentre le altre 2 no!,4,40399
Aroma::panna leggero cotto,Aroma,panna leggero cotto,4,40400
Aroma::crosta di pane e crosta di formaggio,Aroma,crosta di pane e crosta di formaggio,4,40403
Aroma::crosta di formaggio leggero ossidato,Aroma,"crosta di formaggio, leggero ossidato",4,40405
Aroma::nota di formaggio cotto e crosta di formaggio ricorda un poco un formaggio nostrano,Aroma,"nota di formaggio cotto e crosta di formaggio, ricorda un poco un formaggio nostrano",4,40406
Aroma::grana burro forse anche un p di note evolute,Aroma,"grana, burro, forse anche un p; di note evolute...",4,40407
Texture::granuloso e friabile cristalli evidenti solubile leggerero residuo sabbioso,Texture,granuloso e friabile cristalli evidenti solubile leggerero residuo sabbioso,4,40410
Texture::friabile microstruttura fine microcristalli presenti non asciutto,Texture,friabile. microstruttura fine. microcristalli presenti. non asciutto,4,40411
Texture::quasi assenza di cristalli troppo umido,Texture,quasi assenza di cristalli;troppo umido,4,40412
Texture::morbido senza struttura e microcristalli troppo solubile,Texture,"morbido, senza struttura e microcristalli, troppo solubile",4,40413
Texture::granulosa ma non molto solubile leggermente cedevole,Texture,"granulosa ma non molto solubile, leggermente cedevole",4,40416
Texture::molti cristalli ben friabile e in ottimo equilibrio tra umidità e soubilita,Texture,"molti cristalli, ben friabile e in ottimo equilibrio tra umidità. e soubilita-",4,40417
Spessore della Crosta::spessore medio piatto e scalzo circa7mm spigoli circa 15mm,Spessore della Crosta,Spessore medio piatto e scalzo circa7mm Spigoli circa 15mm,4,40419
Spessore della Crosta::0 8 su un lato con colore più scuro ma spessore minore 0 9 sull altro,Spessore della Crosta,"0,8 su un lato con colore più scuro ma spessore minore 0,9 sull,altro",4,40420
Spessore della Crosta::per lo più sotto i 10 mm,Spessore della Crosta,Per lo più sotto i 10 mm,4,40421
Spessore della Crosta::regolare entro1 cm,Spessore della Crosta,Regolare entro1 cm,4,40423
Spessore della Crosta::piatti molto fine spigoli belli,Spessore della Crosta,Piatti molto fine spigoli belli,4,40428
Struttura della Pasta::struttura non omogenea ma granulosa frattura non proprio regolare,Struttura della Pasta,Struttura non omogenea ma granulosa Frattura non proprio regolare,4,40429
Struttura della Pasta::frattura irregolare con evidenti blocchi una sfoglia di 6 cm grandi a un poco grossa evidenti i cristalli,Struttura della Pasta,Frattura irregolare con evidenti blocchi una sfoglia di 6 cm Grandi a un poco grossa Evidenti i cristalli,4,40430
Struttura della Pasta::frattura irregolare ed i taglio per il resto grana regolare grandiosa anche fine,Struttura della Pasta,"Frattura irregolare ed i taglio . Per il resto grana regolare, grandiosa, anche fine",4,40431
Struttura della Pasta::frattura presente,Struttura della Pasta,Frattura presente,4,40432
Struttura della Pasta::frattura irregolare una crepa,Struttura della Pasta,"Frattura irregolare,una crepa",4,40434
Struttura della Pasta::grana bella spacco,Struttura della Pasta,"Grana bella, spacco",4,40435
Struttura della Pasta::frattura non bellissima ma pasta con grana evidente presenza di una grossa spaccatura,Struttura della Pasta,"Frattura non bellissima ma pasta con grana evidente, presenza di una grossa spaccatura",4,40436
Struttura della Pasta::molto grossolana con spaccatura evidente e leggera stiratura,Struttura della Pasta,Molto grossolana con spaccatura evidente ...e leggera stiratura,4,40437
Struttura della Pasta::frattura grossolana fessura grande bella grana fine,Struttura della Pasta,Frattura grossolana fessura grande bella grana fine,4,40438
Colore della Pasta::al centro colorazione paglierina leggermente più accentuata,Colore della Pasta,Al centro colorazione paglierina leggermente più accentuata,4,40439
Colore della Pasta::omogeneo tendente al paglierino,Colore della Pasta,Omogeneo tendente al paglierino,4,40441
Colore della Pasta::colore uniforme,Colore della Pasta,Colore uniforme,4,40444
Colore della Pasta::centro zona rosacea,Colore della Pasta,Centro zona rosacea,4,40445
Colore della Pasta::omogeneo ma carico forse con qualche alone,Colore della Pasta,"Omogeneo ma carico, forse con qualche alone",4,40446
Colore della Pasta::omogeneo giallo carico carico,Colore della Pasta,Omogeneo giallo carico carico,4,40447
Colore della Pasta::leggi più scuro al centro ma tende al cgiaro,Colore della Pasta,Leggi più scuro al centro ma tende al cgiaro,4,40448
Profumo::latte e panna intensità medio alta,Profumo,latte e panna intensità medio alta,4,41079
Profumo::moderato note lattee pane tostato,Profumo,moderato. note lattee. pane. tostato,4,41081
Profumo::burro fuso latte cotto,Profumo,burro fuso;latte cotto,4,41082
Profumo::un poco' di verdura lessa,Profumo,un poco' di verdura lessa,4,41084
Profumo::burro fuso burro cotto brodo mediamente intenso equilibrato,Profumo,"burro fuso, burro cotto,brodo, mediamente intenso, equilibrato",4,41085
Profumo::inizialmente si percepisce una leggera fermentazione segue panna fresca burro fresco e fruttato,Profumo,"Inizialmente si percepisce una leggera fermentazione, segue panna fresca, burro fresco e fruttato",4,41086
Sapore::equilibrato con dolce intensità alta,Sapore,equilibrato con dolce intensità alta,4,41087
Sapore::amaro il resto presente e tutto equilibrato,Sapore,amaro. il resto presente e tutto equilibrato,4,41089
Sapore::salato anche un poco' acido punta di amaro finale,Sapore,"salato, anche un poco' acido, punta di amaro finale",4,41092
Sapore::equilibrato con una nota finale leggermente amarognola,Sapore,"equilibrato, con una nota finale leggermente amarognola",4,41094
Aroma::latte intensità alta,Aroma,latte intensità alta,4,41095
Aroma::un poco' di latte fermentato latte cotto erbe,Aroma,"un poco' di latte fermentato, latte cotto, erbe",4,41100
Aroma::panna burro cotto gradevole,Aroma,"panna, burro cotto, gradevole",4,41101
Aroma::aromi leggeri e poco persistenti,Aroma,aromi leggeri e poco persistenti,4,41102
Texture::presenza di cristalli di tirosina solubilità e friabilità medio alta,Texture,presenza di cristalli di tirosina;solubilità e friabilità medio alta,4,41103
Texture::tende un poco a compattarsi piccoli cristalli poco sol,Texture,tende un poco a compattarsi piccoli cristalli poco sol,4,41104
Texture::cristalli percepiti grossi friabilità buona non molto umido,Texture,"cristalli percepiti, grossi. friabilità buona. non molto umido",4,41105
Texture::pastoso e poco solubile adesivo,Texture,pastoso e poco solubile. adesivo,4,41107
Texture::struttura mediamente dura friabile solubile granulosa pochi microcristalli,Texture,"struttura mediamente dura, friabile, solubile, granulosa, pochi microcristalli",4,41109
Texture::sabbioso e granuloso con cristalli,Texture,sabbioso-e granuloso con cristalli,4,41110
Spessore della Crosta::disomogenea sfumata spessore medio 11mm,Spessore della Crosta,Disomogenea sfumata Spessore medio 11mm,4,41111
Spessore della Crosta::su un piatto sfumata e piú spessa a tratti più sottile e definita,Spessore della Crosta,"Su un piatto sfumata e piú spessa, A tratti più sottile e definita,",4,41113
Spessore della Crosta::8 o meno,Spessore della Crosta,8 o meno,4,41116
Spessore della Crosta::spesso e sfumato,Spessore della Crosta,Spesso e sfumato,4,41117
Struttura della Pasta::finissima microocchiatura struttura regolare,Struttura della Pasta,Finissima Microocchiatura Struttura Regolare,4,41119
Struttura della Pasta::cessata che tende a sgretolarsi e disidratata verso l'esterno microocchiature inf 1,Struttura della Pasta,Cessata che tende a sgretolarsi e disidratata verso l'esterno microocchiature inf 1,4,41120
Struttura della Pasta::ovunque microocchiatura fine è rada struttura buona fine pare che verso un piatto la pasta sia più asciutta,Struttura della Pasta,"Ovunque Microocchiatura fine è rada, Struttura buona, fine, Pare che verso un piatto la pasta sia più asciutta,",4,41121
Struttura della Pasta::un poco' di microocchiatura,Struttura della Pasta,Un poco' di microocchiatura,4,41123
Struttura della Pasta::frattura abbastanza regolare microocchiatura molto diffusa cosi sottile che si potrebbe quasi non vedere,Struttura della Pasta,"Frattura abbastanza regolare, microocchiatura molto diffusa cosi sottile che si potrebbe quasi non vedere",4,41124
Struttura della Pasta::frattura regolare presenza di microocchiatura a tratti grana presente ma poco profilata,Struttura della Pasta,"Frattura regolare, presenza di microocchiatura a tratti, grana presente ma poco profilata",4,41125
Struttura della Pasta::frattura regolare presenza di impugnatura centrale superficie molto asciutta,Struttura della Pasta,"Frattura regolare, presenza di impugnatura centrale, superficie molto asciutta",4,41126
Colore della Pasta::leggermente carico al centro,Colore della Pasta,Leggermente carico al centro,4,41127
Colore della Pasta::abbastanza uniforme ma sottocrosta marrone con superficie biancastra,Colore della Pasta,Abbastanza uniforme ma sottocrosta marrone con superficie biancastra,4,41128
Colore della Pasta::aree di colore diverso,Colore della Pasta,Aree di colore diverso,4,41129
Colore della Pasta::leggermente sfumato verso l'esterno,Colore della Pasta,Leggermente sfumato verso l'esterno,4,41132
Colore della Pasta::giallo abbastanza omogeneo lieve alone centrale,Colore della Pasta,Giallo abbastanza omogeneo lieve alone centrale,4,41133
Colore della Pasta::paglierino molto scarico con riflessi grigi,Colore della Pasta,Paglierino molto scarico con riflessi grigi,4,41134
Profumo::vegetale e cotto/bruciato,Profumo,vegetale e cotto/bruciato,4,41136
Profumo::burro fresco panna buona intensità,Profumo,"Burro fresco, panna. Buona intensità",4,41137
Profumo::lattici cotti e tostati anche troppo decisi (caffè),Profumo,lattici cotti e tostati anche troppo decisi (caffè),4,41140
Profumo::intenso caramello latte cotto lieve nota bruciata,Profumo,"intenso, caramello, latte cotto, lieve nota bruciata",4,41141
Profumo::brodo formagio fuso e burro fusu,Profumo,"brodo, formagio fuso e burro fusu",4,41142
Sapore::piccante intensità medio bassa,Sapore,piccante intensità medio bassa,8,41143
Sapore::salato umami leggermente amaro,Sapore,salato umami leggermente amaro,4,41144
Sapore::amaro e piccante non dolce poco acido,Sapore,amaro e piccante. non dolce. poco acido,4,41145
Sapore::leggermente piccante e salato brucia la lingua,Sapore,leggermente piccante e salato. brucia la lingua,4,41147
Sapore::umami leggero amaro finale,Sapore,"umami, leggero amaro finale",4,41148
Sapore::sapidità' medio bassa dolcezza media umami medio basso piccantezza bassa abbastanza equilibrato,Sapore,"sapidità' medio bassa, dolcezza media, umami medio basso, piccantezza bassa, abbastanza equilibrato",4,41149
Sapore::nota amara iniziale persistenate segue un leggero piccate e la docezza,Sapore,nota amara iniziale persistenate segue un leggero piccate e la docezza,4,41150
Aroma::leggero sentore di cotto quasi bruciato,Aroma,"leggero sentore di cotto, quasi bruciato",4,41155
Aroma::caffellatte conferma gli odori,Aroma,"caffellatte, conferma gli odori",4,41156
Aroma::nota di caramello di pasticceria cotto dominante poco complesso,Aroma,"nota di caramello, di pasticceria, cotto dominante, poco complesso",4,41157
Aroma::cantina tostatura o fumo,Aroma,"cantina, tostatura o fumo",4,41158
Texture::cristalli di tirosina assenti friabilità e solubilità intensità bassa,Texture,cristalli di tirosina assenti;friabilità e solubilità intensità bassa,4,41159
Texture::morbido impasta qualche cristallo sol,Texture,morbido impasta qualche cristallo sol,4,41160
Texture::morbido cedevole al morso firabilità non piena non sento cristalli,Texture,"Morbido, cedevole al morso. Firabilità non piena. non sento cristalli",4,41161
Texture::compatto poco friabile poco granuloso poco solubile,Texture,"compatto, poco friabile, poco granuloso, poco solubile",4,41164
Texture::non molto dura friabile granulosa mediamentesolubile,Texture,"non molto dura, friabile, granulosa, mediamentesolubile",4,41165
Texture::la bocca è abbastanza polita,Texture,la bocca è abbastanza polita,4,41166
Spessore della Crosta::crosta sfumata disomogenea media 9mm,Spessore della Crosta,Crosta sfumata disomogenea Media 9mm,4,41167
Spessore della Crosta::spessore irregolare,Spessore della Crosta,Spessore irregolare,6,41169
Spessore della Crosta::crosta finissima ma unghia evidente,Spessore della Crosta,Crosta finissima ma unghia evidente,4,41171
Struttura della Pasta::un'area con microocchiatura frattura molto irregolare struttura grandiosa con aree tendente allo stirato,Struttura della Pasta,Un'area con Microocchiatura Frattura molto irregolare Struttura grandiosa con aree tendente allo stirato,4,41175
Struttura della Pasta::frattura a blocchi pasta stirata fitta microocchiature piccoli strappi sotto un piatto,Struttura della Pasta,Frattura a blocchi pasta stirata fitta microocchiature piccoli strappi sotto un piatto,4,41176
Struttura della Pasta::microocchiatura fine in diversi punti striature accennate che hanno differenti versi fratture,Struttura della Pasta,"Microocchiatura fine in diversi punti, Striature accennate che hanno differenti versi, Fratture,",4,41177
Struttura della Pasta::pasta leggermente stirata con microocchiatura,Struttura della Pasta,Pasta leggermente stirata con microocchiatura,4,41179
Struttura della Pasta::frattura non proprio regolare grana a tratti discreta in altri quasi stirata microocchiatura diffusa,Struttura della Pasta,"Frattura non proprio regolare, grana a tratti discreta, in altri quasi stirata, Microocchiatura diffusa",4,41180
Struttura della Pasta::frattura molto irregolare ma grana presente anche se grossolana presenza di microocchiatura a tratti,Struttura della Pasta,Frattura molto irregolare ma grana presente anche se grossolana presenza di microocchiatura a tratti,4,41181
Struttura della Pasta::spugnatura molto fine ma diffusa nella parte centrale della forma frattura inregolare,Struttura della Pasta,"Spugnatura molto fine, ma diffusa nella parte centrale della forma, Frattura inregolare",4,41182
Colore della Pasta::carico con alone e macchia diffusa rosata,Colore della Pasta,Carico con alone e macchia diffusa rosata,4,41184
Colore della Pasta::non omogeneo ed aloni rosa o marron,Colore della Pasta,Non omogeneo ed aloni rosa o marron,4,41185
Colore della Pasta::colore carico con alone centrale e qualche leggera macchia rosa,Colore della Pasta,Colore carico con alone centrale e qualche leggera macchia rosa,4,41187
Colore della Pasta::deciso alone centrale,Colore della Pasta,Deciso alone centrale,4,41188
Colore della Pasta::mediamente carico abbastanza omogeneo ma con lieve alone rosato,Colore della Pasta,Mediamente carico abbastanza omogeneo ma con lieve alone rosato,4,41189
Profumo::negativo intenistà alta,Profumo,negativo intenistà alta,4,41303
Profumo::acidi grassi,Profumo,acidi grassi,4,41304
Profumo::intensità leggero moderata bouquet floreale per lopiù anche vegetale molto delicato e elegante particolare,Profumo,"intensità leggero-moderata. Bouquet floreale per lopiù, anche vegetale. Molto delicato e elegante. Particolare",4,41305
Profumo::ossidato e punta di fermentato,Profumo,ossidato e punta di fermentato,4,41307
Profumo::cotti prevalenti quasi caffellatte,Profumo,"cotti prevalenti, quasi caffellatte",4,41308
Profumo::latte acido yogurt fermentato panna acida difettoso,Profumo,"latte acido, yogurt, fermentato, panna acida, difettoso",4,41309
Profumo::prevalente mente latte acido panna acida e brodo,Profumo,"prevalente mente latte acido, panna acida e brodo",4,41310
Sapore::piccante intenistà alta amaro intesità alta,Sapore,piccante intenistà alta;amaro intesità alta,4,41311
Sapore::amaro e piccante acre in gola,Sapore,amaro e piccante acre in gola,4,41312
Sapore::salato amaro non dolce poco umami,Sapore,"salato. Amaro. non dolce, poco umami",4,41313
Sapore::punta di piccante e salato,Sapore,punta di piccante e salato,4,41315
Sapore::umami amaro finale,Sapore,"umami, amaro finale",4,41316
Sapore::presenza di acidità' quasi rinfrescante difettoso,Sapore,"presenza di acidità', quasi rinfrescante, difettoso",4,41317
Sapore::pricipalmente acido segue il salato e piccante la nota dolce è quasi assente,Sapore,"pricipalmente acido, segue il salato e piccante, la nota dolce è quasi assente",4,41318
Aroma::troppi lattici cotti,Aroma,"troppi lattici cotti,",4,41324
Aroma::note lattiche fermentate ossiadto sapone,Aroma,"note lattiche fermentate, ossiadto, sapone",4,41325
Aroma::latte acido,Aroma,latte acido,4,41326
Texture::friabilità e solubilità alta granuli di tirosina presistenti,Texture,friabilità e solubilità alta;granuli di tirosina presistenti,4,41327
Texture::friabile si sgretola in bocca cristalli,Texture,friabile si sgretola in bocca cristalli,4,41328
Texture::umido freddo ciononostante friabile in una microstruttura fine sabbiosa lacia la bocca pulita cristalli presenti anche grossi,Texture,"Umido, freddo. Ciononostante friabile in una microstruttura fine, sabbiosa. Lacia la bocca pulita. Cristalli presenti, anche grossi.",4,41329
Texture::umido friabile strana cedevolezza assenza di cristalli,Texture,"umido, friabile, strana cedevolezza, assenza di cristalli",4,41332
Texture::cedevole poco consistente disaggregata ma solubile,Texture,"cedevole, poco consistente, disaggregata, ma solubile",4,41333
Texture::abbondanti cristalli il formaggio si scioglio rapidamente,Texture,"abbondanti cristalli, il formaggio si scioglio rapidamente",4,41334
Spessore della Crosta::disomogenea sfumata su un lato media 8mm,Spessore della Crosta,Disomogenea sfumata su un lato Media 8mm,4,41335
Spessore della Crosta::spesso sotto i 10 mm,Spessore della Crosta,Spesso sotto i 10 mm,4,41337
Struttura della Pasta::presenza microocchiatura ruvida,Struttura della Pasta,Presenza Microocchiatura RUVIDA,4,41343
Struttura della Pasta::grana grossolana e occhiatura fitta con effetto spugna,Struttura della Pasta,Grana grossolana e occhiatura fitta con effetto spugna,4,41344
Struttura della Pasta::microocchiatura in vasta zona anche di grosse dimensioni peccato perché la grana è omogenea e fine il taglio più che discreto,Struttura della Pasta,"Microocchiatura in vasta zona anche di grosse dimensioni, Peccato perché la grana è omogenea e fine, Il taglio più che discreto",4,41345
Struttura della Pasta::microcchiature evidenti,Struttura della Pasta,Microcchiature evidenti,4,41346
Struttura della Pasta::struttura dall' aspetto anomalo non granulosa ristrutturata presente occhiatura,Struttura della Pasta,"Struttura dall' aspetto anomalo, non granulosa, Ristrutturata, Presente occhiatura,",4,41347
Struttura della Pasta::granulosità decisa occhiatura anche di 3 mm soprattutto in mezza forma,Struttura della Pasta,"Granulosità decisa, occhiatura anche di 3 mm soprattutto in mezza forma,",4,41348
Struttura della Pasta::grana evidente ma con grani di tirosina grossi occhiatura a tratti diffusa,Struttura della Pasta,"Grana evidente ma con grani di tirosina grossi, occhiatura a tratti diffusa",4,41349
Struttura della Pasta::frattura regolare ma con impugnatura largamente diffusa su tutta la superficie con occhi fino a un massimo di 4mm,Struttura della Pasta,Frattura regolare ma con impugnatura largamente diffusa su tutta la superficie con occhi fino a un massimo di 4mm,4,41350
Colore della Pasta::colore aranciato ma uniforme,Colore della Pasta,Colore aranciato ma uniforme,4,41352
Colore della Pasta::rosa ai piatti e scalzi,Colore della Pasta,Rosa ai piatti e scalzi,4,41354
Colore della Pasta::colore chiaro ma pallido anomalo per il grana,Colore della Pasta,"Colore chiaro ma pallido, anomalo per il grana",4,41355
Colore della Pasta::omogeneo mediamente carico,Colore della Pasta,Omogeneo mediamente carico,6,41357
Colore della Pasta::paglierino carico con velature grige,Colore della Pasta,Paglierino carico con velature grige,4,41358
Profumo::in negativo spezzando i cubetti profumo brodo vegetale e di animale/letame intensità media,Profumo,in negativo spezzando i cubetti profumo brodo vegetale e di animale/letame intensità media,4,41359
"Profumo::alla prima olfazione sentore di formaggio ""altro"" fermentazione non tipica trentingrana poi si perde e resta un'intensità bassa",Profumo,"alla prima olfazione sentore di formaggio ""altro"". Fermentazione non tipica trentingrana. poi si perde e resta un'intensità bassa",4,41361
Profumo::leggero e quasi impercettibile,Profumo,leggero e quasi impercettibile,4,41363
Profumo::intenso e pungente all'apertura poi a tratti fermentato crosta di formaggio disomogeneo nei pezzi,Profumo,"intenso e pungente all'apertura, poi a tratti fermentato, crosta di formaggio, disomogeneo nei pezzi",4,41364
Profumo::mediamente intenso lieve nota propionica nota di acqua stagnante pozzo,Profumo,"mediamente intenso, lieve nota propionica, nota di acqua stagnante, pozzo",4,41365
Profumo::fruttato panna fieno e nota fermentata molto leggera,Profumo,"Fruttato, panna, fieno e nota fermentata molto leggera",4,41366
Sapore::acido intensità medio alta,Sapore,acido intensità medio alta,4,41367
Sapore::acido amaro leggero non dolce,Sapore,Acido. Amaro leggero. non dolce.,4,41369
Sapore::dolcezza medio alta sapidità' medio alta poco piccante umami marcato non molto equilibrato forse lieve retrogusto amaro,Sapore,"dolcezza medio alta, sapidità' medio alta, poco piccante, umami marcato, non molto equilibrato, forse lieve retrogusto amaro",4,41373
Sapore::sapidità pesistente ma non elevata,Sapore,sapidità pesistente ma non elevata,4,41374
Aroma::aroma di muffa/fungo/crosta intensità bassa (svanisce subito),Aroma,aroma di muffa/fungo/crosta intensità bassa (svanisce subito),4,41375
Aroma::lattici cotti tostati brodo di carne,Aroma,"lattici cotti, tostati, brodo di carne",4,41380
Aroma::lattico di panna note di nostrano propionico fruttato poco caratteristico,Aroma,"lattico di panna, note di nostrano, propionico, fruttato, poco caratteristico",4,41381
Aroma::poco intenso e persistente fruttato e lattico cotto,Aroma,poco intenso e persistente: fruttato e lattico cotto,4,41382
Texture::nessun cristallo di tirosina solubilità bassa friabilità bassa,Texture,nessun cristallo di tirosina;solubilità bassa;friabilità bassa,4,41383
Texture::asciutto poco friabile lascia residuo poco sol,Texture,asciutto poco friabile lascia residuo poco sol,4,41384
Texture::sotto il molare si fende in pezzi grossi struttura poco definita,Texture,Sotto il molare si fende in pezzi grossi. Struttura poco definita,4,41385
Texture::pastoso asciutto,Texture,"pastoso, asciutto",4,41387
Texture::non molto friabile tendente all'adesivo e poco solubile assenti i cristalli,Texture,"non molto friabile, tendente all'adesivo e poco solubile, assenti i cristalli",4,41388
Texture::mediamente dura granulosa ma con solubilità' medio bassa ricorda più\ un nostrano che un grana,Texture,"mediamente dura, granulosa ma con solubilità' medio bassa, ricorda più\ un nostrano che un grana",4,41389
Texture::ascitto sabbiosoe granuloso,Texture,"Ascitto, sabbiosoe granuloso",4,41390
Spessore della Crosta::disomogenea e sfumata spessore medio 10mm,Spessore della Crosta,Disomogenea e sfumata Spessore medio 10mm,4,41391
Spessore della Crosta::leggermente spessa,Spessore della Crosta,Leggermente spessa,8,41398
Struttura della Pasta::frattura irregolare struttura irregolare are disomogenea con aree tendenti allo stirato,Struttura della Pasta,Frattura irregolare Struttura irregolare!are disomogenea con aree tendenti allo stirato,4,41399
Struttura della Pasta::leggermente stirata con qualche frattura,Struttura della Pasta,Leggermente stirata con qualche frattura,4,41400
Struttura della Pasta::grana grossa ma anna omogenea frattura molto buona,Struttura della Pasta,"Grana grossa ma Anna omogenea, Frattura molto buona,",4,41401
Struttura della Pasta::frattura regolare grana fine presente uno spacco della pasta,Struttura della Pasta,"Frattura regolare, grana fine, Presente uno spacco della pasta!",4,41403
Struttura della Pasta::grana grossolana frattura regolare strappo,Struttura della Pasta,"Grana grossolana, frattura regolare, strappo",4,41404
Struttura della Pasta::grana molto grossolana poco profilata,Struttura della Pasta,Grana molto grossolana poco profilata,4,41405
Struttura della Pasta::frattura abbastanza regolare con una frattua di 4 5 cm,Struttura della Pasta,"Frattura abbastanza regolare, con una frattua di 4,5 cm",4,41406
Colore della Pasta::gialla con alone,Colore della Pasta,Gialla con alone,4,41408
Colore della Pasta::candido paglierino a tratti ma alone centrale appena più carico,Colore della Pasta,"Candido paglierino a tratti, ma alone centrale appena più carico",4,41409
Colore della Pasta::intenso ma abbastanza omogeneo,Colore della Pasta,Intenso ma abbastanza omogeneo,4,41412
Colore della Pasta::carico alone centrale più scuro,Colore della Pasta,Carico alone centrale più scuro,4,41413
Colore della Pasta::paglierino con riflessi grigi,Colore della Pasta,Paglierino con riflessi grigi,4,41414
Profumo::latte cotto intensità medio bassa,Profumo,latte cotto intensità medio bassa,4,41415
Profumo::burroso,Profumo,burroso,4,41419
Profumo::all'apertura anche fruttato dolce quasi banana poi solo lattici anche formaggio cotto,Profumo,"all'apertura anche fruttato dolce, quasi banana, poi solo lattici, anche formaggio cotto",4,41420
Profumo::poco intenso panna burro sciolto lieve nota proprionica poco intenso crosta di formaggio,Profumo,"poco intenso, panna, burro sciolto, lieve nota proprionica, poco intenso, crosta di formaggio",4,41421
Profumo::burro msciolto panna fresca fruttato e pane tostato,Profumo,"burro msciolto, panna fresca, fruttato e pane tostato",4,41422
Sapore::piccantino non persiste pieno,Sapore,"piccantino, non persiste. pieno",4,41425
Sapore::equilibrato non piccante,Sapore,"equilibrato, non piccante",4,41427
Sapore::dolcezza medio alta sapidità' media umami medio piccantezza media abbastanza equilibrato,Sapore,"dolcezza medio alta, sapidità' media, umami medio, piccantezza media, abbastanza equilibrato",4,41429
Sapore::sapidità prevalente seguita subito dalla docezza nel complesso abbastanza equilibrato,Sapore,"sapidità prevalente seguita subito dalla docezza, nel complesso abbastanza equilibrato",4,41430
Aroma::panna burro sciolto brodo lieve nota proprionica o di formaggio svizzero,Aroma,"panna, burro sciolto, brodo, lieve nota proprionica o di formaggio svizzero",4,41437
Aroma::principalmente sentori lattici latte cotto e fruttato,Aroma,"Principalmente sentori lattici, latte cotto e fruttato",4,41438
Texture::friabilità e solubilità intensità media granuli tirosina intesnità alta,Texture,friabilità e solubilità intensità media;granuli tirosina intesnità alta,4,41439
Texture::granuloso con cristalli friabile,Texture,granuloso con cristalli friabile,4,41440
Texture::morbido comunque friabile si scioglie in bocca,Texture,"morbido, comunque friabile. si scioglie in bocca",4,41441
Texture::ancora un poco umida ma solubile poco granulosa presenza media di microcristalli,Texture,"ancora un poco umida ma solubile, poco granulosa, presenza media di microcristalli",4,41445
Texture::presena di cristali minuti il formagio sparisce rapitamente in bocca,Texture,"Presena di cristali minuti, il formagio sparisce rapitamente in bocca",4,41446
Spessore della Crosta::disomogenea media almeno 10mm,Spessore della Crosta,Disomogenea Media ALMENO 10mm,4,41447
Spessore della Crosta::1 cm ma con tanta unghia sugli angoli,Spessore della Crosta,1 cm ma con tanta unghia sugli angoli,4,41451
Struttura della Pasta::disomogenea area sotto un piatto stirata,Struttura della Pasta,Disomogenea Area sotto un piatto stirata,4,41455
Struttura della Pasta::frattura irregolare grana un poco disomogenea cristalli bianchi piccoli e un occhio 6 mm microocchiatura,Struttura della Pasta,Frattura irregolare grana un Poco disomogenea cristalli bianchi piccoli e un occhio 6 mm microocchiatura,4,41456
Struttura della Pasta::qualche zona di microocchiatura c'è rada e fine buon taglio grana omogenea non fine non evoluta,Struttura della Pasta,"Qualche zona di microocchiatura c'è, rada e fine, Buon taglio, Grana omogenea, non fine, non evoluta",4,41457
Struttura della Pasta::struttura non omogenea stirata in parte,Struttura della Pasta,Struttura non omogenea stirata in parte,4,41459
Struttura della Pasta::non omogeneo microocchiatura diffusa un occhio di 6 mm,Struttura della Pasta,"Non omogeneo, Microocchiatura diffusa, un occhio di 6 mm,",4,41460
Struttura della Pasta::frattura ok pasta a tratti umida con microocchiatura a tratti stirata a tratti con grana fine,Struttura della Pasta,"Frattura ok, pasta a tratti umida con microocchiatura a tratti stirata a tratti con grana fine",4,41461
Struttura della Pasta::finissima impugnatura centrale con dittatura e un'occhio di circa 6 mm,Struttura della Pasta,"Finissima impugnatura centrale, con dittatura e un'occhio di circa 6 mm",4,41462
Colore della Pasta::colore giallo carico omogeneo,Colore della Pasta,Colore giallo carico omogeneo,4,41467
Colore della Pasta::omogeneo se pur carico,Colore della Pasta,Omogeneo se pur carico,4,41469
Colore della Pasta::paglierino carico uniformemente distribuito e leggero riflesso verde,Colore della Pasta,Paglierino carico uniformemente distribuito e leggero riflesso verde,4,41470
Profumo::animale e stalla intensità alta,Profumo,animale e stalla intensità alta,4,41471
Profumo::una botta di taleggio al primo olfatto poi il nulla,Profumo,una botta di taleggio al primo olfatto....poi il nulla,4,41473
Profumo::leggero non del tutto da grana,Profumo,"leggero, non del tutto da grana",4,41475
Profumo::assoluntamente non caratteristico a tratti putrido frutta fermentata,Profumo,"assoluntamente non caratteristico, a tratti putrido, frutta fermentata",4,41477
Profumo::prevalentemente brodo vegetale panna burro e verdure cotte,Profumo,"Prevalentemente brodo vegetale, panna, burro e verdure cotte",4,41478
Sapore::scarno addirittura poco salato fa emergere dolcezza,Sapore,"scarno. addirittura poco salato, fa emergere dolcezza",4,41481
Sapore::leggermente acido leggermente umami,Sapore,leggermente acido;leggermente umami,4,41482
Sapore::intenso ma non del tutto positivo,Sapore,"intenso, ma non del tutto positivo",4,41484
Sapore::lieve acidità' umami eccessivo poco equilibrato piccante evidente,Sapore,"lieve acidità', umami eccessivo, poco equilibrato, piccante evidente",4,41485
Sapore::nota acida iniziale nel complesso abbastanza equilibrato,Sapore,"nota acida iniziale, nel complesso abbastanza equilibrato",4,41486
Aroma::animale medio alto,Aroma,animale medio alto,4,41487
Aroma::crosta muffa,Aroma,crosta muffa,4,41488
Aroma::ancora taleggio/gorgonzola,Aroma,ancora taleggio/gorgonzola,4,41489
Aroma::non tipico del grana nostrano,Aroma,"non tipico del grana, nostrano",4,41491
Aroma::lattici cotti formaggio cotto crosta di grana leggero stantio finale,Aroma,"lattici cotti, formaggio cotto, crosta di grana, leggero stantio finale",4,41492
Aroma::non caratteristico di formaggio svizzero fruttato latte cotto,Aroma,"non caratteristico, di formaggio svizzero, fruttato, latte cotto",4,41493
Aroma::aroma lattico cotto poco intenso e ancormeno persistente,Aroma,aroma lattico cotto poco intenso e ancormeno persistente,4,41494
Texture::da sbrinz,Texture,da sbrinz;,4,41495
Texture::morbido poco granuloso poco sol,Texture,morbido poco granuloso poco sol,4,41496
Texture::morbido fondente struttura non definita rari cristalli,Texture,morbido. fondente. struttura non definita. rari cristalli,4,41497
Texture::poca grana e poca solubilità,Texture,poca grana e poca solubilità,4,41499
Texture::poco granulosa ancora umida legata poco solubile,Texture,"poco granulosa, ancora umida, legata, poco solubile",4,41501
Texture::il formaggio si scioglie completamente e velocemente in bocca,Texture,il formaggio si scioglie completamente e velocemente in bocca,4,41502
Spessore della Crosta::disomogenea e sfumata media 11mm,Spessore della Crosta,Disomogenea e sfumata Media 11mm,4,41503
Spessore della Crosta::larga agli scalzi,Spessore della Crosta,Larga agli scalzi,4,41506
Spessore della Crosta::ne grossa ne fine,Spessore della Crosta,Ne grossa ne fine,4,41510
Struttura della Pasta::stirata con microocchiature 1o 2 mm,Struttura della Pasta,Stirata con microocchiature 1o 2 mm,4,41512
Struttura della Pasta::microocchiatura neanche piccolissima pasta stirata non strutturata,Struttura della Pasta,"Microocchiatura neanche piccolissima, Pasta stirata, non strutturata",4,41513
Struttura della Pasta::presenza di microcchiature,Struttura della Pasta,Presenza di microcchiature,4,41514
Struttura della Pasta::stirata microocchiatura diffusa,Struttura della Pasta,"Stirata, microocchiatura diffusa",4,41516
Struttura della Pasta::difettosa stirata a tratti micro occhiatura,Struttura della Pasta,"Difettosa, stirata, a tratti micro occhiatura",4,41517
Struttura della Pasta::frattura regolare impugnatura presente e diffusa max 2mm la superficie si presenta molto asciutta,Struttura della Pasta,"Frattura regolare, impugnatura presente e diffusa, Max 2mm, la superficie si presenta molto asciutta",4,41518
Colore della Pasta::arancio carico,Colore della Pasta,Arancio carico,4,41519
Colore della Pasta::giallo molto con alone carico,Colore della Pasta,Giallo molto con alone carico,4,41520
Colore della Pasta::molto carico più chiaro sotto un piatto,Colore della Pasta,"Molto carico, più chiaro sotto un piatto",4,41524
Colore della Pasta::carico tendente al nocciola,Colore della Pasta,Carico tendente al nocciola,4,41525
Colore della Pasta::paglierino scarico con all'ufficio verdastri,Colore della Pasta,Paglierino scarico con all'ufficio verdastri,4,41526
Profumo::crosta di formaggio e brodo,Profumo,crosta di formaggio e brodo,4,42426
Profumo::ossidato vecchio,Profumo,"ossidato, vecchio",4,42429
Profumo::intenso nota fermentata frutta fermentata burro sciolto,Profumo,"intenso, nota fermentata, frutta fermentata, burro sciolto",4,42430
Profumo::insilato,Profumo,insilato,8,42431
Profumo::fruttato intenso (pesca),Profumo,fruttato intenso (pesca),4,42432
Sapore::amaro piccante acido sono i più evidenti manca di equilibrio e dolcezza,Sapore,"amaro, piccante, acido sono i più evidenti manca di equilibrio e dolcezza",4,42434
Sapore::motlo umami e piccante,Sapore,motlo umami e piccante,4,42439
Sapore::dolcezza media sapidità' medio bassa umami medio piccantezza medio bassa abbastanza equilibrato,Sapore,"dolcezza media, sapidità' medio bassa, umami medio, piccantezza medio bassa, abbastanza equilibrato",4,42440
Sapore::nota iniziale acida nel complesso abastanza equilibrato assenza del piccante,Sapore,"nota iniziale acida, nel complesso abastanza equilibrato assenza del piccante",4,42442
Aroma::tende a zero,Aroma,tende a zero,4,42444
Aroma::sentore di burro ma resta un poco di piccante,Aroma,"sentore di burro, ma resta un poco di piccante",4,42446
Aroma::crosta e ossidato bruciato,Aroma,"crosta e ossidato, bruciato",4,42449
Aroma::frutta tropicale ananas frutta matura quasi fermentata nota lattica di burro fuso,Aroma,"frutta tropicale, ananas, frutta matura, quasi fermentata, nota lattica di burro fuso",4,42450
Texture::friabile cristalli asciutto granuloso ma lascia residuo (farina) alla fine,Texture,friabile cristalli asciutto granuloso ma lascia residuo (farina) alla fine,4,42453
Texture::si frantuma bene sotto il molare buona microstruttura umido cristalli ce n'è,Texture,"si frantuma bene sotto il molare, buona microstruttura. umido. cristalli ce n'è",4,42454
Texture::buona friabilità' presenza di cristalli scarsa solubilità,Texture,"buona friabilità', presenza di cristalli, scarsa solubilità",4,42456
Texture::buona grana solubile,Texture,"buona grana, solubile",4,42458
Texture::moderatamente duro friabile grossolano abbastanza solubile parecchi cristalli,Texture,"moderatamente duro, friabile, grossolano, abbastanza solubile, parecchi cristalli",4,42459
Texture::mediamente granulosa mediamente umida pochi microcristalli solubilità' medio bassa,Texture,"mediamente granulosa, mediamente umida, pochi microcristalli, solubilità' medio bassa",4,42460
Texture::cristalli grana,Texture,cristalli grana,4,42461
Texture::bocca pulita,Texture,bocca pulita,8,42462
Spessore della Crosta::sempre sopra al cm,Spessore della Crosta,Sempre sopra al cm,4,42464
Spessore della Crosta::1 1 cm con spesso sottocrosta soprattutto sugli angoli,Spessore della Crosta,"1,1 cm con spesso sottocrosta soprattutto sugli angoli",4,42468
Spessore della Crosta::crosta sottile,Spessore della Crosta,Crosta sottile,4,42472
Struttura della Pasta::frattura regolare grana grossolana cristalli piccoli,Struttura della Pasta,Frattura regolare grana grossolana cristalli piccoli,4,42473
Struttura della Pasta::taglio molto buono grana regolare tendente al fine,Struttura della Pasta,Taglio molto buono. Grana regolare tendente al fine,4,42474
Struttura della Pasta::frattura regolare grana medio fine,Struttura della Pasta,"Frattura regolare,grana medio fine",4,42476
Struttura della Pasta::frattura regolare grana di dimensione media ma non omogenea,Struttura della Pasta,"Frattura regolare, grana di dimensione media ma non omogenea",4,42478
Struttura della Pasta::struttura granulosa frattura regolare,Struttura della Pasta,"Struttura granulosa, frattura regolare",4,42479
Struttura della Pasta::frattura regolare grana a tratti ben strutturata a tratti grossolana,Struttura della Pasta,"Frattura regolare, grana a tratti ben strutturata a tratti grossolana",4,42480
Struttura della Pasta::frattura regolare pasta granulosa assenza di occhiatura,Struttura della Pasta,Frattura regolare pasta Granulosa assenza di occhiatura,4,42482
Colore della Pasta::tendente al rosato con fascia più chiara,Colore della Pasta,Tendente al rosato con fascia più chiara,4,42483
Colore della Pasta::una porzione verso 1 piatto e uno scalzo è più chiara il resto comunque poco più saturo,Colore della Pasta,"Una porzione, verso 1 piatto e uno scalzo è più chiara. Il resto comunque poco più saturo",4,42484
Colore della Pasta::leggermente disomogeneo,Colore della Pasta,Leggermente disomogeneo,4,42487
Colore della Pasta::giallo abbastanza carico leggermente alonato,Colore della Pasta,"Giallo abbastanza carico, leggermente alonato",4,42489
Colore della Pasta::tendenzialmente carico più chiaro verso una faccia,Colore della Pasta,"Tendenzialmente carico,più chiaro verso una faccia",4,42490
Colore della Pasta::leggero alone colore tendente al chiaro,Colore della Pasta,Leggero alone colore tendente al chiaro,4,42491
Profumo::note di crosta ossidato e animale,Profumo,"note di crosta, ossidato e animale",4,42569
Profumo::poco intenso note lattiche deboli stantio,Profumo,"poco intenso, note lattiche deboli, stantio",4,42570
Profumo::leggermente di stalla,Profumo,leggermente di stalla,4,42571
Profumo::leggero sentore di crosta di formaggio latte acido e panna,Profumo,leggero sentore di crosta di formaggio latte acido e panna,4,42572
Sapore::umami e salato accentuati con una punta di acido,Sapore,"umami e salato accentuati, con una punta di acido",4,42579
Sapore::dolcezza media sapidità' medio alta umami medio piccantezza media abbastanza equilibrato forse un poco sapido,Sapore,"dolcezza media, sapidità' medio alta, umami medio, piccantezza media, abbastanza equilibrato, forse un poco sapido",4,42580
Sapore::nota acida iniziale segue il salato e il dolce,Sapore,"nota acida iniziale segue il salato, e il dolce",4,42582
Aroma::una punta acida e crosta,Aroma,una punta acida e crosta,4,42586
Aroma::erbaceo vegetale non del tutto tipico del grana,Aroma,"erbaceo, vegetale. non del tutto tipico del grana",4,42588
Aroma::burro ma amche lesso ossidato crosta,Aroma,"burro ma amche lesso, ossidato, crosta",4,42589
Aroma::note lattiche più\ pronunciate che al naso burro fuso fruttato,Aroma,"note lattiche più\ pronunciate che al naso, burro fuso, fruttato",4,42590
Aroma::lattico cotto tostato e leggero fruttato,Aroma,lattico cotto tostato e leggero fruttato,4,42592
Texture::umido e compatto cristalli poco sol,Texture,umido e compatto cristalli poco sol,4,42593
Texture::buona friabilità la microstruttura tende al fine pochi granuli ma presenti,Texture,"buona friabilità. la microstruttura tende al fine. pochi granuli, ma presenti",4,42594
Texture::friabile microstruttura presente cristalli ok solubile,Texture,"friabile, microstruttura presente, cristalli ok, solubile",4,42596
Texture::leggermente pastoso non troppo solubile,Texture,"leggermente. pastoso, non troppo solubile",4,42598
Texture::abbastanza morbido e friabile un poco' asciutto,Texture,"abbastanza morbido e friabile, un poco' asciutto,",4,42599
Texture::cedevole ancora umida non molto solubile,Texture,"cedevole, ancora umida, non molto solubile",4,42600
Texture::cristalli poca grana,Texture,cristalli poca grana,4,42601
Texture::si sciogliie bene,Texture,si sciogliie bene,4,42602
Spessore della Crosta::più evidente sotto un piatto,Spessore della Crosta,Più evidente sotto un piatto,4,42603
Spessore della Crosta::crosta difforme sii due piatti media 1cm,Spessore della Crosta,Crosta difforme sii due piatti. Media 1cm,4,42608
Spessore della Crosta::più spessa su un piatto,Spessore della Crosta,Più spessa su un piatto,8,42609
Spessore della Crosta::più marcata su un piatto,Spessore della Crosta,Più marcata su un piatto,4,42610
Spessore della Crosta::no scalzo risulta molto più sottile dell'altro crosta mediamente grossa,Spessore della Crosta,"No scalzo risulta molto più sottile dell'altro,crosta mediamente grossa",4,42612
Struttura della Pasta::numerosi piccoli strappi bella grana,Struttura della Pasta,Numerosi piccoli strappi bella grana,4,42613
Struttura della Pasta::tanti tagli fessure sottili in ogni verso grana non perfettamente omogenea frattura solo discreta,Struttura della Pasta,"Tanti tagli, fessure sottili in ogni verso. Grana non perfettamente omogenea. Frattura solo discreta",4,42614
Struttura della Pasta::frattura irregolare con crepe interne,Struttura della Pasta,Frattura irregolare con crepe interne,4,42616
Struttura della Pasta::diverse fratture,Struttura della Pasta,Diverse fratture,4,42617
Struttura della Pasta::grana grossa e omogenea ma sono presenti numerosi spacchi e sfoglie,Struttura della Pasta,Grana grossa e omogenea ma sono presenti numerosi spacchi e sfoglie,4,42618
Struttura della Pasta::frattura non regolare stirata con fessure,Struttura della Pasta,"Frattura non regolare, stirata, con fessure",4,42619
Struttura della Pasta::frattura ok pasta granulosa con grana non sempre ben definita presenza di spacco centrale,Struttura della Pasta,"Frattura ok, pasta granulosa con grana non sempre ben definita, presenza di spacco centrale",4,42620
Struttura della Pasta::tante fessure frattura grossolana grana grossolana,Struttura della Pasta,Tante fessure frattura grossolana Grana grossolana,4,42621
Struttura della Pasta::frattura abbastanza omogenea centralmente ha due grosse venditore di oltre 4 cm,Struttura della Pasta,"Frattura abbastanza omogenea, centralmente ha due grosse venditore di oltre 4 cm",4,42622
Colore della Pasta::colore carico tendente al grigio più chiaro sotto un piatto,Colore della Pasta,Colore carico tendente al grigio più chiaro sotto un piatto,4,42623
Colore della Pasta::non omogeneo comunque poco carico,Colore della Pasta,"Non omogeneo, comunque poco carico",4,42624
Colore della Pasta::alone scuro,Colore della Pasta,Alone scuro,4,42626
Colore della Pasta::giallo chiaro leggermente più carico in centro,Colore della Pasta,Giallo chiaro leggermente più carico in centro,4,42629
Colore della Pasta::carico con alone centrale più scuro,Colore della Pasta,Carico con alone centrale più scuro,4,42630
Colore della Pasta::carico alone centrale,Colore della Pasta,Carico alone centrale,4,42631
Profumo::leggero nessun difetto,Profumo,leggero. nessun difetto,4,42634
Profumo::leggero sentore di cotto e ossidato,Profumo,leggero sentore di cotto e ossidato,4,42638
Profumo::intensità media burro fuso latte cotto lieve nota di bruciato,Profumo,"intensità media, burro fuso, latte cotto, lieve nota di bruciato",4,42640
Profumo::fruttato e tostato leggereo lattio fresco,Profumo,fruttato e tostato leggereo lattio fresco,4,42642
Sapore::piccante acre in gola,Sapore,piccante acre in gola,6,42643
Sapore::acido non dolce manchevole di pienezza,Sapore,acido. non dolce. manchevole di pienezza,4,42644
Sapore::molto umami e leggermente piccante,Sapore,molto umami e leggermente piccante,4,42649
Sapore::dolce sapido umami medio piccantezza poco marcata,Sapore,"dolce sapido, umami medio, piccantezza poco marcata",4,42650
Sapore::non equilibrato amaro,Sapore,non equilibrato amaro,4,42651
Sapore::acidità iniziale unn poco pungente,Sapore,acidità iniziale unn poco pungente,4,42652
Aroma::leggero un poco da formaggio cotto,Aroma,leggero un poco da formaggio cotto,4,42653
Aroma::crosta cotto e ossidato,Aroma,"crosta, cotto e ossidato",4,42659
Aroma::lattico prevalente burro fuso latte cotto brodo di carne nota vegetale di fieno,Aroma,"lattico prevalente, burro fuso, latte cotto, brodo di carne, nota vegetale di fieno",4,42660
Aroma::formaggio fuso,Aroma,formaggio fuso,4,42662
Texture::granuloso cristalli piccoli sol,Texture,granuloso cristalli piccoli sol,4,42663
Texture::buona friabilità' microstruttura assente,Texture,"buona friabilità', microstruttura assente",4,42666
Texture::duro microstruttura grossolana asciutto non molto solubile parecchi cristalli,Texture,"duro, microstruttura grossolana, asciutto, non molto solubile, parecchi cristalli",4,42669
Texture::duro friabile granuloso solubile pochi microcristalli,Texture,"duro, friabile, granuloso, solubile, pochi microcristalli",4,42670
Texture::gommoso no grana,Texture,gommoso no grana,4,42671
Spessore della Crosta::più evidente su un lato e angoli,Spessore della Crosta,Più evidente su un lato e angoli,4,42673
Spessore della Crosta::abbastanza omogeneo leggermente più carico al centro,Spessore della Crosta,Abbastanza omogeneo leggermente più carico al centro,4,42680
Struttura della Pasta::frattura con profondi avvallamenti una strappo microocchiatura piccola molto fitta al ccentro,Struttura della Pasta,Frattura con profondi avvallamenti una strappo microocchiatura piccola molto fitta al ccentro,4,42683
Struttura della Pasta::frattura da bombardamento peccato perché grana buona fine è piuttosto omogenea,Struttura della Pasta,"Frattura da bombardamento. Peccato perché grana buona, fine è piuttosto omogenea",4,42684
Struttura della Pasta::gessata,Struttura della Pasta,Gessata,4,42685
Struttura della Pasta::frattura irregolare microocchiatura diffusa,Struttura della Pasta,"Frattura irregolare,Microocchiatura diffusa",4,42686
Struttura della Pasta::microocc una fornitura grossolana,Struttura della Pasta,"Microocc, una fornitura, grossolana",4,42687
Struttura della Pasta::qualche microocchio e uno spacco della pasta la struttura è media e regolare,Struttura della Pasta,Qualche microocchio e uno spacco della pasta. La struttura è media e regolare,4,42688
Struttura della Pasta::frattura irregolare leggera micro occhiatura,Struttura della Pasta,"Frattura irregolare,leggera micro occhiatura,",4,42689
Struttura della Pasta::brutta frattura presenza di microocchiatura in una porzione ma pasta granulosa,Struttura della Pasta,"Brutta frattura, presenza di microocchiatura in una porzione, ma pasta granulosa",4,42690
Struttura della Pasta::frattura profonda grana fine microocchiatura zona centrale fessura,Struttura della Pasta,Frattura profonda grana fine microocchiatura zona centrale fessura,4,42691
Struttura della Pasta::frattura non omogenea ma sfoglia di 3 cm molto granulosa,Struttura della Pasta,"Frattura non omogenea, ma sfoglia di 3 cm molto granulosa",4,42692
Colore della Pasta::carico abbastanza uniforme,Colore della Pasta,Carico Abbastanza uniforme,4,42693
Colore della Pasta::omogeneo chiaro quasi paglierino,Colore della Pasta,Omogeneo. Chiaro quasi paglierino,4,42694
Colore della Pasta::un poco' carico ma omogeneo a parte qualche leggerissima macchia rosata,Colore della Pasta,Un poco' carico ma omogeneo a parte qualche leggerissima macchia rosata,4,42698
Colore della Pasta::colore dal giallo chiaro leggermente grigio al giallo medio,Colore della Pasta,"Colore dal giallo chiaro, leggermente grigio, al giallo medio",4,42699
Colore della Pasta::mediamente carico abbastanza omogeneo,Colore della Pasta,"Mediamente carico, abbastanza omogeneo",4,42700
Colore della Pasta::omogenea tendente al chiaro,Colore della Pasta,Omogenea tendente al chiaro,4,42701
Colore della Pasta::paglierino carico omogeneamente distribuito,Colore della Pasta,Paglierino carico omogeneamente distribuito,4,42702
Profumo::buona intensità sentori lattei anche se poco freschi sentore di latte cotto burro comunque corretto,Profumo,"buona intensità. sentori lattei anche se poco freschi. sentore di latte cotto, burro. comunque corretto",4,42704
Profumo::burro e panna leggero brodo,Profumo,"burro e panna, leggero brodo",4,42706
Profumo::debole e poco percettibile si sente un sentore di erbaceo e leggero fermentato,Profumo,debole e poco percettibile. Si sente un sentore di erbaceo e leggero fermentato,4,42708
Profumo::leggero sentore di corsta di fromaggio e cotto più' burro,Profumo,"leggero sentore di corsta di fromaggio e cotto, più' burro",4,42709
Profumo::non molto intenso crosta di formaggio acqua stagnante pozzo di scarico note del nostrano,Profumo,"non molto intenso, crosta di formaggio, acqua stagnante, pozzo di scarico, note del nostrano",4,42710
Profumo::vegetale cipolla sedano,Profumo,"vegetale, cipolla sedano",4,42711
Profumo::fermentazione segue panna fruttato (floreale) e un legereo aroma che ricorda i prodotti da formo (biscotti),Profumo,"fermentazione, segue panna, fruttato (floreale) e un legereo aroma che ricorda i prodotti da formo (biscotti)",4,42712
Sapore::non piccante poco umami salino e acido,Sapore,non piccante. poco umami . salino e acido,4,42714
Sapore::leggermente acido raschia in gola,Sapore,"leggermente acido, raschia in gola",4,42718
Sapore::salato e umami ok niente amaro ma piuttosto acido,Sapore,"salato e umami ok, niente amaro ma piuttosto acido",4,42719
Sapore::dolcezza medio bassa sapidità' medio alta umami medio alto piccantezza media non molto equilibrato,Sapore,"dolcezza medio bassa, sapidità' medio alta, umami medio alto, piccantezza media, non molto equilibrato",4,42720
Sapore::persistenza bassa equilibrato piccante appena percettibile,Sapore,"persistenza bassa, equilibrato, piccante appena percettibile",4,42722
Aroma::piuttosto neutro,Aroma,piuttosto neutro,8,42726
Aroma::burro e leggero fogmaggio cotto,Aroma,burro e leggero fogmaggio cotto,4,42729
Aroma::note aromatiche più\ tipiche del nostrano che del grana formaggio cotto crosta di formaggio,Aroma,"note aromatiche più\ tipiche del nostrano che del grana, formaggio cotto, crosta di formaggio",4,42730
Texture::morbido asciutto con cristalli ma poco sol,Texture,morbido asciutto con cristalli ma poco sol,4,42733
Texture::morbido al morso microgranuli pochi ma fini,Texture,morbido al morso. microgranuli pochi ma fini.,4,42734
Texture::assenza di cristalli,Texture,assenza di cristalli,4,42735
Texture::friabile microstruttura poco presente cristalli ok,Texture,"friabile, microstruttura poco presente, cristalli ok",4,42736
Texture::comnpatta grana abbastanza fine piuttosto solubile pochissimi cristalli,Texture,"comnpatta, grana abbastanza fine, piuttosto solubile, pochissimi cristalli",4,42739
Texture::pasta poco coesa cedevole solubile,Texture,"pasta poco coesa, cedevole, solubile",4,42740
Texture::in bocca restano mdiversi granelli sabbiosi,Texture,in bocca restano mdiversi granelli sabbiosi,4,42742
Spessore della Crosta::sotto un piatto colore massiccio,Spessore della Crosta,Sotto un piatto colore massiccio,4,42743
Spessore della Crosta::limite non netto nel complesso piatti sottili,Spessore della Crosta,"Limite non netto, nel complesso piatti sottili",4,42744
Spessore della Crosta::crosta fine con sottocrosta poco evidente per il colore della pasta tuttavia la forma è piccola quindi sembra che la crosta sia spessa,Spessore della Crosta,Crosta fine con sottocrosta poco evidente per il colore della pasta. Tuttavia la forma è piccola quindi sembra che la crosta sia spessa,4,42748
Struttura della Pasta::frattura irregolare on striature nella grana,Struttura della Pasta,Frattura irregolare on striature nella grana,4,42753
Struttura della Pasta::frattura irregolare grandioso tendenza ad una direzione delle fibbre al centro ma non stirato,Struttura della Pasta,"Frattura irregolare. Grandioso. Tendenza ad una direzione delle fibbre al centro, ma non stirato.",4,42754
Struttura della Pasta::frattura irregolare striature centrali,Struttura della Pasta,"Frattura irregolare, striature centrali",4,42756
Struttura della Pasta::frattura non regolare pasta leggermente stirata in centro,Struttura della Pasta,"Frattura non regolare, pasta leggermente stirata in centro",4,42759
Struttura della Pasta::frattura abbastanza regolare pasta granulosa con evidenti andamenti striati,Struttura della Pasta,"Frattura abbastanza regolare, pasta granulosa con evidenti andamenti striati",4,42760
Struttura della Pasta::striature grana grossolana,Struttura della Pasta,Striature grana grossolana,4,42761
Struttura della Pasta::f non molto regolare p grossolana assenza di occhiatura,Struttura della Pasta,F. Non molto regolare p. Grossolana assenza di occhiatura,4,42762
Colore della Pasta::giallo carico ma abbastanza uniforme,Colore della Pasta,Giallo carico ma abbastanza uniforme,4,42763
Colore della Pasta::molto carico e omogenea,Colore della Pasta,Molto carico e omogenea,4,42768
Colore della Pasta::giallo carico quasi arancio,Colore della Pasta,Giallo carico quasi arancio,4,42769
Colore della Pasta::troppo carico,Colore della Pasta,Troppo carico,4,42770
Colore della Pasta::scuro carico,Colore della Pasta,Scuro carico,4,42771
Colore della Pasta::dorato,Colore della Pasta,Dorato,4,42772
Profumo::buona intensità cotto e tostato panna burro sciolto,Profumo,buona intensità. cotto e tostato. panna. burro sciolto,4,42774
Profumo::mela,Profumo,mela,4,42777
Profumo::non percesco particolari odori,Profumo,non percesco particolari odori,4,42779
Profumo::lattico dominante burro cotto burro sciolto poco intenso brodo,Profumo,"lattico dominante, burro cotto, burro sciolto, poco intenso. brodo",4,42780
Profumo::fermentazione percettibile latte cotto e burro sciolto,Profumo,"fermentazione percettibile, latte cotto e burro sciolto",4,42782
Sapore::piccante non persistente,Sapore,piccante non persistente,4,42784
Sapore::poco salato abbastanza neutro,Sapore,"poco salato, abbastanza neutro",4,42786
Sapore::quasi insapore,Sapore,quasi insapore,4,42789
Sapore::dolce medio sapidità' media umami medio alto piccantezza medio bassa equilibrato,Sapore,"dolce medio, sapidità' media, umami medio alto, piccantezza medio bassa, equilibrato",4,42790
Sapore::escuilibrato poco persistente,Sapore,escuilibrato poco persistente,4,42792
Aroma::latte cotto e burro bruciato,Aroma,latte cotto e burro bruciato,4,42796
Aroma::aroma non tipico del grana un poco' nostrano,Aroma,aroma non tipico del grana. un poco' nostrano,4,42798
Aroma::lattico di burro cotto brodo panna,Aroma,"lattico di burro cotto, brodo, panna",4,42800
Texture::morbido deformabile pochi cristalli poco solubile poco stagionato ),Texture,morbido deformabile pochi cristalli poco solubile poco stagionato ?),4,42803
Texture::morbido tende a impastare cristalli missing,Texture,morbido. tende a impastare. cristalli missing,4,42804
Texture::piuttosto morbido assenza di cristalli,Texture,"piuttosto morbido, assenza di cristalli",4,42806
Texture::morbido poco strutturato da grana giovane,Texture,"morbido, poco strutturato, da grana giovane",4,42809
Texture::poco dura umida poco solubile e poco granulosa,Texture,"poco dura, umida, poco solubile e poco granulosa",4,42810
Texture::bocca non pulita,Texture,bocca non pulita,4,42812
Spessore della Crosta::crosta molto fine con un poco' di unghia 0 8 cm,Spessore della Crosta,"Crosta molto fine con un poco' di unghia 0,8 cm",4,42818
Spessore della Crosta::frattura regolare molto granuloso,Spessore della Crosta,Frattura regolare molto granuloso,4,42822
Struttura della Pasta::frattura regolare e grana fine ma con striature,Struttura della Pasta,Frattura regolare e grana fine ma con striature,4,42823
Struttura della Pasta::disomogenea la struttura centro sx tende allo stirato centro dx migliore struttura ruotando la forma di 180° invertire sx con dx,Struttura della Pasta,Disomogenea la struttura. Centro sx tende allo stirato. Centro dx migliore struttura. Ruotando la forma di 180° invertire sx con dx,4,42824
Struttura della Pasta::frattura regolare leggermente striato,Struttura della Pasta,Frattura regolare leggermente striato,4,42826
Struttura della Pasta::zone leggermente stirate,Struttura della Pasta,Zone leggermente stirate,4,42827
Struttura della Pasta::grana fine forse in parte leggero stirata,Struttura della Pasta,Grana fine forse in parte leggero stirata,4,42828
Struttura della Pasta::struttura granulosa frattura abbastanza regolare assenza di particolari difetti,Struttura della Pasta,"Struttura granulosa, frattura abbastanza regolare, assenza di particolari difetti",4,42829
Struttura della Pasta::frattura ok grana poco profilata con andamenti striati presenza di lieve occhiatura,Struttura della Pasta,"Frattura ok, grana poco profilata con andamenti striati, presenza di lieve occhiatura",4,42830
Struttura della Pasta::stirata occhiatura grana grossolana,Struttura della Pasta,Stirata occhiatura Grana grossolana,4,42831
Colore della Pasta::chiaro leggero alone,Colore della Pasta,Chiaro leggero alone,4,42833
Colore della Pasta::più carico al centro di poco,Colore della Pasta,"Più carico al centro, di poco",4,42834
Colore della Pasta::non troppo carico e omogeneo,Colore della Pasta,Non troppo carico e omogeneo,4,42838
Colore della Pasta::giallo paglierino uniforme,Colore della Pasta,Giallo paglierino uniforme,4,42839
Colore della Pasta::abbastanza omogeneo lievemente più carico al centro,Colore della Pasta,Abbastanza omogeneo lievemente più carico al centro,4,42840
Colore della Pasta::tende a chiaro,Colore della Pasta,Tende a chiaro,4,42841
Colore della Pasta::omogeneo paglierino chiaro,Colore della Pasta,Omogeneo paglierino chiaro,4,42842
Profumo::tende ai sentori cotti tostato nocciola panna media intensità,Profumo,"tende ai sentori cotti, tostato, nocciola. panna. media intensità",4,42844
Profumo::latte e burro,Profumo,latte e burro,4,42846
Profumo::note di burro e panna,Profumo,note di burro e panna,4,42849
Profumo::poco intenso burro fuso poco complesso piatto,Profumo,"poco intenso, burro fuso, poco complesso, piatto",4,42850
Profumo::fruttato leggero tostato e brodo panna percettibile e poco verdure cotte,Profumo,"fruttato, leggero tostato e brodo, panna percettibile e poco verdure cotte",4,42852
Sapore::acido umami salato,Sapore,acido;umami;salato,4,42855
Sapore::salato e dolce,Sapore,salato e dolce,4,42858
Sapore::piccante appena percepibile e umami leggermente accentuato,Sapore,piccante appena percepibile e umami leggermente accentuato,4,42859
Sapore::sapidità' pronunciata umami medio alto lieve retrogusto amaro non molto equilibrio,Sapore,"sapidità' pronunciata, umami medio alto, lieve retrogusto amaro, non molto equilibrio",4,42860
Sapore::un poco sbilanciato il salato,Sapore,un poco- sbilanciato il salato,4,42861
Sapore::sapido e leggermente piccante nel complesso abbastanza ecquilibreto,Sapore,"sapido e leggermente piccante, nel complesso abbastanza ecquilibreto",4,42862
Aroma::buro burro fuso con note di formaggio cotto in coda,Aroma,"buro , burro fuso con note di formaggio cotto in coda",4,42869
Aroma::latte cotto burro fuso crosta di formaggio brodo lieve nota ossidata,Aroma,"latte cotto, burro fuso, crosta di formaggio, brodo, lieve nota ossidata",4,42870
Aroma::fruttato tostato panna e brodo,Aroma,fruttato tostato panna e brodo,4,42872
Texture::abbastanza duro e granuloso no cristalli poco sol lascia residuo farinoso,Texture,abbastanza duro e granuloso no cristalli poco sol lascia residuo farinoso,4,42873
Texture::bella friabilità non asciutto cristalli presenti liquefa a fine bocca ma non impasta,Texture,bella friabilità. non asciutto. cristalli presenti. liquefa a fine bocca ma non impasta,4,42874
Texture::friabile ma senza microstruttura pochi cristalli,Texture,"friabile ma senza microstruttura , pochi cristalli",4,42876
Texture::pastosa non grana,Texture,"pastosa, non grana",4,42878
Texture::duro e compatto grnana molto fine leggermente asciutto,Texture,"duro e compatto, grnana molto fine , leggermente asciutto",4,42879
Texture::mediamente dura granulosa ma con solubilità' medio bassa a tratti poco aggregata,Texture,"mediamente dura, granulosa ma con solubilità' medio bassa, a tratti poco aggregata",4,42880
Texture::la boca rimane abbastanza pulia,Texture,la boca rimane abbastanza pulia,4,42882
Spessore della Crosta::molto sottile a tratti,Spessore della Crosta,Molto sottile a tratti,4,42884
Spessore della Crosta::irregolare molto più spesso su uno scalzo,Spessore della Crosta,"Irregolare, molto più spesso su uno scalzo",4,42887
Struttura della Pasta::stirata con occhio da 8 mm,Struttura della Pasta,Stirata con occhio da 8 mm,4,42893
Struttura della Pasta::stirato in ampia zona centrale microocchiature diffusa,Struttura della Pasta,Stirato in ampia zona centrale. Microocchiature diffusa,4,42894
Struttura della Pasta::foro centrale evidente,Struttura della Pasta,Foro centrale evidente,4,42895
Struttura della Pasta::frattura regolare striato e con un occhio da 8mm,Struttura della Pasta,"Frattura regolare,striato e con un occhio da 8mm",4,42896
"Struttura della Pasta::stirata microocch una ""bolla",Struttura della Pasta,"Stirata, Microocch. , una ""bolla",4,42897
Struttura della Pasta::pasta stirata con bolla non granulosa,Struttura della Pasta,"Pasta stirata, con bolla, non granulosa",4,42899
Struttura della Pasta::stirata zona centrale occhio grande zone con microocchiatura grana presente,Struttura della Pasta,Stirata zona centrale occhio grande zone con microocchiatura grana presente,4,42901
Struttura della Pasta::regolare un occhio a centro da 7mm,Struttura della Pasta,Regolare un occhio a centro da 7mm,4,42902
Colore della Pasta::alone più scuro fascia rosa ad anello,Colore della Pasta,Alone più scuro fascia rosa ad anello,4,42903
Colore della Pasta::gessato,Colore della Pasta,Gessato,4,42905
Colore della Pasta::vistoso alone,Colore della Pasta,Vistoso alone,4,42906
Colore della Pasta::vasta area rosa disomogeneo,Colore della Pasta,"Vasta area rosa, disomogeneo",4,42907
Colore della Pasta::due fasce rosate e leggero alone centrale,Colore della Pasta,Due fasce rosate e leggero alone centrale,4,42908
Colore della Pasta::giallo non uniforme con venatura rosata,Colore della Pasta,Giallo non uniforme con venatura rosata,4,42909
Colore della Pasta::evidente alone centrale più scuro fascia rosata su un lato,Colore della Pasta,"Evidente alone centrale più scuro, fascia rosata su un lato",4,42910
Colore della Pasta::enorme macchia rosa vs un piatto alone centrale scuro solo ai lati verso i piatti un colore tendente al chiaro,Colore della Pasta,Enorme macchia rosa vs un piatto alone centrale scuro solo ai lati verso i piatti un colore tendente al chiaro,4,42911
Colore della Pasta::paglierino scarico,Colore della Pasta,Paglierino scarico,4,42912
Profumo::leggero caramello,Profumo,leggero caramello,4,44103
Profumo::fieno burro fuso,Profumo,"fieno, burro fuso",4,44104
Profumo::molto intenso burro e grana,Profumo,"molto intenso, burro e grana .......",4,44105
Profumo::no difetti ma non tipico,Profumo,no difetti ma non tipico,4,44110
Profumo::poco intenso ma anche note vegetali brodo vegetale,Profumo,"poco intenso ma anche note vegetali , brodo vegetale",4,44111
Profumo::latte cotto e brodo di carne cipolla,Profumo,"latte cotto e brodo di carne, cipolla",4,44114
Sapore::piccante predonderante,Sapore,piccante predonderante,4,44116
Sapore::equilibrio e note dolci sebene finale amorognolo peccato,Sapore,equilibrio e note dolci...sebene finale amorognolo .. peccato,4,44117
Sapore::delicato in tutto quasi scarno pochissimo umami l non percepisco dolce,Sapore,"delicato in tutto. quasi scarno, pochissimo umami.l non percepisco dolce",4,44123
Sapore::leggera nota amara,Sapore,leggera nota amara,8,44126
Aroma::leggero aroma vegetale/silos/ frutta troppo matura non ben definibile,Aroma,"leggero aroma vegetale/silos/ frutta troppo matura, non ben definibile",4,44127
Aroma::fieno,Aroma,fieno,6,44128
Aroma::cotto latte,Aroma,cotto latte,4,44130
Aroma::nota lattea non sentita all olfatto,Aroma,nota lattea non sentita all-olfatto,4,44135
Aroma::latte cotto cipolla,Aroma,"latte cotto, cipolla",4,44138
Texture::morbido pastoso grana molto fine e solubuile,Texture,"morbido, pastoso, grana molto fine e solubuile",4,44139
Texture::media stuttura con granuli e pastoso/poca umidità' ma discretooo,Texture,"media stuttura con granuli e pastoso/poca umidità', ma discretooo",4,44141
Texture::morbido poco granuloso cristalli,Texture,morbido poco granuloso cristalli,4,44142
Texture::morbido sufficientemente cedevole quindi friabile struttura fine cristalli presenti ma pochi,Texture,"morbido. sufficientemente cedevole, quindi friabile. struttura fine. cristalli presenti, ma pochi",4,44147
Texture::poca struttura in bocca leggermente cedevole poca granulosità,Texture,"poca struttura in bocca, leggermente cedevole, poca granulosità",4,44148
Spessore della Crosta::crosta sfumata scalzi e piatti media 9mm spigoli 1 8,Spessore della Crosta,"Crosta sfumata Scalzi e piatti media 9mm Spigoli 1,8",4,44151
Spessore della Crosta::non uniforme uno scalzo molto più grosso media 1,Spessore della Crosta,Non uniforme uno scalzo molto più grosso media 1,4,44162
Struttura della Pasta::non regolare granulosa,Struttura della Pasta,NON Regolare granulosa,4,44163
Struttura della Pasta::frattura regolare e grana media,Struttura della Pasta,Frattura regolare e grana media,4,44164
Struttura della Pasta::granulosa appena irregolare buona frattura,Struttura della Pasta,"Granulosa, appena irregolare. Buona frattura",4,44165
Struttura della Pasta::microocch un poco' disomogenea,Struttura della Pasta,"Microocch, un poco' disomogenea",4,44169
Struttura della Pasta::zona con sfoglia grana sottile,Struttura della Pasta,"Zona con sfoglia, grana sottile",4,44171
Struttura della Pasta::un poco di disomogeneità,Struttura della Pasta,Un Poco di disomogeneità,4,44172
Struttura della Pasta::grana grossa e struttura omogenea leggera stiratura,Struttura della Pasta,"Grana grossa e struttura omogenea, leggera stiratura..",4,44173
Struttura della Pasta::bella grana stirato centrale occhiata fine al centro,Struttura della Pasta,Bella grana stirato centrale occhiata fine al centro,4,44174
Colore della Pasta::fascie di alone più scuro concentriche più alone,Colore della Pasta,Fascie di alone più scuro concentriche più alone,4,44175
Colore della Pasta::evidente alone rosato,Colore della Pasta,Evidente alone rosato,4,44176
Colore della Pasta::bi colore,Colore della Pasta,Bi colore,4,44177
Colore della Pasta::alone centrale più intenso,Colore della Pasta,Alone centrale più intenso,4,44179
Colore della Pasta::parte centrale più scura,Colore della Pasta,Parte centrale più scura,4,44181
Colore della Pasta::anello sottocrosta chiaro,Colore della Pasta,Anello sottocrosta chiaro,4,44183
Colore della Pasta::alone centrale tendente al rosa,Colore della Pasta,Alone centrale tendente al rosa,4,44184
Colore della Pasta::giallo carico ma con aree verdognole nel piatto inferiore,Colore della Pasta,Giallo carico ma con aree verdognole nel piatto inferiore,4,44185
Colore della Pasta::zona scura al centro,Colore della Pasta,Zona scura al centro,4,44186
Profumo::fruttato floreale nocciola/tostato un poco troppo,Profumo,"fruttato, floreale, nocciola/tostato un poco- troppo",4,44189
Profumo::delicato e floreale latte cotto pane frutta secca tostata leggera,Profumo,"delicato e floreale. latte cotto, pane, frutta secca tostata leggera",4,44195
Profumo::note vegetali negative fermentate,Profumo,"note vegetali negative, fermentate",4,44196
Profumo::gradevole di latte ma leggero,Profumo,gradevole di latte ma leggero,4,44198
Sapore::punta di amaro,Sapore,punta di amaro,4,44199
Sapore::un p acido e amaro,Sapore,un p; acido e amaro,4,44200
Sapore::note amare in finale,Sapore,note amare in finale...,4,44201
Sapore::un poco salato e leggermente piccante,Sapore,un poco salato e leggermente piccante,4,44205
Sapore::salato pungente,Sapore,salato pungente,4,44206
Sapore::pungente con levita' amaro,Sapore,"pungente con levita', amaro",4,44207
Sapore::leggermente piccante in finale,Sapore,leggermente piccante in finale,4,44208
Sapore::piccantina ma equilibrata,Sapore,piccantina ma equilibrata,4,44210
Aroma::leggero sentore di bruciato,Aroma,leggero sentore di bruciato,4,44211
Aroma::strano burro,Aroma,"strano, burro",4,44213
Aroma::stallatico,Aroma,stallatico,4,44216
Aroma::stalla caramello,Aroma,"stalla, caramello",4,44218
Aroma::un pochett odi crosta di formaggio non pecepita alla prima olfazione,Aroma,un pochett odi crosta di formaggio non pecepita alla prima olfazione,4,44219
Aroma::tostato brodo,Aroma,"tostato, brodo,",4,44220
Texture::duro grana fine abbastanza solubile cristalli poco percepibili,Texture,"duro, grana fine, abbastanza solubile, cristalli poco percepibili",4,44223
Texture::mancanza di microstuttura e cristalli,Texture,mancanza di microstuttura e cristalli,4,44224
Texture::poco friabile asciutto pochi granuli,Texture,"poco friabile, asciutto, pochi granuli...",4,44225
Texture::morbido asciutto poco cristalli,Texture,morbido asciutto poco cristalli,4,44226
Texture::leggermente gommoso e asciutto,Texture,leggermente gommoso e asciutto,4,44227
Texture::buona friabilità ma asciutto alla deglutizione ingozza,Texture,"buona friabilità, ma asciutto alla deglutizione ingozza",4,44231
Texture::compatto non molto friabile e né solubile rimangono scagliette strane sotto i denti,Texture,"compatto, non molto friabile e né solubile, rimangono scagliette strane sotto i denti",4,44232
Texture::buona solubilità,Texture,buona solubilità,4,44234
Spessore della Crosta::sempre sopra il cm,Spessore della Crosta,Sempre sopra il cm.,4,44237
Struttura della Pasta::stirata con microocchiatura,Struttura della Pasta,Stirata con microocchiatura,4,44247
Struttura della Pasta::pasta stirata con frattura a arco fitta microocchiatura 1 mm,Struttura della Pasta,Pasta stirata con frattura a arco fitta Microocchiatura 1 mm,4,44248
Struttura della Pasta::microocchiatura abbondante tendente allo spugnoso sfumatura centrale,Struttura della Pasta,Microocchiatura abbondante tendente allo spugnoso. Sfumatura centrale,4,44249
Struttura della Pasta::molte microocchiatura,Struttura della Pasta,Molte microocchiatura,4,44250
Struttura della Pasta::presenza di micro porosità,Struttura della Pasta,Presenza di micro. Porosità,4,44251
Struttura della Pasta::spugnoso,Struttura della Pasta,Spugnoso,4,44252
Struttura della Pasta::microocc ampie zone stirate,Struttura della Pasta,"Microocc, ampie zone stirate",4,44253
Struttura della Pasta::poco granulosa stirata micro occhio poche ma diffuse,Struttura della Pasta,"Poco Granulosa, stirata, micro occhio poche ma diffuse",4,44254
Struttura della Pasta::stirata piatta e microocchiature,Struttura della Pasta,"Stirata, piatta e microocchiature",4,44255
Struttura della Pasta::stirato micro occhiatura taglio con vasca centrale,Struttura della Pasta,"Stirato, micro occhiatura, taglio con vasca centrale,",4,44256
Struttura della Pasta::molto brutta stirata e con microcchiature diffuse,Struttura della Pasta,Molto brutta. Stirata e con microcchiature diffuse,4,44257
Struttura della Pasta::liscia poca grana occhi anche grandi c'era anche un pelo dentro,Struttura della Pasta,Liscia poca grana occhi anche grandi c'era anche un pelo dentro,4,44258
Colore della Pasta::colore carico ma uniforme leggermente più chiaro sotto1piatto,Colore della Pasta,Colore carico ma uniforme leggermente più chiaro sotto1piatto,4,44260
Colore della Pasta::colore di base carico zona paglierino chiara verso un terzo,Colore della Pasta,"Colore di base carico. Zona paglierino, chiara verso un terzo",4,44261
Colore della Pasta::giallo intenso e zone più chiare,Colore della Pasta,Giallo intenso e zone più chiare,4,44267
Colore della Pasta::verde grigio verso la crosta non uniforme tende al carico,Colore della Pasta,Verde grigio verso la crosta non uniforme tende al carico,4,44270
Profumo::accenno di crosta,Profumo,accenno di crosta,4,44275
Profumo::intenso positivo tranne su un pezzetto leggermente fermentato,Profumo,intenso positivo tranne su un pezzetto leggermente fermentato,4,44278
Profumo::tra l'altro un poco' di cuoio animale,Profumo,tra l'altro un poco' di cuoio-animale,4,44279
Profumo::vegetale fermentato,Profumo,vegetale fermentato,4,44280
Profumo::brodo di carne,Profumo,brodo di carne,4,44282
Sapore::molto umami,Sapore,molto umami,4,44283
Sapore::salato non troppo piccante,Sapore,"salato, non troppo piccante",4,44284
Sapore::piuttosto saporito forse troppo,Sapore,"piuttosto saporito, forse troppo",4,44285
Sapore::salato leggermente acre in gola,Sapore,salato leggermente acre in gola,4,44286
Sapore::crosta abbastanza equilib dolce presente un poco' salato,Sapore,"crosta, abbastanza equilib, dolce presente un poco' salato",4,44290
Sapore::troppppppo sale,Sapore,troppppppo sale,4,44291
Sapore::piccantezza troppo umami,Sapore,"piccantezza , troppo umami",4,44294
Aroma::crosta formaggio cotto,Aroma,"crosta, formaggio cotto",4,44295
Aroma::burro pane,Aroma,burro pane,4,44296
Aroma::formaggio fritto,Aroma,formaggio fritto,4,44297
Aroma::frutta troppo matura ma solo inizialmente poi brodo animale e vegetale,Aroma,"frutta troppo matura, ma solo inizialmente, poi brodo animale e vegetale",4,44304
Aroma::latte cotto brodo carne,Aroma,"latte cotto, brodo carne",4,44306
Texture::abbastanza duro asciutto granafine solubile cristalli,Texture,"abbastanza duro, asciutto, granafine, solubile, cristalli",4,44307
Texture::pochi cristalli struttura non ben definita,Texture,"pochi cristalli, struttura non ben definita",4,44308
Texture::asciutto molti granuli media durezza,Texture,"asciutto, molti granuli... media durezza",4,44309
Texture::morbido e umido impasta cristalli,Texture,morbido e umido impasta cristalli,4,44310
"Texture::formaggio con pasta dura ""anomala"" legata alla pasta compatta dovuta ala struttura stirata tipo sbrinz presenza di cristalli di tirosina",Texture,"formaggio con pasta dura ""anomala"" legata alla pasta compatta dovuta ala struttura stirata tipo sbrinz;presenza di cristalli di tirosina",4,44312
Texture::morbido umido comunque friabile,Texture,"Morbido, umido. comunque friabile",4,44315
Texture::poco solubile molto granuloso,Texture,"poco solubile, molto granuloso",4,44316
Spessore della Crosta::media 10mm spigoli da 18mm,Spessore della Crosta,Media 10mm Spigoli da 18mm,4,44319
Spessore della Crosta::colore sottocrosta aranciato,Spessore della Crosta,Colore sottocrosta aranciato,4,44320
Spessore della Crosta::non omogeneo 11 mm,Spessore della Crosta,Non omogeneo.. 11 mm,4,44329
Spessore della Crosta::sopra 1,Spessore della Crosta,Sopra 1,4,44330
Struttura della Pasta::occhiatura centrale granulosa tendente allo stirato,Struttura della Pasta,Occhiatura centrale Granulosa tendente allo stirato,4,44331
Struttura della Pasta::microocchiatura centrale 1 o mm frattura regolare ma pasta con zone compatte stirata,Struttura della Pasta,"Microocchiatura centrale 1 o mm, frattura regolare ma pasta con zone compatte stirata",4,44332
Struttura della Pasta::occhiatura che tende al grande diametro una parte della pasta è lievemente stirata altra parte grandiosa di media finezza taglio perfetto,Struttura della Pasta,"Occhiatura che tende al grande diametro. Una parte della pasta è lievemente stirata, altra parte grandiosa di media finezza. Taglio perfetto",4,44333
Struttura della Pasta::presenta fori,Struttura della Pasta,Presenta fori,4,44335
Struttura della Pasta::striature e occhiature centrali,Struttura della Pasta,Striature e occhiature centrali,4,44336
Struttura della Pasta::microocch zone leggermente stirate,Struttura della Pasta,"Microocch, zone leggermente stirate",4,44337
Struttura della Pasta::un poco' stirata con occhiature nella zona centrale,Struttura della Pasta,"Un poco' stirata,con occhiature nella zona centrale",4,44338
Struttura della Pasta::occhiatura 2 mm grana un poco' rotondeggiante,Struttura della Pasta,"Occhiatura 2 mm,grana un poco' rotondeggiante",4,44339
Struttura della Pasta::occhiatura e piccoli strappi lieve dittatura disomogeneo nella 2 metà,Struttura della Pasta,"Occhiatura e piccoli strappi, lieve dittatura, disomogeneo nella 2 metà",4,44340
Struttura della Pasta::microocchiatura diffusa stirata e grana grossa,Struttura della Pasta,"Microocchiatura diffusa, stirata...e grana grossa",4,44341
Struttura della Pasta::due forme bella solo da un lato occhi anche grossi,Struttura della Pasta,Due forme bella solo da un lato occhi anche grossi,4,44342
Colore della Pasta::colore carico ma con 1 piatto più chiaro forse qualche macchia risata,Colore della Pasta,Colore carico ma con 1 Piatto più chiaro forse qualche macchia risata,4,44344
Colore della Pasta::alone più chiaro,Colore della Pasta,Alone più chiaro,4,44351
Colore della Pasta::intenso e di più sotto un piatto,Colore della Pasta,Intenso e di più sotto un piatto,4,44352
Colore della Pasta::giallo medio carico con aree nocciola,Colore della Pasta,Giallo medio carico con aree nocciola,4,44353
Colore della Pasta::macchie rosa giallo carico non uniforme,Colore della Pasta,Macchie rosa giallo carico non uniforme,4,44354
Profumo::burro fuso burro spezia,Profumo,"burro fuso, burro, spezia",4,44608
Profumo::grana tipico intenso,Profumo,grana tipico intenso...,4,44609
Profumo::leggermente fermentato,Profumo,leggermente fermentato,4,44614
Profumo::primo olfatto>puzza / come di altro formaggio non tipico trrentingrana svanisce poi non convince,Profumo,"primo olfatto>puzza / come di altro formaggio, non tipico trrentingrana. svanisce poi. non convince.",4,44615
Profumo::leggero vegetale cotto allo spezzare,Profumo,leggero vegetale cotto allo spezzare,4,44616
Profumo::latte fresco frutta tropicale,Profumo,latte fresco frutta tropicale,4,44618
Sapore::leggermente amaro manca come di struttura salato piccante ma non legati,Sapore,"leggermente amaro, manca come di struttura, salato ,piccante ma non legati",4,44620
Sapore::medio equilibrio con amarognolo finale,Sapore,medio equilibrio con amarognolo finale...,4,44621
Sapore::piccante sulla lingua moderatamente certamente amaro,Sapore,"piccante sulla lingua, moderatamente. certamente amaro",4,44627
Sapore::umami leggermente preponderante,Sapore,umami leggermente preponderante,4,44628
Sapore::leggermente piccante e nota amara ma non fastidiosi,Sapore,leggermente piccante e nota amara ma non fastidiosi,4,44630
Aroma::sentore di verdura lessa,Aroma,sentore di verdura lessa,4,44631
Aroma::burroso fumo/tostato,Aroma,"burroso, fumo/tostato",4,44633
Texture::morbido pastoso asciutto,Texture,"morbido, pastoso, asciutto,",4,44643
Texture::pochi cristalli strutturapresente,Texture,"pochi cristalli, strutturapresente",4,44644
Texture::troppo asciutto e poco solubile,Texture,troppo asciutto e poco solubile,4,44645
Texture::morbido poca grana qualche cristallo poco sol,Texture,morbido poca grana qualche cristallo poco sol,4,44646
Texture::molle con qualche granello di tirosina,Texture,MOLLE con qualche granello di tirosina,4,44648
Texture::tenero cristalli,Texture,tenero cristalli,4,44650
Texture::compatto leggermente umido adesivo,Texture,"compatto, leggermente umido, adesivo",4,44652
Spessore della Crosta::media 8mm spigoli da 15mm,Spessore della Crosta,Media 8mm Spigoli da 15mm,4,44655
Spessore della Crosta::mai inferiore al centimetro,Spessore della Crosta,Mai inferiore al centimetro,4,44657
Struttura della Pasta::evidente frattura 8 cm e altre più piccole pasta tendente allo stirato evidenti cristalli perle e microocchiatura,Struttura della Pasta,Evidente frattura 8 cm e altre più piccole pasta tendente allo stirato .evidenti cristalli perle e microocchiatura,4,44668
Struttura della Pasta::stirato al centro,Struttura della Pasta,Stirato al centro,4,44669
Struttura della Pasta::presenza di spaccature ),Struttura della Pasta,Presenza di spaccature :-),4,44671
Struttura della Pasta::sporadiche microsoft ampie zone stirate,Struttura della Pasta,"Sporadiche Microsoft, ampie zone stirate",4,44673
Struttura della Pasta::pasta stirata e grana piatta,Struttura della Pasta,Pasta stirata e grana piatta,4,44675
Struttura della Pasta::stirata strappo evidente e altri minori leggera micro occhiatura,Struttura della Pasta,"Stirata, strappo evidente e altri minori, leggera micro occhiatura",4,44676
Struttura della Pasta::stirata e con fessurazioni,Struttura della Pasta,Stirata e con fessurazioni,4,44677
Struttura della Pasta::spaccature poca struttura solchi netti plastica,Struttura della Pasta,Spaccature poca struttura solchi netti plastica,4,44678
Colore della Pasta::alone centrale on un sottoposto più bianco,Colore della Pasta,Alone centrale on un sottoposto più bianco,4,44680
Colore della Pasta::più chiaro verso uno scalzo,Colore della Pasta,Più chiaro verso uno scalzo,4,44681
Colore della Pasta::molto più chiaro verso gli scalzi,Colore della Pasta,Molto più chiaro verso gli scalzi,4,44685
Colore della Pasta::lateralmente più chiara,Colore della Pasta,Lateralmente più chiara,4,44687
Colore della Pasta::alone centrale più chiara sotto un piatto e uno scalzo,Colore della Pasta,"Alone centrale, più chiara sotto un piatto e uno scalzo",4,44688
Colore della Pasta::piuttosto chiara anche se a zone,Colore della Pasta,Piuttosto chiara anche se a zone,4,44689
Colore della Pasta::non uniforme alone scuro,Colore della Pasta,Non uniforme alone scuro,4,44690
Profumo::presenza di note un p di stalla insilato,Profumo,"presenza di note un p; di stalla, insilato",4,44692
Profumo::grana nocciola burro,Profumo,"grana, nocciola, burro",4,44693
Profumo::latte bruciato forse caramello vanilgia mah,Profumo,latte bruciato forse caramello vanilgia mah,4,44694
Profumo::intensità' decisamente scarsa,Profumo,intensità' decisamente scarsa,4,44695
Profumo::note mature latte cotto fieno,Profumo,note mature. latte cotto. fieno,4,44699
Profumo::cacao caffè tostato cuoio caramello soprattutto all'apertura del barattolo poi tostati più semplici e lattico cotto leggermente speziato,Profumo,"cacao, caffè, tostato, cuoio, caramello - soprattutto all'apertura del barattolo, poi tostati più semplici e lattico cotto, leggermente speziato",4,44700
Profumo::caramello latte cotto,Profumo,"caramello, latte cotto",4,44702
Sapore::quasi astringente asciug atroppo in bocca,Sapore,"quasi astringente, asciug atroppo in bocca",4,44704
Sapore::equilibrato e con note anche dolci,Sapore,equilibrato e con note anche dolci,4,44705
Sapore::punge,Sapore,punge,4,44710
Sapore::un poco salato percepisco amaro e acidità,Sapore,un poco salato. percepisco amaro e acidità,4,44711
Sapore::abbastanza equilibrato anche se percepisco una leggera nota di amaro,Sapore,abbastanza equilibrato anche se percepisco una leggera nota di amaro,4,44714
Aroma::tostato eccessivo,Aroma,tostato eccessivo,4,44715
Aroma::crosta di pane,Aroma,crosta di pane,4,44716
Aroma::non da grana emmental,Aroma,non da grana emmental,4,44722
Aroma::quasi bruciato liquirizia caramello legno,Aroma,"quasi bruciato, liquirizia, caramello, legno",4,44724
Texture::abbastanza duro umido grana fine solubile,Texture,"abbastanza duro, umido, grana fine, solubile",4,44727
Texture::poca microstruttura e cristalli,Texture,poca microstruttura e cristalli,4,44728
Texture::leggermente asciutto nel complesso bene,Texture,leggermente asciutto...nel complesso bene,4,44729
Texture::asciutto poco sol lascia residuo,Texture,asciutto poco sol lascia residuo,4,44730
Texture::una porzione è da pasta stirata,Texture,una porzione è da pasta stirata,4,44732
Texture::pastoso molto,Texture,pastoso molto,4,44734
Texture::un pochetto morbido al morso microastruttura carente,Texture,un pochetto morbido al morso. microastruttura carente,4,44735
Texture::leggera sabbiosità finale,Texture,leggera sabbiosità finale,8,44736
Spessore della Crosta::evidente media 11mm spigoli almeno 20mm,Spessore della Crosta,Evidente Media 11mm Spigoli almeno 20mm,4,44739
Spessore della Crosta::un lato crosta inferiore a1,Spessore della Crosta,Un lato crosta inferiore a1,4,44743
Spessore della Crosta::molto variabile e disomogenea media 12 mm,Spessore della Crosta,"Molto variabile e disomogenea, media 12 mm",4,44749
Struttura della Pasta::granulosa con area centrale stirata,Struttura della Pasta,Granulosa con area centrale stirata,4,44751
Struttura della Pasta::disomogenea con zona stirata al centro e grana media esterna,Struttura della Pasta,Disomogenea con zona stirata al centro e grana media esterna,4,44752
Struttura della Pasta::stirato al centro dove non stirato la struttura é anche fine,Struttura della Pasta,Stirato al centro. Dove non stirato la struttura é anche fine,4,44753
Struttura della Pasta::forte striature,Struttura della Pasta,Forte striature,4,44756
Struttura della Pasta::zone stirata grana quasi assente,Struttura della Pasta,"Zone stirata, grana quasi assente",4,44757
Struttura della Pasta::stirata centrale microocchiatura,Struttura della Pasta,Stirata centrale microocchiatura,4,44759
Struttura della Pasta::leggermente stirato al centro più grandioso sotto gli scalzi ma disomogeneo,Struttura della Pasta,"Leggermente stirato al centro, più grandioso sotto gli scalzi ma disomogeneo",4,44760
Struttura della Pasta::grossolana e stirata frattura variabile,Struttura della Pasta,Grossolana e stirata. Frattura variabile,4,44761
Struttura della Pasta::stirata poca grana cchi,Struttura della Pasta,Stirata poca grana cchi,4,44762
Colore della Pasta::alone centrale e 1 dei 2 sottoposto bianco,Colore della Pasta,Alone centrale e 1 dei 2 sottoposto bianco,4,44764
Colore della Pasta::centro più scura,Colore della Pasta,Centro più scura,4,44771
Colore della Pasta::alone centrale e diversità sotto i due piatti,Colore della Pasta,Alone centrale e diversità sotto i due piatti,4,44772
Colore della Pasta::giallo medio tendente al chiaro,Colore della Pasta,Giallo medio tendente al chiaro,4,44773
Colore della Pasta::alone centrale molto scuro zona laterale verde,Colore della Pasta,Alone centrale molto scuro zona laterale verde,4,44774
Profumo::burro fuso burro floreale,Profumo,"burro fuso, burro, floreale",4,44776
Profumo::tostaura evidente ma in genere equilibrato,Profumo,"tostaura evidente, ma in genere equilibrato",4,44777
Profumo::crosta fruttato mela,Profumo,"crosta, fruttato mela",4,44779
Profumo::formaggio maturo tendente alla sovramaturazione,Profumo,formaggio maturo tendente alla sovramaturazione,4,44780
Profumo::insilato negativo,Profumo,insilato negativo,4,44782
Profumo::crosta secco legno fieno,Profumo,"crosta. secco, legno, fieno",4,44783
Sapore::buon equilibrio un p piccante,Sapore,"buon equilibrio, un p; piccante",4,44788
Sapore::amaro amaro acidulo pure,Sapore,"amaro, amaro....acidulo pure",4,44789
Sapore::formaggio maturo tendente alla sovramaturazione grasso/dolce/amaro,Sapore,formaggio maturo tendente alla sovramaturazione;grasso/dolce/amaro,4,44792
Sapore::ammmmmaro acido e salatino squilibrio,Sapore,"ammmmmaro, acido e salatino. squilibrio",4,44795
Sapore::piccante pungente,Sapore,piccante pungente,4,44797
Sapore::piccante dolciastra acida,Sapore,"piccante, dolciastra, acida",4,44798
Aroma::gorgonzola non tipico acido disgustoso,Aroma,"gorgonzola...non tipico, acido, disgustoso",4,44801
Aroma::leggermente cotto,Aroma,leggermente cotto,4,44802
Aroma::formaggio maturo tendente alla sovramaturazione,Aroma,formaggio maturo tendente alla sovramaturazione,4,44804
Aroma::vecchio,Aroma,vecchio,6,44809
Aroma::latte acido fermentato,Aroma,"latte acido, fermentato",4,44810
Texture::morbido molti cristalli,Texture,"morbido, molti cristalli",4,44811
Texture::scarsa microstruttura e mancanza cristalli,Texture,scarsa microstruttura e mancanza cristalli,4,44812
Texture::troppo friabile asciutto,Texture,"troppo friabile, asciutto...",4,44813
Texture::granuloso cristalli evidenti solub,Texture,granuloso cristalli evidenti solub,4,44814
Texture::molti grani di tirosina,Texture,molti grani di tirosina,4,44816
Texture::estremamente friabile struttura fine quasi asciutto,Texture,"estremamente friabile, struttura fine. quasi asciutto",4,44819
Spessore della Crosta::crosta ben distinta dalla pasta media 8mm,Spessore della Crosta,Crosta ben distinta dalla pasta Media 8mm,4,44823
Spessore della Crosta::8 su 1 e 12 sullaltro,Spessore della Crosta,8 su 1 e 12 sullaltro,4,44824
Spessore della Crosta::su di un piatto molto fine perfetta sull'altro decisamente meno,Spessore della Crosta,"Su di un piatto molto fine, perfetta. Sull'altro decisamente meno",4,44825
Spessore della Crosta::10 11 più deciso su un piatto,Spessore della Crosta,10 11 più deciso su un piatto,4,44832
Spessore della Crosta::variabile ma nel complesso 8 mm,Spessore della Crosta,Variabile ma nel complesso 8 mm,4,44833
Spessore della Crosta::sotto ac1,Spessore della Crosta,Sotto ac1,4,44834
Struttura della Pasta::regolare frattura non perfetta,Struttura della Pasta,Regolare frattura non perfetta,4,44835
Struttura della Pasta::grana media frattura un poco irregolare evidenti cristalli,Struttura della Pasta,Grana media frattura un Poco irregolare evidenti cristalli,4,44836
Struttura della Pasta::frattura che mostra disomogeneità grana uniforme granulosa,Struttura della Pasta,Frattura che mostra disomogeneità. Grana uniforme granulosa,4,44837
Struttura della Pasta::regolare con sporadiche microocch,Struttura della Pasta,Regolare con sporadiche microocch,4,44841
Struttura della Pasta::granulosa frattura abbastanza regolare,Struttura della Pasta,"Granulosa, frattura abbastanza regolare",4,44842
Struttura della Pasta::microocchiature grana un poco' troppo scagliosa,Struttura della Pasta,"Microocchiature,grana un poco' troppo scagliosa",4,44843
Struttura della Pasta::grandiosità grossolana difforme sotto un piatto uno scalzo qualche piccolo strappo micro occhiatura centrale,Struttura della Pasta,"Grandiosità grossolana, difforme sotto un piatto uno scalzo, qualche piccolo strappo, micro occhiatura centrale",4,44844
Struttura della Pasta::bella grana grossa frattura media,Struttura della Pasta,Bella grana grossa...frattura media,4,44845
Struttura della Pasta::grana belle tende a grossolana zona bagnata e occhi,Struttura della Pasta,Grana belle tende a grossolana zona bagnata e occhi,4,44846
Colore della Pasta::presenza alone in prossimità della frattura non regolare,Colore della Pasta,Presenza alone in prossimità della frattura non regolare,4,44847
Colore della Pasta::netto alone rosato con macchie,Colore della Pasta,NEtto alone rosato con macchie,4,44848
Colore della Pasta::solo più carico il centro,Colore della Pasta,Solo più carico il centro,4,44849
Colore della Pasta::numerose macchie rosa colore disomogeneo,Colore della Pasta,"Numerose macchie rosa, colore disomogeneo",4,44853
Colore della Pasta::paglierino più carico verso il centro,Colore della Pasta,Paglierino più carico verso il centro,4,44854
Colore della Pasta::zona centrale più scura,Colore della Pasta,Zona centrale più scura,4,44855
Colore della Pasta::alone centrale con anello rosa più chiaro sotto un piatto e uno scalzo,Colore della Pasta,"Alone centrale con anello rosa, più chiaro sotto un piatto e uno scalzo",4,44856
Colore della Pasta::giallo medio carico con qualche zona rosa,Colore della Pasta,Giallo medio carico con qualche zona rosa,4,44857
Colore della Pasta::macchie rosa non uniforme new al chiaro,Colore della Pasta,Macchie rosa non uniforme New al chiaro,4,44858
Profumo::leggero ma delicatamente delizioso nelle note lattee panna,Profumo,"leggero, ma delicatamente delizioso nelle note lattee, panna",2,46122
Profumo::intensità' elevata di burro fuso burro,Profumo,"intensità' elevata, di burro fuso, burro,",2,46123
Profumo::profumo leggero,Profumo,profumo leggero,2,46126
Profumo::panna latte lievemente cotto burro fresco,Profumo,"panna, latte lievemente cotto, burro fresco,",2,46127
Profumo::poco complesso ma pulito panna latte cotto burro fuso mancano le note evolute,Profumo,"poco complesso ma pulito, panna, latte cotto, burro fuso, mancano le note evolute",2,46128
Profumo::da grana tipico leggermete tostato pero=,Profumo,"da grana tipico, leggermete tostato pero=",2,46129
Profumo::inteso panna burro fuso leggermete speziato e tostato,Profumo,inteso panna burro fuso leggermete speziato e tostato,2,46130
Sapore::dolce sapido con buona sapidità' umami equilibrato piccantezza ok un poco marcata,Sapore,"dolce sapido con buona sapidità', umami equilibrato, piccantezza ok un poco marcata",2,46131
Sapore::amaro salato e dolciastro,Sapore,amaro salato e dolciastro,2,46134
Sapore::abbastanza equilibrato sapido e poco o nulla piccante,Sapore,"abbastanza equilibrato, sapido e poco o nulla piccante",2,46136
Sapore::buon equilibrio tra salato e piccante con una nota da umami non eccedente,Sapore,buon equilibrio tra salato e piccante con una nota da umami non eccedente,2,46137
Aroma::rispetto al naso meno carenti le note evolute del glutammato rimangono le note lattiche della panna e del burro fuso equilibrato,Aroma,"rispetto al naso, meno carenti le note evolute del glutammato, rimangono le note lattiche della panna e del burro fuso, equilibrato",2,46143
Aroma::leggermente ossidato,Aroma,leggermente ossidato,2,46147
Aroma::medio positivo panna nocciola,Aroma,"medio positivo panna, nocciola",2,46148
Aroma::retrogusto di talla,Aroma,Retrogusto di talla,2,46150
Aroma::poco persistente,Aroma,poco persistente,2,46151
Texture::piuttosto umida poco granulosa ma solubile,Texture,"piuttosto umida, poco granulosa ma solubile",2,46155
Texture::asciutto pastoso poca grana lascia sabbia in bocca,Texture,asciutto pastoso poca grana lascia sabbia in bocca,2,46158
Texture::cristalli di tirosina percepibili come la grana,Texture,cristalli di tirosina percepibili come la grana,2,46159
Texture::buona pastosita e nel contempo durezza media e non asciutto,Texture,buona pastosita e nel contempo durezza media e non asciutto,2,46160
Texture::buona granulometria struttura micro equilibrata con i cristalli,Texture,buona granulometria struttura micro equilibrata con i cristalli,2,46161
Texture::poca microstruttura morbido ciononostante crea secchezza delle fauci,Texture,"Poca microstruttura. Morbido, ciononostante crea secchezza delle fauci",2,46162
Texture::umido,Texture,umido,2,46163
Spessore della Crosta::spigoli accentuati da circa 2cm spessore medio 1cm,Spessore della Crosta,Spigoli accentuati da circa 2cm spessore medio 1cm,2,46167
Spessore della Crosta::1 2 su 1 lato 1 4 sull'altro netto colore sottocrosta,Spessore della Crosta,"1,2 su 1 lato 1,4 sull'altro netto colore sottocrosta",2,46168
Spessore della Crosta::superiore ai 14 km sempre,Spessore della Crosta,"Superiore ai 14 km, sempre",2,46170
Spessore della Crosta::disomogeneo e superiore a 10 mm,Spessore della Crosta,Disomogeneo e superiore a 10 mm,2,46171
Spessore della Crosta::piatti sottili,Spessore della Crosta,Piatti sottili,2,46172
Spessore della Crosta::12mm,Spessore della Crosta,12mm,2,46174
Spessore della Crosta::10 11 mm,Spessore della Crosta,10 11 mm,2,46175
Spessore della Crosta::crosta evidente per colore ma sottile 10mm,Spessore della Crosta,"Crosta evidente per colore, ma sottile, 10mm",2,46176
Spessore della Crosta::non omogenea suk lati media maggiore di 1 2 cm,Spessore della Crosta,Non omogenea suk lati media maggiore di 1.2 cm,2,46177
Struttura della Pasta::trans evidenti te ma non omogenea area con microocchiatura regolare struttura leggermente simili stirata,Struttura della Pasta,Trans evidenti te ma non omogenea Area con microocchiatura regolare Struttura leggermente simili stirata,2,46179
Struttura della Pasta::striature radiali buona la grana con frattura che indica di dom nella pasta,Struttura della Pasta,Striature radiali buona la grana con frattura che indica di dom nella pasta,2,46180
Struttura della Pasta::struttura setata anche se non proprio omogenea,Struttura della Pasta,Struttura setata anche se non proprio omogenea,2,46181
Struttura della Pasta::granulosa stiratura centrale,Struttura della Pasta,"Granulosa, stiratura centrale",2,46182
Struttura della Pasta::zona centrale stirata,Struttura della Pasta,Zona centrale stirata,2,46185
Struttura della Pasta::stirata in centro e verso un piatto disomogenea,Struttura della Pasta,"Stirata in centro e verso un piatto, disomogenea",2,46187
Struttura della Pasta::frattura non bella grana abbastanza fine ma con striature evidenti,Struttura della Pasta,"Frattura non bella, grana abbastanza fine ma con striature evidenti",2,46188
Struttura della Pasta::stiratura e grana media anche fine,Struttura della Pasta,Stiratura e grana media anche fine,2,46189
Colore della Pasta::disomogeneo concentrarti al centro,Colore della Pasta,Disomogeneo concentrarti al centro,2,46191
Colore della Pasta::colorazione omogenea su tutta la sezione,Colore della Pasta,Colorazione omogenea su tutta la sezione,2,46194
Colore della Pasta::non omogeneo chiaro ai bordi,Colore della Pasta,Non omogeneo chiaro ai bordi,2,46196
Colore della Pasta::un angolo più chiaro,Colore della Pasta,Un angolo più chiaro,2,46198
Colore della Pasta::lato crosta scuro,Colore della Pasta,Lato crosta scuro,2,46199
Profumo::panna leggermente cotto,Profumo,panna leggermente cotto,2,46204
Profumo::aroma non molto intenso e complesso quasi una nota di emmental che pero' non considero nel pu nteggio perch[ non sicuro,Profumo,aroma non molto intenso e complesso. quasi una nota di emmental che pero' non considero nel pu nteggio perch[ non sicuro,2,46206
Profumo::burro e burro fuso latte fresco,Profumo,"burro e burro fuso, latte fresco",2,46207
Profumo::solo spezzando i pezzi e al momento della frattura si avverte puzza di marcio putrido che x lo più se ne va asciugamdosi,Profumo,"solo spezzando i pezzi e al momento della frattura si avverte puzza di marcio putrido, che x lo più se ne va asciugamdosi",2,46211
Profumo::note fruttate poco caratteristiche mancano i descrittori tipici come il burro fuso il fieno il brodo c [ la panna ed il latte cotto,Profumo,"note fruttate poco caratteristiche, mancano i descrittori tipici come il burro fuso, il fieno, il brodo, c-[ la panna ed il latte cotto",2,46212
Profumo::note positive ma tostatura leggerm invadente,Profumo,note positive ma tostatura leggerm invadente,2,46213
Profumo::panna e burro fuso molto presenti segue il tostatofruttato e il brodo di carne,Profumo,"Panna e burro fuso molto presenti, segue il tostatofruttato e il brodo di carne",2,46214
Sapore::dolcezza marcata sapidità ok scarso umami poco piccante lievissimo amaro,Sapore,"dolcezza marcata, sapidità ok, scarso umami, poco piccante, lievissimo amaro",2,46215
Sapore::leggermente piccante quasi bruciante sulla lingua sapido,Sapore,"leggermente piccante, quasi bruciante sulla lingua. Sapido",2,46216
Sapore::salato troppo prevalente,Sapore,salato troppo prevalente,2,46220
Sapore::un poco tropposalato m aequi librio in bocca,Sapore,"un poco tropposalato, m aequi;librio in bocca",2,46221
Sapore::sembra un formaggio più' vecchio scarno e pungente,Sapore,Sembra un formaggio più' vecchio. Scarno e pungente.,2,46222
Sapore::tanto umami,Sapore,tanto umami,2,46225
Sapore::salato e un poco piccante alla fine,Sapore,salato e un poco piccante alla fine,2,46226
Aroma::poco caratteristico come al naso ricorda i formaggi svizzeri forse un poco più presente il burro fuso rispetto al naso,Aroma,"poco caratteristico come al naso, ricorda i formaggi svizzeri, forse un poco più presente il burro fuso rispetto al naso",2,46227
Aroma::medio con qualche nota retroolfatt da formaggio e brodo,Aroma,"medio, con qualche nota retroolfatt da formaggio e brodo",2,46232
Aroma::cuoio pepe crosta di grana,Aroma,"cuoio, pepe, crosta di grana",2,46238
Texture::umida ancora elastica poco granulosa poco solubile,Texture,"umida, ancora elastica, poco granulosa, poco solubile",2,46239
Texture::asciutto pastoso sol,Texture,asciutto pastoso sol,2,46242
Texture::pochi cristalli di tirosina,Texture,pochi cristalli di tirosina,4,46243
Texture::troppo pastoso asciutto e farinoso,Texture,"troppo pastoso, asciutto e farinoso",2,46244
Texture::friabile poco struttura e qualche cristallo,Texture,"friabile, poco struttura e qualche cristallo",2,46245
Texture::asciutto asciuga la bocca,Texture,"asciutto, asciuga la bocca",2,46246
Texture::asciutto friabile grana fine,Texture,"asciutto, friabile, grana fine",2,46250
Spessore della Crosta::spigoli dai 15 ai 22mm piatti dai 8 ai 11mm crosta di spessore non omogeneo media 12mm il colore della crosta è evidente e con note verdi,Spessore della Crosta,Spigoli dai 15 ai 22mm Piatti dai 8 ai 11mm Crosta di spessore non omogeneo Media 12mm Il colore della crosta è evidente e con note verdi,2,46251
Spessore della Crosta::3 lati su 4 molto spessa,Spessore della Crosta,3 lati su 4 molto spessa.,2,46254
Spessore della Crosta::crosta di 0 5,Spessore della Crosta,"Crosta di 0,5",2,46255
Spessore della Crosta::1 1cm,Spessore della Crosta,"1,1cm",2,46258
Spessore della Crosta::un poco spessa 11mm,Spessore della Crosta,"Un Poco spessa, 11mm",2,46260
Spessore della Crosta::abbastanza irregolare con media maggiore di 1 1 cm,Spessore della Crosta,Abbastanza irregolare con media maggiore di 1.1 cm,2,46261
Struttura della Pasta::non regolare grossolana presenza di aree tendenti allo stirato,Struttura della Pasta,Non regolare Grossolana Presenza di aree tendenti allo stirato,2,46263
Struttura della Pasta::stirata con qualche piccola frattura,Struttura della Pasta,Stirata con qualche piccola frattura,2,46264
Struttura della Pasta::lieve micro stiratura buona frattura in certe zone la struttura sembra mancare per ciò abbasso la valutazione,Struttura della Pasta,"Lieve micro stiratura. Buona frattura. In certe zone la struttura sembra mancare, per ciò abbasso la valutazione",2,46266
Struttura della Pasta::plastica omogenea un poco versata e un poco stirata,Struttura della Pasta,Plastica omogenea !un Poco versata e un Poco stirata,2,46267
Struttura della Pasta::due punti di essudato,Struttura della Pasta,Due punti di essudato,2,46268
Struttura della Pasta::zone stirate macchie bianche con essudato,Struttura della Pasta,"Zone stirate, macchie bianche con essudato",2,46269
Struttura della Pasta::struttura in un punto strappo poca grana,Struttura della Pasta,"Struttura in un punto, strappo poca grana",2,46271
Struttura della Pasta::bel giallo omogeneo quasi nocciola forse troppo carico,Struttura della Pasta,Bel giallo omogeneo quasi nocciola forse troppo carico,2,46272
Struttura della Pasta::grana grossolana ma omogeneità,Struttura della Pasta,Grana grossolana ma omogeneità,2,46273
Colore della Pasta::giallo abbastanza carico più chiaro vicino allo scalzo,Colore della Pasta,"Giallo abbastanza carico, più chiaro vicino allo scalzo",2,46276
Colore della Pasta::più chiaro vicino scalzi,Colore della Pasta,Più chiaro vicino scalzi,2,46280
Profumo::forte persistente formaggio stagionato,Profumo,forte persistente formaggio stagionato....,2,46287
Profumo::strinato,Profumo,strinato,2,46288
Profumo::essenziale poco latte note vegetali fieno,Profumo,"essenziale. poco latte. note vegetali, fieno",2,46290
Profumo::latte leggero burro e crosta di formaggio,Profumo,"latte,leggero burro e crosta di formaggio",2,46291
Profumo::poco intenso fermentato,Profumo,"poco intenso, fermentato",2,46294
Profumo::cotti molto speziato tipo pepe animale polveroso crosta vecchia,Profumo,"cotti molto, speziato tipo pepe, animale, polveroso, crosta vecchia",2,46295
Profumo::poco armonico crosta di formaggio stantio,Profumo,"poco armonico, crosta di formaggio, stantio",2,46296
Profumo::burro fiore grana piacevole,Profumo,"burro, fiore, grana ...piacevole",2,46297
Profumo::panna latte cotto burro brodo di carne,Profumo,panna latte cotto burro brodo di carne,2,46298
Sapore::piccante quasi bruciante,Sapore,"piccante, quasi bruciante",2,46299
Sapore::un poco' astringente,Sapore,un poco' astringente,2,46300
Sapore::tentende piccante e amaro,Sapore,tentende piccante e amaro,2,46303
Sapore::sale e umami prevalenti,Sapore,sale e umami prevalenti,2,46304
Sapore::scarso in tutto,Sapore,scarso in tutto,2,46305
Sapore::sale,Sapore,sale,2,46306
Sapore::salato e grasso,Sapore,salato e grasso,2,46307
Sapore::leggermente salato umami in evidenza,Sapore,"leggermente salato, umami in evidenza",2,46308
Sapore::leggermente acido nel complesso equilibrato poco picccante,Sapore,"leggermente acido nel complesso equilibrato, poco picccante",2,46309
Sapore::piccantino finale umami,Sapore,"piccantino finale, umami",2,46310
Aroma::difettoso stantio legno crosta di formaggio secca,Aroma,"difettoso, stantio, legno, crosta di formaggio secca",2,46311
Aroma::stantio tostato forte animale,Aroma,"stantio, tostato forte, animale",2,46315
Aroma::crosta da grana vecchio speziato animale,Aroma,"crosta, da grana vecchio, speziato, animale",2,46322
Texture::evidentemente asciutta ma granulosa solubile,Texture,"evidentemente asciutta, ma granulosa, solubile",2,46323
Texture::poco solubile pastoso,Texture,"poco solubile, pastoso",2,46324
Texture::morbido con cristalli aciutto all inizio ma poi solubile,Texture,morbido con cristalli aciutto all-inizio ma poi solubile,2,46326
Texture::cristalli tirosina percepibili e grana persistente,Texture,cristalli tirosina percepibili e grana persistente,2,46327
Texture::bella presenza di grabuli pastosita e umidità ok,Texture,"bella presenza di grabuli, pastosita e umidità OK",2,46328
Texture::senza granumelotria e cristalli,Texture,senza granumelotria e cristalli,2,46329
Texture::friabile un pochetto asciutto cristalli molti anche grossi,Texture,"friabile, un pochetto asciutto, cristalli molti, anche grossi",2,46330
Texture::asciutto friabile,Texture,"asciutto, friabile,",2,46334
Spessore della Crosta::grossomodo omogenea sui 10mm,Spessore della Crosta,Grossomodo omogenea sui 10mm,2,46335
Spessore della Crosta::micro occhiatura nella zona centrale anche grossa 2 3 km frattura discreta grana presente,Spessore della Crosta,"Micro occhiatura nella zona centrale, anche grossa, 2,3 km. Frattura discreta, grana presente",2,46338
Spessore della Crosta::regolare 10 mm,Spessore della Crosta,Regolare 10 mm,2,46339
Spessore della Crosta::9 10 mm chiaro,Spessore della Crosta,9 10 mm chiaro,2,46343
Spessore della Crosta::molto omogenea media 0 9 cm,Spessore della Crosta,"Molto omogenea media 0,9 cm",2,46345
Struttura della Pasta::evidente microocchiatura centrale struttura non regolare,Struttura della Pasta,Evidente microocchiatura centrale Struttura NON REGOLARE,2,46347
Struttura della Pasta::fitta microocchiatura con effetto sovrascrittura molto reg,Struttura della Pasta,Fitta microocchiatura con effetto sovrascrittura molto reg,2,46348
Struttura della Pasta::presenza di microocchiatura al centro,Struttura della Pasta,Presenza di microocchiatura al centro,2,46349
Struttura della Pasta::10 12 mm,Struttura della Pasta,10-12 mm,2,46350
Struttura della Pasta::disomogenea con bolle d aria,Struttura della Pasta,Disomogenea con bolle d aria,2,46351
Struttura della Pasta::molteplici occhiature centrali inferiori a 1 mm2,Struttura della Pasta,Molteplici occhiature centrali inferiori a 1 mm2,2,46352
Struttura della Pasta::occhiatura diffusa nella fascia centrale disomogeneità sottocrosta c entro,Struttura della Pasta,"Occhiatura diffusa nella fascia centrale , disomogeneità sottocrosta c entro",2,46355
Struttura della Pasta::occhiatura spugnosa grana bella,Struttura della Pasta,"Occhiatura spugnosa, grana bella",2,46356
Struttura della Pasta::molte occhiature grana fine e grossolana frattura omogenea,Struttura della Pasta,Molte occhiature grana fine e grossolana frattura omogenea,2,46357
Struttura della Pasta::centralmente alla forma e presente un'area piuttosto grande di fine ma diffusa occhiatura di dimensioni abbastanza omogenee,Struttura della Pasta,Centralmente alla forma e presente un'area piuttosto grande di fine ma diffusa occhiatura di dimensioni abbastanza omogenee,2,46358
Colore della Pasta::alone centrale più scuro grande sia pure leggero,Colore della Pasta,Alone centrale più scuro grande sia pure leggero,2,46359
Colore della Pasta::disomogeneo con fascia nocciola,Colore della Pasta,Disomogeneo con fascia nocciola,2,46361
Colore della Pasta::giallo grigio intenso,Colore della Pasta,Giallo grigio intenso,2,46362
Colore della Pasta::macchie arancio chiaro e rosate,Colore della Pasta,Macchie arancio chiaro e rosate,2,46363
Colore della Pasta::più carico al centro alone evidente,Colore della Pasta,"Più carico al centro, alone evidente",2,46365
Colore della Pasta::abbastanza omogeneo più carico al centro qualche alone rosa,Colore della Pasta,"Abbastanza omogeneo, più carico al centro, qualche alone rosa",2,46366
Colore della Pasta::colore di fondo abbastanza bello ma è evidente alone verso un piatto,Colore della Pasta,Colore di fondo abbastanza bello ma è evidente alone verso un piatto,2,46367
Colore della Pasta::struttura a tratti difettosa con stiratura,Colore della Pasta,Struttura a tratti difettosa con stiratura,2,46368
Colore della Pasta::paglierino carico con alone centrale,Colore della Pasta,Paglierino carico con alone centrale,2,46370
Profumo::animale muffa ossidato,Profumo,"animale, muffa, ossidato",2,46623
Profumo::leggero all inizio di sporco,Profumo,leggero all-inizio di sporco,2,46624
Profumo::buona intensità' non grande la complessita' tostato,Profumo,"Buona intensità', non grande la complessita'. tostato",2,46626
Profumo::burro fuso burro un poco di fieno,Profumo,"burro fuso, burro, un poco di fieno",2,46627
Profumo::non particolarmente armonico note dominanti di brodo e di latte cotto a tratti bruciato,Profumo,"non particolarmente armonico, note dominanti di brodo e di latte cotto, a tratti bruciato",2,46632
Profumo::note positive da grana tipico latte ma con tostatura anche forte sebbene molto piacevole,Profumo,"note positive da grana tipico, latte, ma con tostatura anche forte... sebbene molto piacevole",2,46633
Profumo::moderata persistenza dei una senzaione acida e forse un inizio di fermentazione,Profumo,moderata persistenza dei una senzaione acida e forse un inizio di fermentazione,2,46634
Sapore::dolce sapido umami marcato poca piccantezza,Sapore,"dolce sapido, umami marcato, poca piccantezza",2,46635
Sapore::pizzica in gola leggermente amaro sapido,Sapore,"pizzica in gola, leggermente amaro, sapido",2,46636
Sapore::troppo salata,Sapore,troppo salata!!,2,46640
Sapore::un poco piccante e acido,Sapore,un poco piccante e acido,2,46641
Sapore::presenti tutti i gusti discreta armonia io lo sento un pochetto amaro,Sapore,"Presenti tutti i gusti, discreta armonia. io lo sento un pochetto amaro",2,46642
Sapore::leggermente piccante e salato umami,Sapore,"leggermente piccante e salato, umami",2,46646
Aroma::scarico poco complesso tornano le note animali e di latte bruciato riscontrate al naso nota propionica,Aroma,"scarico, poco complesso, tornano le note animali e di latte bruciato riscontrate al naso, nota propionica",2,46647
Aroma::panna cotto,Aroma,panna cotto,2,46650
Aroma::muffa,Aroma,muffa,2,46651
Aroma::strano retrolfatto,Aroma,strano retrolfatto...,2,46652
Aroma::aumenta l animale,Aroma,aumenta l-animale,2,46658
Texture::cedevole poco granulosa quasi sabbiosa,Texture,"cedevole, poco granulosa, quasi sabbiosa",2,46659
Texture::morbido pastoso con cristalli lascia sensazione di sabbia in bocca,Texture,morbido pastoso con cristalli lascia sensazione di sabbia in bocca,2,46662
Texture::percepibile presenza granuli di tirosina e grana della pasta,Texture,percepibile presenza granuli di tirosina e grana della pasta,2,46663
Texture::asciutta e pastosa,Texture,asciutta e pastosa,2,46664
Texture::poca struttura si scioglie bene in bocca qualche granulo,Texture,"poca struttura, si scioglie bene in bocca, qualche granulo",2,46665
Texture::morbido friabile cristalli presenti,Texture,morbido. Friabile. Cristalli presenti,2,46666
Texture::pastoso manca un poco di granulosita,Texture,"pastoso, manca un poco di granulosita,",2,46670
Spessore della Crosta::spigoli da 15kmm piatto da 8 9mm media 9mm,Spessore della Crosta,Spigoli da 15kmm Piatto da 8 9mm Media 9mm,2,46671
Spessore della Crosta::più su 1 lato1 sull'altro 0 8,Spessore della Crosta,"Più su 1 lato1 sull'altro 0,8",2,46672
Spessore della Crosta::intorno ai 10 km,Spessore della Crosta,Intorno ai 10 km,2,46674
Spessore della Crosta::8 km,Spessore della Crosta,8 km,2,46675
Spessore della Crosta::8 9 km,Spessore della Crosta,8 9 km,2,46679
Spessore della Crosta::bella 10mm,Spessore della Crosta,"Bella, 10mm",2,46680
Spessore della Crosta::molto basso omogeneo,Spessore della Crosta,Molto basso omogeneo..,2,46681
Spessore della Crosta::più spessa sullo scalzo,Spessore della Crosta,Più spessa sullo scalzo,2,46682
Struttura della Pasta::grossolana granulosa,Struttura della Pasta,Grossolana granulosa,2,46683
Struttura della Pasta::all'esterno tende a sgretolarsi microocchiature,Struttura della Pasta,All'esterno tende a sgretolarsi microocchiature,2,46684
Struttura della Pasta::buona struttura a roccia omogenea,Struttura della Pasta,Buona struttura a roccia omogenea,2,46685
Struttura della Pasta::tendente al ruvido ma omogenea ottima frattura,Struttura della Pasta,"Tendente al ruvido, ma omogenea. Ottima frattura",2,46686
Struttura della Pasta::leggermente stirata e gessosa,Struttura della Pasta,Leggermente stirata e gessosa,2,46687
Struttura della Pasta::grana diffusa ma non uniforme sotto uno scalzo fascia apparentem più umida e meno grandiosità qualche piccolo strappo fessura,Struttura della Pasta,"Grana diffusa ma non uniforme, sotto uno scalzo fascia apparentem più umida e meno grandiosità Qualche piccolo strappo fessura",2,46691
Struttura della Pasta::granulosa con micro occhiatura a tratti grana grossolana,Struttura della Pasta,"Granulosa con micro occhiatura a tratti, grana grossolana",2,46692
Struttura della Pasta::grossolana con aree e linee sebbene omogenea,Struttura della Pasta,Grossolana con aree e linee sebbene omogenea,2,46693
Struttura della Pasta::omogenea chiara,Struttura della Pasta,Omogenea chiara,2,46694
Colore della Pasta::giallo piuttosto carico e aranciato,Colore della Pasta,Giallo piuttosto carico e aranciato,2,46695
Colore della Pasta::giallo anche meno carico abbastanza omogenea,Colore della Pasta,Giallo anche meno carico abbastanza omogenea,2,46696
Colore della Pasta::sarebbe anche giallo paglierino ma presenta zona con alone imbrunito,Colore della Pasta,Sarebbe anche giallo paglierino ma presenta zona con alone imbrunito,2,46697
Colore della Pasta::giallo medio carico tendente al nocciola,Colore della Pasta,Giallo medio carico tendente al nocciola,2,46699
Colore della Pasta::omogeneo giallo medio carico,Colore della Pasta,Omogeneo giallo medio.carico,2,46700
Colore della Pasta::omogenea paglierino più intenso,Colore della Pasta,Omogenea paglierino più intenso,2,46701
Colore della Pasta::un piatto e più scuro,Colore della Pasta,Un piatto e più scuro,2,46704
Profumo::una porzione ripsetto alle altre ha un profumo di animale,Profumo,una porzione ripsetto alle altre ha un profumo di animale,2,46791
Profumo::discreta intensità',Profumo,"discreta intensità',",2,46794
Profumo::burro< latte fresco< burro fuso,Profumo,burro< latte fresco< burro fuso,2,46795
Profumo::note poco tipiche e caratteristiche,Profumo,note poco tipiche e caratteristiche,2,46800
Profumo::paana burro miele,Profumo,"paana, burro, miele...",2,46801
Profumo::brodo di carne burro e panna tostato,Profumo,brodo di carne burro e panna tostato,2,46802
Sapore::dolcezza marcata sapido e umami ok poco piccante poco equilibrato,Sapore,"dolcezza marcata, sapido e umami ok, poco piccante, poco equilibrato",2,46803
Sapore::punta di amaro leggermente piccante,Sapore,"punta di amaro, leggermente piccante",2,46804
Sapore::leggermente acido e sal,Sapore,leggermente acido e sal,2,46806
Sapore::nel complesso leggermente acido e amaro,Sapore,nel complesso leggermente acido e amaro,2,46807
Sapore::equilibrato con note anche dolci sebbene leggero piccante,Sapore,equilibrato con note anche dolci sebbene leggero piccante,2,46808
Sapore::poco complesso piccante e poco altro,Sapore,"poco complesso, piccante, e poco altro",2,46809
Sapore::equilibrato lo e' ma sembra manchevole di umami poco pieno,Sapore,"equilibrato lo e', ma sembra manchevole di umami, poco pieno",2,46810
Sapore::poco sapido e senza carattere,Sapore,poco sapido e senza carattere,2,46814
Aroma::poco caratteristico come al naso note di emmental,Aroma,"poco caratteristico come al naso, note di emmental",2,46815
Aroma::emmethal,Aroma,emmethal,2,46820
Aroma::burro fuso pane tostato leggero,Aroma,"burro fuso, pane tostato leggero",2,46821
Aroma::brodi di carne,Aroma,brodi di carne,2,46825
Texture::quasi elastica poco granulosa ma solubile,Texture,"quasi elastica, poco granulosa ma solubile",2,46827
Texture::morbido asciutto cristalli ok impasto,Texture,morbido asciutto cristalli ok impasto,2,46830
Texture::pochissima tirosina a,Texture,"pochissima tirosina, a",2,46831
Texture::poca durezza ma discreta pastosita e farinosita umidità a posto,Texture,"poca durezza, ma discreta pastosita e farinosita, umidità a posto",2,46832
Texture::poca struttura qualche granulo si scioglie bene in bocca,Texture,"poca struttura, qualche granulo, si scioglie bene in bocca,",2,46833
Texture::microstruttura grossolana elastico poco franabile,Texture,"microstruttura grossolana.. elastico, poco franabile",2,46834
Texture::pastoso&morbido,Texture,pastoso&morbido,2,46835
Texture::pastoso e sabbioso alla fine senza grana,Texture,"pastoso e sabbioso alla fine, senza grana",2,46838
Spessore della Crosta::spigoli dai 15 ai 20mm piatto 9mm circa media 10mm,Spessore della Crosta,Spigoli dai 15 ai 20mm Piatto 9mm circa Media 10mm,2,46839
Spessore della Crosta::0 7 piatti 1 5 angoli,Spessore della Crosta,"0,7 piatti 1,5 angoli",2,46840
Spessore della Crosta::media 1cm,Spessore della Crosta,Media 1cm,2,46843
Spessore della Crosta::abbastanza regolare,Spessore della Crosta,Abbastanza regolare,2,46844
Spessore della Crosta::piuttosto marcata soprattutto su un lato fino a 12mm,Spessore della Crosta,"Piuttosto marcata soprattutto su un lato, fino a 12mm",2,46848
Spessore della Crosta::su due lati ella ma sugli altri e negli angoli elevata media pari a 1,Spessore della Crosta,Su due lati ella ma sugli altri e negli angoli elevata media pari a 1,2,46849
Spessore della Crosta::spessore abbastanza omogeneo su entrambi gli sbalzi e piatti,Spessore della Crosta,Spessore abbastanza omogeneo su entrambi gli sbalzi e piatti,2,46850
Struttura della Pasta::non regolare con buona area tendente allo stirato ma con grana apprezzabile,Struttura della Pasta,Non regolare con buona area tendente allo stirato ma con grana apprezzabile,2,46851
Struttura della Pasta::pasta con striature ma granulosa,Struttura della Pasta,Pasta con Striature ma granulosa,2,46852
Struttura della Pasta::struttura a roccia ben distribuita ed omogenea,Struttura della Pasta,Struttura a roccia ben distribuita ed omogenea,2,46853
Struttura della Pasta::non fine ma presente visibili linee e direzioni non stirata,Struttura della Pasta,"Non fine ma presente. Visibili linee e direzioni, non stirata.",2,46854
Struttura della Pasta::striata buona grana,Struttura della Pasta,"Striata buona grana,",2,46855
Struttura della Pasta::stirata poco grandiosa a tratti,Struttura della Pasta,Stirata poco grandiosa a tratti,2,46859
Struttura della Pasta::frattura abbastanza bella struttura striata poco granulosa,Struttura della Pasta,"Frattura abbastanza bella, struttura striata poco granulosa",2,46860
Struttura della Pasta::linee con direzioni grana medio grossolana,Struttura della Pasta,Linee con direzioni. Grana medio grossolana,2,46861
Colore della Pasta::giallo paglierino omogeneo abbastanza carico,Colore della Pasta,Giallo paglierino omogeneo abbastanza carico,2,46864
Colore della Pasta::striscia più scura in corrispondenza di un piatto,Colore della Pasta,Striscia più scura in corrispondenza di un piatto,2,46865
Colore della Pasta::carico al centro zona scalzi più chiara,Colore della Pasta,Carico al centro. Zona scalzi più chiara,2,46869
Colore della Pasta::più chiaro verso gli scalzi appena un poco' saturo il resto,Colore della Pasta,Più chiaro verso gli scalzi. Appena un poco' saturo il resto,2,46870
Colore della Pasta::presenza di u a zona nettamente più scura qui di non omogeneo giallo abbastanza carico,Colore della Pasta,Presenza di u a zona nettamente più scura qui di non omogeneo. Giallo abbastanza carico,2,46871
Colore della Pasta::omogeneo te dente al paglierino solo più carico verso i piatti,Colore della Pasta,"Omogeneo, te dente al paglierino. Solo più carico verso i piatti",2,46873
Colore della Pasta::a zone paglierino lieve carico di giallo in più al centro buona comunque,Colore della Pasta,A zone paglierino. Lieve carico di giallo in più al centro. Buona comunque,2,46874
Profumo::albume,Profumo,albume,2,46876
Profumo::burro latte tostato e nocciola,Profumo,"burro, latte, tostato e nocciola",2,46878
Profumo::netto burro fuso e burro,Profumo,"netto, burro fuso, e burro",2,46879
Profumo::profumo di cotto,Profumo,profumo di cotto,2,46882
Profumo::nota pungente all apertura e poi dolciastra leggermente propionica che prevale sui lattici cotti panna e burro sciolto successivi asciugandosi migliora,Profumo,"nota pungente all apertura e poi dolciastra, leggermente propionica che prevale sui lattici cotti, panna e burro sciolto successivi, asciugandosi migliora",2,46883
Profumo::complesso abbastanza caratteristico ma con note di frutta fermentata molto volatili,Profumo,"complesso, abbastanza caratteristico ma con note di frutta fermentata molto volatili",2,46884
Profumo::formaggio fiore leggera tostatura,Profumo,"formaggio, fiore, leggera tostatura",2,46885
Profumo::burro panna fruttato tostato mallo di noce brodo di carne,Profumo,burro panna fruttato tostato mallo di noce brodo di carne,2,46886
Sapore::sapidità elevata con umami marcato buona piccantezza comunque equilibrato,Sapore,"sapidità elevata con umami marcato, buona piccantezza comunque equilibrato",2,46887
Sapore::salato&umami prevalenti anche se non disequilibrato,Sapore,salato&umami prevalenti anche se non disequilibrato,2,46892
Sapore::appena un pochetto salato,Sapore,appena un pochetto salato,6,46894
Sapore::salato leggermente prevalente,Sapore,salato leggermente prevalente,2,46896
Sapore::leggera senzazione piccante,Sapore,leggera senzazione piccante,2,46897
Sapore::piccante amaro finali,Sapore,"piccante, amaro finali",2,46898
Aroma::complesso gradevole note caratteristiche affiancate a note meno tipiche fermentate,Aroma,"complesso, gradevole, note caratteristiche affiancate a note meno tipiche fermentate",2,46899
Aroma::medio fieno e grana,Aroma,medio ... fieno e grana,2,46904
Aroma::cotti animale,Aroma,"cotti, animale",2,46910
Texture::granulosa giustamente umida solubile,Texture,"granulosa, giustamente umida, solubile",2,46911
Texture::asciutto cristalli sol,Texture,asciutto cristalli sol,2,46914
Texture::bella presenza di granuli consistenza media unidita e durezza ok,Texture,"bella presenza di granuli, consistenza media, unidita e durezza OK",2,46916
Texture::un poco di struttura mancanza dicristalli di scioglie bene,Texture,"un poco di struttura, mancanza dicristalli, di scioglie bene",2,46917
Texture::morbido un pocchetto pastoso pochi microcristalli,Texture,"morbido, un pocchetto pastoso, pochi microcristalli",2,46918
Texture::un poco di sabbiosita finale ma,Texture,"un poco di sabbiosita finale, ma",2,46922
Spessore della Crosta::spigoli sopra 20mm piatto 10mm circa media 12mm,Spessore della Crosta,Spigoli sopra 20mm Piatto 10mm circa Media 12mm,2,46923
Spessore della Crosta::0 8 cm qui piatti e 1 4 sugli scalzi,Spessore della Crosta,"0,8 cm qui piatti e 1,4 sugli scalzi",2,46924
Spessore della Crosta::disomogenea in zone anche inferiore a 7 km in altre fino a 14 mm,Spessore della Crosta,Disomogenea. In zone anche inferiore a 7 km. In altre fino a 14 mm,2,46926
Spessore della Crosta::non è omogenea lateralmente più grossa,Spessore della Crosta,Non è omogenea lateralmente più grossa,2,46927
Spessore della Crosta::piatti senza crosta,Spessore della Crosta,Piatti senza crosta,2,46928
Spessore della Crosta::bella poco meno di 10mm,Spessore della Crosta,"Bella, poco meno di 10mm",2,46932
Spessore della Crosta::maggiormente negli angoli ma mediamente 1 cm,Spessore della Crosta,Maggiormente negli angoli ma mediamente 1 cm,2,46933
Spessore della Crosta::molto sottile su i piatti,Spessore della Crosta,Molto sottile su i piatti,2,46934
Struttura della Pasta::non regolare tendente allo stirato granulosa,Struttura della Pasta,Non regolare Tendente allo stirato Granulosa,2,46935
Struttura della Pasta::leggere microocchiature diffusa,Struttura della Pasta,Leggere microocchiature diffusa,2,46936
Struttura della Pasta::un poco' ruvida discreta frattura,Struttura della Pasta,Un poco' ruvida. Discreta frattura.,2,46938
Struttura della Pasta::leggermente stirata con grana grossa,Struttura della Pasta,Leggermente stirata con grana grossa,2,46939
Struttura della Pasta::buona grandiosità,Struttura della Pasta,Buona grandiosità,2,46943
Struttura della Pasta::frattura ok grana poco profilata con micro occhiature e zone stirate,Struttura della Pasta,"Frattura ok, grana poco profilata con micro occhiature e zone stirate",2,46944
Struttura della Pasta::disomogeneità bocciature diffuse intendo occhiature e striature,Struttura della Pasta,Disomogeneità bocciature diffuse intendo occhiature e striature,2,46945
Colore della Pasta::alone centrale più scuro non omogeneo,Colore della Pasta,Alone centrale più scuro Non omogeneo,2,46947
Colore della Pasta::giallo carico scuro,Colore della Pasta,Giallo carico scuro,2,46948
Colore della Pasta::giallo più scuro al centro,Colore della Pasta,Giallo più scuro al centro,2,46950
Colore della Pasta::macchie rosa centrali leggermente più chiara al centro colore chiaro ma non omogeneo,Colore della Pasta,Macchie rosa centrali Leggermente più chiara al centro Colore chiaro ma non omogeneo,2,46951
Colore della Pasta::leggero alone colore tendente chiaro,Colore della Pasta,Leggero alone colore tendente chiaro,2,46952
Colore della Pasta::chiara con leggero alone e 2 chiazze tendenti e al rosa,Colore della Pasta,Chiara con leggero alone e 2 chiazze tendenti e al rosa,2,46954
Colore della Pasta::alone centrale con fascia circolare che segue la frattura della pasta,Colore della Pasta,Alone centrale con fascia circolare che segue la frattura della pasta,2,46955
Colore della Pasta::tendente al rosato con una macchia centrale rosa,Colore della Pasta,Tendente al rosato con una macchia centrale rosa,2,46957
Colore della Pasta::più chiara agli scalzi per rosata,Colore della Pasta,Più chiara agli scalzi per rosata,2,46958
Profumo::caramella mou burro cotto,Profumo,"caramella mou, burro cotto",4,47127
Profumo::poco marcato leggero sentore di cotto,Profumo,"poco marcato, leggero sentore di cotto",4,47130
Profumo::leggero fruttato e lattico cotto poco brodo e tostato,Profumo,"leggero fruttato e lattico cotto, poco brodo e tostato",4,47131
Profumo::intensità' lieve,Profumo,intensità' lieve.,4,47132
Profumo::formaggio fritto bordo vegetale latte crudo,Profumo,formaggio fritto;bordo vegetale;latte crudo,4,47133
Sapore::dolce poco percepito,Sapore,dolce poco percepito,4,47135
Sapore::sapido prevalente segue il dolce e il piccante persistente (non sembra grana),Sapore,"sapido prevalente, segue il dolce e il piccante persistente (non sembra grana)",4,47139
Sapore::pungente per eccesso salino acido amaro presenti ed equilibrati,Sapore,"pungente per eccesso salino. acido, amaro presenti ed equilibrati.",4,47140
Sapore::dolce leggermente piccante,Sapore,dolce;leggermente piccante,4,47141
Aroma::latte cotto verdura cotta,Aroma,"latte cotto, verdura cotta",8,47143
Aroma::non grana fermentato anomalo,Aroma,"non grana, fermentato, anomalo",4,47146
Aroma::vegetale secco brodo burro fuso più\ in generale lattico cotto,Aroma,"vegetale secco, brodo, burro fuso, più\ in generale lattico cotto",4,47147
Aroma::burro crosta di formaggio che resta,Aroma,"burro, crosta di formaggio che resta",4,47150
Texture::morbido granuloso cristalli,Texture,morbido granuloso cristalli,4,47151
Texture::friabile microstruttura non finissima buona cristalli percepibili umido il giusto,Texture,"friabile. microstruttura non finissima, buona. cristalli percepibili. umido il giusto",4,47152
Texture::buoni i cristalli ottima solubitli,Texture,"buoni i cristalli, ottima solubitli",4,47154
Texture::asciutto farino e poco solubile,Texture,"asciutto, farino e poco solubile",4,47156
Texture::sabbioso e con presenza di numerosi cristalli,Texture,"sabbioso e con presenza di numerosi cristalli,",4,47158
Spessore della Crosta::tanta unghia soprattutto sugli spigoli,Spessore della Crosta,Tanta unghia soprattutto sugli spigoli,4,47164
Spessore della Crosta::sottile sotto il cm,Spessore della Crosta,Sottile sotto il cm,4,47166
Struttura della Pasta::frattura a scaglie grana con striature e qualche piccolo strappi,Struttura della Pasta,Frattura a scaglie grana con striature e qualche piccolo strappi,4,47167
Struttura della Pasta::frattura buona ben granulosa presenza di frattura interne tendenza a scagliare area microocchiata,Struttura della Pasta,"Frattura buona. Ben Granulosa. Presenza di frattura interne, tendenza a scagliare. Area microocchiata",4,47168
Struttura della Pasta::frattura irregolare striature leggere,Struttura della Pasta,"Frattura irregolare,striature leggere",4,47170
Struttura della Pasta::sporadiche microocch molto grossolana piccole zone stirate,Struttura della Pasta,"Sporadiche microocch, molto grossolana, piccole zone stirate",4,47171
Struttura della Pasta::bella grana ma la struttura è slegata e il formaggio è pieno di piccoli spacchi,Struttura della Pasta,Bella grana ma la struttura è slegata e il formaggio è pieno di piccoli spacchi,4,47172
Struttura della Pasta::brutta grana con frequenti spacchi e micro occhiatura centrale,Struttura della Pasta,Brutta grana con frequenti spacchi e micro occhiatura centrale,4,47173
Struttura della Pasta::occhiatura poco presente frattura inregolare,Struttura della Pasta,Occhiatura poco presente frattura inregolare,4,47174
Colore della Pasta::tendente al rosato ma unif,Colore della Pasta,Tendente al rosato ma unif,4,47175
Colore della Pasta::su colore chiaro lieve carico al centro,Colore della Pasta,"Su colore chiaro, lieve carico al centro",4,47176
Colore della Pasta::leggermente più scura ai piatti,Colore della Pasta,Leggermente più scura ai piatti,4,47177
Colore della Pasta::zona un poco' rosa,Colore della Pasta,Zona un poco' rosa,4,47181
Colore della Pasta::colore paglierino omogeneo con un aloni verdolino molto leggero,Colore della Pasta,"Colore paglierino omogeneo, con un aloni verdolino molto leggero",4,47182
Profumo::panna e burro fresco fruttato e leggero tostato,Profumo,"panna e burro fresco, fruttato e leggero tostato",4,47186
Profumo::tostato pane biscottato biscotto vaniglia intensità' bassa,Profumo,"tostato, pane biscottato, biscotto, vaniglia. intensità' bassa",4,47187
Profumo::brodo vegetale latte cotto,Profumo,brodo vegetale;latte cotto;,4,47188
Profumo::panna burro crudo,Profumo,"panna, burro crudo",4,47190
Sapore::ecuilibrato assenza del picante,Sapore,ecuilibrato assenza del picante,4,47194
Sapore::amaro prevalente il resto equilibrato poco umami,Sapore,Amaro prevalente. il resto equilibrato. poco umami,4,47195
Sapore::abbastanza piatto,Sapore,abbastanza piatto,4,47197
Sapore::piccante ben percepibile,Sapore,piccante ben percepibile,4,47198
Aroma::ossidato formaggio vecchio,Aroma,"ossidato, formaggio vecchio",4,47201
Aroma::latico,Aroma,latico,4,47202
Aroma::formaggio cotto&crosta,Aroma,formaggio cotto&crosta,4,47205
Aroma::frutta fermentata latte uht dado industriale,Aroma,"frutta fermentata, latte uht, dado industriale",4,47206
Texture::asciutto gramuloso cristalli lascia residuo,Texture,asciutto gramuloso cristalli lascia residuo,4,47207
Texture::tanti cristalli friabile finemente senza essere asciutto lascia bocca farinosa ma pulita,Texture,"tanti cristalli, friabile finemente senza essere asciutto. lascia bocca farinosa ma pulita",4,47208
Texture::poco umido pochi cristalli,Texture,"poco umido, pochi cristalli",4,47210
Texture::molto asciutto duro,Texture,"molto asciutto, duro",4,47211
Texture::asciutto poco solubile,Texture,"asciutto, poco solubile.",4,47212
Texture::granulosa poca tirosina,Texture,"granulosa, poca tirosina",4,47213
Texture::sabbioso con moltri cristalli e frammenti scarsamente solubili,Texture,sabbioso con moltri cristalli e frammenti scarsamente solubili,4,47214
Struttura della Pasta::grana regolare con uno strappo multiplo e piccoli strappi su un lato dove la grana tende al gessato,Struttura della Pasta,Grana regolare con uno strappo multiplo e piccoli strappi su un lato dove la grana tende al gessato,4,47223
Struttura della Pasta::taglio molto bello grana bella omogenea fine poche microcchiature,Struttura della Pasta,"Taglio molto bello. Grana bella, omogenea, fine. Poche microcchiature",4,47224
Struttura della Pasta::frattura regolare una crepa grana omogenea grossolana,Struttura della Pasta,"Frattura regolare, una crepa,grana omogenea grossolana",4,47226
Struttura della Pasta::qualche microocch alcune fenditure,Struttura della Pasta,"Qualche microocch, alcune fenditure",4,47227
Struttura della Pasta::struttura grandiosa e omogenea grana grossa,Struttura della Pasta,Struttura grandiosa e omogenea. Grana grossa,4,47228
Struttura della Pasta::grana troppo arrotondata micro occhiatura centrale spacco,Struttura della Pasta,"Grana troppo arrotondata, micro occhiatura centrale, spacco",4,47229
Struttura della Pasta::frattura omogenea leggermente stirata,Struttura della Pasta,Frattura omogenea leggermente stirata,4,47230
Colore della Pasta::netto alone più fascia rosata molto evidente,Colore della Pasta,Netto alone più fascia rosata molto evidente,4,47231
Colore della Pasta::più carico al centro una banda rosaata di 25x3 cm,Colore della Pasta,Più carico al centro. Una banda rosaata di 25x3 cm,4,47232
Colore della Pasta::presente evidente striscia rosa,Colore della Pasta,Presente evidente striscia rosa,4,47233
Colore della Pasta::presenza di un alone rosa lungo tutto il piatto,Colore della Pasta,Presenza di un alone rosa lungo tutto il piatto,4,47234
Colore della Pasta::alone scuro evidentissimo molto disomogeneo,Colore della Pasta,"Alone scuro evidentissimo, molto disomogeneo",4,47235
Colore della Pasta::carico ma presenta una fascia bruna molto marcata,Colore della Pasta,Carico ma presenta una fascia bruna molto marcata,4,47236
Colore della Pasta::zona rosa molto evidente e anello perimetrale giallo molto chiaro,Colore della Pasta,Zona rosa molto evidente e anello perimetrale giallo molto chiaro,4,47237
Colore della Pasta::non uniforme base paglierino chiaro tendente grigio è presente una strisca scura estesa e parallela ad un piatto,Colore della Pasta,"Non uniforme, base Paglierino chiaro tendente grigio è presente una strisca scura, estesa e parallela ad un piatto",4,47238
Profumo::brodo vegetale fruttato e lattico cotto,Profumo,"brodo vegetale, fruttato e lattico cotto",4,47354
Profumo::panna molto intensa burro latte fresco tostano fino,Profumo,"panna molto intensa. burro, latte fresco. tostano fino",4,47355
Profumo::latte cotto burro fruttato,Profumo,latte cotto;burro;fruttato,4,47356
Profumo::cioccolato fondente,Profumo,cioccolato fondente,4,47358
Sapore::nel complesso ecuilibrato assenza del piccante inizialmente spicca la sapidità seguita della dolcezza,Sapore,"nel complesso ecuilibrato, assenza del piccante, inizialmente spicca la sapidità seguita della dolcezza",4,47362
Sapore::amaro e salato eccessi,Sapore,"amaro e salato, eccessi",4,47363
Sapore::leggermente salato dolce umami,Sapore,leggermente salato;dolce;umami,4,47364
Sapore::salato legggermente piccante,Sapore,"salato, legggermente piccante",4,47365
Aroma::burro fuso panna,Aroma,"burro fuso, panna.",4,47369
Aroma::panna latte cotto burro fuso e fruttato,Aroma,"panna, latte cotto, burro fuso e fruttato",4,47370
Aroma::cipolla cavolfiore,Aroma,"cipolla, cavolfiore",4,47374
Texture::morbido e poco grana impasta poco sol pochi crist,Texture,morbido e poco grana impasta poco sol pochi crist,4,47375
Texture::morbido non prefetta la friabilità' cristalli anche grossi liquescente nel finale di bocca,Texture,"morbido, non prefetta la friabilità' . cristalli anche grossi. liquescente nel finale di bocca",4,47376
Texture::pastoso poco solubile buoni i cristalli,Texture,"pastoso, poco solubile, buoni i cristalli",4,47378
Texture::poco solubile no tirosina,Texture,"poco solubile, no tirosina",4,47381
Texture::morbito si liquefa velocemente e lascia la bocca pulitissima,Texture,"morbito, si liquefa velocemente e lascia la bocca pulitissima",4,47382
Spessore della Crosta::1 piatto molto sottile l'altro più spesso nella parte centrale,Spessore della Crosta,"1 piatto molto sottile, l'altro più spesso nella parte centrale",4,47384
Spessore della Crosta::1 cm di media su un piatto unghia accentuata,Spessore della Crosta,"1 cm di media, su un piatto unghia accentuata",4,47388
Spessore della Crosta::10 12 mm,Spessore della Crosta,10-12 mm,4,47389
Struttura della Pasta::frattura irregolare e grana non omogenea,Struttura della Pasta,Frattura irregolare e grana non omogenea,4,47391
Struttura della Pasta::taglio irregolare lieve striature centrale,Struttura della Pasta,Taglio irregolare. Lieve striature centrale,4,47392
Struttura della Pasta::leggermente stirata in alcuni punti,Struttura della Pasta,Leggermente stirata in alcuni punti,4,47393
Struttura della Pasta::frattura irregolare grana grossa esternamente più liscia al centro,Struttura della Pasta,"Frattura irregolare, grana grossa esternamente,più liscia al centro",4,47394
Struttura della Pasta::disomogenea grossolana,Struttura della Pasta,"Disomogenea, grossolana",4,47395
Struttura della Pasta::brutta grana striature evidente qualche micro occhiatura,Struttura della Pasta,"Brutta grana , striature evidente qualche micro occhiatura",4,47397
Colore della Pasta::alone centrale evidente con un sottopiatto più chiaro,Colore della Pasta,Alone centrale evidente con un sottopiatto più chiaro,4,47399
Colore della Pasta::giallo carico al centro più chiaro verso i 3/4 della forma,Colore della Pasta,"Giallo carico al centro, più chiaro verso i 3/4 della forma",4,47400
Colore della Pasta::più chiara all' esterno,Colore della Pasta,Più chiara all' esterno,4,47401
Colore della Pasta::giallo carico un piatto più chiaro,Colore della Pasta,"Giallo carico,un piatto più chiaro",4,47402
Colore della Pasta::carico più scuro al centro,Colore della Pasta,Carico più scuro al centro,4,47404
Colore della Pasta::anello chiaro perimetrale centro giallo carico zone verdastre,Colore della Pasta,"Anello chiaro perimetrale centro giallo carico, zone verdastre",4,47405
Colore della Pasta::colore non omogeneo un piatto è paglierino pallido tendente al grigio il resto del formaggio paglierino più deciso,Colore della Pasta,"Colore non omogeneo, un piatto è paglierino pallido tendente al grigio, il resto del formaggio paglierino più deciso",4,47406
Profumo::ossidato forse fermentato,Profumo,ossidato. forse fermentato.,4,47410
Profumo::brodo di carne panna burro leggero latte acido,Profumo,"brodo di carne, panna, burro leggero latte acido",4,47411
Profumo::su base lattea delicata spicca un aroma di formaggio quasi fermentato non tipico del trentingrana non una puzza ma quasi,Profumo,"su base lattea delicata spicca un aroma di formaggio quasi fermentato non tipico del trentingrana. non una puzza, ma quasi",4,47412
Sapore::dolce prevalente piccante percepito,Sapore,"dolce prevalente, piccante percepito",4,47415
Sapore::dolce ed equilibrato con una nota piccante percettibile,Sapore,dolce ed equilibrato con una nota piccante percettibile,4,47419
Sapore::pungente sulla lingua amaro e acido presenti,Sapore,pungente sulla lingua. Amaro e acido presenti,4,47420
Aroma::latte cotto e note di fermentato,Aroma,latte cotto e note di fermentato,4,47423
Aroma::ossidato stantio,Aroma,ossidato. stantio,4,47426
Aroma::principlamente fruttato e lattico fresco,Aroma,principlamente fruttato e lattico fresco,4,47427
Aroma::odore non tipico,Aroma,odore non tipico,4,47428
Aroma::resta sempre acido&fermentato,Aroma,resta sempre acido&fermentato,4,47430
Texture::pastoso impasta poca grana cristalli evidenti ma poco sol sabbioso alla fine,Texture,pastoso impasta poca grana cristalli evidenti ma poco sol sabbioso alla fine,4,47431
Texture::umido tenero nel finale impasta la bocca,Texture,"umido, tenero. nel finale impasta la bocca",4,47432
Texture::morbido abbastanza inconsistente,Texture,"morbido, abbastanza inconsistente",4,47434
Texture::struttura molle e pastosa,Texture,struttura molle e pastosa,4,47436
Texture::un poco cedevole presenza di tiosina,Texture,"un poco- cedevole, presenza di tiosina",4,47437
Texture::lascia la bocca poco pulita non si sciolgono diversi frammenti,Texture,"lascia la bocca poco pulita, non si sciolgono diversi frammenti",4,47438
Spessore della Crosta::più evidente su 1 lato,Spessore della Crosta,Più evidente su 1 lato,8,47439
Spessore della Crosta::omogenea sotto il cm,Spessore della Crosta,"Omogenea, sotto il cm",4,47440
Spessore della Crosta::crosta fine ma unghia spessa anche se non marcata di colore,Spessore della Crosta,Crosta fine ma unghia spessa anche se non marcata di colore,4,47444
Spessore della Crosta::abbastanza spessa,Spessore della Crosta,Abbastanza spessa,4,47446
Struttura della Pasta::microocchiatura non fitta con siam 2 mm e qualche occhio di 5 o6 mm cristalli evidente e grana fine,Struttura della Pasta,Microocchiatura non fitta con siam 2 mm e qualche occhio di 5 o6 mm cristalli evidente e grana fine,4,47447
Struttura della Pasta::buon taglio tre occhiatura visibili grandi 4 5 mm oltre ad altre più piccole diffuse grana omogenea per lo più in zone limitate stirata,Struttura della Pasta,"Buon taglio. Tre occhiatura visibili, grandi 4-5 mm, oltre ad altre più piccole diffuse. Grana omogenea per lo più, in zone limitate stirata",4,47448
Struttura della Pasta::evidenti e numerose occhiature evidenti cristalli,Struttura della Pasta,Evidenti e numerose occhiature Evidenti cristalli,4,47449
Struttura della Pasta::striature e occhi importanti,Struttura della Pasta,Striature e occhi importanti,4,47450
Struttura della Pasta::microocchiatura occhiatura di notevoli dimensioni,Struttura della Pasta,"Microocchiatura, occhiatura di notevoli dimensioni",4,47451
Struttura della Pasta::struttura non omogenea in parte stirata presente occhiatura da emmentaler,Struttura della Pasta,Struttura non omogenea in parte stirata. Presente occhiatura da emmentaler,4,47452
Struttura della Pasta::occhiatura anche di 0 5 distribuita abbastanza ovunque zona di stiratura,Struttura della Pasta,"OCchiatura anche di ,0,5 distribuita abbastanza ovunque, zona di stiratura",4,47453
Struttura della Pasta::occhiatura presente più su un piatto e uno scalzo anche di grandi dimensioni 1 occhi >5mm 2 occhi da 5mm e altri da 2mm,Struttura della Pasta,"Occhiatura presente più su un piatto e uno scalzo, anche di grandi dimensioni, 1 occhi >5mm, 2 occhi da 5mm e altri da 2mm",4,47454
Colore della Pasta::un poco carico ma uniforme,Colore della Pasta,Un Poco carico ma uniforme,4,47455
Colore della Pasta::colore omogeneo poco saturo,Colore della Pasta,"Colore omogeneo, poco saturo",4,47456
Colore della Pasta::colore paglierino chiaro omogeneo,Colore della Pasta,Colore paglierino chiaro omogeneo,4,47460
Colore della Pasta::zona più scura,Colore della Pasta,Zona più scura,4,47461
Colore della Pasta::paglierino intenso omogeneo,Colore della Pasta,Paglierino intenso omogeneo,4,47462
Profumo::latte acido panna leggero insilato,Profumo,"latte acido, panna leggero insilato",4,47466
Profumo::intensità' contenuta fogna,Profumo,"intensità' contenuta, fogna",4,47467
Profumo::latte cotto burro fuso,Profumo,latte cotto;burro fuso;,4,47468
Profumo::panna leggero sentore di brodo,Profumo,"panna, leggero sentore di brodo",4,47469
Profumo::un poco pungente note lattiche,Profumo,un poco- pungente note lattiche,4,47470
Sapore::leggermente piccante e acre in gola,Sapore,leggermente piccante e acre in gola,4,47471
Sapore::dolciastro acido,Sapore,"dolciastro, acido",4,47473
Sapore::sapidità alevata seguita da una leggera nota amara e piccante,Sapore,sapidità alevata seguita da una leggera nota amara e piccante,4,47474
Sapore::sale eccessivo,Sapore,sale eccessivo,4,47475
Sapore::acido salato piccante,Sapore,acido;salato;piccante,4,47476
Sapore::poco salato dolce lievemente piccante qualche nota acida,Sapore,"poco salato, dolce, lievemente piccante , qualche nota acida",4,47477
Sapore::un poco salato ma abbastanza equilibrato,Sapore,un poco- salato ma abbastanza equilibrato,4,47478
Aroma::principalmente il burro fuso il tostato e il latte cotto,Aroma,"principalmente il burro fuso, il tostato e il latte cotto",4,47482
Aroma::quasi nullo,Aroma,quasi nullo,4,47483
Aroma::resta il piccante,Aroma,resta il piccante,4,47485
Texture::morbido grasso cristalli,Texture,morbido grasso cristalli,4,47487
Texture::morbido al morso molle e pastoso al palato tanti cristalli,Texture,"morbido al morso, molle e pastoso al palato. tanti cristalli",4,47488
Texture::troppo morbido e pastoso,Texture,troppo morbido e pastoso;,4,47489
Texture::morbido ma con critalli,Texture,morbido ma con critalli,4,47490
Texture::media adesivita tirosia percepita,Texture,"media adesivita-, tirosia percepita",4,47493
Texture::lascia la bocca abbastanza pulita,Texture,lascia la bocca abbastanza pulita,4,47494
Spessore della Crosta::limite sfumato crostone,Spessore della Crosta,Limite sfumato. Crostone,4,47496
Spessore della Crosta::unghia marcata,Spessore della Crosta,Unghia marcata,4,47500
Spessore della Crosta::0 8 1cm,Spessore della Crosta,"0,8 - 1cm",4,47501
Spessore della Crosta::non è sottile,Spessore della Crosta,Non è sottile,4,47502
Struttura della Pasta::microocchiatura molto fitta on piccole fratture e grana che forma striature evidenti cristalli,Struttura della Pasta,Microocchiatura molto fitta on piccole fratture e grana che forma striature evidenti cristalli,4,47503
Struttura della Pasta::struttura microocchiatura tagli,Struttura della Pasta,"Struttura, microocchiatura, tagli",4,47504
Struttura della Pasta::cristalli evidenti struttura regolare,Struttura della Pasta,Cristalli evidenti Struttura regolare,4,47505
Struttura della Pasta::irregolare microochiatura diffusa,Struttura della Pasta,"Irregolare,microochiatura diffusa",4,47506
Struttura della Pasta::microocch molto diffusa zone stirata diverse fenditure,Struttura della Pasta,"Microocch molto diffusa, zone stirata, diverse fenditure",4,47507
Struttura della Pasta::un poco' di microocchiatura che conferisce aspetto un poco' spugnoso,Struttura della Pasta,Un poco' di microocchiatura che conferisce aspetto un poco' spugnoso.,4,47508
Struttura della Pasta::microocchiature e stiratura parte centrale,Struttura della Pasta,Microocchiature e stiratura parte centrale,4,47509
Struttura della Pasta::spinosa con striature non regolare,Struttura della Pasta,"Spinosa con striature, non regolare",4,47510
Colore della Pasta::carico grigiastro più scuro verso in piatto,Colore della Pasta,Carico grigiastro più scuro verso in piatto,4,47511
Colore della Pasta::omogeneamente carico giallo,Colore della Pasta,Omogeneamente carico giallo,4,47512
Colore della Pasta::un piatto più scuro,Colore della Pasta,Un piatto più scuro,4,47514
Colore della Pasta::zona più scura verso un piatto,Colore della Pasta,Zona più scura verso un piatto,4,47517
Colore della Pasta::paglierino carica omogeneamente distribuito presenza di cristalli bianchi,Colore della Pasta,Paglierino carica omogeneamente distribuito. Presenza di cristalli bianchi,4,47518
Profumo::debole frutta matura,Profumo,debole frutta matura,4,47519
Profumo::positivo di burro e panna leggero sentoee di cotto,Profumo,positivo di burro e panna. leggero sentoee di cotto,4,47522
Profumo::frutato e lattico fresco (panna burro),Profumo,frutato e lattico fresco (panna burro),4,47523
Profumo::intensità' moderata semtori di panna latte intero burro sciolto lieve tostato,Profumo,"intensità' moderata. semtori di panna, latte intero, burro sciolto. lieve tostato",4,47524
Profumo::latte e brodo,Profumo,latte e brodo,4,47526
Sapore::molto sapido un poco piccante ma altri sapori si percepiscono,Sapore,"molto sapido, un poco- piccante ma altri sapori si percepiscono",4,47527
Sapore::leggera punta di acido,Sapore,leggera punta di acido,4,47530
Sapore::troppo acido acidità,Sapore,troppo acido acidità,4,47531
Sapore::amaro percepibile nessun sapore sovrastante non dolce,Sapore,Amaro percepibile. Nessun sapore sovrastante. non dolce,4,47532
Aroma::lattico,Aroma,lattico,4,47539
Aroma::crosta di formaggio qualche sentore di acido ma potrebbe ancora essere dovuto all0assaggio precedenrte,Aroma,"crosta di formaggio, qualche sentore di acido ma potrebbe ancora essere dovuto all0assaggio precedenrte",4,47542
Texture::impasta asciutto poco solubile pochi cristalli,Texture,impasta asciutto poco solubile pochi cristalli,4,47543
Texture::friabile microstruttura grossolana pochi cristalli grossi,Texture,"Friabile. microstruttura grossolana. Pochi cristalli, grossi",4,47544
Texture::friabile e solubile buoni i cristalli,Texture,"friabile e solubile, buoni i cristalli",4,47546
Texture::un poco madesiva presenza di tirosina,Texture,"un poco- madesiva, presenza di tirosina",4,47549
Texture::leggermente sabbioso lascia la bocca poco pulita,Texture,"leggermente sabbioso, lascia la bocca poco pulita",4,47550
Spessore della Crosta::spessa oltre il cm,Spessore della Crosta,Spessa oltre il cm,4,47558
Struttura della Pasta::frattura irregolare e stirata con strappi piccoli e a raggio,Struttura della Pasta,Frattura irregolare e Stirata con strappi piccoli e a raggio,4,47559
Struttura della Pasta::stirato centralmente frattura buona,Struttura della Pasta,Stirato centralmente. Frattura buona,4,47560
Struttura della Pasta::presenti microocchiature presente frattura leggermente stirata,Struttura della Pasta,Presenti Microocchiature Presente frattura Leggermente stirata,4,47561
Struttura della Pasta::frattura irregolare e striature,Struttura della Pasta,Frattura irregolare e striature,4,47562
Struttura della Pasta::area con microocch frattura irregolare zone stirate,Struttura della Pasta,"Area con microocch, frattura irregolare, zone stirate",4,47563
Struttura della Pasta::struttura leggermente stirata qualche spacco,Struttura della Pasta,Struttura leggermente stirata. Qualche spacco,4,47564
Struttura della Pasta::striature centrale evidente avvallamenti microocchiature vicino a piatto,Struttura della Pasta,"Striature centrale evidente ,avvallamenti , microocchiature vicino a piatto",4,47565
Struttura della Pasta::frattura non omogenea con striature di evidenti localizzate su un lato,Struttura della Pasta,Frattura non omogenea con striature di evidenti localizzate su un lato,4,47566
Colore della Pasta::alone e zone biancastra per effetto sgretolamento pasta,Colore della Pasta,Alone e zone biancastra per effetto sgretolamento pasta,4,47567
Colore della Pasta::area più carica centrale,Colore della Pasta,Area più carica centrale,4,47568
Colore della Pasta::colore un poco' carico ma uniforme,Colore della Pasta,Colore un poco' carico ma uniforme,4,47572
Colore della Pasta::zone rosa e grigine,Colore della Pasta,Zone rosa e grigine,4,47573
Colore della Pasta::paglierino omogeneo con alone grigio verdognolo,Colore della Pasta,"Paglierino omogeneo, con alone grigio verdognolo",4,47574
Texture::manca completamente di cristalli,Texture,Manca completamente di cristalli,4,48473
Texture::compatto poca grana,Texture,"Compatto, poca grana",4,48474
Texture::deformabile,Texture,Deformabile,12,48475
Texture::manca di cristalli,Texture,Manca di cristalli,4,48476
Aroma::provolone o nostrano lievemente piccante,Aroma,Provolone o nostrano lievemente piccante,4,48479
Profumo::ok ma molto leggero,Profumo,Ok ma molto leggero,4,48493
Struttura della Pasta::senza grana,Struttura della Pasta,Senza grana,8,48496
Struttura della Pasta::1 piccolo occhio subito sotto la superficie di taglio appariva come macchia grigia,Struttura della Pasta,1 piccolo occhio subito sotto la superficie di taglio appariva come macchia grigia,4,48498
Profumo::scarico,Profumo,Scarico,4,48499
Profumo::vegetale buono,Profumo,Vegetale buono,4,48500
Profumo::debolissimo,Profumo,Debolissimo,8,48547
Aroma::metallico,Aroma,Metallico,16,48548
Struttura della Pasta::grossa fessura,Struttura della Pasta,Grossa fessura,8,48549
Struttura della Pasta::presenza di taglio,Struttura della Pasta,Presenza di taglio!,4,48550
Struttura della Pasta::fessura di 3cm,Struttura della Pasta,Fessura di 3cm,8,48551
Struttura della Pasta::fessura sottile,Struttura della Pasta,Fessura sottile,4,48557
Sapore::solo leggermente sapido,Sapore,Solo leggermente sapido,12,48559
Sapore::nota leggermente amara,Sapore,Nota leggermente amara,4,48560
Struttura della Pasta::grande fessura lunga circa 10cm il resto della mezza forma è regolare,Struttura della Pasta,"Grande fessura lunga circa 10cm, il resto della mezza forma è regolare",4,48561
Profumo::un solo pezzo aveva un pessimo odore,Profumo,Un solo pezzo aveva un pessimo odore,4,48611
Profumo::lettiera,Profumo,Lettiera,4,48612
Sapore::buon equilibrio,Sapore,Buon equilibrio,4,48613
Sapore::solo leggermente acido,Sapore,Solo leggermente acido,4,48614
Aroma::lettiera,Aroma,Lettiera,4,48615
Texture::molto intressante,Texture,Molto intressante,4,48618
Sapore::troppo rispetto le altre note,Sapore,Troppo rispetto le altre note,4,48619
Aroma::cipolla,Aroma,Cipolla,8,48622
Profumo::sembra più vecchio,Profumo,Sembra più vecchio,4,48661
Sapore::piccante fortissimo e persistente,Sapore,Piccante fortissimo e persistente,4,48662
Profumo::leggerissimo scompare dopo 2 secondi,Profumo,"Leggerissimo, scompare dopo 2 secondi",4,48664
Sapore::non da grana,Sapore,Non da grana,4,48665
Aroma::troppo volatile sfugge subito,Aroma,"Troppo volatile, sfugge subito",4,48666
Struttura della Pasta::un singolo occhio da 6mm,Struttura della Pasta,Un singolo occhio da 6mm,4,48668
Colore della Pasta::alone più verso un piatto che centrale,Colore della Pasta,Alone più verso un piatto che centrale,4,48669
Struttura della Pasta::parte centrale spugnosa,Struttura della Pasta,Parte centrale spugnosa,4,48687
Profumo::cacao,Profumo,Cacao,12,48688
Profumo::un poco' piatto poco complesso,Profumo,"Un poco' piatto, poco complesso",4,48689
Struttura della Pasta::micoocchiatura appena percettibile,Struttura della Pasta,Micoocchiatura appena percettibile,4,48690
Aroma::crauti,Aroma,Crauti,4,48743
Profumo::alla apertura soltanto,Profumo,Alla apertura soltanto,4,48751
Profumo::molto molto tenue,Profumo,Molto molto tenue,4,48752
Sapore::non me lo ricordavo e mi sono dimenticato di scriverlo su carta,Sapore,Non me lo ricordavo e mi sono dimenticato di scriverlo su carta,4,48754
Aroma::scarico,Aroma,Scarico,4,48755
Texture::non granuloso,Texture,Non granuloso,8,48756
Texture::compatto non granulosa non friabile,Texture,"Compatto,non granulosa,non friabile",4,48757
Struttura della Pasta::diverse zone quasi lisce,Struttura della Pasta,Diverse zone quasi lisce,4,48759
Profumo::sentore di fieno greco,Profumo,Sentore di fieno greco,4,48760
Sapore::troppo più fante rispetto alle altre sensazioni,Sapore,Troppo più fante rispetto alle altre sensazioni,4,48761
Texture::poco granuloso deformabile,Texture,Poco granuloso deformabile,4,48762
Texture::no cristalli no grana,Texture,"No cristalli,no grana",4,48763
Spessore della Crosta::poco contrasto per colore scuro della pasta,Spessore della Crosta,Poco contrasto per colore scuro della pasta,4,48764
Spessore della Crosta::colore rosato sottocrosta,Spessore della Crosta,Colore rosato sottocrosta,4,48765
Struttura della Pasta::ampia zona centrale spugnosa,Struttura della Pasta,Ampia zona centrale spugnosa,4,48767
Profumo::ananas e pompelmo,Profumo,Ananas e pompelmo,4,48768
Aroma::particolare sensibilità mia al fermentato,Aroma,Particolare sensibilità mia al fermentato,4,48770
Texture::non granulosa si scioglie,Texture,"Non granulosa, si scioglie",4,48771
Spessore della Crosta::colore rosa sottocrosta,Spessore della Crosta,Colore rosa sottocrosta,4,48772
Profumo::caffè,Profumo,Caffè,4,48773
Profumo::poca intensità,Profumo,Poca intensità,4,48863
Sapore::troppo piccante rispetto alle altre note,Sapore,Troppo piccante rispetto alle altre note,4,48864
Aroma::maggiore stagionatura,Aroma,Maggiore stagionatura,8,48865
Texture::poco friabile,Texture,Poco friabile,20,48866
Texture::no cristalli,Texture,No cristalli,16,48867
Struttura della Pasta::tante piccole fratture,Struttura della Pasta,Tante piccole fratture,4,48868
Struttura della Pasta::presenza di troppe fessure pasta buona,Struttura della Pasta,"Presenza di troppe fessure, pasta buona",4,48869
Sapore::eccesso di sale,Sapore,Eccesso di sale,4,48871
Sapore::un poco di piccante di troppo,Sapore,Un Poco di piccante di troppo,4,48873
Aroma::ok ti sentiti tutti molto leggeri di profumo forse perché le mie vie nasali non sono per vie ahimè,Aroma,"Ok ti sentiti tutti molto leggeri di profumo. Forse perché le mie vie nasali non sono per vie, ahimè",4,48874
Struttura della Pasta::presenta una fessura interna profonda,Struttura della Pasta,Presenta una fessura interna profonda,4,48878
Profumo::poco profumo,Profumo,Poco profumo,4,48897
Profumo::balsamico,Profumo,Balsamico,4,48899
Sapore::molte note ma non omogenee,Sapore,"Molte note ma non omogenee,",4,48900
Struttura della Pasta::3 fratture profonde altre più piccole e il segno dell'ago con pasta di co ore rosato e cristallini,Struttura della Pasta,3 fratture profonde altre più piccole e il segno dell'ago con pasta di co!ore rosato e cristallini,4,48903
Struttura della Pasta::presenza di ossidazione interna,Struttura della Pasta,Presenza di ossidazione interna,4,48904
Colore della Pasta::colore rosato nella pasta attorno all'ago,Colore della Pasta,Colore rosato nella pasta attorno all'ago,4,48905
Colore della Pasta::area rosata in corrispondenza di una bollatura allungata,Colore della Pasta,Area rosata in corrispondenza di una bollatura allungata,4,48906
Profumo::limone ammuffito,Profumo,Limone ammuffito,4,48971
Spessore della Crosta::sotto scalzo zona disidratata e ammuffita,Spessore della Crosta,Sotto scalzo zona disidratata e ammuffita,4,48974
Spessore della Crosta::costa e sottocrosta fusi e sfumati,Spessore della Crosta,Costa e sottocrosta fusi e sfumati,4,48975
Spessore della Crosta::non considero la muffa,Spessore della Crosta,Non considero la muffa,4,48976
Struttura della Pasta::pasta disidratata sotto gli scalzi,Struttura della Pasta,Pasta disidratata sotto gli scalzi,4,48977
Struttura della Pasta::1 zona sottocrosta disidratata più una zona disidratata secca e muffa,Struttura della Pasta,"1 zona sottocrosta disidratata. Più una zona disidratata, secca e muffa",4,48978
Struttura della Pasta::difetto pasta su di un lato,Struttura della Pasta,Difetto pasta su di un lato,4,48979
Struttura della Pasta::strana anomalia tipo tara/muffa su uno scalzo,Struttura della Pasta,Strana anomalia tipo tara/muffa su uno scalzo,4,48980
Struttura della Pasta::muffa sotto scalzo,Struttura della Pasta,Muffa sotto scalzo,4,48981
Struttura della Pasta::sporca bruciata in parte,Struttura della Pasta,Sporca bruciata in parte,4,48982
"Colore della Pasta::non ho tenuto conto della macchia dovuta ad una ""correzione"" dello scalzo se va considerato il difetto il voto è 5 0",Colore della Pasta,"Non ho tenuto conto della macchia dovuta ad una ""correzione"" dello scalzo Se va considerato il difetto il voto è 5,0",4,48983
Colore della Pasta::zona con fitti puntini neri (muffa ),Colore della Pasta,Zona con fitti puntini neri (muffa?),4,48984
Colore della Pasta::colore buono senza calcolare la zona del difetto vicino allo scalzo,Colore della Pasta,Colore buono senza calcolare la zona del difetto vicino allo scalzo,4,48985
Colore della Pasta::grossa macchia di muffa,Colore della Pasta,Grossa macchia di muffa,4,48986
Colore della Pasta::presenza di ingresso di muffa laterale,Colore della Pasta,Presenza di ingresso di muffa laterale,4,48987
Colore della Pasta::sporca una parte,Colore della Pasta,Sporca una parte,4,48988
Sapore::amaro e acido dominano non dolce non salato non umami,Sapore,"Amaro e acido dominano. Non dolce, non salato,non umami",4,48989
Aroma::carne lessa,Aroma,Carne lessa,12,48990
Aroma::poco complesso nota di glutammato prevalente,Aroma,"Poco complesso, nota di glutammato prevalente",4,48991
Colore della Pasta::pasta disidratata sotto crosta,Colore della Pasta,Pasta disidratata sotto crosta,4,48993
Profumo::pane lievito,Profumo,PANE LIEVITO,4,49017
Profumo::alle prime operazioni sgradevole odore di grasso animale ossidato,Profumo,Alle prime operazioni sgradevole odore di grasso animale ossidato,4,49018
Sapore::amaro domina poco male non dolce poco umami,Sapore,Amaro domina. Poco male. Non dolce. Poco umami,4,49022
Sapore::poco sapido,Sapore,Poco sapido,8,49023
Aroma::poco complesso nota lattica di panna ma anche di yogurt,Aroma,"Poco complesso, nota lattica di panna ma anche di yogurt",4,49024
Colore della Pasta::piccolo alone centrale,Colore della Pasta,Piccolo alone centrale,4,49027
Colore della Pasta::bianco cipria,Colore della Pasta,Bianco cipria,4,49028
Profumo::lievito,Profumo,Lievito ?,4,49111
Profumo::caramello alla apertura,Profumo,Caramello alla apertura,4,49113
Sapore::nonostante la percezione di descrittori positivi e negativi lo valuto nel complesso positivo perché non vere ricettività ma caratteristiche attese in un formaggio stagionato,Sapore,Nonostante la percezione di descrittori positivi e negativi lo valuto nel complesso positivo perché non vere ricettività ma caratteristiche attese in un formaggio stagionato,4,49114
Sapore::povero poco umami poco sale non dolce manca di sapore,Sapore,"Povero. Poco umami, poco sale. Non dolce. Manca di sapore",4,49115
Aroma::più povero che all' olfatto,Aroma,Più povero che all' olfatto,4,49116
Texture::poco friabile e granuloso cedevole cristalli assenti,Texture,Poco friabile e granuloso. Cedevole . Cristalli assenti,4,49117
Spessore della Crosta::molto sottile ma su un piatto risulta concessa verso il centro,Spessore della Crosta,Molto sottile ma su un piatto risulta concessa verso il centro,4,49120
Struttura della Pasta::ruvida e gessata per un cm sotto i piatti e scalzo,Struttura della Pasta,Ruvida e gessata per un cm sotto i piatti e scalzo,4,49121
Struttura della Pasta::mo diffusa,Struttura della Pasta,Mo diffusa,4,49122
Struttura della Pasta::bello a frattura e basta,Struttura della Pasta,Bello a frattura. E basta,4,49123
Struttura della Pasta::carolatura sotto un piatto,Struttura della Pasta,Carolatura sotto un piatto,4,49124
Colore della Pasta::tende al chiaro,Colore della Pasta,Tende al chiaro,4,49125
Profumo::intensità iniziale alta ma bouquet non gradevole cuoio brodo verdura cotta,Profumo,"Intensità iniziale alta. Ma bouquet non gradevole: cuoio, brodo, verdura cotta",4,49126
Profumo::yogurt alla frutta più che parte acido,Profumo,Yogurt alla frutta più che parte acido,4,49127
Sapore::sapore non pieno scarno manca quasi di sale,Sapore,Sapore non pieno. Scarno. Manca quasi di sale,4,49128
Sapore::molto poco salato,Sapore,Molto poco salato,4,49129
Texture::non friabile duro asciutto non solubile,Texture,"Non friabile. Duro, asciutto. Non solubile",4,49130
Profumo::media intensità profumi tipici abbastanza complesso,Profumo,Media intensità. Profumi tipici. Abbastanza complesso,4,49131
Sapore::molti sapori anche dolce appena un poco' salato,Sapore,"Molti sapori, anche dolce. Appena un poco' salato",4,49132
Aroma::quando non scrivo nulla è perché non trovo niente di diverso dal profumo buona intensità retroolfattiva,Aroma,Quando non scrivo nulla è perché non trovo niente di diverso dal profumo. Buona intensità retroolfattiva,4,49134
Texture::poco friabile e granulosa ma ben solubile con cristalli,Texture,"Poco friabile e Granulosa. Ma ben solubile, con cristalli",4,49135
Struttura della Pasta::molti strappi 3 di 2 4cm altri più piccili,Struttura della Pasta,Molti strappi 3 di 2 -4cm altri più piccili,4,49136
Profumo::poco intenso latte e floreale,Profumo,Poco intenso. Latte e floreale,4,49137
Sapore::buon equilibrio poco umami non piccante dolce,Sapore,Buon equilibrio. Poco umami. Non piccante. Dolce,4,49138
Aroma::ananas,Aroma,Ananas,4,49139
Struttura della Pasta::occhiatura centrale diffusa,Struttura della Pasta,Occhiatura centrale diffusa.,4,49142
Struttura della Pasta::microocchiatura concentrata al centro,Struttura della Pasta,Microocchiatura concentrata al centro,4,49143
Profumo::moderato nota non convincente di verdura cotta,Profumo,Moderato. Nota non convincente di verdura cotta,4,49177
Sapore::acido e amaro manca di tutto il resto,Sapore,Acido e amaro. Manca di tutto il resto,4,49178
Struttura della Pasta::stirata in un angolo sotto scalzo e sotto piatto,Struttura della Pasta,Stirata in un angolo sotto scalzo e sotto piatto,4,49180
Struttura della Pasta::manca ne commentii cristalli,Struttura della Pasta,Manca ne commentii cristalli,4,49181
Struttura della Pasta::le diverse strutture sono ben separate tra loro zona spugnosa in centro,Struttura della Pasta,"Le diverse strutture sono ben separate tra loro, zona spugnosa in centro",4,49182
Colore della Pasta::colore molto chiaro ma di diverse tonalità,Colore della Pasta,Colore molto chiaro ma di diverse tonalità,4,49183
Profumo::intensità leggera poco complesso panna e burro stop,Profumo,Intensità leggera. Poco complesso. Panna e burro. Stop,4,49184
Sapore::acido e amaro dominano non dolce,Sapore,Acido e amaro dominano. Non dolce,4,49185
Texture::friabile con piccoli cristalli farinoso ed asciutto nel finale,Texture,Friabile con piccoli cristalli. Farinoso ed asciutto nel finale,4,49187
Spessore della Crosta::colore che sfuma su base di colore molto carico,Spessore della Crosta,Colore che sfuma su base di colore molto carico,4,49188
Struttura della Pasta::mo leggera,Struttura della Pasta,Mo leggera,4,49189
Struttura della Pasta::piccolissima zona striata in periferia,Struttura della Pasta,Piccolissima zona striata in periferia,4,49191
Colore della Pasta::alone centrale leggerissimo,Colore della Pasta,Alone centrale leggerissimo,4,49192
Sapore::troppo pccante,Sapore,Troppo pccante,4,49307
Texture::molle,Texture,molle,4,49308
Profumo::nota bruciata poco intenso,Profumo,"Nota bruciata, poco intenso",4,49310
Sapore::umami forse in eccesso,Sapore,Umami forse in eccesso,4,49311
Struttura della Pasta::una fessura che deprezza,Struttura della Pasta,Una fessura che deprezza,4,49312
Texture::no friabile no cristalli,Texture,"No friabile, no cristalli",4,49320
Aroma::passato,Aroma,Passato,4,49323
Struttura della Pasta::piccola fessura,Struttura della Pasta,Piccola fessura,4,49325
Struttura della Pasta::pare asciutta,Struttura della Pasta,Pare asciutta,4,49326
Aroma::poco caratteristico,Aroma,Poco caratteristico,4,49328
Struttura della Pasta::stiratura centrale,Struttura della Pasta,Stiratura centrale,4,49329
Profumo::burro fresco molto lattico,Profumo,"Burro fresco, molto lattico",4,49379
Sapore::poco dolce leggermente amaro,Sapore,"Poco dolce, leggermente amaro",4,49380
Aroma::erbe amare carne lessa,Aroma,"Erbe amare, carne lessa",4,49381
Struttura della Pasta::ruvida al centro,Struttura della Pasta,RUVIDA al centro,4,49382
Sapore::poco dolce un poco' amaro,Sapore,"Poco dolce,un poco' amaro",4,49384
Spessore della Crosta::molto chiaro,Spessore della Crosta,Molto chiaro,4,49385
Spessore della Crosta::sottocrosta disidratato fortemente,Spessore della Crosta,Sottocrosta disidratato fortemente,4,49386
Struttura della Pasta::struttura non fine ma discreta al centro nella zona radiale microocchiatura in zone altresì disidratate tendenti al gessato,Struttura della Pasta,Struttura non fine ma discreta al centro. Nella zona radiale microocchiatura in zone altresì disidratate tendenti al gessato,4,49387
Struttura della Pasta::sottocrosta disidratato,Struttura della Pasta,Sottocrosta disidratato,4,49388
Colore della Pasta::giallo saturo ma omogeneo,Colore della Pasta,"Giallo saturo, ma omogeneo",4,49389
Profumo::prima olfazione tra animale e stalla,Profumo,Prima olfazione: tra animale e stalla,4,49390
Profumo::un campione con odore positivo 3 con odore negativo,Profumo,"Un campione con odore positivo, 3 con odore negativo",4,49391
Profumo::alito al caffè,Profumo,Alito al Caffè ...,4,49392
Aroma::nocciola formaggino,Aroma,"Nocciola, formaggino",4,49395
Struttura della Pasta::struttura a scaglie non granulosa,Struttura della Pasta,"Struttura a scaglie, non granulosa",4,49396
Colore della Pasta::bianco grigio,Colore della Pasta,Bianco grigio,4,49397
Aroma::inesistente,Aroma,Inesistente,4,49398
Profumo::intensità notevole,Profumo,Intensità notevole,4,49421
Texture::leggermente allappante,Texture,Leggermente allappante,4,49422
Spessore della Crosta::sottocrosta rosa,Spessore della Crosta,Sottocrosta rosa,4,49423
Struttura della Pasta::circoscritta area spugnosa,Struttura della Pasta,Circoscritta area spugnosa,4,49424
Profumo::dolce,Profumo,Dolce,4,49480
Sapore::non dolce il resto c'è,Sapore,Non dolce. Il resto c'è,4,49482
Struttura della Pasta::area con pasta ruvida più che gessata,Struttura della Pasta,Area con pasta ruvida più che gessata,4,49483
Struttura della Pasta::microocchiatura scarsa,Struttura della Pasta,Microocchiatura scarsa,4,49484
Colore della Pasta::sotto un piatto pasta disidratata colore biancastro,Colore della Pasta,Sotto un piatto pasta disidratata colore biancastro,4,49485
Colore della Pasta::alone è rivolto più verso uno dei due piatti,Colore della Pasta,Alone è rivolto più verso uno dei due piatti,4,49486
Aroma::aroma non confacente il trenting,Aroma,Aroma non confacente il trenting,4,49487
Profumo::buona intensità sentori lattei più d'uno,Profumo,"Buona intensità. Sentori lattei , più d'uno",4,49497
Profumo::burro cotto formaggio cotto,Profumo,"Burro cotto, formaggio cotto",4,49498
Sapore::equilibrato completo dolce,Sapore,"Equilibrato, completo. Dolce",4,49499
Colore della Pasta::le differenze di colore sono minime,Colore della Pasta,Le differenze di colore sono minime,4,49501
Colore della Pasta::il sottocrosta è tendente al rosato e colora anche parte della pasta circostante,Colore della Pasta,Il sottocrosta è tendente al rosato e colora anche parte della pasta circostante,4,49502
Profumo::sentori tostato cotto,Profumo,"Sentori tostato, cotto",4,49504
Sapore::poco umano e sale,Sapore,Poco umano e sale,4,49505
Aroma::glutammato dominante,Aroma,Glutammato dominante,4,49506
Struttura della Pasta::frattura radiale mo diffusa al centro 2 fessure 2,Struttura della Pasta,Frattura radiale mo diffusa al centro 2 fessure 2,4,49508
Struttura della Pasta::parte spugnosa vicino alla fessura e stirata vicino al taglio,Struttura della Pasta,Parte spugnosa vicino alla fessura e stirata vicino al taglio,4,49509
Sapore::non equilibrato quasi poco sale,Sapore,Non equilibrato. Quasi poco sale,4,49511
Struttura della Pasta::area centrale tendente allo stirato,Struttura della Pasta,Area centrale tendente allo stirato,4,49512
Struttura della Pasta::tantissimi punti di tirosina,Struttura della Pasta,Tantissimi punti di tirosina,4,49583
Profumo::prima olfazione non gradita la definisco nostrano,Profumo,Prima olfazione non gradita. La definisco nostrano,4,49584
Struttura della Pasta::centro buona struttura fine ai bordi diversa frattura pessima,Struttura della Pasta,Centro buona struttura fine. Ai bordi diversa. Frattura pessima,4,49585
Colore della Pasta::appena più saturo al centro,Colore della Pasta,Appena più saturo al centro,4,49590
Colore della Pasta::più che alone è una fascia centrale più scura,Colore della Pasta,Più che alone è una fascia centrale più scura,4,49591
Struttura della Pasta::non regolarissima la frattura,Struttura della Pasta,Non regolarissima la frattura,4,49594
Spessore della Crosta::molto fine nei piatti,Spessore della Crosta,Molto fine nei piatti!,4,49596
Sapore::salato e non dolce,Sapore,Salato e non dolce,4,49597
Colore della Pasta::appena più chiara ai bordi,Colore della Pasta,Appena più chiara ai bordi,4,49598
Aroma::al primo olfatto e poi all'aroma sentori di nostrano che vanno e vengono non tipici,Aroma,"Al primo olfatto e poi all'Aroma sentori di nostrano, che vanno e vengono, non tipici",4,49635
Aroma::non me lo fa salvare,Aroma,Non me lo fa salvare!,4,49636
Spessore della Crosta::crosta netta non presente sottocrosta,Spessore della Crosta,Crosta netta. Non presente sottocrosta,4,49637
Colore della Pasta::alone e verde appena accennati,Colore della Pasta,Alone e verde appena accennati!,4,49639
Profumo::tanti sentori nella categoria panna,Profumo,Tanti sentori nella categoria panna,4,49645
Spessore della Crosta::colore rossastra da un lato e grigio dall'altro,Spessore della Crosta,Colore rossastra da un lato e grigio dall'altro,4,49646
Aroma::tanta frutta,Aroma,Tanta frutta,4,49649
Struttura della Pasta::disidratata a zone,Struttura della Pasta,Disidratata a zone,4,49651
Struttura della Pasta::zona sottocrosta gessata,Struttura della Pasta,Zona sottocrosta gessata,4,49652
Profumo::lieve e iniziale,Profumo,Lieve e iniziale,4,49653
Aroma::inconsistente,Aroma,Inconsistente,4,49654
Spessore della Crosta::colore sottocrosta di colore diverso tra piatti,Spessore della Crosta,Colore sottocrosta di colore diverso tra piatti,4,49655
Aroma::cacao amaro vecchio medicinale,Aroma,"Cacao amaro vecchio, medicinale",4,49658
Texture::friabilità e granulosità elevate,Texture,Friabilità e granulosità elevate,4,49659
Struttura della Pasta::pasta tendente al ruvido in una area centrale,Struttura della Pasta,Pasta tendente al RUVIDO in una area centrale,4,49660
Colore della Pasta::presenza di una potenziale macchia al centro non considerata nel voto perché nascosta dal taglio a coltello,Colore della Pasta,Presenza di una potenziale macchia al centro NON CONSIDERATA NEL VOTO perché nascosta dal taglio a coltello,4,49661
Colore della Pasta::abbastamza omogeneo,Colore della Pasta,abbastamza omogeneo,4,49662
Sapore::il sapore è molto blando,Sapore,Il sapore è molto blando,8,49740
Aroma::aroma quasi impercettibile,Aroma,Aroma quasi impercettibile,8,49741
Profumo::y0gurth,Profumo,Y0gurth,8,49749
Texture::pochi cristalli peccato,Texture,Pochi cristalli..peccato,8,49750
Struttura della Pasta::sotto un piatto zona con piccoli strappi,Struttura della Pasta,Sotto un piatto zona con piccoli strappi,8,49751
Profumo::su uno dei pezzi note di ossidato,Profumo,"Su uno dei pezzi, note di ossidato",8,49752
Profumo::miele intenso,Profumo,"Miele,intenso",8,49753
Aroma::idrocarburi,Aroma,Idrocarburi,8,49755
Struttura della Pasta::piccoli strappi sotto 1 puatto,Struttura della Pasta,Piccoli strappi sotto 1 puatto,8,49756
Profumo::balsamico liquirizia,Profumo,Balsamico liquirizia,4,49791
Colore della Pasta::macchie rosate difficili da vedere,Colore della Pasta,Macchie rosate difficili da vedere,4,49792
Profumo::caffè cacao amaro,Profumo,"Caffè,cacao amaro",4,49793
Colore della Pasta::fascia bianca con zona diffusa rosa,Colore della Pasta,Fascia bianca con zona diffusa rosa,4,49795
Profumo::erbe balsamiche,Profumo,Erbe Balsamiche,12,49803
Sapore::ottimo equilibrio tra le diverse note,Sapore,Ottimo equilibrio tra le diverse note,4,49804
Sapore::salato e piccante disarmonico,Sapore,Salato e piccante disarmonico,4,49805
Colore della Pasta::alone quasi bianco di 1cm,Colore della Pasta,Alone quasi bianco di 1cm,4,49806
Sapore::molto equilibrio e complessità delle note,Sapore,Molto equilibrio e complessità delle note,4,49807
Sapore::lievissima nota amara,Sapore,Lievissima nota amara,4,49859
Spessore della Crosta::pulita,Spessore della Crosta,Pulita,8,49860
Struttura della Pasta::uno strappo profondo di 10 cm,Struttura della Pasta,Uno strappo profondo di 10 cm,4,49861
Struttura della Pasta::non considero lo spacco,Struttura della Pasta,Non considero lo spacco,4,49862
Struttura della Pasta::enorme fessura centrale,Struttura della Pasta,Enorme fessura centrale,8,49863
Struttura della Pasta::fessura di oltre 6 cm,Struttura della Pasta,Fessura di oltre 6 cm,4,49864
Profumo::intensità bassissima,Profumo,Intensità bassissima,4,49866
Profumo::troppo delicato,Profumo,Troppo delicato,8,49867
Spessore della Crosta::rosure,Spessore della Crosta,Rosure,4,49870
Struttura della Pasta::molte fratture sia piccole sotto piatto che grandi centrali,Struttura della Pasta,Molte fratture sia piccole sotto piatto che grandi centrali,4,49872
Struttura della Pasta::sfogliata,Struttura della Pasta,Sfogliata,4,49873
Struttura della Pasta::piccola area spagnola concentrata su uno scalzo,Struttura della Pasta,Piccola area spagnola concentrata su uno scalzo,4,49874
Colore della Pasta::molte macchie rosa che ddanno una fascia,Colore della Pasta,Molte macchie rosa che ddanno una Fascia,4,49875
Profumo::acre,Profumo,Acre,4,49876
Sapore::leggermente astringente,Sapore,Leggermente astringente,4,49877
Sapore::tendenza dolce prevalente,Sapore,Tendenza dolce prevalente,4,49878
Struttura della Pasta::stirata nella zona centrale,Struttura della Pasta,Stirata nella zona centrale,4,49879
Profumo::solo una porzione su 4 è fortemente negativa,Profumo,Solo una porzione su 4 è fortemente negativa,4,49881
Aroma::prevalgono le note cotte,Aroma,Prevalgono le note cotte,4,49884
Struttura della Pasta::leggermente stirata al centro,Struttura della Pasta,Leggermente stirata al centro,4,49885
Struttura della Pasta::grande strappo centrale lucidando occhio 3 2cm diam,Struttura della Pasta,Grande strappo centrale lucidando occhio 3 2cm diam,4,49886
Struttura della Pasta::un terzo della forma invece è da 8,Struttura della Pasta,Un terzo della forma invece è da 8,4,49888
Struttura della Pasta::occhio di 1 5cm e fessura di oltre 8 cm,Struttura della Pasta,"Occhio di 1,5cm e fessura di oltre 8 cm",4,49889
Texture::si intende no cristalli,Texture,Si intende no cristalli,4,49921
Struttura della Pasta::la pasta sotto un piatto presenta leggera striature,Struttura della Pasta,La pasta sotto un piatto presenta leggera striature,4,49922
Profumo::quasi nota acetica,Profumo,Quasi nota acetica,4,49923
Profumo::solvente acetone,Profumo,Solvente acetone,4,49997
Sapore::buon equilibrio manca il dolce e un poco' troppo amaro,Sapore,"Buon equilibrio, manca il dolce, e un poco' troppo amaro",4,49998
Texture::poco granuloso,Texture,Poco granuloso,4,49999
Sapore::amaro e il salato finemente rispetto al piccante,Sapore,"Amaro, e il salato finemente rispetto al piccante",4,50001
Aroma::molto debole,Aroma,Molto debole,4,50004
Aroma::oggi sono raffreddato,Aroma,Oggi sono raffreddato,4,50005
Texture::cristalli quasi assenti compatto,Texture,"Cristalli quasi assenti, compatto",4,50007
Sapore::poco miami,Sapore,"Poco Miami,",4,50010
Profumo::neutro,Profumo,Neutro,8,50056
Profumo::cavolo cotto,Profumo,Cavolo cotto,4,50057
Aroma::leggera fermentazione,Aroma,Leggera fermentazione,4,50059
Struttura della Pasta::fascia sotto un piatto (bianca) con struttura diversa più fine,Struttura della Pasta,Fascia sotto un piatto (BIANCA) con struttura diversa più fine,4,50061
Struttura della Pasta::non considero le due fessurette,Struttura della Pasta,Non considero le due fessurette,4,50062
Struttura della Pasta::disidratata al centro,Struttura della Pasta,Disidratata al centro,4,50063
Colore della Pasta::alone centrale molto carico,Colore della Pasta,Alone centrale molto carico,4,50064
Aroma::buono ma poco intenso,Aroma,"Buono, ma poco intenso",4,50075
Struttura della Pasta::stirata si intende leggermente,Struttura della Pasta,Stirata si intende leggermente!,4,50076
Profumo::leggero pungente all'inizio da butirrico,Profumo,"Leggero, pungente all'inizio da butirrico?",4,50077
Texture::non granuloso aggiungere residuo a faticoso sabbioso,Texture,"Non granuloso, aggiungere residuo a faticoso sabbioso ,,...",4,50080
Struttura della Pasta::grani grossi e arrotondota,Struttura della Pasta,Grani grossi e arrotondota,4,50082
Struttura della Pasta::grana grossa arrotondata,Struttura della Pasta,Grana grossa arrotondata,4,50083
Profumo::erbacea alo apertura della vaschetta ossidato e crosta dominanti su frattura fresca,Profumo,"Erbacea alo, apertura della vaschetta, ossidato e crosta dominanti su frattura fresca",4,50085
Colore della Pasta::fascia più chiara sotto 1 piatto,Colore della Pasta,Fascia più chiara sotto 1 piatto,4,50088
Spessore della Crosta::un piatto è il doppio dell' altro,Spessore della Crosta,Un piatto è il doppio dell' altro,4,50153
Struttura della Pasta::profonda fessura che attraversa la forma,Struttura della Pasta,Profonda fessura che attraversa la forma,4,50154
Struttura della Pasta::importante frattura,Struttura della Pasta,Importante frattura,4,50155
Struttura della Pasta::manca la granulosità,Struttura della Pasta,Manca la granulosità,4,50157
Struttura della Pasta::grande fessura longitudinale lunga più della metà della forma,Struttura della Pasta,"Grande fessura longitudinale, lunga più della metà della forma",4,50158
Sapore::dolciastro più che dolce,Sapore,Dolciastro più che.dolce,4,50160
Texture::non granulosità,Texture,Non granulosità,4,50161
Struttura della Pasta::voto positivo non considerando una vistosa spaccatura,Struttura della Pasta,Voto positivo non considerando una vistosa spaccatura,4,50163
Struttura della Pasta::una piccola fessura di 3 cm,Struttura della Pasta,Una piccola fessura di 3 cm,4,50164
Texture::senza granulosità,Texture,Senza granulosità,4,50166
Profumo::ho segnato cuoio ma in realtà ho sentito odore di suola di scarpe o gomma,Profumo,"Ho segnato cuoio ma in realtà ho sentito odore di suola di scarpe, o gomma",4,50167
Profumo::cipolla,Profumo,Cipolla,4,50168
Profumo::cacao alito da caffè,Profumo,"Cacao, alito da caffè",4,50169
Texture::no granulosità,Texture,No granulosità,4,50171
Struttura della Pasta::in un angolo sembra molto più umida,Struttura della Pasta,In un angolo sembra molto più umida,4,50172
Struttura della Pasta::piccola area spagnola della grandezza di una noce,Struttura della Pasta,Piccola area spagnola della grandezza di una noce,4,50173
Profumo::sentore di grasso animale ossidato (eg salame invecchiato),Profumo,Sentore di grasso animale ossidato (eg: salame invecchiato),4,50174
Texture::non friabile compatto,Texture,"Non friabile, compatto",4,50176
Struttura della Pasta::macchie rosa,Struttura della Pasta,macchie rosa,4,50177
Struttura della Pasta::enorme occhio sieroso,Struttura della Pasta,Enorme occhio sieroso,4,50178
Struttura della Pasta::grande occhio,Struttura della Pasta,Grande occhio,4,50179
Colore della Pasta::numerose e grosse macchie rosate,Colore della Pasta,Numerose e grosse macchie rosate,4,50180
Profumo::ammoniaca solo alla apertura dopo profumo troppo delicato,Profumo,"Ammoniaca solo alla apertura,dopo profumo troppo delicato",4,50202
Struttura della Pasta::presenza di micro occhiatura non significativa,Struttura della Pasta,Presenza di micro occhiatura non significativa,4,50203
Profumo::profumo debole,Profumo,Profumo debole,4,50280
Profumo::fermentazione da clostridium sporogenes,Profumo,Fermentazione da Clostridium sporogenes,4,50281
Sapore::difficile da giudicare perché immangiabile,Sapore,Difficile da giudicare perché immangiabile,4,50283
Aroma::immangiabile fermentazione da clostridium sporogenes,Aroma,Immangiabile Fermentazione da Clostridium sporogenes,4,50284
Texture::difficile da giudicare perché immagiabile,Texture,Difficile da giudicare perché immagiabile,4,50285
Struttura della Pasta::zona centrale con fitta microocchiatura su pasta rosa e in un punto pasta biancastra,Struttura della Pasta,Zona centrale con fitta microocchiatura su pasta rosa e in un punto pasta biancastra,4,50286
Struttura della Pasta::grosso accumulo di cristalli sembra sierosa,Struttura della Pasta,"Grosso accumulo di cristalli,sembra sierosa",4,50287
Struttura della Pasta::macchia bianca come fosse muffa,Struttura della Pasta,Macchia bianca come fosse muffa,4,50288
Colore della Pasta::macchia grigio rosa non conforme,Colore della Pasta,Macchia grigio rosa NON CONFORME,4,50289
Struttura della Pasta::occhitura da 1 mm a 4 mm dffusa al centro e verso un lato e sotto un piatto,Struttura della Pasta,Occhitura da 1 mm a 4 mm dffusa al centro e verso un lato e sotto un piatto,4,50301
Profumo::soprattutto uovo sodo zolfo,Profumo,"Soprattutto uovo sodo, zolfo",4,50303
Sapore::astringente,Sapore,Astringente,8,50305
Texture::malleabile deformabile,Texture,Malleabile deformabile,4,50306
Struttura della Pasta::zona centrale on tante piccole fessure e aspetto sgretolato,Struttura della Pasta,Zona centrale on tante piccole fessure e aspetto sgretolato,4,50307
Struttura della Pasta::slegata,Struttura della Pasta,Slegata,4,50308
Texture::pochi,Texture,Pochi,4,50408
Profumo::pozzo acqua stagnante,Profumo,"Pozzo, acqua stagnante",4,50413
Spessore della Crosta::sotto,Spessore della Crosta,Sotto,4,50414
Profumo::alito di caffè,Profumo,Alito di caffè,4,50431
Colore della Pasta::alone rosa centrale,Colore della Pasta,Alone rosa centrale,4,50433
Texture::non friabile non granuloso,Texture,Non friabile non granuloso,4,50435
Texture::mancanza di cristalli,Texture,Mancanza di cristalli,4,50436
Aroma::poco persistente sparisce subito,Aroma,"Poco persistente, sparisce subito",4,50437
Aroma::texture da modificare troppo friabile,Aroma,"Texture da modificare, troppo friabile.",4,50447
Profumo::teli sporchi,Profumo,Teli sporchi,4,50449
Texture::indeformabile plastico,Texture,Indeformabile plastico,4,50450
Struttura della Pasta::piccole fratture al di sotto di un piatto,Struttura della Pasta,Piccole fratture al di sotto di un piatto,4,50485
Colore della Pasta::piatto staccato,Colore della Pasta,Piatto staccato,4,50486
Texture::sento le perle,Texture,Sento le perle,8,50492
Struttura della Pasta::tante piccole spaccature nei pressi di uno scalzo,Struttura della Pasta,Tante pIccole spaccature nei pressi di uno scalzo,4,50494
Struttura della Pasta::molti occhi grandi da 1 a 5 mm fratture un da 3 5 cm,Struttura della Pasta,"Molti occhi grandi da 1 a 5 mm, fratture un da 3,5 cm",4,50495
Profumo::all’apertura più evidente od sgradevole,Profumo,All’apertura più evidente od sgradevole,4,50519
Sapore::leggermente contrastante,Sapore,Leggermente contrastante,4,50520
Aroma::leggermente mentolato,Aroma,Leggermente mentolato,4,50521
Spessore della Crosta::sullo scalzo colore sottocrosta rosato,Spessore della Crosta,Sullo scalzo colore sottocrosta rosato,4,50526
Spessore della Crosta::un piatto molto bello,Spessore della Crosta,Un piatto molto bello,4,50527
Colore della Pasta::colore rosato sfumato sotto lo scalzo vicino alla crosta,Colore della Pasta,colore rosato sfumato sotto lo scalzo vicino alla crosta,4,50528
Colore della Pasta::macchia rosa sotto scalzo,Colore della Pasta,Macchia rosa sotto scalzo,4,50529
Spessore della Crosta::difficile vedere lo spessore a causa della disidratazione della pasta,Spessore della Crosta,Difficile vedere lo spessore a causa della disidratazione della pasta,4,50532
Profumo::gomma bruciata più evidente all’apertura,Profumo,Gomma bruciata più evidente all’apertura,4,50541
Sapore::non sembra grana,Sapore,Non sembra grana,4,50542
Spessore della Crosta::begli angoli,Spessore della Crosta,Begli angoli,4,50543
Spessore della Crosta::divero colore fra i due scalzi,Spessore della Crosta,Divero colore fra i due scalzi,4,50544
Spessore della Crosta::colore sfumato su base scura difficile vedere dove finisce,Spessore della Crosta,Colore sfumato su base scura difficile vedere dove finisce,4,50549
Struttura della Pasta::centro diverso (grana più piccola sembra umido ) rispetto al resto presenza di briciole,Struttura della Pasta,Centro diverso (grana più piccola sembra umido ) rispetto al resto presenza di briciole,4,50550
Colore della Pasta::a causa della frattura e del la pasta al centro con un aspetto bagnato pastoso non sono sicura delle macchie,Colore della Pasta,A causa della frattura e del la pasta al centro con un aspetto bagnato pastoso non sono sicura delle macchie,4,50552
Struttura della Pasta::estesa frattura di oltre 12 cm,Struttura della Pasta,Estesa frattura di oltre 12 cm,4,50595
Struttura della Pasta::leggera impugnatura in zona centrale,Struttura della Pasta,Leggera impugnatura in zona centrale,4,50596
Profumo::panna cotta,Profumo,Panna cotta,4,50601
Profumo::plastica bruciata,Profumo,Plastica bruciata,4,50637
Sapore::medio ma non intenso il sapore,Sapore,Medio ma non intenso il sapore,4,50638
Aroma::mentolato,Aroma,Mentolato,8,50639
Sapore::sapido ma piacevole,Sapore,Sapido ma piacevole!,4,50647
Texture::pezzi molto diversi,Texture,Pezzi molto diversi,4,50648
Colore della Pasta::colore carico sotto uno scalzo e sfumate rosate al bordo dell’ alone,Colore della Pasta,Colore carico sotto uno scalzo E sfumate rosate al bordo dell’ alone,4,50651
Colore della Pasta::fascia colorata rosata sotto un piatto,Colore della Pasta,Fascia colorata rosata sotto un piatto,4,50652
Colore della Pasta::strisce rosa,Colore della Pasta,Strisce rosa,4,50653
Struttura della Pasta::struttura a scaglie su un lato,Struttura della Pasta,Struttura a Scaglie su un lato,4,50679
Aroma::passato…,Aroma,Passato…,4,50680
Colore della Pasta::rosato,Colore della Pasta,Rosato,4,50681
Colore della Pasta::sfumatura scusa dai piatti verso l’interno più chiaro,Colore della Pasta,Sfumatura scusa dai piatti verso l’interno più chiaro,4,50682
Profumo::crauti acidi,Profumo,Crauti acidi,4,50687
Spessore della Crosta::colore di fondo scuro,Spessore della Crosta,Colore di fondo scuro,4,50691
Spessore della Crosta::una tara che entra nel sottocrosta sullo scalzo,Spessore della Crosta,Una tara che entra nel sottocrosta sullo scalzo,4,50707
Struttura della Pasta::grana grossolana non perfettamente omogenea,Struttura della Pasta,"Grana grossolana, non perfettamente omogenea",4,50708
Profumo::paglia sporca,Profumo,Paglia sporca,4,50709
Spessore della Crosta::colore sottocrosta molto sfumato,Spessore della Crosta,Colore sottocrosta molto sfumato,4,50711
Profumo::all' apertura plastica bruciata,Profumo,All' apertura plastica bruciata,4,50717
Profumo::liquirizia radice,Profumo,Liquirizia radice,4,50718
Sapore::pungente sulla lingua più che piccante,Sapore,Pungente sulla lingua più che piccante,4,50719
Sapore::polvere,Sapore,Polvere,4,50726
Struttura della Pasta::metà forma ha una bella struttura,Struttura della Pasta,Metà forma ha una bella struttura,4,50729
Profumo::vaniglia all’apertura,Profumo,Vaniglia all’apertura,4,50765
Profumo::molto interessante,Profumo,Molto interessante,8,50767
Sapore::leggermente contrasto dolce/amaro,Sapore,Leggermente contrasto dolce/amaro,4,50768
Struttura della Pasta::zona centrale quasi spugnosa,Struttura della Pasta,Zona centrale quasi spugnosa,4,50769
Texture::scagliette e non granuli,Texture,Scagliette e non granuli,4,50774
Spessore della Crosta::colore di fondo carico,Spessore della Crosta,Colore di fondo carico,12,50775
Struttura della Pasta::microfratture diffuse,Struttura della Pasta,Microfratture diffuse,4,50776
Struttura della Pasta::struttura sabbiosa,Struttura della Pasta,Struttura sabbiosa,4,50799
Struttura della Pasta::umido,Struttura della Pasta,Umido,4,50800
Colore della Pasta::ho però il dubbio delle macchie rosa qui non le ho considerate,Colore della Pasta,Ho però il dubbio delle macchie rosa qui non le ho considerate,4,50803
Struttura della Pasta::sotto un piatto pasta a scaglie,Struttura della Pasta,Sotto un piatto pasta a scaglie,4,50805
Profumo::intensità messa negativa perché non piacevole puzza,Profumo,"Intensità messa negativa perché non piacevole, puzza,,,,",4,50809
Struttura della Pasta::sembra esserci una fessura sotto ila frattura ma non sono sicura,Struttura della Pasta,Sembra esserci una fessura sotto ila frattura ma non sono sicura,4,50810
Colore della Pasta::sicura sotto piatto,Colore della Pasta,Sicura sotto piatto,4,50811
Profumo::radici fresche,Profumo,Radici fresche,4,50813
Struttura della Pasta::peccato per la fessura grossa,Struttura della Pasta,Peccato per la fessura grossa!,4,50816
Colore della Pasta::lèggerissimo alone rosa centrale,Colore della Pasta,Lèggerissimo alone rosa centrale,4,50817
Aroma::polveroso,Aroma,Polveroso,8,50858
Aroma::all’aroma non sento più il provolone…,Aroma,All’aroma non sento più il provolone…,4,50860
Colore della Pasta::fascia verdastra sotto piatto,Colore della Pasta,Fascia verdastra sotto piatto,4,50861
Sapore::molto leggere le sensazioni segnate sul sapore,Sapore,Molto leggere le sensazioni segnate sul sapore,4,50888
Colore della Pasta::fascia di colore sotto crosta marrone che sfuma verso l’interno,Colore della Pasta,Fascia di Colore sotto crosta marrone che sfuma verso l’interno,4,50889
Profumo::polvere anche,Profumo,"Polvere anche,,,",4,50893
Spessore della Crosta::sotto crosta macchiato di nero sullo scalzo marciume,Spessore della Crosta,"Sotto crosta macchiato di nero sullo scalzo, marciume?",4,50895
Spessore della Crosta::tare nella crosta e sottocrosta,Spessore della Crosta,Tare nella crosta e Sottocrosta,4,50896
Aroma::il voto inerente a stalla sono stati due momenti e poi sparisce subito per il salato ne manca un poco’,Aroma,"Il voto inerente a stalla sono stati due momenti e poi sparisce subito, per il salato ne manca un poco’",4,50905
Struttura della Pasta::a tratti struttura bella bella,Struttura della Pasta,A tratti struttura bella bella,4,50906
Sapore::molto saporito deciso leggermente tendente al piccante con una punta di acido che non da fastidio,Sapore,"Molto saporito, deciso, Leggermente tendente al piccante con una punta di acido che non da fastidio",7,50931
Texture::un poco’ umido,Texture,"Un poco’ umido,",7,50932
Struttura della Pasta::struttura interamente compromessa da fessurazioni anche profonde forma non valutabile,Struttura della Pasta,"Struttura interamente compromessa da fessurazioni anche profonde, Forma non valutabile",7,50933
Colore della Pasta::tante e vistose fessure da 1 e 2 cm soprattutto in corrispondenza di un piatto e suoi scalzi una grande fessura longitudinale lunga più di 8 cm,Colore della Pasta,"Tante e vistose fessure da 1 e 2 cm, soprattutto in corrispondenza di un piatto e suoi scalzi, Una grande fessura longitudinale lunga più di 8 cm",7,50934
Spessore della Crosta::colore pasta molto carico lo stacco tra crosta e pasta si vede poco,Spessore della Crosta,Colore pasta molto carico lo stacco tra crosta e pasta si vede poco,4,50935
Aroma::valutato durante foto …,Aroma,"Valutato durante foto …,",4,50948
Struttura della Pasta::tutta la mezza forma presenta una spugnatura grossa i cui occhi misurano 1 5mm,Struttura della Pasta,"Tutta la mezza forma presenta una spugnatura grossa, i cui occhi misurano 1,5mm",4,50949
Colore della Pasta::colore sotto un piatto marrone rossiccio,Colore della Pasta,Colore sotto un piatto marrone rossiccio,4,50950
Struttura della Pasta::la parte centrale sembra appartenere ad un'altra forma la parte esterna sarebbe bellissima,Struttura della Pasta,La parte centrale sembra appartenere ad un'altra forma. La parte esterna sarebbe bellissima,4,51008
Colore della Pasta::alone colore salmone,Colore della Pasta,Alone colore salmone,4,51009
Sapore::forse voto troppo alto,Sapore,Forse voto troppo alto,4,51010
Aroma::burro sciolto,Aroma,Burro sciolto,4,51012
Struttura della Pasta::struttura slegata,Struttura della Pasta,Struttura slegata,4,51013
Struttura della Pasta::molto umida,Struttura della Pasta,Molto umida,4,51014
Colore della Pasta::colore salmone,Colore della Pasta,Colore salmone,4,51015
Struttura della Pasta::3 vistose spaccature di oltre 4 cm altre più piccole occhi di 1 e 2 mm,Struttura della Pasta,"3 Vistose spaccature di oltre 4 cm, altre più piccole. Occhi di 1 e 2 mm",4,51024
Struttura della Pasta::presenta 3 grane diverse quella centrale molto particolare anomala,Struttura della Pasta,"Presenta 3 grane diverse. Quella centrale molto particolare, anomala",4,51026
Spessore della Crosta::carico ma sottile,Spessore della Crosta,Carico ma sottile,4,51048
Struttura della Pasta::parte centrale spugnosa per microocchiatura molto fitta esterno grana fine con perle,Struttura della Pasta,"Parte centrale spugnosa per microocchiatura molto fitta, esterno grana fine con perle",4,51049
Colore della Pasta::fascia rosa arancio sotto un piatto parte centrale,Colore della Pasta,Fascia rosa arancio sotto un piatto parte centrale,4,51050
Texture::perle fastidiose,Texture,Perle fastidiose,4,51054
Spessore della Crosta::colore carico della pasta,Spessore della Crosta,Colore carico della pasta,4,51057
Sapore::è sapido ma molto interessante,Sapore,È sapido ma molto interessante,4,51062
Aroma::piuttostoanonimo,Aroma,Piuttostoanonimo,4,51063
Spessore della Crosta::chiara ma spessa,Spessore della Crosta,Chiara ma spessa,4,51064
Aroma::bitter,Aroma,Bitter,4,51071
Sapore::non sa da grana,Sapore,Non sa da grana,4,51100
Spessore della Crosta::colore sottocrosta grigiastro su sfondo molto carico,Spessore della Crosta,Colore sottocrosta grigiastro su sfondo molto carico,4,51101
Spessore della Crosta::uno scalzo bruttissimo il resto buona,Spessore della Crosta,Uno scalzo bruttissimo. Il resto buona,4,51103
Spessore della Crosta::uno scalzo più pronunciato,Spessore della Crosta,Uno scalzo più pronunciato,4,51104
Struttura della Pasta::sembra un poco’ asciutta,Struttura della Pasta,Sembra un poco’ asciutta,4,51106
Colore della Pasta::verso uno degli scalzi vira verso il rosato marrone,Colore della Pasta,Verso uno degli scalzi vira verso il rosato marrone,4,51107
Colore della Pasta::verso uno scalzo carichissima di colore,Colore della Pasta,"Verso uno scalzo, carichissima di colore",4,51108
Colore della Pasta::disidratata solo da una parte,Colore della Pasta,Disidratata solo da una parte,4,51109
Colore della Pasta::fascia rossa sotto scalzo,Colore della Pasta,Fascia rossa sotto scalzo,4,51110
Profumo::odori solo all’apertura,Profumo,Odori solo all’apertura,4,51122
Struttura della Pasta::strano effetto,Struttura della Pasta,Strano effetto,4,51123
Profumo::molto tenue,Profumo,Molto tenue,4,51126
Profumo::ananas e caramella mu,Profumo,Ananas e caramella mu,4,51127
Struttura della Pasta::microocchiatura in piccolissima area centrale,Struttura della Pasta,Microocchiatura in piccolissima area centrale,4,51128
Profumo::balsamico eucalipto,Profumo,Balsamico eucalipto,4,51132
Spessore della Crosta::colore moltosfumato,Spessore della Crosta,Colore moltosfumato,4,51134
Struttura della Pasta::un singolo occhio da 1cm fessure un da 1cm due da 2cm e altre più piccole,Struttura della Pasta,"Un singolo occhio da 1cm, fessure un da 1cm, due da 2cm e altre più piccole",4,51135
Colore della Pasta::al centro macchia grande rosa grigio,Colore della Pasta,Al centro macchia grande rosa grigio,4,51136
Colore della Pasta::piccolo alone centrale grigiastro,Colore della Pasta,Piccolo alone centrale grigiastro,4,51137
Profumo::peccato perla leggera nota animale,Profumo,"Peccato perla leggera nota animale,,",4,51188
Sapore::perde in equilibrio,Sapore,Perde in equilibrio,4,51189
Aroma::non molto espressivo,Aroma,Non molto espressivo,4,51190
Colore della Pasta::verso uno dei 2scalzi colore più intenso rossiccio,Colore della Pasta,Verso uno dei 2scalzi colore più intenso rossiccio,4,51191
Colore della Pasta::colore molto carico verso uno scalzo,Colore della Pasta,Colore molto carico verso uno scalzo,4,51192
Colore della Pasta::fascia scura sotto un piatto fascia chiara sotto l’altro,Colore della Pasta,"Fascia scura sotto un piatto, fascia chiara sotto l’altro",4,51196
Profumo::minerale roccia,Profumo,Minerale-roccia,4,51197
Sapore::amaro ma insipido,Sapore,Amaro ma insipido,4,51198
Aroma::piuttosto debole,Aroma,Piuttosto debole,4,51199
Sapore::imperfezioni leggere,Sapore,Imperfezioni leggere,4,51215
Profumo::intrigante,Profumo,Intrigante,4,51216
Sapore::equilibrato e complesso,Sapore,Equilibrato e complesso,4,51217
Aroma::anche l’aroma è interessante e duraturo,Aroma,"Anche L’aroma è interessante e duraturo,,,",4,51218
Texture::ho segnato durezza positiva perché ritengo abbia una bella espressione,Texture,"Ho segnato durezza positiva perché ritengo abbia una bella espressione,",4,51219
Struttura della Pasta::piccoli occhi presenti in un area molto ridotta di 3cm cieca,Struttura della Pasta,Piccoli occhi presenti in un area molto ridotta di 3cm cieca,4,51265
Struttura della Pasta::microocchiatura veramente minima quasi inesistente,Struttura della Pasta,"Microocchiatura veramente minima, quasi inesistente",4,51273
Profumo::eucalipto,Profumo,Eucalipto?,4,51280
Sapore::appena una punta di amarognolo,Sapore,Appena una punta di amarognolo,4,51281
Texture::gestire mediocre,Texture,Gestire mediocre,4,51283
Aroma::sovrastato da sapore,Aroma,Sovrastato da sapore,4,51315
Struttura della Pasta::al centro 2 grappoli di occhi,Struttura della Pasta,Al centro 2 grappoli di occhi,4,51316
Struttura della Pasta::al centro spugnosa,Struttura della Pasta,Al centro spugnosa,4,51320
Colore della Pasta::fascia centrale,Colore della Pasta,Fascia centrale,4,51321
Aroma::più fumo che bruciato,Aroma,Più fumo che bruciato,4,51325
Aroma::sangue…,Aroma,Sangue…,4,51348
Profumo::solo all’apertura stagnante,Profumo,Solo all’apertura stagnante,4,51351
Struttura della Pasta::pasta a scaglie sotto un piatto,Struttura della Pasta,Pasta a Scaglie sotto un piatto,4,51352
Profumo::cavolo odori più evidenti all’apertura,Profumo,"Cavolo, odori più evidenti all’apertura",4,51353
Profumo::sa di muffa bianca del camembert,Profumo,Sa di muffa bianca del camembert,4,51354
Struttura della Pasta::scaglioso sotto un piatto,Struttura della Pasta,Scaglioso sotto un piatto,4,51365
Profumo::gomma bruciata,Profumo,Gomma bruciata,8,51388
Aroma::piuttosto anonimo rispetto al naso,Aroma,Piuttosto anonimo rispetto al naso...,4,51389
Aroma::stantio=polveroso,Aroma,Stantio=polveroso,4,51390
Struttura della Pasta::2 fessure da 4 cm,Struttura della Pasta,2 Fessure da 4 Cm,4,51392
Profumo::odore stantio e cipolla solo all’apertura,Profumo,Odore stantio e cipolla solo all’apertura,4,51394
Texture::sembra più giovane,Texture,Sembra più giovane,4,51395
Sapore::sapidità bruciante,Sapore,Sapidità bruciante,4,51404
Aroma::sabbioso,Aroma,Sabbioso,4,51405
Struttura della Pasta::un occhio da 1cm,Struttura della Pasta,Un occhio da 1cm,4,51406
Struttura della Pasta::occhi piccoli 1mm abbonamenti e diffusi,Struttura della Pasta,Occhi piccoli 1mm abbonamenti e diffusi,4,51407
Aroma::untuoso dimenticavo,Aroma,"Untuoso, dimenticavo...",4,51414
Spessore della Crosta::colore sotto crosta grigio da un lato rossastra dall'altro,Spessore della Crosta,Colore sotto crosta grigio da un lato rossastra dall'altro,4,51449
Struttura della Pasta::impaccata schiacciata,Struttura della Pasta,"Impaccata, schiacciata",4,51453
Sapore::sapidità assente o debole,Sapore,Sapidità assente o debole,4,51472
Aroma::piccantino ma buono,Aroma,Piccantino ma buono,4,51473
Struttura della Pasta::su metà forma si notano grandi occhi da 5 7 mm e fessura da 2 cm,Struttura della Pasta,"Su metà forma si notano grandi occhi da 5, 7 mm e fessura da 2 cm",4,51478
Struttura della Pasta::grossolana ma omogenea,Struttura della Pasta,"Grossolana, ma omogenea",4,51479
Colore della Pasta::1/5 più chiaro del resto,Colore della Pasta,1/5 più chiaro del resto,4,51481
Sapore::ha quella nota in più,Sapore,Ha quella nota in più,4,51482
Spessore della Crosta::sotto crosta da un lato grigiastro di colore divero,Spessore della Crosta,Sotto crosta da un lato grigiastro di colore divero,4,51485
Struttura della Pasta::struttura assente pasta omogeneamente e completamente stirata,Struttura della Pasta,Struttura assente. Pasta omogeneamente e completamente stirata,4,51486
Spessore della Crosta::sottocrosta di 2cm su entrambi gli scalzi,Spessore della Crosta,Sottocrosta di 2cm su entrambi gli scalzi,4,51496
Struttura della Pasta::presenza di qualche piccolo occhio di 2mm in una piccola area della forma così anche per la microocchiatura,Struttura della Pasta,"Presenza di qualche piccolo occhio di 2mm in una piccola area della forma, così anche per la microocchiatura",4,51497
Profumo::tostato,Profumo,Tostato,4,51528
Texture::texture irregolare,Texture,Texture irregolare,4,51529
Struttura della Pasta::grossolana a grano di riso,Struttura della Pasta,Grossolana. A grano di riso,4,51532
Colore della Pasta::colore marrone sotto uno dei 2 piatti,Colore della Pasta,Colore marrone sotto uno dei 2 piatti,4,51534
Aroma::pepe,Aroma,Pepe?,4,51543
Aroma::mandorle amare,Aroma,Mandorle Amare,4,51545
Spessore della Crosta::più pronunciato sui piatti,Spessore della Crosta,Più pronunciato sui piatti,4,51547
Aroma::aroma compromesso dal troppo salato,Aroma,Aroma compromesso dal troppo salato,4,51588
Aroma::comunque poco espressivo…,Aroma,"Comunque poco espressivo…,",4,51589
Struttura della Pasta::struttura a scagkie,Struttura della Pasta,Struttura a scagkie,4,51590
Colore della Pasta::macchie rosa violacee,Colore della Pasta,Macchie rosa violacee,4,51591
Profumo::odore vegetale strano … buccia anguria,Profumo,"Odore vegetale strano …,buccia anguria?",4,51595
Sapore::saporito equilibrato un poco’ troppo asciutto,Sapore,"Saporito equilibrato, un poco’ troppo asciutto",4,51596
Aroma::sangue,Aroma,"Sangue,,,",8,51597
Texture::stranissima consistenza della grana come rimanessero scagliette,Texture,Stranissima consistenza della grana come rimanessero scagliette,4,51599
Spessore della Crosta::1 piatto orrendo scalzi belli,Spessore della Crosta,"1 piatto orrendo, scalzi belli",4,51600
Struttura della Pasta::sfatta disunita sabbiosa,Struttura della Pasta,"Sfatta, disunita, sabbiosa",4,51601
Struttura della Pasta::due grane diverse compresenti,Struttura della Pasta,Due grane diverse compresenti,4,51637
Spessore della Crosta::colore di fondo carico contrasta meno il colore dello spessore,Spessore della Crosta,Colore di fondo carico contrasta meno il colore dello spessore,4,51642
Spessore della Crosta::colore fondo carico,Spessore della Crosta,Colore fondo carico,4,51661
Struttura della Pasta::sotto un piatto pasta scagliosa,Struttura della Pasta,Sotto un piatto pasta scagliosa,4,51662
Sapore::insipido,Sapore,Insipido!,4,51666
Texture::presunta struttura stirata,Texture,Presunta struttura stirata,4,51667
Profumo::all’inizio ho sentito fumo poi scomparso,Profumo,"All’inizio ho sentito fumo, Poi scomparso",4,51669
Texture::tanti cristalli e perle,Texture,Tanti cristalli e perle,4,51671
Sapore::un poco’ disturba…,Sapore,"Un poco’ disturba…,",4,51672
Struttura della Pasta::ottima al centro diversa in periferia,Struttura della Pasta,"Ottima al centro, Diversa in periferia",4,51673
Struttura della Pasta::struttura strana falsamente granulosa impaccata,Struttura della Pasta,"Struttura strana, falsamente granulosa, impaccata",4,51675
Colore della Pasta::bianco pallido alone,Colore della Pasta,Bianco pallido alone,4,51676
Profumo::banana,Profumo,Banana,4,51688
Profumo::non sa di grana,Profumo,Non sa di grana,4,51692
Sapore::piatto,Sapore,Piatto,4,51693
Aroma::formaggio con presunta struttura stirata,Aroma,Formaggio con presunta struttura stirata,4,51694
Aroma::piatto,Aroma,Piatto,4,51695
Aroma::intenso con note tostate e formaggio fuso,Aroma,Intenso con note tostate e formaggio fuso,4,51740
Profumo::tenue senza particolari note negative,Profumo,Tenue senza particolari note negative,4,51742
Sapore::saporito deciso nota negativa di umami note salate acido e piccanti non equilibrio tra di loro,Sapore,"Saporito, deciso. Nota negativa di umami. Note salate acido e piccanti non equilibrio tra di loro",4,51743
Aroma::forte quasi troppo sembra un malga,Aroma,"Forte, quasi troppo, sembra un malga",4,51744
Spessore della Crosta::colori diversi,Spessore della Crosta,Colori diversi,4,51746
Colore della Pasta::forse più chiaro dove è fitta la microocchiatura,Colore della Pasta,Forse più chiaro dove è fitta la microocchiatura,4,51747
Struttura della Pasta::1/4 della mezza forma è liscia non grandiosa con presenza di numerosi occhi da 4mm e una lunga frattura di 3 cm,Struttura della Pasta,"1/4 della mezza forma è liscia,non grandiosa, con presenza di numerosi occhi da 4mm e una lunga frattura di 3 cm",4,51756
Sapore::manca di armonia di “dolcezza”,Sapore,"Manca di armonia, di “dolcezza”",4,51776
Texture::secco non piacevole,Texture,"Secco, non piacevole",4,51779
Struttura della Pasta::singolo occhio da oltre 1cm con adiacente fessura da oltre 4cm,Struttura della Pasta,Singolo occhio da oltre 1cm con adiacente fessura da oltre 4cm,4,51780
Colore della Pasta::alone colore rosato,Colore della Pasta,Alone colore rosato,4,51782
Colore della Pasta::lievissimo alone,Colore della Pasta,Lievissimo alone,4,51783
Sapore::poco umami gusto poco pieno,Sapore,"Poco umami, Gusto poco pieno",4,51784
Struttura della Pasta::presenza di occhi piccoli e grandi 4 e 9 mm spugnatura di grande superficie diverse fratture di 3 e 4 cm,Struttura della Pasta,"Presenza di occhi piccoli e grandi 4 e 9 mm, spugnatura di grande superficie, diverse fratture di 3 e 4, Cm",4,51788
Aroma::i 4 campioni sono legge4mente diversi uno è più umido gli altri molto più asciutti,Aroma,"I 4 campioni sono legge4mente diversi, uno è più umido, gli altri molto più asciutti",4,51789
Struttura della Pasta::ampia area spugnosa,Struttura della Pasta,Ampia area spugnosa,4,51792
Profumo::funghi freschi,Profumo,Funghi freschi,8,51849
Texture::cristalli anche troppi,Texture,Cristalli anche troppi,8,51850
Spessore della Crosta::1 piatto molto fine,Spessore della Crosta,1 piatto molto fine,8,51851
Struttura della Pasta::cristalli concentrati in metà forma,Struttura della Pasta,Cristalli concentrati in metà forma,8,51852
Colore della Pasta::forse una macchia rosa,Colore della Pasta,Forse una macchia rosa?,8,51853
Profumo::marcio,Profumo,Marcio,8,51854
Sapore::giovane,Sapore,Giovane,8,51856
Colore della Pasta::alone giallo nocciola centrale ai bordi più chiaro,Colore della Pasta,"Alone giallo nocciola centrale, ai bordi più chiaro",4,51945
Colore della Pasta::ampio alone rosato sotto piatto ocra scuro banda chiara,Colore della Pasta,Ampio Alone rosato Sotto piatto ocra scuro Banda chiara,4,51946
Aroma::disquilibrato e poco piacevole,Aroma,Disquilibrato e poco piacevole,4,51954
Struttura della Pasta::ammassi di cristalli di 2 o 4 mm,Struttura della Pasta,Ammassi di cristalli di 2 o 4 mm,4,51955
Colore della Pasta::leggermente salmonato,Colore della Pasta,Leggermente salmonato,4,51956
Colore della Pasta::colore chiaro ma rosa arancio pallido,Colore della Pasta,Colore chiaro ma rosa arancio pallido,4,51957
