dedup_key,attribute,caption_pre,caption_clean,frequency,sample_row_id,error
Colore della Pasta::colore aranciata uniforme,Colore della Pasta,Colore aranciata uniforme,Pasta di colore aranciato uniforme.,4,16935,
Colore della Pasta::più chiara sotto un piatto ma generalmente abbastanza chiara,Colore della Pasta,"Più chiara sotto un piatto, ma generalmente abbastanza chiara","Pasta di colore abbastanza chiaro, più chiara in una zona.",4,7457,
Colore della Pasta::la vasca della frattura tende al rosa arancio più chiaro sotto un piatto,Colore della Pasta,"La vasca della frattura tende al rosa arancio, più chiaro sotto un piatto","Pasta con colore della frattura tendente al rosa arancio, più chiara nella zona sottostante il piatto.",4,18480,
Colore della Pasta::colore chiara e omogenea,Colore della Pasta,Colore chiara e omogenea,Pasta di colore chiaro e omogeneo.,4,24214,
Colore della Pasta::appena più saturo al centro,Colore della Pasta,Appena più saturo al centro,Pasta di colore appena più saturo al centro.,4,49590,
Colore della Pasta::alone appena più carico,Colore della Pasta,Alone appena più carico,Pasta con alone appena più carico.,4,2545,
Colore della Pasta::paglierino con riflessi verdastri,Colore della Pasta,Paglierino con riflessi verdastri,Pasta di colore paglierino con riflessi verdastri.,4,18792,
Colore della Pasta::paglierino chiaro non omogeneo centralmente è più carico con leggero alone grigiastro,Colore della Pasta,"Paglierino chiaro, non omogeneo, centralmente è più carico, con leggero alone grigiastro","Pasta paglierina chiara non omogenea, più carica centralmente con leggero alone grigiastro.",4,23867,
Colore della Pasta::giallo pallido,Colore della Pasta,Giallo pallido,Pasta di colore giallo pallido.,4,2326,
Colore della Pasta::più chiaro sotto un piatto alone tendente al rosa,Colore della Pasta,"Più chiaro sotto un piatto, alone tendente al rosa",Pasta più chiara nella zona sottocrostale con alone tendente al rosa.,4,25575,
Colore della Pasta::giallo un poco' carico con sfumatura più chiara parte esterna,Colore della Pasta,"Giallo un poco' carico, con sfumatura più chiara parte esterna","Pasta di colore giallo poco carico, con sfumatura più chiara nella parte esterna.",4,13896,
Colore della Pasta::in certe zone molto carico,Colore della Pasta,In certe zone molto carico,Pasta di colore molto carico in certe zone.,4,31965,
Colore della Pasta::disomogeneo concentrarti al centro,Colore della Pasta,Disomogeneo concentrarti al centro,Pasta disomogenea con concentrazione di colore al centro.,2,46191,
Colore della Pasta::leggero alone centrale più scuro tendente comunque al chiato,Colore della Pasta,Leggero alone centrale più scuro tendente comunque al chiato,Pasta con leggero alone centrale tendente allo scuro ma comunque chiara.,4,23866,
Colore della Pasta::uniforme abbastanza chiaro,Colore della Pasta,"Uniforme, abbastanza chiaro",Pasta di colore abbastanza chiaro e uniforme.,4,37376,
Colore della Pasta::non omogeneo,Colore della Pasta,Non omogeneo,Pasta con colore non omogeneo.,12,27903,
Colore della Pasta::dal giallo verde chiaro a giallo paglierino,Colore della Pasta,Dal giallo verde chiaro a giallo paglierino,Pasta dal giallo verdognolo chiaro al giallo paglierino.,4,12915,
Colore della Pasta::giallo con ombre rosate,Colore della Pasta,Giallo con ombre rosate,Pasta di colore giallo con ombre rosate.,4,11446,
Colore della Pasta::alone tendente al rosato,Colore della Pasta,Alone tendente al rosato,Pasta con alone tendente al rosato.,8,205,
Colore della Pasta::periferia chiara centro appena più saturo,Colore della Pasta,"Periferia chiara, centro appena più saturo",Pasta con periferia chiara e centro appena più saturo.,4,18860,
Colore della Pasta::abbastanza regolare,Colore della Pasta,Abbastanza regolare,Pasta di colore omogeneo.,4,23935,
Colore della Pasta::alone centrale con anello rosa più chiaro sotto un piatto e uno scalzo,Colore della Pasta,"Alone centrale con anello rosa, più chiaro sotto un piatto e uno scalzo","Pasta con alone centrale e anello rosato, più chiara sotto la crosta e uno scalzo.",4,44856,
Colore della Pasta::colore carico con qualche leggera zona rosata,Colore della Pasta,Colore carico con qualche leggera zona rosata,Pasta di colore carico con qualche leggera zona rosata.,4,18479,
Colore della Pasta::grossa macchia di muffa,Colore della Pasta,Grossa macchia di muffa,Pasta con grossa macchia di muffa.,4,48986,
Colore della Pasta::un poco' eterogeneo più carico al centro con qualche alone che tende al rosa,Colore della Pasta,"Un poco' eterogeneo, più carico al centro con qualche alone che tende al rosa","Pasta leggermente eterogenea, più carico al centro con qualche alone tendente al rosa.",4,37464,
Colore della Pasta::colore chiaro ma centro rosato,Colore della Pasta,Colore chiaro ma centro rosato,Pasta di colore chiaro con centro rosato.,4,17397,
Colore della Pasta::struttura regolare,Colore della Pasta,Struttura regolare,NON_DESCRITTO,4,33657,
Colore della Pasta::macchie rosa colore chiaro bello,Colore della Pasta,Macchie rosa colore chiaro bello,Pasta con macchie rosa e colore chiaro.,8,29542,
Colore della Pasta::alone leggero centrale tinte chiare,Colore della Pasta,"Alone leggero centrale, tinte chiare",Pasta con alone leggero centrale e tinte chiare.,4,30758,
Colore della Pasta::giallo leggermente verdastro più carico al centro,Colore della Pasta,"Giallo leggermente verdastro, più carico al centro","Pasta di colore giallo leggermente verdastro, più carico al centro.",4,5915,
Colore della Pasta::paglierino più intenso nella parte centrale scarico estremamente,Colore della Pasta,"Paglierino più intenso nella parte centrale, scarico estremamente","Pasta di colore paglierino intenso nella parte centrale, scarica agli esterni.",4,5919,
Colore della Pasta::colore leggermente più carico al centro,Colore della Pasta,Colore leggermente più carico al centro,Pasta di colore leggermente più carico al centro.,4,16863,
Colore della Pasta::giallo tendente al chiaro piuttosto luminoso,Colore della Pasta,Giallo tendente al chiaro piuttosto luminoso.,Pasta di colore giallo tendente al chiaro e piuttosto luminoso.,4,11448,
Colore della Pasta::paglierino carico soprattutto al centro con delle striature più evidenti,Colore della Pasta,Paglierino carico soprattutto al centro con delle striature più evidenti,Pasta di colore paglierino carico al centro con striature più evidenti.,4,15647,
Colore della Pasta::chiaro a con leggero alone,Colore della Pasta,Chiaro a con leggero alone,Pasta con leggero alone e colore chiaro.,4,31887,
Colore della Pasta::paglierino carico con leggero alone verde grigiastro,Colore della Pasta,Paglierino carico con leggero alone verde grigiastro,Pasta di colore paglierino carico con leggero alone verde grigiastro.,4,24147,
Colore della Pasta::abbastanza omogeneo giallo chiaro ai bordi lievemente più carico il centro,Colore della Pasta,"Abbastanza omogeneo, giallo chiaro ai bordi. Lievemente più carico il centro","Pasta di colore abbastanza omogeneo, giallo chiaro ai bordi e lievemente più carico al centro.",4,27482,
Colore della Pasta::disomogeneo più scuro da un lato,Colore della Pasta,Disomogeneo più scuro da un lato,"Pasta di colore disomogeneo, più scura da un lato.",4,30854,
Colore della Pasta::base chiara ma disomogenea con chiazze più scure,Colore della Pasta,Base chiara ma disomogenea con chiazze più scure,"Pasta di colore chiaro ma disomogeneo, con chiazze più scure.",4,15643,
Colore della Pasta::alone centrale scuro macchia rosa su occhio,Colore della Pasta,Alone centrale scuro macchia rosa su occhio,Pasta con alone centrale scuro e macchia rosa su occhio.,4,13899,
Colore della Pasta::giallo abbastanza carico omogeneo,Colore della Pasta,"Giallo abbastanza carico, omogeneo",Pasta di colore giallo abbastanza carico e omogeneo.,4,16941,
Colore della Pasta::presenza di una macchia rosata,Colore della Pasta,Presenza di una macchia rosata,Pasta con macchia rosata.,10,2165,
Colore della Pasta::carico alone centrale,Colore della Pasta,Carico alone centrale,Pasta di colore carico con alone centrale.,4,42631,
Colore della Pasta::bello ma con zone rosastre verso la crosta,Colore della Pasta,"Bello, ma con zone rosastre verso la crosta",Pasta con zone rosastre verso la crosta.,4,14178,
Colore della Pasta::presente evidente striscia rosa,Colore della Pasta,Presente evidente striscia rosa,Pasta con evidente striscia rosa.,4,47233,
Colore della Pasta::bello abbastanza omogeneo,Colore della Pasta,"Bello, abbastanza omogeneo",Pasta di colore abbastanza omogeneo.,4,21702,
Colore della Pasta::grigio verdastro con alone giallo,Colore della Pasta,Grigio verdastro con alone giallo,Pasta di colore grigio verdastro con alone giallo.,4,33894,
Colore della Pasta::colore carico con alone,Colore della Pasta,Colore carico con alone,Pasta di colore carico con alone.,4,18320,
Colore della Pasta::piuttosto carico ma omogeneo presenza di piccola macchia rosa,Colore della Pasta,"Piuttosto carico ma omogeneo, presenza di piccola macchia rosa","Pasta di colore piuttosto carico e omogeneo, con piccola macchia rosa.",4,26115,
Colore della Pasta::alone più chiaro,Colore della Pasta,Alone più chiaro,Pasta con alone più chiaro.,4,44351,
Colore della Pasta::chiaro ma per effetto spugna,Colore della Pasta,Chiaro ma per effetto spugna,Pasta di colore chiaro per effetto della spugna.,4,23929,
Colore della Pasta::più saturo al centro,Colore della Pasta,Più saturo al centro,Pasta di colore più saturo al centro.,4,3335,
Colore della Pasta::nocciola al centro,Colore della Pasta,Nocciola al centro,Pasta di colore nocciola al centro.,4,5529,
Colore della Pasta::fascia rossa sotto scalzo,Colore della Pasta,Fascia rossa sotto scalzo,Pasta con fascia rossa sotto scalzo.,4,51110,
Colore della Pasta::giallo carico al centro e più chiara verso un piatto zone grigiastre,Colore della Pasta,"Giallo carico al centro e più chiara verso un piatto,zone grigiastre","Pasta di colore giallo carico al centro, più chiara verso il piatto, con zone grigiastre.",4,35855,
Colore della Pasta::alone rosato molto carico,Colore della Pasta,Alone rosato molto carico,Pasta con alone rosato molto carico.,8,1735,
Colore della Pasta::deciso alone centrale aranciato,Colore della Pasta,Deciso alone centrale aranciato,Pasta con deciso alone centrale aranciato.,4,25729,
Colore della Pasta::circa al carico,Colore della Pasta,Circa al carico..,Pasta di colore carico.,4,4261,
Colore della Pasta::chiaro e unif,Colore della Pasta,Chiaro e unif,Pasta di colore chiaro e uniforme.,4,21693,
Colore della Pasta::alone centrale e 1 dei 2 sottoposto bianco,Colore della Pasta,Alone centrale e 1 dei 2 sottoposto bianco,Pasta con alone centrale e una delle due zone sottocroste bianca.,4,44764,
Colore della Pasta::chiaro con leggero alone centrale,Colore della Pasta,Chiaro con leggero alone centrale,Pasta di colore chiaro con leggero alone centrale.,4,18942,
Colore della Pasta::paglierino carico con alone più scuro al centro,Colore della Pasta,Paglierino carico con alone più scuro al centro,Pasta di colore paglierino carico con alone più scuro al centro.,4,9993,
Colore della Pasta::presenza di una potenziale macchia al centro non considerata nel voto perché nascosta dal taglio a coltello,Colore della Pasta,Presenza di una potenziale macchia al centro NON CONSIDERATA NEL VOTO perché nascosta dal taglio a coltello,Pasta con potenziale macchia al centro.,4,49661,
Colore della Pasta::non uniforme grosso alone scuro,Colore della Pasta,Non uniforme grosso alone scuro,Pasta con grosso alone scuro e colore non uniforme.,4,13759,
Colore della Pasta::abbastanza omogenea con giallo tendente al carico verso la crosta aree nocciola arancio,Colore della Pasta,Abbastanza omogenea con giallo tendente al carico. Verso la crosta aree nocciola arancio,"Pasta abbastanza omogenea di giallo tendente al carico, con aree nocciola arancio verso la crosta.",4,9403,
Colore della Pasta::pallido,Colore della Pasta,Pallido,Pasta di colore pallido.,4,1446,
Colore della Pasta::fascia più chiara sotto un piatto,Colore della Pasta,Fascia più chiara sotto un piatto,Pasta con fascia più chiara sotto la zona piatta.,4,9479,
Colore della Pasta::bel colore,Colore della Pasta,Bel colore!,NON_DESCRITTO,10,1972,
Colore della Pasta::colore carico aranciato,Colore della Pasta,"Colore carico, aranciato",Pasta di colore carico e aranciato.,4,27415,
Colore della Pasta::leggermente sfumato verso l'esterno,Colore della Pasta,Leggermente sfumato verso l'esterno,Pasta con lieve sfumatura di colore verso l'esterno.,4,41132,
Colore della Pasta::omogeneo chiaro quasi paglierino,Colore della Pasta,Omogeneo. Chiaro quasi paglierino,"Pasta di colore omogeneo, chiaro e quasi paglierino.",4,42694,
Colore della Pasta::al centro e verso 1 piatto più carico,Colore della Pasta,Al centro e verso 1 piatto più carico,Pasta con colore più carico al centro e verso un piatto.,4,5833,
Colore della Pasta::leggero alone centrale,Colore della Pasta,Leggero alone centrale,Pasta con leggero alone centrale.,40,29,
Colore della Pasta::alone centrale più intenso,Colore della Pasta,Alone centrale più intenso,Pasta con alone centrale intenso.,4,44179,
Colore della Pasta::1/3 più chiaro,Colore della Pasta,1/3 più chiaro,Pasta con una parte più chiara.,4,2391,
Colore della Pasta::non troppo carico e omogeneo,Colore della Pasta,Non troppo carico e omogeneo,Pasta di colore non troppo carico e omogeneo.,4,42838,
Colore della Pasta::alone giallo nocciola centrale ai bordi più chiaro,Colore della Pasta,"Alone giallo nocciola centrale, ai bordi più chiaro",Pasta con alone giallo nocciola centrale e colore più chiaro ai bordi.,4,51945,
Colore della Pasta::chiaro,Colore della Pasta,Chiaro,Pasta di colore chiaro.,12,30661,
Colore della Pasta::molto carico ma omogeneo,Colore della Pasta,"Molto carico, ma omogeneo","Pasta di colore molto carico, omogeneo.",8,26193,
Colore della Pasta::non omogenea presenza di macchie gialle più accentuate alone centrale non carico,Colore della Pasta,Non omogenea Presenza di macchie gialle più accentuate Alone centrale non carico,Pasta non omogenea con macchie gialle accentuate e alone centrale non carico.,4,15642,
Colore della Pasta::abbastanza omogeneo ma carico,Colore della Pasta,Abbastanza omogeneo ma carico,Pasta di colore abbastanza omogeneo ma carico.,12,12987,
Colore della Pasta::colore molto marcato mogeneo,Colore della Pasta,Colore molto marcato mogeneo,Pasta di colore molto marcato e omogeneo.,4,18325,
Colore della Pasta::colore chiaro omogeneo,Colore della Pasta,Colore chiaro omogeneo,Pasta di colore chiaro omogeneo.,8,18787,
Colore della Pasta::gessato,Colore della Pasta,Gessato,Pasta dal colore gessato.,4,42905,
Colore della Pasta::non molto carico abbastanza omogeneo,Colore della Pasta,"Non molto carico, abbastanza Omogeneo","Pasta di colore non molto carico, abbastanza omogenea.",4,35677,
Colore della Pasta::colore paglierino abbastanza carico con zone più scure,Colore della Pasta,Colore paglierino abbastanza carico con zone più scure,Pasta di colore paglierino abbastanza carico con zone più scure.,4,36957,
Colore della Pasta::leggermente degradante tra i 2 piatti,Colore della Pasta,Leggermente degradante tra i 2 piatti,Pasta con leggera sfumatura di colore tra centro e bordi.,4,6070,
Colore della Pasta::da giallo chiaro a carico verso il centro alone,Colore della Pasta,"Da giallo chiaro a carico verso il centro, alone",Pasta da colore giallo chiaro a giallo carico verso il centro con alone.,4,27416,
Colore della Pasta::alone leggerissimo,Colore della Pasta,Alone leggerissimo,Pasta con alone leggerissimo.,12,3868,
Colore della Pasta::colore carico sganciato ma uniforme,Colore della Pasta,Colore carico sganciato ma uniforme,Pasta di colore carico e uniforme.,4,27831,
Colore della Pasta::tende al giallo chiaro,Colore della Pasta,Tende al giallo chiaro.,Pasta tendente al giallo chiaro.,4,9487,
Colore della Pasta::omogenea presenza dicristalli bianchi evidenti,Colore della Pasta,Omogenea presenza dicristalli bianchi evidenti,"Pasta con presenza di cristalli bianchi evidenti, omogenea.",4,15425,
Colore della Pasta::non omogeneo alone e striscia rosa,Colore della Pasta,"Non omogeneo, alone e striscia rosa","Pasta con colore non omogeneo, alone e striscia rosa.",4,33742,
Colore della Pasta::grana fine frattura regolare,Colore della Pasta,Grana fine frattura regolare,NON_DESCRITTO,4,24357,
Colore della Pasta::alone centrale più chiara sotto un piatto e uno scalzo,Colore della Pasta,"Alone centrale, più chiara sotto un piatto e uno scalzo","Pasta con alone centrale, più chiara nelle zone sotto un piatto e uno scalzo.",4,44688,
Colore della Pasta::abbastanza omogeneo ma carico una macchia,Colore della Pasta,"Abbastanza omogeneo ma carico, una macchia","Pasta abbastanza omogenea ma di colore carico, con una macchia.",4,5605,
Colore della Pasta::chiaro ma tendente al grigio uniforme con leggera sfumatura risata al centro,Colore della Pasta,Chiaro ma tendente al grigio uniforme con leggera sfumatura risata al centro,"Pasta di colore chiaro tendente al grigio, uniforme con leggera sfumatura rosata al centro.",4,35730,
Colore della Pasta::giallo abbastanza chiaro con leggere sfumature rosate,Colore della Pasta,Giallo abbastanza chiaro con leggere sfumature rosate,Pasta di colore giallo abbastanza chiaro con leggere sfumature rosate.,4,17403,
Colore della Pasta::omogenea e intensa,Colore della Pasta,Omogenea e intensa,Pasta di colore omogeneo e intenso.,4,35736,
Colore della Pasta::alone più verso un piatto che centrale,Colore della Pasta,Alone più verso un piatto che centrale,Pasta con alone tendente al piatto piuttosto che centrale.,4,48669,
Colore della Pasta::uniforme giallo,Colore della Pasta,Uniforme giallo,Pasta di colore giallo uniforme.,4,26194,
Colore della Pasta::bel colore abbastanza omogeneo carico con lievi note rosate,Colore della Pasta,"Bel colore, abbastanza omogeneo, carico, con lievi note rosate","Pasta di colore carico, abbastanza omogeneo, con lievi note rosate.",4,21793,
Colore della Pasta::alone più scuro al centro pasta dal giallo un poco' carico,Colore della Pasta,Alone più scuro al centro. Pasta dal giallo un poco' carico,Pasta di colore giallo poco carico con alone più scuro al centro.,4,35493,
Colore della Pasta::alone centrale particolarmente rosato bordo più tendente al giallo chiaro,Colore della Pasta,"Alone centrale particolarmente rosato, bordo più tendente al giallo chiaro",Pasta con alone centrale particolarmente rosato e bordo tendente al giallo chiaro.,4,4059,
Colore della Pasta::omogeneamente carico giallo,Colore della Pasta,Omogeneamente carico giallo,"Pasta di colore giallo carico, omogeneamente distribuito.",4,47512,
Colore della Pasta::bello chiaro omogeneo,Colore della Pasta,Bello chiaro omogeneo!,Pasta di colore chiaro e omogeneo.,4,18790,
Colore della Pasta::alone molto evidente,Colore della Pasta,Alone molto evidente,Pasta con alone molto evidente.,4,713,
Colore della Pasta::carico con alone centrale più scuro,Colore della Pasta,Carico con alone centrale più scuro,Pasta di colore carico con alone centrale più scuro.,4,42630,
Colore della Pasta::giallo scarico abbastanza omogeneo,Colore della Pasta,Giallo scarico abbastanza omogeneo,Pasta di colore giallo scarico abbastanza omogeneo.,4,18789,
Colore della Pasta::occhiatura da 1 a 2 5mm nella parte centrale della forma ma frattura di 4 cm,Colore della Pasta,"Occhiatura da 1 a 2,5mm nella parte centrale della forma Ma frattura di 4 cm",NON_DESCRITTO,4,33744,
Colore della Pasta::chiara con leggero alone centrale e verso un piatto,Colore della Pasta,Chiara con leggero alone centrale e verso un piatto,Pasta di colore chiara con leggero alone centrale tendente verso il piatto.,4,15424,
Colore della Pasta::intenso con alone leggero,Colore della Pasta,Intenso con alone leggero,Pasta di colore intenso con leggero alone.,4,12986,
Colore della Pasta::alone centrale rosato e un paio di punti neri dati da sporcizia( ),Colore della Pasta,Alone centrale rosato e un paio di punti neri dati da sporcizia(?),Pasta con alone centrale rosato e piccole macchie scure.,4,1295,
Colore della Pasta::aree di colore diverso,Colore della Pasta,Aree di colore diverso,Pasta con aree di colore diverso.,4,41129,
Colore della Pasta::molto carico grigiastro con ragionevoli scuro e chiazza allungata rodata sotto 1 piatto di 10 15 cm,Colore della Pasta,Molto carico grigiastro con ragionevoli scuro e chiazza allungata rodata sotto 1 piatto di 10 15 cm,Pasta di colore molto carico grigiastro con aree scure e una chiazza allungata nella zona sottostante il piatto.,4,5601,
Colore della Pasta::giallo un poco' carico e con zone rosa,Colore della Pasta,Giallo un poco' carico e con zone rosa,Pasta di colore giallo poco carico con zone rosa.,4,9485,
Colore della Pasta::verde grigio verso la crosta non uniforme tende al carico,Colore della Pasta,Verde grigio verso la crosta non uniforme tende al carico,"Pasta tendente al verde grigio verso la crosta, non uniforme, di colore carico.",4,44270,
Colore della Pasta::alone quasi bianco di 1cm,Colore della Pasta,Alone quasi bianco di 1cm,Pasta con alone quasi bianco.,4,49806,
Colore della Pasta::solo riflessi verdi,Colore della Pasta,"Solo riflessi verdi,,,,",Pasta con riflessi verdastri.,4,5313,
Colore della Pasta::giallo chiaro con una leggera tendenza al grigio verde,Colore della Pasta,"Giallo chiaro, con una leggera tendenza al grigio verde",Pasta di colore giallo chiaro con leggera tendenza al grigio-verde.,4,9484,
Colore della Pasta::giallo paglierino chiaro uniforme,Colore della Pasta,Giallo paglierino chiaro uniforme,Pasta di colore giallo paglierino chiaro uniforme.,4,20599,
Colore della Pasta::base paglierino appena più carico al centro,Colore della Pasta,"Base paglierino, appena più carico al centro.","Pasta di colore paglierino, appena più carico al centro.",4,31888,
Colore della Pasta::giallo abbastanza omogeneo lieve alone centrale,Colore della Pasta,Giallo abbastanza omogeneo lieve alone centrale,Pasta di colore giallo abbastanza omogeneo con leggero alone centrale.,4,41133,
Colore della Pasta::omogeneo ma eccessivamente carico,Colore della Pasta,Omogeneo ma eccessivamente carico,Pasta di colore omogeneo ma eccessivamente carico.,4,27838,
Colore della Pasta::alone leggero on corona rodata e una macchia rosata,Colore della Pasta,Alone leggero on corona rodata e una macchia rosata,Pasta con leggero alone in corona rosata e macchia rosata.,4,5832,
Colore della Pasta::una chiazza leggermente più carica in centro,Colore della Pasta,Una chiazza leggermente più carica in centro,Pasta con una chiazza leggermente più carica al centro.,4,24209,
Colore della Pasta::macchie rosa visibili,Colore della Pasta,Macchie rosa visibili,Pasta con macchie rosa visibili.,4,31817,
Colore della Pasta::aree grigiastro sotto i piatti,Colore della Pasta,Aree grigiastro sotto i piatti,Pasta con aree grigiastre sotto i piatti.,4,1021,
Colore della Pasta::grigiastro con evidente alone nocciola al centro,Colore della Pasta,Grigiastro con evidente alone nocciola al centro,Pasta grigiastra con evidente alone nocciola al centro.,4,30761,
Colore della Pasta::molto scuro,Colore della Pasta,Molto scuro,Pasta di colore molto scuro.,4,20227,
Colore della Pasta::colorazione chiara leggermente più carica al centro,Colore della Pasta,Colorazione chiara leggermente più carica al centro,"Pasta di colore chiaro, leggermente più carica al centro.",4,13190,
Colore della Pasta::qualche sfumatura verde,Colore della Pasta,Qualche sfumatura verde,Pasta con qualche sfumatura verdognola.,4,315,
Colore della Pasta::leggero alone colore tendente al chiaro,Colore della Pasta,Leggero alone colore tendente al chiaro,Pasta con leggero alone e colore tendente al chiaro.,4,42491,
Colore della Pasta::giallo chiaro leggermente più carico in centro,Colore della Pasta,Giallo chiaro leggermente più carico in centro,Pasta di colore giallo chiaro leggermente più carico al centro.,4,42629,
Colore della Pasta::molto più chiaro verso gli scalzi,Colore della Pasta,Molto più chiaro verso gli scalzi,Pasta più chiara verso gli scalzi.,4,44685,
Colore della Pasta::aloni nella zona occhiata evidenziati da frattura strana,Colore della Pasta,Aloni nella zona occhiata evidenziati da frattura strana,Pasta con aloni nella zona occhiata evidenziati dalla frattura.,4,5986,
Colore della Pasta::omogenea c0n giallo medio chiaro,Colore della Pasta,Omogenea c0n giallo medio chiaro,"Pasta di colore giallo medio chiaro, omogenea.",4,18482,
Colore della Pasta::più chiaro ai bordi 1 macchia rosa,Colore della Pasta,Più chiaro ai bordi. 1 macchia rosa?,Pasta più chiara ai bordi con una macchia rosata.,4,11232,
Colore della Pasta::paglierino più carico al centro,Colore della Pasta,Paglierino più carico al centro,Pasta paglierina con colore più carico al centro.,4,16867,
Colore della Pasta::giallo carico al centro,Colore della Pasta,Giallo carico al centro,Pasta di colore giallo carico al centro.,4,27902,
Colore della Pasta::giallo carico con zone presso gli scalzi più chiare,Colore della Pasta,Giallo carico con zone presso gli scalzi più chiare,Pasta di colore giallo carico con zone presso gli scalzi più chiare.,4,21877,
Colore della Pasta::più chiaro sotto uno scalzo leggero alone,Colore della Pasta,"Più chiaro sotto uno scalzo, leggero alone","Pasta più chiara nella zona sottostante uno scalzo, con leggero alone.",4,25652,
Colore della Pasta::decisamente carico al centro,Colore della Pasta,Decisamente carico al centro,Pasta di colore decisamente carico al centro.,4,32271,
Colore della Pasta::non molto omogeneo più carico al centro,Colore della Pasta,"Non molto Omogeneo, più carico al centro","Pasta con colore non molto omogeneo, più carico al centro.",4,35497,
Colore della Pasta::evidente alone centrale più scuro fascia rosata su un lato,Colore della Pasta,"Evidente alone centrale più scuro, fascia rosata su un lato",Pasta con evidente alone centrale più scuro e fascia rosata su un lato.,4,42910,
Colore della Pasta::chiaro macchie rosa,Colore della Pasta,Chiaro macchie rosa,Pasta di colore chiaro con macchie rosate.,4,5995,
Colore della Pasta::carico con fascia più chiara sotto un piatto,Colore della Pasta,Carico con fascia più chiara sotto un piatto,Pasta di colore carico con fascia più chiara sotto la superficie.,4,25569,
Colore della Pasta::chiaro ma non omogeneo,Colore della Pasta,Chiaro ma non omogeneo,Pasta di colore chiaro ma non omogeneo.,4,5913,
Colore della Pasta::anche riflessi rosati,Colore della Pasta,Anche riflessi rosati,Pasta con riflessi rosati.,4,3285,
Colore della Pasta::bella tonalità con giallo chiaro,Colore della Pasta,Bella tonalità con giallo chiaro,Pasta di tonalità gialla chiara.,4,35618,
Colore della Pasta::giallo carico più scuro al centro,Colore della Pasta,Giallo carico Più scuro al centro,"Pasta di colore giallo carico, più scura al centro.",8,21884,
Colore della Pasta::enorme macchia rosa vs un piatto alone centrale scuro solo ai lati verso i piatti un colore tendente al chiaro,Colore della Pasta,Enorme macchia rosa vs un piatto alone centrale scuro solo ai lati verso i piatti un colore tendente al chiaro,"Pasta con enorme macchia rosata, alone centrale scuro ai lati e colore tendente al chiaro nel resto della frattura.",4,42911,
Colore della Pasta::chiara con leggero alone centrale,Colore della Pasta,Chiara con leggero alone centrale,Pasta di colore chiaro con leggero alone centrale.,6,7380,
Colore della Pasta::paglierino chiaro con alone grigiastro,Colore della Pasta,Paglierino chiaro con alone grigiastro,Pasta paglierina chiara con alone grigiastro.,4,18946,
Colore della Pasta::omogenea paglierino carico con riflesso verdognolo,Colore della Pasta,Omogenea paglierino carico con riflesso verdognolo,Pasta di colore paglierino carico omogeneo con riflesso verdognolo.,4,5996,
Colore della Pasta::abbastanza omogeneo più carico al centro qualche alone rosa,Colore della Pasta,"Abbastanza omogeneo, più carico al centro, qualche alone rosa","Pasta di colore abbastanza omogeneo, più carico al centro, con qualche alone rosato.",2,46366,
Colore della Pasta::paglierino carico con velature grige,Colore della Pasta,Paglierino carico con velature grige,Pasta di colore paglierino carico con velature grige.,4,41358,
Colore della Pasta::estremamente carico al centro molto più chiaro in un angolo 3colori,Colore della Pasta,Estremamente carico al centro. Molto più chiaro in un angolo. 3colori,"Pasta di colore estremamente carico al centro, molto più chiara in un angolo.",4,7990,
Colore della Pasta::colore paglierino omogeneo con un aloni verdolino molto leggero,Colore della Pasta,"Colore paglierino omogeneo, con un aloni verdolino molto leggero","Pasta di colore paglierino omogeneo, con leggeri aloni verdolini.",4,47182,
Colore della Pasta::colore bruno quasi nocciola ci sono delle zone rosate,Colore della Pasta,Colore bruno quasi nocciola. Ci sono delle zone rosate,Pasta di colore bruno tendente al nocciola con zone rosate.,4,5606,
Colore della Pasta::giallo paglierino chiaro omogeneo,Colore della Pasta,Giallo paglierino chiaro omogeneo,Pasta di colore giallo paglierino chiaro e omogeneo.,12,20536,
Colore della Pasta::leggero alone e leggerissima macchia rosata,Colore della Pasta,Leggero alone e leggerissima macchia rosata,Pasta con leggero alone e leggerissima macchia rosata.,4,12916,
Colore della Pasta::verso uno scalzo carichissima di colore,Colore della Pasta,"Verso uno scalzo, carichissima di colore",Pasta di colore carico verso uno scalzo.,4,51108,
Colore della Pasta::al centro un poco' troppo carico più chiaro vicino alla crosta,Colore della Pasta,"Al centro un poco' troppo carico, più chiaro vicino alla crosta",Pasta di colore carico al centro e più chiaro verso la crosta.,4,16865,
Colore della Pasta::alone centrale nettamente più scuro,Colore della Pasta,Alone centrale nettamente più scuro,Pasta con alone centrale nettamente più scuro.,4,32275,
Colore della Pasta::evidente alone centrale con fascia sotto un piatto più bianca cristalli piccoli e qualche perla,Colore della Pasta,Evidente alone centrale con fascia sotto un piatto più bianca cristalli piccoli e qualche perla,Pasta con evidente alone centrale e fascia sotto piatto più bianca.,4,9899,
Colore della Pasta::giallo carico scuro,Colore della Pasta,Giallo carico scuro,Pasta di colore giallo carico scuro.,2,46948,
Colore della Pasta::alone rosato localizzato al centro,Colore della Pasta,Alone rosato localizzato al centro,Pasta con alone rosato localizzato al centro.,4,5083,
Colore della Pasta::giallo saturo abbastanza omogeneo,Colore della Pasta,Giallo saturo abbastanza omogeneo,Pasta di colore giallo saturo abbastanza omogeneo.,4,32357,
Colore della Pasta::giallo intenso e zone più chiare,Colore della Pasta,Giallo intenso e zone più chiare,Pasta di colore giallo intenso con zone più chiare.,4,44267,
Colore della Pasta::sganciato carico,Colore della Pasta,Sganciato carico,"Pasta di colore carico, sganciato.",4,27830,
Colore della Pasta::alone nocciola dove rottura con fossa,Colore della Pasta,Alone nocciola dove rottura con fossa,Pasta con alone nocciola in corrispondenza della frattura.,4,5839,
Colore della Pasta::alone più scuro fascia rosa ad anello,Colore della Pasta,Alone più scuro fascia rosa ad anello,Pasta con alone più scuro e fascia rosata ad anello.,4,42903,
Colore della Pasta::colore cipria,Colore della Pasta,Colore cipria,Pasta di colore cipria.,4,1764,
Colore della Pasta::colore buono senza calcolare la zona del difetto vicino allo scalzo,Colore della Pasta,Colore buono senza calcolare la zona del difetto vicino allo scalzo,"Pasta di colore uniforme, con discolorazione nella zona vicino allo scalzo.",4,48985,
Colore della Pasta::medio tendente al carico lieve,Colore della Pasta,Medio tendente al carico lieve,Pasta di colore medio tendente al carico.,4,9319,
Colore della Pasta::chiara tendente al aranciato unif,Colore della Pasta,Chiara Tendente al aranciato unif,"Pasta di colore chiaro tendente all'aranciato, uniforme.",4,11441,
Colore della Pasta::alone è rivolto più verso uno dei due piatti,Colore della Pasta,Alone è rivolto più verso uno dei due piatti,Pasta con alone orientato verso uno dei due piatti.,4,49486,
Colore della Pasta::giallo,Colore della Pasta,Giallo,Pasta di colore giallo.,4,20476,
Colore della Pasta::giallo con leggero alone più scuro,Colore della Pasta,Giallo con leggero alone più scuro,Pasta di colore giallo con leggero alone più scuro.,4,30613,
Colore della Pasta::abbastanza uniforme ma sottocrosta marrone con superficie biancastra,Colore della Pasta,Abbastanza uniforme ma sottocrosta marrone con superficie biancastra,Pasta uniforme con tonalità biancastra in superficie e marrone in sottocrosta.,4,41128,
Colore della Pasta::presenza di u a zona nettamente più scura qui di non omogeneo giallo abbastanza carico,Colore della Pasta,Presenza di u a zona nettamente più scura qui di non omogeneo. Giallo abbastanza carico,Pasta di colore giallo abbastanza carico con zona nettamente più scura e disomogenea.,2,46871,
Colore della Pasta::colorazione giallo carico più accentuato verso il centro,Colore della Pasta,Colorazione giallo carico più accentuato verso il centro,"Pasta di colore giallo carico, più accentuato verso il centro.",4,35854,
Colore della Pasta::paglierino leggero con velature verdognola,Colore della Pasta,Paglierino leggero con velature verdognola,Pasta di colore paglierino leggero con velature verdognole.,4,9237,
Colore della Pasta::omogeneo abbastanza carico,Colore della Pasta,"Omogeneo, abbastanza carico",Pasta di colore omogeneo e abbastanza carico.,12,14173,
Colore della Pasta::carico e più intenso a tratti,Colore della Pasta,Carico e più intenso a tratti,Pasta di colore carico e tendente all'intenso a tratti.,4,18403,
Colore della Pasta::chiaro con alone sembra una macchia risata ma difficile per la frattura,Colore della Pasta,Chiaro con alone sembra una macchia risata ma difficile per la frattura,Pasta di colore chiaro con alone e macchia rosata.,4,12911,
Colore della Pasta::omogeneo leggermente grigio,Colore della Pasta,Omogeneo leggermente grigio,Pasta di colore omogeneo leggermente grigio.,4,37539,
Colore della Pasta::la crosta da un alone rosato a tutta la pasta,Colore della Pasta,La crosta da Un alone rosato a tutta la pasta,Pasta con alone rosato che dalla crosta si estende a tutta la pasta.,4,4653,
Colore della Pasta::alone centrale scuro,Colore della Pasta,Alone centrale scuro,Pasta con alone centrale scuro.,20,9992,
Colore della Pasta::bel giallo zona grigetta,Colore della Pasta,"Bel giallo, zona grigetta",Pasta di bel colore giallo con zona grigetta.,4,33664,
Colore della Pasta::abbastanza carico più chiaro sotto un piatto,Colore della Pasta,Abbastanza carico Più chiaro sotto un piatto,"Pasta di colore abbastanza carico, più chiara nella zona sottostante il piatto.",4,30855,
Colore della Pasta::arancio carico,Colore della Pasta,Arancio carico,Pasta di colore arancio carico.,4,41519,
Colore della Pasta::lato crosta scuro,Colore della Pasta,Lato crosta scuro,Pasta di colore scuro verso la crosta.,2,46199,
Colore della Pasta::alone centrale più scuro,Colore della Pasta,Alone centrale più scuro,Pasta con alone centrale più scuro.,16,7915,
Colore della Pasta::chiaro tendente al verde grigio,Colore della Pasta,Chiaro tendente al verde grigio,Pasta di colore chiaro tendente al verde grigio.,4,7373,
Colore della Pasta::abbastanza carico non del tutto uniforme,Colore della Pasta,Abbastanza carico non del tutto uniforme,"Pasta di colore abbastanza carico, non del tutto uniforme.",4,37040,
Colore della Pasta::molto netto lo stacco tra i il marrone sottoscritta e la fascia chiara,Colore della Pasta,Molto netto lo stacco tra i il marrone sottoscritta e la fascia chiara,Pasta con netto stacco tra la zona marrone sottocrosta e la fascia chiara.,4,4940,
Colore della Pasta::paglierino carico non uniforme con alone grigio verde,Colore della Pasta,Paglierino carico non uniforme con alone grigio verde,Pasta di colore paglierino carico non uniforme con alone grigio verde.,4,18407,
Colore della Pasta::chiaro tendente al grigio,Colore della Pasta,Chiaro tendente al grigio,Pasta di colore chiaro tendente al grigio.,4,37382,
Colore della Pasta::non del tutto uniforme giallo tende scuro,Colore della Pasta,Non del tutto uniforme giallo tende scuro,"Pasta di colore giallo tendente allo scuro, non del tutto uniforme.",4,27769,
Colore della Pasta::molto carico più chiaro sotto un piatto,Colore della Pasta,"Molto carico, più chiaro sotto un piatto","Pasta di colore molto carico, più chiara nella zona sottocorticale.",4,41524,
Colore della Pasta::carico grigiastro con fascia più chiara sotto un piatto,Colore della Pasta,Carico grigiastro con fascia più chiara sotto un piatto,Pasta di colore carico grigiastro con fascia più chiara sotto la zona piatta.,4,32426,
Colore della Pasta::colore abbiamo omogeneo,Colore della Pasta,Colore abbiamo omogeneo,Pasta di colore omogeneo.,8,29471,
Colore della Pasta::porzione centrale più carica comunque colore poco saturo,Colore della Pasta,"Porzione centrale più carica, comunque colore poco saturo","Pasta con porzione centrale più carica, colore poco saturo.",4,27412,
Colore della Pasta::in certe zone appena più carico il colore piccola disomogeneità,Colore della Pasta,In certe zone appena più carico il colore: piccola disomogeneità,"Pasta con piccola disomogeneità di colore, leggermente più carico in certe zone.",4,4442,
Colore della Pasta::giallo con alone più carico e macchioline rosa,Colore della Pasta,Giallo con alone più carico e macchioline rosa,Pasta di colore giallo con alone più carico e piccole macchie rosate.,4,9232,
Colore della Pasta::giallo chiaro due macchie rosa centrali (credo in caso voto 5 5),Colore della Pasta,"Giallo chiaro, due macchie rosa centrali (credo, in caso voto 5,5)",Pasta di colore giallo chiaro con due macchie rosa centrali.,4,9230,
Colore della Pasta::colore chiaro e uniforme,Colore della Pasta,Colore chiaro e uniforme,Pasta di colore chiaro e uniforme.,4,40370,
Colore della Pasta::zona più chiara sotto un piatto e chiazza o rosa,Colore della Pasta,Zona più chiara sotto un piatto e chiazza o rosa,Pasta con zona più chiara sotto il piatto e chiazza rosata.,4,11231,
Colore della Pasta::unif,Colore della Pasta,Unif,Pasta di colore uniforme.,4,11511,
Colore della Pasta::abbastanza omogeneo con qualche area nocciola,Colore della Pasta,Abbastanza omogeneo con qualche area nocciola,Pasta con colore abbastanza omogeneo e qualche area nocciola.,4,7536,
Colore della Pasta::zone nettamente più chiare vicino a crosta,Colore della Pasta,Zone nettamente più chiare vicino a crosta,Pasta con zone nettamente più chiare vicino alla crosta.,4,9317,
Colore della Pasta::paglierino omogeneo con alone grigio verdognolo,Colore della Pasta,"Paglierino omogeneo, con alone grigio verdognolo",Pasta di colore paglierino omogeneo con alone grigio verdognolo.,4,47574,
Colore della Pasta::regolare,Colore della Pasta,Regolare,Pasta di colore regolare.,4,24145,
Colore della Pasta::colorazione omogenea su tutta la sezione,Colore della Pasta,Colorazione omogenea su tutta la sezione,Pasta di colore omogeneo su tutta la sezione.,2,46194,
Colore della Pasta::macchie rosa,Colore della Pasta,Macchie rosa,Pasta con macchie rosa.,16,9226,
"Colore della Pasta::non ho tenuto conto della macchia dovuta ad una ""correzione"" dello scalzo se va considerato il difetto il voto è 5 0",Colore della Pasta,"Non ho tenuto conto della macchia dovuta ad una ""correzione"" dello scalzo Se va considerato il difetto il voto è 5,0",Pasta con macchia presente sullo scalzo.,4,48983,
Colore della Pasta::sotto un piatto zona di pasta disidratata,Colore della Pasta,Sotto un piatto zona di pasta disidratata,Pasta con zona di disidratazione nella parte sottocrostale.,4,834,
Colore della Pasta::abbastanza omogeneo leggermente carico,Colore della Pasta,Abbastanza omogeneo leggermente carico,Pasta di colore abbastanza omogeneo e leggermente carico.,4,18324,
Colore della Pasta::molto carico con alone che sfuma diverso un piatto più bianco,Colore della Pasta,Molto carico con alone che sfuma diverso un piatto più bianco,Pasta di colore molto carico con alone che sfuma verso un piatto più bianco.,4,30757,
Colore della Pasta::leggermente più scuro su 1b piatto,Colore della Pasta,Leggermente più scuro su 1b piatto,Pasta leggermente più scura sulla zona del piatto.,4,15587,
Colore della Pasta::zone grigiastre,Colore della Pasta,Zone grigiastre,Pasta con zone grigiastre.,4,35675,
Colore della Pasta::alone evidente rosato con fascia e macchie in prossimità di un puatto,Colore della Pasta,Alone evidente rosato con fascia e macchie in prossimità di un puatto,"Pasta con alone evidente rosato, fascia e macchie in prossimità della frattura.",4,31810,
Colore della Pasta::colore carico quasi arancio,Colore della Pasta,"Colore carico, quasi arancio","Pasta di colore carico, tendente all'arancio.",8,29219,
Colore della Pasta::qualche macchia rosa,Colore della Pasta,Qualche macchia rosa,Pasta con qualche macchia rosa.,4,9234,
Colore della Pasta::lievi macchie rosate,Colore della Pasta,Lievi macchie rosate,Pasta con lievi macchie rosate.,10,2190,
Colore della Pasta::alone più scuro,Colore della Pasta,Alone più scuro,Pasta con alone più scuro.,4,27901,
Colore della Pasta::carico ma omogeneo,Colore della Pasta,Carico ma omogeneo,Pasta di colore carico ma omogeneo.,32,7534,
Colore della Pasta::giallo chiaro uniforme,Colore della Pasta,Giallo chiaro uniforme,Pasta di colore giallo chiaro uniforme.,8,29222,
Colore della Pasta::giallo piuttosto carico e aranciato,Colore della Pasta,Giallo piuttosto carico e aranciato,Pasta di colore giallo carico e aranciato.,2,46695,
Colore della Pasta::piuttosto variabile con aree molto arancione verso gli scalzi,Colore della Pasta,Piuttosto variabile con aree molto arancione verso gli scalzi,Pasta con colorazione variabile e aree aranciate verso gli scalzi.,4,22249,
Colore della Pasta::giallo un poco' troppo carico,Colore della Pasta,Giallo un poco' troppo carico,Pasta di colore giallo piuttosto carico.,4,17019,
Colore della Pasta::grande alone centrale e qualche piccola macchia rosa,Colore della Pasta,Grande alone centrale e qualche piccola macchia rosa,Pasta con grande alone centrale e piccole macchie rosate.,4,5531,
Colore della Pasta::alone centrale più carico,Colore della Pasta,Alone centrale più carico,Pasta con alone centrale più carico.,12,5917,
Colore della Pasta::giallo carico con macchia marrone,Colore della Pasta,Giallo carico con macchia marrone,Pasta di colore giallo carico con macchia marrone.,4,9398,
Colore della Pasta::centralmente più giallo,Colore della Pasta,Centralmente più giallo,Pasta più gialla nella zona centrale.,4,27413,
Colore della Pasta::chiaro arrangiato con fascia più bianca sotto un piatto,Colore della Pasta,Chiaro arrangiato con fascia più bianca sotto un piatto,Pasta di colore chiaro aranciato con fascia bianca sottocorticale e zona piatta.,8,29535,
Colore della Pasta::presenza di evidenti aloni rosa,Colore della Pasta,Presenza di evidenti aloni rosa,Pasta con evidenti aloni rosa.,4,7997,
Colore della Pasta::tende nocciola,Colore della Pasta,Tende nocciola,Pasta tendente al nocciola.,4,13758,
Colore della Pasta::alone giallo carico centrale,Colore della Pasta,Alone giallo carico centrale,Pasta con alone giallo carico centrale.,8,18321,
Colore della Pasta::alone netto e concentrato al cuore,Colore della Pasta,Alone netto e concentrato al cuore,Pasta con alone netto e concentrato al centro.,4,497,
Colore della Pasta::colore chiaro ed omogeneo,Colore della Pasta,Colore chiaro ed omogeneo,Pasta di colore chiaro e omogeneo.,4,31891,
Colore della Pasta::colore più scuro in centro e aloni rosati in centro,Colore della Pasta,Colore più scuro in centro e aloni rosati in centro,Pasta con colore più scuro in centro e aloni rosati.,8,29151,
Colore della Pasta::diverse macchie rosa,Colore della Pasta,Diverse macchie rosa,Pasta con diverse macchie rosate.,4,31970,
Colore della Pasta::paglierino carico,Colore della Pasta,Paglierino carico,Pasta di colore paglierino carico.,4,16934,
Colore della Pasta::disomogeneo,Colore della Pasta,Disomogeneo,Pasta di colore disomogeneo.,12,13753,
Colore della Pasta::giallo molto con alone carico,Colore della Pasta,Giallo molto con alone carico,Pasta di colore giallo carico con alone carico.,4,41520,
Colore della Pasta::carico con zona più chiara verso una faccia,Colore della Pasta,Carico con zona più chiara verso una faccia,Pasta di colore carico con zona più chiara verso una faccia.,4,7843,
Colore della Pasta::alone centrale il resto paglierino chiaro,Colore della Pasta,"Alone centrale, il resto paglierino, chiaro",Pasta con alone centrale e resto paglierino di colore chiaro.,4,30611,
Colore della Pasta::chiaro e leggermente alonato al centro,Colore della Pasta,Chiaro e Leggermente alonato al centro,Pasta di colore chiaro con leggermente alone centrale.,4,31886,
Colore della Pasta::giallo intenso con alone centrale,Colore della Pasta,Giallo intenso con alone centrale,Pasta di colore giallo intenso con alone centrale.,4,24356,
Colore della Pasta::molte macchie rosa che ddanno una fascia,Colore della Pasta,Molte macchie rosa che ddanno una Fascia,Pasta con molte macchie rosa che formano una fascia.,4,49875,
Colore della Pasta::paglierino,Colore della Pasta,Paglierino,Pasta di colore paglierino.,24,877,
Colore della Pasta::paglierino non troppo carico e omogeneo,Colore della Pasta,Paglierino non troppo carico e omogeneo,Pasta di colore paglierino non troppo carico e omogeneo.,4,33665,
Colore della Pasta::più carico in centro non vero e proprio alone,Colore della Pasta,"Più carico in centro, non vero e proprio alone","Pasta di colore più carico al centro, senza alone marcato.",4,1013,
Colore della Pasta::appena più carico al centro verso uno scalzo paglierino chiarissimo,Colore della Pasta,Appena più carico al centro. Verso uno scalzo paglierino chiarissimo.,"Pasta di colore giallo paglierino chiarissimo verso lo scalzo, appena più carico al centro.",4,25647,
Colore della Pasta::centro più scura,Colore della Pasta,Centro più scura,Pasta più scura nella zona centrale.,4,44771,
Colore della Pasta::colore omogeneo abbastanza chiaro,Colore della Pasta,Colore omogeneo abbastanza chiaro,Pasta di colore omogeneo abbastanza chiaro.,4,26112,
Colore della Pasta::zona più scura,Colore della Pasta,Zona più scura,Pasta con zona più scura.,4,47461,
Colore della Pasta::un piatto più scuro,Colore della Pasta,Un piatto più scuro,Pasta di colore più scuro e piatto.,4,47514,
Colore della Pasta::colore molto chiaro c'è qualche macchiolina rosata leggera ma visibile,Colore della Pasta,Colore molto chiaro. C'è qualche macchiolina rosata leggera ma visibile.,Pasta di colore molto chiaro con qualche lieve macchiolina rosata.,4,13194,
Colore della Pasta::alone centrale e diversità sotto i due piatti,Colore della Pasta,Alone centrale e diversità sotto i due piatti,Pasta con alone centrale e diversità di colore sotto i due piatti.,4,44772,
Colore della Pasta::colore leggermente rosato ma unif,Colore della Pasta,Colore leggermente rosato ma unif,Pasta di colore leggermente rosato e uniforme.,4,20157,
Colore della Pasta::a causa della frattura e del la pasta al centro con un aspetto bagnato pastoso non sono sicura delle macchie,Colore della Pasta,A causa della frattura e del la pasta al centro con un aspetto bagnato pastoso non sono sicura delle macchie,NON_DESCRITTO,4,50552,
Colore della Pasta::alone centrale te ne all 'arancio,Colore della Pasta,Alone centrale te ne all...'arancio,Pasta con alone centrale tendente all'arancio.,4,4220,
Colore della Pasta::non del tutto uniforme alcune zone tendente al grigio,Colore della Pasta,Non del tutto uniforme alcune zone tendente al grigio,"Pasta con colore non del tutto uniforme, alcune zone tendente al grigio.",4,5918,
Colore della Pasta::tende al chiaro con un alone centrale poco più carico,Colore della Pasta,Tende al chiaro con un alone centrale poco più carico,Pasta che tende al chiaro con alone centrale poco più carico.,4,6064,
Colore della Pasta::non paglierino forse appena più oxidato in centro,Colore della Pasta,Non paglierino. Forse appena più oxidato in centro,"Pasta non paglierina, tendente all'ossidazione nel centro.",4,3301,
Colore della Pasta::alone centrale scuro colore tendenzialmente carico,Colore della Pasta,Alone centrale scuro colore tendenzialmente carico,Pasta con alone centrale di colore scuro e tendenzialmente carico.,4,9404,
Colore della Pasta::abbastanza uniforme,Colore della Pasta,Abbastanza uniforme,Pasta di colore abbastanza uniforme.,8,33966,
Colore della Pasta::tendenzialmente carico più chiaro verso scalzi,Colore della Pasta,Tendenzialmente carico.. Più chiaro verso scalzi,"Pasta di colore tendenzialmente carico, più chiara verso gli scalzi.",4,21786,
Colore della Pasta::abbastamza omogeneo,Colore della Pasta,abbastamza omogeneo,Pasta di colore abbastanza omogeneo.,4,49662,
Colore della Pasta::pressoché omogenea,Colore della Pasta,Pressoché omogenea,Pasta di colore omogeneo.,4,15586,
Colore della Pasta::bel colore di fondo ma con evidenti alone più scuri,Colore della Pasta,Bel colore di fondo ma con evidenti Alone più scuri,Pasta con colore di fondo uniforme e alone più scuro.,4,36960,
Colore della Pasta::alone e verde appena accennati,Colore della Pasta,Alone e verde appena accennati!,Pasta con alone e sfumature verdi appena accennate.,4,49639,
Colore della Pasta::lieve alone nel centro,Colore della Pasta,lieve alone nel centro,Pasta con lieve alone centrale.,4,2361,
Colore della Pasta::macchia alone centrale rosato,Colore della Pasta,Macchia alone centrale rosato,Pasta con macchia e alone centrale rosato.,4,7,
Colore della Pasta::scuro non uniforme,Colore della Pasta,Scuro non uniforme,Pasta di colore scuro non uniforme.,8,20416,
Colore della Pasta::colore giallo carico omogeneo,Colore della Pasta,Colore giallo carico omogeneo,Pasta di colore giallo carico omogeneo.,4,41467,
Colore della Pasta::omogenea tendente al chiaro,Colore della Pasta,Omogenea tendente al chiaro,Pasta omogenea tendente al chiaro.,4,42701,
Colore della Pasta::al centro macchia grande rosa grigio,Colore della Pasta,Al centro macchia grande rosa grigio,Pasta con macchia grande rosata e grigiastra al centro.,4,51136,
Colore della Pasta::tendente all' aranciata ma unif,Colore della Pasta,Tendente all' aranciata ma unif,"Pasta di colore tendente all'aranciato, uniforme.",4,35610,
Colore della Pasta::disomogeneo e macchie rosa alone centrale,Colore della Pasta,"Disomogeneo e macchie rosa, alone centrale",Pasta disomogenea con macchie rosa e alone centrale.,4,7919,
Colore della Pasta::giallo tendente al carico nocciola,Colore della Pasta,Giallo tendente al carico nocciola,Pasta di colore giallo tendente al carico nocciola.,4,21794,
Colore della Pasta::zona un poco' rosa ma generalmente uniforme,Colore della Pasta,Zona un poco' rosa ma generalmente uniforme,Pasta di colore uniforme con leggerissima zona rosata.,4,16942,
Colore della Pasta::evidente alone scuro,Colore della Pasta,Evidente alone scuro,Pasta con evidente alone scuro.,4,25723,
Colore della Pasta::chiaro e abbastanza omogeneo,Colore della Pasta,Chiaro e abbastanza omogeneo,Pasta di colore chiaro e abbastanza omogeneo.,12,29540,
Colore della Pasta::degradante x intensità alone,Colore della Pasta,"Degradante x intensità, alone",Pasta con alone e degradazione di intensità.,4,34435,
Colore della Pasta::alone centrale lievissimo,Colore della Pasta,Alone centrale lievissimo,Pasta con alone centrale leggerissimo.,4,1277,
Colore della Pasta::tende al giallo carico nocciola,Colore della Pasta,"Tende al giallo carico, nocciola",Pasta tendente al giallo carico con tonalità nocciola.,4,13828,
Colore della Pasta::più carico al centro è ulteriormente più carico in certe zone sembra quasi virare al rosa talmente intenso é il giallo,Colore della Pasta,Più carico al centro è ulteriormente più carico in certe zone. Sembra quasi virare al rosa talmente intenso é il giallo,"Pasta di colore giallo carico al centro, ancora più intenso in alcune zone, con tendenza al rosa.",4,31811,
Colore della Pasta::evidente presenza di alone centrale più scuro,Colore della Pasta,Evidente presenza di alone centrale più scuro,Pasta con evidente alone centrale più scuro.,4,32279,
Colore della Pasta::intenso e grande alone centrale,Colore della Pasta,Intenso e grande alone centrale,Pasta con grande alone centrale intenso.,4,32355,
Colore della Pasta::omogeneo,Colore della Pasta,Omogeneo,Pasta di colore omogeneo.,74,5911,
Colore della Pasta::giallo vs carico poco uniforme,Colore della Pasta,Giallo vs carico poco uniforme,Pasta di colore giallo carico poco uniforme.,4,32358,
Colore della Pasta::leggermente alone centrale,Colore della Pasta,Leggermente alone centrale,Pasta con leggermente alone centrale.,4,32352,
Colore della Pasta::non paglierino appena più satura,Colore della Pasta,Non paglierino. Appena più satura,"Pasta non paglierina, con colorazione appena più satura.",4,5071,
Colore della Pasta::tende al rosa vicino al piatto,Colore della Pasta,Tende al rosa vicino al piatto,Pasta tendente al rosa vicino al piatto.,4,13826,
Colore della Pasta::zone più chiaro verso i bordi,Colore della Pasta,Zone più Chiaro verso i bordi,Pasta con zone più chiare verso i bordi.,4,11652,
Colore della Pasta::giallo troppo carico centro e più chiaro ai lati,Colore della Pasta,Giallo troppo carico centro e più chiaro ai lati,Pasta di colore giallo carico al centro e più chiara ai lati.,4,33741,
Colore della Pasta::un poco' grigio nel sottocrosta,Colore della Pasta,Un poco' grigio nel sottocrosta,Pasta con leggero grigio nella zona sottocrosca.,4,33972,
Colore della Pasta::paglierino carica omogeneamente distribuito presenza di cristalli bianchi,Colore della Pasta,Paglierino carica omogeneamente distribuito. Presenza di cristalli bianchi,Pasta di colore paglierino carico omogeneamente distribuito con presenza di cristalli bianchi.,4,47518,
Colore della Pasta::macchie arancio chiaro e rosate,Colore della Pasta,Macchie arancio chiaro e rosate,Pasta con macchie arancio chiaro e rosate.,2,46363,
Colore della Pasta::più scura al centro qualche macchia rosa,Colore della Pasta,Più scura al centro. Qualche macchia rosa,Pasta più scura al centro con qualche macchia rosata.,4,7916,
Colore della Pasta::un poco carico ma uniforme,Colore della Pasta,Un Poco carico ma uniforme,Pasta di colore leggermente carico ma uniforme.,4,47455,
Colore della Pasta::netto alone ad anello rosato,Colore della Pasta,Netto alone ad anello rosato,Pasta con netto alone ad anello rosato.,8,29087,
Colore della Pasta::giallo intenso uniforme,Colore della Pasta,Giallo intenso uniforme,Pasta di colore giallo intenso e uniforme.,8,5838,
Colore della Pasta::carico fascia rosa centrale,Colore della Pasta,Carico fascia rosa centrale,Pasta con fascia rosa centrale carica.,4,33811,
Colore della Pasta::carico quasi nocciola ma abbastanza omogeneo,Colore della Pasta,Carico quasi nocciola ma abbastanza omogeneo,"Pasta di colore carico, quasi nocciola, abbastanza omogenea.",4,32433,
Colore della Pasta::relativamente omogeneo ma carico,Colore della Pasta,Relativamente omogeneo ma carico,Pasta di colore omogeneo ma carico.,4,9480,
Colore della Pasta::immatricolata conferisce quasi un colore rosato ma solo pochi cm dopo la crosta l'amore è spostato verso uno dei due piatti,Colore della Pasta,"Immatricolata conferisce quasi un colore rosato, ma solo pochi cm dopo la crosta. L'amore è spostato verso uno dei due piatti",Pasta con leggero colore rosato vicino alla crosta.,4,4756,
Colore della Pasta::disomogenea a fasce più chiara centro quasi rosato,Colore della Pasta,"Disomogenea, a fasce più chiara, centro quasi rosato",Pasta disomogenea con fasce più chiare e centro quasi rosato.,4,35796,
Colore della Pasta::una macchia poco visibile,Colore della Pasta,Una macchia poco visibile,Pasta con una macchia poco visibile.,10,2163,
Colore della Pasta::fascia bianca sotto un piatto centro con aloni rosati,Colore della Pasta,Fascia bianca sotto un piatto centro con aloni rosati,"Pasta con fascia bianca, centro piatto e aloni rosati.",4,33889,
Colore della Pasta::carico con alone e macchia diffusa rosata,Colore della Pasta,Carico con alone e macchia diffusa rosata,Pasta di colore carico con alone e macchia diffusa rosata.,4,41184,
Colore della Pasta::colorazione accentuata verso l'interno,Colore della Pasta,Colorazione accentuata verso l'interno,Pasta con colorazione accentuata verso l'interno.,4,7917,
Colore della Pasta::poi scusa al centro trend è a chuaro,Colore della Pasta,Poi scusa al centro trend è a chuaro,NON_DESCRITTO,4,37046,
Colore della Pasta::alone leggero centrale,Colore della Pasta,Alone leggero centrale,Pasta con leggero alone centrale.,4,11377,
Colore della Pasta::verso il giallo carico con aree vergognose o nocciola carico,Colore della Pasta,"Verso il giallo carico, con aree vergognose o nocciola carico","Pasta tendente al giallo carico, con aree di colore nocciola carico.",4,9907,
Colore della Pasta::giallo chiaro omogeneo verso paglierino,Colore della Pasta,Giallo chiaro omogeneo verso paglierino,"Pasta di colore giallo chiaro omogeneo, tendente al paglierino.",4,31972,
Colore della Pasta::giallo intenso al centro tendente al grigio rosa,Colore della Pasta,Giallo intenso al centro tendente al grigio rosa,"Pasta di colore giallo intenso al centro, tendente al grigio rosato.",4,12988,
Colore della Pasta::a parte le zone gessate omogeneo e bello,Colore della Pasta,"A parte le zone gessate, omogeneo e bello","Pasta omogenea e di colore bello, salvo le zone gessate.",4,7381,
Colore della Pasta::evidente alone rosato,Colore della Pasta,Evidente alone rosato,Pasta con evidente alone rosato.,4,44176,
Colore della Pasta::leggermente carico ma omogeneo,Colore della Pasta,Leggermente carico ma omogeneo,Pasta di colore leggermente carico e omogeneo.,8,18941,
Colore della Pasta::chiaro leggero alone,Colore della Pasta,Chiaro leggero alone,Pasta con leggero alone di colore chiaro.,4,42833,
Colore della Pasta::omogeneo e abbastanza chiaro,Colore della Pasta,Omogeneo e abbastanza chiaro,Pasta di colore omogeneo e abbastanza chiaro.,4,24215,
Colore della Pasta::fasce chiare nette,Colore della Pasta,Fasce chiare nette,Pasta con fasce di colore chiaro nette.,4,13756,
Colore della Pasta::rosa ai piatti,Colore della Pasta,Rosa ai piatti,Pasta con colorazione rosata ai bordi.,16,9397,
Colore della Pasta::colore omogeneo,Colore della Pasta,Colore omogeneo,Pasta di colore omogeneo.,8,13890,
Colore della Pasta::il colore è carico ma abbastanza omogeneo,Colore della Pasta,"Il colore è carico, ma abbastanza omogeneo","Pasta di colore carico, abbastanza omogenea.",4,20411,
Colore della Pasta::scuro non del tutto uniforme,Colore della Pasta,Scuro non del tutto uniforme,Pasta di colore scuro non del tutto uniforme.,4,20479,
Colore della Pasta::giallo paglierino marcato,Colore della Pasta,Giallo paglierino marcato,Pasta di colore giallo paglierino marcato.,4,37372,
Colore della Pasta::più scuro al centro e chiazza rosa,Colore della Pasta,Più scuro al centro e chiazza rosa,Pasta più scura al centro con chiazza rosata.,4,35490,
Colore della Pasta::omogeneo ma intenso nocciola,Colore della Pasta,Omogeneo ma intenso nocciola,"Pasta di colore omogeneo, intenso nocciola.",4,15592,
Colore della Pasta::paglierino carico omogeneo il sottocrosta ha una tonalità leggermente ambrata ma solo il sottocrosta,Colore della Pasta,"Paglierino carico omogeneo, il sottocrosta ha una tonalità leggermente ambrata, ma solo il sottocrosta","Pasta di colore paglierino carico omogeneo, con tonalità leggermente ambrata nel sottocrosta.",4,17021,
Colore della Pasta::disomogeneità,Colore della Pasta,Disomogeneità,Pasta di colore disomogeneo.,4,35851,
Colore della Pasta::le differenze di colore sono minime,Colore della Pasta,Le differenze di colore sono minime,Pasta di colore uniforme.,4,49501,
Colore della Pasta::forse troppo carico il giallo,Colore della Pasta,Forse troppo carico il giallo..,Pasta di colore giallo troppo carico.,4,35498,
Colore della Pasta::carico per lo più 1 piatto e due scalzi più chiari,Colore della Pasta,Carico per lo più. 1 piatto e due scalzi più chiari,"Pasta di colore carico per lo più, con un'area piatta e due scalzi più chiari.",4,25570,
Colore della Pasta::omogeneo chiaro a tratti nettamente paglierino,Colore della Pasta,"Omogeneo, chiaro, a tratti nettamente paglierino","Pasta di colore omogeneo, chiaro, con tratti nettamente paglierini.",4,17398,
Colore della Pasta::giallo chiaro con leggeren sfumature grigiastro verso gli scalzi,Colore della Pasta,Giallo chiaro con leggeren sfumature grigiastro verso gli scalzi,Pasta di colore giallo chiaro con leggere sfumature grigiastre verso gli scalzi.,4,33971,
Colore della Pasta::chiara e uniforme,Colore della Pasta,Chiara e uniforme,Pasta di colore chiaro e uniforme.,4,16781,
Colore della Pasta::due fasce rosate e leggero alone centrale,Colore della Pasta,Due fasce rosate e leggero alone centrale,Pasta con due fasce rosate e leggero alone centrale.,4,42908,
Colore della Pasta::alone centrale non carico ma evidentemente,Colore della Pasta,Alone centrale non carico ma evidentemente,Pasta con alone centrale non carico.,4,25645,
Colore della Pasta::colore leggermente carico ma omogeneo,Colore della Pasta,Colore leggermente carico ma omogeneo,Pasta di colore leggermente carico e omogeneo.,4,35733,
Colore della Pasta::carico omogeneo,Colore della Pasta,Carico omogeneo,Pasta di colore carico omogeneo.,22,13820,
Colore della Pasta::colore più scuro al centro,Colore della Pasta,Colore più scuro al centro,Pasta di colore più scuro al centro.,4,32276,
Colore della Pasta::più scuro verso un piatto,Colore della Pasta,Più scuro verso un piatto,Pasta più scura verso il piatto.,4,17016,
Colore della Pasta::chiara ma non paglierino,Colore della Pasta,Chiara ma non paglierino,Pasta di colore chiaro ma non paglierina.,4,1719,
Colore della Pasta::chiaro ma con macchie rosa,Colore della Pasta,Chiaro ma con macchie rosa,Pasta di colore chiaro con macchie rosate.,4,16788,
Colore della Pasta::piú chiaro verso un piatto,Colore della Pasta,Piú chiaro verso un piatto,Pasta più chiara verso la zona del piatto.,4,7918,
Colore della Pasta::giallo uniforme non carico,Colore della Pasta,Giallo uniforme non carico,Pasta di colore giallo uniforme non carico.,8,12985,
Colore della Pasta::avv omogeneo ma intenso,Colore della Pasta,Avv omogeneo ma intenso,Pasta di colore omogeneo ma intenso.,4,6072,
Colore della Pasta::paglierino scarico non omogeneo,Colore della Pasta,Paglierino scarico non omogeneo,Pasta di colore paglierino scarico non omogeneo.,4,18484,
Colore della Pasta::giallo anche meno carico abbastanza omogenea,Colore della Pasta,Giallo anche meno carico abbastanza omogenea,"Pasta di colore giallo, abbastanza omogeneo, anche meno carico.",2,46696,
Colore della Pasta::colorazione carica al centro,Colore della Pasta,Colorazione carica al centro,Pasta con colorazione carica al centro.,4,32348,
Colore della Pasta::omogeneo ma un poco' carico,Colore della Pasta,Omogeneo ma un poco' carico,Pasta di colore omogeneo ma leggermente carico.,4,37296,
Colore della Pasta::colore leggermente carico e alone centrale chiazza tende al rosato in centro,Colore della Pasta,Colore leggermente carico e alone centrale chiazza tende al rosato in centro,Pasta di colore leggermente carico con alone centrale e chiazza tendente al rosato in centro.,4,18859,
Colore della Pasta::colore tendenzialmente chiaro e omogeneo,Colore della Pasta,Colore tendenzialmente chiaro e omogeneo,Pasta di colore tendenzialmente chiaro e omogeneo.,4,14249,
Colore della Pasta::per lo più giallo chiaro un quarto laterale più saturo,Colore della Pasta,Per lo più giallo chiaro. Un quarto laterale più saturo.,"Pasta per lo più di colore giallo chiaro, con una zona laterale più satura.",4,1337,
Colore della Pasta::tante e vistose fessure da 1 e 2 cm soprattutto in corrispondenza di un piatto e suoi scalzi una grande fessura longitudinale lunga più di 8 cm,Colore della Pasta,"Tante e vistose fessure da 1 e 2 cm, soprattutto in corrispondenza di un piatto e suoi scalzi, Una grande fessura longitudinale lunga più di 8 cm",NON_DESCRITTO,7,50934,
Colore della Pasta::non molto omogeneo carico al centro,Colore della Pasta,"Non molto omogeneo, carico al centro",Pasta con colore carico al centro e non molto omogeneo.,4,35857,
Colore della Pasta::alone lievissimo o ossidazione,Colore della Pasta,Alone lievissimo o ossidazione,Pasta con alone lievissimo.,4,1146,
Colore della Pasta::alone carico quasi nocciola al centro,Colore della Pasta,Alone carico quasi nocciola al centro,Pasta con alone carico di tonalità quasi nocciola al centro.,4,30614,
Colore della Pasta::omogenea paglierino chiaro con alone verdastro,Colore della Pasta,"Omogenea Paglierino chiaro, con alone verdastro","Pasta di colore paglierino chiaro omogeneo, con alone verdastro.",4,24287,
Colore della Pasta::un poco' saturo come giallo,Colore della Pasta,Un poco' saturo come giallo,Pasta di colore giallo poco saturo.,4,1007,
Colore della Pasta::intenso più marcato al centro,Colore della Pasta,"Intenso, più marcato al centro","Pasta di colore intenso, più marcato al centro.",4,20415,
Colore della Pasta::chiara abbastanza uniforme,Colore della Pasta,Chiara abbastanza uniforme,Pasta di colore chiaro e abbastanza uniforme.,4,5909,
Colore della Pasta::abbastanza omogeneo tonalità chiara anche se non paglierina,Colore della Pasta,"Abbastanza omogeneo, tonalità chiara, anche se non paglierina","Pasta di colore abbastanza omogeneo, tonalità chiara, non paglierina.",4,18937,
Colore della Pasta::alone leggero,Colore della Pasta,Alone leggero,Pasta con leggero alone.,18,470,
Colore della Pasta::colore chiaro e abbastanza unif,Colore della Pasta,Colore chiaro e abbastanza unif,Pasta di colore chiaro e abbastanza uniforme.,4,7450,
Colore della Pasta::co ore un poco' carico ma omogeneo positivo,Colore della Pasta,Co!ore un poco' carico ma omogeneo. Positivo,Pasta di colore poco carico e omogeneo.,4,5837,
Colore della Pasta::omogeneo ma carico,Colore della Pasta,Omogeneo ma carico,Pasta di colore omogeneo ma carico.,10,24146,
Colore della Pasta::colore paglierino chiaro omogeneo,Colore della Pasta,Colore paglierino chiaro omogeneo,Pasta di colore paglierino chiaro omogeneo.,4,47460,
Colore della Pasta::chiara ma macchie rosa,Colore della Pasta,Chiara ma macchie rosa,Pasta di colore chiara con macchie rosa.,4,9233,
Colore della Pasta::carico uniforme,Colore della Pasta,Carico uniforme,Pasta di colore carico uniforme.,6,23863,
Colore della Pasta::giallo abbastanza chiaro lieve sfumatura vicino al piatto,Colore della Pasta,"Giallo abbastanza chiaro ,lieve sfumatura vicino al piatto",Pasta di colore giallo abbastanza chiaro con lieve sfumatura vicino al piatto.,4,35615,
Colore della Pasta::intenso e con alone in centro e verso un piatto,Colore della Pasta,Intenso e con alone in centro e verso un piatto,Pasta di colore intenso con alone centrale e verso un lato.,4,15480,
Colore della Pasta::leggerissima macchia rosata,Colore della Pasta,Leggerissima macchia rosata,Pasta con leggerissima macchia rosata.,4,5072,
Colore della Pasta::alone centrale arancio rosato,Colore della Pasta,Alone centrale arancio rosato,Pasta con alone centrale arancio rosato.,4,27417,
Colore della Pasta::a zone paglierino lieve carico di giallo in più al centro buona comunque,Colore della Pasta,A zone paglierino. Lieve carico di giallo in più al centro. Buona comunque,Pasta paglierina a zone con lieve carico di giallo al centro.,2,46874,
Colore della Pasta::colore carico sotto uno scalzo e sfumate rosate al bordo dell’ alone,Colore della Pasta,Colore carico sotto uno scalzo E sfumate rosate al bordo dell’ alone,Pasta con colore carico sottocrosta e sfumature rosate al bordo dell'alone.,4,50651,
Colore della Pasta::alone centrale molto evidente,Colore della Pasta,Alone centrale molto evidente,Pasta con alone centrale molto evidente.,4,25722,
Colore della Pasta::molto chiara con leggero alone centrale,Colore della Pasta,Molto chiara con leggero alone centrale,Pasta molto chiara con leggero alone centrale.,4,24138,
Colore della Pasta::omogenea paglierino,Colore della Pasta,Omogenea paglierino,Pasta di colore paglierino omogeneo.,4,6073,
Colore della Pasta::più carico al centro una banda rosaata di 25x3 cm,Colore della Pasta,Più carico al centro. Una banda rosaata di 25x3 cm,Pasta con colore più carico al centro e banda rosata.,4,47232,
Colore della Pasta::carico grigiastro,Colore della Pasta,Carico grigiastro,Pasta di colore carico grigiastro.,4,20409,
Colore della Pasta::colore chiaro uniforme,Colore della Pasta,Colore chiaro uniforme,Pasta di colore chiaro uniforme.,4,13198,
Colore della Pasta::molto troppo carico,Colore della Pasta,Molto troppo carico,Pasta di colore molto carico.,4,5135,
Colore della Pasta::più chiaro verso 1 piatto e i 2 scalzi,Colore della Pasta,Più chiaro verso 1 piatto e i 2 scalzi,Pasta più chiara verso il piatto e gli scalzi.,4,20600,
Colore della Pasta::paglierino chiaro omogeneo,Colore della Pasta,Paglierino chiaro omogeneo,Pasta di colore paglierino chiaro omogeneo.,8,24143,
Colore della Pasta::su colore chiaro lieve carico al centro,Colore della Pasta,"Su colore chiaro, lieve carico al centro",Pasta di colore chiaro con lieve carico al centro.,4,47176,
Colore della Pasta::carico grigiastro più scuro verso in piatto,Colore della Pasta,Carico grigiastro più scuro verso in piatto,"Pasta di colore carico grigiastro, più scuro verso il piatto.",4,47511,
Colore della Pasta::medio con zone verdi e centro più scuro,Colore della Pasta,Medio con zone verdi e centro più scuro,Pasta di colore medio con zone verdi e centro più scuro.,4,32280,
Colore della Pasta::giallo omogeneo ma carico,Colore della Pasta,Giallo omogeneo ma carico,Pasta di colore giallo carico e omogeneo.,4,5994,
Colore della Pasta::abbastanza omogeneo ma carico zona più scura verso un piatto,Colore della Pasta,"Abbastanza omogeneo ma carico, zona più scura verso un piatto","Pasta abbastanza omogenea ma di colore carico, con zona più scura verso un piatto.",4,6071,
Colore della Pasta::giallo omogeneo abbastanza carico,Colore della Pasta,Giallo omogeneo abbastanza carico,Pasta di colore giallo omogeneo abbastanza carico.,4,40306,
Colore della Pasta::sporca una parte,Colore della Pasta,Sporca una parte,Pasta con una parte di colore sporco.,4,48988,
Colore della Pasta::leggero alone arancio dato dalla crosta,Colore della Pasta,Leggero alone arancio dato dalla crosta,Pasta con leggero alone arancio in prossimità della crosta.,10,2141,
Colore della Pasta::un angolo più chiaro,Colore della Pasta,Un angolo più chiaro,Pasta con un angolo più chiaro.,2,46198,
Colore della Pasta::al centro ci sono aree più scure,Colore della Pasta,Al centro ci sono aree più scure,Pasta con aree più scure al centro.,4,33816,
Colore della Pasta::colore carico con alone centrale e qualche leggera macchia rosa,Colore della Pasta,Colore carico con alone centrale e qualche leggera macchia rosa,Pasta di colore carico con alone centrale e qualche leggera macchia rosa.,4,41187,
Colore della Pasta::abbastanza omogeneo ma saturo verso il giallo,Colore della Pasta,Abbastanza omogeneo ma saturo verso il giallo,"Pasta di colore abbastanza omogeneo, tendente al giallo saturo.",4,15476,
Colore della Pasta::il sottocrosta è tendente al rosato e colora anche parte della pasta circostante,Colore della Pasta,Il sottocrosta è tendente al rosato e colora anche parte della pasta circostante,Pasta con zona sottocrosta tendente al rosato che colora anche parte della pasta circostante.,4,49502,
Colore della Pasta::giallo chiaro omogeneo tendente a chiaro,Colore della Pasta,Giallo chiaro omogeneo tendente a chiaro,Pasta di colore giallo chiaro omogeneo.,4,37466,
Colore della Pasta::carico con alone centrale,Colore della Pasta,Carico con alone centrale,Pasta di colore carico con alone centrale.,4,23865,
Colore della Pasta::sicura sotto piatto,Colore della Pasta,Sicura sotto piatto,NON_DESCRITTO,4,50811,
Colore della Pasta::leggero alone ma chiaro il resto,Colore della Pasta,Leggero alone ma chiaro il resto,"Pasta con leggero alone, resto di colore chiaro.",4,18865,
Colore della Pasta::chiara con alone centrale leggero,Colore della Pasta,Chiara con alone centrale leggero,Pasta di colore chiara con leggero alone centrale.,4,37043,
Colore della Pasta::chiaro abbastanza unif,Colore della Pasta,Chiaro abbastanza unif,Pasta di colore chiaro e abbastanza uniforme.,4,20164,
Colore della Pasta::zona esterna più chiara,Colore della Pasta,Zona esterna più chiara,Pasta più chiara nella zona esterna.,4,17401,
Colore della Pasta::giallo paglierino uniforme,Colore della Pasta,Giallo paglierino uniforme,Pasta di colore giallo paglierino uniforme.,4,42839,
Colore della Pasta::zone con una tonalità rosata,Colore della Pasta,Zone con una tonalità rosata,Pasta con zone di tonalità rosata.,4,37461,
Colore della Pasta::un grande occhio al centro della forma di almeno 6mm cristalli di hiroshima bianchi omogeneamente diffusi su tutta la superficie il sottoposta di un piatto è più carico,Colore della Pasta,Un grande occhio al centro della forma di almeno 6mm. Cristalli di Hiroshima bianchi omogeneamente diffusi su tutta la superficie. Il sottoposta di un piatto è più carico,Pasta con cristalli bianchi omogeneamente diffusi e sottopasta più carico.,4,21795,
Colore della Pasta::colore carico al centro,Colore della Pasta,Colore carico al centro,Pasta di colore carico al centro.,4,23858,
Colore della Pasta::non paglierino,Colore della Pasta,Non paglierino,Pasta non paglierina.,16,2380,
Colore della Pasta::chiaro uniforme,Colore della Pasta,Chiaro uniforme,Pasta di colore chiaro uniforme.,4,33974,
Colore della Pasta::alone centrale accentuatondalla frattura,Colore della Pasta,Alone centrale accentuatondalla frattura,Pasta con alone centrale accentuato dalla frattura.,4,32349,
Colore della Pasta::fascia centrale,Colore della Pasta,Fascia centrale,Pasta con fascia centrale.,4,51321,
Colore della Pasta::più chiaro vicino scalzi,Colore della Pasta,Più chiaro vicino scalzi,Pasta più chiara nelle zone vicino agli scalzi.,2,46280,
Colore della Pasta::c'è una fascia non alone centrale appena più sarura,Colore della Pasta,"C'è una fascia, non alone centrale, appena più sarura",Pasta con fascia appena più satura.,4,5296,
Colore della Pasta::i bordi sono completamente rosa,Colore della Pasta,I bordi sono completamente rosa,Pasta con bordi completamente rosati.,4,1765,
Colore della Pasta::abbastanza uniforme tende a chiaro,Colore della Pasta,Abbastanza uniforme tende a chiaro,"Pasta di colore abbastanza uniforme, tendente al chiaro.",4,11379,
Colore della Pasta::pessima,Colore della Pasta,Pessima!,NON_DESCRITTO,4,1737,
Colore della Pasta::carico al centro macchie rosa,Colore della Pasta,Carico al centro macchie rosa,Pasta con colore carico al centro e macchie rosate.,4,9394,
Colore della Pasta::omogeneo anche se saturo,Colore della Pasta,Omogeneo anche se saturo,Pasta di colore omogeneo e saturo.,4,20474,
Colore della Pasta::leggero,Colore della Pasta,Leggero,Pasta di colore leggero.,4,4235,
Colore della Pasta::chiaro con zona bianca sotto lo scalzo alone centrale,Colore della Pasta,Chiaro con zona bianca sotto lo scalzo alone centrale,Pasta di colore chiaro con zona bianca sotto lo scalzo e alone centrale.,4,25646,
Colore della Pasta::mediamente carico più al centro con alone rosa,Colore della Pasta,"Mediamente carico, più al centro, con alone rosa",Pasta di colore mediamente carico al centro con alone rosato.,4,27488,
Colore della Pasta::giallo carico con fascia sotto un piatto più chiara,Colore della Pasta,Giallo carico con fascia sotto un piatto più chiara,Pasta di colore giallo carico con fascia sottocrostale più chiara.,4,9983,
Colore della Pasta::fascia più chiara vs un piatto,Colore della Pasta,Fascia più chiara vs un piatto,Pasta con fascia più chiara rispetto al piatto.,8,33666,
Colore della Pasta::giallo grigio intenso,Colore della Pasta,Giallo grigio intenso,Pasta di colore giallo grigio intenso.,2,46362,
Colore della Pasta::alone più scuro e macchie rosa,Colore della Pasta,Alone più scuro e macchie rosa,Pasta con alone più scuro e macchie rosa.,4,14179,
Colore della Pasta::un poco' carico leggermente più scuro al centro,Colore della Pasta,"Un poco' carico, leggermente più scuro al centro","Pasta di colore poco carico, leggermente più scura al centro.",4,27905,
Colore della Pasta::chiara alone centrale più scuro,Colore della Pasta,Chiara alone centrale più scuro,Pasta con colore chiaro e alone centrale più scuro.,4,12918,
Colore della Pasta::abbastanza omogeneo in prossimità della crosta tendente al rossiccio,Colore della Pasta,"Abbastanza Omogeneo, in prossimità della crosta tendente al rossiccio","Pasta tendenzialmente omogenea, tendente al rossiccio in prossimità della crosta.",4,35617,
Colore della Pasta::alone centrale molto carico,Colore della Pasta,Alone centrale molto carico,Pasta con alone centrale molto carico.,4,50064,
Colore della Pasta::colore carico più scuro al centro,Colore della Pasta,Colore carico più scuro al centro,Pasta di colore carico con tonalità più scura al centro.,4,9903,
Colore della Pasta::giallo piuttosto carico omogeneo,Colore della Pasta,Giallo piuttosto carico omogeneo,Pasta di colore giallo carico e omogeneo.,4,31818,
Colore della Pasta::giallo paglierino scuro,Colore della Pasta,Giallo paglierino scuro,Pasta di colore giallo paglierino scuro.,4,20473,
Colore della Pasta::pasta chiara positiva,Colore della Pasta,Pasta chiara positiva,Pasta di colore chiaro.,4,37041,
Colore della Pasta::paglierino chiaro con leggera nota grigiastra,Colore della Pasta,Paglierino chiaro con leggera nota grigiastra,Pasta di colore paglierino chiaro con leggera nota grigiastra.,4,9489,
Colore della Pasta::aree verdi e grigie ma limitatissima,Colore della Pasta,Aree verdi e grigie ma limitatissima,Pasta con limitate aree verdi e grigie.,4,993,
Colore della Pasta::leggermente carico ma paglierino al centro,Colore della Pasta,Leggermente carico ma paglierino al centro,"Pasta leggermente carica, paglierina al centro.",4,15418,
Colore della Pasta::alone carico al centro,Colore della Pasta,Alone carico al centro,Pasta con alone carico al centro.,8,25568,
Colore della Pasta::più chiaro verso i piatti,Colore della Pasta,Più chiaro verso i piatti,Pasta più chiara verso i bordi.,8,29154,
Colore della Pasta::più chiaro verso l'esterno,Colore della Pasta,Più chiaro verso l'esterno,Pasta più chiara verso l'esterno.,8,16862,
Colore della Pasta::ampio alone rosato sotto piatto ocra scuro banda chiara,Colore della Pasta,Ampio Alone rosato Sotto piatto ocra scuro Banda chiara,"Pasta con ampio alone rosato, zona sottostante di colore ocra scuro e banda chiara.",4,51946,
Colore della Pasta::carico al centro e leggera colorazione rosata (dubbia),Colore della Pasta,Carico al centro e leggera colorazione rosata (dubbia),Pasta di colore carico al centro con leggera colorazione rosata.,4,9478,
Colore della Pasta::frattura di 3 5cm,Colore della Pasta,"Frattura di 3,5cm",NON_DESCRITTO,4,33975,
Colore della Pasta::alone centrale tendente aranciato,Colore della Pasta,Alone centrale tendente aranciato,Pasta con alone centrale tendente all'aranciato.,4,27900,
Colore della Pasta::sfumatura più chiara verso crosta,Colore della Pasta,Sfumatura più chiara verso crosta,Pasta con sfumatura più chiara verso la crosta.,4,33895,
Colore della Pasta::mediamente carico abbastanza omogeneo,Colore della Pasta,"Mediamente carico, abbastanza omogeneo","Pasta di colore mediamente carico, abbastanza omogeneo.",4,42700,
Colore della Pasta::più scuro al centro tendenzialmente carico,Colore della Pasta,"Più scuro al centro, tendenzialmente carico","Pasta più scura al centro, tendenzialmente di colore carico.",4,26192,
Colore della Pasta::acconciatura presente solo su un lato della forma circa 1mm,Colore della Pasta,Acconciatura presente solo su un lato della forma circa 1mm,NON_DESCRITTO,4,22250,
Colore della Pasta::1 macchia centrale,Colore della Pasta,1 macchia centrale,Pasta con una macchia centrale.,4,201,
Colore della Pasta::colore di base carico zona paglierino chiara verso un terzo,Colore della Pasta,"Colore di base carico. Zona paglierino, chiara verso un terzo",Pasta di colore carico con zona paglierina e fascia chiara verso un terzo.,4,44261,
Colore della Pasta::omogeneo mediamente carico,Colore della Pasta,Omogeneo mediamente carico,Pasta di colore omogeneo mediamente carico.,6,41357,
Colore della Pasta::giallo medio tendente al chiaro,Colore della Pasta,Giallo medio tendente al chiaro,Pasta di colore giallo medio tendente al chiaro.,4,44773,
Colore della Pasta::tendente al grigio,Colore della Pasta,Tendente al grigio,Pasta tendente al grigio.,6,11651,
Colore della Pasta::leggermente più scura ai piatti,Colore della Pasta,Leggermente più scura ai piatti,Pasta leggermente più scura ai bordi.,4,47177,
Colore della Pasta::colore di fondo abbastanza bello ma è evidente alone verso un piatto,Colore della Pasta,Colore di fondo abbastanza bello ma è evidente alone verso un piatto,Pasta di colore di fondo abbastanza bello con alone tendente al piatto.,2,46367,
Colore della Pasta::omogeneo te dente al paglierino solo più carico verso i piatti,Colore della Pasta,"Omogeneo, te dente al paglierino. Solo più carico verso i piatti","Pasta di colore omogeneo, tendente al paglierino, più carico verso i bordi.",2,46873,
Colore della Pasta::giallo piuttosto carico e uniforme,Colore della Pasta,Giallo piuttosto carico e uniforme,Pasta di colore giallo piuttosto carico e uniforme.,4,27836,
Colore della Pasta::alone centrale con chiazze rosate,Colore della Pasta,Alone centrale con chiazze rosate,Pasta con alone centrale e chiazze rosate.,4,22421,
Colore della Pasta::fascia verdastra sotto piatto,Colore della Pasta,Fascia verdastra sotto piatto,Pasta con fascia verdastra sotto il piatto.,4,50861,
Colore della Pasta::colore carico ma uniforme,Colore della Pasta,Colore carico ma uniforme,Pasta di colore carico e uniforme.,8,27761,
Colore della Pasta::giallo tende al carico non uniforme,Colore della Pasta,Giallo tende al carico non uniforme,Pasta di colore giallo carico tendenzialmente non uniforme.,4,25655,
Colore della Pasta::molto carico al centro,Colore della Pasta,Molto carico al centro,Pasta di colore molto carico al centro.,12,7988,
Colore della Pasta::chiaro paglierino omogeneo,Colore della Pasta,"Chiaro, paglierino, omogeneo",Pasta di colore paglierino chiaro e omogeneo.,4,18783,
Colore della Pasta::in corrispondenza dell'occhio con siero,Colore della Pasta,In corrispondenza dell'occhio con siero,Pasta con siero in corrispondenza degli occhi.,4,3847,
Colore della Pasta::due fasce più scura su un piatto,Colore della Pasta,"Due fasce, più scura su un piatto","Pasta con due fasce di colore, una più scura sul piatto.",4,15479,
Colore della Pasta::alcune zone grigiastro zona molto chiara e parte interna più scura,Colore della Pasta,"Alcune zone grigiastro, zona molto chiara e parte interna più scura","Pasta con alcune zone grigiastre, zona molto chiara e parte interna più scura.",4,9989,
Colore della Pasta::uniforme un poco carico,Colore della Pasta,Uniforme un Poco carico,"Pasta di colore uniforme, poco carico.",4,7527,
Colore della Pasta::alone centrale più scuro e presenza di macchie rosa,Colore della Pasta,Alone centrale Più scuro e presenza di macchie rosa,Pasta con alone centrale più scuro e macchie rosa.,4,7920,
Colore della Pasta::colore dato dal sottocrosta,Colore della Pasta,Colore dato dal sottocrosta,Pasta con colore influenzato dalla zona sottocrosta.,4,1283,
Colore della Pasta::escludendo la sfumatura della crosta il colore omogeneo,Colore della Pasta,Escludendo la sfumatura della crosta il colore omogeneo,"Pasta di colore omogeneo, escludendo la sfumatura della crosta.",4,35729,
Colore della Pasta::evidente alone centrale più scuro,Colore della Pasta,"Evidente alone centrale più scuro,",Pasta con evidente alone centrale più scuro.,12,18327,
Colore della Pasta::più carico al centro di poco,Colore della Pasta,"Più carico al centro, di poco","Pasta con colore più carico al centro, leggermente.",4,42834,
Colore della Pasta::giallo tendente al carico piccolissime aree grigie,Colore della Pasta,Giallo tendente al carico. Piccolissime aree grigie,"Pasta di colore giallo tendente al carico, con piccolissime aree grigie.",4,18867,
Colore della Pasta::presenza alone in prossimità della frattura non regolare,Colore della Pasta,Presenza alone in prossimità della frattura non regolare,Pasta con alone in prossimità della frattura.,4,44847,
Colore della Pasta::carico con lieve alone centrale,Colore della Pasta,Carico con lieve alone centrale,Pasta di colore carico con lieve alone centrale.,8,29157,
Colore della Pasta::macchia più scura al centro,Colore della Pasta,Macchia più scura al centro,Pasta con macchia più scura al centro.,4,25648,
Colore della Pasta::tende al chiaro ma grigiastra,Colore della Pasta,Tende al chiaro ma grigiastra,Pasta tendente al chiaro con sfumatura grigiastra.,4,13898,
Colore della Pasta::lievissimo alone,Colore della Pasta,Lievissimo alone,Pasta con lievissimo alone.,4,51783,
Colore della Pasta::piccola rottura,Colore della Pasta,Piccola rottura,NON_DESCRITTO,4,33891,
Colore della Pasta::fascia colorata rosata sotto un piatto,Colore della Pasta,Fascia colorata rosata sotto un piatto,Pasta con fascia rosata sotto colore più piatto.,4,50652,
Colore della Pasta::alone centrale tendente al rosa,Colore della Pasta,Alone centrale tendente al rosa,Pasta con alone centrale tendente al rosa.,4,44184,
Colore della Pasta::2 fascia longitudinali di colore differente,Colore della Pasta,2 fascia longitudinali di colore differente,Pasta con due fasce longitudinali di colore differente.,4,1132,
Colore della Pasta::alone carico,Colore della Pasta,Alone carico,Pasta con alone di colore carico.,4,27909,
Colore della Pasta::colore chiaro appena più carico al centro poco comunque mi pare vedere macchia rosa sul taglio non sono sicuro non penaizzo,Colore della Pasta,"Colore chiaro appena più carico al centro, poco comunque. Mi pare vedere macchia rosa sul taglio. Non sono sicuro, non penaizzo","Pasta di colore chiaro, leggermente più carico al centro, con lieve macchia rosata al taglio.",4,22332,
Colore della Pasta::una porzione verso 1 piatto e uno scalzo è più chiara il resto comunque poco più saturo,Colore della Pasta,"Una porzione, verso 1 piatto e uno scalzo è più chiara. Il resto comunque poco più saturo","Pasta con colore non uniforme: una porzione verso il piatto e uno scalzo più chiara, il resto leggermente più saturo.",4,42484,
Colore della Pasta::omogeneamente paglierino carico ambrato,Colore della Pasta,Omogeneamente paglierino carico ambrato,Pasta di colore omogeneamente paglierino carico ambrato.,4,5611,
Colore della Pasta::grande alone centrale con striscia nocciola,Colore della Pasta,Grande alone centrale con striscia nocciola,Pasta con grande alone centrale e striscia nocciola.,4,31816,
Colore della Pasta::colore centrale più carico,Colore della Pasta,Colore centrale più carico,Pasta con colore centrale più carico.,4,11580,
Colore della Pasta::bello omogeneo e chiaro,Colore della Pasta,Bello omogeneo e chiaro.,Pasta di colore omogeneo e chiaro.,4,7459,
Colore della Pasta::più carico al centro lieve ispessimento della crosta su un piatto,Colore della Pasta,"Più carico al centro, lieve ispessimento della crosta su un piatto",Pasta di colore più carico al centro.,4,22248,
Colore della Pasta::chiaro con banda leggermente più chiara sotto 1 piatto,Colore della Pasta,Chiaro con Banda leggermente più chiara sotto 1 piatto,Pasta di colore chiaro con fascia leggermente più chiara sotto il piatto.,4,27691,
Colore della Pasta::piuttosto chiara anche se a zone,Colore della Pasta,Piuttosto chiara anche se a zone,Pasta di colore piuttosto chiara anche se con zone di tonalità diversa.,4,44689,
Colore della Pasta::chiaro verso gli scalzi più carico al centro anche se non molto saturo,Colore della Pasta,"Chiaro verso gli scalzi, più carico al centro, anche se non molto saturo","Pasta di colore chiaro verso gli scalzi e più carico al centro, con saturazione non molto intensa.",4,20222,
Colore della Pasta::giallo un poco' carico con qualche leggera macchia rosa,Colore della Pasta,Giallo un poco' carico con qualche leggera macchia rosa,Pasta di colore giallo poco carico con qualche leggera macchia rosata.,4,11235,
Colore della Pasta::più chiaro verso l'esterno diverse macchie,Colore della Pasta,"Più chiaro verso l'esterno, diverse macchie",Pasta più chiara verso l'esterno con diverse macchie.,4,5528,
Colore della Pasta::un poco' verdastra angoli,Colore della Pasta,Un poco' verdastra angoli,Pasta con leggera tonalità verdastra negli angoli.,4,7379,
Colore della Pasta::giallo carico soprattutto negli angoli e scalzi,Colore della Pasta,Giallo carico soprattutto negli angoli e scalzi.,Pasta di colore giallo carico soprattutto negli angoli e negli scalzi.,4,36961,
Colore della Pasta::alone forse accentuato dalla frattura ad arco,Colore della Pasta,Alone forse accentuato dalla frattura ad arco,Pasta con alone accentuato dalla frattura ad arco.,4,11581,
Colore della Pasta::leggermente più carico al centro ma generalmente poco carico presenza importante di grani di tirosina,Colore della Pasta,"Leggermente più carico al centro ma generalmente poco carico, presenza importante di grani di tirosina","Pasta con colore poco carico, leggermente più intenso al centro, e presenza di grani di tirosina.",4,30663,
Colore della Pasta::disomogeneità di colorazione,Colore della Pasta,Disomogeneità di colorazione,Pasta con colorazione disomogenea.,4,35789,
Colore della Pasta::omogeneo chiaro paglierino,Colore della Pasta,"Omogeneo, chiaro paglierino","Pasta di colore chiaro paglierino, omogeneo.",4,17013,
Colore della Pasta::carico abbastanza uniforme,Colore della Pasta,Carico Abbastanza uniforme,Pasta di colore carico e abbastanza uniforme.,4,42693,
Colore della Pasta::giallo paglierino non proprio chiaro con note tendenti al verde grigiastro,Colore della Pasta,Giallo paglierino non proprio chiaro con note tendenti al verde grigiastro,Pasta di colore giallo paglierino non proprio chiaro con note tendenti al verde grigiastro.,4,20410,
Colore della Pasta::leggermente carico al centro,Colore della Pasta,Leggermente carico al centro,Pasta di colore leggermente carico al centro.,4,41127,
Colore della Pasta::decisamente carico,Colore della Pasta,Decisamente carico,Pasta di colore decisamente carico.,12,15474,
Colore della Pasta::1/3 paglierino il resto più carico,Colore della Pasta,1/3 paglierino. Il resto più carico,Pasta con colore paglierino in parte e più carico nel resto.,4,9312,
Colore della Pasta::uniforme chiaro,Colore della Pasta,Uniforme chiaro,Pasta di colore uniforme e chiaro.,4,11519,
Colore della Pasta::alone centrale e sotto piatto troppo bianchi segno potenziale demineralizzazione,Colore della Pasta,Alone centrale e sotto piatto troppo bianchi segno potenziale demineralizzazione,Pasta con alone centrale e zona sottocrostale bianchi.,4,33888,
Colore della Pasta::paglierino scarico,Colore della Pasta,Paglierino scarico,Pasta di colore paglierino scarico.,4,42912,
Colore della Pasta::una macchia bruna vicino al centro,Colore della Pasta,Una macchia bruna vicino al centro,Pasta con macchia bruna vicino al centro.,4,1803,
Colore della Pasta::difetto so,Colore della Pasta,Difetto so,Pasta di colore difettoso.,8,29093,
Colore della Pasta::abbastanza omogeneo lievemente più carico al centro,Colore della Pasta,Abbastanza omogeneo lievemente più carico al centro,"Pasta abbastanza omogenea, lievemente più carica al centro.",4,42840,
Colore della Pasta::giallo abbastanza carico leggermente alonato,Colore della Pasta,"Giallo abbastanza carico, leggermente alonato","Pasta di colore giallo abbastanza carico, leggermente alonata.",4,42489,
Colore della Pasta::giallo tenue,Colore della Pasta,Giallo tenue,Pasta di colore giallo tenue.,4,18862,
Colore della Pasta::più scura verso il centro anche se di poco,Colore della Pasta,Più scura verso il centro anche se di poco,Pasta più scura verso il centro.,4,37457,
Colore della Pasta::giallo carico al centro più chiaro verso i 3/4 della forma,Colore della Pasta,"Giallo carico al centro, più chiaro verso i 3/4 della forma","Pasta di colore giallo carico al centro, tendente al più chiaro verso le zone periferiche.",4,47400,
Colore della Pasta::omogeneo ma carico forse con qualche alone,Colore della Pasta,"Omogeneo ma carico, forse con qualche alone","Pasta di colore omogeneo ma carico, con qualche alone.",4,40446,
Colore della Pasta::alone centrale tendente al rosa pompelmo,Colore della Pasta,Alone centrale tendente al rosa pompelmo,Pasta con alone centrale tendente al rosa pompelmo.,4,1126,
Colore della Pasta::leggi più scuro al centro ma tende al cgiaro,Colore della Pasta,Leggi più scuro al centro ma tende al cgiaro,Pasta leggermente più scura al centro ma tendente al chiaro.,4,40448,
Colore della Pasta::chiara e omogenea sembra qualche macchia rosa,Colore della Pasta,Chiara e omogenea sembra qualche macchia rosa,Pasta chiara e omogenea con qualche macchia rosata.,4,9236,
Colore della Pasta::giallo saturo con un piatto più chiaro,Colore della Pasta,Giallo saturo con un piatto più chiaro,Pasta di colore giallo saturo con zona più chiara.,4,18400,
Colore della Pasta::omogeneo ma giallo stracarico,Colore della Pasta,Omogeneo ma giallo stracarico,"Pasta di colore giallo molto carico, omogenea.",4,27832,
Colore della Pasta::chiaro abbastanza omogeneo,Colore della Pasta,Chiaro abbastanza omogeneo,Pasta di colore chiaro abbastanza omogeneo.,4,31893,
Colore della Pasta::colore più carico al centro,Colore della Pasta,Colore più carico al centro,Pasta di colore più carico al centro.,8,35853,
Colore della Pasta::irregolare,Colore della Pasta,Irregolare,Pasta con colore irregolare.,8,5603,
Colore della Pasta::enorme striscia rosa e alone centrale scuro,Colore della Pasta,Enorme striscia rosa e alone centrale scuro,Pasta con enorme striscia rosa e alone centrale scuro.,8,29094,
Colore della Pasta::alone centrale nocciola differenza fra le zone,Colore della Pasta,"Alone centrale nocciola, differenza fra le zone",Pasta con alone centrale nocciola e differenza di colore fra le zone.,4,7996,
Colore della Pasta::colore omogeneo poco saturo,Colore della Pasta,"Colore omogeneo, poco saturo","Pasta di colore omogeneo, poco saturo.",4,47456,
Colore della Pasta::un poco' carico ma omogeneo,Colore della Pasta,Un poco' carico ma omogeneo,Pasta di colore poco carico e omogeneo.,24,20225,
Colore della Pasta::giallo intenso al centro non uniforme,Colore della Pasta,Giallo intenso al centro non uniforme,"Pasta di colore giallo intenso al centro, non uniforme.",4,33743,
Colore della Pasta::base chiara appena più carica a tratti,Colore della Pasta,Base chiara appena più carica a tratti,Pasta di colore chiaro con sfumature leggermente più cariche a tratti.,4,11582,
Colore della Pasta::omogenea poco satura,Colore della Pasta,Omogenea poco satura,Pasta di colore omogeneo poco saturo.,4,40371,
Colore della Pasta::giallo carico uniforme,Colore della Pasta,Giallo carico uniforme,Pasta di colore giallo carico uniforme.,8,11656,
Colore della Pasta::non uniforme base paglierino chiaro tendente grigio è presente una strisca scura estesa e parallela ad un piatto,Colore della Pasta,"Non uniforme, base Paglierino chiaro tendente grigio è presente una strisca scura, estesa e parallela ad un piatto","Pasta con colore non uniforme, base paglierina chiara tendente al grigio con striscia scura estesa e parallela a un piatto.",4,47238,
Colore della Pasta::giallo paglierino verso gli scalzi si carica verso il centro macchia rosa,Colore della Pasta,"Giallo paglierino verso gli scalzi, si carica verso il centro, macchia rosa","Pasta di colore giallo paglierino verso gli scalzi, che si carica verso il centro con macchia rosata.",4,33740,
Colore della Pasta::alone evidente,Colore della Pasta,Alone evidente,Pasta con alone evidente.,4,30610,
Colore della Pasta::omogeneo se pur carico,Colore della Pasta,Omogeneo se pur carico,"Pasta di colore omogeneo, benché carico.",4,41469,
Colore della Pasta::giallo piuttosto carico,Colore della Pasta,Giallo piuttosto carico,Pasta di colore giallo piuttosto carico.,4,17018,
Colore della Pasta::giallo chiaro con sfumature grigiastro leggera,Colore della Pasta,"Giallo chiaro con sfumature grigiastro,leggera",Pasta di colore giallo chiaro con sfumature grigiastre leggere.,4,24284,
Colore della Pasta::alone colore rosato,Colore della Pasta,Alone colore rosato,Pasta con alone di colore rosato.,4,51782,
Colore della Pasta::macchie rosa violacee,Colore della Pasta,Macchie rosa violacee,Pasta con macchie rosa violacee.,4,51591,
Colore della Pasta::molto carico,Colore della Pasta,Molto carico,Pasta di colore molto carico.,20,4431,
Colore della Pasta::alone centrale sotto un piatto è più chiara,Colore della Pasta,"Alone centrale, sotto un piatto è più chiara",Pasta con alone centrale e zona sottocrostale più chiara.,4,32278,
Colore della Pasta::intenso sia pure abbastanza omogeneo,Colore della Pasta,Intenso sia pure abbastanza omogeneo,"Pasta di colore intenso, abbastanza omogeneo.",4,21792,
Colore della Pasta::lievemente più carica al centro,Colore della Pasta,Lievemente più carica al centro,Pasta di colore leggermente più carica al centro.,4,37541,
Colore della Pasta::struttura a tratti difettosa con stiratura,Colore della Pasta,Struttura a tratti difettosa con stiratura,NON_DESCRITTO,2,46368,
Colore della Pasta::fascia di colore sotto crosta marrone che sfuma verso l’interno,Colore della Pasta,Fascia di Colore sotto crosta marrone che sfuma verso l’interno,Pasta con fascia di colore sotto crosta marrone che sfuma verso l'interno.,4,50889,
Colore della Pasta::giallo carico omogeneo,Colore della Pasta,Giallo carico omogeneo,Pasta di colore giallo carico omogeneo.,32,7840,
Colore della Pasta::macchia rosa sotto scalzo,Colore della Pasta,Macchia rosa sotto scalzo,Pasta con macchia rosata nella zona dello scalzo.,4,50529,
Colore della Pasta::verso uno dei 2scalzi colore più intenso rossiccio,Colore della Pasta,Verso uno dei 2scalzi colore più intenso rossiccio,Pasta con colore più intenso e rossiccio verso uno degli scalzi.,4,51191,
Colore della Pasta::giallo abbastanza carico,Colore della Pasta,Giallo abbastanza carico,Pasta di colore giallo abbastanza carico.,4,24144,
Colore della Pasta::alone arancio rosa,Colore della Pasta,Alone arancio rosa,Pasta con alone arancio rosato.,4,4221,
Colore della Pasta::appena più carico verso il centro comunque tonalità poco sature,Colore della Pasta,"Appena più carico verso il centro, comunque tonalità poco sature","Pasta di colore poco saturo, leggermente più carico verso il centro.",4,32350,
Colore della Pasta::netto alone rosato con macchie,Colore della Pasta,NEtto alone rosato con macchie,Pasta con netto alone rosato e macchie.,4,44848,
Colore della Pasta::non omogeneo ed aloni rosa o marron,Colore della Pasta,Non omogeneo ed aloni rosa o marron,Pasta con colore non omogeneo e aloni rosa e marrone.,4,41185,
Colore della Pasta::evidente alone centrale,Colore della Pasta,Evidente alone centrale,Pasta con evidente alone centrale.,4,27410,
Colore della Pasta::omogenea tranne nel sottocrosta,Colore della Pasta,Omogenea tranne nel sottocrosta,Pasta di colore omogeneo tranne nella zona sottocrosta.,4,35678,
Colore della Pasta::presenza alone centrale percepibile con una macchia rosa,Colore della Pasta,Presenza alone centrale percepibile con una macchia rosa,Pasta con alone centrale percepibile e macchia rosata.,4,22329,
Colore della Pasta::giallo più scuro al centro,Colore della Pasta,Giallo più scuro al centro,Pasta di colore giallo più scuro al centro.,2,46950,
Colore della Pasta::alone centrale più carico con macchie rosate,Colore della Pasta,Alone centrale più carico con macchie rosate,Pasta con alone centrale più carico e macchie rosate.,4,31815,
Colore della Pasta::base paglierino chiara alone appena più scuri e ulteriori macchie ancora più scure,Colore della Pasta,"Base paglierino, chiara. Alone appena più scuri e ulteriori macchie ancora più scure","Pasta di colore paglierino chiaro, con alone leggermente più scuro e ulteriori macchie ancora più scure.",4,15644,
Colore della Pasta::molto carico aranciato,Colore della Pasta,Molto carico. Aranciato,Pasta di colore molto carico e aranciato.,4,24353,
Colore della Pasta::colore omogeneo non troppo carico,Colore della Pasta,Colore omogeneo non troppo carico,Pasta di colore omogeneo non troppo carico.,8,11585,
Colore della Pasta::leggeri alone più carico in centro,Colore della Pasta,Leggeri alone più carico in centro,Pasta con leggeri alone più carico in centro.,4,25651,
Colore della Pasta::alone molto evidente arancio rosato,Colore della Pasta,Alone molto evidente arancio rosato,Pasta con alone molto evidente arancio rosato.,4,496,
Colore della Pasta::alone centrale più scuro e banda chiara sotto 1 piatto,Colore della Pasta,Alone centrale più scuro e banda chiara sotto 1 piatto,Pasta con alone centrale più scuro e banda chiara sotto la crosta.,4,27411,
Colore della Pasta::omogeneo giallo di tonalità media,Colore della Pasta,"Omogeneo, giallo di tonalità media",Pasta di colore giallo omogeneo con tonalità media.,4,26032,
Colore della Pasta::tendenzialmente chiaro ma con aree più chiare verso l'esterno,Colore della Pasta,"Tendenzialmente chiaro, ma con aree più chiare verso l'esterno",Pasta di colore tendenzialmente chiaro con aree più chiare verso l'esterno.,8,29541,
Colore della Pasta::disomogeneo con fascia nocciola,Colore della Pasta,Disomogeneo con fascia nocciola,Pasta disomogenea con fascia nocciola.,2,46361,
Colore della Pasta::strisce rosa,Colore della Pasta,Strisce rosa,Pasta con strisce rosa.,4,50653,
Colore della Pasta::striscia più scura parallela ad un piatto,Colore della Pasta,Striscia più scura parallela ad un piatto,Pasta con striscia più scura parallela a un piatto.,4,14247,
Colore della Pasta::disomogeneo più chiaro verso gli scalzi,Colore della Pasta,"Disomogeneo, più chiaro verso gli scalzi","Pasta con colore disomogeneo, più chiara verso gli scalzi.",4,22336,
Colore della Pasta::abbastanza omogeneo non molto carico,Colore della Pasta,"Abbastanza omogeneo, non molto carico","Pasta di colore abbastanza omogeneo, non molto carico.",4,31894,
Colore della Pasta::1/4 della superficie di colore molto chiaro quasi bianco il resto più carico,Colore della Pasta,"1/4 della superficie di colore molto chiaro, quasi bianco. Il resto più carico","Pasta con una parte di colore molto chiaro quasi bianco, il resto più carico.",4,7836,
Colore della Pasta::zone rosa e grigine,Colore della Pasta,Zone rosa e grigine,Pasta con zone rosate e grigiastre.,4,47573,
Colore della Pasta::fascia scura sotto un piatto fascia chiara sotto l’altro,Colore della Pasta,"Fascia scura sotto un piatto, fascia chiara sotto l’altro",Pasta con fascia scura e fascia chiara in zone diverse.,4,51196,
Colore della Pasta::evidenti striscia rosa,Colore della Pasta,Evidenti striscia rosa,Pasta con evidenti striscie rosate.,4,33819,
Colore della Pasta::colore molto chiaro con qualche leggerissima macchia rosa,Colore della Pasta,Colore molto chiaro con qualche leggerissima macchia rosa,Pasta di colore molto chiaro con qualche leggerissima macchia rosa.,8,29539,
Colore della Pasta::molto carico e forse 1 macchia rosata,Colore della Pasta,Molto carico e forse 1 macchia rosata,Pasta di colore molto carico con macchia rosata.,4,30708,
Colore della Pasta::centro più carico,Colore della Pasta,Centro più carico,Pasta con centro più carico.,4,7995,
Colore della Pasta::ad aree,Colore della Pasta,Ad aree...,Pasta a colori distribuiti per aree.,4,37549,
Colore della Pasta::più scuro al centro presenza di un alone rosa,Colore della Pasta,"Più scuro al centro, presenza di un alone rosa",Pasta più scura al centro con presenza di alone rosato.,4,22339,
Colore della Pasta::leggero alone,Colore della Pasta,Leggero alone,Pasta con leggero alone.,20,11584,
Colore della Pasta::intensa con alone,Colore della Pasta,Intensa con alone,Pasta di colore intenso con alone.,4,9402,
Colore della Pasta::paglierina,Colore della Pasta,Paglierina,Pasta di colore paglierina.,4,1763,
Colore della Pasta::lieve più carico in zona centrale,Colore della Pasta,Lieve più carico in zona centrale,Pasta con colorazione più carica nella zona centrale.,4,11372,
Colore della Pasta::zona rosa centrale e mtv chiara sugli angoli,Colore della Pasta,Zona rosa centrale e Mtv chiara sugli angoli,Pasta con zona rosa centrale e colore chiaro negli angoli.,4,9401,
Colore della Pasta::tendenzialmente carico,Colore della Pasta,Tendenzialmente carico.,Pasta di colore tendenzialmente carico.,4,25577,
Colore della Pasta::omogeneo non molto carico,Colore della Pasta,Omogeneo non molto carico,Pasta di colore omogeneo non molto carico.,8,21881,
Colore della Pasta::alone centrale molto più scuro,Colore della Pasta,Alone centrale molto più scuro,Pasta con alone centrale molto scuro.,4,15982,
Colore della Pasta::macchie rosa colore chiaro alone centrale più scuro,Colore della Pasta,Macchie rosa colore chiaro alone centrale più scuro,"Pasta con macchie rosa, colore chiaro e alone centrale più scuro.",4,5533,
Colore della Pasta::alone molto grande,Colore della Pasta,Alone molto grande,Pasta con alone molto grande.,4,37,
Colore della Pasta::eccessivamente carico,Colore della Pasta,Eccessivamente carico,Pasta di colore eccessivamente carico.,4,27768,
Colore della Pasta::alone centrale rosato e striscia rosa abbastanza marcata sempre al centro,Colore della Pasta,"Alone centrale rosato e striscia rosa abbastanza marcata, sempre al centro",Pasta con alone centrale rosato e striscia rosa abbastanza marcata al centro.,4,1288,
Colore della Pasta::macchie,Colore della Pasta,Macchie,Pasta con macchie.,4,26187,
Colore della Pasta::taglio molto inregolare,Colore della Pasta,Taglio molto inregolare,NON_DESCRITTO,4,34437,
Colore della Pasta::un poco' più chiaro verso un piatto,Colore della Pasta,Un poco' più chiaro verso un piatto,Pasta più chiara verso il piatto.,4,7533,
Colore della Pasta::paglierino ove chiaro,Colore della Pasta,Paglierino ove chiaro,Pasta paglierina nelle zone più chiare.,4,3306,
Colore della Pasta::paglierino carico quasi giallo con alone grigio verde,Colore della Pasta,"Paglierino carico, quasi giallo con alone grigio verde","Pasta di colore paglierino carico, quasi giallo, con alone grigio verde.",4,9909,
Colore della Pasta::colore carico tendente al grigio in centro,Colore della Pasta,Colore carico tendente al grigio in centro,Pasta di colore carico tendente al grigio nella zona centrale.,4,18397,
Colore della Pasta::chiara,Colore della Pasta,Chiara,Pasta di colore chiaro.,4,20163,
Colore della Pasta::leggero alone colore tendente chiaro,Colore della Pasta,Leggero alone colore tendente chiaro,Pasta con leggero alone e colore tendente al chiaro.,2,46952,
Colore della Pasta::giallo carico un piatto più chiaro,Colore della Pasta,"Giallo carico,un piatto più chiaro",Pasta di colore giallo carico con una parte più chiara.,4,47402,
Colore della Pasta::leggera sfumatura rosata,Colore della Pasta,Leggera sfumatura rosata,Pasta con leggera sfumatura rosata.,4,23934,
Colore della Pasta::alone centrale più scuro non omogeneo,Colore della Pasta,Alone centrale più scuro Non omogeneo,Pasta con alone centrale più scuro e colore non omogeneo.,2,46947,
Colore della Pasta::una piccola macchia rossa,Colore della Pasta,Una piccola macchia rossa,Pasta con piccola macchia rossa.,10,2164,
Colore della Pasta::verso uno degli scalzi vira verso il rosato marrone,Colore della Pasta,Verso uno degli scalzi vira verso il rosato marrone,Pasta con viraggio verso tonalità rosato-marrone verso gli scalzi.,4,51107,
Colore della Pasta::macchia rosa centrale abbastanza grande,Colore della Pasta,Macchia rosa centrale abbastanza grande,Pasta con macchia rosa centrale abbastanza grande.,4,464,
Colore della Pasta::chiaro ed omogeneo,Colore della Pasta,Chiaro ed omogeneo,Pasta di colore chiaro e omogeneo.,8,9228,
Colore della Pasta::colorazione chiara leggermente allonato al centro,Colore della Pasta,Colorazione chiara leggermente allonato al centro,"Pasta di colorazione chiara, leggermente allungata al centro.",4,24278,
Colore della Pasta::paglierino carico rossastra negli angoli,Colore della Pasta,"Paglierino carico, rossastra negli angoli","Pasta di colore paglierino carico, tendente al rossastro negli angoli.",4,35613,
Colore della Pasta::intenso ed omogeneo,Colore della Pasta,Intenso ed omogeneo,Pasta di colore intenso e omogeneo.,4,16943,
Colore della Pasta::paglierino molto scarico con riflessi grigi,Colore della Pasta,Paglierino molto scarico con riflessi grigi,Pasta paglierina molto scarica con riflessi grigi.,4,41134,
Colore della Pasta::carico non omogeneo,Colore della Pasta,Carico non omogeneo,Pasta di colore carico e non omogeneo.,4,15530,
Colore della Pasta::macchia rosa,Colore della Pasta,Macchia rosa?,Pasta con macchia rosata.,4,22337,
Colore della Pasta::numerose e grosse macchie rosate,Colore della Pasta,Numerose e grosse macchie rosate,Pasta con numerose e grosse macchie rosate.,4,50180,
Colore della Pasta::paglierino con riflessi grigi,Colore della Pasta,Paglierino con riflessi grigi,Pasta paglierina con riflessi grigi.,4,41414,
Colore della Pasta::colore un poco' carico ma omogeneo,Colore della Pasta,Colore un poco' carico ma omogeneo,Pasta di colore leggermente carico e omogeneo.,4,11375,
Colore della Pasta::grande alone centrale scuro,Colore della Pasta,Grande alone centrale scuro,Pasta con grande alone centrale scuro.,4,30762,
Colore della Pasta::alone e zone rosate,Colore della Pasta,Alone e zone rosate,Pasta con alone e zone rosate.,4,33896,
Colore della Pasta::bianco grigio,Colore della Pasta,Bianco grigio,Pasta di colore bianco grigio.,4,49397,
Colore della Pasta::paglierino carico con alone centrale,Colore della Pasta,Paglierino carico con alone centrale,Pasta di colore paglierino carico con alone centrale.,2,46370,
Colore della Pasta::giallo carico saturo e sfumature verdognole,Colore della Pasta,Giallo carico saturo e sfumature verdognole,Pasta di colore giallo carico saturo con sfumature verdognole.,4,1432,
Colore della Pasta::colore non uniforme alone più scuro,Colore della Pasta,Colore non uniforme alone più scuro,Pasta con colore non uniforme e alone più scuro.,4,20605,
Colore della Pasta::carico di giallo bel colore da sbrinz,Colore della Pasta,Carico di giallo. Bel colore da sbrinz,Pasta di colore giallo carico.,4,30807,
Colore della Pasta::poco omogenea,Colore della Pasta,Poco omogenea,Pasta con colore poco omogeneo.,4,35491,
Colore della Pasta::paglierino ai bordi ma carico al centro anche se non molto giallo,Colore della Pasta,"Paglierino ai bordi, ma carico al centro, anche se non molto giallo","Pasta paglierina ai bordi e di colore carico al centro, non molto gialla.",4,15980,
Colore della Pasta::colore molto carico verso il centro,Colore della Pasta,Colore molto carico verso il centro,Pasta di colore molto carico verso il centro.,4,11650,
Colore della Pasta::volte dal giallo verde al giallo carico alone,Colore della Pasta,"Volte dal giallo verde al giallo carico, alone",Pasta con sfumature dal giallo verde al giallo carico e alone.,4,13755,
Colore della Pasta::voto basso per colpa della frattura con evidente colore rosa altrimenti voto alto,Colore della Pasta,"Voto basso per colpa della frattura con evidente colore rosa, altrimenti voto alto",Pasta con frattura di colore rosa.,5,1481,
Colore della Pasta::al centro giallo carico più leggero verso l'esterno,Colore della Pasta,"Al centro giallo carico, più leggero verso l'esterno","Pasta di colore giallo carico al centro, tendente al più leggero verso l'esterno.",4,27762,
Colore della Pasta::leggero alone centrale e un poco scuro,Colore della Pasta,Leggero alone centrale e un Poco scuro,Pasta con leggero alone centrale e colore leggermente scuro.,4,9320,
Colore della Pasta::struttura della pasta grande zona spugnosa colore della pasta omogeneamente paglierino scarico,Colore della Pasta,Struttura della pasta: Grande zona spugnosa Colore della pasta: omogeneamente paglierino scarico,Pasta di colore omogeneamente paglierino scarico.,4,13199,
Colore della Pasta::anello sottocrosta chiaro,Colore della Pasta,Anello sottocrosta chiaro,Pasta con anello sottocrosta di colore chiaro.,4,44183,
Colore della Pasta::colore molto carico ma omogeneo,Colore della Pasta,Colore molto carico ma omogeneo,Pasta di colore molto carico e omogeneo.,4,27835,
Colore della Pasta::solo più carico il centro,Colore della Pasta,Solo più carico il centro,Pasta con colore più carico al centro.,4,44849,
Colore della Pasta::lateralmente più chiara,Colore della Pasta,Lateralmente più chiara,Pasta più chiara lateralmente.,4,44687,
Colore della Pasta::giallo carico con alone più scuro non molto omogeneo,Colore della Pasta,Giallo carico con alone più scuro non molto omogeneo,Pasta di colore giallo carico con alone più scuro e disomogeneo.,4,18943,
Colore della Pasta::chiara uniforme macchie risa,Colore della Pasta,Chiara uniforme macchie risa,Pasta di colore chiaro uniforme con macchie rosate.,4,40308,
Colore della Pasta::non omogeneo più marcato nel centro sottocrosta più chiaro,Colore della Pasta,Non omogeneo più marcato nel centro Sottocrosta più chiaro,"Pasta con colore non omogeneo, più marcato nel centro e più chiaro in sottocrosta.",4,35489,
Colore della Pasta::alone centrale bruno evidente,Colore della Pasta,Alone centrale bruno evidente,Pasta con alone centrale bruno evidente.,8,29091,
Colore della Pasta::alone carico centrale,Colore della Pasta,Alone carico centrale,Pasta con alone carico centrale.,12,31819,
Colore della Pasta::sfumata e diversa da un piatto all'altro,Colore della Pasta,Sfumata e diversa da un piatto all'altro,Pasta con sfumature di colore diverse da una zona all'altra.,4,9486,
Colore della Pasta::leggermente carico più al centro,Colore della Pasta,Leggermente carico più al centro,Pasta di colore leggermente carico al centro.,4,7526,
Colore della Pasta::qualche piccola macchia rosata leggera leggera su sfondo chiaro,Colore della Pasta,Qualche piccola macchia rosata leggera leggera su sfondo chiaro,Pasta con qualche piccola macchia rosata su sfondo chiaro.,4,13196,
Colore della Pasta::più chiara verso gli scalzi,Colore della Pasta,Più chiara verso gli scalzi,Pasta più chiara verso gli scalzi.,4,7451,
Colore della Pasta::carico non accentuato,Colore della Pasta,Carico non accentuato,Pasta di colore carico non accentuato.,4,40369,
Colore della Pasta::bianco pallido alone,Colore della Pasta,Bianco pallido alone,Pasta con alone bianco pallido.,4,51676,
Colore della Pasta::gialla con alone,Colore della Pasta,Gialla con alone,Pasta di colore gialla con alone.,4,41408,
Colore della Pasta::presenza di ingresso di muffa laterale,Colore della Pasta,Presenza di ingresso di muffa laterale,Pasta con muffa laterale.,4,48987,
Colore della Pasta::leggero alone verso un piatto,Colore della Pasta,Leggero alone verso un piatto,Pasta con leggero alone verso il piatto.,4,878,
Colore della Pasta::fascia più scura su un piatto,Colore della Pasta,Fascia più scura su un piatto,Pasta con fascia più scura su fondo più chiaro.,4,37545,
Colore della Pasta::grossa macchia scura in centro irregolare,Colore della Pasta,"Grossa macchia scura in centro, irregolare",Pasta con macchia scura irregolare al centro.,4,5086,
Colore della Pasta::fascia più scura tendente al rosato a 5 cm disputati,Colore della Pasta,Fascia più scura tendente al rosato a 5 cm disputati,Pasta con fascia più scura tendente al rosato.,4,36951,
Colore della Pasta::chiaro alone centrale macchie rosa,Colore della Pasta,Chiaro alone centrale macchie rosa,Pasta con chiaro alone centrale e macchie rosa.,4,30615,
Colore della Pasta::chiaro e omogeneo,Colore della Pasta,Chiaro e omogeneo,Pasta di colore chiaro e omogeneo.,4,18786,
Colore della Pasta::chiaro abbastanza uniforme,Colore della Pasta,Chiaro abbastanza uniforme,Pasta di colore chiaro e abbastanza uniforme.,4,26117,
Colore della Pasta::carico maggiormente al centro,Colore della Pasta,"Carico, maggiormente al centro","Pasta di colore carico, maggiormente al centro.",4,30709,
Colore della Pasta::più chiaro verso gli scalzi più carico al centro,Colore della Pasta,"Più chiaro verso gli scalzi, più carico al centro.",Pasta più chiara verso gli scalzi e più carico al centro.,4,26190,
Colore della Pasta::più scura verso un piatto,Colore della Pasta,Più scura verso un piatto,Pasta più scura verso il piatto.,4,35735,
Colore della Pasta::appena appena più carico al centro,Colore della Pasta,Appena appena più carico al centro,Pasta con colore appena più carico al centro.,4,18475,
Colore della Pasta::giallo medio ma aree grigie verdi,Colore della Pasta,Giallo medio ma aree grigie verdi!!!,Pasta di colore giallo medio con aree grigie e verdognole.,4,18944,
Colore della Pasta::molto intenso,Colore della Pasta,Molto intenso,Pasta di colore molto intenso.,4,20226,
Colore della Pasta::chiaro alone centrale,Colore della Pasta,Chiaro alone centrale,Pasta con alone centrale chiaro.,4,20542,
Colore della Pasta::zona scura al centro,Colore della Pasta,Zona scura al centro,Pasta con zona scura al centro.,4,44186,
Colore della Pasta::diversa fra i piatti,Colore della Pasta,Diversa fra i piatti,Pasta di colore diverso tra i piatti.,4,16866,
Colore della Pasta::troppo carico,Colore della Pasta,Troppo carico,Pasta di colore troppo carico.,4,42770,
Colore della Pasta::non molto chiaro ma abbastanza omogeneo,Colore della Pasta,Non molto chiaro ma abbastanza omogeneo,Pasta non molto chiara ma abbastanza omogenea.,4,37378,
Colore della Pasta::alone nella zona con maggiore occhiatura,Colore della Pasta,Alone nella zona con maggiore occhiatura,Pasta con alone nella zona con maggiore occhiatura.,4,5993,
Colore della Pasta::colore dal giallo chiaro leggermente grigio al giallo medio,Colore della Pasta,"Colore dal giallo chiaro, leggermente grigio, al giallo medio",Pasta di colore dal giallo chiaro leggermente grigiastro al giallo medio.,4,42699,
Colore della Pasta::colore paglierino carico uniforme,Colore della Pasta,Colore paglierino carico uniforme,Pasta di colore paglierino carico uniforme.,4,7531,
Colore della Pasta::carico tendente al nocciola,Colore della Pasta,Carico tendente al nocciola,Pasta di colore carico tendente al nocciola.,4,41525,
Colore della Pasta::striscia più scura in corrispondenza di un piatto,Colore della Pasta,Striscia più scura in corrispondenza di un piatto,Pasta con striscia di colore più scuro in corrispondenza di un piatto.,2,46865,
Colore della Pasta::sfumatura scusa dai piatti verso l’interno più chiaro,Colore della Pasta,Sfumatura scusa dai piatti verso l’interno più chiaro,Pasta con sfumatura dai bordi verso l'interno più chiara.,4,50682,
Colore della Pasta::non troppo carico omogeneo,Colore della Pasta,"Non troppo carico, omogeneo","Pasta di colore non troppo carico, omogeneo.",4,13197,
Colore della Pasta::alone rosa,Colore della Pasta,Alone rosa,Pasta con alone rosa.,4,13757,
Colore della Pasta::piccolo alone centrale,Colore della Pasta,Piccolo alone centrale,Pasta con piccolo alone centrale.,4,49027,
Colore della Pasta::paglierino carico con numerosi cristalli,Colore della Pasta,Paglierino carico con numerosi cristalli,Pasta di colore paglierino carico.,4,9405,
Colore della Pasta::omogeneo tendente al paglierino,Colore della Pasta,Omogeneo tendente al paglierino,Pasta di colore omogeneo tendente al paglierino.,4,40441,
Colore della Pasta::tende al chiaro,Colore della Pasta,Tende al chiaro,Pasta tendente al colore chiaro.,4,49125,
Colore della Pasta::paglierino scarico con all'ufficio verdastri,Colore della Pasta,Paglierino scarico con all'ufficio verdastri,Pasta di colore paglierino scarico con riflessi verdastri.,4,41526,
Colore della Pasta::ho però il dubbio delle macchie rosa qui non le ho considerate,Colore della Pasta,Ho però il dubbio delle macchie rosa qui non le ho considerate,Pasta con macchie rosa.,4,50803,
Colore della Pasta::omogeneo paglierino chiaro,Colore della Pasta,Omogeneo paglierino chiaro,Pasta di colore paglierino chiaro e omogeneo.,4,42842,
Colore della Pasta::omogenea,Colore della Pasta,Omogenea,Pasta di colore omogeneo.,32,5988,
Colore della Pasta::giallo abbastanza carico con alone centrale,Colore della Pasta,Giallo abbastanza carico con alone centrale,Pasta di colore giallo abbastanza carico con alone centrale.,4,9904,
Colore della Pasta::macchia centrale marroncina,Colore della Pasta,Macchia centrale marroncina,Pasta con macchia centrale marroncina.,4,5084,
Colore della Pasta::fascia più chiara sotto 1 piatto,Colore della Pasta,Fascia più chiara sotto 1 piatto,Pasta con fascia più chiara nella zona sottostante il piatto.,4,50088,
Colore della Pasta::presenza di un alone rosa lungo tutto il piatto,Colore della Pasta,Presenza di un alone rosa lungo tutto il piatto,Pasta con alone rosato lungo tutto il piatto.,4,47234,
Colore della Pasta::dorato,Colore della Pasta,Dorato,Pasta di colore dorato.,4,42772,
Colore della Pasta::paglierino centralmente più carico,Colore della Pasta,Paglierino centralmente più carico,Pasta paglierina con colore più carico centralmente.,4,18330,
Colore della Pasta::carico quasi ossidato con due macchie rosa,Colore della Pasta,Carico quasi ossidato con due macchie rosa,Pasta di colore carico con due macchie rosa.,4,5532,
Colore della Pasta::più carico in certe zone,Colore della Pasta,Più carico in certe zone,Pasta di colore più carico in certe zone.,8,286,
Colore della Pasta::leggermente carico il giallo sebbene omogeneo,Colore della Pasta,Leggermente carico il giallo sebbene omogeneo,Pasta di colore giallo leggermente carico e omogeneo.,4,11518,
Colore della Pasta::paglierino chiaro omogeneamente distribuito,Colore della Pasta,Paglierino chiaro omogeneamente distribuito,Pasta di colore paglierino chiaro omogeneamente distribuito.,4,23937,
Colore della Pasta::saturo non troppo carico omogeneo,Colore della Pasta,"Saturo, non troppo carico. Omogeneo","Pasta di colore saturo, non troppo carico e omogeneo.",4,24140,
Colore della Pasta::alone leggermente rosato,Colore della Pasta,Alone leggermente rosato,Pasta con alone leggermente rosato.,4,3877,
Colore della Pasta::forse più chiaro dove è fitta la microocchiatura,Colore della Pasta,Forse più chiaro dove è fitta la microocchiatura,Pasta più chiara nelle zone di fitta microocchiatura.,4,51747,
Colore della Pasta::appena saturo appena più chiarimenti scalzi,Colore della Pasta,Appena saturo. Appena più chiarimenti scalzi,Pasta di colore appena saturo con scalzi leggermente più chiari.,4,37289,
Colore della Pasta::alone centrale leggermente rosato,Colore della Pasta,Alone centrale leggermente rosato,Pasta con alone centrale leggermente rosato.,4,9399,
Colore della Pasta::fascia rosa arancio sotto un piatto parte centrale,Colore della Pasta,Fascia rosa arancio sotto un piatto parte centrale,Pasta con fascia rosa arancio nella parte centrale sotto zona più chiara.,4,51050,
Colore della Pasta::pulita omogenea,Colore della Pasta,Pulita omogenea,Pasta di colore omogeneo.,4,33821,
Colore della Pasta::tendente al chiaro ma alone centrale,Colore della Pasta,Tendente al chiaro ma alone centrale,Pasta tendente al chiaro con alone centrale.,4,24286,
Colore della Pasta::strisce rosa su alone centrale,Colore della Pasta,Strisce rosa su alone centrale,Pasta con strisce rosa su alone centrale.,8,29092,
Colore della Pasta::giallo chiaro con alone centrale,Colore della Pasta,Giallo chiaro con alone centrale,Pasta di colore giallo chiaro con alone centrale.,8,9986,
Colore della Pasta::macchia rosa in prossimità di un piatto,Colore della Pasta,Macchia rosa in prossimità di un piatto,Pasta con macchia rosata in prossimità della frattura.,4,36952,
Colore della Pasta::molto bello,Colore della Pasta,Molto bello,NON_DESCRITTO,8,4906,
Colore della Pasta::alone centrale molto scuro zona laterale verde,Colore della Pasta,Alone centrale molto scuro zona laterale verde,Pasta con alone centrale molto scuro e zona laterale verdognola.,4,44774,
Colore della Pasta::colore al centro più scuro quasi tendente al rosato non bello da vedere,Colore della Pasta,"Colore al centro più scuro, quasi tendente al rosato. Non bello da vedere",Pasta con colore al centro tendente al rosato e più scuro.,4,34432,
Colore della Pasta::abbastanza omogeneo un poco' più scuro su un lato,Colore della Pasta,"Abbastanza Omogeneo, un poco' più scuro Su un lato","Pasta abbastanza omogenea, leggermente più scura su un lato.",4,35797,
Colore della Pasta::paglierino verso un piatto fino a metà scalzo appena più carico verso il cuore,Colore della Pasta,"Paglierino verso un piatto fino a metà scalzo, appena più carico verso il cuore","Pasta di colore paglierino tendente al chiaro verso la zona scalza, appena più carica verso il centro.",4,20537,
Colore della Pasta::giallo paglierino,Colore della Pasta,Giallo paglierino,Pasta di colore giallo paglierino.,4,40304,
Colore della Pasta::parte centrale più scura,Colore della Pasta,Parte centrale più scura,Pasta con parte centrale più scura.,4,44181,
Colore della Pasta::numerose macchie rosa colore disomogeneo,Colore della Pasta,"Numerose macchie rosa, colore disomogeneo",Pasta con numerose macchie rosate e colore disomogeneo.,4,44853,
Colore della Pasta::su una base chiara paglierina si diffonde un tono lievemente più carico al centro,Colore della Pasta,"Su una base chiara, paglierina, si diffonde un tono lievemente più carico al centro",Pasta di colore paglierino chiaro con tonalità lievemente più carica al centro.,4,12912,
Colore della Pasta::chiara sotto crosta e più scura centrale,Colore della Pasta,Chiara sotto crosta e più scura centrale,Pasta più chiara in sottocrosta e più scura al centro.,4,9905,
Colore della Pasta::omogenea paglierino più intenso,Colore della Pasta,Omogenea paglierino più intenso,Pasta di colore paglierino omogeneo e intenso.,2,46701,
Colore della Pasta::colore salmone,Colore della Pasta,Colore salmone,Pasta di colore rosato salmone.,4,51015,
Colore della Pasta::giallo paglierino abbastanza omogeneo non troppo carico lieve alone rosato poco visibile,Colore della Pasta,"Giallo paglierino abbastanza omogeneo, non troppo carico, lieve alone rosato poco visibile","Pasta di colore giallo paglierino abbastanza omogeneo, non troppo carico, con lieve alone rosato poco visibile.",4,12917,
Colore della Pasta::disomogenea e con alone,Colore della Pasta,Disomogenea e con alone,Pasta con colore disomogeneo e alone.,4,35856,
Colore della Pasta::pasta dal colore bruno,Colore della Pasta,Pasta dal colore bruno,Pasta di colore bruno.,4,31814,
Colore della Pasta::colore carico tendente al grigio più chiaro sotto un piatto,Colore della Pasta,Colore carico tendente al grigio più chiaro sotto un piatto,"Pasta di colore carico tendente al grigio, più chiara nella zona sotto il piatto.",4,42623,
Colore della Pasta::tendenzialmente carico più chiaro verso una faccia,Colore della Pasta,"Tendenzialmente carico,più chiaro verso una faccia","Pasta di colore tendenzialmente carico, più chiara verso una faccia.",4,42490,
Colore della Pasta::1/5 più chiaro del resto,Colore della Pasta,1/5 più chiaro del resto,Pasta con una zona più chiara rispetto al resto.,4,51481,
Colore della Pasta::alone spostato verso un piatto,Colore della Pasta,Alone spostato verso un piatto,Pasta con alone spostato verso un'area più chiara.,4,4066,
Colore della Pasta::paglierino pallido con velatura grigia,Colore della Pasta,Paglierino pallido con velatura grigia,Pasta di colore paglierino pallido con velatura grigia.,4,18869,
Colore della Pasta::rosa ai piatti e scalzi,Colore della Pasta,Rosa ai piatti e scalzi,Pasta con colorazione rosata ai bordi e alle zone scalze.,4,41354,
Colore della Pasta::non del tutto omogeneo,Colore della Pasta,Non del tutto omogeneo,Pasta di colore non del tutto omogeneo.,8,37460,
Colore della Pasta::giallo tendente al chiaro ma aree verdognole,Colore della Pasta,"Giallo tendente al chiaro, ma aree verdognole",Pasta di colore giallo tendente al chiaro con aree verdognole.,4,7382,
Colore della Pasta::leggermente più carico al centro per il resto bello,Colore della Pasta,"Leggermente più carico al centro, per il resto bello","Pasta di colore leggermente più carico al centro, uniforme nel resto.",4,37044,
Colore della Pasta::alone più scuro centrale,Colore della Pasta,Alone più scuro centrale,Pasta con alone centrale più scuro.,4,5841,
Colore della Pasta::colore tendente al grigio con fascia più chiara sotto un piatto,Colore della Pasta,Colore tendente al grigio con fascia più chiara sotto un piatto,Pasta di colore tendente al grigio con fascia più chiara sotto un piatto.,8,29599,
Colore della Pasta::colore abbastanza carico ed omogeneo presenza di aloni rosa,Colore della Pasta,"Colore abbastanza carico ed omogeneo, presenza di aloni rosa","Pasta di colore abbastanza carico ed omogeneo, con presenza di aloni rosa.",4,31971,
Colore della Pasta::carico alone centrale più scuro,Colore della Pasta,Carico alone centrale più scuro,Pasta con colore carico e alone centrale più scuro.,4,41413,
Colore della Pasta::media di un giallo saturo ma non carico presenta zone leggermente più chiare,Colore della Pasta,Media di un giallo saturo ma non carico. Presenta zone leggermente più chiare,Pasta di colore giallo saturo con zone leggermente più chiare.,4,21695,
Colore della Pasta::non omogenea più chiara al centro,Colore della Pasta,Non omogenea Più chiara al centro,"Pasta non omogenea, più chiara al centro.",4,23928,
Colore della Pasta::colore chiaro bianco sotto un piatto e macchie rosa,Colore della Pasta,Colore chiaro bianco sotto un piatto e macchie rosa,Pasta di colore chiaro bianco con macchie rosate.,4,7912,
Colore della Pasta::leggermente più carico al centro,Colore della Pasta,Leggermente più carico al centro,Pasta di colore leggermente più carico al centro.,4,17396,
Colore della Pasta::molto carico alone vs un piatto,Colore della Pasta,Molto carico alone vs un piatto,Pasta con alone molto carico rispetto al colore piatto della restante zona.,4,11659,
Colore della Pasta::alone centrale poco marcato,Colore della Pasta,Alone centrale poco marcato,Pasta con alone centrale poco marcato.,4,4652,
Colore della Pasta::colore rosato nella pasta attorno all'ago,Colore della Pasta,Colore rosato nella pasta attorno all'ago,Pasta con colorazione rosata attorno all'ago.,4,48905,
Colore della Pasta::tende a chiaro,Colore della Pasta,Tende a chiaro,Pasta di colore tendente al chiaro.,4,42841,
Colore della Pasta::macchie rosa non uniforme new al chiaro,Colore della Pasta,Macchie rosa non uniforme New al chiaro,"Pasta con macchie rosa e colorazione non uniforme, tendente al chiaro.",4,44858,
Colore della Pasta::colore molto carico verso uno scalzo,Colore della Pasta,Colore molto carico verso uno scalzo,Pasta di colore molto carico verso uno scalzo.,4,51192,
Colore della Pasta::tendenzialmente gialla chiara omogenea,Colore della Pasta,Tendenzialmente gialla chiara omogenea,Pasta di colore giallo chiaro omogeneo.,4,40377,
Colore della Pasta::alone più scuro non marcato,Colore della Pasta,Alone più scuro non marcato,"Pasta con alone non marcato, tendente al più scuro.",4,25574,
Colore della Pasta::chiara con deciso alone centrale,Colore della Pasta,Chiara con deciso alone centrale,Pasta di colore chiara con deciso alone centrale.,4,15984,
Colore della Pasta::colore carico ma uniforme leggermente più chiaro sotto1piatto,Colore della Pasta,Colore carico ma uniforme leggermente più chiaro sotto1piatto,"Pasta di colore carico e uniforme, leggermente più chiara nella zona sottocorticale.",4,44260,
Colore della Pasta::alone scuro centrale,Colore della Pasta,Alone scuro centrale,Pasta con alone centrale scuro.,8,30612,
Colore della Pasta::giallo disomogenea poco evidente,Colore della Pasta,Giallo disomogenea poco evidente,Pasta di colore giallo con disomogeneità poco evidente.,8,29158,
Colore della Pasta::rosa e nocciola nel centro,Colore della Pasta,Rosa e nocciola nel centro,Pasta con tonalità rosa e nocciola nella zona centrale.,4,5085,
Colore della Pasta::giallo abbastanza carico più chiaro vicino allo scalzo,Colore della Pasta,"Giallo abbastanza carico, più chiaro vicino allo scalzo","Pasta di colore giallo abbastanza carico, più chiara vicino allo scalzo.",2,46276,
Colore della Pasta::netto alone più fascia rosata molto evidente,Colore della Pasta,Netto alone più fascia rosata molto evidente,Pasta con netto alone e fascia rosata molto evidente.,4,47231,
Colore della Pasta::giallo tendenza intenso,Colore della Pasta,Giallo tendenza intenso,Pasta di colore giallo tendente all'intenso.,4,18406,
Colore della Pasta::alone centrale macchie rosa,Colore della Pasta,Alone centrale Macchie rosa,Pasta con alone centrale e macchie rosa.,4,7911,
Colore della Pasta::più scuro all interno,Colore della Pasta,Più scuro all interno,Pasta più scura nella parte interna.,4,17404,
Colore della Pasta::giallo paglierino omogeneo,Colore della Pasta,Giallo paglierino omogeneo,Pasta di colore giallo paglierino omogeneo.,4,35674,
Colore della Pasta::zona un poco' rosa,Colore della Pasta,Zona un poco' rosa,Pasta con zona leggermente rosata.,4,47181,
Colore della Pasta::zona con fitti puntini neri (muffa ),Colore della Pasta,Zona con fitti puntini neri (muffa?),Pasta con zona caratterizzata da fitti puntini neri.,4,48984,
Colore della Pasta::il sottoposta di una faccia è più chiaro,Colore della Pasta,Il sottoposta di una faccia è più chiaro,Pasta più chiara nella zona sottostante la crosta.,4,15593,
Colore della Pasta::non omogeneo chiaro ai bordi,Colore della Pasta,Non omogeneo chiaro ai bordi,"Pasta di colore non omogeneo, chiara ai bordi.",2,46196,
Colore della Pasta::carico on leggero alone,Colore della Pasta,Carico on leggero alone,Pasta di colore carico con leggero alone.,4,6063,
Colore della Pasta::giallo carico quasi arancio,Colore della Pasta,Giallo carico quasi arancio,Pasta di colore giallo carico tendente all'arancio.,4,42769,
Colore della Pasta::molto saturo nella parte centrale più chiaro verso piatto e 2 scalzi,Colore della Pasta,Molto saturo nella parte centrale. Più Chiaro verso piatto e 2 scalzi,"Pasta di colore saturo nella parte centrale, più chiara verso il piatto e gli scalzi.",4,32273,
Colore della Pasta::carico al centro zona scalzi più chiara,Colore della Pasta,Carico al centro. Zona scalzi più chiara,"Pasta di colore carico al centro, con zona scalzi più chiara.",2,46869,
Colore della Pasta::lieve alone centrale,Colore della Pasta,Lieve alone centrale,Pasta con lieve alone centrale.,4,18866,
Colore della Pasta::solo sfumature nocciola,Colore della Pasta,Solo sfumature nocciola,Pasta con sfumature nocciola.,4,1422,
Colore della Pasta::vistoso alone centrale più scuro,Colore della Pasta,Vistoso alone centrale più scuro,Pasta con vistoso alone centrale più scuro.,4,25728,
Colore della Pasta::giallo con tendenza al grigio verde e macchinine rosa,Colore della Pasta,Giallo con tendenza al grigio verde e macchinine rosa,Pasta di colore giallo con tendenza al grigio verde e piccole macchie rosate.,4,11586,
Colore della Pasta::da chiaro a scura disomogeneo,Colore della Pasta,Da chiaro a scura Disomogeneo,"Pasta con colore disomogeneo, da chiaro a scuro.",4,7834,
Colore della Pasta::stirata,Colore della Pasta,Stirata,NON_DESCRITTO,4,23861,
Colore della Pasta::ampio,Colore della Pasta,Ampio,NON_DESCRITTO,4,4247,
Colore della Pasta::colore della pasta tendente al bruno,Colore della Pasta,Colore della pasta tendente al bruno,Pasta di colore tendente al bruno.,4,32430,
Colore della Pasta::il più pesante alone di tutti i tempi,Colore della Pasta,Il più pesante alone di tutti i tempi,Pasta con alone molto marcato.,4,1736,
Colore della Pasta::abbastanza chiaro di sfondo con alone e zona più decisa,Colore della Pasta,Abbastanza chiaro di sfondo con alone e zona più decisa,Pasta di colore abbastanza chiaro con alone e zona più decisa.,4,37463,
Colore della Pasta::paglierino verso un piatto e parte degli scalzi il resto più saturo,Colore della Pasta,Paglierino verso un piatto e parte degli scalzi. Il resto più saturo,"Pasta paglierina verso un colore più piatto nella zona degli scalzi, con il resto più saturo.",4,5910,
Colore della Pasta::macchie rosa giallo carico non uniforme,Colore della Pasta,Macchie rosa giallo carico non uniforme,"Pasta con macchie rosa e giallo carico, colore non uniforme.",4,44354,
Colore della Pasta::giallo paglierino verso nocciola chiaro,Colore della Pasta,Giallo paglierino verso nocciola chiaro,Pasta di colore giallo paglierino tendente al nocciola chiaro.,4,14318,
Colore della Pasta::giallo carico omogeneo con tendenza a tonalità più chiara,Colore della Pasta,Giallo carico omogeneo con tendenza a tonalità più chiara,"Pasta di colore giallo carico omogeneo, tendente a tonalità più chiara.",4,35798,
Colore della Pasta::più carico al centro con colorazione gialla carica,Colore della Pasta,Più carico al centro con colorazione gialla carica,"Pasta di colore giallo carico, più intenso al centro.",4,30859,
Colore della Pasta::carico al centro o meglio in una fascia sub centrale comunque disomogeneo,Colore della Pasta,"Carico al centro, o meglio in una fascia sub centrale. Comunque disomogeneo","Pasta con colore carico in fascia subcentrale, disomogenea.",4,36953,
Colore della Pasta::colorazione tendente al chiaro e omogenea,Colore della Pasta,Colorazione tendente al chiaro e omogenea,Pasta di colorazione tendente al chiaro e omogenea.,4,14248,
Colore della Pasta::macchie rosa non piccole,Colore della Pasta,Macchie rosa non piccole,Pasta con macchie rosa di medie dimensioni.,4,5608,
Colore della Pasta::giallo carico più chiaro sotto un piatto,Colore della Pasta,Giallo carico più chiaro sotto un piatto,"Pasta di colore giallo carico, più chiara nella zona sottocortccia.",4,20598,
Colore della Pasta::un piccolo strappo,Colore della Pasta,Un piccolo strappo,NON_DESCRITTO,4,21704,
Colore della Pasta::molto carico e omogenea,Colore della Pasta,Molto carico e omogenea,Pasta di colore molto carico e omogeneo.,4,42768,
Colore della Pasta::paglierino con presenza di cristalli,Colore della Pasta,Paglierino con presenza di cristalli,Pasta di colore paglierino con presenza di cristalli.,4,9321,
Colore della Pasta::paglierino grigiastro,Colore della Pasta,Paglierino grigiastro,Pasta di colore paglierino grigiastro.,4,16790,
Colore della Pasta::molto carico non tipico,Colore della Pasta,Molto carico non tipico,Pasta di colore molto carico.,4,5610,
Colore della Pasta::chiaro con leggero alone,Colore della Pasta,Chiaro con leggero alone,Pasta di colore chiaro con leggero alone.,4,22338,
Colore della Pasta::alone rosa centrale,Colore della Pasta,Alone rosa centrale,Pasta con alone rosa centrale.,4,50433,
Colore della Pasta::leggermente disomogeneo,Colore della Pasta,Leggermente disomogeneo,Pasta di colore leggermente disomogeneo.,4,42487,
Colore della Pasta::più chiaro verso gli scalzi appena un poco' saturo il resto,Colore della Pasta,Più chiaro verso gli scalzi. Appena un poco' saturo il resto,"Pasta più chiara verso gli scalzi, con il resto appena leggermente saturo.",2,46870,
Colore della Pasta::colorazione omogenea con tonalità giallo carico,Colore della Pasta,Colorazione omogenea con tonalità giallo carico,Pasta di colore giallo carico omogeneo.,4,40307,
Colore della Pasta::leggermente non omogenea,Colore della Pasta,Leggermente non omogenea,Pasta con colore leggermente non omogeneo.,8,29220,
Colore della Pasta::giallo carico con alone centrale più scuro,Colore della Pasta,Giallo carico con alone centrale più scuro,Pasta di colore giallo carico con alone centrale più scuro.,4,32431,
Colore della Pasta::alone scuro e sotto un piatto più bianco,Colore della Pasta,Alone scuro e sotto un piatto più bianco,Pasta con alone scuro e zona sottostante di colore più bianco.,4,24279,
Colore della Pasta::giallo arancio con zone verdognole,Colore della Pasta,Giallo arancio con zone verdognole,Pasta di colore giallo arancio con zone verdognole.,4,11238,
Colore della Pasta::giallo chiaro con macchioline rosate,Colore della Pasta,Giallo chiaro con macchioline rosate,Pasta di colore giallo chiaro con piccole macchie rosate.,4,13895,
Colore della Pasta::una porzione è più carica di colore comunque tende al chiaro,Colore della Pasta,Una porzione è più carica di colore. Comunque tende al chiaro,Pasta con colore tendente al chiaro e una porzione più carica.,4,16782,
Colore della Pasta::non molto chiaro e leggermente più intenso al centro,Colore della Pasta,Non molto chiaro e leggermente più intenso al centro,Pasta di colore non molto chiaro con leggero alone centrale più intenso.,4,15536,
Colore della Pasta::paglierino omogeneo,Colore della Pasta,Paglierino omogeneo,Pasta di colore paglierino omogeneo.,8,7378,
Colore della Pasta::carico al centro nel tono del giallo,Colore della Pasta,Carico al centro nel tono del giallo,Pasta di colore giallo carico al centro.,4,5525,
Colore della Pasta::colorazione non omogenea dal giallo chiaro al carico leggera rosatura in zona centrale,Colore della Pasta,"Colorazione non omogenea, dal giallo chiaro al carico. Leggera rosatura in zona centrale","Pasta con colorazione non omogenea, dal giallo chiaro al carico, e leggera rosatura in zona centrale.",4,16864,
Colore della Pasta::al centro colorazione paglierina leggermente più accentuata,Colore della Pasta,Al centro colorazione paglierina leggermente più accentuata,Pasta con colorazione paglierina leggermente più accentuata al centro.,4,40439,
Colore della Pasta::non omogeneo eccessivamente carico al centro,Colore della Pasta,"Non omogeneo, eccessivamente carico al centro","Pasta disomogenea, con colore eccessivamente carico al centro.",4,30712,
Colore della Pasta::carico saturo con zone più chiare verso gli scalzi,Colore della Pasta,"Carico, saturo, con zone più chiare verso gli scalzi","Pasta di colore carico e saturo, con zone più chiare verso gli scalzi.",4,5602,
Colore della Pasta::più carica la fascia centrale,Colore della Pasta,Più carica la fascia centrale,Pasta con fascia centrale di colore più carico.,8,3504,
Colore della Pasta::leggermente opaco e con aree grigiastre,Colore della Pasta,Leggermente opaco e con aree grigiastre,Pasta leggermente opaca con aree grigiastre.,4,11658,
Colore della Pasta::più scuro al centro,Colore della Pasta,Più scuro al centro,Pasta più scura al centro.,4,14319,
Colore della Pasta::colore in centro rosato con macchie,Colore della Pasta,Colore in centro rosato con macchie,Pasta con colore rosato al centro e macchie.,4,31964,
Colore della Pasta::giallo carico arancio nocciola,Colore della Pasta,Giallo carico arancio nocciola,Pasta di colore giallo carico tendente all'arancio e nocciola.,4,18405,
Colore della Pasta::carico e leggermente più intenso al centro,Colore della Pasta,Carico e leggermente più intenso al centro,Pasta di colore carico e leggermente più intenso al centro.,4,27767,
Colore della Pasta::parte centrale vistosamente più scura,Colore della Pasta,Parte centrale vistosamente più scura,Pasta con parte centrale vistosamente più scura.,8,29090,
Colore della Pasta::tende al giallo meno carico omogenea con poche zone nocciola verso crosta,Colore della Pasta,Tende al giallo meno carico. Omogenea con poche zone nocciola verso crosta,"Pasta tendente al giallo meno carico, omogenea con poche zone nocciola verso la crosta.",4,9991,
Colore della Pasta::paglierino omogeneo non carico,Colore della Pasta,Paglierino omogeneo non carico,Pasta di colore paglierino omogeneo non carico.,4,16940,
Colore della Pasta::più carico al centro,Colore della Pasta,Più carico al centro,Pasta di colore più carico al centro.,12,27908,
Colore della Pasta::lievemente più carico al centro,Colore della Pasta,Lievemente più carico al centro,Pasta con colore lievemente più carico al centro.,8,7528,
Colore della Pasta::colore di fondo chiaro ma netto alone centrale e forse una chiazza rosara,Colore della Pasta,Colore di fondo chiaro ma netto alone centrale e forse una chiazza rosara,Pasta di colore chiaro con netto alone centrale e chiazza rosata.,4,15979,
Colore della Pasta::giallo chiaro tendente al bianco,Colore della Pasta,Giallo chiaro tendente al bianco,Pasta di colore giallo chiaro tendente al bianco.,4,3867,
Colore della Pasta::alone più scuro che contrasta con un piatto più chiaro 4 macchie rosate,Colore della Pasta,"Alone più scuro che contrasta con un piatto più chiaro, 4 macchie rosate",Pasta con alone più scuro che contrasta con la parte più chiara e qualche macchia rosata.,4,5524,
Colore della Pasta::macchia molto scura al centro,Colore della Pasta,Macchia molto scura al centro,Pasta con macchia molto scura al centro.,4,25732,
Colore della Pasta::saturo nella porzione centrale,Colore della Pasta,Saturo nella porzione centrale,Pasta di colore saturo nella porzione centrale.,4,18398,
Colore della Pasta::fascia di colore più chiaro,Colore della Pasta,Fascia di colore più chiaro,Pasta con fascia di colore più chiaro.,4,4755,
Colore della Pasta::giallo con un piatto più scuro,Colore della Pasta,Giallo con un piatto più scuro,Pasta di colore giallo con una zona più scura.,4,18939,
Colore della Pasta::una macchia giallo rosato,Colore della Pasta,Una macchia giallo rosato,Pasta con una macchia giallo rosato.,8,287,
Colore della Pasta::chiaro e unifirme,Colore della Pasta,Chiaro e unifirme,Pasta di colore chiaro e uniforme.,4,30659,
Colore della Pasta::rosa e originale zona chiara,Colore della Pasta,Rosa e originale zona chiara,Pasta con colorazione rosata e zona chiara.,4,14316,
Colore della Pasta::omogeneo ma molto carico,Colore della Pasta,Omogeneo ma molto carico,Pasta di colore omogeneo ma molto carico.,4,32435,
Colore della Pasta::centralmente mostra una sfumatura leggermente piú intensa,Colore della Pasta,Centralmente mostra una sfumatura leggermente piú intensa,Pasta con sfumatura leggermente più intensa nella zona centrale.,4,15985,
Colore della Pasta::carico con macchie centrali risate marroni,Colore della Pasta,Carico con Macchie centrali risate marroni,Pasta di colore carico con macchie centrali rosate e marroni.,4,33812,
Colore della Pasta::omogeneo su tutto il taglio ma non paglierino appena più carico,Colore della Pasta,"Omogeneo su tutto il taglio ma non paglierino, appena più carico","Pasta di colore omogeneo su tutto il taglio, non paglierina ma appena più carica.",4,15420,
Colore della Pasta::leggero alone più chiara su un lato,Colore della Pasta,Leggero alone più chiara su un lato,Pasta con leggero alone e zona più chiara su un lato.,4,11371,
Colore della Pasta::giall carico con alone rosa,Colore della Pasta,Giall carico con alone rosa,Pasta di colore giallo carico con alone rosato.,4,5607,
Colore della Pasta::evidente alone centrale scuro,Colore della Pasta,Evidente alone centrale scuro,Pasta con evidente alone centrale scuro.,4,18329,
Colore della Pasta::paglierino più carico verso il centro,Colore della Pasta,Paglierino più carico verso il centro,Pasta di colore paglierino più carico verso il centro.,4,44854,
Colore della Pasta::giallo carico ma uniforme,Colore della Pasta,Giallo carico ma uniforme,Pasta di colore giallo carico e uniforme.,8,29604,
Colore della Pasta::abbastanza omogenea,Colore della Pasta,abbastanza omogenea,Pasta di colore abbastanza omogeneo.,8,518,
Colore della Pasta::omogeneo intenso ma bello,Colore della Pasta,"Omogeneo, intenso ma bello",Pasta di colore omogeneo e intenso.,4,26191,
Colore della Pasta::paglierino carico omogeneamente distribuito,Colore della Pasta,Paglierino carico omogeneamente distribuito,"Pasta di colore paglierino carico, omogeneamente distribuito.",4,42702,
Colore della Pasta::appena più chiara ai bordi,Colore della Pasta,Appena più chiara ai bordi,Pasta più chiara ai bordi.,4,49598,
Colore della Pasta::carico abbastanza omogeneo,Colore della Pasta,Carico abbastanza omogeneo,Pasta di colore carico abbastanza omogeneo.,20,5990,
Colore della Pasta::mi sembra di vedere macchia rosa centrale,Colore della Pasta,Mi sembra di vedere macchia rosa centrale...,Pasta con macchia rosa centrale.,4,13752,
Colore della Pasta::macchie rosa centrali leggermente più chiara al centro colore chiaro ma non omogeneo,Colore della Pasta,Macchie rosa centrali Leggermente più chiara al centro Colore chiaro ma non omogeneo,"Pasta con macchie rosa centrali, più chiara al centro, colore non omogeneo.",2,46951,
Colore della Pasta::colore marrone sotto uno dei 2 piatti,Colore della Pasta,Colore marrone sotto uno dei 2 piatti,Pasta con colorazione marrone nella zona sottostante uno dei piatti.,4,51534,
Colore della Pasta::colorazione tendente al rosato non evidente al centro colore disomogeneo,Colore della Pasta,Colorazione tendente al rosato non evidente al centro Colore disomogeneo,Pasta con colorazione tendente al rosato non evidente al centro e colore disomogeneo.,4,31963,
Colore della Pasta::a fasce,Colore della Pasta,A fasce,Pasta con colorazione a fasce.,4,36959,
Colore della Pasta::aree nocciola estese,Colore della Pasta,Aree nocciola estese..,Pasta con aree estese di colore nocciola.,4,37297,
Colore della Pasta::colore carico tendente al bruno,Colore della Pasta,Colore carico tendente al bruno,Pasta di colore carico tendente al bruno.,4,5991,
Colore della Pasta::angoli particolarmente colorati,Colore della Pasta,Angoli particolarmente colorati,Pasta con angoli particolarmente colorati.,4,4104,
Colore della Pasta::non omogeneo comunque poco carico,Colore della Pasta,"Non omogeneo, comunque poco carico","Pasta con colore non omogeneo, poco carico.",4,42624,
Colore della Pasta::centro leggermente più scuro,Colore della Pasta,Centro leggermente più scuro,Pasta con centro leggermente più scuro.,4,17400,
Colore della Pasta::omogeneo tendente al giallo più carico,Colore della Pasta,Omogeneo tendente al giallo più carico,Pasta di colore omogeneo tendente al giallo carico.,4,18328,
Colore della Pasta::giallo chiaro tendente al verde/grigio,Colore della Pasta,Giallo chiaro tendente al verde/grigio,Pasta di colore giallo chiaro tendente al verde e grigio.,4,13195,
Colore della Pasta::giallo carico ma omogeneo,Colore della Pasta,Giallo carico ma omogeneo,Pasta di colore giallo carico e omogeneo.,4,17020,
Colore della Pasta::carico soprattutto al centro,Colore della Pasta,"Carico, soprattutto al centro","Pasta di colore carico, soprattutto al centro.",4,24283,
Colore della Pasta::chiaro non paglierino omogeneo,Colore della Pasta,"Chiaro, non paglierino. Omogeneo","Pasta di colore chiaro, non paglierina, omogeneo.",4,23930,
Colore della Pasta::colore carico banda più chiara sotto un piatto è per più scura nella zona centrale con la fittà microcch,Colore della Pasta,Colore carico banda più chiara sotto un piatto è per più scura nella zona centrale con la fittà microcch,Pasta di colore carico con banda più chiara nella zona sottocrostale e colore più scuro nella zona centrale.,8,29215,
Colore della Pasta::colore chiaro uniforme ma con una tonalità non tipica,Colore della Pasta,Colore chiaro uniforme ma con una tonalità non tipica,Pasta di colore chiaro e uniforme ma con tonalità non tipica.,4,7377,
Colore della Pasta::colore un poco' carico ma uniforme,Colore della Pasta,Colore un poco' carico ma uniforme,Pasta di colore poco carico ma uniforme.,4,47572,
Colore della Pasta::medio chiaro ma con aree verdognole verso gli scalzi,Colore della Pasta,Medio chiaro ma con aree verdognole verso gli scalzi,Pasta di colore medio chiaro con aree verdognole verso gli scalzi.,4,32434,
Colore della Pasta::paglierino chiaro con alone centrale,Colore della Pasta,Paglierino chiaro con alone centrale,Pasta di colore paglierino chiaro con alone centrale.,8,27480,
Colore della Pasta::leggeri aloni rosa centrali,Colore della Pasta,Leggeri aloni rosa centrali,Pasta con leggeri aloni rosa centrali.,4,13750,
Colore della Pasta::carico ma presenta una fascia bruna molto marcata,Colore della Pasta,Carico ma presenta una fascia bruna molto marcata,Pasta di colore carico con fascia bruna molto marcata.,4,47236,
Colore della Pasta::omogeneo non carico,Colore della Pasta,"Omogeneo, non carico",Pasta di colore omogeneo e non carico.,8,5987,
Colore della Pasta::giallo carico alone centrale più scuro,Colore della Pasta,Giallo carico alone centrale più scuro,Pasta di colore giallo carico con alone centrale più scuro.,4,37550,
Colore della Pasta::giallo molto carico ma uniforme,Colore della Pasta,Giallo Molto carico ma uniforme,Pasta di colore giallo molto carico e uniforme.,4,12981,
Colore della Pasta::molto intenso e sfumato fra i piatti,Colore della Pasta,Molto intenso e sfumato fra i piatti,Pasta di colore molto intenso e sfumato fra i piatti.,4,24355,
Colore della Pasta::chiaro ma leggeremacchie rosa dove c è laspugna,Colore della Pasta,"Chiaro, ma leggeremacchie rosa dove c è laspugna",Pasta di colore chiaro con leggerissime macchie rosa nelle zone di spugna.,4,26114,
Colore della Pasta::chiara e abbastanza omogenea,Colore della Pasta,Chiara e abbastanza omogenea,Pasta di colore chiaro e abbastanza omogenea.,4,18788,
Colore della Pasta::macchie rosa non uniforme,Colore della Pasta,Macchie rosa non uniforme,Pasta con macchie rosa e colore non uniforme.,4,13829,
Colore della Pasta::alone colore salmone,Colore della Pasta,Alone colore salmone,Pasta con alone di colore salmone.,4,51009,
Colore della Pasta::giallo saturo ma omogeneo,Colore della Pasta,"Giallo saturo, ma omogeneo",Pasta di colore giallo saturo e omogeneo.,4,49389,
Colore della Pasta::alone centrale rosato,Colore della Pasta,Alone centrale rosato,Pasta con alone centrale rosato.,20,469,
Colore della Pasta::omogeneo appena giallo,Colore della Pasta,"Omogeneo, appena giallo","Pasta di colore omogeneo, appena giallo.",4,11512,
Colore della Pasta::striscia scura,Colore della Pasta,Striscia scura,Pasta con striscia scura.,4,14242,
Colore della Pasta::giallo chiaro,Colore della Pasta,Giallo chiaro,Pasta di colore giallo chiaro.,28,5992,
Colore della Pasta::giallo saturo,Colore della Pasta,Giallo saturo,Pasta di colore giallo saturo.,8,30808,
Colore della Pasta::il giallo verde è solo accennato,Colore della Pasta,Il giallo verde è solo accennato,Pasta con giallo verdognolo leggermente accennato.,4,4632,
Colore della Pasta::macchie rosate al centro,Colore della Pasta,Macchie rosate al centro,Pasta con macchie rosate al centro.,4,1157,
Colore della Pasta::pochetto disomogenea,Colore della Pasta,Pochetto disomogenea,Pasta con colore leggermente disomogeneo.,4,22241,
Colore della Pasta::giallo tende al carico abbastanza uniforme,Colore della Pasta,Giallo tende al carico abbastanza uniforme,Pasta di colore giallo carico abbastanza uniforme.,8,29606,
Colore della Pasta::fascia più chiara sotto un piatto e macchia rosa visibile sul segno del coltello centrale,Colore della Pasta,Fascia più chiara sotto un piatto e macchia rosa visibile sul segno del coltello centrale,Pasta con fascia più chiara sotto un alone piatto e macchia rosata sul segno del coltello centrale.,4,20535,
Colore della Pasta::colore giallo carico a macchie negativo,Colore della Pasta,"Colore giallo carico a macchie, negativo",Pasta di colore giallo carico con macchie.,4,35793,
Colore della Pasta::più che alone è una fascia centrale più scura,Colore della Pasta,Più che alone è una fascia centrale più scura,Pasta con fascia centrale di colore più scuro.,4,49591,
Colore della Pasta::alone e zone biancastra per effetto sgretolamento pasta,Colore della Pasta,Alone e zone biancastra per effetto sgretolamento pasta,Pasta con alone e zone biancastre per effetto di sgretolamento.,4,47567,
Colore della Pasta::fascie di alone più scuro concentriche più alone,Colore della Pasta,Fascie di alone più scuro concentriche più alone,Pasta con fasce di alone concentrico tendente allo scuro.,4,44175,
Colore della Pasta::medio chiaro,Colore della Pasta,Medio chiaro,Pasta di colore medio chiaro.,4,22431,
Colore della Pasta::colore carico ma omogeneo,Colore della Pasta,Colore carico ma omogeneo,Pasta di colore carico ma omogeneo.,12,11655,
Colore della Pasta::giallo paglierino leggermente grigio,Colore della Pasta,Giallo paglierino leggermente grigio,Pasta di colore giallo paglierino leggermente grigiastro.,4,14175,
Colore della Pasta::abbastanza chiaro e abbastanza omogeneo,Colore della Pasta,Abbastanza chiaro e abbastanza omogeneo,Pasta di colore abbastanza chiaro e abbastanza omogeneo.,4,27697,
Colore della Pasta::più carico al centro alone evidente,Colore della Pasta,"Più carico al centro, alone evidente",Pasta con colore più carico al centro e alone evidente.,2,46365,
Colore della Pasta::colore uniforme,Colore della Pasta,Colore uniforme,Pasta di colore uniforme.,4,40444,
Colore della Pasta::alone centrale tendente al chiaro,Colore della Pasta,Alone centrale tendente al chiaro,Pasta con alone centrale tendente al chiaro.,4,27489,
Colore della Pasta::fascia bianca con zona diffusa rosa,Colore della Pasta,Fascia bianca con zona diffusa rosa,Pasta con fascia bianca e zona diffusa rosata.,4,49795,
Colore della Pasta::paglierino intenso omogeneo,Colore della Pasta,Paglierino intenso omogeneo,Pasta di colore paglierino intenso e omogeneo.,4,47462,
Colore della Pasta::un dubbio su una chiazza rosata,Colore della Pasta,Un dubbio su una chiazza rosata,Pasta con chiazza rosata.,4,3300,
Colore della Pasta::paglierino chiaro,Colore della Pasta,Paglierino chiaro,Pasta di colore paglierino chiaro.,8,15591,
Colore della Pasta::chiaro tende al bianco assenza di difetti,Colore della Pasta,Chiaro tende al bianco assenza di difetti,Pasta di colore chiaro tendente al bianco.,4,18791,
Colore della Pasta::qualche leggera macchia più scura sulla pasta,Colore della Pasta,Qualche leggera macchia più scura sulla pasta.,Pasta con qualche leggera macchia più scura.,4,9231,
Colore della Pasta::abbastanza uniforme tende al carico,Colore della Pasta,Abbastanza uniforme tende al carico,"Pasta abbastanza uniforme, tendente al colore carico.",4,11239,
Colore della Pasta::appena più saturo verso il centro poco poco,Colore della Pasta,Appena più saturo verso il centro. Poco poco,Pasta con colorazione leggermente più satura al centro.,4,992,
Colore della Pasta::più chiaro verso uno scalzo,Colore della Pasta,Più chiaro verso uno scalzo,Pasta più chiara verso lo scalzo.,4,44681,
Colore della Pasta::tende al chiaro area centrale alone,Colore della Pasta,Tende al chiaro area centrale alone,Pasta tendente al chiaro nell'area centrale con alone.,4,11589,
Colore della Pasta::tranciato con alone,Colore della Pasta,Tranciato con alone,Pasta con alone.,4,9395,
Colore della Pasta::non uniforme alone scuro,Colore della Pasta,Non uniforme alone scuro,Pasta con alone scuro non uniforme.,4,44690,
Colore della Pasta::colorazione omogenea non troppo carica,Colore della Pasta,Colorazione omogenea non troppo carica,Pasta di colorazione omogenea non troppo carica.,4,35614,
Colore della Pasta::chiaro ma sotto un piatto fascia macchia diffusa rosa,Colore della Pasta,Chiaro ma sotto un piatto fascia macchia diffusa rosa,Pasta di colore chiaro con fascia sottostante e diffusa macchia rosata.,4,33735,
Colore della Pasta::leggero alone centrale vs un piatto,Colore della Pasta,Leggero alone centrale vs un piatto,Pasta con leggero alone centrale e zona più piatta.,4,18868,
Colore della Pasta::più chiara agli scalzi per rosata,Colore della Pasta,Più chiara agli scalzi per rosata,Pasta più chiara agli scalzi con tendenza rosata.,2,46958,
Colore della Pasta::giallo pieno in centro più chiaro altrove,Colore della Pasta,Giallo pieno in centro. Più chiaro altrove,"Pasta di colore giallo carico al centro, più chiaro nelle altre zone.",4,30856,
Colore della Pasta::paglierino ai lati giallo chiaro al centro,Colore della Pasta,Paglierino ai lati. Giallo chiaro al centro,"Pasta paglierina ai lati, giallo chiaro al centro.",4,5123,
Colore della Pasta::giallo troppo scuro sfumato in chiaro parte esterna,Colore della Pasta,"Giallo troppo scuro, sfumato in chiaro parte esterna","Pasta di colore giallo scuro, sfumato in chiaro verso la parte esterna.",4,34434,
Colore della Pasta::alone scuro,Colore della Pasta,Alone scuro,Pasta con alone scuro.,4,42626,
Colore della Pasta::colore chiaro ma pallido anomalo per il grana,Colore della Pasta,"Colore chiaro ma pallido, anomalo per il grana","Pasta di colore chiaro ma pallido, anomalo per il grana.",4,41355,
Colore della Pasta::colore molto marcato ma omogeneo,Colore della Pasta,Colore molto marcato ma omogeneo,Pasta di colore molto marcato e omogeneo.,4,33739,
Colore della Pasta::giallo gonfalone centrale,Colore della Pasta,Giallo gonfalone centrale,Pasta di colore giallo con alone centrale.,4,35850,
Colore della Pasta::alone centrale più scuro grande sia pure leggero,Colore della Pasta,Alone centrale più scuro grande sia pure leggero,"Pasta con alone centrale grande e più scuro, seppur leggero.",2,46359,
Colore della Pasta::intenso degradante verso un piatto,Colore della Pasta,"Intenso, degradante verso un piatto","Pasta di colore intenso, degradante verso un colore più piatto.",4,32432,
Colore della Pasta::centro zona rosacea,Colore della Pasta,Centro zona rosacea,Pasta con zona centrale rosata.,4,40445,
Colore della Pasta::mediamente carico abbastanza omogeneo ma con lieve alone rosato,Colore della Pasta,Mediamente carico abbastanza omogeneo ma con lieve alone rosato,"Pasta di colore mediamente carico, abbastanza omogenea, con lieve alone rosato.",4,41189,
Colore della Pasta::1 sottocrosta biancastro,Colore della Pasta,1 Sottocrosta biancastro,Pasta con zona sottocrosta biancastra.,4,4103,
Colore della Pasta::colore chiaro ma rosa arancio pallido,Colore della Pasta,Colore chiaro ma rosa arancio pallido,"Pasta di colore chiaro, rosa arancio pallido.",4,51957,
Colore della Pasta::zona rosa vicino a crosta,Colore della Pasta,Zona rosa vicino a crosta,Pasta con zona rosata vicino alla crosta.,4,37294,
Colore della Pasta::vistoso alone,Colore della Pasta,Vistoso alone,Pasta con alone vistoso.,4,42906,
Colore della Pasta::colore sfumato più scuro verso un piatto macchia rosa,Colore della Pasta,"Colore sfumato più scuro verso un piatto, macchia rosa",Pasta con colore sfumato più scuro verso un piatto e macchia rosa.,4,11237,
Colore della Pasta::giallo chiaro con aloni rosa centrali,Colore della Pasta,Giallo chiaro con aloni rosa centrali,Pasta di colore giallo chiaro con aloni rosati centrali.,4,31969,
Colore della Pasta::bel paglierino omogeneo,Colore della Pasta,Bel paglierino omogeneo,Pasta di colore paglierino omogeneo.,4,17406,
Colore della Pasta::tende al giallo carico ma omogeneo,Colore della Pasta,"Tende al giallo carico, ma omogeneo",Pasta di colore tendente al giallo carico e omogeneo.,4,11378,
Colore della Pasta::abbastanza chiara ma leggermente non omogenea sotto i due piatti,Colore della Pasta,Abbastanza chiara ma leggermente non omogenea sotto i due piatti,Pasta abbastanza chiara ma leggermente non omogenea sotto i due piatti.,4,37547,
Colore della Pasta::giallo leggermente carico,Colore della Pasta,Giallo leggermente carico,Pasta di colore giallo leggermente carico.,4,23932,
Colore della Pasta::leggermente sfumato,Colore della Pasta,Leggermente Sfumato,Pasta di colore leggermente sfumato.,4,30805,
Colore della Pasta::zona più scura verso un piatto,Colore della Pasta,Zona più scura verso un piatto,Pasta con zona più scura verso il piatto.,4,47517,
Colore della Pasta::più chiaro sui 3/4 saturo il centro,Colore della Pasta,Più Chiaro sui 3/4 . Saturo il centro,"Pasta più chiara sui tre quarti, con centro saturo.",4,9984,
Colore della Pasta::carico verso il centro,Colore della Pasta,Carico verso il centro,Pasta di colore carico verso il centro.,4,11230,
Colore della Pasta::carico più scuro al centro,Colore della Pasta,Carico più scuro al centro,"Pasta di colore carico, più scuro al centro.",4,47404,
Colore della Pasta::intenso e di più sotto un piatto,Colore della Pasta,Intenso e di più sotto un piatto,Pasta di colore intenso e più carico nella zona sottostante il piatto.,4,44352,
Colore della Pasta::alone centrale stretto e più scuro,Colore della Pasta,Alone centrale stretto e più scuro,Pasta con alone centrale stretto e più scuro.,4,9902,
Colore della Pasta::piatto staccato,Colore della Pasta,Piatto staccato,NON_DESCRITTO,4,50486,
Colore della Pasta::alone centrale marcato,Colore della Pasta,Alone centrale marcato,Pasta con alone centrale marcato.,4,25727,
Colore della Pasta::colore molto carico più chiaro su 1 piatto,Colore della Pasta,Colore molto carico più chiaro su 1 piatto,"Pasta di colore molto carico, più chiara su un lato.",4,15475,
Colore della Pasta::appena più ossidato al centro,Colore della Pasta,Appena più ossidato al centro,Pasta con colorazione appena più scura al centro.,14,2133,
Colore della Pasta::tendente al rosato con fascia più chiara,Colore della Pasta,Tendente al rosato con fascia più chiara,Pasta tendente al rosato con fascia più chiara.,4,42483,
Colore della Pasta::aranciato,Colore della Pasta,Aranciato,Pasta di colore aranciato.,6,27760,
Colore della Pasta::chiaro ma 3 macchie rosa,Colore della Pasta,Chiaro ma 3 macchie rosa,Pasta di colore chiaro con tre macchie rosate.,4,9227,
Colore della Pasta::bianco cipria,Colore della Pasta,Bianco cipria,Pasta di colore bianco cipria.,4,49028,
Colore della Pasta::leggermente più carico in una metà ma mediamente buono,Colore della Pasta,"Leggermente più carico in una metà, ma mediamente buono","Pasta di colore leggermente più carico in una metà, mediamente uniforme.",4,37295,
Colore della Pasta::giallo paglierino un poco' più carico al centro,Colore della Pasta,Giallo paglierino un poco' più carico al centro,Pasta di colore giallo paglierino leggermente più carico al centro.,4,37540,
Colore della Pasta::presenza di fascia più scura in un sottopiatto,Colore della Pasta,Presenza di fascia più scura in un sottopiatto,Pasta con fascia più scura in zona sottocrosta.,4,14240,
Colore della Pasta::chiara con leggero alone e 2 chiazze tendenti e al rosa,Colore della Pasta,Chiara con leggero alone e 2 chiazze tendenti e al rosa,Pasta chiara con leggero alone e qualche chiazza tendente al rosa.,2,46954,
Colore della Pasta::eccessivamente carico con evidente macchie rosa,Colore della Pasta,Eccessivamente carico con evidente macchie rosa,Pasta di colore eccessivamente carico con evidenti macchie rosate.,4,5609,
Colore della Pasta::colore uniforme tendente al grigio,Colore della Pasta,Colore uniforme tendente al grigio,Pasta di colore uniforme tendente al grigio.,4,35670,
Colore della Pasta::più chiara sotto un piatto leggero alone centrale,Colore della Pasta,"Più chiara sotto un piatto, leggero alone centrale",Pasta più chiara nella zona sottocorticale con leggero alone centrale.,4,21701,
Colore della Pasta::più chiaro verso gli scalzi,Colore della Pasta,Più chiaro verso gli scalzi,Pasta più chiara verso gli scalzi.,12,7994,
Colore della Pasta::alone centrale molto marcato,Colore della Pasta,Alone centrale molto marcato,Pasta con alone centrale molto marcato.,4,4222,
Colore della Pasta::una macchia grigia,Colore della Pasta,Una macchia grigia,Pasta con una macchia grigia.,10,1949,
Colore della Pasta::zone leggermente rosa al centro pasta giallo chiaro,Colore della Pasta,"Zone leggermente rosa al centro, pasta giallo chiaro",Pasta di colore giallo chiaro con zone leggermente rosate al centro.,4,40375,
Colore della Pasta::anello chiaro perimetrale centro giallo carico zone verdastre,Colore della Pasta,"Anello chiaro perimetrale centro giallo carico, zone verdastre","Pasta con anello chiaro perimetrale, centro giallo carico e zone verdastre.",4,47405,
Colore della Pasta::giallo grigio,Colore della Pasta,Giallo grigio,Pasta di colore giallo grigiastro.,4,24352,
Colore della Pasta::paglierino carico uniformemente distribuito e leggero riflesso verde,Colore della Pasta,Paglierino carico uniformemente distribuito e leggero riflesso verde,Pasta di colore paglierino carico uniformemente distribuito con leggero riflesso verde.,4,41470,
Colore della Pasta::lievissimo alone centrale ai bordi giallo chiaro,Colore della Pasta,Lievissimo alone centrale. Ai bordi giallo chiaro,Pasta con lievissimo alone centrale e giallo chiaro ai bordi.,4,3876,
Colore della Pasta::non paglierino ma chiaro,Colore della Pasta,"Non paglierino, ma chiaro",Pasta non paglierina ma di colore chiaro.,8,736,
Colore della Pasta::colore chiaro con leggero alone centrale una leggera macchia rosa,Colore della Pasta,Colore chiaro con leggero alone centrale una leggera macchia rosa,Pasta di colore chiaro con leggero alone centrale e leggera macchia rosata.,4,13191,
Colore della Pasta::alone centrale molto marcato di colore quasi arancione,Colore della Pasta,"Alone centrale molto marcato, di colore quasi arancione","Pasta con alone centrale molto marcato, di colore quasi arancio.",4,1738,
Colore della Pasta::uniforme tende al chiaro,Colore della Pasta,Uniforme tende al chiaro,"Pasta di colore uniforme, tendente al chiaro.",4,26040,
Colore della Pasta::fascia più chiara,Colore della Pasta,Fascia più chiara,Pasta con fascia più chiara.,4,457,
Colore della Pasta::omogeneamente giallo carico,Colore della Pasta,Omogeneamente giallo carico,"Pasta di colore giallo carico, omogeneamente distribuito.",8,12982,
Colore della Pasta::giallo medio carico tendente al nocciola,Colore della Pasta,Giallo medio carico tendente al nocciola,Pasta di colore giallo medio carico tendente al nocciola.,2,46699,
Colore della Pasta::giallo uniforme,Colore della Pasta,Giallo uniforme,Pasta di colore giallo uniforme.,8,11234,
Colore della Pasta::carica la parte centrale anche l'esterno non chiaro,Colore della Pasta,Carica la parte centrale. Anche l'esterno non chiaro,Pasta con colore carico nella parte centrale e colore non chiaro verso l'esterno.,4,23860,
Colore della Pasta::omogeneamente paglierino scarico,Colore della Pasta,Omogeneamente paglierino scarico,"Pasta di colore paglierino scarico, omogenea.",4,12919,
Colore della Pasta::evidente alone centrale colore nocciola,Colore della Pasta,Evidente alone centrale colore nocciola,Pasta con evidente alone centrale di colore nocciola.,4,25730,
Colore della Pasta::carico leggermente più scuro al centro,Colore della Pasta,Carico leggermente più scuro al centro,"Pasta di colore carico, leggermente più scura al centro.",8,20414,
Colore della Pasta::macchia scura centrale,Colore della Pasta,Macchia scura centrale,Pasta con macchia scura centrale.,4,33814,
Colore della Pasta::molto scuro e aree non omogenee,Colore della Pasta,Molto scuro e aree non omogenee,Pasta di colore molto scuro con aree non omogenee.,4,7998,
Colore della Pasta::un poco' più scura al centro,Colore della Pasta,Un poco' più scura al centro,Pasta più scura al centro.,8,7839,
Colore della Pasta::colore più intenso verso un piatto,Colore della Pasta,Colore più intenso verso un piatto,Pasta con colore più intenso verso un'area piatta.,4,35794,
Colore della Pasta::alone rosato,Colore della Pasta,Alone rosato,Pasta con alone rosato.,17,3856,
Colore della Pasta::colore marcato al centro,Colore della Pasta,Colore marcato al centro,Pasta di colore marcato al centro.,4,25573,
Colore della Pasta::omogenea carica,Colore della Pasta,Omogenea carica,Pasta di colore omogeneo e carico.,4,21874,
Colore della Pasta::giallo omogeneo non troppo carico,Colore della Pasta,"Giallo omogeneo, non troppo carico","Pasta di colore giallo omogeneo, non troppo carico.",4,16787,
Colore della Pasta::più chiara sotto un piatto ma abbastanza omogeneo,Colore della Pasta,Più chiara sotto un piatto ma abbastanza omogeneo,Pasta più chiara nella zona sottocorticale ma abbastanza omogenea nel colore.,4,37371,
Colore della Pasta::vistose aree con colorazione alterata,Colore della Pasta,Vistose aree con colorazione alterata,Pasta con vistose aree di colorazione alterata.,8,29089,
Colore della Pasta::più carico al centro lievi ombre rosate,Colore della Pasta,"Più carico al centro, lievi ombre rosate",Pasta di colore più carico al centro con lievi ombre rosate.,4,32356,
Colore della Pasta::più chiaro verso gli scalzi di poco nel complesso abbastanza chiaro,Colore della Pasta,"Più chiaro verso gli scalzi, di poco. Nel complesso abbastanza chiaro","Pasta più chiara verso gli scalzi, nel complesso abbastanza chiaro.",4,26186,
Colore della Pasta::tendente un poco al rosato abbastanza unif,Colore della Pasta,Tendente un Poco al rosato abbastanza unif,Pasta tendente al rosato con colorazione abbastanza uniforme.,4,15419,
Colore della Pasta::bel colore tendente al chiaro,Colore della Pasta,Bel colore tendente al chiaro,Pasta di colore tendente al chiaro.,4,22340,
Colore della Pasta::uniforme tende chiaro,Colore della Pasta,Uniforme tende chiaro,Pasta di colore uniforme tendente al chiaro.,4,11449,
Colore della Pasta::alone centrale carico,Colore della Pasta,Alone centrale carico,Pasta con alone centrale carico.,4,15978,
Colore della Pasta::alone centrale tendente al rosato,Colore della Pasta,Alone centrale tendente al rosato,Pasta con alone centrale tendente al rosato.,4,7993,
Colore della Pasta::macchie rosate difficili da vedere,Colore della Pasta,Macchie rosate difficili da vedere,Pasta con macchie rosate poco evidenti.,4,49792,
Colore della Pasta::colorazione omogenea,Colore della Pasta,Colorazione omogenea,Pasta di colorazione omogenea.,4,40302,
Colore della Pasta::carica al centro,Colore della Pasta,Carica al centro,Pasta di colore carico al centro.,4,11370,
Colore della Pasta::non bello carico aree rossastre e verdognole,Colore della Pasta,"Non bello, carico, aree rossastre e verdognole",Pasta di colore carico con aree rossastre e verdognole.,4,21885,
Colore della Pasta::tendente al giallo paglierino,Colore della Pasta,Tendente al giallo paglierino,Pasta di colore tendente al giallo paglierino.,8,9235,
Colore della Pasta::giallo chiaro con alone più carico e sfumatura rosa nelle aree spugnose,Colore della Pasta,Giallo chiaro con alone più carico e sfumatura rosa nelle aree spugnose,Pasta di colore giallo chiaro con alone più carico e sfumatura rosata nelle aree spugnose.,4,30711,
Colore della Pasta::tende al chiaro e all uniforme,Colore della Pasta,Tende al chiaro e all uniforme,Pasta di colore tendente al chiaro e uniforme.,4,30664,
Colore della Pasta::chiaro ma leggermente carico al centro,Colore della Pasta,Chiaro ma leggermente carico al centro,"Pasta di colore chiaro, leggermente carico al centro.",4,12910,
Colore della Pasta::giallo non uniforme con venatura rosata,Colore della Pasta,Giallo non uniforme con venatura rosata,Pasta di colore giallo non uniforme con venatura rosata.,4,42909,
Colore della Pasta::colore chiaro tendente al paglierino abbastanza omogeneo,Colore della Pasta,"Colore chiaro, tendente al paglierino. Abbastanza omogeneo","Pasta di colore chiaro, tendente al paglierino, abbastanza omogenea.",4,13192,
Colore della Pasta::evidente alone scuro che segue la frattura,Colore della Pasta,Evidente alone scuro che segue la frattura,Pasta con evidente alone scuro lungo la frattura.,4,32272,
Colore della Pasta::abbastanza carico e omogeneo,Colore della Pasta,Abbastanza carico e omogeneo,Pasta di colore abbastanza carico e omogeneo.,4,22247,
Colore della Pasta::un poco' troppo carico,Colore della Pasta,Un poco' troppo carico,Pasta di colore un poco carico.,4,2362,
Colore della Pasta::solo leggero alone,Colore della Pasta,Solo leggero alone...,Pasta con leggero alone.,4,13,
Colore della Pasta::giallo tendente al carico,Colore della Pasta,Giallo tendente al carico,Pasta di colore giallo tendente al carico.,4,37298,
Colore della Pasta::alone centrale giallo verde con macchie scure,Colore della Pasta,Alone centrale giallo verde con macchie scure,Pasta con alone centrale giallo-verde e macchie scure.,10,1950,
Colore della Pasta::colore rosato sfumato sotto lo scalzo vicino alla crosta,Colore della Pasta,colore rosato sfumato sotto lo scalzo vicino alla crosta,Pasta con colore rosato sfumato nella zona sottoscalzo vicino alla crosta.,4,50528,
Colore della Pasta::alone centrale più carico lievi riflessi rosati,Colore della Pasta,"Alone centrale più carico, lievi riflessi rosati",Pasta con alone centrale carico e lievi riflessi rosati.,4,18481,
Colore della Pasta::bel colore omogeneo e tendente al chiaro,Colore della Pasta,Bel colore omogeneo e tendente al chiaro,Pasta di colore omogeneo tendente al chiaro.,4,37045,
Colore della Pasta::saturo,Colore della Pasta,Saturo,Pasta di colore saturo.,12,11374,
Colore della Pasta::alone centrale,Colore della Pasta,Alone centrale,Pasta con alone centrale.,80,5527,
Colore della Pasta::un piatto e più scuro,Colore della Pasta,Un piatto e più scuro,Pasta di colore più scuro e piatto.,2,46704,
Colore della Pasta::non omogeneo lateralmente,Colore della Pasta,Non omogeneo lateralmente,Pasta con colore non omogeneo lateralmente.,4,25571,
Colore della Pasta::giallo chiaro piuttosto omogeneo,Colore della Pasta,Giallo chiaro piuttosto omogeneo,Pasta di colore giallo chiaro piuttosto omogeneo.,4,7921,
Colore della Pasta::carico aranciato,Colore della Pasta,Carico aranciato,Pasta di colore carico aranciato.,16,24348,
Colore della Pasta::evidente alone scuro che tende al rosato nelle zone centrali con la fitta microocchiatura,Colore della Pasta,Evidente alone scuro che tende al rosato nelle zone centrali con la fitta microocchiatura,Pasta con evidente alone scuro tendente al rosato nelle zone centrali con fitta microocchiatura.,4,40300,
Colore della Pasta::rosa ai bordi,Colore della Pasta,Rosa ai bordi,Pasta con tonalità rosata ai bordi.,4,5526,
Colore della Pasta::piccolo alone centrale grigiastro,Colore della Pasta,Piccolo alone centrale grigiastro,Pasta con piccolo alone centrale grigiastro.,4,51137,
Colore della Pasta::bello abbastanza carico omogeneo,Colore della Pasta,"Bello, abbastanza carico, omogeneo",Pasta di colore abbastanza carico e omogeneo.,4,26038,
Colore della Pasta::alone lieve centrale,Colore della Pasta,Alone lieve centrale,Pasta con lieve alone centrale.,8,27484,
Colore della Pasta::omogeneo non troppo carico,Colore della Pasta,"Omogeneo, non troppo carico","Pasta di colore omogeneo, non troppo carico.",12,15532,
Colore della Pasta::giallo chiaro con leggere macchioline rosate,Colore della Pasta,Giallo chiaro con leggere macchioline rosate,Pasta di colore giallo chiaro con leggere macchioline rosate.,4,30662,
Colore della Pasta::omogeneo chiaro,Colore della Pasta,"Omogeneo, chiaro",Pasta di colore omogeneo e chiaro.,20,7374,
Colore della Pasta::giallo carico ma abbastanza omogeneo,Colore della Pasta,Giallo carico ma abbastanza omogeneo,Pasta di colore giallo carico e abbastanza omogeneo.,4,27698,
Colore della Pasta::più chiara verso un piatto nel complesso non troppo carica,Colore della Pasta,Più chiara verso un piatto. Nel complesso non troppo carica,"Pasta più chiara verso un piatto, nel complesso non troppo carica.",4,27692,
Colore della Pasta::bi colore,Colore della Pasta,Bi colore,Pasta bicolore.,4,44177,
Colore della Pasta::più chiara vicino a scalzo,Colore della Pasta,Più chiara vicino a scalzo,Pasta più chiara nelle zone vicino agli scalzi.,4,7456,
Colore della Pasta::giallo chiaro omogeneo,Colore della Pasta,Giallo chiaro omogeneo,Pasta di colore giallo chiaro omogeneo.,8,26113,
Colore della Pasta::macchia centrale più scura,Colore della Pasta,Macchia centrale più scura,Pasta con macchia centrale più scura.,4,27418,
Colore della Pasta::colore giallo non carico leggere alone più giallo forse un poco' o rosaceo,Colore della Pasta,"Colore giallo non carico, leggere alone più giallo, forse un poco' o rosaceo",Pasta di colore giallo non carico con leggeri alone più gialli e sfumature leggermente rosacee.,4,27906,
Colore della Pasta::zona rosa e biancastra,Colore della Pasta,Zona rosa e biancastra,Pasta con zona rosa e biancastra.,4,14246,
Colore della Pasta::alone centrale leggerissimo,Colore della Pasta,Alone centrale leggerissimo,Pasta con alone centrale leggerissimo.,4,49192,
Colore della Pasta::zone verdastre sugli angoli e arancioni,Colore della Pasta,Zone verdastre sugli angoli e arancioni,Pasta con zone verdastre negli angoli e arancioni.,4,36958,
Colore della Pasta::giallo medio carico con qualche zona rosa,Colore della Pasta,Giallo medio carico con qualche zona rosa,Pasta di colore giallo medio carico con qualche zona rosata.,4,44857,
Colore della Pasta::omogeneo giallo carico carico,Colore della Pasta,Omogeneo giallo carico carico,Pasta di colore giallo carico e omogeneo.,4,40447,
Colore della Pasta::chiaro omogeneo,Colore della Pasta,Chiaro omogeneo,Pasta di colore chiaro e omogeneo.,24,9483,
Colore della Pasta::parte un poco più chiara,Colore della Pasta,Parte un Poco più chiara,Pasta con parte leggermente più chiara.,4,7841,
Colore della Pasta::carico ma uniforme,Colore della Pasta,Carico ma uniforme,Pasta di colore carico e uniforme.,8,24139,
Colore della Pasta::abbastanza omogeneo e chiaro,Colore della Pasta,Abbastanza omogeneo e chiaro,Pasta di colore abbastanza omogeneo e chiaro.,10,24285,
Colore della Pasta::scura con alone centrale rosa,Colore della Pasta,Scura con Alone centrale rosa,Pasta scura con alone centrale rosa.,4,7989,
Colore della Pasta::leggera area verdastra,Colore della Pasta,Leggera area verdastra,Pasta con leggera area verdastra.,4,1139,
Colore della Pasta::giallo vivo carico ma omogeneo,Colore della Pasta,Giallo vivo carico ma omogeneo,Pasta di colore giallo carico e omogeneo.,4,18404,
Colore della Pasta::colore chiaro risata al centro e bianca sotto 2 piatto con macchie rosa nella zona spugnosa,Colore della Pasta,Colore chiaro risata al centro e bianca sotto 2 piatto con macchie rosa nella zona spugnosa,"Pasta con colore chiaro rosato al centro, bianca sotto crosta, e macchie rosate nella zona spugnosa.",4,26108,
Colore della Pasta::carico con alone,Colore della Pasta,Carico con alone,Pasta di colore carico con alone.,8,9990,
Colore della Pasta::giallo chiaro con macchie rosa,Colore della Pasta,Giallo chiaro con macchie rosa,Pasta di colore giallo chiaro con macchie rosa.,4,5530,
Colore della Pasta::più chiaro sotto 1 piatto e alone centrale,Colore della Pasta,Più chiaro sotto 1 piatto e alone centrale,Pasta più chiara nella zona sottocrostale con alone centrale.,4,7835,
Colore della Pasta::intenso ma omogeneo,Colore della Pasta,Intenso ma omogeneo,Pasta di colore intenso e omogeneo.,8,20478,
Colore della Pasta::colore carico ma con 1 piatto più chiaro forse qualche macchia risata,Colore della Pasta,Colore carico ma con 1 Piatto più chiaro forse qualche macchia risata,Pasta di colore carico con zone più chiare e qualche macchia rosata.,4,44344,
Colore della Pasta::avv uniforme gialla,Colore della Pasta,Avv uniforme gialla,Pasta di colore giallo uniforme.,4,31973,
Colore della Pasta::giallina,Colore della Pasta,Giallina,Pasta di colore giallina.,8,5834,
Colore della Pasta::leggermente salmonato,Colore della Pasta,Leggermente salmonato,Pasta di colore leggermente rosato.,4,51956,
Colore della Pasta::omogeneo giallo medio carico,Colore della Pasta,Omogeneo giallo medio.carico,"Pasta di colore giallo medio carico, omogeneo.",2,46700,
Colore della Pasta::carico e a strisce,Colore della Pasta,Carico e a strisce,Pasta di colore carico con strisce.,4,14244,
Colore della Pasta::più concezione sembrano due zone di colore,Colore della Pasta,Più concezione sembrano due zone di colore,Pasta con due zone di colore distinte.,10,2162,
Colore della Pasta::bi colore al centro molto saturo,Colore della Pasta,Bi colore. Al centro molto saturo,Pasta bicolore con colore molto saturo al centro.,4,25724,
Colore della Pasta::forse una macchia rosa,Colore della Pasta,Forse una macchia rosa?,Pasta con possibile macchia rosata.,8,51853,
Colore della Pasta::colore non saturo appena più chiaro verso un piatto e uno scalzo,Colore della Pasta,Colore non saturo appena più Chiaro verso un piatto e uno scalzo,"Pasta di colore non saturo, appena più chiara verso il piatto e uno scalzo.",4,32427,
Colore della Pasta::zone grigiastre vicino alla crosta,Colore della Pasta,Zone grigiastre vicino alla crosta,Pasta con zone grigiastre vicino alla crosta.,4,37042,
Colore della Pasta::deciso alone centrale,Colore della Pasta,Deciso alone centrale,Pasta con deciso alone centrale.,4,41188,
Colore della Pasta::tendente al chiaro zona vs piatto più scura macchia rosa,Colore della Pasta,tendente al chiaro zona vs piatto più scura macchia rosa,"Pasta tendente al chiaro in zona, con piatto più scuro e macchia rosa.",4,33820,
Colore della Pasta::omogeneo tendente al giallo chiaro,Colore della Pasta,Omogeneo tendente al giallo chiaro,Pasta di colore omogeneo tendente al giallo chiaro.,4,31895,
Colore della Pasta::area più carica centrale,Colore della Pasta,Area più carica centrale,Pasta con area centrale più carica.,4,47568,
Colore della Pasta::riflessi giallo verosimili per la struttura no dimenticato anche leggera stiratura,Colore della Pasta,Riflessi giallo verosimili. Per la struttura no dimenticato anche leggera stiratura,Pasta con riflessi giallo carico.,4,4744,
Colore della Pasta::carico,Colore della Pasta,Carico,Pasta di colore carico.,40,13894,
Colore della Pasta::intenso al centro di più,Colore della Pasta,Intenso al centro di più,Pasta di colore intenso al centro.,4,35496,
Colore della Pasta::tende al chiaro è omogeneo,Colore della Pasta,Tende al chiaro è omogeneo,Pasta tendente al chiaro e omogenea.,4,25654,
Colore della Pasta::colore tendente al rosato abbastanza unif,Colore della Pasta,Colore tendente al rosato abbastanza unif,Pasta di colore tendente al rosato abbastanza uniforme.,4,37455,
Colore della Pasta::leggera ossidatura centrale alone,Colore della Pasta,Leggera ossidatura centrale ...alone?,Pasta con leggera ossidatura centrale.,4,4941,
Colore della Pasta::carico un poco grigiastro e rosato,Colore della Pasta,Carico un Poco grigiastro e rosato,"Pasta di colore carico, leggermente grigiastro e rosato.",4,15531,
Colore della Pasta::un poco' più scuro al centro,Colore della Pasta,Un poco' più scuro al centro,Pasta più scura al centro.,4,9987,
Colore della Pasta::più chiara all' esterno,Colore della Pasta,Più chiara all' esterno,Pasta più chiara nelle zone esterne.,4,47401,
Colore della Pasta::un piatto più chiaro,Colore della Pasta,Un piatto più chiaro,Pasta di colore piatto più chiaro.,12,5842,
Colore della Pasta::sfumatura rosa vicino a sottocrosta,Colore della Pasta,Sfumatura rosa vicino a sottocrosta,Pasta con sfumatura rosa vicino alla sottocrosta.,4,14176,
Colore della Pasta::giallo carico ma con aree verdognole nel piatto inferiore,Colore della Pasta,Giallo carico ma con aree verdognole nel piatto inferiore,Pasta di colore giallo carico con aree verdognole nel piatto inferiore.,4,44185,
Colore della Pasta::candido paglierino a tratti ma alone centrale appena più carico,Colore della Pasta,"Candido paglierino a tratti, ma alone centrale appena più carico","Pasta con colorazione candida e paglierina a tratti, alone centrale appena più carico.",4,41409,
Colore della Pasta::colore sotto un piatto marrone rossiccio,Colore della Pasta,Colore sotto un piatto marrone rossiccio,Pasta di colore marrone rossiccio.,4,50950,
Colore della Pasta::giallo chiaro con aloni rosati,Colore della Pasta,Giallo chiaro con aloni rosati,Pasta di colore giallo chiaro con aloni rosati.,4,6069,
Colore della Pasta::giallo chiaro grigiastro ai lati più carico in centro con alone rosati,Colore della Pasta,"Giallo chiaro grigiastro ai lati, più carico in centro con alone rosati","Pasta di colore giallo chiaro grigiastro ai bordi, più carico in centro con alone rosati.",4,30858,
Colore della Pasta::pasta disidratata sotto crosta,Colore della Pasta,Pasta disidratata sotto crosta,Pasta più scura sotto crosta per disidratazione.,4,48993,
Colore della Pasta::chiara ma alone sganciato centrale,Colore della Pasta,Chiara ma alone sganciato centrale,Pasta chiara con alone centrale sganciato.,4,15648,
Colore della Pasta::giallo con leggere sfumature rosa,Colore della Pasta,Giallo con leggere sfumature rosa,Pasta di colore giallo con leggere sfumature rosate.,4,21791,
Colore della Pasta::molto giallo,Colore della Pasta,Molto giallo,Pasta di colore molto giallo.,8,29478,
Colore della Pasta::in una parte più nocciola,Colore della Pasta,In una parte più nocciola,Pasta con parte di colore nocciola.,4,2327,
Colore della Pasta::giallo carico ma abbastanza uniforme,Colore della Pasta,Giallo carico ma abbastanza uniforme,"Pasta di colore giallo carico, abbastanza uniforme.",4,42763,
Colore della Pasta::paglierino sganciato omogeneoamente distribuito,Colore della Pasta,Paglierino sganciato omogeneoamente distribuito,Pasta di colore paglierino omogenamente distribuito.,4,5534,
Colore della Pasta::alone centrale con fascia circolare che segue la frattura della pasta,Colore della Pasta,Alone centrale con fascia circolare che segue la frattura della pasta,Pasta con alone centrale e fascia circolare lungo la frattura.,2,46955,
Colore della Pasta::alone centrale in qualche sfumatura risata in corrispondenza delle bocciature più importanti,Colore della Pasta,Alone centrale in qualche sfumatura risata in corrispondenza delle bocciature più importanti,Pasta con alone centrale e sfumature rosate in corrispondenza delle bocciature più importanti.,4,13897,
Colore della Pasta::giallo paglierino omogeneo abbastanza carico,Colore della Pasta,Giallo paglierino omogeneo abbastanza carico,"Pasta di colore giallo paglierino omogeneo, abbastanza carico.",2,46864,
Colore della Pasta::disidratata solo da una parte,Colore della Pasta,Disidratata solo da una parte,Pasta disidratata in una parte.,4,51109,
Colore della Pasta::tendente al rosato ma unif,Colore della Pasta,Tendente al rosato ma unif,Pasta tendente al rosato e di colore uniforme.,4,47175,
Colore della Pasta::area centrale rossastra,Colore della Pasta,Area centrale rossastra...,Pasta con area centrale rossastra.,4,35858,
Colore della Pasta::colore della pasta un poco' a fasce,Colore della Pasta,Colore della pasta un poco' a fasce,Pasta di colore a fasce.,4,31968,
Colore della Pasta::colore chiaro e unif,Colore della Pasta,Colore chiaro e unif,Pasta di colore chiaro e uniforme.,4,18782,
Colore della Pasta::omogeneo abbastanza chiaro,Colore della Pasta,Omogeneo abbastanza chiaro,Pasta di colore abbastanza chiaro e omogeneo.,8,14313,
Colore della Pasta::giallo medio carico con aree nocciola,Colore della Pasta,Giallo medio carico con aree nocciola,Pasta di colore giallo medio carico con aree nocciola.,4,44353,
Colore della Pasta::una piccola parte meno omogenea come colore,Colore della Pasta,Una piccola parte meno omogenea come colore,Pasta con una piccola parte di colore non omogeneo.,4,2582,
Colore della Pasta::alone scuro evidentissimo molto disomogeneo,Colore della Pasta,"Alone scuro evidentissimo, molto disomogeneo",Pasta con alone scuro molto evidente e disomogenea.,4,47235,
Colore della Pasta::omogeneo e scarico bello,Colore della Pasta,Omogeneo e scarico. Bello,Pasta di colore omogeneo e leggero.,4,26109,
Colore della Pasta::colore non omogeneo un piatto è paglierino pallido tendente al grigio il resto del formaggio paglierino più deciso,Colore della Pasta,"Colore non omogeneo, un piatto è paglierino pallido tendente al grigio, il resto del formaggio paglierino più deciso","Pasta con colore non omogeneo: un settore paglierino pallido tendente al grigio, il resto paglierino più deciso.",4,47406,
Colore della Pasta::giallo con leggero alone rosa,Colore della Pasta,Giallo con leggero alone rosa,Pasta di colore giallo con leggero alone rosato.,4,27766,
Colore della Pasta::intenso ma abbastanza omogeneo,Colore della Pasta,Intenso ma abbastanza omogeneo,Pasta di colore intenso ma abbastanza omogeneo.,4,41412,
Colore della Pasta::carico ma abbastanza uniforme,Colore della Pasta,Carico ma abbastanza uniforme,Pasta di colore carico ma abbastanza uniforme.,4,21784,
Colore della Pasta::sarebbe anche giallo paglierino ma presenta zona con alone imbrunito,Colore della Pasta,Sarebbe anche giallo paglierino ma presenta zona con alone imbrunito,Pasta di colore giallo paglierino con zona caratterizzata da alone imbrunito.,2,46697,
Colore della Pasta::giallo carico,Colore della Pasta,Giallo carico,Pasta di colore giallo carico.,56,5835,
Colore della Pasta::molto presente un alone centrale,Colore della Pasta,Molto presente un alone centrale!,Pasta con alone centrale marcato.,4,25731,
Colore della Pasta::ampia macchia interna rosa,Colore della Pasta,Ampia macchia interna rosa,Pasta con ampia macchia interna rosata.,4,25725,
Colore della Pasta::colore più chiaro sotto un piatto,Colore della Pasta,Colore più chiaro sotto un piatto,Pasta di colore più chiaro nella zona sottocorticale.,4,22330,
Colore della Pasta::carico non perfettamente omogeneo,Colore della Pasta,"Carico, non perfettamente Omogeneo","Pasta di colore carico, non perfettamente omogenea.",8,29477,
Colore della Pasta::alone centrale on un sottoposto più bianco,Colore della Pasta,Alone centrale on un sottoposto più bianco,Pasta con alone centrale e zona sottoposta più bianca.,4,44680,
Colore della Pasta::giallo chiaro con alone più scuro,Colore della Pasta,Giallo chiaro con alone più scuro,Pasta di colore giallo chiaro con alone più scuro.,4,32354,
Colore della Pasta::area rosata in corrispondenza di una bollatura allungata,Colore della Pasta,Area rosata in corrispondenza di una bollatura allungata,Pasta con area rosata in corrispondenza di una bollatura allungata.,4,48906,
Colore della Pasta::più carico al centro rosato verso la crosta,Colore della Pasta,"Più carico al centro, rosato verso la crosta",Pasta con colore più carico al centro e rosato verso la crosta.,4,7535,
Colore della Pasta::omogeneo paglierino chiaro con alone verdognolo,Colore della Pasta,Omogeneo paglierino chiaro con alone verdognolo,Pasta di colore omogeneo paglierino chiaro con alone verdognolo.,4,24217,
Colore della Pasta::carico rosato ma unif,Colore della Pasta,Carico rosato ma unif,Pasta di colore carico rosato e uniforme.,4,26031,
Colore della Pasta::degradante x intensità da un piatto allaltro,Colore della Pasta,Degradante x intensità da un piatto allaltro,Pasta con colorazione degradante in intensità da un piatto all'altro.,8,29476,
Colore della Pasta::carico e omogeneo,Colore della Pasta,Carico e omogeneo,Pasta di colore carico e omogeneo.,4,16789,
Colore della Pasta::carico e più s uro al centro,Colore della Pasta,Carico e più s uro al centro,Pasta di colore carico e più scuro al centro.,4,13754,
Colore della Pasta::omogenea non troppo carica alone ristretto alcentro,Colore della Pasta,Omogenea non troppo carica. Alone ristretto alcentro,"Pasta di colore omogeneo non troppo carico, con alone ristretto al centro.",4,24210,
Colore della Pasta::macchia grigio rosa non conforme,Colore della Pasta,Macchia grigio rosa NON CONFORME,Pasta con macchia grigio rosata non conforme.,4,50289,
Colore della Pasta::alone centrale evidente con un sottopiatto più chiaro,Colore della Pasta,Alone centrale evidente con un sottopiatto più chiaro,Pasta con alone centrale evidente e sottopiatto più chiaro.,4,47399,
Colore della Pasta::giallo non carico con alone centrale più scuro e sfumatura rosata,Colore della Pasta,"Giallo non carico, con alone centrale più scuro e sfumatura rosata","Pasta di colore giallo non carico, con alone centrale più scuro e sfumatura rosata.",4,30760,
Colore della Pasta::colore molto chiaro ma di diverse tonalità,Colore della Pasta,Colore molto chiaro ma di diverse tonalità,Pasta di colore molto chiaro con diverse tonalità.,4,49183,
Colore della Pasta::chiaro con centro più bianco,Colore della Pasta,Chiaro con centro più bianco,Pasta di colore chiaro con centro più bianco.,4,35790,
Colore della Pasta::al centro più carico tendente al rosa,Colore della Pasta,Al centro più carico tendente al rosa,"Pasta di colore più carico al centro, tendente al rosa.",4,40305,
Colore della Pasta::disomogeneo macchia rosa dove strappo,Colore della Pasta,"Disomogeneo, macchia rosa dove strappo",Pasta disomogenea con macchia rosata nella zona dello strappo.,4,7842,
Colore della Pasta::giallo un poco carico ma omogeneo,Colore della Pasta,Giallo un Poco carico ma omogeneo,Pasta di colore giallo poco carico ma omogeneo.,8,29221,
Colore della Pasta::giallo chiaro non omogeneo n alcune zone tende al grigio,Colore della Pasta,Giallo chiaro non omogeneo n alcune zone tende al grigio,"Pasta di colore giallo chiaro, non omogeneo, tendente al grigio in alcune zone.",4,36962,
Colore della Pasta::abbastanza uniforme tendente leggero al grigio,Colore della Pasta,Abbastanza uniforme tendente leggero al grigio,"Pasta di colore abbastanza uniforme, tendente al grigio e leggero.",4,22239,
Colore della Pasta::un poco' rosata zone chiare,Colore della Pasta,"Un poco' rosata, zone chiare",Pasta con leggera colorazione rosata e zone chiare.,4,37462,
Colore della Pasta::scuro tendente al grigio,Colore della Pasta,Scuro tendente al grigio,Pasta di colore scuro tendente al grigio.,4,27839,
Colore della Pasta::carico al centro,Colore della Pasta,Carico al centro,Pasta con colore carico al centro.,52,9310,
Colore della Pasta::abbastanza omogeneo bello,Colore della Pasta,"Abbastanza omogeneo, bello",Pasta di colore abbastanza omogeneo.,4,7458,
Colore della Pasta::giallo molto carico,Colore della Pasta,Giallo molto carico,Pasta di colore giallo molto carico.,20,11236,
Colore della Pasta::in una pasta giallo carica macchie o alone nocciola,Colore della Pasta,In una pasta giallo carica macchie o alone nocciola,Pasta di colore giallo carico con macchie e alone nocciola.,4,1294,
Colore della Pasta::non proprio paglierino,Colore della Pasta,Non proprio paglierino,Pasta non paglierina.,12,814,
Colore della Pasta::vasta area rosa disomogeneo,Colore della Pasta,"Vasta area rosa, disomogeneo","Pasta con vasta area rosa, disomogenea.",4,42907,
Colore della Pasta::alone veramente lieve,Colore della Pasta,Alone veramente lieve,Pasta con alone veramente lieve.,4,3284,
Colore della Pasta::tendenzialmente omogeneo e non troppo marcato,Colore della Pasta,Tendenzialmente omogeneo e non troppo marcato,Pasta di colore tendenzialmente omogeneo e non troppo marcato.,4,11445,
Colore della Pasta::un poco' carico ma omogeneo a parte qualche leggerissima macchia rosata,Colore della Pasta,Un poco' carico ma omogeneo a parte qualche leggerissima macchia rosata,"Pasta di colore poco carico e omogeneo, con qualche leggerissima macchia rosata.",4,42698,
Colore della Pasta::in generale colore chiaro tendente al paglierino poco poco più carico al centro,Colore della Pasta,"In generale colore chiaro, tendente al paglierino, poco poco più carico al centro","Pasta di colore chiaro tendente al paglierino, leggermente più carico al centro.",4,22423,
Colore della Pasta::colore molto carico,Colore della Pasta,Colore molto carico,Pasta di colore molto carico.,8,6068,
Colore della Pasta::colore aranciato ma uniforme,Colore della Pasta,Colore aranciato ma uniforme,Pasta di colore aranciato uniforme.,4,41352,
Colore della Pasta::sotto un piatto pasta disidratata colore biancastro,Colore della Pasta,Sotto un piatto pasta disidratata colore biancastro,"Pasta biancastra nella zona sottocrosta, con aspetto disidratato.",4,49485,
Colore della Pasta::omogeneo paglierino carico,Colore della Pasta,Omogeneo paglierino carico,"Pasta di colore paglierino carico, omogeneo.",12,12989,
Colore della Pasta::lèggerissimo alone rosa centrale,Colore della Pasta,Lèggerissimo alone rosa centrale,Pasta con leggerissimo alone rosato centrale.,4,50817,
Colore della Pasta::alone marcato al centro,Colore della Pasta,Alone marcato al centro,Pasta con alone marcato al centro.,4,35849,
Colore della Pasta::riflessi verdognoli,Colore della Pasta,Riflessi verdognoli,Pasta con riflessi verdognoli.,4,870,
Colore della Pasta::centro piú carico della parte vicino ai piatti,Colore della Pasta,Centro piú carico della parte vicino ai piatti,Pasta con colore più carico al centro rispetto alla zona vicino ai piatti.,4,35495,
Colore della Pasta::rosato,Colore della Pasta,Rosato,Pasta di colore rosato.,4,50681,
Colore della Pasta::macchie scure centrali e zona più scura verso un piatto,Colore della Pasta,Macchie scure centrali e zona più scura verso un piatto,Pasta con macchie scure centrali e zona più scura verso un piatto.,4,33818,
Colore della Pasta::carico con lieve alone rosato,Colore della Pasta,Carico con lieve alone rosato,Pasta di colore carico con lieve alone rosato.,4,5840,
Colore della Pasta::più carico al centro macchie rosa,Colore della Pasta,"Più carico al centro, macchie rosa",Pasta con colore più carico al centro e macchie rosa.,4,7913,
Colore della Pasta::zona rosa molto evidente e anello perimetrale giallo molto chiaro,Colore della Pasta,Zona rosa molto evidente e anello perimetrale giallo molto chiaro,Pasta con zona rosa molto evidente e anello perimetrale di colore giallo molto chiaro.,4,47237,
Colore della Pasta::zona centrale più scura,Colore della Pasta,Zona centrale più scura,Pasta con zona centrale più scura.,4,44855,
Colore della Pasta::qualche leggerissima macchia rosata nella zona interessata da microocchiatura,Colore della Pasta,Qualche leggerissima macchia rosata nella zona interessata da microocchiatura,Pasta con qualche leggerissima macchia rosata nelle zone di microocchiatura.,4,5049,
Colore della Pasta::avv uniforme e chiaro,Colore della Pasta,Avv uniforme e chiaro,Pasta di colore uniforme e chiaro.,4,27699,
Colore della Pasta::arancio,Colore della Pasta,Arancio,Pasta di colore arancio.,4,12980,
Colore della Pasta::base paglierina all'esterno più saturo interna ente,Colore della Pasta,Base paglierina all'esterno più saturo interna!ente,"Pasta di colore paglierino, più saturo all'interno rispetto all'esterno.",4,37037,
Colore della Pasta::abbastanza omogeneo,Colore della Pasta,Abbastanza omogeneo,Pasta di colore abbastanza omogeneo.,12,13827,
Colore della Pasta::giallo un poco grigiastro con alone,Colore della Pasta,Giallo un Poco grigiastro con alone,Pasta di colore giallo leggermente grigiastro con alone.,4,23859,
Colore della Pasta::molto carico con fascia leggermente più chiara sotto un piatto,Colore della Pasta,Molto Carico con fascia leggermente più chiara sotto un piatto,Pasta di colore molto carico con fascia leggermente più chiara sotto un piatto.,4,24349,
Colore della Pasta::chiara esternamente ma accentuata da effetto disidratato,Colore della Pasta,Chiara esternamente ma accentuata da effetto disidratato,Pasta di colore chiaro esternamente con effetto disidratato.,4,18474,
Colore della Pasta::giallo chiaro con piccolo alone più carico in centro,Colore della Pasta,Giallo chiaro con piccolo alone più carico in centro,Pasta di colore giallo chiaro con piccolo alone più carico al centro.,4,9988,
Colore della Pasta::più che macchie è striscia rosata,Colore della Pasta,Più che macchie è striscia rosata,Pasta con striscia rosata.,4,8,
Colore della Pasta::tendente al rosato con una macchia centrale rosa,Colore della Pasta,Tendente al rosato con una macchia centrale rosa,Pasta tendente al rosato con macchia centrale rosa.,2,46957,
Colore della Pasta::non omogeneo alone,Colore della Pasta,"Non omogeneo, alone",Pasta con colore non omogeneo e alone.,4,11657,
Colore della Pasta::alone centrale marcato più evidente perché la pasta é molto chiara,Colore della Pasta,"Alone centrale marcato, più evidente perché la pasta é molto chiara",Pasta con alone centrale marcato su fondo molto chiaro.,4,15983,
Colore della Pasta::leggermente alonata,Colore della Pasta,Leggermente alonata,Pasta con leggermente alone.,4,33663,
Colore della Pasta::scuro carico,Colore della Pasta,Scuro carico,Pasta di colore scuro carico.,4,42771,
Colore della Pasta::aree non belle come colore,Colore della Pasta,Aree non belle come colore,Pasta con aree di colore non uniforme.,4,22,
Colore della Pasta::il verde è solo accentuato,Colore della Pasta,Il verde è solo accentuato,Pasta con lieve tonalità verdognola.,4,4493,
Colore della Pasta::colore carico omogeneo,Colore della Pasta,Colore carico omogeneo,Pasta di colore carico omogeneo.,8,14170,
Colore della Pasta::giallo abbastanza carico più intenso in centro,Colore della Pasta,"Giallo abbastanza carico, più intenso in centro","Pasta di colore giallo abbastanza carico, più intenso al centro.",4,9316,
