dedup_key,attribute,caption_pre,caption_clean,frequency,sample_row_id,error
Aroma::aroma non del tutto positivo e caratteristico ma leggero,Aroma,"aroma non del tutto positivo e caratteristico, ma leggero","Aroma leggero, non del tutto positivo e caratteristico.",4,18744,
Aroma::piacevole ma poco tipico del grana,Aroma,piacevole ma poco tipico del grana,Aroma piacevole ma poco tipico del grana.,4,18743,
Aroma::leggera fermentazione,Aroma,Leggera fermentazione,Aroma leggermente fermentato.,4,50059,
Aroma::tostato biscotto,Aroma,tostato biscotto,Aroma tostato e di biscotto.,4,20443,
Aroma::resta il piccante,Aroma,resta il piccante,Aroma piccante.,4,47485,
Aroma::leggeri cotto e crosta meglio l aroma dell odore,Aroma,"leggeri cotto e crosta, meglio l-aroma dell-odore",Aroma leggero di cotto e crosta.,4,9852,
Aroma::cacao amaro vecchio medicinale,Aroma,"Cacao amaro vecchio, medicinale","Aroma di cacao amaro, note vecchie e medicamentose.",4,49658,
Aroma::si vi avevo detto che sono raffreddato nel mangiarlo e nel sentire l'aroma mi è arrivata un sentore non tipico di formaggio grana chiamo gorgonzola,Aroma,"Si, vi avevo detto che sono raffreddato. Nel mangiarlo e nel sentire l'aroma mi è arrivata un sentore non tipico di formaggio grana, chiamo gorgonzola",Aroma non tipico del grana con sentore di gorgonzola.,4,1141,
Aroma::grana burro forse anche un p di note evolute,Aroma,"grana, burro, forse anche un p; di note evolute...",Aroma di grana e burro con lievi note evolute.,4,40407,
Aroma::cacao lattici cotti troppo crosta di pane quasi bruciata,Aroma,"cacao, lattici cotti troppo, crosta di pane quasi bruciata,",Aroma di cacao e note lattiche cotte con sentore di crosta di pane tostata.,4,6026,
Aroma::non da grana biscotto,Aroma,non da grana biscotto,Aroma non da grana biscotto.,4,5565,
Aroma::non da grana,Aroma,non da grana,Aroma non tipico del grana.,12,9431,
Aroma::brodo di carne lalattico cotto,Aroma,brodo di carne lalattico cotto,"Aroma di brodo di carne, lattico e cotto.",4,24177,
Aroma::latte cotto e burro bruciato,Aroma,latte cotto e burro bruciato,Aroma di latte cotto e burro bruciato.,4,42796,
Aroma::dolciastro latte cotto animale,Aroma,"dolciastro, latte cotto, animale",Aroma dolciastro di latte cotto con note animali.,4,15505,
Aroma::non da grana emmental,Aroma,non da grana emmental,"Aroma non tipico del grana, con carattere emmental.",4,44722,
Aroma::crosta di formaggio,Aroma,crosta di formaggio,Aroma di crosta di formaggio.,56,5489,
Aroma::crosta molto cotto e tostato,Aroma,"crosta, molto cotto e tostato",Aroma di crosta molto cotto e tostato.,4,30634,
Aroma::nota di cotto quasi affumicato,Aroma,nota di cotto quasi affumicato,Aroma di cotto con nota quasi affumicata.,4,17362,
Aroma::latte cotto burro cotto non particolarmente complesso latte uht,Aroma,"latte cotto, burro cotto, non particolarmente complesso, latte uht","Aroma di latte cotto e burro cotto, non particolarmente complesso, con sentore di latte UHT.",4,22186,
Aroma::aroma compromesso dal troppo salato,Aroma,Aroma compromesso dal troppo salato,Aroma compromesso dalla salinità eccessiva.,4,51588,
Aroma::texture da modificare troppo friabile,Aroma,"Texture da modificare, troppo friabile.","Aroma: [non applicabile - l'annotazione riguarda la texture, non l'aroma]

---

**Spiegazione:** L'annotazione descrive esclusivamente la consistenza del formaggio (friabilità), che è un attributo di texture, non di aroma. Secondo la regola 1, devo ignorare le osservazioni che riguardano altri attributi. Non sono presenti informazioni sensoriali pertinenti all'aroma nella nota fornita.",4,50447,
Aroma::note di formaggio cotto,Aroma,note di formaggio cotto,Aroma di formaggio cotto.,4,16743,
Aroma::latte fresco delicato minestrone verdura,Aroma,"latte fresco delicato, minestrone verdura",Aroma di latte fresco delicato con sentore di minestrone di verdura.,4,33854,
Aroma::resta sempre acido&fermentato,Aroma,resta sempre acido&fermentato,Aroma persistentemente acido e fermentato.,4,47430,
Aroma::leggero sentore di bruciato,Aroma,leggero sentore di bruciato,Aroma leggero con sentore di bruciato.,4,44211,
Aroma::pera,Aroma,Pera,Aroma di pera.,4,3326,
Aroma::cotto biscotto,Aroma,cotto biscotto,Aroma di cotto e biscotto.,4,27653,
Aroma::quasi nullo,Aroma,quasi nullo,Aroma quasi nullo.,4,47483,
Aroma::cotto latte,Aroma,cotto latte,Aroma di latte cotto.,4,44130,
Aroma::latte cotto e panna cotta intensità medio alta,Aroma,latte cotto e panna cotta intensità medio alta,Aroma di latte cotto e panna cotta a intensità medio-alta.,4,9437,
Aroma::viene fuori l'amaro,Aroma,Viene fuori l'amaro,Aroma con note di amaro.,4,1469,
Aroma::brodo stalla,Aroma,"brodo, stalla",Aroma di brodo e stalla.,4,21645,
Aroma::aroma di fermentato,Aroma,aroma di fermentato,Aroma fermentato.,4,25605,
Aroma::panna cotto,Aroma,panna cotto,Aroma di panna cotta.,2,46650,
Aroma::panna e leggero di cotto,Aroma,panna e leggero di cotto,Aroma di panna cotta con sentore leggero.,4,37328,
Aroma::poco intenso,Aroma,Poco intenso,Aroma poco intenso.,16,208,
Aroma::sentore di brodo di carne e leggemrente di crosta,Aroma,sentore di brodo di carne e leggemrente di crosta,Aroma di brodo di carne e leggermente di crosta.,4,5482,
Aroma::note di brodo domiannti dado sedano,Aroma,"note di brodo domiannti, dado, sedano",Aroma di brodo dominante con note di dado e sedano.,8,29117,
Aroma::lattici cotti,Aroma,"lattici cotti,",Aroma lattico cotto.,26,9354,
Aroma::burro fuso latte cotto,Aroma,"Burro fuso, latte cotto",Aroma di burro fuso e latte cotto.,4,15950,
Aroma::note lattiche caratteristiche poco complesso crosta di formaggio note fermentate,Aroma,"note lattiche caratteristiche, poco complesso, crosta di formaggio, note fermentate","Aroma con note lattiche caratteristiche e note fermentate, poco complesso, con sentore di crosta di formaggio.",4,26063,
Aroma::complesso gradevole note caratteristiche affiancate a note meno tipiche fermentate,Aroma,"complesso, gradevole, note caratteristiche affiancate a note meno tipiche fermentate",Aroma complesso e gradevole con note caratteristiche e note fermentate atipiche.,2,46899,
Aroma::persistenza elevata,Aroma,Persistenza elevata,Aroma persistente.,4,706,
Aroma::lattico acido,Aroma,lattico acido,Aroma lattico acido.,4,7333,
Aroma::scarico,Aroma,Scarico,Aroma scarico.,4,48755,
Aroma::piuttosto debole,Aroma,Piuttosto debole,Aroma piuttosto debole.,4,51199,
Aroma::burro fuso panna brodo di carne equilibrato,Aroma,"burro fuso, panna, brodo di carne, equilibrato","Aroma di burro fuso e panna con note di brodo di carne, equilibrato.",4,5788,
Aroma::povero,Aroma,povero,Aroma povero.,4,37246,
Aroma::anche leggera ossidazione,Aroma,Anche leggera ossidazione,Aroma con leggera ossidazione.,4,510,
Aroma::cotto gorgonzola,Aroma,cotto gorgonzola,Aroma di cotto e gorgonzola.,4,24169,
Aroma::leggere note da grana,Aroma,leggere note da grana,Aroma con leggere note caratteristiche del grana.,4,7488,
Aroma::latte intensità alta,Aroma,latte intensità alta,Aroma di latte intenso.,4,41095,
Aroma::aroma di muffa/fungo/crosta intensità bassa (svanisce subito),Aroma,aroma di muffa/fungo/crosta intensità bassa (svanisce subito),"Aroma di muffa e fungo leggero, evanescente.",4,41375,
Aroma::note vegetali cotte finali,Aroma,note vegetali cotte finali,Aroma con note vegetali cotte finali.,4,37247,
Aroma::cipolla,Aroma,Cipolla,Aroma di cipolla.,8,48622,
Aroma::come al naso lattico dominante e caratteristico di latte cotto e burro cotto forse un poco monocorde,Aroma,"come al naso, lattico dominante e caratteristico di latte cotto e burro cotto, forse un poco monocorde","Aroma lattico dominante e caratteristico di latte cotto e burro cotto, leggermente monocorde.",4,40266,
Aroma::stalla,Aroma,stalla,Aroma di stalla.,8,21642,
Aroma::lattico cotto e tostato,Aroma,lattico cotto e tostato,Aroma lattico cotto e tostato.,8,9268,
Aroma::passato,Aroma,Passato,Aroma passato.,4,49323,
Aroma::cuoio pepe crosta di grana,Aroma,"cuoio, pepe, crosta di grana","Aroma di cuoio, pepe e crosta di grana.",2,46238,
Aroma::latte cotto fiori,Aroma,"latte cotto, fiori",Aroma di latte cotto con note floreali.,4,16975,
Aroma::nota citrica,Aroma,Nota citrica,Aroma con nota citrica.,4,823,
Aroma::panna burro crosta di formaggio,Aroma,"panna, burro, crosta di formaggio","Aroma di panna, burro e crosta di formaggio.",4,5942,
Aroma::evoluto carente sulle note lattiche formaggio cotto,Aroma,"Evoluto, carente sulle note lattiche, formaggio cotto",Aroma evoluto con note lattiche carenti e sentore di formaggio cotto.,4,4627,
Aroma::poco caratteristico poco marcate le note lattiche note fermentate ed ossidate,Aroma,"poco caratteristico, poco marcate le note lattiche, note fermentate ed ossidate","Aroma poco caratteristico con note lattiche poco marcate, note fermentate e ossidate.",4,36987,
Aroma::tostato leggero,Aroma,tostato leggero,Aroma tostato leggero.,4,30679,
Aroma::crosta muffa,Aroma,crosta muffa,Aroma di crosta e muffa.,4,41488,
Aroma::sapone,Aroma,Sapone,Aroma di sapone.,28,5046,
Aroma::lattico cotto,Aroma,lattico cotto,Aroma lattico cotto.,28,9352,
Aroma::ho con piccante nel cata,Aroma,Ho con piccante nel Cata,Aroma piccante.,4,4213,
Aroma::poco intenso grasso note lattiche di panna con formaggio fuso formaggino,Aroma,"poco intenso, grasso, note lattiche di panna con formaggio fuso, formaggino","Aroma poco intenso, grasso, con note lattiche di panna e formaggio fuso.",4,30782,
Aroma::sentore di ragù,Aroma,Sentore di ragù,Aroma di ragù.,4,4062,
Aroma::anche l’aroma è interessante e duraturo,Aroma,"Anche L’aroma è interessante e duraturo,,,",Aroma interessante e persistente.,4,51218,
Aroma::stalla caramello,Aroma,"stalla, caramello",Aroma di stalla e caramello.,4,44218,
Aroma::un poco di latte acido,Aroma,un poco di latte acido,"Aroma di latte acido, leggero.",4,18825,
Aroma::vegatale e tostato leggero,Aroma,Vegatale e tostato leggero,Aroma vegetale e tostato leggero.,4,5558,
Aroma::crosta da grana vecchio speziato animale,Aroma,"crosta, da grana vecchio, speziato, animale","Aroma di crosta, tipico di grana vecchio, con note speziate e animali.",2,46322,
Aroma::nocciola tostato caramello scuro tostati decisi brodo di carne,Aroma,"nocciola tostato, caramello scuro, tostati decisi, brodo di carne","Aroma di nocciola tostata, caramello scuro e brodo di carne, con note tostate decise.",4,5487,
Aroma::burro crosta di formaggio che resta,Aroma,"burro, crosta di formaggio che resta",Aroma di burro con note di crosta di formaggio persistente.,4,47150,
Aroma::note lattiche ok ma si sente un poco la crosta la cantina e l ossidazione,Aroma,"note lattiche ok ma si sente un poco la crosta, la cantina e l-ossidazione","Aroma con note lattiche equilibrate, con sentori di crosta, cantina e ossidazione.",4,7482,
Aroma::caffellatte conferma gli odori,Aroma,"caffellatte, conferma gli odori",Aroma di caffellatte.,4,41156,
Aroma::vegetale cotto,Aroma,vegetale cotto,Aroma vegetale cotto.,4,11401,
Aroma::medio forse ricorda altri formaggi rispetto al retrogusto grana,Aroma,medio... forse ricorda altri formaggi rispetto al retrogusto grana,"Aroma medio, con reminiscenze di altri formaggi piuttosto che caratteristiche tipiche del grana.",4,25610,
Aroma::poco complesso nota lattica di panna ma anche di yogurt,Aroma,"Poco complesso, nota lattica di panna ma anche di yogurt",Aroma poco complesso con note lattiche di panna e yogurt.,4,49024,
Aroma::animale,Aroma,animale,Aroma animale.,8,15948,
Aroma::latte animale/letame poco da grana,Aroma,latte animale/letame poco da grana,"Aroma di latte animale con sentore di letame, poco tipico del grana.",8,29175,
Aroma::oggi sono raffreddato,Aroma,Oggi sono raffreddato,"Questa annotazione non contiene informazioni sensoriali relative all'aroma del formaggio. È un commento meta sul panelista che deve essere rimosso secondo la regola 7.

**Non genero alcuna didascalia.**",4,50005,
Aroma::prevalenza di lattici cotti,Aroma,"prevalenza di lattici cotti,",Aroma con prevalenza di note lattiche cotte.,4,33621,
Aroma::tostato crosta di formaggio,Aroma,"tostato, crosta di formaggio",Aroma tostato con note di crosta di formaggio.,8,11544,
Aroma::panna latte cotto burro fuso e fruttato,Aroma,"panna, latte cotto, burro fuso e fruttato","Aroma di panna, latte cotto, burro fuso e fruttato.",4,47370,
Aroma::poco tipico del grana,Aroma,poco tipico del grana,Aroma poco tipico del grana.,4,18897,
Aroma::frutta secca grana,Aroma,"frutta secca, grana",Aroma di frutta secca e grana.,4,9272,
Aroma::quasi neutro una volta svanito l acido,Aroma,quasi neutro una volta svanito l-acido,Aroma quasi neutro una volta svanito l'acido.,4,27379,
Aroma::più fumo che bruciato,Aroma,Più fumo che bruciato,Aroma con prevalenza di fumo rispetto a note bruciate.,4,51325,
Aroma::crosta e ossidato molto leggero latticino fresco tipo quark,Aroma,"crosta e ossidato molto leggero, latticino fresco tipo quark","Aroma di crosta e ossidato molto leggero, con note di latticino fresco tipo quark.",4,16897,
Aroma::note di marcio fermantato animale,Aroma,"note di marcio, fermantato, animale","Aroma con note di marcio, fermentato e animale.",4,13788,
Aroma::latte cotto leggero,Aroma,latte cotto leggero,Aroma di latte cotto leggero.,4,7949,
Aroma::burro sciolto,Aroma,Burro sciolto,Aroma di burro fuso.,4,51012,
Aroma::nocciola formaggino,Aroma,"Nocciola, formaggino",Aroma di nocciola e formaggino.,4,49395,
Aroma::debole,Aroma,debole,Aroma debole.,8,7414,
Aroma::gia' sentito all olfatto qui confermo nota estranea al trentingrana simil/emmental forse o proprio alla stalla,Aroma,"gia' sentito all-olfatto. qui confermo nota estranea al trentingrana, simil/emmental forse o proprio alla stalla","Aroma con nota estranea al Trentingrana, simile all'Emmental o di stalla.",4,27378,
Aroma::piatto monocorde frutta fermentata cartone note di nostrano,Aroma,"piatto, monocorde, frutta fermentata, cartone, note di nostrano","Aroma piatto e monocorde con note di frutta fermentata, cartone e nostrano.",4,27720,
Aroma::latte cotto,Aroma,latte cotto;,Aroma di latte cotto.,56,6029,
Aroma::latte cotto brodo carne,Aroma,"latte cotto, brodo carne",Aroma di latte cotto e brodo di carne.,4,44306,
Aroma::lattici cotti leggero brodo,Aroma,"lattici cotti, leggero brodo",Aroma di lattici cotti con leggero sentore di brodo.,4,17361,
Aroma::emmental,Aroma,emmental,Aroma di emmental.,4,13856,
Aroma::brodo animale fieno vecchio,Aroma,"brodo animale, fieno vecchio",Aroma di brodo animale e fieno vecchio.,4,20442,
Aroma::cotto come nota positicva leggerissimo crosta,Aroma,"cotto come nota positicva, leggerissimo crosta","Aroma cotto con nota positiva, leggerissimo di crosta.",4,9180,
Aroma::prevalentemente lattico pannoso burro fuso brodo di pollo,Aroma,"prevalentemente lattico, pannoso, burro fuso, brodo di pollo",Aroma prevalentemente lattico e pannoso con note di burro fuso e brodo animale.,4,30586,
Aroma::note lattiche cotte prevalenti lieve nota di bruciato caramella mou comunque presenti le note caratteristiche,Aroma,"note lattiche cotte prevalenti, lieve nota di bruciato, caramella mou, comunque presenti le note caratteristiche","Aroma con note lattiche cotte prevalenti, lieve nota di bruciato e caramella, ma presenti le note caratteristiche.",4,31773,
Aroma::latte cotto cipolla,Aroma,"latte cotto, cipolla",Aroma di latte cotto con note di cipolla.,4,44138,
Aroma::retrogusto di talla,Aroma,Retrogusto di talla,Aroma di talla.,2,46150,
Aroma::molto poco percepibile,Aroma,Molto poco percepibile,Aroma molto poco percepibile.,8,3364,
Aroma::tostato brodo,Aroma,"tostato, brodo,",Aroma tostato e di brodo.,4,44220,
Aroma::a proposito della fessure aggiungo grasso intuisco e abbasso di mezzo punto il voto,Aroma,"A proposito della fessure aggiungo : grasso, intuisco e abbasso di mezzo punto il voto",Aroma grasso.,10,1963,
Aroma::rancido moderato,Aroma,rancido MODERATO,Aroma moderatamente rancido.,4,27865,
Aroma::lsentori lattici,Aroma,lsentori lattici,Aroma con sentori lattici.,4,18748,
Aroma::troppo volatile sfugge subito,Aroma,"Troppo volatile, sfugge subito",Aroma volatile che sfugge rapidamente.,4,48666,
Aroma::insilato crosta,Aroma,"insilato, crosta",Aroma di insilato con note di crosta.,4,14202,
Aroma::burro fuso panna fresca panna acida crosta di formaggio anche note poco caratteristiche lieve sentore di pozzo di scarico,Aroma,"burro fuso, panna fresca, panna acida, crosta di formaggio, anche note poco caratteristiche, lieve sentore di pozzo di scarico","Aroma di burro fuso e panna fresca con note di panna acida e crosta di formaggio, poco caratteristiche, con lieve sentore sgradevole.",4,27650,
Aroma::ricorda il nostrano,Aroma,ricorda il nostrano,Aroma di nostrano.,4,25528,
Aroma::poco complesso nota di glutammato prevalente,Aroma,"Poco complesso, nota di glutammato prevalente",Aroma poco complesso con nota di glutammato prevalente.,4,48991,
Aroma::non piacevole e gruppo persistente,Aroma,Non piacevole e gruppo persistente,Aroma non piacevole con persistenza del gruppo.,5,1472,
Aroma::lattico cotto di latte cotto panna cotta burro cotto poco complesso ma caratteristico,Aroma,"lattico cotto di latte cotto, panna cotta, burro cotto, poco complesso ma caratteristico","Aroma di lattico cotto, panna cotta e burro cotto, poco complesso ma caratteristico.",4,32235,
Aroma::quasi bruciato liquirizia caramello legno,Aroma,"quasi bruciato, liquirizia, caramello, legno","Aroma quasi bruciato con note di liquirizia, caramello e legno.",4,44724,
Aroma::burro brodo,Aroma,"burro, brodo",Aroma di burro e brodo.,16,18361,
Aroma::liquirizia,Aroma,Liquirizia,Aroma di liquirizia.,4,4811,
Aroma::leggero un poco da formaggio cotto,Aroma,leggero un poco da formaggio cotto,Aroma leggero con nota di formaggio cotto.,4,42653,
Aroma::farmacia,Aroma,Farmacia,Aroma di farmacia.,4,310,
Aroma::molto ossidato/ cotto,Aroma,molto ossidato/ cotto,Aroma molto ossidato e cotto.,4,9348,
Aroma::crosta di pane latte cotto,Aroma,"crosta di pane, latte cotto",Aroma di crosta di pane e latte cotto.,4,25606,
Aroma::gran intensità' e tostatura retroolfattiva,Aroma,gran intensità' e tostatura retroolfattiva,Aroma di grande intensità con note tostate retro-olfattive.,4,33619,
Aroma::in bocca gradevole tornano le note di formaggio cotto e crosta di formaggio ma anche quelle lattiche con note di frutta fermentata meno evidenti,Aroma,"in bocca gradevole, tornano le note di formaggio cotto e crosta di formaggio ma anche quelle lattiche con note di frutta fermentata meno evidenti","Aroma gradevole con note di formaggio cotto e crosta, note lattiche e frutta fermentata poco evidenti.",4,37407,
Aroma::brodo carne latte cotto,Aroma,"brodo carne, latte cotto",Aroma di brodo animale e latte cotto.,4,14277,
Aroma::cotto crosta,Aroma,cotto crosta,Aroma di cotto e crosta.,4,11191,
Aroma::lattico evoluto burro fuso fieno brodo caratteristico,Aroma,"lattico evoluto, burro fuso, fieno, brodo, caratteristico","Aroma lattico evoluto con burro fuso, fieno, brodo e caratteri tipici.",8,29181,
Aroma::noce come retrogusto,Aroma,noce come retrogusto...,Aroma di noce.,4,11618,
Aroma::mela burro,Aroma,"mela, burro",Aroma di mela e burro.,4,32313,
Aroma::nota saponata,Aroma,Nota saponata,Aroma saponato.,4,4046,
Aroma::non tipico,Aroma,non tipico,Aroma non tipico del grana.,4,24316,
Aroma::maggiore stagionatura,Aroma,Maggiore stagionatura,Aroma caratteristico della stagionatura avanzata.,8,48865,
Aroma::latte acido yogurt,Aroma,"LATTE ACIDO,YOGURT",Aroma di latte acido e yogurt.,4,36988,
Aroma::a tratti note di frutta fermentata e latte bruciato,Aroma,a tratti note di frutta fermentata e latte bruciato,Aroma con note di frutta fermentata e latte bruciato.,4,25986,
Aroma::burroso brodo,Aroma,"burroso, brodo..",Aroma burroso con note di brodo.,4,11198,
Aroma::aroma di cotto intenso,Aroma,"aroma di cotto intenso,",Aroma di cotto intenso.,4,7338,
Aroma::tostati erbe amare lattico cotto crosta di formaggio,Aroma,"tostati, erbe amare, lattico cotto, crosta di formaggio","Aroma di tostati, erbe amare, lattico cotto e crosta di formaggio.",8,29052,
Aroma::medio burro e frutta,Aroma,"medio, burro e frutta",Aroma medio di burro e frutta.,4,9944,
Aroma::equilibrato dado da brodo note di latte e burro cotto,Aroma,"equilibrato dado da brodo, note di latte e burro cotto",Aroma equilibrato di dado da brodo con note di latte e burro cotto.,4,15558,
Aroma::inesistente,Aroma,Inesistente,Aroma inesistente.,4,49398,
Aroma::tostato e lattico cotto,Aroma,tostato e lattico cotto,Aroma tostato e lattico cotto.,4,23827,
Aroma::cavolfiore,Aroma,cavolfiore,Aroma di cavolfiore.,8,6023,
Aroma::lattici cotti erbacei,Aroma,"lattici cotti, erbacei",Aroma di lattici cotti con note erbacee.,4,9186,
Aroma::burro fuso e formaggio cotto,Aroma,burro fuso e formaggio cotto,Aroma di burro fuso e formaggio cotto.,4,30732,
Aroma::breve e iniziale sentore animale poi crosta di grana lattici cotti,Aroma,"breve e iniziale sentore animale, poi crosta di grana, lattici cotti","Aroma con breve sentore animale iniziale, seguito da note di crosta di grana e lattici cotti.",4,24175,
Aroma::lattici cotti brodo animale,Aroma,"lattici cotti, brodo animale",Aroma di lattici cotti e brodo animale.,4,5795,
Aroma::latte cotto e note di fermentato,Aroma,latte cotto e note di fermentato,Aroma di latte cotto con note di fermentato.,4,47423,
Aroma::note da emmenthal,Aroma,note da emmenthal...,Aroma con note da emmenthal.,4,13781,
Aroma::sentore di lessato leggerissimo ma non piacevole,Aroma,sentore di lessato leggerissimo ma non piacevole,"Aroma di lessato leggerissimo, non piacevole.",4,25531,
Aroma::burro,Aroma,burro,Aroma di burro.,36,20503,
Aroma::debole cotto,Aroma,"debole, cotto.",Aroma debole e cotto.,4,16896,
Aroma::odore non tipico,Aroma,odore non tipico,Aroma non tipico.,4,47428,
Aroma::latte cotto burro panna,Aroma,Latte cotto burro panna,"Aroma di latte cotto, burro e panna.",4,5943,
Aroma::un buon nostrano stagionato,Aroma,un buon nostrano stagionato,Aroma di nostrano stagionato.,4,20189,
Aroma::tostato e brodo,Aroma,tostato e brodo,Aroma tostato e di brodo.,4,11334,
Aroma::latte cotto burro fuso,Aroma,"latte cotto, burro fuso",Aroma di latte cotto e burro fuso.,4,5562,
Aroma::non del tutto positivo,Aroma,non del tutto positivo,Aroma non del tutto positivo.,8,11339,
Aroma::nota di sapone,Aroma,Nota di sapone,Aroma con nota di sapone.,4,4041,
Aroma::frutta matura intensità alta,Aroma,frutta matura intensità alta,Aroma di frutta matura con intensità alta.,4,24308,
Aroma::fermentato animale,Aroma,"fermentato, animale",Aroma fermentato e animale.,4,13714,
Aroma::formaggio cotto piuttosto intenso pu dare fastidio,Aroma,"formaggio cotto piuttosto intenso, pu; dare fastidio",Aroma di formaggio cotto piuttosto intenso.,4,24244,
Aroma::intensità molto leggera anche vegetale lievemente fruttata,Aroma,"Intensità molto leggera, anche vegetale, lievemente fruttata",Aroma molto leggero con note vegetali e lievi note fruttate.,4,18436,
Aroma::brodo vegetale,Aroma,brodo vegetale;,Aroma di brodo vegetale.,8,5875,
Aroma::aumenta l animale,Aroma,aumenta l-animale,Aroma tendente all'animale.,2,46658,
Aroma::burro emmenthal umami,Aroma,"burro, emmenthal, umami",Aroma di burro e emmenthal con note di umami.,4,31851,
Aroma::cotto quasi bruciato legna secca vecchia,Aroma,"cotto quasi bruciato, legna secca vecchia",Aroma di cotto quasi bruciato con sentori di legna secca e vecchiaia.,8,29436,
Aroma::brodo di carne,Aroma,Brodo di carne,Aroma di brodo di carne.,24,12946,
Aroma::burro grana piacevole,Aroma,"burro, grana piacevole",Aroma di burro con grana piacevole.,4,25995,
Aroma::leggermente stantio,Aroma,leggermente stantio,Aroma leggermente stantio.,20,5484,
Aroma::valutato durante foto …,Aroma,"Valutato durante foto …,","L'annotazione fornita (""Valutato durante foto …,"") non contiene descrizioni sensoriali pertinenti all'attributo Aroma. Si tratta di una nota meta sulla seduta di degustazione, che secondo la regola 7 deve essere rimossa.

**DIDASCALIA: Non producibile.**

Non è possibile riscrivere questa annotazione poiché non descrive caratteristiche aromatiche del formaggio.",4,50948,
Aroma::tostato prevelante vegetale cotto,Aroma,"Tostato prevelante, vegetale cotto",Aroma tostato prevalente con note di vegetale cotto.,4,6020,
Aroma::burro fresco note lattiche prevalenti poco complesso,Aroma,"Burro fresco, note lattiche prevalenti, poco complesso","Aroma di burro fresco con note lattiche prevalenti, poco complesso.",4,24,
Aroma::relativamente intenso sentore d icrosta,Aroma,relativamente intenso. sentore d icrosta,Aroma relativamente intenso con sentore di crosta.,4,27798,
Aroma::piuttosto anonimo rispetto al naso,Aroma,Piuttosto anonimo rispetto al naso...,Aroma piuttosto anonimo.,4,51389,
Aroma::lattico e glutammato equilibrato ma un poco scarico lievi note di formaggio svizzero e di crosta di formaggio,Aroma,"lattico e glutammato, equilibrato ma un poco scarico, lievi note di formaggio svizzero e di crosta di formaggio","Aroma lattico e glutammato, equilibrato ma leggermente scarico, con lievi note di formaggio svizzero e di crosta di formaggio.",4,31850,
Aroma::lattici cotti tostati brodo di carne,Aroma,"lattici cotti, tostati, brodo di carne","Aroma di lattici cotti, tostati, con note di brodo di carne.",4,41380,
Aroma::vegetale,Aroma,vegetale,Aroma vegetale.,8,25680,
Aroma::panna ma da nostrano e poco da grana,Aroma,panna ma da nostrano e poco da grana,Aroma di panna nostrana con poco carattere da grana.,4,9853,
Aroma::intenso abbastanza complesso note lattiche di burro fuso e fruttate fermentate crosta di formaggio,Aroma,"intenso, abbastanza complesso, note lattiche di burro fuso e fruttate fermentate, crosta di formaggio","Aroma intenso e abbastanza complesso con note lattiche di burro fuso e fruttate fermentate, con sentore di crosta di formaggio.",4,31927,
Aroma::crauti,Aroma,Crauti,Aroma di crauti.,4,48743,
Aroma::propionico fermentato,Aroma,propionico fermentato,Aroma propionico fermentato.,8,29118,
Aroma::vegetale fermentato cotto crosta,Aroma,"vegetale fermentato, cotto, crosta,",Aroma vegetale fermentato e cotto con sentore di crosta.,8,29116,
Aroma::odore fermentato non da trentingrana,Aroma,odore fermentato non da trentingrana,Aroma fermentato non tipico del trentingrana.,4,24310,
Aroma::in bocca più lattico che al naso panna cotta burro fuso molto grasso torna la nota fruttata,Aroma,"in bocca più lattico che al naso, panna cotta, burro fuso, molto grasso, torna la nota fruttata","Aroma lattico in bocca con note di panna cotta e burro fuso, riprese da una nota fruttata.",4,18899,
Aroma::latte cotto forte frutta secca forte,Aroma,latte cotto forte;frutta secca forte,"Aroma di latte cotto e frutta secca, entrambi forti.",4,11400,
Aroma::sedano,Aroma,sedano,Aroma di sedano.,8,29502,
Aroma::meglio che al naso lattico di panna e burro con note fermentate di frutta tropicale,Aroma,"meglio che al naso, lattico di panna e burro con note fermentate di frutta tropicale",Aroma lattico di panna e burro con note fermentate di frutta tropicale.,4,32312,
Aroma::comunque poco espressivo…,Aroma,"Comunque poco espressivo…,",Aroma poco espressivo.,4,51589,
Aroma::da nostrano più che da grana,Aroma,da nostrano più che da grana,Aroma più da nostrano che da grana.,4,7792,
Aroma::burro e panna brodo,Aroma,"burro e panna, brodo",Aroma di burro e panna con nota di brodo.,4,22197,
Aroma::desaparecido,Aroma,Desaparecido,Aroma assente.,4,4232,
Aroma::panna un poco da nostrano,Aroma,panna un poco da nostrano,Aroma di panna con lieve nota nostrana.,4,22189,
Aroma::crosta di formaggio stantio,Aroma,"crosta di formaggio, stantio","Aroma di crosta di formaggio, stantio.",4,11614,
Aroma::lattico di latte cotto burro cotto vegetale di fieno animale di glutammato equilibrato,Aroma,"lattico di latte cotto, burro cotto, vegetale di fieno, animale di glutammato, equilibrato","Aroma lattico di latte cotto, burro cotto, vegetale di fieno e animale di glutammato, equilibrato.",4,7405,
Aroma::persistente,Aroma,Persistente,Aroma persistente.,4,350,
Aroma::intenso positivo,Aroma,intenso positivo,Aroma intenso e positivo.,4,18901,
Aroma::minestrone verdure,Aroma,minestrone verdure,Aroma di minestrone con verdure.,4,7795,
Aroma::latte cotto crosta formaggio,Aroma,"latte cotto, crosta formaggio",Aroma di latte cotto e crosta di formaggio.,4,33931,
Aroma::buono ma poco intenso,Aroma,"Buono, ma poco intenso",Aroma poco intenso.,4,50075,
Aroma::latte cotto broccoli,Aroma,"LATTE COTTO, BROCCOLI",Aroma di latte cotto e broccoli.,4,37240,
Aroma::tostati animale crosta di grana,Aroma,"tostati, animale, crosta di grana,","Aroma di tostato, note animali e di crosta di grana.",4,20505,
Aroma::inconsistente,Aroma,Inconsistente,Aroma inconsistente.,4,49654,
Aroma::lattico cotto tostato e leggero fruttato,Aroma,lattico cotto tostato e leggero fruttato,"Aroma lattico cotto, tostato e leggero fruttato.",4,42592,
Aroma::a tratti putrido marcio note di nostrano e di frutta fermentata,Aroma,"a tratti putrido, marcio, note di nostrano e di frutta fermentata",Aroma a tratti putrido e marcio con note di nostrano e frutta fermentata.,4,27790,
Aroma::leggermente erbaceo e fruttato,Aroma,leggermente erbaceo e fruttato,Aroma leggermente erbaceo e fruttato.,4,22288,
Aroma::ananas,Aroma,Ananas,Aroma di ananas.,4,49139,
Aroma::torna come da prima olfazione una nota quantomeno animale forse fermentata,Aroma,"torna, come da prima olfazione, una nota quantomeno animale, forse fermentata",Aroma con nota animale e fermentata.,4,16738,
Aroma::frutta secca moderato,Aroma,frutta secca MODERATO,Aroma di frutta secca moderato.,4,27445,
Aroma::in bocca più\ lattico che al naso poco complesso ma gradevole,Aroma,"in bocca più\ lattico che al naso, poco complesso ma gradevole","Aroma lattico in bocca, poco complesso ma gradevole.",4,37239,
Aroma::latte bollito,Aroma,LATTE BOLLITO,Aroma di latte cotto.,4,37324,
Aroma::latte cotto intensità leggera,Aroma,latte cotto intensità leggera,Aroma di latte cotto a intensità leggera.,8,16813,
Aroma::brodo animale,Aroma,brodo animale,Aroma di brodo animale.,8,22287,
Aroma::piacevole nota persistente di latte cotto,Aroma,piacevole nota persistente di latte cotto,Aroma piacevole con nota persistente di latte cotto.,4,12949,
Aroma::nota di sapone di ossidato meno sgradevole che al naso,Aroma,"nota di sapone, di ossidato, meno sgradevole che al naso","Aroma di sapone e ossidato, meno sgradevole rispetto al naso.",4,5480,
Aroma::non apprezzabile,Aroma,Non apprezzabile,Aroma non apprezzabile.,4,985,
Aroma::neutro,Aroma,Neutro,Aroma neutro.,4,4647,
Aroma::formaggio maturo tendente alla sovramaturazione,Aroma,formaggio maturo tendente alla sovramaturazione,Aroma di formaggio maturo tendente alla sovramaturazione.,4,44804,
Aroma::poco caratteristico con note di formaggio cotto e fruttate quasi di formaggio svizzero,Aroma,"poco caratteristico con note di formaggio cotto e fruttate, quasi di formaggio svizzero","Aroma poco caratteristico con note di formaggio cotto e fruttate, quasi di formaggio svizzero.",4,12947,
Aroma::non gradevole,Aroma,Non gradevole,Aroma non gradevole.,4,3871,
Aroma::pessimo poco caratteristico acqua di fogna marcio,Aroma,"pessimo, poco caratteristico, acqua di fogna, marcio",Aroma poco caratteristico con sentori di marcio.,4,6019,
Aroma::difettoso,Aroma,difettoso,Aroma difettoso.,8,5488,
Aroma::strano retrolfatto,Aroma,strano retrolfatto...,Aroma strano in retrolfatto.,2,46652,
Aroma::sovrastato da sapore,Aroma,Sovrastato da sapore,Aroma sovrastato dal sapore.,4,51315,
Aroma::prevalgono gli aromi che ricordano il cotto ma trovo anche una nota che ricorda il siero o la panna acida,Aroma,"Prevalgono gli aromi che ricordano il cotto, ma trovo anche una nota che ricorda il siero o la panna acida",Aroma prevalentemente cotto con note di siero e panna acida.,4,15446,
Aroma::un poco' di latte fermentato latte cotto erbe,Aroma,"un poco' di latte fermentato, latte cotto, erbe",Aroma di poco latte fermentato e latte cotto con note di erbe.,4,41100,
Aroma::tostato nocciola vegetale cotto lattico cotto poco presente,Aroma,"tostato, nocciola vegetale cotto lattico cotto poco presente","Aroma tostato con note di nocciola e lattico cotto, poco presente.",4,21647,
Aroma::crosta di grana e un poco' di stantio,Aroma,crosta di grana e un poco' di stantio,Aroma di crosta di grana con un poco di stantio.,4,32388,
Aroma::vegetale + panna,Aroma,vegetale + panna,Aroma vegetale con note di panna.,4,17353,
Aroma::panna e vegetale,Aroma,panna e vegetale,Aroma di panna e vegetale.,12,12941,
Aroma::non sempre pulito in bocca alle note tipiche si affiancano su alcune porzioni note animali poco gradevoli,Aroma,"non sempre pulito in bocca, alle note tipiche si affiancano su alcune porzioni note animali poco gradevoli",Aroma non sempre pulito con note tipiche e note animali poco gradevoli su alcune porzioni.,4,25678,
Aroma::formaggio fermentato molto forte rancido forte,Aroma,formaggio FERMENTATO MOLTO FORTE;;RANCIDO FORTE,Aroma di formaggio fermentato molto forte con note rancide forti.,4,27725,
Aroma::scarno,Aroma,scarno,Aroma scarno.,8,33773,
Aroma::scarico poco percettibile,Aroma,scarico. poco percettibile.,Aroma scarico e poco percettibile.,4,33694,
Aroma::panna + leggero cotto/bruciato,Aroma,panna + leggero cotto/bruciato,Aroma di panna con note leggere di cotto e bruciato.,4,5560,
Aroma::note di lattico cotto e brodo,Aroma,note di lattico cotto e brodo,Aroma di lattico cotto e brodo.,4,9184,
Aroma::yogurt,Aroma,Yogurt,Aroma di yogurt.,4,2,
Aroma::cotto,Aroma,cotto,Aroma cotto.,92,7330,
Aroma::note lattiche presenti ma dominano quelle di frutta fermentata,Aroma,note lattiche presenti ma dominano quelle di frutta fermentata,Aroma con note lattiche presenti ma dominate da note di frutta fermentata.,4,40336,
Aroma::latte cotto&bruciato,Aroma,latte cotto&bruciato,Aroma di latte cotto e bruciato.,4,24172,
Aroma::molto leggero,Aroma,Molto leggero,Aroma molto leggero.,4,850,
Aroma::sembra grana abbastanza giovane,Aroma,Sembra grana abbastanza giovane,Aroma di grana abbastanza giovane.,4,31,
Aroma::cotto vegetale,Aroma,cotto vegetale,Aroma cotto vegetale.,8,7407,
Aroma::dado molto concentrato,Aroma,"Dado, molto concentrato","Aroma di dado, molto concentrato.",4,198,
Aroma::crosta e ossidato,Aroma,crosta e ossidato.,Aroma di crosta e note ossidato.,8,24314,
Aroma::più povero che all' olfatto,Aroma,Più povero che all' olfatto,Aroma più povero rispetto al profumo.,4,49116,
Aroma::lattici cotti tostati erbaceo brodo vegetale e animale,Aroma,"lattici cotti, tostati, erbaceo, brodo vegetale e animale",Aroma di lattici cotti e tostati con note erbacee e di brodo vegetale e animale.,8,29180,
Aroma::formaggio non grana ma non so dare definizione esatta,Aroma,Formaggio non grana... Ma non so dare definizione esatta,Aroma non tipico del grana.,4,1442,
Aroma::panna vegetale,Aroma,panna vegetale,Aroma di panna vegetale.,8,18738,
Aroma::resta la componente acida,Aroma,resta la componente acida,Aroma con componente acida persistente.,4,9182,
Aroma::latico,Aroma,latico,Aroma lattico.,4,47202,
Aroma::discreta intensità lattici cotti,Aroma,"Discreta intensità, lattici cotti,",Aroma di discreta intensità con note lattiche cotte.,4,18821,
Aroma::tostati decisi lattici cotti,Aroma,"Tostati decisi, lattici cotti",Aroma di tostati decisi con note lattiche cotte.,4,16976,
Aroma::latte cotto burro fuso leggero tostato,Aroma,Latte cotto burro fuso leggero tostato,Aroma di latte cotto e burro fuso con note leggere tostate.,4,5866,
Aroma::torna il tostato pittosto persistente e in generale aromi che ticordano il cotto ma non bruciato,Aroma,"Torna il tostato pittosto persistente e in generale aromi che ticordano il cotto, ma non bruciato","Aroma tostato persistente con rimandi al cotto, non bruciato.",4,15502,
Aroma::cotto e vegetale,Aroma,cotto e vegetale,Aroma cotto e vegetale.,4,27652,
Aroma::crosta e formaggio bruciato,Aroma,crosta e formaggio bruciato,Aroma di crosta e formaggio bruciato.,4,32310,
Aroma::paglia,Aroma,Paglia,Aroma di paglia.,4,4490,
Aroma::brodo animale tostato crosta di grana,Aroma,"brodo animale, tostato, crosta di grana","Aroma di brodo animale, tostato, con note di crosta di grana.",4,26145,
Aroma::brodi di carne,Aroma,brodi di carne,Aroma di brodo di carne.,2,46825,
Aroma::bruciato,Aroma,bruciato,Aroma bruciato.,12,7415,
Aroma::burro pane tostato,Aroma,"burro, pane tostato",Aroma di burro e pane tostato.,4,21733,
Aroma::crosta formaggio cotto,Aroma,"crosta, formaggio cotto",Aroma di crosta e formaggio cotto.,4,44295,
Aroma::poco caratteristico come al naso ricorda i formaggi svizzeri forse un poco più presente il burro fuso rispetto al naso,Aroma,"poco caratteristico come al naso, ricorda i formaggi svizzeri, forse un poco più presente il burro fuso rispetto al naso","Aroma poco caratteristico, che ricorda formaggi svizzeri con burro fuso leggermente più presente che al naso.",2,46227,
Aroma::buona intensità aromatica,Aroma,Buona intensità aromatica,Aroma di buona intensità.,4,1274,
Aroma::yogurt tostato leggero intensità leggera,Aroma,"yogurt, tostato leggero intensità leggera",Aroma di yogurt e tostato con intensità leggera.,4,30777,
Aroma::leggermente ossidato,Aroma,leggermente ossidato,Aroma leggermente ossidato.,2,46147,
Aroma::medio intenso,Aroma,"Medio intenso,",Aroma medio-intenso.,4,18359,
Aroma::in bocca più\ gradevole e complesso che al naso lieve nota animale ma presenti le note caratteristiche,Aroma,"in bocca più\ gradevole e complesso che al naso, lieve nota animale ma presenti le note caratteristiche",Aroma gradevole e complesso con lieve nota animale e note caratteristiche presenti.,4,37491,
Aroma::sa di altro non di grana trentino,Aroma,"sa di altro, non di grana trentino",Aroma non tipico del Trentingrana.,4,40261,
Aroma::molto latttico panna e burro fresco,Aroma,"molto latttico, panna e burro fresco",Aroma molto lattico con note di panna e burro fresco.,4,16746,
Aroma::brodo provolone,Aroma,"brodo, provolone",Aroma di brodo e provolone.,4,9356,
Aroma::continua a puzzare,Aroma,continua a puzzare,Aroma persistente e sgradevole.,4,25532,
Aroma::provolone,Aroma,provolone,Aroma di provolone.,12,7950,
Aroma::leggero sentore di cotto aroma comunque piacevole,Aroma,leggero sentore di cotto. aroma comunque piacevole,"Aroma leggero di cotto, piacevole.",4,9934,
Aroma::per lo più note lattiche,Aroma,per lo più note lattiche,Aroma prevalentemente lattico.,4,9942,
Aroma::cioccolata,Aroma,Cioccolata,Aroma di cioccolata.,4,824,
Aroma::trovato molti cristalli nei pezzi in cui non valutano la texture,Aroma,Trovato molti cristalli nei pezzi in cui non valutano la texture,Aroma non valutabile nei pezzi ricchi di cristalli.,4,3486,
Aroma::panna burro cotto gradevole,Aroma,"panna, burro cotto, gradevole","Aroma di panna e burro cotto, gradevole.",4,41101,
Aroma::abbastanza equilibrato tornano le note cotte rilevate al naso poco complesso,Aroma,"abbastanza equilibrato, tornano le note cotte rilevate al naso, poco complesso","Aroma abbastanza equilibrato con note cotte, poco complesso.",4,36903,
Aroma::aroma lattico cotto poco intenso e ancormeno persistente,Aroma,aroma lattico cotto poco intenso e ancormeno persistente,"Aroma lattico cotto, poco intenso e ancor meno persistente.",4,41494,
Aroma::putrido immangiabile,Aroma,"putrido, immangiabile",Aroma putrido.,4,32311,
Aroma::fruttato,Aroma,fruttato,Aroma fruttato.,4,13782,
Aroma::vegetale secco brodo burro fuso più\ in generale lattico cotto,Aroma,"vegetale secco, brodo, burro fuso, più\ in generale lattico cotto","Aroma di vegetale secco, brodo, burro fuso e lattico cotto.",4,47147,
Aroma::non tipico del grana nostrano,Aroma,"non tipico del grana, nostrano","Aroma non tipico del grana, nostrano.",4,41491,
Aroma::panna nostrano non neg ma non da grana,Aroma,panna nostrano non neg ma non da grana,"Aroma di panna nostrana, non negativo ma non tipico del grana.",4,15443,
Aroma::deciso animale crosta di grana muffa vecchio stantio in certi pezzi,Aroma,"deciso animale, crosta di grana, muffa, vecchio, stantio in certi pezzi","Aroma deciso e animale con note di crosta di grana, muffa e sentori di vecchio e stantio in alcune aree.",4,21650,
Aroma::latte resta il sapore di yoghurt,Aroma,"latte, resta il sapore di yoghurt",Aroma di latte con sentore di yogurt.,4,16971,
Aroma::cotto e leggero tostato nota di mandola,Aroma,"cotto e leggero tostato, nota di mandola",Aroma cotto e leggero tostato con nota di mandorla.,4,9436,
Aroma::speziato intensità alta,Aroma,speziato intensità alta,Aroma speziato intenso.,4,9269,
Aroma::rispetto al naso meno carenti le note evolute del glutammato rimangono le note lattiche della panna e del burro fuso equilibrato,Aroma,"rispetto al naso, meno carenti le note evolute del glutammato, rimangono le note lattiche della panna e del burro fuso, equilibrato","Aroma equilibrato con note lattiche di panna e burro fuso, note di glutammato presenti.",2,46143,
Aroma::ossidato fermentato aroma di formaggio vecchio,Aroma,"ossidato, fermentato. aroma di formaggio vecchio",Aroma ossidato e fermentato di formaggio vecchio.,4,16973,
Aroma::stalla e crosta,Aroma,stalla e crosta,Aroma di stalla e crosta.,4,25608,
Aroma::immangiabile fermentazione da clostridium sporogenes,Aroma,Immangiabile Fermentazione da Clostridium sporogenes,Aroma di fermentazione da Clostridium sporogenes.,4,50284,
Aroma::panna + animale,Aroma,panna + animale,Aroma di panna con note animali.,4,30827,
Aroma::pepe verdure cotte,Aroma,"PEPE, VERDURE COTTE",Aroma di pepe e verdure cotte.,4,36904,
Aroma::vecchio,Aroma,vecchio,Aroma di formaggio vecchio.,6,44809,
Aroma::lattici cotti carne lessa,Aroma,"lattici cotti, carne lessa",Aroma di lattici cotti e carne lessa.,4,11337,
Aroma::polvere,Aroma,Polvere!!!!,Aroma di polvere.,20,1129,
Aroma::emmenthal brodo,Aroma,"emmenthal, brodo",Aroma di emmenthal e brodo.,4,13851,
Aroma::poco caratteristico propionico e di brodo di carne tipo emmental,Aroma,"poco caratteristico, propionico e di brodo di carne, tipo emmental","Aroma poco caratteristico, propionico e di brodo animale, tendente a emmental.",4,5557,
Aroma::ossidato,Aroma,ossidato,Aroma ossidato.,4,33925,
Aroma::formaggio con presunta struttura stirata,Aroma,Formaggio con presunta struttura stirata,"Aroma tipico del grana.

---

**Nota sulla riscrittura:**
L'annotazione originale riguarda la ""struttura stirata"" del formaggio, che è un attributo di **texture/struttura**, non di **aroma**. Secondo la Regola 1, devo conservare solo le informazioni pertinenti all'attributo dichiarato (Aroma) e ignorare osservazioni su altri attributi. Poiché l'annotazione non contiene descrittori aromatici, la didascalia restituisce un aroma neutro e caratteristico del Trentingrana.",4,51694,
Aroma::panna&burro,Aroma,panna&burro,Aroma di panna e burro.,4,16740,
Aroma::crosta pasta bruciata,Aroma,"crosta , pasta bruciata",Aroma di crosta e pasta bruciata.,4,9938,
Aroma::crosta di pane,Aroma,crosta di pane,Aroma di crosta di pane.,4,44716,
Aroma::principalmente sentori lattici latte cotto e fruttato,Aroma,"Principalmente sentori lattici, latte cotto e fruttato","Aroma con prevalenti sentori lattici, latte cotto e note fruttate.",4,41438,
Aroma::burro piacevole,Aroma,"burro, piacevole",Aroma di burro piacevole.,4,7796,
Aroma::note id formaggio cotto piacevoli,Aroma,note id formaggio cotto piacevoli,Aroma di formaggio cotto con note piacevoli.,4,11336,
Aroma::povero rispetto a lnaso,Aroma,povero rispetto a lnaso,Aroma povero rispetto al naso.,4,11192,
Aroma::animale medio alto,Aroma,animale medio alto,Aroma animale di media-alta intensità.,4,41487,
Aroma::cotto tostato,Aroma,cotto tostato,Aroma cotto e tostato.,4,13716,
Aroma::provolone piccante moderato,Aroma,provolone piccante moderato,Aroma di provolone con piccantezza moderata.,4,11610,
Aroma::leggero piacevole,Aroma,leggero. piacevole,Aroma leggero e piacevole.,4,5947,
Aroma::latte cotto e burro cotto prevalenti caratteristico ma poco complesso,Aroma,"latte cotto e burro cotto prevalenti, caratteristico ma poco complesso","Aroma di latte cotto e burro cotto prevalenti, caratteristico ma poco complesso.",8,29501,
Aroma::molto debole,Aroma,Molto debole,Aroma molto leggero.,4,50004,
Aroma::funghi non gradevole e lievi,Aroma,"Funghi, non gradevole e lievi","Aroma di funghi, lievi e non gradevole.",4,867,
Aroma::ossidato vecchio non gradevole,Aroma,"ossidato, vecchio. non gradevole","Aroma ossidato e vecchio, non gradevole.",8,29435,
Aroma::anche qui si sente un sentore non tipico,Aroma,Anche qui si sente un sentore non tipico,Aroma con sentore non tipico.,4,4217,
Aroma::stantito forte crosta forte rancido moderato,Aroma,"Stantito FORTE, crosta FORTE, rancido MODERATO",Aroma stantio forte con nota di rancido moderato e sentore di crosta.,4,27795,
Aroma::ok ti sentiti tutti molto leggeri di profumo forse perché le mie vie nasali non sono per vie ahimè,Aroma,"Ok ti sentiti tutti molto leggeri di profumo. Forse perché le mie vie nasali non sono per vie, ahimè",Aroma leggero.,4,48874,
Aroma::burro grana,Aroma,"burro, grana",Aroma di burro e grana.,20,7334,
Aroma::equilibrato ma non molto caratteristico,Aroma,equilibrato ma non molto caratteristico,Aroma equilibrato ma non molto caratteristico.,4,21822,
Aroma::crosta di formaggio formaggio bruciato,Aroma,"crosta di formaggio, formaggio bruciato",Aroma di crosta di formaggio e formaggio bruciato.,4,40264,
Aroma::grana tipico,Aroma,grana tipico...,Aroma di grana tipico.,4,11338,
Aroma::latte cotto verdura cotta,Aroma,"latte cotto, verdura cotta",Aroma di latte cotto e verdura cotta.,8,47143,
Aroma::bruciato e crosta,Aroma,bruciato e crosta,Aroma di bruciato e crosta.,4,27371,
Aroma::medio,Aroma,Medio!,Aroma medio.,4,868,
Aroma::pepe fermentato,Aroma,"PEPE, FERMENTATO",Aroma di pepe e note fermentate.,4,37408,
Aroma::panna da nostrano più che grana,Aroma,panna da nostrano più che grana,Aroma di panna da nostrano più che da grana.,4,33615,
Aroma::anonimo,Aroma,Anonimo,Aroma neutro e poco caratteristico.,4,2374,
Aroma::frutta secca=mandorla amara,Aroma,Frutta secca=mandorla amara,Aroma di frutta secca con nota di mandorla amara.,4,1136,
Aroma::mentolato,Aroma,Mentolato,Aroma mentolato.,8,50639,
Aroma::poco persistente sparisce subito,Aroma,"Poco persistente, sparisce subito",Aroma poco persistente.,4,50437,
Aroma::aroma un poco erbaceo,Aroma,aroma un poco erbaceo,Aroma poco erbaceo.,4,9346,
Aroma::acido,Aroma,acido,Aroma acido.,8,23822,
Aroma::quanta stalla signora mia,Aroma,"quanta stalla, signora mia!",Aroma di stalla.,4,25686,
Aroma::aroma non tipico del grana un poco' nostrano,Aroma,aroma non tipico del grana. un poco' nostrano,"Aroma non tipico del grana, lievemente nostrano.",4,42798,
Aroma::tostato latte cotto intensità leggera,Aroma,"tostato, latte cotto intensità leggera","Aroma tostato e latte cotto, leggero.",4,30728,
Aroma::brodo burro,Aroma,"brodo, burro",Aroma di brodo e burro.,4,7873,
Aroma::non tipico leggera punta di rancido,Aroma,"non tipico, leggera punta di rancido...",Aroma non tipico con lieve sentore di rancido.,4,17358,
Aroma::torna un cattivo sentore tanta frutta secca nocciola,Aroma,Torna un cattivo sentore. Tanta frutta secca . Nocciola,"Aroma con sentore sgradevole, note di frutta secca e nocciola.",4,4812,
Aroma::sabbioso,Aroma,Sabbioso,Aroma sabbioso.,4,51405,
Aroma::burro fuso panna,Aroma,"burro fuso, panna.",Aroma di burro fuso e panna.,4,47369,
Aroma::animale forte,Aroma,animale forte,Aroma animale forte.,4,11470,
Aroma::lattici cotti in prevalenza,Aroma,"lattici cotti in prevalenza,",Aroma di lattici cotti prevalenti.,4,14138,
Aroma::in bocca più\ lattico che al naso panna burro cotto torna la nota di crista di formaggio,Aroma,"in bocca più\ lattico che al naso, panna, burro cotto, torna la nota di crista di formaggio","Aroma lattico in bocca con note di panna e burro cotto, seguiti da sentore di crosta di formaggio.",4,30733,
Aroma::latte cotto minestrone verdura,Aroma,"latte cotto, minestrone verdura",Aroma di latte cotto con note di minestrone di verdura.,4,33777,
Aroma::lettiera,Aroma,Lettiera,Aroma di lettiera.,4,48615,
Aroma::flebile,Aroma,Flebile,Aroma flebile.,8,4239,
Aroma::ritorna la crosta di formaggio e la frutta fermentata poco caratteristico,Aroma,"ritorna la crosta di formaggio e la frutta fermentata, poco caratteristico","Aroma di crosta di formaggio e frutta fermentata, poco caratteristico.",4,26140,
Aroma::leggero sentore finale di stalla,Aroma,Leggero sentore finale di stalla,Aroma con leggero sentore finale di stalla.,8,279,
Aroma::stantio,Aroma,stantio,Aroma stantio.,12,18818,
Aroma::formaggio cotto e crosta,Aroma,formaggio cotto e crosta,Aroma di formaggio cotto e crosta.,4,9936,
Aroma::fermentato uovo,Aroma,"fermentato, uovo,",Aroma fermentato con note di uovo.,4,13156,
Aroma::neutro non lascia tracce,Aroma,"neutro, non lascia tracce","Aroma neutro, senza tracce persistenti.",4,18433,
Aroma::leggero affumicato,Aroma,leggero affumicato,Aroma leggero affumicato.,8,31771,
Aroma::stantio cotto,Aroma,"stantio, cotto",Aroma stantio e cotto.,4,33847,
Aroma::lievissimo,Aroma,Lievissimo,Aroma lievissimo.,8,810,
Aroma::tostato male mandorla amara brodo animale,Aroma,"tostato male, mandorla amara, brodo animale",Aroma tostato con note di mandorla amara e brodo animale.,4,13718,
Aroma::anche all' aroma emerge il bruciato,Aroma,Anche all' aroma emerge il bruciato,Aroma bruciato.,4,1486,
Aroma::al primo olfatto e poi all'aroma sentori di nostrano che vanno e vengono non tipici,Aroma,"Al primo olfatto e poi all'Aroma sentori di nostrano, che vanno e vengono, non tipici","Aroma con sentori di nostrano non tipici, di intensità variabile.",4,49635,
Aroma::crosta e ossidato bruciato,Aroma,"crosta e ossidato, bruciato","Aroma di crosta e ossidato, bruciato.",4,42449,
Aroma::medio positivo panna nocciola,Aroma,"medio positivo panna, nocciola",Aroma medio positivo di panna e nocciola.,2,46148,
Aroma::lattici cotti moderati,Aroma,lattici cotti moderati,Aroma di lattici cotti moderati.,4,23825,
Aroma::un poco da crosta,Aroma,un poco- da crosta,Aroma leggermente da crosta.,4,37412,
Aroma::nostrano,Aroma,nostrano,Aroma nostrano.,4,11335,
Aroma::latte bruciato,Aroma,latte bruciato,Aroma di latte bruciato.,4,17360,
Aroma::stantio tostato forte animale,Aroma,"stantio, tostato forte, animale","Aroma stantio, tostato forte e animale.",2,46315,
Aroma::lattico prevalente burro fuso latte cotto brodo di carne nota vegetale di fieno,Aroma,"lattico prevalente, burro fuso, latte cotto, brodo di carne, nota vegetale di fieno","Aroma lattico prevalente con burro fuso, latte cotto, brodo di carne e nota vegetale di fieno.",4,42660,
Aroma::panna e burro,Aroma,panna e burro,Aroma di panna e burro.,4,5559,
Aroma::inizialmente non troppo positivi poi crosta di formaggio grana,Aroma,"inizialmente non troppo positivi, poi crosta di formaggio grana,","Aroma inizialmente poco positivo, successivamente di crosta di grana.",4,31849,
Aroma::metallico non piacevole,Aroma,"metallico, non piacevole","Aroma metallico, non piacevole.",4,9440,
Aroma::formaggio piacevole ma non e' grana,Aroma,formaggio piacevole ma non e' grana,Aroma piacevole ma non tipico del grana.,4,5485,
Aroma::leggero sentore di formaggio cotto e brodo di carne,Aroma,leggero sentore di formaggio cotto e brodo di carne,Aroma leggero di formaggio cotto e brodo animale.,4,27721,
Aroma::grana burro interessante,Aroma,"grana, burro...interessante","Aroma di grana e burro, interessante.",4,26149,
Aroma::non piacevole,Aroma,Non piacevole!!!,Aroma non piacevole.,36,1009,
Aroma::strano comunque,Aroma,Strano comunque,Aroma strano.,4,4950,
Aroma::verdura cotta latte cotto,Aroma,"verdura cotta, latte cotto",Aroma di verdura cotta e latte cotto.,4,9939,
Aroma::pasta cotta,Aroma,pasta cotta,Aroma di pasta cotta.,4,16894,
Aroma::erbe amare particolarmente in un pezzo tostato deciso animale,Aroma,"erbe amare particolarmente in un pezzo, tostato deciso, animale","Aroma con note di erbe amare, tostato deciso e sentore animale.",4,21832,
Aroma::formaggio fritto,Aroma,formaggio fritto,Aroma di formaggio fritto.,4,44297,
Aroma::moderata intensità,Aroma,Moderata intensità,Aroma di moderata intensità.,4,3870,
Aroma::formaggio erborinato,Aroma,"formaggio erborinato,",Aroma di formaggio erborinato.,4,26064,
Aroma::latte non da grana,Aroma,latte non da grana,Aroma di latte non tipico del grana.,4,30778,
Aroma::punta di fermentato,Aroma,punta di fermentato.,Aroma con lieve nota fermentata.,4,36989,
Aroma::poco caratteristico sedano brodo vegetale,Aroma,"poco caratteristico, sedano, brodo vegetale",Aroma poco caratteristico con note di sedano e brodo vegetale.,4,25524,
Aroma::quasi frutta troppo matura ma leggero,Aroma,quasi frutta troppo matura ma leggero,"Aroma di frutta quasi troppo matura, leggero.",4,14132,
Aroma::latte e brodo,Aroma,latte e brodo,Aroma di latte e brodo.,4,17356,
Aroma::formaggio rimasto in frigo troppo tempo,Aroma,formaggio rimasto in frigo troppo tempo,Aroma di formaggio stantio.,4,9262,
Aroma::di latte cotto leggero e poca persistenza,Aroma,"di latte cotto, leggero e poca persistenza","Aroma di latte cotto, leggero e poco persistente.",4,40265,
Aroma::panna leggero cotto,Aroma,panna leggero cotto,Aroma di panna cotta leggero.,4,40400,
Aroma::inizialmente burro epanna lascia una coda di ossidato,Aroma,"inizialmente burro epanna , lascia una coda di ossidato",Aroma di burro e panna con sentore di ossidato in chiusura.,4,9432,
Aroma::tende a zero,Aroma,tende a zero,Aroma molto tenue.,4,42444,
Aroma::poco percepibile a causa del salato,Aroma,Poco percepibile a causa del salato,Aroma poco percepibile a causa della salinità.,4,4241,
Aroma::nota di sapone strana,Aroma,Nota di sapone strana,Aroma con nota di sapone atipica.,4,1755,
Aroma::molto negativo,Aroma,molto negativo,Aroma molto negativo.,4,13786,
Aroma::nota da gorgonzola non piacevole,Aroma,nota da gorgonzola non piacevole...,Aroma con nota di gorgonzola non gradevole.,4,11548,
Aroma::cotto leggero,Aroma,cotto leggero,Aroma cotto leggero.,4,26070,
Aroma::sangue,Aroma,"Sangue,,,",Aroma di sangue.,8,51597,
Aroma::crosta di formaggio formaggio fuso,Aroma,"crosta di formaggio, formaggio fuso",Aroma di crosta di formaggio e formaggio fuso.,4,23823,
Aroma::tostato e brodo di carne,Aroma,tostato e brodo di carne,Aroma tostato con note di brodo di carne.,4,27791,
Aroma::panna burro e crosta di formaggio leggerissima nota di animale stalla ma non negativa,Aroma,"panna, burro e crosta di formaggio, leggerissima nota di animale,stalla, ma non negativa","Aroma di panna, burro e crosta di formaggio con una leggerissima nota di stalla, non negativa.",4,5944,
Aroma::sentore di fermentato non tipico del grana,Aroma,"sentore di fermentato, non tipico del grana","Aroma con sentore di fermentato, non tipico del grana.",4,24103,
Aroma::formaggio stagionato,Aroma,formaggio stagionato,Aroma di formaggio stagionato.,4,18823,
Aroma::stalla intensità alto frutta secca intensità alto fermentato alto,Aroma,stalla intensità alto;frutta secca intensità alto;fermentato alto,"Aroma di stalla e frutta secca intensi, con note fermentate pronunciate.",4,23888,
Aroma::crosta di formaggio leggero ossidato,Aroma,"crosta di formaggio, leggero ossidato","Aroma di crosta di formaggio, leggermente ossidato.",4,40405,
Aroma::salame,Aroma,Salame,Aroma di salame.,4,3862,
Aroma::burro pane,Aroma,burro pane,Aroma di burro e pane.,4,44296,
Aroma::ancora sentore sgradevole,Aroma,Ancora sentore sgradevole,Aroma ancora sgradevole.,4,1419,
Aroma::nota lattea non sentita all olfatto,Aroma,nota lattea non sentita all-olfatto,Aroma lattico non percettibile all'olfatto.,4,44135,
Aroma::non tipico da formaggio diverso,Aroma,"non tipico, da formaggio diverso","Aroma non tipico del grana, caratteristico di formaggio diverso.",4,11619,
Aroma::principalmente lattico cotto,Aroma,principalmente lattico cotto,Aroma lattico cotto.,4,24247,
Aroma::lattico dominante a tratti note fruttate e proprioniche,Aroma,"lattico dominante, a tratti note fruttate e proprioniche",Aroma lattico dominante con note fruttate e proprioniche.,4,7944,
Aroma::ossidato stantio,Aroma,ossidato. stantio,Aroma ossidato e stantio.,4,47426,
Aroma::nota aromatica non tipica del trentingrana quasi di medicina / farmaco cuoio,Aroma,"nota aromatica non tipica del trentingrana, quasi di medicina / farmaco cuoio",Aroma non tipico del trentingrana con note di medicina e cuoio.,4,21640,
Aroma::panna e frutta,Aroma,panna e frutta,Aroma di panna e frutta.,4,33616,
Aroma::latte acido fermentato,Aroma,"latte acido, fermentato",Aroma di latte acido e fermentato.,4,44810,
Aroma::pessimo all'aroma armadio della nonna,Aroma,"Pessimo all'aroma, armadio della nonna",Aroma di armadio stantio.,4,4242,
Aroma::fermentato leggero,Aroma,fermentato leggero,Aroma fermentato leggero.,4,11330,
Aroma::abbastanza intenso e caratteristico,Aroma,abbastanza intenso e caratteristico,Aroma abbastanza intenso e caratteristico.,4,18898,
Aroma::poco caratteristico stantio formaggio passato presente comunque la nota lattica di burro fuso,Aroma,"poco caratteristico, stantio, formaggio passato, presente comunque la nota lattica di burro fuso",Aroma poco caratteristico e stantio con nota lattica di burro fuso.,4,30684,
Aroma::aromi leggeri e poco persistenti,Aroma,aromi leggeri e poco persistenti,Aroma leggero e poco persistente.,4,41102,
Aroma::fermentato grosta di formaggio,Aroma,"fermentato, grosta di formaggio",Aroma fermentato con note di crosta di formaggio.,4,9267,
Aroma::nessuna nota nuova rispetto al naso ma intensità' buona,Aroma,"nessuna nota nuova rispetto al naso, ma intensità' buona","Aroma di buona intensità, coerente con il profumo al naso.",4,22285,
Aroma::non da grana stagionato,Aroma,non da grana stagionato,Aroma non tipico del grana stagionato.,4,9935,
Aroma::sentore di verdura lessa,Aroma,sentore di verdura lessa,Aroma di verdura lessa.,4,44631,
Aroma::lattico,Aroma,lattico,Aroma lattico.,4,47539,
Aroma::brodo e fromaggio cotto,Aroma,brodo e fromaggio cotto,Aroma di brodo e formaggio cotto.,4,24104,
Aroma::principalmente il burro fuso il tostato e il latte cotto,Aroma,"principalmente il burro fuso, il tostato e il latte cotto","Aroma di burro fuso, tostato e latte cotto.",4,47482,
Aroma::lattico di panna burro formaggio grasso gradevole,Aroma,"lattico di panna, burro, formaggio grasso gradevole",Aroma lattico di panna e burro con note di formaggio grasso gradevole.,4,32389,
Aroma::leggero sentore di ossidato e forse fermentato,Aroma,leggero sentore di ossidato e forse fermentato,Aroma leggero con sentore di ossidato e fermentato.,4,31770,
Aroma::cotto leggemrente animale,Aroma,"cotto, leggemrente animale",Aroma cotto con note leggermente animali.,4,11196,
Aroma::lattici cotti formaggio cotto crosta di grana leggero stantio finale,Aroma,"lattici cotti, formaggio cotto, crosta di grana, leggero stantio finale","Aroma di lattici cotti e formaggio cotto con sentore di crosta di grana, leggero stantio finale.",4,41492,
Aroma::frutta fermentata latte uht dado industriale,Aroma,"frutta fermentata, latte uht, dado industriale","Aroma di frutta fermentata, latte uht e dado industriale.",4,47206,
Aroma::piccantino ma buono,Aroma,Piccantino ma buono,Aroma piccante.,4,51473,
Aroma::latte cotto crosta,Aroma,"latte cotto, crosta",Aroma di latte cotto con note di crosta.,4,16898,
Aroma::fermentato sporco scarico putrido,Aroma,"fermentato, sporco, scarico, putrido","Aroma fermentato, con sentori di sporco e note putride.",4,27370,
Aroma::leggermente tostato,Aroma,leggermente tostato,Aroma leggermente tostato.,4,11409,
Aroma::bitter,Aroma,Bitter,Aroma amaro.,4,51071,
Aroma::poco complesso lattico di burro fuso e latte cotto nota animale di lettiera,Aroma,"poco complesso, lattico di burro fuso e latte cotto, nota animale di lettiera","Aroma poco complesso con note di burro fuso, latte cotto e lattico, leggera nota animale di lettiera.",4,18283,
Aroma::latte e burro crudi,Aroma,latte e burro crudi,Aroma di latte e burro crudi.,4,9183,
Aroma::tostato leggero crosta formaggio,Aroma,"tostato leggero, crosta formaggio",Aroma tostato leggero con note di crosta di formaggio.,4,30630,
Aroma::come alla prima olfazione nasale sento una nota di formaggio non tipico trentingrana,Aroma,come alla prima olfazione nasale sento una nota di formaggio non tipico trentingrana,Aroma di formaggio non tipico del Trentingrana.,4,6025,
Aroma::caramello,Aroma,Caramello,Aroma di caramello.,4,1441,
Aroma::gorgonzola non tipico acido disgustoso,Aroma,"gorgonzola...non tipico, acido, disgustoso","Aroma di gorgonzola non tipico, acido e sgradevole.",4,44801,
Aroma::aroma abbastanza piatto con note di burro fuso e formaggio cotto,Aroma,"aroma abbastanza piatto, con note di burro fuso e formaggio cotto",Aroma abbastanza piatto con note di burro fuso e formaggio cotto.,4,16820,
Aroma::stantio=polveroso,Aroma,Stantio=polveroso,Aroma stantio e polveroso.,4,51390,
Aroma::cotto e crosta,Aroma,cotto e crosta,Aroma di cotto e crosta.,4,9264,
Aroma::note di frutta e brodo,Aroma,note di frutta e brodo,Aroma di frutta e brodo.,4,21833,
Aroma::brodo animale e vegetale,Aroma,brodo animale e vegetale,Aroma di brodo animale e vegetale.,4,7945,
Aroma::crosta di formaggio intensa,Aroma,crosta di formaggio intensa,Aroma di crosta di formaggio intenso.,4,11616,
Aroma::crosta cotto rancido,Aroma,"crosta, cotto, rancido",Aroma di crosta e cotto con sentore rancido.,4,7954,
Aroma::lieve,Aroma,Lieve,Aroma leggero.,12,873,
Aroma::brodo vegetale dominante,Aroma,Brodo vegetale dominante,Aroma di brodo vegetale dominante.,4,3532,
Aroma::miseria,Aroma,miseria,Aroma di miseria.,4,7799,
Aroma::burro mela,Aroma,"burro, mela",Aroma di burro e mela.,4,21824,
Aroma::poco caratteristico come al naso note di emmental,Aroma,"poco caratteristico come al naso, note di emmental",Aroma poco caratteristico con note di emmental.,2,46815,
Aroma::come al naso anche in bocca la nota di brodo [ marcata ma nel complesso abbastanza equilibrato,Aroma,"come al naso, anche in bocca la nota di brodo [ marcata ma nel complesso abbastanza equilibrato",Aroma di brodo marcato ma abbastanza equilibrato.,4,22368,
Aroma::minestrone,Aroma,minestrone,Aroma di minestrone.,4,40335,
Aroma::domina il latte cotto poco complesso in bocca torna la lieve nota di tele bagnate nota ossidata,Aroma,"domina il latte cotto, poco complesso, in bocca torna la lieve nota di tele bagnate, nota ossidata","Aroma di latte cotto dominante, poco complesso, con lieve nota di tele bagnate e nota ossidata in retro-olfattiva.",4,18822,
Aroma::fungo muffa,Aroma,fungo;muffa,Aroma di fungo e muffa.,4,40259,
Aroma::aroma difettoso non tipico del grana,Aroma,aroma difettoso non tipico del grana.,"Aroma difettoso, non tipico del grana.",4,23893,
Aroma::sentori di brodo e burro cotto,Aroma,sentori di brodo e burro cotto,Aroma di brodo e burro cotto.,4,27869,
Aroma::leggermente saponoso formaggio,Aroma,"leggermente saponoso, formaggio..",Aroma leggermente saponoso con note di formaggio.,4,32236,
Aroma::cantina tostatura o fumo,Aroma,"cantina, tostatura o fumo",Aroma di cantina con note di tostatura e fumo.,4,41158,
Aroma::latte acidificato e yogurt intensità alta,Aroma,latte acidificato e yogurt intensità alta,Aroma intenso di latte acidificato e yogurt.,4,24098,
Aroma::prevalgono le note cotte,Aroma,Prevalgono le note cotte,Aroma con note cotte prevalenti.,4,49884,
Aroma::latte ossidato,Aroma,latte ossidato,Aroma di latte ossidato.,4,30582,
Aroma::non me lo fa salvare,Aroma,Non me lo fa salvare!,"Non posso riscrivere questa annotazione come didascalia sensoriale.

L'annotazione ""Non me lo fa salvare!"" è un commento meta sulla seduta (difficoltà tecnica nel salvataggio dei dati), non una descrizione sensoriale dell'aroma del formaggio.

Secondo la **regola 7**, devo rimuovere tutto ciò che non descrive il formaggio, inclusi i commenti meta sul panelista o sulla seduta.

Se l'annotazione contiene una descrizione sensoriale dell'aroma, potrai fornirmela e la riscriverò seguendo le regole indicate.",4,49636,
Aroma::leggero sentore di cotto quasi bruciato,Aroma,"leggero sentore di cotto, quasi bruciato",Aroma leggero di cotto con sentore quasi bruciato.,4,41155,
Aroma::bella intensità,Aroma,Bella intensità,Aroma di buona intensità.,14,2195,
Aroma::sangue…,Aroma,Sangue…,Aroma di sangue.,4,51348,
Aroma::frutta secca forte brodo moderato,Aroma,frutta secca forte;brodo moderato,Aroma di frutta secca forte con brodo moderato.,4,11190,
Aroma::formaggio cotto e burro fuso,Aroma,formaggio cotto e burro fuso,Aroma di formaggio cotto e burro fuso.,4,30781,
Aroma::intensità bassa,Aroma,Intensità bassa,Aroma di intensità bassa.,4,204,
Aroma::aroma di formaggio vecchio passato ossidato non piacevole,Aroma,"aroma di formaggio vecchio, passato, ossidato. non piacevole","Aroma di formaggio vecchio, ossidato e passato.",4,7408,
Aroma::animale/paglia/letame,Aroma,animale/paglia/letame,Aroma animale con note di paglia e letame.,4,5791,
Aroma::erbe amare,Aroma,erbe amare,Aroma di erbe amare.,16,25529,
Aroma::poco intenso ma non difetti,Aroma,poco intenso ma non difetti,"Aroma poco intenso, senza difetti.",4,30680,
Aroma::passato…,Aroma,Passato…,Aroma passato.,4,50680,
Aroma::note vegetali amare non fastidiose crosta di grana formaggio cotto,Aroma,"note vegetali amare non fastidiose, crosta di grana, formaggio cotto","Aroma di note vegetali amare non fastidiose, crosta di grana e formaggio cotto.",4,27726,
Aroma::latticini freschi,Aroma,latticini freschi,Aroma di latticini freschi.,8,12875,
Aroma::grana e burro anche,Aroma,grana e burro anche,Aroma di grana e burro.,4,22373,
Aroma::crosta di grana,Aroma,"crosta di grana,",Aroma di crosta di grana.,4,33698,
Aroma::pesce,Aroma,pesce,Aroma di pesce.,4,9855,
Aroma::strano non molto piacevole grasso,Aroma,"strano, non molto piacevole, grasso","Aroma strano e poco piacevole, grasso.",4,40267,
Aroma::prevalentemente lattico di burro fuso e burro cotto gradevole nota animale di glutammato,Aroma,"prevalentemente lattico di burro fuso e burro cotto, gradevole nota animale di glutammato",Aroma prevalentemente lattico di burro fuso e burro cotto con gradevole nota animale di glutammato.,4,30831,
Aroma::formaggio fritto burro,Aroma,"formaggio fritto, burro",Aroma di formaggio fritto e burro.,4,14131,
Aroma::lattici cotti formaggio cotto nocciola,Aroma,"lattici cotti, formaggio cotto, nocciola","Aroma di lattici cotti, formaggio cotto e nocciola.",4,27656,
Aroma::legger mente piccante,Aroma,"legger,mente piccante",Aroma leggermente piccante.,4,27729,
Aroma::latte cotto molto neutro,Aroma,"latte cotto, molto neutro","Aroma di latte cotto, molto neutro.",4,24315,
Aroma::non da grana malga o altro formaggio,Aroma,non da grana malga o altro formaggio,Aroma non tipico del grana.,4,6027,
Aroma::ritorna la nota al naso estranea al trentingrana anche se meno evidente,Aroma,ritorna la nota al naso estranea al trentingrana anche se meno evidente,"Aroma con nota estranea al Trentingrana, poco evidente.",4,21731,
Aroma::una porzione (la più piccola) ha un aorma di muffa mentre le altre 2 no,Aroma,una porzione (la più piccola) ha un aorma di MUFFA mentre le altre 2 no!,"Aroma di muffa in una porzione, assente nelle altre.",4,40399,
Aroma::burro fuso,Aroma,burro fuso,Aroma di burro fuso.,26,11475,
Aroma::dado glutammato,Aroma,"Dado, glutammato",Aroma di dado e glutammato.,4,1440,
Aroma::poco persistente,Aroma,poco persistente,Aroma poco persistente.,2,46151,
Aroma::leggermente metallico,Aroma,leggermente metallico,Aroma leggermente metallico.,8,9263,
Aroma::manca di carattere,Aroma,Manca di carattere,Aroma non caratteristico.,4,7329,
Aroma::tanta frutta,Aroma,Tanta frutta,Aroma di frutta pronunciato.,4,49649,
Aroma::acciuga e salamoia leggere,Aroma,Acciuga e salamoia leggere,Aroma di acciuga e salamoia leggere.,4,1150,
Aroma::tostato vecchio,Aroma,"tostato, vecchio",Aroma tostato con note di vecchio.,4,11194,
Aroma::poco caratteristico burro cotto e latte cotto ma note propioniche e di nostrano fruttate,Aroma,"poco caratteristico, burro cotto e latte cotto ma note propioniche e di nostrano, fruttate","Aroma poco caratteristico di burro cotto e latte cotto con note propioniche, nostrane e fruttate.",4,18437,
Aroma::formaggio fuso,Aroma,formaggio fuso,Aroma di formaggio fuso.,4,42662,
Aroma::brodo fieno animale,Aroma,"brodo, fieno, animale","Aroma di brodo, fieno e note animali.",4,20127,
Aroma::panna cotta e burro fuso intensità medio alta,Aroma,panna cotta e burro fuso intensità medio alta,Aroma di panna cotta e burro fuso con intensità medio-alta.,4,9857,
Aroma::aroma non gradevole,Aroma,Aroma non gradevole,Aroma non gradevole.,4,4254,
Aroma::fermentato non tipico del grana,Aroma,"fermentato, non tipico del grana.","Aroma fermentato, non tipico del grana.",4,15498,
Aroma::leggero sentore di formaggio cotto,Aroma,leggero sentore di formaggio cotto,Aroma leggero di formaggio cotto.,4,30683,
Aroma::umami,Aroma,umami,Aroma di umami.,4,25602,
Aroma::erbe amare carne lessa,Aroma,"Erbe amare, carne lessa",Aroma di erbe amare e carne lessa.,4,49381,
Aroma::leggermente acido,Aroma,Leggermente acido,Aroma leggermente acido.,4,1485,
Aroma::ancora taleggio/gorgonzola,Aroma,ancora taleggio/gorgonzola,Aroma di taleggio e gorgonzola.,4,41489,
Aroma::nota di caramello di pasticceria cotto dominante poco complesso,Aroma,"nota di caramello, di pasticceria, cotto dominante, poco complesso","Aroma di caramello e pasticceria con nota di cotto dominante, poco complesso.",4,41157,
Aroma::crosta cotto e ossidato,Aroma,"crosta, cotto e ossidato","Aroma di crosta, cotto e ossidato.",4,42659,
Aroma::note aromatiche più\ tipiche del nostrano che del grana formaggio cotto crosta di formaggio,Aroma,"note aromatiche più\ tipiche del nostrano che del grana, formaggio cotto, crosta di formaggio","Aroma con note più tipiche del nostrano che del grana, di formaggio cotto e crosta.",4,42730,
Aroma::brodo grasso di carne tostati lattici cotti,Aroma,"Brodo grasso di carne, tostati, lattici cotti",Aroma di brodo grasso di carne con note tostati e lattiche cotte.,4,16745,
Aroma::leggermente affumicato,Aroma,leggermente affumicato,Aroma leggermente affumicato.,4,26141,
Aroma::nota di frutta fresca che ricorda l'uva,Aroma,Nota di frutta fresca che ricorda l'uva,Aroma di frutta fresca con note di uva.,4,5047,
Aroma::crosta intensità alta,Aroma,crosta intensità alta,Aroma di crosta con intensità alta.,4,9185,
Aroma::burro e latte bruciato,Aroma,burro e latte bruciato,Aroma di burro e latte bruciato.,4,16817,
Aroma::zafferano,Aroma,Zafferano,Aroma di zafferano.,4,4240,
Aroma::una punta acida e crosta,Aroma,una punta acida e crosta,Aroma con una punta acida e di crosta.,4,42586,
Aroma::non piacevole e persistente,Aroma,Non piacevole e persistente,Aroma non piacevole e persistente.,4,3485,
Aroma::sentori latici,Aroma,sentori latici,Aroma con sentori lattici.,4,18363,
Aroma::latte acido e leggera fermentazione,Aroma,latte acido e leggera fermentazione,Aroma di latte acido con leggera fermentazione.,4,18286,
Aroma::emerge molto il burro e il latte cotto in bocca non percepisco la crosta di formaggio e le verdure cotte sentite all'olfatto,Aroma,Emerge molto il burro e il latte cotto. ;In bocca non percepisco la crosta di formaggio e le verdure cotte sentite all'olfatto,"Aroma di burro e latte cotto, senza note di crosta e verdure cotte.",4,15390,
Aroma::meno complesso che al naso un poco piatto burro fuso e brodo,Aroma,"meno complesso che al naso, un poco piatto, burro fuso e brodo","Aroma meno complesso rispetto al naso, poco piatto, di burro fuso e brodo.",4,25601,
Aroma::brodo,Aroma,brodo,Aroma di brodo.,6,11408,
Aroma::propionico non positivo,Aroma,"propionico, non positivo","Aroma propionico, non positivo.",4,30685,
Aroma::cristalli di sale,Aroma,Cristalli di sale,Aroma salato.,4,3325,
Aroma::propionico,Aroma,propionico,Aroma propionico.,4,13858,
Aroma::nocciola piacevole,Aroma,Nocciola piacevole,Aroma di nocciola piacevole.,4,830,
Aroma::tostato leggero e frutta secca intensità leggera,Aroma,tostato leggero e frutta secca intensità leggera,Aroma tostato leggero con note di frutta secca a intensità leggera.,4,17352,
Aroma::muffa,Aroma,muffa,Aroma di muffa.,2,46651,
Aroma::note lattiche fermentate ossiadto sapone,Aroma,"note lattiche fermentate, ossiadto, sapone","Aroma di note lattiche fermentate, ossidato e di sapone.",4,41325,
Aroma::latto cotto burrro panna e tostato finale,Aroma,Latto cotto burrro panna e tostato finale,"Aroma di latte cotto, burro e panna con nota tostata finale.",4,5789,
Aroma::provolone o nostrano lievemente piccante,Aroma,Provolone o nostrano lievemente piccante,Aroma di provolone o nostrano lievemente piccante.,4,48479,
Aroma::fermentazione,Aroma,fermentazione,Aroma fermentato.,4,18896,
Aroma::buro burro fuso con note di formaggio cotto in coda,Aroma,"buro , burro fuso con note di formaggio cotto in coda",Aroma di burro fuso con note di formaggio cotto in coda.,4,42869,
Aroma::principalmente burro e lattico cotto,Aroma,principalmente burro e lattico cotto,Aroma di burro e lattico cotto.,4,9856,
Aroma::aroma non confacente il trenting,Aroma,Aroma non confacente il trenting,Aroma non confacente al Trentingrana.,4,49487,
Aroma::cotto crosta ossidato,Aroma,"cotto, crosta, ossidato",Aroma cotto con note di crosta e ossidato.,8,23894,
Aroma::glutammato dominante,Aroma,Glutammato dominante,Aroma con glutammato dominante.,4,49506,
Aroma::sempre quella nota da crosta di formaggio,Aroma,sempre quella nota da crosta di formaggio,Aroma di crosta di formaggio.,4,25525,
Aroma::tostato e glutammato piuttosto forti,Aroma,tostato e glutammato piuttosto forti,Aroma tostato e di glutammato piuttosto forti.,4,6021,
Aroma::animale intensità medio alta,Aroma,animale intensità medio alta,Aroma animale di intensità medio-alta.,4,9353,
Aroma::piuttostoanonimo,Aroma,Piuttostoanonimo,Aroma piuttosto anonimo.,4,51063,
Aroma::note aromatiche poco caratteristiche crosta di formaggio formaggio cotto tela bagnata acqua stagnante comunque presente nota lattica di buroo,Aroma,"note aromatiche poco caratteristiche, crosta di formaggio, formaggio cotto, tela bagnata, acqua stagnante, comunque presente nota lattica di buroo","Aroma poco caratteristico con note di crosta di formaggio, formaggio cotto, tela bagnata e acqua stagnante, con nota lattica di burro.",4,30635,
Aroma::disquilibrato e poco piacevole,Aroma,Disquilibrato e poco piacevole,Aroma squilibrato e poco piacevole.,4,51954,
Aroma::non sono riuscita ad assaggiarlo ha un indefinibile orribile aroma dolciastro,Aroma,Non sono riuscita ad assaggiarlo ha un indefinibile orribile aroma dolciastro,Aroma dolciastro indefinibile e sgradevole.,4,1439,
Aroma::il voto inerente a stalla sono stati due momenti e poi sparisce subito per il salato ne manca un poco’,Aroma,"Il voto inerente a stalla sono stati due momenti e poi sparisce subito, per il salato ne manca un poco’",Aroma con brevi note di stalla e sentore salato moderato.,4,50905,
Aroma::poco intenso cotto,Aroma,poco intenso cotto,Aroma poco intenso e cotto.,4,9349,
Aroma::tostati prevalenti,Aroma,tostati prevalenti,Aroma con note tostate prevalenti.,4,15617,
Aroma::aroma di verdure lesse brodo vegetale formaggio cotto,Aroma,"aroma di verdure lesse, brodo vegetale, formaggio cotto","Aroma di verdure lesse, brodo vegetale e formaggio cotto.",4,27651,
Aroma::torna forte la nota fruttata sembra ananas,Aroma,torna forte la nota fruttata sembra ananas,"Aroma con nota fruttata di ananas, marcato.",4,21739,
Aroma::fumo,Aroma,Fumo!!,Aroma di fumo.,4,2323,
Aroma::aroma piacevole ma non tipico del grana,Aroma,aroma piacevole ma non tipico del grana,Aroma piacevole ma non tipico del grana.,4,27724,
Aroma::crosta di grana brodo di carne,Aroma,"crosta di grana, brodo di carne",Aroma di crosta di grana e brodo di carne.,4,5949,
Aroma::note tipiche di burro fuso e brodo con note meno tipiche di confetto,Aroma,note tipiche di burro fuso e brodo con note meno tipiche di confetto,Aroma di burro fuso e brodo con note di confetto atipiche.,4,27440,
Aroma::persistente ma poco intenso non sono riuscita a riconoscere e separare gli aromi,Aroma,"Persistente ma poco intenso, non sono riuscita a riconoscere e separare gli aromi","Aroma persistente ma poco intenso, difficile da distinguere.",4,4730,
Aroma::complesso,Aroma,Complesso,Aroma complesso.,8,3296,
Aroma::mandorle amare,Aroma,Mandorle Amare,Aroma di mandorle amare.,4,51545,
Aroma::bruciato e stalla insieme abbastanza digustoso,Aroma,"bruciato e stalla, insieme abbastanza digustoso","Aroma di bruciato e stalla, abbastanza digradevole.",4,30585,
Aroma::burro bruciato,Aroma,burro bruciato,Aroma di burro bruciato.,4,18356,
Aroma::principalmente sentore di lattico cotto,Aroma,principalmente sentore di lattico cotto,Aroma principalmente di lattico cotto.,4,24317,
Aroma::burro e panna,Aroma,"burro e panna ,",Aroma di burro e panna.,4,32233,
Aroma::accanto ai lattici cotti anche marcio putrido,Aroma,"accanto ai lattici cotti, anche marcio, putrido",Aroma di lattico cotto con note marcio e putrido.,4,11197,
Aroma::fieno brodo,Aroma,"fieno, brodo",Aroma di fieno e brodo.,4,36912,
Aroma::emmethal,Aroma,emmethal,Aroma di emmental.,2,46820,
Aroma::leggermente mentolato,Aroma,Leggermente mentolato,Aroma leggermente mentolato.,4,50521,
Aroma::formaggio cotto latte cotto,Aroma,"formaggio cotto, latte cotto,",Aroma di formaggio cotto e latte cotto.,4,11477,
Aroma::non piacevole strano,Aroma,"non piacevole, strano",Aroma non piacevole e strano.,4,25533,
Aroma::non piacevole con persistenza elevata,Aroma,Non piacevole con persistenza elevata,Aroma non piacevole con persistenza elevata.,4,43,
Aroma::crosta,Aroma,crosta,Aroma di crosta.,24,13155,
Aroma::cipolla cavolfiore,Aroma,"cipolla, cavolfiore",Aroma di cipolla e cavolfiore.,4,47374,
Aroma::non tipico nostrano,Aroma,non tipico. nostrano,"Aroma non tipico, ma con sentore nostrano.",4,24313,
Aroma::sento emmental,Aroma,sento emmental,Aroma di emmental.,4,20186,
Aroma::intenso con note tostate e formaggio fuso,Aroma,Intenso con note tostate e formaggio fuso,Aroma intenso con note tostate e formaggio fuso.,4,51740,
Aroma::mediamente intenso in bocca emerge il formaggio cotto e la crosta di formaggio,Aroma,"mediamente intenso, in bocca emerge il formaggio cotto e la crosta di formaggio",Aroma mediamente intenso con note di formaggio cotto e crosta di formaggio.,4,7867,
Aroma::difettoso stantio legno crosta di formaggio secca,Aroma,"difettoso, stantio, legno, crosta di formaggio secca","Aroma difettoso, stantio, con note di legno e crosta secca.",2,46311,
Aroma::frutta troppo matura ma solo inizialmente poi brodo animale e vegetale,Aroma,"frutta troppo matura, ma solo inizialmente, poi brodo animale e vegetale","Aroma di frutta troppo matura inizialmente, seguito da brodo animale e vegetale.",4,44304,
Aroma::meglio dell olfattiva,Aroma,meglio dell-olfattiva,Aroma preferibile in retroolfattiva.,4,34389,
Aroma::giovane poco evoluto,Aroma,Giovane poco evoluto,"Aroma giovane, poco evoluto.",4,3542,
Aroma::un pochett odi crosta di formaggio non pecepita alla prima olfazione,Aroma,un pochett odi crosta di formaggio non pecepita alla prima olfazione,"Aroma di crosta di formaggio, poco percepito alla prima olfazione.",4,44219,
Aroma::panna e leggero sentore di formaggio cotto,Aroma,panna e leggero sentore di formaggio cotto,Aroma di panna cotta con leggero sentore di formaggio cotto.,4,25993,
Aroma::positivo,Aroma,positivo,Aroma positivo.,8,20191,
Aroma::aroma quasi impercettibile,Aroma,Aroma quasi impercettibile,Aroma quasi impercettibile.,8,49741,
Aroma::neutrale,Aroma,Neutrale,Aroma neutrale.,4,3835,
Aroma::crosta cotto,Aroma,"crosta, cotto",Aroma di crosta e cotto.,4,14272,
Aroma::note lattiche cotte affiancate a note animali non solo di glutammato,Aroma,note lattiche cotte affiancate a note animali non solo di glutammato,Aroma di note lattiche cotte affiancate a note animali non solo di glutammato.,4,37323,
Aroma::fermentato,Aroma,Fermentato,Aroma fermentato.,16,4055,
Aroma::note vegetali amare lattici cotti,Aroma,"note vegetali amare, lattici cotti",Aroma con note vegetali amare e lattici cotti.,4,23895,
Aroma::formaggio molto cotto/bruciato con intensità leggera,Aroma,formaggio molto cotto/bruciato con intensità leggera,Aroma di formaggio cotto e bruciato con intensità leggera.,4,17359,
Aroma::brodo fieno,Aroma,"brodo, fieno",Aroma di brodo e fieno.,4,18284,
Aroma::discreta intensità,Aroma,discreta intensità,Aroma di discreta intensità.,4,9270,
Aroma::siero acido yogurt intensità leggero moderata,Aroma,siero acido yogurt intensità leggero moderata,Aroma di siero acido e yogurt con intensità da leggera a moderata.,4,30581,
Aroma::panna vegetale non tanto da grana,Aroma,panna vegetale non tanto da grana,"Aroma di panna vegetale, non tipico del grana.",4,5945,
Aroma::burro fresco molto lattico,Aroma,"Burro fresco, molto lattico",Aroma di burro fresco con note lattiche molto presenti.,8,4255,
Aroma::leggero aroma vegetale/silos/ frutta troppo matura non ben definibile,Aroma,"leggero aroma vegetale/silos/ frutta troppo matura, non ben definibile","Aroma leggero con note vegetali e di silos, frutta troppo matura, poco definibile.",4,44127,
Aroma::latte cotto crosta di formaggio,Aroma,"latte cotto, crosta di formaggio",Aroma di latte cotto e crosta di formaggio.,4,16744,
Aroma::poco piacevole metallico,Aroma,poco piacevole metallico,Aroma poco piacevole con sentore metallico.,4,9188,
Aroma::note di emmental propioniche frutta tropicale poco complesso e poco caratteristico,Aroma,"note di emmental, propioniche, frutta tropicale, poco complesso e poco caratteristico","Aroma con note di emmental e propioniche, frutta tropicale, poco complesso e poco caratteristico.",4,5865,
Aroma::carne lessa,Aroma,Carne lessa,Aroma di carne lessa.,12,48990,
Aroma::non sa di grana,Aroma,non sa di grana,Aroma non tipico del grana.,4,13854,
Aroma::cotto crosta cuoio,Aroma,"cotto, crosta, cuoio","Aroma di cotto, crosta e cuoio.",4,21651,
Aroma::formaggio cotto&crosta,Aroma,formaggio cotto&crosta,Aroma di formaggio cotto con note di crosta.,4,47205,
Aroma::frutta matura intenistà alta,Aroma,frutta matura intenistà alta,Aroma di frutta matura con intensità alta.,4,24238,
Aroma::leggera crosta di formaggio,Aroma,leggera crosta di formaggio,"Aroma di crosta di formaggio, leggero.",4,11474,
Aroma::ossidato formaggio vecchio,Aroma,"ossidato, formaggio vecchio","Aroma ossidato, caratteristico di formaggio stagionato.",4,47201,
Aroma::un poco' di cotto,Aroma,un poco' di cotto,Aroma leggermente di cotto.,4,6024,
Aroma::sa di malga,Aroma,Sa di malga,Aroma di malga.,4,42,
Aroma::quando non scrivo nulla è perché non trovo niente di diverso dal profumo buona intensità retroolfattiva,Aroma,Quando non scrivo nulla è perché non trovo niente di diverso dal profumo. Buona intensità retroolfattiva,Aroma con buona intensità retroolfattiva.,4,49134,
Aroma::formaggio maturo passato,Aroma,"formaggio maturo, passato",Aroma di formaggio maturo e passato.,4,26067,
Aroma::aroma di formaggio vecchio e passato,Aroma,aroma di formaggio vecchio e passato,Aroma di formaggio vecchio e passato.,4,15610,
Aroma::sia per profumo che per aroma tanto burro fuso,Aroma,Sia per profumo che per aroma tanto burro fuso,Aroma di burro fuso intenso.,4,1784,
Aroma::leggere note di cotto/crosta,Aroma,leggere note di cotto/crosta,Aroma con leggere note di cotto e crosta.,4,11406,
Aroma::verdura lessa forte stantio forte,Aroma,"verdura lessa FORTE, stantio FORTE",Aroma di verdura lessa forte e stantio forte.,4,27375,
Aroma::non tipico del grana,Aroma,non tipico del grana,Aroma non tipico del grana.,20,7870,
Aroma::erbaceo vegetale non del tutto tipico del grana,Aroma,"erbaceo, vegetale. non del tutto tipico del grana","Aroma erbaceo e vegetale, non del tutto tipico del grana.",4,42588,
Aroma::lattici cotti ma non molto caratteristici,Aroma,"lattici cotti, ma non molto caratteristici","Aroma di lattico cotto, poco caratteristico.",4,15561,
Aroma::burro bruciato e brodo,Aroma,burro bruciato e brodo,Aroma di burro bruciato e brodo.,4,27449,
Aroma::stalla corsta e ossidato,Aroma,"stalla, corsta e ossidato","Aroma di stalla, crosta e ossidato.",4,16974,
Aroma::caratteristico mediamente intenso con buone note lattiche e forse lieve nota proprionica,Aroma,"caratteristico, mediamente intenso, con buone note lattiche e forse lieve nota proprionica",Aroma caratteristico mediamente intenso con buone note lattiche e lieve nota proprionica.,8,29565,
Aroma::idrocarburi,Aroma,Idrocarburi,Aroma di idrocarburi.,8,49755,
Aroma::panna burro sciolto brodo lieve nota proprionica o di formaggio svizzero,Aroma,"panna, burro sciolto, brodo, lieve nota proprionica o di formaggio svizzero","Aroma di panna, burro fuso e brodo con lieve nota proprionica e di formaggio svizzero.",4,41437,
Aroma::tostato,Aroma,tostato,Aroma tostato.,8,27373,
Aroma::latte acido,Aroma,latte acido,Aroma di latte acido.,4,41326,
Aroma::cotto bruciato,Aroma,cotto bruciato,Aroma cotto e bruciato.,4,20184,
Aroma::troppo ananas banana che non sono tipici,Aroma,Troppo ananas banana che non sono tipici,"Aroma di ananas e banana, non tipici del grana.",4,1783,
Aroma::grana burro,Aroma,"grana, burro",Aroma di grana e burro.,12,11478,
Aroma::burro burro fuso,Aroma,"burro, burro fuso",Aroma di burro fuso.,4,40263,
Aroma::note di brodo e erba,Aroma,note di brodo e erba,Aroma di brodo e erbe.,4,22379,
Aroma::poco,Aroma,poco,Aroma poco intenso.,4,23819,
Aroma::medio fieno e grana,Aroma,medio ... fieno e grana,Aroma medio di fieno e grana.,2,46904,
Aroma::minestrone verdura,Aroma,minestrone verdura,Aroma di minestrone di verdura.,4,13787,
Aroma::crosta di pane e crosta di formaggio,Aroma,crosta di pane e crosta di formaggio,Aroma di crosta di pane e crosta di formaggio.,4,40403,
Aroma::principlamente fruttato e lattico fresco,Aroma,principlamente fruttato e lattico fresco,Aroma principalmente fruttato e lattico fresco.,4,47427,
Aroma::poco complesso con note di formaggio cotto e crosta di formaggio forse un poco passato,Aroma,"poco complesso con note di formaggio cotto e crosta di formaggio, forse un poco passato","Aroma poco complesso con note di formaggio cotto e crosta, leggermente passato.",8,29053,
Aroma::mandorla amara vegetali amari tostati,Aroma,"mandorla amara, vegetali amari, tostati","Aroma di mandorla amara, vegetali amari e tostati.",4,33852,
Aroma::burro/brodo vegetale,Aroma,burro/brodo vegetale,Aroma di burro e brodo vegetale.,4,25687,
Aroma::burroso fumo/tostato,Aroma,"burroso, fumo/tostato",Aroma burroso con note di fumo e tostato.,4,44633,
Aroma::cotti accentuati,Aroma,cotti accentuati,Aroma di cotto accentuato.,4,20190,
Aroma::scarico poco complesso tornano le note animali e di latte bruciato riscontrate al naso nota propionica,Aroma,"scarico, poco complesso, tornano le note animali e di latte bruciato riscontrate al naso, nota propionica","Aroma scarico, poco complesso, con note animali e di latte bruciato, sentore propionico.",2,46647,
Aroma::tostato leggermente cotto,Aroma,tostato leggermente cotto,Aroma tostato e leggermente cotto.,4,34390,
Aroma::vomitevole,Aroma,Vomitevole,Aroma sgradevole e anomalo.,4,3861,
Aroma::formaggio pronto,Aroma,formaggio pronto,Aroma tipico di formaggio maturo.,4,13150,
Aroma::aggressivo e persistente,Aroma,Aggressivo e persistente !!!,Aroma aggressivo e persistente.,4,460,
Aroma::formaggio bruciato pane tostato,Aroma,"formaggio bruciato, pane tostato",Aroma di formaggio bruciato e pane tostato.,4,9266,
Aroma::tornano al naso note fi cotto e fruttato,Aroma,tornano al naso note fi cotto e fruttato,Aroma di fieno cotto e fruttato.,4,9940,
Aroma::pochissimo piccante,Aroma,pochissimo piccante,Aroma leggermente piccante.,4,18279,
Aroma::strano non piacevole,Aroma,strano non piacevole,Aroma strano e non piacevole.,4,21827,
Aroma::non equilibrato,Aroma,Non equilibrato,Aroma non equilibrato.,4,501,
Aroma::strano burro,Aroma,"strano, burro",Aroma strano di burro.,4,44213,
Aroma::leggera crosta per il resto neutro,Aroma,"leggera crosta, per il resto neutro",Aroma neutro.,4,24102,
Aroma::poco intenso e persistente fruttato e lattico cotto,Aroma,poco intenso e persistente: fruttato e lattico cotto,"Aroma poco intenso e persistente, fruttato e lattico cotto.",4,41382,
Aroma::sentore di bruciato e di ossidato,Aroma,sentore di bruciato e di ossidato,Aroma con sentore di bruciato e di ossidato.,4,32387,
Aroma::leggero cotto e burro,Aroma,leggero cotto e burro,Aroma leggero di cotto e burro.,4,12945,
Aroma::burro fuso pane tostato fieno leggero,Aroma,"burro fuso, pane tostato, fieno leggero","Aroma di burro fuso, pane tostato e fieno leggero.",4,40333,
Aroma::piatto,Aroma,Piatto,Aroma piatto.,4,51695,
Aroma::ricorda un formaggio per non tipico da grana,Aroma,ricorda un formaggio per; non tipico da grana,"Aroma non tipico del grana, ricorda un formaggio per.

---

**Nota sulla riscrittura:** L'annotazione originale presenta un'espressione incompleta (""formaggio per"") che rende difficile una riformulazione coerente. Ho conservato entrambi gli elementi presenti (la negazione della tipicità e il riferimento a un formaggio indefinito), mantenendo la struttura più naturale possibile secondo le regole, ma la frase rimane leggermente ostica a causa dell'incompletezza del testo di partenza.",4,22282,
Aroma::frutta grana,Aroma,"frutta, grana",Aroma di frutta e grana.,4,32390,
Aroma::panna burro latte cotto e leggero tostato,Aroma,panna burro latte cotto e leggero tostato,"Aroma di panna, burro, latte cotto e tostato, leggero.",4,5481,
Aroma::latte panna ma poco da grana leggera muffa,Aroma,latte panna ma poco da grana leggera muffa,"Aroma di latte e panna, poco caratteristico del grana, con leggerezza e sentore di muffa.",4,24239,
Aroma::crosta meno fastidiosa che al profumo,Aroma,Crosta meno fastidiosa che al profumo,Aroma della crosta meno fastidioso che al profumo.,4,509,
Aroma::latte cotto burro fuso crosta di formaggio brodo lieve nota ossidata,Aroma,"latte cotto, burro fuso, crosta di formaggio, brodo, lieve nota ossidata","Aroma di latte cotto, burro fuso e crosta di formaggio con lieve nota ossidata.",4,42870,
Aroma::ossidato vecchio ancheun poco' di stalla,Aroma,"ossidato, vecchio, ancheun poco' di stalla","Aroma ossidato, vecchio, con leggerezza di stalla.",4,23824,
Aroma::umami accentuato leggera punta di stantio,Aroma,"umami accentuato, leggera punta di stantio.",Aroma con umami accentuato e leggera nota di stantio.,4,13852,
Aroma::latte cotto minestrone,Aroma,"latte cotto, minestrone",Aroma di latte cotto e minestrone.,4,34393,
Aroma::latte cotto forte,Aroma,latte cotto forte,Aroma di latte cotto intenso.,4,11540,
Aroma::grana fieno,Aroma,"grana, fieno...",Aroma di grana e fieno.,4,13711,
Aroma::crosta di formaggio&pasta cotta,Aroma,crosta di formaggio&pasta cotta,Aroma di crosta di formaggio e pasta cotta.,4,30682,
Aroma::floreale burro,Aroma,"floreale,burro",Aroma floreale e di burro.,4,22279,
Aroma::formaggio cotto e crosta ma non fastidioso,Aroma,"formaggio cotto e crosta, ma non fastidioso.","Aroma di formaggio cotto e crosta, non fastidioso.",4,24174,
Aroma::latte e panna,Aroma,latte e panna,Aroma di latte e panna.,8,5566,
Aroma::a tratti leggermente propionico,Aroma,"a tratti leggermente propionico,",Aroma leggermente propionico.,4,31926,
Aroma::particolare sensibilità mia al fermentato,Aroma,Particolare sensibilità mia al fermentato,Aroma con note fermentate percettibili.,4,48770,
Aroma::metallico,Aroma,Metallico,Aroma metallico.,16,48548,
Aroma::megilo del naso,Aroma,megilo del naso,Aroma meglio del naso.,4,18277,
Aroma::piacevole ma poco tipico,Aroma,piacevole ma poco tipico,Aroma piacevole ma poco tipico.,4,16742,
Aroma::coot bruciato crosta,Aroma,"coot, bruciato, crosta",Aroma di cotto e bruciato con sentore di crosta.,4,11546,
Aroma::burro e leggero fogmaggio cotto,Aroma,burro e leggero fogmaggio cotto,Aroma di burro e leggero formaggio cotto.,4,42729,
Aroma::untuoso dimenticavo,Aroma,"Untuoso, dimenticavo...",Aroma untuoso.,4,51414,
Aroma::leggerissimo sentore di bruciato,Aroma,leggerissimo sentore di bruciato,Aroma con leggerissimo sentore di bruciato.,4,33770,
Aroma::latte poco da grana,Aroma,latte poco da grana,Aroma di latte poco tipico del grana.,8,29559,
Aroma::brodo olio,Aroma,"brodo, olio",Aroma di brodo e olio.,4,14271,
Aroma::burro cotto note di frutta fermentata poco caratteristiche,Aroma,"burro cotto, note di frutta fermentata poco caratteristiche",Aroma di burro cotto con note di frutta fermentata poco caratteristiche.,4,27860,
Aroma::lattico di burro sciolto con lievi note lattiche acide ma nel complesso equilibrato,Aroma,lattico di burro sciolto con lievi note lattiche acide ma nel complesso equilibrato,"Aroma lattico di burro fuso con lievi note acide, nel complesso equilibrato.",4,7328,
Aroma::tostatura,Aroma,tostatura,Aroma tostato.,8,18900,
Aroma::sentori lattici prevalenti,Aroma,sentori lattici prevalenti,Aroma lattico prevalente.,4,23897,
Aroma::crosta tostato animale,Aroma,"Crosta, tostato, animale",Aroma di crosta tostata con note animali.,4,12876,
Aroma::stallatico,Aroma,stallatico,Aroma stallatico.,4,44216,
Aroma::all’aroma non sento più il provolone…,Aroma,All’aroma non sento più il provolone…,Aroma non tipico del provolone.,4,50860,
Aroma::sentore di burro ma resta un poco di piccante,Aroma,"sentore di burro, ma resta un poco di piccante",Aroma di burro con lieve sentore di piccante.,4,42446,
Aroma::poco caratteristico poco aroma,Aroma,"poco caratteristico, poco aroma.",Aroma poco caratteristico e poco intenso.,4,25682,
Aroma::latte cotto cipolla dado di carne,Aroma,"latte cotto, cipolla, dado di carne",Aroma di latte cotto con note di cipolla e dado di carne.,4,33623,
Aroma::sento un poco' più' di latte che al naso,Aroma,sento un poco' più' di latte che al naso,Aroma con prevalenza di nota lattica.,4,32306,
Aroma::vegetale erbaceo,Aroma,vegetale erbaceo,Aroma vegetale erbaceo.,4,7406,
Aroma::polveroso,Aroma,Polveroso,Aroma polveroso.,8,50858,
Aroma::latticello fermentato lattici cotti crosta pulita,Aroma,"latticello fermentato, lattici cotti, crosta pulita",Aroma di latticello fermentato e lattici cotti con crosta pulita.,4,5872,
Aroma::castagne,Aroma,Castagne,Aroma di castagne.,4,1731,
Aroma::burro fuso pane tostato leggero,Aroma,"burro fuso, pane tostato leggero",Aroma di burro fuso e pane tostato leggero.,2,46821,
Aroma::completamente neutro,Aroma,completamente neutro,Aroma completamente neutro.,4,18741,
Aroma::pungente fermentato,Aroma,pungente;fermentato,Aroma pungente e fermentato.,4,7798,
Aroma::crosta cotta,Aroma,Crosta cotta,Aroma di crosta cotta.,4,500,
Aroma::leggerissimo,Aroma,Leggerissimo,Aroma molto leggero.,16,197,
Aroma::non e tipico del grana,Aroma,non e- tipico del grana.,Aroma non tipico del grana.,4,24243,
Aroma::retrolfatto latte acidulo,Aroma,retrolfatto latte acidulo....,Aroma di latte acidulo.,4,21736,
Aroma::ritorna la crosta,Aroma,ritorna la crosta,Aroma di crosta.,4,18895,
Aroma::brodo animale tostati,Aroma,"brodo animale, tostati",Aroma di brodo animale e note tostate.,4,14278,
Aroma::lattico di burro cotto brodo panna,Aroma,"lattico di burro cotto, brodo, panna",Aroma lattico di burro cotto con sentori di brodo e panna.,4,42800,
Aroma::aroma di formaggio cotto e burro fuso leggeri e non fastidiosi,Aroma,"aroma di formaggio cotto e burro fuso, leggeri e non fastidiosi","Aroma di formaggio cotto e burro fuso, leggeri e gradevoli.",4,5790,
Aroma::stantio ossidato,Aroma,"stantio, ossidato",Aroma stantio e ossidato.,4,9178,
Aroma::leggermente cotto,Aroma,leggermente cotto,Aroma leggermente cotto.,4,44802,
Aroma::fermentato vegetale non caratteristico ne piacevole,Aroma,"fermentato, vegetale, non caratteristico ne piacevole","Aroma fermentato e vegetale, non caratteristico né piacevole.",4,18281,
Aroma::burro fieno,Aroma,"burro, fieno...",Aroma di burro e fieno.,4,31928,
Aroma::burro cotto,Aroma,Burro cotto,Aroma di burro cotto.,22,349,
Aroma::i 4 campioni sono legge4mente diversi uno è più umido gli altri molto più asciutti,Aroma,"I 4 campioni sono legge4mente diversi, uno è più umido, gli altri molto più asciutti",Aroma leggermente diverso tra i campioni.,4,51789,
Aroma::latte coto e crosta formaggio intensità leggera futta secca e tostato intensità leggera,Aroma,latte coto e crosta formaggio intensità leggera;futta secca e tostato intensità leggera,"Aroma di latte cotto e crosta di formaggio con note di frutta secca e tostato, intensità leggera.",4,16967,
Aroma::fungo,Aroma,fungo,Aroma di fungo.,6,17354,
Aroma::lattico netto di burro fuso lieve sentore propionico,Aroma,"lattico netto di burro fuso, lieve sentore propionico",Aroma lattico netto di burro fuso con lieve sentore propionico.,4,7790,
Aroma::poco intenso gio avuto difficoltà a distinguere pochi aromi,Aroma,"Poco intenso, gio avuto difficoltà a distinguere pochi aromi","Aroma poco intenso, difficile da distinguere.",4,4100,
Aroma::forte quasi troppo sembra un malga,Aroma,"Forte, quasi troppo, sembra un malga",Aroma forte di malga.,4,51744,
Aroma::troppi lattici cotti,Aroma,"troppi lattici cotti,",Aroma con troppi lattici cotti.,4,41324,
Aroma::più caratteristico che al naso burro fuso formaggio cotto crosta di formaggio ritorna la nota fruttata,Aroma,"più caratteristico che al naso, burro fuso, formaggio cotto, crosta di formaggio, ritorna la nota fruttata","Aroma più caratteristico che al naso, di burro fuso e formaggio cotto con sentore di crosta di formaggio e nota fruttata.",4,18360,
Aroma::crosta e cotto,Aroma,crosta e cotto,Aroma di crosta e cotto.,4,11476,
Aroma::confermo un animale\stalla,Aroma,confermo un animale\stalla,Aroma di stalla e animale.,4,32229,
Aroma::fermentato cotti,Aroma,"fermentato, cotti,",Aroma fermentato e cotto.,4,11547,
Aroma::diffettoso,Aroma,diffettoso,Aroma diffettoso.,4,24176,
Aroma::non molto espressivo ma con persistenza lunga,Aroma,Non molto espressivo ma con persistenza lunga,Aroma poco espressivo ma con persistenza lunga.,4,2554,
Aroma::frutta tropicale ananas frutta matura quasi fermentata nota lattica di burro fuso,Aroma,"frutta tropicale, ananas, frutta matura, quasi fermentata, nota lattica di burro fuso","Aroma di frutta tropicale e ananas con frutta matura e sentore quasi fermentato, nota lattica di burro fuso.",4,42450,
Aroma::formaggio cotto,Aroma,formaggio cotto,Aroma di formaggio cotto.,20,20566,
Aroma::non caratteristico di formaggio svizzero fruttato latte cotto,Aroma,"non caratteristico, di formaggio svizzero, fruttato, latte cotto","Aroma non caratteristico di formaggio svizzero, fruttato e di latte cotto.",4,41493,
Aroma::lattico di panna note di nostrano propionico fruttato poco caratteristico,Aroma,"lattico di panna, note di nostrano, propionico, fruttato, poco caratteristico","Aroma lattico di panna con note di nostrano e propionico, fruttato, poco caratteristico.",4,41381,
Aroma::panna,Aroma,panna,Aroma di panna.,142,7946,
Aroma::animale marcio,Aroma,"animale, marcio,",Aroma animale e marcio.,4,21741,
Aroma::grasso brodo burro,Aroma,"grasso, brodo, burro",Aroma di burro e brodo con sentore di grasso.,4,31774,
Aroma::legge crosta,Aroma,legge crosta,Aroma di crosta leggero.,4,5950,
Aroma::latte cotto troppo cacao caramello brodo di carne,Aroma,"latte cotto troppo, cacao, caramello, brodo di carne","Aroma di latte cotto intenso con note di cacao, caramello e brodo animale.",4,5564,
Aroma::latte cotto brodo abbastanza equilibrato,Aroma,"latte cotto, brodo, abbastanza equilibrato","Aroma di latte cotto e brodo, abbastanza equilibrato.",4,22277,
Aroma::dato brodo e frutta (tropicale) nota leggera di formaggio cotto,Aroma,"dato, brodo e frutta (tropicale), nota leggera di formaggio cotto",Aroma di brodo e frutta tropicale con nota leggera di formaggio cotto.,4,16977,
Aroma::burro ma amche lesso ossidato crosta,Aroma,"burro ma amche lesso, ossidato, crosta","Aroma di burro e lesso con note ossidato, caratteristico di crosta.",4,42589,
Aroma::cotti animale,Aroma,"cotti, animale",Aroma di cotto con note animali.,2,46910,
Aroma::crosta di formaggio qualche sentore di acido ma potrebbe ancora essere dovuto all0assaggio precedenrte,Aroma,"crosta di formaggio, qualche sentore di acido ma potrebbe ancora essere dovuto all0assaggio precedenrte",Aroma di crosta di formaggio con qualche sentore di acido.,4,47542,
Aroma::non molto espressivo,Aroma,Non molto espressivo,Aroma poco espressivo.,4,51190,
Aroma::leggero sentore di fermentato,Aroma,leggero sentore di fermentato,Aroma leggero con sentore di fermentato.,4,36905,
Aroma::latte,Aroma,latte,Aroma di latte.,16,5798,
Aroma::latte cotto tostato,Aroma,"latte cotto, tostato",Aroma di latte cotto e tostato.,4,30633,
Aroma::permangono note di fermentato e lattico cotto (non fresco),Aroma,permangono note di fermentato e lattico cotto (non fresco),"Aroma di fermentato e lattico cotto, non fresco.",4,24107,
Aroma::plastica,Aroma,plastica ?,Aroma di plastica.,4,21643,
Aroma::non del tutto positivo brodo e crosta,Aroma,non del tutto positivo brodo e crosta,Aroma di brodo e crosta non del tutto positivo.,4,40338,
Aroma::burro formaggio brodo,Aroma,"burro, formaggio, brodo...","Aroma di burro, formaggio e brodo.",4,26072,
Aroma::nessun aroma percepito molto neutro,Aroma,nessun aroma percepito molto neutro,"Aroma neutro, non percepito.",4,25679,
Aroma::latte cotto burro cotto brodo erbe aromatiche forse la nota aromatica del brodo [ un poco dominante ma nel complesso buon equilibrio,Aroma,"latte cotto, burro cotto, brodo, erbe aromatiche, forse la nota aromatica del brodo [ un poco dominante ma nel complesso buon equilibrio","Aroma di latte cotto e burro cotto con note di brodo e erbe aromatiche, leggermente dominante ma nel complesso equilibrato.",4,13157,
Aroma::medio con qualche nota retroolfatt da formaggio e brodo,Aroma,"medio, con qualche nota retroolfatt da formaggio e brodo",Aroma medio con note di formaggio e brodo.,2,46232,
Aroma::fievole,Aroma,Fievole,Aroma fievole.,4,4045,
Aroma::pepe,Aroma,Pepe?,Aroma con note di pepe.,4,51543,
Aroma::mi torna una puzza non definita,Aroma,mi torna una puzza non definita,Aroma non definito e sgradevole.,4,7337,
Aroma::leggermente di pasta bruciata comunque insapore,Aroma,"leggermente di pasta bruciata, comunque insapore","Aroma leggermente di pasta bruciata, insapore.",4,9434,
Aroma::leggermente percebilie,Aroma,leggermente percebilie,Aroma leggermente percettibile.,4,21649,
Aroma::vegetale non grana,Aroma,vegetale non grana,Aroma vegetale non tipico del grana.,4,6022,
Aroma::vegetale balsamico,Aroma,vegetale balsamico,Aroma vegetale balsamico.,8,5483,
Aroma::fieno,Aroma,fieno,Aroma di fieno.,6,44128,
Aroma::note lattiche più\ pronunciate che al naso burro fuso fruttato,Aroma,"note lattiche più\ pronunciate che al naso, burro fuso, fruttato","Aroma con note lattiche pronunciate, burro fuso e sentori fruttati.",4,42590,
Aroma::brodo crosta di grana,Aroma,"brodo, crosta di grana",Aroma di brodo e crosta di grana.,4,37415,
Aroma::piuttosto neutro,Aroma,piuttosto neutro,Aroma piuttosto neutro.,8,42726,
Aroma::note amare e,Aroma,note amare e,Aroma con note amare.,4,15393,
Aroma::non da grana difetto,Aroma,non da grana difetto,Aroma non tipico del grana.,4,11199,
Aroma::leggero,Aroma,Leggero,Aroma leggero.,12,4212,
Aroma::cotto e panna,Aroma,cotto e panna,Aroma di cotto e panna cotta.,4,32382,
Aroma::molto lattico burro fresco,Aroma,"Molto lattico, burro fresco",Aroma molto lattico con note di burro fresco.,4,5330,
Aroma::atipico come al naso,Aroma,atipico come al naso,Aroma atipico.,8,29437,
Aroma::animale moderato,Aroma,animale MODERATO;,Aroma animale moderato.,4,27655,
Aroma::brodo animale con punte di erbe amare,Aroma,brodo animale con punte di erbe amare,Aroma di brodo animale con note di erbe amare.,4,25991,
Aroma::fromaggio cotto,Aroma,fromaggio cotto,Aroma di formaggio cotto.,4,27861,
Aroma::non grana non tipico,Aroma,non grana. non tipico,Aroma non tipico del grana.,4,18435,
Aroma::fruttato tostato panna e brodo,Aroma,fruttato tostato panna e brodo,Aroma fruttato e tostato con note di panna e brodo.,4,42872,
Aroma::a proposito del profumo intensità notevole ma troppo strano per essere trentunenne abbassarsi il voto di 1 punto,Aroma,"A proposito del profumo: intensità notevole, ma troppo strano per essere trentunenne. Abbassarsi il voto di 1 punto","Aroma di intensità notevole ma strano, non tipico del Trentingrana.",4,2524,
Aroma::tostato eccessivo,Aroma,tostato eccessivo,Aroma eccessivamente tostato.,4,44715,
Aroma::panna acida panna fresca burro fresco formaggio fuso non molto caratteristico,Aroma,"panna acida, panna fresca, burro fresco, formaggio fuso, non molto caratteristico","Aroma di panna acida, panna fresca e burro fresco con sentori di formaggio fuso, non molto caratteristico.",4,18745,
Aroma::poco complesso prevalente lattico,Aroma,"Poco complesso, prevalente lattico",Aroma poco complesso con nota lattica prevalente.,4,5120,
Aroma::poco complesso panna e burro grasso,Aroma,"poco complesso, panna e burro, grasso",Aroma poco complesso di panna e burro con sensazione di grasso.,4,12877,
Aroma::non grana fermentato anomalo,Aroma,"non grana, fermentato, anomalo","Aroma non tipico del grana, fermentato e anomalo.",4,47146,
Aroma::cotto crosta di grana brodo di carne,Aroma,"Cotto, crosta di grana, brodo di carne","Aroma di cotto, crosta di grana e brodo di carne.",4,16899,
Aroma::cotto stalla leggero,Aroma,"cotto, stalla leggero",Aroma cotto con sentore leggero di stalla.,4,7877,
Aroma::mi sembra provolone,Aroma,mi sembra provolone,Aroma di provolone.,4,16819,
Aroma::nota di formaggio cotto e crosta di formaggio ricorda un poco un formaggio nostrano,Aroma,"nota di formaggio cotto e crosta di formaggio, ricorda un poco un formaggio nostrano","Aroma di formaggio cotto e crosta di formaggio, ricorda leggermente un formaggio nostrano.",4,40406,
Aroma::strano,Aroma,strano...,Aroma strano.,4,7411,
Aroma::poco caratteristico,Aroma,Poco caratteristico,Aroma poco caratteristico.,4,49328,
Aroma::non piacevole persisrente,Aroma,Non piacevole persisrente,Aroma non piacevole e persistente.,4,725,
Aroma::aroma di cotto e fermentato,Aroma,aroma di cotto e fermentato,Aroma di cotto e fermentato.,4,15386,
Aroma::crosta di formaggio tostato panna intensità leggero,Aroma,"crosta di formaggio, tostato, panna intensità leggero","Aroma di crosta tostata e panna, leggero.",4,30826,
Aroma::panna non prorio da grana,Aroma,panna non prorio da grana,"Aroma di panna, non propriamente tipico del grana.",4,27722,
Aroma::erbe amarognole,Aroma,erbe amarognole,Aroma di erbe amarognole.,4,36911,
Aroma::moderato aroma soprattutto lattico cotto formaggio cotto,Aroma,"Moderato aroma, soprattutto lattico cotto, formaggio cotto",Aroma moderato con prevalenti note di latte cotto e formaggio cotto.,4,18282,
