dedup_key,attribute,caption_pre,caption_clean,frequency,sample_row_id,error
Spessore della Crosta::tende al fine ma con zone diverse,Spessore della Crosta,"Tende al fine, ma con zone diverse",Crosta sottile tendente a zone di spessore diverso.,4,9463,
Spessore della Crosta::più sottile di 10mm,Spessore della Crosta,Più sottile di 10mm,Crosta molto sottile.,4,30600,
Spessore della Crosta::indefinita media 13mm,Spessore della Crosta,Indefinita!!!! Media 13mm,"Crosta di spessore medio, con profilo indefinito.",4,15458,
Spessore della Crosta::scalzo e piatto medio 7mm spigolo media 14mm,Spessore della Crosta,Scalzo e piatto medio 7mm Spigolo media 14mm,"Crosta con scalzo e parte piatta sottile, spigoli mediamente spessi.",4,27670,
Spessore della Crosta::limite sfumato ma sempre sopra il cm,Spessore della Crosta,Limite sfumato ma sempre sopra il cm,Crosta mediamente spessa con limite sfumato.,4,5580,
Spessore della Crosta::media 10mm spigoli da 18mm,Spessore della Crosta,Media 10mm Spigoli da 18mm,Crosta con spessore medio e spigoli molto spessi.,4,44319,
Spessore della Crosta::sui piatti a tratti estremamente sottile,Spessore della Crosta,Sui piatti a tratti estremamente sottile,Crosta sui piatti a tratti estremamente sottile.,4,9876,
Spessore della Crosta::un poco di unghia crosta abbastanza marcata sugli angoli,Spessore della Crosta,"Un Poco di unghia, crosta abbastanza marcata sugli angoli",Crosta con unghia poco pronunciata e spigoli abbastanza marcati.,4,7817,
Spessore della Crosta::unghia importante,Spessore della Crosta,Unghia importante,Crosta unghia spessa.,4,2375,
Spessore della Crosta::limite molto netto,Spessore della Crosta,Limite molto netto,Crosta con limite molto netto.,4,11422,
Spessore della Crosta::alto,Spessore della Crosta,Alto...,Crosta spessa.,4,11498,
Spessore della Crosta::sempre superiore ai 12 mm,Spessore della Crosta,Sempre superiore ai 12 mm,"Crosta spessa, con spessore superiore al medio.",4,25702,
Spessore della Crosta::molto sottile,Spessore della Crosta,Molto sottile,Crosta molto sottile.,74,9459,
Spessore della Crosta::1 piatto sottile ~8mm l'altro piatto oltre il cm,Spessore della Crosta,"1 piatto sottile, ~8mm. L'altro piatto oltre il cm","Crosta con spessore eterogeneo: parte piatta sottile, l'altro lato mediamente spesso.",4,5888,
Spessore della Crosta::mediamente superiore al cm,Spessore della Crosta,Mediamente superiore al cm,Crosta spessa.,4,7352,
Spessore della Crosta::1 1 cm con spesso sottocrosta soprattutto sugli angoli,Spessore della Crosta,"1,1 cm con spesso sottocrosta soprattutto sugli angoli",Crosta mediamente spessa con sottocrosta marcata soprattutto sugli angoli.,4,42468,
Spessore della Crosta::crosta disomogenea media 1 cm,Spessore della Crosta,Crosta disomogenea. Media 1 cm,"Crosta disomogenea, mediamente spessa.",4,5892,
Spessore della Crosta::carico ma sottile,Spessore della Crosta,Carico ma sottile,Crosta sottile ma carico di colore.,4,51048,
Spessore della Crosta::ben definita spigoli 15mm circa piatti e scalzo 7mm,Spessore della Crosta,Ben definita Spigoli 15mm circa Piatti e scalzo 7mm,"Crosta spessa con spigoli pronunciati, parte piatta e scalzo sottile.",4,7889,
Spessore della Crosta::anche sotto i 10 mm a lunghi tratti,Spessore della Crosta,Anche sotto i 10 mm a lunghi tratti,Crosta sottile in lunghi tratti.,4,34407,
Spessore della Crosta::9 deciso,Spessore della Crosta,9 deciso,Crosta sottile e marcata.,4,11427,
Spessore della Crosta::sfumata scalzo e piatto 10 mm spigoli 20mm,Spessore della Crosta,Sfumata Scalzo e piatto 10 mm Spigoli 20mm,"Crosta sfumata con scalzo e parte piatta mediamente spessa, spigoli pronunciati.",4,27740,
Spessore della Crosta::superiore ai 14 km sempre,Spessore della Crosta,"Superiore ai 14 km, sempre",Crosta spessa.,2,46170,
Spessore della Crosta::limite non netto nel complesso piatti sottili,Spessore della Crosta,"Limite non netto, nel complesso piatti sottili","Crosta con limite sfumato, nel complesso piatta e sottile.",4,42744,
Spessore della Crosta::spessa agli angoli,Spessore della Crosta,Spessa agli angoli,Crosta spessa agli angoli.,4,5966,
Spessore della Crosta::sottile sotto il cm,Spessore della Crosta,Sottile sotto il cm,Crosta molto sottile.,4,47166,
Spessore della Crosta::spessore medio 10mm,Spessore della Crosta,Spessore medio 10mm,Crosta mediamente spessa.,4,9958,
Spessore della Crosta::più evidente sotto un piatto,Spessore della Crosta,Più evidente sotto un piatto,Crosta con spessore più marcato nella parte piatta.,4,42603,
Spessore della Crosta::mai inferiore al centimetro,Spessore della Crosta,Mai inferiore al centimetro,Crosta mediamente spessa.,4,44657,
Spessore della Crosta::crosta sfumata media piatto 5mm media scalzo 10mm media totale 6mm,Spessore della Crosta,Crosta sfumata Media piatto 5mm Media scalzo 10mm Media totale 6mm,Crosta sfumata con parte piatta molto sottile e scalzo mediamente spesso.,4,20453,
Spessore della Crosta::8 su 1 lato e 6 sull'altro,Spessore della Crosta,8 su 1 lato e 6 sull'altro,Crosta con spessore non uniforme: sottile da un lato e molto sottile dall'altro.,12,29511,
Spessore della Crosta::divero colore fra i due scalzi,Spessore della Crosta,Divero colore fra i due scalzi,Crosta con scalzi di colore diverso.,4,50544,
Spessore della Crosta::spigoli grossolana,Spessore della Crosta,Spigoli grossolana,Crosta con spigoli pronunciati e superficie grossolana.,4,25710,
Spessore della Crosta::sottocrosta molto marcato 1 4cm,Spessore della Crosta,"Sottocrosta molto marcato. 1,4cm",Crosta spessa con sottocrosta molto marcato.,4,5969,
Spessore della Crosta::un sottopiatto tende al verde,Spessore della Crosta,Un sottopiatto tende al verde,Crosta con sottopiatto tendente al verde.,5,1473,
Spessore della Crosta::10 km,Spessore della Crosta,10 km,NON_DESCRITTO,8,35775,
Spessore della Crosta::sempre sul a 1 cm,Spessore della Crosta,Sempre sul a 1 cm,Crosta mediamente spessa.,4,37013,
Spessore della Crosta::unghia marcata anche se non spessa,Spessore della Crosta,Unghia marcata anche se non spessa,"Crosta con unghia marcata, spessore non marcato.",4,9207,
Spessore della Crosta::le facce e gli scalzi hanno spessori differenti,Spessore della Crosta,Le facce e gli scalzi hanno spessori differenti,Crosta con spessore disomogeneo tra le facce e gli scalzi.,4,18308,
Spessore della Crosta::belli gli angoli,Spessore della Crosta,Belli gli angoli,Crosta con spigoli marcati.,4,4256,
Spessore della Crosta::piatto e scalzo 11mm,Spessore della Crosta,Piatto e scalzo 11mm,Crosta con parte piatta e scalzo mediamente spessi.,4,27390,
Spessore della Crosta::buoni angoli e scalzi,Spessore della Crosta,Buoni angoli e scalzi,Crosta con angoli e scalzo ben definiti.,4,4961,
Spessore della Crosta::colore sottocrosta grigiastro su sfondo molto carico,Spessore della Crosta,Colore sottocrosta grigiastro su sfondo molto carico,Crosta con sottocrosta grigiastra su sfondo molto carico.,4,51101,
Spessore della Crosta::non è omogenea lateralmente più grossa,Spessore della Crosta,Non è omogenea lateralmente più grossa,"Crosta disomogenea, lateralmente più spessa.",2,46927,
Spessore della Crosta::colore sotto crosta meno carico su un piatto,Spessore della Crosta,Colore sotto crosta meno carico su un piatto,Crosta con sottocrosta meno carica sulla parte piatta.,4,332,
Spessore della Crosta::grossomodo omogenea sui 10mm,Spessore della Crosta,Grossomodo omogenea sui 10mm,Crosta mediamente spessa e omogenea.,2,46335,
Spessore della Crosta::più spessa su una faccia,Spessore della Crosta,Più spessa su una faccia,Crosta con spessore più accentuato su una faccia.,16,5895,
Spessore della Crosta::molto fine nei piatti,Spessore della Crosta,Molto fine nei piatti!,Crosta molto sottile nella parte piatta.,4,49596,
Spessore della Crosta::spessore abbastanza omogeneo su entrambi gli sbalzi e piatti,Spessore della Crosta,Spessore abbastanza omogeneo su entrambi gli sbalzi e piatti,Crosta con spessore abbastanza omogeneo su spigoli e parti piatte.,2,46850,
Spessore della Crosta::sfumata media 12mm,Spessore della Crosta,Sfumata Media 12mm,Crosta mediamente spessa e sfumata.,4,30742,
Spessore della Crosta::10 deciso,Spessore della Crosta,10 deciso,Crosta mediamente spessa.,4,11357,
Spessore della Crosta::meno spessa su una faccia,Spessore della Crosta,Meno spessa su una faccia,Crosta con spessore variabile tra le facce.,4,31872,
Spessore della Crosta::non è sottile,Spessore della Crosta,Non è sottile,Crosta non sottile.,4,47502,
Spessore della Crosta::piatti e scalzo media 11mm spigoli media 20mm,Spessore della Crosta,Piatti e scalzo media 11mm Spigoli media 20mm,"Crosta con parti piatte e scalzo mediamente spessi, spigoli pronunciati.",4,7427,
Spessore della Crosta::1 bel piatto con spessore inferiore ai 10 mm più spesso il resto,Spessore della Crosta,1 bel piatto con spessore inferiore ai 10 mm. Più spesso il resto,Crosta con parte piatta molto sottile e resto mediamente spesso.,4,26087,
Spessore della Crosta::limite sfumato scalzi spessi,Spessore della Crosta,Limite sfumato. Scalzi spessi,Crosta con limite sfumato e scalzi spessi.,4,24260,
Spessore della Crosta::9 10 mm poco deciso,Spessore della Crosta,9 10 mm poco deciso,"Crosta sottile, spessore poco deciso.",4,15632,
Spessore della Crosta::1 piatto molto spesso l'altro buono,Spessore della Crosta,1 piatto molto spesso. L'altro buono,Crosta con parte piatta molto spessa e spessore regolare sull'altro lato.,4,18299,
Spessore della Crosta::spessore medio 7mm crosta sfumata,Spessore della Crosta,Spessore medio 7mm Crosta sfumata,Crosta molto sottile e sfumata.,4,11560,
Spessore della Crosta::mediamente 12 ma in alcuni punti anche di più,Spessore della Crosta,Mediamente 12 ma in alcuni punti anche di più,"Crosta mediamente spessa, con zone di maggiore spessore.",4,35658,
Spessore della Crosta::molto diverso nelle differenti aree piuttosto alto comunque,Spessore della Crosta,Molto diverso nelle differenti aree...piuttosto alto comunque,"Crosta con spessore variabile nelle diverse aree, tendente a essere abbastanza pronunciato.",4,40357,
Spessore della Crosta::uno scalzo più pronunciato,Spessore della Crosta,Uno scalzo più pronunciato,Crosta con scalzo pronunciato.,4,51104,
Spessore della Crosta::9 mm leggermente più visibile su uno scalzo e un piatto,Spessore della Crosta,9 mm leggermente più visibile su uno scalzo e un piatto,"Crosta sottile, leggermente più pronunciata sullo scalzo e sulla parte piatta.",4,21675,
Spessore della Crosta::colore sotto crosta sfumato netti gli angolo,Spessore della Crosta,Colore sotto crosta sfumato netti gli angolo,Crosta con sottocrosta sfumata e spigoli marcati.,4,11351,
Spessore della Crosta::sottocrosta evidente e marcato,Spessore della Crosta,Sottocrosta evidente e marcato,Crosta con sottocrosta evidente e marcata.,12,29451,
Spessore della Crosta::piuttosto elevato,Spessore della Crosta,Piuttosto elevato,Crosta spessa.,4,26171,
Spessore della Crosta::piatto sottile lato abbondante,Spessore della Crosta,Piatto sottile lato abbondante,Crosta con parte piatta sottile e lato abbastanza spesso.,4,25703,
Spessore della Crosta::sfumata spigoli accentuati media 8mm,Spessore della Crosta,Sfumata Spigoli accentuati Media 8mm,Crosta sfumata con spigoli accentuati e spessore sottile.,4,32403,
Spessore della Crosta::omogeneo,Spessore della Crosta,Omogeneo,Crosta omogenea.,8,32,
Spessore della Crosta::su di un piatto molto fine perfetta sull'altro decisamente meno,Spessore della Crosta,"Su di un piatto molto fine, perfetta. Sull'altro decisamente meno","Crosta di spessore molto sottile su un lato, decisamente più spessa sull'altro.",4,44825,
Spessore della Crosta::colore sottocrosta molto sfumato,Spessore della Crosta,Colore sottocrosta molto sfumato,Crosta con sottocrosta molto sfumata.,4,50711,
Spessore della Crosta::1 scalzo e 1 piatto brutti,Spessore della Crosta,1 scalzo e 1 piatto brutti,Crosta con scalzo e parte piatta irregolari.,10,2027,
Spessore della Crosta::omogenea,Spessore della Crosta,Omogenea,Crosta omogenea.,12,5812,
Spessore della Crosta::crosta fine ma con sottocrosta dal colore marcato,Spessore della Crosta,Crosta fine ma con sottocrosta dal colore marcato,Crosta sottile con sottocrosta marcata di colore.,4,34410,
Spessore della Crosta::piatti molto buoni,Spessore della Crosta,Piatti molto buoni,Crosta con parti piatte ben definite.,4,22397,
Spessore della Crosta::non sono riuscito a inserire il dato comp messico dare7 5,Spessore della Crosta,"Non sono riuscito a inserire il dato comp!Messico , dare7,5",NON_DESCRITTO,4,4056,
Spessore della Crosta::diversi da un piatto all'altro ma sui 8 9 mm,Spessore della Crosta,Diversi da un piatto all'altro ma sui 8 9 mm,"Crosta sottile, con spessore variabile tra i diversi lati.",4,33874,
Spessore della Crosta::1 cm di media su un piatto unghia accentuata,Spessore della Crosta,"1 cm di media, su un piatto unghia accentuata",Crosta mediamente spessa con parte piatta e unghia accentuata.,4,47388,
Spessore della Crosta::molto sottile peccato per gli spigoli pronunciati,Spessore della Crosta,Molto sottile peccato per gli spigoli pronunciati,Crosta molto sottile con spigoli pronunciati.,4,33952,
Spessore della Crosta::piatti difformi uno molto fine è netto l'altro con crosta sfumata e grossa,Spessore della Crosta,"Piatti difformi, uno molto fine è netto. L'altro con crosta sfumata e grossa","Crosta con piatti difformi, uno sottile e netto, l'altro con sfumature e spesso.",4,5503,
Spessore della Crosta::sfumata molto spessa,Spessore della Crosta,"Sfumata, molto spessa",Crosta sfumata e molto spessa.,4,16991,
Spessore della Crosta::o 6 0 8 più evidente negli angoli e scalzo,Spessore della Crosta,"O,6 0,8 più evidente negli angoli e scalzo","Crosta molto sottile, con spessore maggiore negli angoli e sullo scalzo.",4,20580,
Spessore della Crosta::per lo più sotto i 10 mm,Spessore della Crosta,Per lo più sotto i 10 mm,Crosta per lo più sottile.,4,40421,
Spessore della Crosta::uniforme 1cm,Spessore della Crosta,Uniforme 1cm,Crosta mediamente spessa e uniforme.,4,26018,
Spessore della Crosta::molto omogenea media 0 9 cm,Spessore della Crosta,"Molto omogenea media 0,9 cm",Crosta mediamente spessa e molto omogenea.,2,46345,
Spessore della Crosta::10 mm,Spessore della Crosta,10 mm..,Crosta mediamente spessa.,4,35838,
Spessore della Crosta::a tratti sottile sugli scalzi,Spessore della Crosta,A tratti sottile sugli scalzi,Crosta sottile a tratti sugli scalzi.,4,15516,
Spessore della Crosta::ben visibile,Spessore della Crosta,Ben visibile,Crosta ben marcata.,4,18301,
Spessore della Crosta::crosta sfumata spigoli accentuati media 12mm,Spessore della Crosta,Crosta sfumata Spigoli accentuati Media 12mm,Crosta sfumata con spigoli accentuati e spessore medio.,4,12960,
Spessore della Crosta::0 6 cm più spessa su un piatto,Spessore della Crosta,"0,6 cm più spessa su un piatto","Crosta molto sottile, più spessa sulla parte piatta.",12,29515,
Spessore della Crosta::crosta molto sfumata media 12mm,Spessore della Crosta,Crosta molto sfumata Media 12mm,Crosta mediamente spessa e molto sfumata.,4,35829,
Spessore della Crosta::8_10 mm,Spessore della Crosta,8_10 mm,Crosta di spessore medio.,4,9965,
Spessore della Crosta::piuttosto marcata,Spessore della Crosta,Piuttosto marcata,Crosta marcata.,4,35777,
Spessore della Crosta::colore pasta molto carico lo stacco tra crosta e pasta si vede poco,Spessore della Crosta,Colore pasta molto carico lo stacco tra crosta e pasta si vede poco,Crosta con stacco poco visibile dalla pasta.,4,50935,
Spessore della Crosta::scalzo e piatto media 8mm spigoli minimo 15mm,Spessore della Crosta,Scalzo e piatto Media 8mm Spigoli minimo 15mm,"Crosta con scalzo e parte piatta mediamente spessa, spigoli pronunciati.",4,26162,
Spessore della Crosta::più evidente negli angoli e sotto 1 piatto,Spessore della Crosta,Più evidente negli angoli e sotto 1 piatto,Crosta con spessore più marcato negli angoli e parte piatta mediamente spessa.,4,31942,
Spessore della Crosta::10 mm su i piatti,Spessore della Crosta,10 mm su i piatti,Crosta mediamente spessa sulla parte piatta.,4,36929,
Spessore della Crosta::unghia soprattutto confrontando il colore con la pasta molto pallida,Spessore della Crosta,Unghia soprattutto confrontando il colore con la pasta molto pallida,"Crosta unghia, di colore molto pallido rispetto alla pasta.",4,1757,
Spessore della Crosta::1 5 cm crosta molto spessa con unghia marcata,Spessore della Crosta,"1,5 cm. Crosta molto spessa con unghia marcata",Crosta spessa con unghia marcata.,4,18303,
Spessore della Crosta::10 11 più deciso su un piatto,Spessore della Crosta,10 11 più deciso su un piatto,"Crosta mediamente spessa, con spigoli più marcati rispetto alla parte piatta.",4,44832,
Spessore della Crosta::limite crosta sfumato tende a più di 1 cm,Spessore della Crosta,Limite crosta sfumato. Tende a più di 1 cm,"Crosta sfumata, spessore mediamente spesso.",4,27462,
Spessore della Crosta::scalzo spessi piatti a tratti anche sottili difficile fare media,Spessore della Crosta,Scalzo spessi. Piatti a tratti anche sottili. Difficile fare media,"Crosta con scalzo spesso, parte piatta irregolare tra sottile e spessa.",4,7814,
Spessore della Crosta::spigoli accentuati da circa 2cm spessore medio 1cm,Spessore della Crosta,Spigoli accentuati da circa 2cm spessore medio 1cm,Crosta con spigoli accentuati molto spessi e spessore medio sulla parte piatta.,2,46167,
Spessore della Crosta::variabile ma nel complesso fine,Spessore della Crosta,"Variabile, ma nel complesso fine!","Crosta variabile nello spessore, nel complesso sottile.",4,26094,
Spessore della Crosta::vario mediamente 11 mm,Spessore della Crosta,Vario... Mediamente 11 mm,"Crosta di spessore variabile, mediamente spessa.",4,26017,
Spessore della Crosta::crosta difforme sii due piatti media 1cm,Spessore della Crosta,Crosta difforme sii due piatti. Media 1cm,"Crosta disomogenea tra i due piatti, mediamente spessa.",4,42608,
Spessore della Crosta::abbastanza omogeneo leggermente più carico al centro,Spessore della Crosta,Abbastanza omogeneo leggermente più carico al centro,"Crosta abbastanza omogenea, leggermente più carico al centro.",4,42680,
Spessore della Crosta::spessa molto su un piatto e sugli scalzi,Spessore della Crosta,Spessa molto su un piatto e sugli scalzi,Crosta spessa sulla parte piatta e sugli scalzi.,4,18307,
Spessore della Crosta::10 scarso,Spessore della Crosta,10 scarso,"Crosta mediamente spessa, poco marcata.",4,15520,
Spessore della Crosta::1 piatto orrendo scalzi belli,Spessore della Crosta,"1 piatto orrendo, scalzi belli",Crosta con parte piatta irregolare e scalzi regolari.,4,51600,
Spessore della Crosta::in media 8 9 mm bella,Spessore della Crosta,"In media 8, 9 mm bella",Crosta sottile.,4,21677,
Spessore della Crosta::leggermente più spessa della media,Spessore della Crosta,Leggermente Più spessa della media,Crosta leggermente più spessa della media.,4,25631,
Spessore della Crosta::crosta fine ma con unghia più spessa su un piatto,Spessore della Crosta,Crosta fine ma con unghia più spessa su un piatto.,Crosta sottile con unghia più spessa sulla parte piatta.,4,18457,
Spessore della Crosta::molto fine con poca unghia,Spessore della Crosta,Molto fine con poca unghia,Crosta molto sottile con poca unghia.,4,35653,
Spessore della Crosta::12 maggiore negli angoli,Spessore della Crosta,12 maggiore negli angoli,"Crosta mediamente spessa, più pronunciata negli angoli.",4,15403,
Spessore della Crosta::piatti circa 10mm scalzo circa 12mm spigoli circa 20mm dato medio 11mm,Spessore della Crosta,Piatti circa 10mm Scalzo circa 12mm Spigoli circa 20mm Dato medio 11mm,"Crosta con parte piatta mediamente spessa, scalzo spessa, spigoli pronunciati e spessore medio.",4,35469,
Spessore della Crosta::9 colore più intenso sotto un piatto,Spessore della Crosta,9 colore più intenso sotto un piatto,"Crosta sottile e piatta, con colore più intenso in sottocrosta.",4,14157,
Spessore della Crosta::molto evidente,Spessore della Crosta,Molto evidente,Crosta molto marcata.,4,5819,
Spessore della Crosta::molto variabile e disomogenea media 12 mm,Spessore della Crosta,"Molto variabile e disomogenea, media 12 mm","Crosta molto variabile e disomogenea, con spessore medio.",4,44749,
Spessore della Crosta::diverso tra i due scalzi,Spessore della Crosta,Diverso tra i due scalzi,Crosta con spessore diverso tra i due scalzi.,4,199,
Spessore della Crosta::variabile ma mediamente fine )media,Spessore della Crosta,Variabile ma mediamente fine:-)media,"Crosta di spessore variabile, mediamente sottile.",4,11638,
Spessore della Crosta::a tratti molto sottile 6 mm la media è buona,Spessore della Crosta,A tratti molto sottile 6 mm. La media è buona,"Crosta a tratti molto sottile, con spessore medio nel complesso.",4,20582,
Spessore della Crosta::regolare 10 mm,Spessore della Crosta,Regolare 10 mm,Crosta mediamente spessa e regolare.,2,46339,
Spessore della Crosta::7 molto chiaro,Spessore della Crosta,7 molto chiaro,"Crosta molto sottile, di colore molto chiaro.",4,31871,
Spessore della Crosta::piatti e scalzo sfumati media 10mm spigoli da 22mm,Spessore della Crosta,Piatti e scalzo sfumati media 10mm Spigoli da 22mm,"Crosta con parti piatte e scalzo sfumati, spessore medio e spigoli pronunciati.",4,22212,
Spessore della Crosta::piatti molto fine spigoli belli,Spessore della Crosta,Piatti molto fine spigoli belli,Crosta con parti piatte molto sottile e spigoli pronunciati.,4,40428,
Spessore della Crosta::1 cm ma con tanta unghia sugli angoli,Spessore della Crosta,1 cm ma con tanta unghia sugli angoli,Crosta mediamente spessa con unghia marcata sugli angoli.,4,41451,
Spessore della Crosta::spesso,Spessore della Crosta,Spesso,Crosta spessa.,12,200,
Spessore della Crosta::comunque fine,Spessore della Crosta,Comunque fine!,NON_DESCRITTO,4,5078,
Spessore della Crosta::chiaro,Spessore della Crosta,Chiaro,Crosta dal colore chiaro.,20,4233,
Spessore della Crosta::su un lato colore rossastra sull'altro più tendente al grigio,Spessore della Crosta,Su un lato colore rossastra sull'altro più tendente al grigio,Crosta con colore rossastro su un lato e tendente al grigio sull'altro.,4,4227,
Spessore della Crosta::no scalzo risulta molto più sottile dell'altro crosta mediamente grossa,Spessore della Crosta,"No scalzo risulta molto più sottile dell'altro,crosta mediamente grossa","Crosta con scalzo poco pronunciato, molto più sottile rispetto all'altro lato, mediamente spessa.",4,42612,
Spessore della Crosta::sottile nei piatti spigoli molto pronunciati,Spessore della Crosta,Sottile nei piatti spigoli molto pronunciati,Crosta sottile nelle parti piatte e spigoli molto pronunciati.,4,24266,
Spessore della Crosta::piatto circa 10mm scalzo e spigoli circa 15mm la colorazione mattoncino imputabile alla crosta è molto sfumata e per un piatto va verso i 20mm media 11mm,Spessore della Crosta,Piatto circa 10mm Scalzo e spigoli circa 15mm La colorazione mattoncino imputabile alla crosta è molto sfumata e per un Piatto va verso i 20mm Media 11mm,"Crosta con parte piatta mediamente spessa, scalzo e spigoli spessi, spessore medio e colorazione sfumata.",4,35709,
Spessore della Crosta::0 8 in media,Spessore della Crosta,0.8 in media,Crosta sottile.,4,35598,
Spessore della Crosta::sottocrosta di 2cm su entrambi gli scalzi,Spessore della Crosta,Sottocrosta di 2cm su entrambi gli scalzi,Crosta con sottocrosta molto spessa sugli scalzi.,4,51496,
Spessore della Crosta::scalzi un poco grossa nei fini i piatti spigoli ok,Spessore della Crosta,Scalzi Un Poco grossa nei fini i piatti spigoli ok,"Crosta con scalzi poco pronunciati, mediamente spessa nelle zone fini, parte piatta regolare e spigoli ben definiti.",4,40358,
Spessore della Crosta::piuttosto grossa,Spessore della Crosta,Piuttosto grossa!,Crosta piuttosto spessa.,8,18306,
Spessore della Crosta::10 più intenso su un piatto,Spessore della Crosta,10 più intenso su un piatto,"Crosta mediamente spessa, con intensità maggiore sulla parte piatta.",4,25553,
Spessore della Crosta::0 9 cm ma gli spigoli sono marcati,Spessore della Crosta,"0,9 cm ma gli spigoli sono marcati",Crosta sottile con spigoli marcati.,4,33948,
Spessore della Crosta::superiore a 11 mm,Spessore della Crosta,Superiore a 11 mm,Crosta mediamente spessa.,4,22223,
Spessore della Crosta::piatto 8mm scalzo 9mm spigolo 18mm,Spessore della Crosta,Piatto 8mm Scalzo 9mm Spigolo 18mm,"Crosta con parte piatta sottile, scalzo sottile e spigoli molto spessi.",4,22394,
Spessore della Crosta::spogli e crosta pronunciate,Spessore della Crosta,Spogli e crosta pronunciate,Crosta con spigoli pronunciati.,4,14299,
Spessore della Crosta::crosta sfumata media 10mm,Spessore della Crosta,Crosta sfumata Media 10mm,Crosta sfumata e mediamente spessa.,12,11630,
Spessore della Crosta::non omogenea suk lati media maggiore di 1 2 cm,Spessore della Crosta,Non omogenea suk lati media maggiore di 1.2 cm,"Crosta disomogenea sui lati, con spessore superiore a quello mediamente spesso.",2,46177,
Spessore della Crosta::molto diverso tra piatti e scalzi ma mediamente fine,Spessore della Crosta,Molto diverso tra piatti e scalzi ma mediamente fine,"Crosta con spessore molto diverso tra le parti piatte e lo scalzo, mediamente sottile.",4,11568,
Spessore della Crosta::disomogeneo fra i 2 piatti in media anche meno di 8,Spessore della Crosta,"Disomogeneo fra i 2 piatti, in media anche meno di 8",Crosta molto sottile e disomogenea fra i due piatti.,4,9462,
Spessore della Crosta::molto chiaro,Spessore della Crosta,Molto chiaro,Crosta molto chiara.,4,49385,
Spessore della Crosta::8 su 1 e 12 sullaltro,Spessore della Crosta,8 su 1 e 12 sullaltro,Crosta con spessore sottile su un lato e mediamente spessa sull'altro.,4,44824,
Spessore della Crosta::anche molto sottile in certi punti,Spessore della Crosta,Anche molto sottile in certi punti,Crosta molto sottile in alcuni punti.,4,37349,
Spessore della Crosta::scalzi molto spessa spigoli pronunciati,Spessore della Crosta,Scalzi molto spessa spigoli pronunciati,Crosta con scalzo molto spesso e spigoli pronunciati.,12,29582,
Spessore della Crosta::disomogenea lungo il perimetro sfumata media 11mm,Spessore della Crosta,Disomogenea lungo il perimetro sfumata Media 11mm,"Crosta disomogenea lungo il perimetro, sfumata, di spessore medio.",4,31941,
Spessore della Crosta::piuttosto alto,Spessore della Crosta,Piuttosto alto!!!,Crosta spessa.,4,11358,
Spessore della Crosta::media 8mm spigoli da 15mm,Spessore della Crosta,Media 8mm Spigoli da 15mm,Crosta sottile nella parte piatta e spigoli pronunciati.,4,44655,
Spessore della Crosta::8 km,Spessore della Crosta,8 km,NON_DESCRITTO,2,46675,
Spessore della Crosta::>1cm,Spessore della Crosta,>1cm,Crosta spessa.,4,734,
Spessore della Crosta::da un lato spigoli più pronunciate,Spessore della Crosta,Da un lato spigoli più pronunciate,Crosta con spigoli pronunciati su un lato.,4,20587,
Spessore della Crosta::colore sottoscritta fino a 15 mm soprattutto negli angoli,Spessore della Crosta,Colore sottoscritta fino a 15 mm soprattutto negli angoli,"Crosta con sottocrosta fino a spessore medio, marcata soprattutto negli angoli.",4,15571,
Spessore della Crosta::non regolare,Spessore della Crosta,Non regolare,Crosta irregolare.,8,26165,
Spessore della Crosta::disomogenea sfumata spessore medio 11mm,Spessore della Crosta,Disomogenea sfumata Spessore medio 11mm,"Crosta disomogenea e sfumata, spessore medio.",4,41111,
Spessore della Crosta::spigoli belli più spessa negli scalzi,Spessore della Crosta,Spigoli belli più spessa negli scalzi,Crosta con spigoli pronunciati e spessore maggiore in corrispondenza degli scalzi.,4,33644,
Spessore della Crosta::3 lati su 4 molto spessa,Spessore della Crosta,3 lati su 4 molto spessa.,Crosta molto spessa su tre lati.,2,46254,
Spessore della Crosta::fine ok spigoli,Spessore della Crosta,Fine ok spigoli,Crosta sottile con spigoli pronunciati.,4,37274,
Spessore della Crosta::piuttosto spessa soprattutto sugli scalzi,Spessore della Crosta,Piuttosto spessa soprattutto sugli scalzi,"Crosta piuttosto spessa, soprattutto sugli scalzi.",4,18385,
Spessore della Crosta::colore fondo carico,Spessore della Crosta,Colore fondo carico,Crosta con colore di fondo carico.,4,51661,
Spessore della Crosta::evidente media 11mm spigoli almeno 20mm,Spessore della Crosta,Evidente Media 11mm Spigoli almeno 20mm,Crosta con spessore medio e spigoli pronunciati.,4,44739,
Spessore della Crosta::10 12km soprattutto negli angoli,Spessore della Crosta,10 12km soprattutto negli angoli,"Crosta mediamente spessa, soprattutto negli angoli.",4,37515,
Spessore della Crosta::12 mm soprattutto angoli,Spessore della Crosta,12 mm soprattutto angoli,"Crosta mediamente spessa, soprattutto agli angoli.",4,15459,
Spessore della Crosta::difficile vedere lo spessore a causa della disidratazione della pasta,Spessore della Crosta,Difficile vedere lo spessore a causa della disidratazione della pasta,NON_DESCRITTO,4,50532,
Spessore della Crosta::media 10mm crosta sfumata,Spessore della Crosta,Media 10mm Crosta sfumata,Crosta mediamente spessa e sfumata.,4,33789,
Spessore della Crosta::christine sugli scalzi,Spessore della Crosta,Christine sugli scalzi,NON_DESCRITTO,4,18384,
Spessore della Crosta::spessore dispari media 9mm,Spessore della Crosta,Spessore dispari Media 9mm,Crosta con spessore dispari e zone mediamente spesse.,4,24118,
Spessore della Crosta::spessore medio 8mm,Spessore della Crosta,Spessore medio 8mm,"Crosta con spessore medio, sottile.",8,9202,
Spessore della Crosta::1 scalzo più brutto problemi di sottocrosta,Spessore della Crosta,1 scalzo più brutto. Problemi di sottocrosta,Crosta con scalzo irregolare e sottocrosta poco definita.,4,1298,
Spessore della Crosta::spigoli dai 15 ai 22mm piatti dai 8 ai 11mm crosta di spessore non omogeneo media 12mm il colore della crosta è evidente e con note verdi,Spessore della Crosta,Spigoli dai 15 ai 22mm Piatti dai 8 ai 11mm Crosta di spessore non omogeneo Media 12mm Il colore della crosta è evidente e con note verdi,"Crosta con spigoli pronunciati, parte piatta sottile e spessore medio non omogeneo.",2,46251,
Spessore della Crosta::mediamente minore di 10,Spessore della Crosta,Mediamente minore di 10,Crosta sottile.,4,14228,
Spessore della Crosta::grossa,Spessore della Crosta,Grossa,Crosta spessa.,8,27819,
Spessore della Crosta::colore rosato sottocrosta,Spessore della Crosta,Colore rosato sottocrosta,Crosta con sottocrosta rosata.,4,48765,
Spessore della Crosta::media 8mn,Spessore della Crosta,Media 8mn,Crosta sottile.,4,13730,
Spessore della Crosta::crosta sfumata media 8mm,Spessore della Crosta,Crosta sfumata Media 8mm,Crosta sfumata e sottile.,8,11490,
Spessore della Crosta::micro occhiatura nella zona centrale anche grossa 2 3 km frattura discreta grana presente,Spessore della Crosta,"Micro occhiatura nella zona centrale, anche grossa, 2,3 km. Frattura discreta, grana presente",NON_DESCRITTO,2,46338,
Spessore della Crosta::molto spessa soprattutto sugli scalzi quasi 2cm,Spessore della Crosta,Molto spessa soprattutto sugli scalzi quasi 2cm,"Crosta molto spessa, accentuata soprattutto sugli scalzi.",4,18847,
Spessore della Crosta::dispari media 11mm,Spessore della Crosta,Dispari Media 11mm,Crosta irregolare con spessore mediamente spesso.,4,23909,
Spessore della Crosta::bassa,Spessore della Crosta,Bassa,Crosta sottile.,4,32258,
Spessore della Crosta::disomogeneo,Spessore della Crosta,Disomogeneo,Crosta disomogenea.,8,3330,
Spessore della Crosta::8 9 e chiaro,Spessore della Crosta,8 9 e chiaro,"Crosta sottile, di colore chiaro.",4,37019,
Spessore della Crosta::colore sfondo molto carico,Spessore della Crosta,Colore sfondo molto carico,Crosta con sfondo molto carico.,4,30694,
Spessore della Crosta::8 o meno molto chiara,Spessore della Crosta,8 o meno molto chiara,"Crosta molto sottile, molto chiara.",4,15968,
Spessore della Crosta::molto spessa su un lato,Spessore della Crosta,Molto spessa su un lato,Crosta molto spessa su un lato.,4,18459,
Spessore della Crosta::9 10 chiaro,Spessore della Crosta,9 10 chiaro,"Crosta sottile, di colore chiaro.",4,7358,
Spessore della Crosta::colore carico solo su un piatto,Spessore della Crosta,Colore carico solo su un piatto,Crosta con colore carico solo su un piatto.,4,4258,
Spessore della Crosta::crosta fine con unghia,Spessore della Crosta,Crosta fine con unghia,Crosta sottile con unghia marcata.,4,7432,
Spessore della Crosta::abbondante lateralmente,Spessore della Crosta,Abbondante lateralmente,Crosta abbastanza spessa lateralmente.,4,25549,
Spessore della Crosta::0 8 cm molto fine su i piatti spessa sugli scalzi,Spessore della Crosta,"0,8 cm molto fine su I piatti. Spessa sugli scalzi","Crosta sottile e molto fine sulla parte piatta, spessa sugli scalzi.",4,5584,
Spessore della Crosta::molto spessa,Spessore della Crosta,Molto spessa,Crosta molto spessa.,8,12968,
Spessore della Crosta::1 colorazione che sfuma gradualmente più evidenti angoli e scalzo,Spessore della Crosta,1 colorazione che sfuma gradualmente più evidenti angoli e scalzo,"Crosta con colorazione che sfuma gradualmente, angoli e scalzo più evidenti.",4,40350,
Spessore della Crosta::spigoli molto pronunciati in uno anche con fine occhiatura,Spessore della Crosta,"Spigoli molto pronunciati, in uno anche con fine occhiatura","Crosta con spigoli molto pronunciati, in uno con fine occhiatura.",4,16998,
Spessore della Crosta::sugli scalzi più grossa che su i piatti ma mediamente 8 mm,Spessore della Crosta,"Sugli scalzi più grossa che su i piatti,ma mediamente 8 mm","Crosta con spessore variabile, più spessa sugli scalzi e sottile sulle parti piatte, mediamente sottile.",4,22314,
Spessore della Crosta::non uniforme uno scalzo molto più grosso media 1,Spessore della Crosta,Non uniforme uno scalzo molto più grosso media 1,"Crosta non uniforme, con scalzo molto più spesso rispetto alla parte piatta mediamente spessa.",4,44162,
Spessore della Crosta::evidente parte nera,Spessore della Crosta,Evidente parte nera,Crosta con evidente parte nera.,4,9373,
Spessore della Crosta::superiore a 11,Spessore della Crosta,Superiore a 11,Crosta mediamente spessa.,8,36937,
Spessore della Crosta::ne grossa ne fine,Spessore della Crosta,Ne grossa ne fine,Crosta di spessore medio.,4,41510,
Spessore della Crosta::non cosi evidente dato lo sfondo molto carico,Spessore della Crosta,Non cosi evidente dato lo sfondo molto carico,Crosta poco evidente per via dello sfondo intenso.,4,24329,
Spessore della Crosta::chiaro e regolare,Spessore della Crosta,Chiaro e regolare,Crosta regolare e di colore chiaro.,4,26092,
Spessore della Crosta::crosta fine ma con molta unghia (media 1 2 cm),Spessore della Crosta,"Crosta fine ma con molta unghia (media 1,2 cm)",Crosta sottile con unghia pronunciata e spessore medio.,4,23914,
Spessore della Crosta::piatto a cavallo del cm scalzi spessi,Spessore della Crosta,Piatto a cavallo del cm. Scalzi spessi,Crosta con parte piatta mediamente spessa e scalzi pronunciati.,4,11352,
Spessore della Crosta::non considero la muffa,Spessore della Crosta,Non considero la muffa,NON_DESCRITTO,4,48976,
Spessore della Crosta::diverso tra piatti e scalzi più fini,Spessore della Crosta,Diverso tra piatti e scalzi più fini!,Crosta con spessore diverso tra le parti piatte e gli scalzi più sottili.,4,18768,
Spessore della Crosta::9 10 mm chiaro,Spessore della Crosta,9 10 mm chiaro,"Crosta sottile, di colore chiaro.",2,46343,
Spessore della Crosta::tanta unghia soprattutto sugli spigoli,Spessore della Crosta,Tanta unghia soprattutto sugli spigoli,Crosta con unghia pronunciata soprattutto sugli spigoli.,4,47164,
Spessore della Crosta::più evidente su un lato,Spessore della Crosta,Più evidente su un lato,Crosta con spessore più marcato su un lato.,8,18305,
Spessore della Crosta::1 piatto molto bello l'altro più spesso ottimo angoli,Spessore della Crosta,1 piatto molto bello. L'altro più spesso. Ottimo angoli,"Crosta con parte piatta sottile e altro lato più spesso, spigoli pronunciati.",4,4441,
Spessore della Crosta::fine,Spessore della Crosta,Fine!,Crosta sottile.,12,1143,
Spessore della Crosta::evidente minimo 10mm,Spessore della Crosta,Evidente Minimo 10mm,"Crosta mediamente spessa, evidente.",4,25700,
Spessore della Crosta::0 9 cm più spessa sugli scalzi,Spessore della Crosta,"0,9 cm più spessa sugli scalzi","Crosta sottile, più spessa sugli scalzi.",4,18919,
Spessore della Crosta::sfumata spigoli accentuati media 7mm,Spessore della Crosta,Sfumata Spigoli accentuati Media 7mm,Crosta sfumata con spigoli accentuati e spessore molto sottile.,4,31864,
Spessore della Crosta::dal colore marcato meno spessa su un lato,Spessore della Crosta,"Dal colore marcato, meno spessa su un lato",Crosta meno spessa su un lato.,4,5818,
Spessore della Crosta::alta con disomogeneità verso le aree,Spessore della Crosta,Alta con disomogeneità verso le aree..,Crosta spessa con disomogeneità nelle aree.,4,9883,
Spessore della Crosta::alta,Spessore della Crosta,Alta,Crosta spessa.,4,13808,
Spessore della Crosta::uno scalzo bruttissimo il resto buona,Spessore della Crosta,Uno scalzo bruttissimo. Il resto buona,Crosta con scalzo irregolare e resto regolare.,4,51103,
Spessore della Crosta::12 mm ahfumata,Spessore della Crosta,12 mm ahfumata,Crosta mediamente spessa e sfumata.,4,27811,
Spessore della Crosta::piatti e scalzo circa 10mm spigoli circa 20mm,Spessore della Crosta,Piatti e scalzo circa 10mm Spigoli circa 20mm,"Crosta con parte piatta e scalzo mediamente spessi, spigoli pronunciati.",4,7966,
Spessore della Crosta::spessore medio scalzo e piatto 8mm spigoli 18mm minimo,Spessore della Crosta,Spessore medio scalzo e piatto 8mm Spigoli 18mm minimo,"Crosta con spessore medio su scalzo e parte piatta sottile, spigoli molto spessi.",4,40279,
Spessore della Crosta::decisamente più spesso sugli scalzo uno in particolare,Spessore della Crosta,"Decisamente più spesso sugli scalzo,uno in particolare","Crosta con spessore pronunciato sugli scalzi, in particolare su uno.",4,24265,
Spessore della Crosta::spessa su un lato,Spessore della Crosta,Spessa su un lato,Crosta spessa su un lato.,4,31949,
Spessore della Crosta::poco evidente perché il colore di fondo è carico più evidente negli angoli,Spessore della Crosta,Poco evidente perché il colore di fondo è carico più evidente negli angoli,"Crosta con spessore poco evidente negli angoli, sfumato nel resto.",4,27741,
Spessore della Crosta::non uniforme ma sui piatti molto sottile,Spessore della Crosta,Non uniforme ma sui piatti molto sottile,"Crosta non uniforme, molto sottile sulle parti piatte.",4,30699,
Spessore della Crosta::medio,Spessore della Crosta,Medio..,Crosta mediamente spessa.,8,11218,
Spessore della Crosta::1 1 con sottocrosta marcato,Spessore della Crosta,"1,1 con sottocrosta marcato",Crosta mediamente spessa con sottocrosta marcato.,4,35713,
Spessore della Crosta::spessore uniforme e nella media,Spessore della Crosta,Spessore uniforme e nella media,Crosta con spessore medio e uniforme.,4,35594,
Spessore della Crosta::crosta fine ma unghia spessa anche se non marcata di colore,Spessore della Crosta,Crosta fine ma unghia spessa anche se non marcata di colore,"Crosta sottile, con unghia spessa e colore non marcato.",4,47444,
Spessore della Crosta::molto sottile a tratti,Spessore della Crosta,Molto sottile a tratti,Crosta molto sottile a tratti.,4,42884,
Spessore della Crosta::abbastanza spesso,Spessore della Crosta,Abbastanza spesso,Crosta abbastanza spessa.,4,22224,
Spessore della Crosta::variabile ma nel complesso 8 mm,Spessore della Crosta,Variabile ma nel complesso 8 mm,"Crosta variabile, spessore nel complesso sottile.",4,44833,
Spessore della Crosta::ben distinta 5mm,Spessore della Crosta,Ben distinta 5mm,Crosta molto sottile e ben distinta.,4,20516,
Spessore della Crosta::intorno ai 10 mm i piatti scalzi più spessi,Spessore della Crosta,"Intorno ai 10 mm i piatti, scalzi più spessi","Crosta mediamente spessa nella parte piatta, scalzo più pronunciato.",4,21669,
Spessore della Crosta::12 km sottoscritta aranciato,Spessore della Crosta,12 km sottoscritta aranciato,"Crosta mediamente spessa, aranciata e sottoscritta.",4,37263,
Spessore della Crosta::a tratti molto fine,Spessore della Crosta,A tratti molto fine,Crosta a tratti molto sottile.,4,17376,
Spessore della Crosta::più marcata su un lato,Spessore della Crosta,Più marcata su un lato,Crosta con spessore più marcato su un lato.,4,35657,
Spessore della Crosta::non molto spessa,Spessore della Crosta,Non molto spessa,Crosta non molto spessa.,4,37020,
Spessore della Crosta::13 più evidente su un piatto e angoli,Spessore della Crosta,13 più evidente su un piatto e angoli,"Crosta mediamente spessa, più marcata su parte piatta e spigoli.",4,22213,
Spessore della Crosta::0 9 cm più spessa su un piatto,Spessore della Crosta,"0,9 cm Più spessa su un piatto","Crosta sottile, più spessa sulla parte piatta.",4,16841,
Spessore della Crosta::più intenso sotto uno scalzo e un piatto,Spessore della Crosta,Più intenso sotto uno scalzo e un piatto,Crosta con spessore variabile: più marcato sotto lo scalzo e la parte piatta.,4,25630,
Spessore della Crosta::1 cm ma di colore molto contrastato,Spessore della Crosta,1 cm ma di colore molto contrastato,"Crosta mediamente spessa, di colore molto contrastato.",4,5810,
Spessore della Crosta::molto più spessa sugli scalzi 1 5 mm che qui piatti 0 9,Spessore della Crosta,"Molto più spessa sugli scalzi 1,5 mm che qui piatti 0.9","Crosta con spessore disomogeneo: spessa sugli scalzi, sottile sulle parti piatte.",4,9880,
Spessore della Crosta::alone disidratato sotto crosta confonde,Spessore della Crosta,Alone disidratato Sotto crosta confonde,Crosta con alone disidratato e sottocrosta poco distinguibile.,4,45,
Spessore della Crosta::colore tranciato sottocrosta più netta sotto 1 piatto,Spessore della Crosta,Colore tranciato sottocrosta più netta sotto 1 piatto,Crosta con sottocrosta marcata e parte piatta mediamente spessa.,4,34406,
Spessore della Crosta::non omogeneo,Spessore della Crosta,Non omogeneo,Crosta disomogenea.,4,3281,
Spessore della Crosta::sottile,Spessore della Crosta,Sottile,Crosta sottile.,396,5509,
Spessore della Crosta::molto spessa sugli scalzi,Spessore della Crosta,"Molto spessa sugli scalzi,",Crosta molto spessa sugli scalzi.,4,27816,
Spessore della Crosta::abbastanza irregolare con media maggiore di 1 1 cm,Spessore della Crosta,Abbastanza irregolare con media maggiore di 1.1 cm,"Crosta abbastanza irregolare, con spessore mediamente superiore allo standard.",2,46261,
Spessore della Crosta::1 cm ma è disomogenea più marcata su un piatto con sottocrosta evidente,Spessore della Crosta,1 cm ma è disomogenea. Più marcata su un piatto con sottocrosta evidente,"Crosta mediamente spessa, disomogenea, con marcatura più accentuata su una faccia e sottocrosta evidente.",4,15631,
Spessore della Crosta::su due lati ella ma sugli altri e negli angoli elevata media pari a 1,Spessore della Crosta,Su due lati ella ma sugli altri e negli angoli elevata media pari a 1,"Crosta con spessore variabile: mediamente spessa su due lati, elevata negli angoli e sugli altri lati.",2,46849,
Spessore della Crosta::2 brutti angoli,Spessore della Crosta,2 brutti angoli,Crosta con angoli irregolari.,4,4750,
Spessore della Crosta::colore arancio marrone sotto un piatto,Spessore della Crosta,Colore arancio marrone sotto un piatto,Crosta piatta con colore arancio marrone.,4,9371,
Spessore della Crosta::più spessa su un piatto,Spessore della Crosta,Più spessa su un piatto,Crosta con spessore più marcato sulla parte piatta.,8,42609,
Spessore della Crosta::sottile sui piatti,Spessore della Crosta,Sottile sui piatti,Crosta sottile sulla parte piatta.,4,22315,
Spessore della Crosta::poco regolare,Spessore della Crosta,Poco regolare,Crosta poco regolare.,4,35831,
Spessore della Crosta::netta su un piatto sfumata e spessa sull'altro,Spessore della Crosta,Netta su un piatto. Sfumata e spessa sull'altro,"Crosta netta e sottile su una faccia, sfumata e spessa sull'altra.",4,30744,
Spessore della Crosta::molto sottile su una faccia,Spessore della Crosta,Molto sottile su una faccia,Crosta molto sottile sulla faccia superiore.,4,5587,
Spessore della Crosta::un poco spessa 11mm,Spessore della Crosta,"Un Poco spessa, 11mm",Crosta mediamente spessa.,2,46260,
Spessore della Crosta::sfumata scalzo e piatto medio 9mm spigoli 15mm,Spessore della Crosta,Sfumata Scalzo e piatto medio 9mm Spigoli 15mm,"Crosta sfumata con scalzo e parte piatta di spessore sottile, spigoli spessi.",4,27460,
Spessore della Crosta::sottocrosta con microocchiatura,Spessore della Crosta,Sottocrosta con microocchiatura,Crosta con sottocrosta caratterizzata da microocchiatura.,14,2197,
Spessore della Crosta::colori diversi,Spessore della Crosta,Colori diversi,Crosta di colori diversi.,4,51746,
Spessore della Crosta::circa 1 cm ma di colore poco contrastato,Spessore della Crosta,Circa 1 cm ma di colore poco contrastato,"Crosta mediamente spessa, di colore poco contrastato.",4,6041,
Spessore della Crosta::sfumata media 8mm,Spessore della Crosta,Sfumata Media 8mm,Crosta sfumata e sottile.,4,13170,
Spessore della Crosta::piatti sottili,Spessore della Crosta,Piatti sottili,Crosta con parti piatte sottili.,2,46172,
Spessore della Crosta::molto grossa oltre 15mm negli scalzo spigoli pronunciati,Spessore della Crosta,Molto grossa oltre 15mm negli scalzo spigoli pronunciati,Crosta molto spessa negli scalzi con spigoli pronunciati.,4,27749,
Spessore della Crosta::almeno la crosta non é male,Spessore della Crosta,Almeno la crosta non é male,NON_DESCRITTO,4,7891,
Spessore della Crosta::colore sottocrosta aranciato,Spessore della Crosta,Colore sottocrosta aranciato,Crosta con sottocrosta aranciata.,4,44320,
Spessore della Crosta::più pronunciato sui piatti,Spessore della Crosta,Più pronunciato sui piatti,Crosta con spessore più pronunciato sulla parte piatta.,4,51547,
Spessore della Crosta::sottocrosta marcato,Spessore della Crosta,Sottocrosta marcato,Crosta con sottocrosta marcata.,4,7509,
Spessore della Crosta::sotto scalzo zona disidratata e ammuffita,Spessore della Crosta,Sotto scalzo zona disidratata e ammuffita,Crosta con scalzo disidratato e ammuffito.,4,48974,
Spessore della Crosta::molto spessa su un piatto,Spessore della Crosta,Molto spessa su un piatto,Crosta molto spessa sulla parte piatta.,4,13874,
Spessore della Crosta::mediamente attorno a 11 12 mm,Spessore della Crosta,Mediamente attorno a 11 12 mm,Crosta mediamente spessa.,4,21859,
Spessore della Crosta::1 1 cm crosta marcata con unghia di colore ocra,Spessore della Crosta,"1,1 cm crosta marcata con unghia di colore ocra","Crosta mediamente spessa, marcata, con unghia di colore ocra.",12,29579,
Spessore della Crosta::colore sottocrosta,Spessore della Crosta,Colore sottocrosta,NON_DESCRITTO,8,7428,
Spessore della Crosta::colori diversi fra i piatti,Spessore della Crosta,Colori diversi fra i piatti,Crosta di colori diversi tra i piatti.,4,4752,
Spessore della Crosta::ovunque spessa,Spessore della Crosta,Ovunque spessa,Crosta spessa.,4,15460,
Spessore della Crosta::disomogenea sfumata su un lato media 8mm,Spessore della Crosta,Disomogenea sfumata su un lato Media 8mm,"Crosta disomogenea e sfumata su un lato, con spessore sottile.",4,41335,
Spessore della Crosta::colore rosa sottocrosta,Spessore della Crosta,Colore rosa sottocrosta,Crosta con sottocrosta rosa.,4,48772,
Spessore della Crosta::unghia marcata,Spessore della Crosta,Unghia marcata,Crosta unghia marcata.,4,47500,
Spessore della Crosta::1 piatto molto sottile l'altro più spesso nella parte centrale,Spessore della Crosta,"1 piatto molto sottile, l'altro più spesso nella parte centrale","Crosta disomogenea, con una faccia molto sottile e l'altra più spessa nella parte centrale.",4,47384,
Spessore della Crosta::1 piatto sul 12 mm o più l'altro più sottile,Spessore della Crosta,"1 piatto sul 12 mm o più, l'altro più sottile","Crosta irregolare, con parte piatta mediamente spessa e l'altro lato più sottile.",4,5811,
Spessore della Crosta::abbastanza regolare,Spessore della Crosta,Abbastanza regolare,Crosta abbastanza regolare.,2,46844,
Spessore della Crosta::nella norma,Spessore della Crosta,Nella norma,Crosta nella norma.,8,6047,
Spessore della Crosta::10 mm in media,Spessore della Crosta,10 mm in media,Crosta mediamente spessa.,4,13878,
Spessore della Crosta::bella 10mm,Spessore della Crosta,"Bella, 10mm",Crosta mediamente spessa.,2,46680,
Spessore della Crosta::crosta molto sottile sui piatti,Spessore della Crosta,Crosta molto sottile sui piatti,Crosta molto sottile sulla parte piatta.,4,21860,
Spessore della Crosta::piatti senza crosta,Spessore della Crosta,Piatti senza crosta,Crosta assente sui piatti.,2,46928,
Spessore della Crosta::9 10 più deciso su un piatto,Spessore della Crosta,9 10 più deciso su un piatto,"Crosta con spessore sottile, più marcato sulla parte piatta.",4,21766,
Spessore della Crosta::15 più su 1 lato angoli,Spessore della Crosta,15 più su 1 lato angoli,Crosta spessa sui lati e negli angoli.,4,35470,
Spessore della Crosta::sfumata media 9mm,Spessore della Crosta,Sfumata Media 9mm,Crosta sfumata con spessore sottile.,8,16835,
Spessore della Crosta::un piatto è il doppio dell' altro,Spessore della Crosta,Un piatto è il doppio dell' altro,"Crosta irregolare, con spessore disomogeneo tra le diverse zone.",4,50153,
Spessore della Crosta::molto fine 7 mm,Spessore della Crosta,Molto fine.. 7 mm,Crosta molto sottile.,4,9211,
Spessore della Crosta::crosta ben distinta dalla pasta media 8mm,Spessore della Crosta,Crosta ben distinta dalla pasta Media 8mm,"Crosta sottile, ben distinta dalla pasta.",4,44823,
Spessore della Crosta::crosta piatto e scalzo sfumata spessore indefinito media indicativa 9mm spigoli accentuati,Spessore della Crosta,Crosta piatto e scalzo sfumata spessore indefinito media indicativa 9mm Spigoli accentuati,"Crosta con parte piatta e scalzo sfumati, spigoli accentuati e spessore sottile.",4,9874,
Spessore della Crosta::1 1 cm unghia spessa,Spessore della Crosta,"1,1 cm Unghia spessa","Crosta mediamente spessa, unghia marcata.",4,11355,
Spessore della Crosta::colore sfumato su base scura difficile vedere dove finisce,Spessore della Crosta,Colore sfumato su base scura difficile vedere dove finisce,Crosta dal colore sfumato su base scura.,4,50549,
Spessore della Crosta::chiara ma spessa,Spessore della Crosta,Chiara ma spessa,"Crosta spessa, ben marcata.",4,51064,
Spessore della Crosta::scalzo e piatti circa 10mm spigoli circa 18mm media 10mm,Spessore della Crosta,Scalzo e piatti circa 10mm Spigoli circa 18mm Media 10mm,"Crosta con scalzo e parti piatte mediamente spesse, spigoli molto spessi e spessore medio.",4,15962,
Spessore della Crosta::8 9 km,Spessore della Crosta,8 9 km,NON_DESCRITTO,2,46679,
Spessore della Crosta::crosta sempre superiore al cm su uno scalzi molto spessa,Spessore della Crosta,Crosta sempre superiore al cm. Su uno scalzi molto spessa,"Crosta mediamente spessa, con scalzo molto spesso.",4,15572,
Spessore della Crosta::1 piatto particolarmente fine,Spessore della Crosta,1 piatto particolarmente fine,Crosta con parte piatta molto sottile.,4,24120,
Spessore della Crosta::9 10 mm decisi,Spessore della Crosta,9 10 mm decisi,"Crosta sottile, con spessore deciso.",4,15408,
Spessore della Crosta::unghia marcata sugli scalzi,Spessore della Crosta,Unghia marcata sugli scalzi,Crosta con unghia marcata sugli scalzi.,4,7971,
Spessore della Crosta::crosta netta non presente sottocrosta,Spessore della Crosta,Crosta netta. Non presente sottocrosta,Crosta netta senza sottocrosta distinguibile.,4,49637,
Spessore della Crosta::disomogenea in zone anche inferiore a 7 km in altre fino a 14 mm,Spessore della Crosta,Disomogenea. In zone anche inferiore a 7 km. In altre fino a 14 mm,"Crosta disomogenea, con zone molto sottili e altre spesse.",2,46926,
Spessore della Crosta::colore di fondo carico si nota meno il sottocrosta,Spessore della Crosta,Colore di fondo carico si nota meno il sottocrosta,Crosta di colore carico con sottocrosta poco distinguibile.,4,4,
Spessore della Crosta::decisamente più intenso su un piatto,Spessore della Crosta,Decisamente più intenso su un piatto,"Crosta con spessore irregolare, più marcato sulla parte piatta.",4,34413,
Spessore della Crosta::sempre sopra al cm,Spessore della Crosta,Sempre sopra al cm,Crosta spessa.,4,42464,
Spessore della Crosta::grossa ed evidente,Spessore della Crosta,Grossa ed evidente,Crosta spessa ed evidente.,4,30797,
Spessore della Crosta::sempre sopra al cm su 1 piatto molto spessa,Spessore della Crosta,Sempre sopra al cm. Su 1 piatto molto spessa,"Crosta sempre mediamente spessa, con parte piatta molto spessa.",4,18376,
Spessore della Crosta::medio alto,Spessore della Crosta,Medio alto,Crosta spessa.,4,9379,
Spessore della Crosta::molto basso omogeneo,Spessore della Crosta,Molto basso omogeneo..,Crosta molto sottile e omogenea.,2,46681,
Spessore della Crosta::difficile da distinguere circa 12mm spigoli mo ti accentuati,Spessore della Crosta,Difficile da distinguere Circa 12mm Spigoli mo!ti accentuati,"Crosta mediamente spessa con spigoli molto accentuati, limite con la pasta poco distinguibile.",4,20390,
Spessore della Crosta::fine nei patti e grossa negli scalzi,Spessore della Crosta,Fine nei patti e grossa negli scalzi...,Crosta fine nella parte piatta e spessa negli scalzi.,4,11428,
Spessore della Crosta::pulita,Spessore della Crosta,Pulita,Crosta pulita.,8,49860,
Spessore della Crosta::su un lato 6 mm sull'altro 8 sullo scalzo 12,Spessore della Crosta,Su un lato 6 mm sull'altro 8 sullo scalzo 12,"Crosta molto sottile su un lato, sottile sull'altro e mediamente spessa sullo scalzo.",4,12891,
Spessore della Crosta::1 piatto molto buono l'altro disastroso,Spessore della Crosta,"1 piatto molto buono, l'altro disastroso",Crosta con spessore disomogeneo tra i due lati.,4,31866,
Spessore della Crosta::piatto circa 12mm scalzo circa 15mm spigoli circa 22mm media 13mm,Spessore della Crosta,Piatto circa 12mm Scalzo circa 15mm Spigoli circa 22mm Media 13mm,"Crosta con parte piatta mediamente spessa, scalzo spesso, spigoli pronunciati e spessore medio.",4,35769,
Spessore della Crosta::limite sfumato crostone,Spessore della Crosta,Limite sfumato. Crostone,Crosta spessa con limite sfumato.,4,47496,
Spessore della Crosta::abbastanza omogenea una faccia la crosta piú sottile,Spessore della Crosta,"Abbastanza omogenea, una faccia la crosta piú sottile","Crosta abbastanza omogenea, con una faccia più sottile.",4,15521,
Spessore della Crosta::più su un lato,Spessore della Crosta,Più su un lato,Crosta con spessore variabile da un lato all'altro.,4,16990,
Spessore della Crosta::0 8 ma su un lato il colore e scuro ed è netto il passaggio,Spessore della Crosta,"0,8 ma su un lato il colore e scuro ed è netto il passaggio","Crosta sottile, con passaggio netto tra il colore scuro su un lato e la parte rimanente.",4,40280,
Spessore della Crosta::12 m,Spessore della Crosta,12 m,Crosta mediamente spessa.,4,7351,
Spessore della Crosta::negli scalzi grossa molto fine nei piatti,Spessore della Crosta,Negli scalzi grossa molto fine nei piatti,"Crosta grossa negli scalzi, molto sottile nella parte piatta.",4,5588,
Spessore della Crosta::spessa e con macchia scura,Spessore della Crosta,Spessa e con macchia scura,Crosta spessa con macchia scura.,4,9376,
Spessore della Crosta::tutta abbastanza spessa,Spessore della Crosta,Tutta abbastanza spessa,Crosta abbastanza spessa.,4,21760,
Spessore della Crosta::1 e 1 2 su un lato scalzo e angoli,Spessore della Crosta,"1 e 1,2 su un lato scalzo e angoli",Crosta mediamente spessa sullo scalzo e agli angoli.,4,20454,
Spessore della Crosta::sottocrosta poco evidente,Spessore della Crosta,Sottocrosta poco evidente,Crosta con sottocrosta poco evidente.,8,32407,
Spessore della Crosta::leggero sottocrosta carico,Spessore della Crosta,Leggero sottocrosta carico,Crosta con sottocrosta carico.,8,4427,
Spessore della Crosta::colore sottocrosta di colore diverso tra piatti,Spessore della Crosta,Colore sottocrosta di colore diverso tra piatti,Crosta con sottocrosta di colore diverso tra piatti.,4,49655,
Spessore della Crosta::colore sganciato del sotto crosta più evidente su 1 lato,Spessore della Crosta,Colore sganciato del sotto crosta più evidente su 1 lato,Crosta con sottocrosta più evidente su un lato.,4,11421,
Spessore della Crosta::uniforme 1 spigoli fini,Spessore della Crosta,Uniforme 1 spigoli fini,"Crosta mediamente spessa e uniforme, con spigoli fini.",4,40288,
Spessore della Crosta::inferiore al cm in un piatto nell'altro più spessa,Spessore della Crosta,"Inferiore al cm in un piatto, nell'altro più spessa","Crosta di spessore variabile: sottile nella parte piatta, più spessa nell'altro lato.",4,20204,
Spessore della Crosta::sottile ai piatti,Spessore della Crosta,Sottile ai piatti,Crosta sottile sulla parte piatta.,4,13871,
Spessore della Crosta::più evidente sullo scalzo e angoli,Spessore della Crosta,Più evidente sullo scalzo e angoli,Crosta con spessore più marcato sullo scalzo e agli angoli.,4,7890,
Spessore della Crosta::modellatura nel sotto crosta,Spessore della Crosta,Modellatura nel sotto crosta,Crosta con modellatura nel sottocrosta.,4,3490,
Spessore della Crosta::11 valore medio,Spessore della Crosta,11 valore medio,Crosta mediamente spessa.,4,35778,
Spessore della Crosta::media 1 spigoli pronunciati,Spessore della Crosta,Media 1 spigoli pronunciati,Crosta mediamente spessa con spigoli pronunciati.,4,24336,
Spessore della Crosta::disomogenea su un piatto finissima spigoli pronunciati,Spessore della Crosta,Disomogenea su un piatto finissima spigoli pronunciati,"Crosta disomogenea, con parte piatta molto sottile e spigoli pronunciati.",4,6050,
Spessore della Crosta::intenso difetto che dall'esterno entra nellunghia,Spessore della Crosta,"Intenso, difetto che dall'esterno entra nellunghia",Crosta con difetto che dall'esterno entra nell'unghia.,4,25707,
Spessore della Crosta::spessore regolare nella media,Spessore della Crosta,Spessore regolare nella media,Crosta regolare con spessore medio.,4,22220,
Spessore della Crosta::sfumata e dispari media 10mm,Spessore della Crosta,Sfumata e dispari Media 10mm,"Crosta sfumata, irregolare e mediamente spessa.",4,16989,
Spessore della Crosta::buoni angoli,Spessore della Crosta,Buoni angoli,Crosta con spigoli pronunciati.,8,3816,
Spessore della Crosta::fine sui piatti spessa sugli scalzi 0 9cm media,Spessore della Crosta,"Fine sui piatti, spessa sugli scalzi 0,9cm media","Crosta sottile sulle parti piatte, spessa sugli scalzi e spessore medio complessivo.",4,11425,
Spessore della Crosta::spessa più spessa su una faccia,Spessore della Crosta,Spessa più spessa su una faccia,"Crosta spessa, più marcata su una faccia.",4,18382,
Spessore della Crosta::spigoli pronunciati crosta sottil,Spessore della Crosta,Spigoli pronunciati crosta sottil,Crosta con spigoli pronunciati e sottile.,4,13809,
Spessore della Crosta::colore rossastra da un lato e grigio dall'altro,Spessore della Crosta,Colore rossastra da un lato e grigio dall'altro,Crosta con colore rossastro da un lato e grigio dall'altro.,4,49646,
Spessore della Crosta::piatto e scalzo media 10mm spigoli 20mm,Spessore della Crosta,Piatto e scalzo media 10mm Spigoli 20mm,"Crosta con parte piatta e scalzo mediamente spessi, spigoli pronunciati.",4,21666,
Spessore della Crosta::te poi sottocrosta,Spessore della Crosta,Te poi sottocrosta,NON_DESCRITTO,10,1965,
Spessore della Crosta::molto diverso tra piatti più fine e scalzi più grossi,Spessore della Crosta,Molto diverso tra piatti più fine e scalzi più grossi.,"Crosta con spessore molto diverso tra le parti piatte, più sottili, e lo scalzo, più spesso.",4,7822,
Spessore della Crosta::limite della crosta sfumato spessa,Spessore della Crosta,"Limite della crosta sfumato, spessa.",Crosta spessa con limite sfumato.,4,30695,
Spessore della Crosta::più evidente su 1 lato come colore 0 8 vs 1 2,Spessore della Crosta,"Più evidente su 1 lato come colore 0,8 vs 1,2","Crosta con spessore variabile tra i lati, sottile su un lato e mediamente spessa sull'altro.",4,36927,
Spessore della Crosta::un piatto migliore dell'altro comunque spessori ridotti,Spessore della Crosta,Un piatto migliore dell'altro. Comunque spessori ridotti,Crosta con spessore ridotto e disomogeneo tra i lati.,4,27392,
Spessore della Crosta::crostone,Spessore della Crosta,Crostone,Crosta molto spessa.,4,23911,
Spessore della Crosta::diversa tra scalzi e piatti ma mediamente 8 mm,Spessore della Crosta,Diversa tra scalzi e piatti ma mediamente 8 mm,"Crosta con spessore variabile tra scalzi e parti piatte, mediamente sottile.",4,32412,
Spessore della Crosta::1 2 cm ma con unghia spessa e di colore bruno,Spessore della Crosta,"1,2 cm ma con unghia spessa e di colore bruno",Crosta mediamente spessa con unghia marcata e colore bruno.,4,16995,
Spessore della Crosta::poco contrasto dato l'ok colore di fondo carico,Spessore della Crosta,Poco contrasto dato l'ok colore di fondo carico,Crosta con colore di fondo carico e poco contrasto.,4,30792,
Spessore della Crosta::piatto sfumato con media 8mm scalzo sui 9mm spigoli 15mm,Spessore della Crosta,Piatto sfumato con media 8mm Scalzo sui 9mm Spigoli 15mm,"Crosta con parte piatta sfumata mediamente spessa, scalzo sottile e spigoli spessi.",4,22303,
Spessore della Crosta::0 8 più evidente negli angoli,Spessore della Crosta,"0,8 più evidente negli angoli","Crosta sottile, più evidente negli angoli.",4,37431,
Spessore della Crosta::spessore irregolare,Spessore della Crosta,Spessore irregolare,Crosta con spessore irregolare.,6,41169,
Spessore della Crosta::1 cm ma con unghia marcata,Spessore della Crosta,1 cm ma con unghia marcata,Crosta mediamente spessa con unghia marcata.,4,18380,
Spessore della Crosta::crosta piuttosto spessa,Spessore della Crosta,Crosta piuttosto spessa,Crosta piuttosto spessa.,4,35774,
Spessore della Crosta::colore sottocrosta grigiastro,Spessore della Crosta,Colore Sottocrosta grigiastro,Crosta con sottocrosta grigiastra.,24,3489,
Spessore della Crosta::ovunque superiore al cm,Spessore della Crosta,Ovunque superiore al cm,Crosta molto spessa.,4,9372,
Spessore della Crosta::più marcata su un piatto,Spessore della Crosta,Più marcata su un piatto,Crosta con spessore più marcato sulla parte piatta.,4,42610,
Spessore della Crosta::12 14 mm,Spessore della Crosta,12. 14 mm,Crosta mediamente spessa.,4,16997,
Spessore della Crosta::11 ma colore sottoscritta aranciato,Spessore della Crosta,11 ma colore sottoscritta aranciato,"Crosta mediamente spessa, con sottocrosta aranciata.",4,25547,
Spessore della Crosta::un lato crosta inferiore a1,Spessore della Crosta,Un lato crosta inferiore a1,Crosta con uno spessore inferiore al lato opposto.,4,44743,
Spessore della Crosta::1 scalzo brutto,Spessore della Crosta,1 scalzo brutto,Crosta con scalzo irregolare.,10,1943,
Spessore della Crosta::mediamente 10,Spessore della Crosta,Mediamente 10..,Crosta mediamente spessa.,4,37357,
Spessore della Crosta::spigoli grossolani grossa,Spessore della Crosta,Spigoli grossolani grossa,Crosta spessa con spigoli marcati.,4,37526,
Spessore della Crosta::spesso sotto i 10 mm,Spessore della Crosta,Spesso sotto i 10 mm,Crosta sottile.,4,41337,
Spessore della Crosta::sottile nei piatti circa 0 5 grossa negli scalzi spigoli normali,Spessore della Crosta,"Sottile nei piatti circa 0,5 grossa negli scalzi spigoli normali","Crosta sottile nelle parti piatte e spessa negli scalzi, spigoli regolari.",4,26172,
Spessore della Crosta::sottoscritta ampio,Spessore della Crosta,Sottoscritta ampio,Crosta sottile con ampio sviluppo laterale.,10,2028,
Spessore della Crosta::irregolare anche nel colore,Spessore della Crosta,Irregolare anche nel colore,Crosta irregolare nel colore.,4,24125,
Spessore della Crosta::colore sottoscritta diverso rossastro sotto scalzo e grigio sotto i piatti,Spessore della Crosta,Colore sottoscritta diverso rossastro sotto scalzo e grigio sotto i piatti,Crosta con sottocrosta di colore diverso: rossastra sotto lo scalzo e grigiastra sotto le parti piatte.,4,311,
Spessore della Crosta::sfumata media scalzo e piatti 10mm spigolo 20mm,Spessore della Crosta,Sfumata Media scalzo e piatti 10mm Spigolo 20mm,"Crosta sfumata, spessore medio su scalzo e parti piatte, spigoli pronunciati.",4,21848,
Spessore della Crosta::spessore scalzo e piatto media 8mm,Spessore della Crosta,Spessore scalzo e piatto media 8mm,Crosta con scalzo e parte piatta sottile.,4,9286,
Spessore della Crosta::un piatto sfumato media piatto e scalzo 9mm spigoli 15mm,Spessore della Crosta,Un piatto sfumato Media piatto e scalzo 9mm Spigoli 15mm,"Crosta con parte piatta sfumata, spessore medio al piatto e scalzo, spigoli pronunciati.",4,21757,
Spessore della Crosta::media,Spessore della Crosta,Media,Crosta mediamente spessa.,596,5507,
Spessore della Crosta::6 7 molto chiaro,Spessore della Crosta,6 7 molto chiaro,"Crosta molto sottile, di colore molto chiaro.",4,17383,
Spessore della Crosta::sottile ai piatti spessa sugli scalzi media,Spessore della Crosta,"Sottile ai piatti spessa sugli scalzi, media","Crosta sottile nelle parti piatte e spessa sugli scalzi, con spessore medio complessivo.",4,7818,
Spessore della Crosta::limite sfumato ma crosta sempre spessa oltre il cm,Spessore della Crosta,Limite sfumato ma crosta sempre spessa oltre il cm,Crosta spessa con limite sfumato.,4,40351,
Spessore della Crosta::colore che sfuma su base di colore molto carico,Spessore della Crosta,Colore che sfuma su base di colore molto carico,Crosta con colore sfumato su base molto carica.,4,49188,
Spessore della Crosta::mediamente attorno a 11,Spessore della Crosta,Mediamente attorno a 11,Crosta mediamente spessa.,4,37525,
Spessore della Crosta::mediamente 10 mm con punte maggiori negli angoli,Spessore della Crosta,Mediamente 10 mm con punte maggiori negli angoli,Crosta mediamente spessa con spigoli pronunciati.,4,35478,
Spessore della Crosta::sullo scalzo colore sottocrosta rosato,Spessore della Crosta,Sullo scalzo colore sottocrosta rosato,Crosta con sottocrosta rosata sullo scalzo.,4,50526,
Spessore della Crosta::enorme unghia,Spessore della Crosta,Enorme unghia,Crosta unghia molto spessa.,4,3329,
Spessore della Crosta::tare nella crosta e sottocrosta,Spessore della Crosta,Tare nella crosta e Sottocrosta,Crosta con difetti e sottocrosta poco distinguibile.,4,50896,
Spessore della Crosta::ne sottile ne grossa,Spessore della Crosta,Ne sottile ne grossa,Crosta di spessore medio.,8,18770,
Spessore della Crosta::grana fine regolare piccole occhiature al centro,Spessore della Crosta,"Grana fine, regolare, piccole occhiature al centro",NON_DESCRITTO,4,21856,
Spessore della Crosta::regolare entro1 cm,Spessore della Crosta,Regolare entro1 cm,"Crosta regolare, mediamente spessa.",4,40423,
Spessore della Crosta::spessore medio piatto e scalzo circa7mm spigoli circa 15mm,Spessore della Crosta,Spessore medio piatto e scalzo circa7mm Spigoli circa 15mm,"Crosta con spessore medio sulla parte piatta, scalzo molto sottile, e spigoli spessi.",4,40419,
Spessore della Crosta::un sottocrosta tendente al verde,Spessore della Crosta,Un sottocrosta tendente al verde,Crosta con sottocrosta tendente al verde.,4,728,
Spessore della Crosta::spigoli pronunciati media 1,Spessore della Crosta,Spigoli pronunciati media 1,Crosta con spigoli pronunciati e spessore medio.,4,32336,
Spessore della Crosta::colore aranciato molto carico,Spessore della Crosta,Colore aranciato molto carico,Crosta dal colore aranciato molto carico.,4,18298,
Spessore della Crosta::sempre sopra il cm,Spessore della Crosta,Sempre sopra il cm.,Crosta spessa.,4,44237,
Spessore della Crosta::sottocrosta rosa,Spessore della Crosta,Sottocrosta rosa,Crosta con sottocrosta rosa.,4,49423,
Spessore della Crosta::10 un piatto più deciso,Spessore della Crosta,10 un piatto più deciso,"Crosta mediamente spessa, parte piatta più marcata.",4,36935,
Spessore della Crosta::intorno a 8 nella media,Spessore della Crosta,Intorno a 8 nella media,Crosta di spessore sottile.,4,37021,
Spessore della Crosta::fine anche spigoli,Spessore della Crosta,Fine anche spigoli,"Crosta sottile, con spigoli poco pronunciati.",4,36938,
Spessore della Crosta::piuttosto spessa,Spessore della Crosta,Piuttosto spessa,Crosta piuttosto spessa.,24,15969,
Spessore della Crosta::sottili,Spessore della Crosta,Sottili,Crosta sottile.,4,5512,
Spessore della Crosta::sottocrosta importante soprattutto su un piatto,Spessore della Crosta,Sottocrosta importante soprattutto su un piatto,"Crosta con sottocrosta marcata, soprattutto nella parte piatta.",12,29195,
Spessore della Crosta::8 più marcato sotto un piatto,Spessore della Crosta,8 più marcato sotto un piatto,Crosta con spessore variabile: parte sottile e zona piatta meno marcata.,4,11217,
Spessore della Crosta::poco contrasto dato il colore di fondo molto carico,Spessore della Crosta,Poco contrasto dato il colore di fondo molto carico,"Crosta con colore di fondo molto carico, poco contrasto.",4,30743,
Spessore della Crosta::diverso fra i piatti e gli scalzi x intensità sotto uno spigolo occhiatura e secchezza,Spessore della Crosta,"Diverso fra i piatti e gli scalzi x intensità, sotto uno spigolo occhiatura e secchezza",Crosta con spessore diverso tra le parti piatte e gli scalzi.,4,16767,
Spessore della Crosta::spigoli da 15kmm piatto da 8 9mm media 9mm,Spessore della Crosta,Spigoli da 15kmm Piatto da 8 9mm Media 9mm,"Crosta con spigoli spessi, parte piatta sottile e spessore medio.",2,46671,
Spessore della Crosta::colore tenue della crosta,Spessore della Crosta,Colore tenue della crosta,Crosta dal colore tenue.,8,4426,
Spessore della Crosta::più sotto 1 piatto,Spessore della Crosta,Più sotto 1 piatto,Crosta sottile nella parte piatta.,4,33636,
Spessore della Crosta::crosta molto fine con un poco' di unghia 0 8 cm,Spessore della Crosta,"Crosta molto fine con un poco' di unghia 0,8 cm",Crosta molto sottile con unghia poco marcata.,4,42818,
Spessore della Crosta::crosta evidente per colore ma sottile 10mm,Spessore della Crosta,"Crosta evidente per colore, ma sottile, 10mm","Crosta sottile, di colore evidente.",2,46176,
Spessore della Crosta::molto sfumata,Spessore della Crosta,Molto sfumata,Crosta molto sfumata.,4,9882,
Spessore della Crosta::spessa agli scalzi,Spessore della Crosta,Spessa agli scalzi,Crosta spessa agli scalzi.,4,11496,
Spessore della Crosta::alto spessore,Spessore della Crosta,Alto spessore,Crosta spessa.,4,5,
Spessore della Crosta::limite netto crosta sottile,Spessore della Crosta,Limite netto. Crosta sottile,Crosta sottile con limite netto.,4,40281,
Spessore della Crosta::media 0 8 cm molto fine sei piatti spessa sugli scalzi,Spessore della Crosta,"Media 0,8 cm molto fine sei piatti spessa sugli scalzi","Crosta con spessore medio nelle zone piatte e spessa sugli scalzi, molto fine.",4,27745,
Spessore della Crosta::spessa inoltre il cm,Spessore della Crosta,Spessa inoltre il cm,Crosta spessa.,4,7429,
Spessore della Crosta::sotto ac1,Spessore della Crosta,Sotto ac1,NON_DESCRITTO,4,44834,
Spessore della Crosta::unghia molto ampia,Spessore della Crosta,Unghia molto ampia,Crosta con unghia molto ampia.,4,1006,
Spessore della Crosta::piatti e scalzo media 9mm spigoli sfumati 20mm circa,Spessore della Crosta,Piatti e scalzo media 9mm Spigoli sfumati 20mm circa,"Crosta con parti piatte e scalzo di spessore sottile, spigoli sfumati e molto pronunciati.",4,7812,
Spessore della Crosta::più spessa sullo scalzo,Spessore della Crosta,Più spessa sullo scalzo,Crosta più spessa sullo scalzo.,2,46682,
Spessore della Crosta::colore sottocrosta sfumato,Spessore della Crosta,Colore Sottocrosta sfumato,Crosta con sottocrosta sfumata.,4,16759,
Spessore della Crosta::lineare,Spessore della Crosta,Lineare,Crosta regolare.,4,35591,
Spessore della Crosta::sottocrosta disidratato fortemente,Spessore della Crosta,Sottocrosta disidratato fortemente,Crosta con sottocrosta disidratato in modo marcato.,4,49386,
Spessore della Crosta::abbastanza sottile,Spessore della Crosta,Abbastanza sottile,Crosta abbastanza sottile.,12,9297,
Spessore della Crosta::spessore non eccessivo sotto i piatti ma colore molto carico tendente al marrone rossiccio,Spessore della Crosta,Spessore non eccessivo sotto i piatti ma Colore molto carico tendente al marrone rossiccio,"Crosta di spessore non eccessivo nella parte piatta, con colore molto carico tendente al marrone rossiccio.",8,281,
Spessore della Crosta::fine su i piatti più grossa scalzi,Spessore della Crosta,Fine su i piatti più grossa scalzi,Crosta sottile sulla parte piatta e più spessa agli scalzi.,4,37022,
Spessore della Crosta::crosta fine 08 cm ma con unghia marcata agli spigoli,Spessore della Crosta,Crosta fine 08 cm ma con unghia marcata agli spigoli,Crosta sottile con unghia marcata agli spigoli.,4,24263,
Spessore della Crosta::crosta finissima ma unghia evidente,Spessore della Crosta,Crosta finissima ma unghia evidente,Crosta molto sottile con unghia evidente.,4,41171,
Spessore della Crosta::9 10 diversi i piatti,Spessore della Crosta,9 10 diversi i piatti,"Crosta con spessore sottile e mediamente spesso, parti piatte irregolari.",4,16844,
Spessore della Crosta::un piatto molto bello,Spessore della Crosta,Un piatto molto bello,Crosta piatta e regolare.,4,50527,
Spessore della Crosta::abbastanza spessa,Spessore della Crosta,Abbastanza spessa,Crosta abbastanza spessa.,4,47446,
Spessore della Crosta::sottile su una faccia,Spessore della Crosta,Sottile su una faccia,Crosta sottile su una faccia.,4,5510,
Spessore della Crosta::crosta molto fine sui piatti più spessa sugli scalzi unghia marcata,Spessore della Crosta,"Crosta molto fine sui piatti, più spessa sugli scalzi. Unghia marcata","Crosta molto sottile sulla parte piatta, più spessa sugli scalzi, con unghia marcata.",4,11215,
Spessore della Crosta::crosta sfumata media 9mm,Spessore della Crosta,Crosta sfumata Media 9mm,Crosta sfumata e sottile.,4,14290,
Spessore della Crosta::0 8 su un lato e o 6 sull'altro,Spessore della Crosta,"0,8 su un lato e o,6 sull'altro","Crosta molto sottile, con spessore disomogeneo nei due lati.",4,5502,
Spessore della Crosta::1cm ma tanta unghia su un piatto,Spessore della Crosta,1cm ma tanta unghia su un piatto,Crosta mediamente spessa con unghia marcata sulla parte piatta.,4,27395,
Spessore della Crosta::1 piatto nettamente più spesso,Spessore della Crosta,1 piatto nettamente più spesso,Crosta con parte piatta nettamente più spessa.,10,2160,
Spessore della Crosta::troppo alta negli scalzi,Spessore della Crosta,Troppo alta negli scalzi!,Crosta con spigoli molto pronunciati.,4,18383,
Spessore della Crosta::sotto crosta da un lato grigiastro di colore divero,Spessore della Crosta,Sotto crosta da un lato grigiastro di colore divero,"Crosta con sottocrosta grigiastra, di colore diverso da un lato.",4,51485,
Spessore della Crosta::sotto,Spessore della Crosta,Sotto,Crosta sottile.,4,50414,
Spessore della Crosta::piatti sottili scalzo spesso,Spessore della Crosta,Piatti sottili scalzo spesso,Crosta con parti piatte sottili e scalzo spesso.,4,24267,
Spessore della Crosta::colore sottocrosta sganciato sfuma verso linterno,Spessore della Crosta,Colore sottocrosta sganciato sfuma verso linterno,Crosta con sottocrosta sfumata verso l'interno.,4,32327,
Spessore della Crosta::crosta sfumata disomogenea media 9mm,Spessore della Crosta,Crosta sfumata disomogenea Media 9mm,"Crosta sfumata, disomogenea e di spessore sottile.",4,41167,
Spessore della Crosta::larga agli scalzi,Spessore della Crosta,Larga agli scalzi,Crosta spessa agli scalzi.,4,41506,
Spessore della Crosta::sottile sul piatti un poco più spessa negli scalzi,Spessore della Crosta,Sottile sul piatti un Poco più spessa negli scalzi,Crosta sottile nelle parti piatte e leggermente più spessa negli scalzi.,4,14159,
Spessore della Crosta::regolare spessore,Spessore della Crosta,Regolare spessore,Crosta di spessore regolare.,12,29128,
Spessore della Crosta::spigoli sopra 20mm piatto 10mm circa media 12mm,Spessore della Crosta,Spigoli sopra 20mm Piatto 10mm circa Media 12mm,"Crosta con spigoli pronunciati, parte piatta mediamente spessa e spessore medio.",2,46923,
Spessore della Crosta::crosta marcata sugli angoli,Spessore della Crosta,Crosta marcata sugli angoli,Crosta con spigoli marcati.,4,37437,
Spessore della Crosta::9 chiaro,Spessore della Crosta,9 chiaro,"Crosta sottile, di colore chiaro.",12,18920,
Spessore della Crosta::1cm spigoli accentuati,Spessore della Crosta,1cm spigoli accentuati,Crosta mediamente spessa con spigoli accentuati.,4,15519,
Spessore della Crosta::crosta più evidente negli angoli e sullo scalzo,Spessore della Crosta,Crosta più evidente negli angoli e sullo scalzo,Crosta più marcata negli angoli e sullo scalzo.,4,12961,
Spessore della Crosta::una tara che entra nel sottocrosta sullo scalzo,Spessore della Crosta,Una tara che entra nel sottocrosta sullo scalzo,Crosta con difetto nella zona dello scalzo che si estende nella sottocrosta.,4,50707,
Spessore della Crosta::spessa sugli scalzi meglio sul piatti,Spessore della Crosta,Spessa sugli scalzi. Meglio sul piatti,Crosta spessa sugli scalzi e mediamente spessa sulle parti piatte.,4,33640,
Spessore della Crosta::scalzo e piatto media 11mm spigoli 20mm,Spessore della Crosta,Scalzo e piatto media 11mm Spigoli 20mm,"Crosta con scalzo e parte piatta mediamente spessa, spigoli pronunciati.",4,27810,
Spessore della Crosta::piatti circa 9mm scalzo circa 11mm spigoli circa 15mm media 10mm,Spessore della Crosta,Piatti circa 9mm Scalzo circa 11mm Spigoli circa 15mm Media 10mm,"Crosta con parti piatte sottili, scalzo mediamente spesso, spigoli spessi e spessore medio complessivo.",4,35649,
Spessore della Crosta::disomogenea e sfumata media 11mm,Spessore della Crosta,Disomogenea e sfumata Media 11mm,"Crosta disomogenea e sfumata, mediamente spessa.",4,41503,
Spessore della Crosta::sugli scalzi e angoli,Spessore della Crosta,Sugli scalzi e angoli,Crosta con spessore pronunciato sugli scalzi e angoli.,4,18760,
Spessore della Crosta::più evidente su un lato e angoli,Spessore della Crosta,Più evidente su un lato e angoli,Crosta con spessore più marcato su un lato e agli angoli.,4,42673,
Spessore della Crosta::colore carico della pasta,Spessore della Crosta,Colore carico della pasta,NON_DESCRITTO,4,51057,
Spessore della Crosta::buoni gli angoli,Spessore della Crosta,Buoni gli angoli,Crosta con angoli pronunciati.,4,5291,
Spessore della Crosta::piatti e scalzo circa 9mm spigoli circa 15mm media 9mm,Spessore della Crosta,Piatti e scalzo circa 9mm Spigoli circa 15mm Media 9mm,"Crosta con parte piatta e scalzo sottile, spigoli spessi, spessore medio sottile.",4,35589,
Spessore della Crosta::piatti molto sottili,Spessore della Crosta,Piatti molto sottili,Crosta con parti piatte molto sottili.,6,32405,
Spessore della Crosta::bei piatti,Spessore della Crosta,Bei piatti,Crosta con parti piatte ben definite.,8,1137,
Spessore della Crosta::12 14 mm evidente negli angoli,Spessore della Crosta,12 14 mm evidente negli angoli,"Crosta mediamente spessa, con spessore più evidente negli angoli.",4,7505,
Spessore della Crosta::0 8 cm qui piatti e 1 4 sugli scalzi,Spessore della Crosta,"0,8 cm qui piatti e 1,4 sugli scalzi",Crosta mediamente spessa sulle zone piatte e spessa sugli scalzi.,2,46924,
Spessore della Crosta::più sottile su una faccia,Spessore della Crosta,Più sottile su una faccia,Crosta più sottile su una faccia.,4,22313,
Spessore della Crosta::poco più di 10 mm,Spessore della Crosta,Poco più di 10 mm,Crosta mediamente spessa.,4,37438,
Spessore della Crosta::crosta sfumata con scalzi spessi piatti comunque non sottili,Spessore della Crosta,Crosta sfumata con scalzi spessi. Piatti comunque non sottili,Crosta sfumata con scalzi spessi e parti piatte mediamente spesse.,4,27742,
Spessore della Crosta::bella uniforme,Spessore della Crosta,Bella uniforme,Crosta uniforme.,4,30650,
Spessore della Crosta::colore di fondo carico,Spessore della Crosta,Colore di fondo carico,Crosta con colore di fondo carico.,12,50775,
Spessore della Crosta::medio basso 8 mm,Spessore della Crosta,Medio basso.. 8 mm,Crosta sottile.,8,9295,
Spessore della Crosta::sempre superiore al cm,Spessore della Crosta,Sempre superiore al cm,Crosta spessa.,12,12962,
Spessore della Crosta::sottoscritta intenso,Spessore della Crosta,Sottoscritta intenso,"Crosta sottoscritta, intenso.",4,20460,
Spessore della Crosta::troppo negli angoli,Spessore della Crosta,Troppo negli angoli,Crosta con spessore accentuato agli angoli.,4,4751,
Spessore della Crosta::8 10 cm,Spessore della Crosta,8. 10 cm,Crosta molto spessa.,4,40285,
Spessore della Crosta::fine sei piatti più marcata sugli scalzi,Spessore della Crosta,Fine sei piatti più marcata sugli scalzi,"Crosta sottile sulla parte piatta, più marcata sugli scalzi.",4,25551,
Spessore della Crosta::però crosta fine,Spessore della Crosta,Però crosta fine,Crosta sottile.,4,33,
Spessore della Crosta::maggiormente negli angoli ma mediamente 1 cm,Spessore della Crosta,Maggiormente negli angoli ma mediamente 1 cm,"Crosta mediamente spessa, con spessore più marcato negli angoli.",2,46933,
Spessore della Crosta::su uno scalzo crosta molto spessa media 1,Spessore della Crosta,Su uno scalzo crosta molto spessa media 1,Crosta molto spessa con scalzo pronunciato.,4,13178,
Spessore della Crosta::buona la regolarità,Spessore della Crosta,Buona la regolarità,Crosta regolare.,4,26088,
Spessore della Crosta::0 8 su un lato con colore più scuro ma spessore minore 0 9 sull altro,Spessore della Crosta,"0,8 su un lato con colore più scuro ma spessore minore 0,9 sull,altro","Crosta con spessore sottile e disomogeneo, lievemente più marcato su un lato.",4,40420,
Spessore della Crosta::1 1 cm colore sottocrosta scuro ed evidente,Spessore della Crosta,"1,1 cm colore sottocrosta scuro ed evidente",Crosta mediamente spessa con sottocrosta scura ed evidente.,4,15407,
Spessore della Crosta::a tratti sottilissima,Spessore della Crosta,A tratti sottilissima,Crosta sottile a tratti.,4,33875,
Spessore della Crosta::11 12 macchia nera sotto un piatto,Spessore della Crosta,"11 12, macchia nera sotto un piatto",Crosta mediamente spessa con macchia scura sotto la parte piatta.,4,9378,
Spessore della Crosta::dispari sfumata 11mm,Spessore della Crosta,Dispari sfumata 11mm,"Crosta irregolare e sfumata, mediamente spessa.",4,11210,
Spessore della Crosta::bella poco meno di 10mm,Spessore della Crosta,"Bella, poco meno di 10mm",Crosta sottile.,2,46932,
Spessore della Crosta::12 mm mediamente con punte elevate negli angoli,Spessore della Crosta,12 mm mediamente con punte elevate negli angoli,"Crosta mediamente spessa, con spessore maggiore negli angoli.",4,7514,
Spessore della Crosta::piatti buoni,Spessore della Crosta,Piatti buoni,Crosta con parti piatte regolari.,4,22306,
Spessore della Crosta::dal cm in su,Spessore della Crosta,Dal cm in su,Crosta mediamente spessa o superiore.,4,23841,
Spessore della Crosta::disomogenea e sfumata spessore medio 10mm,Spessore della Crosta,Disomogenea e sfumata Spessore medio 10mm,"Crosta disomogenea e sfumata, mediamente spessa.",4,41391,
Spessore della Crosta::più su 1 lato1 sull'altro 0 8,Spessore della Crosta,"Più su 1 lato1 sull'altro 0,8","Crosta con spessore variabile tra i lati, mediamente spessa da un lato e molto sottile dall'altro.",2,46672,
Spessore della Crosta::crosta di 0 5,Spessore della Crosta,"Crosta di 0,5",Crosta molto sottile.,2,46255,
Spessore della Crosta::10km,Spessore della Crosta,10km,NON_DESCRITTO,4,35595,
Spessore della Crosta::spessore medio 7mm spigoli da 10 a 15mm,Spessore della Crosta,Spessore medio 7mm Spigoli da 10 a 15mm,Crosta con spessore sottile sulla parte piatta e spigoli mediamente spessi.,4,25623,
Spessore della Crosta::più spessa verso una faccia,Spessore della Crosta,Più spessa verso una faccia,Crosta più spessa verso una faccia.,4,18921,
Spessore della Crosta::irregolare molto più spesso su uno scalzo,Spessore della Crosta,"Irregolare, molto più spesso su uno scalzo","Crosta irregolare, molto più spessa sullo scalzo.",4,42887,
Spessore della Crosta::molto sottile prossima ai 5mm,Spessore della Crosta,Molto sottile prossima ai 5mm,Crosta molto sottile.,4,26085,
Spessore della Crosta::1 piatto molto bello,Spessore della Crosta,1 piatto molto bello,Crosta con parte piatta molto bella.,4,4107,
Spessore della Crosta::molto fine nel complesso,Spessore della Crosta,Molto fine nel complesso,Crosta molto sottile.,4,7899,
Spessore della Crosta::disomogenea media almeno 10mm,Spessore della Crosta,Disomogenea Media ALMENO 10mm,Crosta disomogenea con spessore mediamente spesso.,4,41447,
Spessore della Crosta::più spesso della media,Spessore della Crosta,Più spesso della media,Crosta spessa.,4,25708,
Spessore della Crosta::peccato per gli scalzi e gli spigoli grossi media 1,Spessore della Crosta,Peccato per gli scalzi e gli spigoli grossi media 1,"Crosta con scalzo e spigoli marcati, spessore mediamente spesso.",4,11359,
Spessore della Crosta::evidente diff di spessore tra le due facce,Spessore della Crosta,Evidente diff di spessore tra le due facce,Crosta con spessore disomogeneo tra le due facce.,4,21764,
Spessore della Crosta::egli angoli,Spessore della Crosta,Egli angoli,NON_DESCRITTO,4,7967,
Spessore della Crosta::begli angoli,Spessore della Crosta,Begli angoli,Crosta con spigoli pronunciati.,4,50543,
Spessore della Crosta::complessivamente minore di 8 mm,Spessore della Crosta,Complessivamente minore di 8 mm,Crosta molto sottile.,4,7437,
Spessore della Crosta::disomogeneo e superiore a 10 mm,Spessore della Crosta,Disomogeneo e superiore a 10 mm,Crosta disomogenea e mediamente spessa.,2,46171,
Spessore della Crosta::piatto circa 10mm spigoli circa 15km scalzo circa 10km media 10mm,Spessore della Crosta,Piatto circa 10mm Spigoli circa 15km Scalzo circa 10km Media 10mm,"Crosta con parte piatta mediamente spessa, spigoli pronunciati, scalzo mediamente spesso e spessore medio.",4,15514,
Spessore della Crosta::piuttosto spessa ma omogenea su tutta la superficie,Spessore della Crosta,"Piuttosto spessa, ma omogenea su tutta la superficie",Crosta piuttosto spessa e omogenea su tutta la superficie.,4,15577,
Spessore della Crosta::colore moltosfumato,Spessore della Crosta,Colore moltosfumato,Crosta dal colore molto sfumato.,4,51134,
Spessore della Crosta::sottocrosta marcato su un piatto e sugli angoli,Spessore della Crosta,Sottocrosta marcato su un piatto e sugli angoli,Crosta con sottocrosta marcata sulla parte piatta e agli spigoli.,4,36933,
Spessore della Crosta::1 cm con unghia evidente soprattutto agli spigoli,Spessore della Crosta,1 cm con unghia evidente soprattutto agli spigoli.,Crosta mediamente spessa con unghia evidente agli spigoli.,4,12964,
Spessore della Crosta::più spessi i piatti,Spessore della Crosta,Più spessi i piatti,Crosta con spessore maggiore sulle parti piatte.,4,3298,
Spessore della Crosta::colore di fondo scuro,Spessore della Crosta,Colore di fondo scuro,Crosta con colore di fondo scuro.,4,50691,
Spessore della Crosta::difficile da misurare comunque c e crosta,Spessore della Crosta,Difficile da misurare...Comunque c e crosta,NON_DESCRITTO,10,1964,
Spessore della Crosta::0 6 su 1 lato 1 2 sull'altro,Spessore della Crosta,"0,6 su 1 lato 1,2 sull'altro","Crosta molto sottile su un lato, mediamente spessa sull'altro.",4,37011,
Spessore della Crosta::regolare sotto 1 cm,Spessore della Crosta,Regolare sotto 1 cm,Crosta regolare e molto sottile.,4,40283,
Spessore della Crosta::più spessa su di un piatto,Spessore della Crosta,Più spessa su di un piatto,Crosta più spessa sulla parte piatta.,4,40284,
Spessore della Crosta::molto sottile ma su un piatto risulta concessa verso il centro,Spessore della Crosta,Molto sottile ma su un piatto risulta concessa verso il centro,"Crosta molto sottile, con zone piatte concesse verso il centro.",4,49120,
Spessore della Crosta::8 o meno,Spessore della Crosta,8 o meno,Crosta molto sottile.,4,41116,
Spessore della Crosta::n9n regolare,Spessore della Crosta,N9n regolare,Crosta irregolare.,8,29576,
Spessore della Crosta::sfumata scalzo e piatto medio 12mm spigolo 18mm,Spessore della Crosta,Sfumata Scalzo e piatto medio 12mm Spigolo 18mm,"Crosta sfumata con scalzo e parte piatta mediamente spessa, spigoli marcati.",4,27880,
Spessore della Crosta::spessa oltre il cm,Spessore della Crosta,Spessa oltre il cm,Crosta spessa.,4,47558,
Spessore della Crosta::ottimi piatti,Spessore della Crosta,Ottimi piatti,Crosta con parti piatte ben definite.,4,20393,
Spessore della Crosta::lateralmente superiore al cm sul piatti regolare,Spessore della Crosta,Lateralmente superiore al cm sul piatti regolare,"Crosta spessa sul lato, parte piatta regolare.",4,25626,
Spessore della Crosta::frattura regolare molto granuloso,Spessore della Crosta,Frattura regolare molto granuloso,NON_DESCRITTO,4,42822,
Spessore della Crosta::piatti e scalzo ben definiti media 8mm spigoli 11mm circa,Spessore della Crosta,Piatti e scalzo ben definiti media 8mm Spigoli 11mm circa,"Crosta con parte piatta e scalzo ben definiti, spessore medio e spigoli pronunciati.",4,7350,
Spessore della Crosta::crosta sottile,Spessore della Crosta,Crosta sottile,Crosta sottile.,4,42472,
Spessore della Crosta::tre lati maggiori di 10 mm e 1 da 5 mm,Spessore della Crosta,Tre lati maggiori di 10 mm e 1 da 5 mm,"Crosta irregolare, con spessore variabile tra i lati.",4,18922,
Spessore della Crosta::oltre il cm,Spessore della Crosta,Oltre il cm,Crosta spessa.,4,9885,
Spessore della Crosta::non omogeneo 11 mm,Spessore della Crosta,Non omogeneo.. 11 mm,"Crosta disomogenea, di spessore medio.",4,44329,
Spessore della Crosta::spessa ai lati,Spessore della Crosta,Spessa ai lati,Crosta spessa sui lati.,4,27813,
Spessore della Crosta::più sottile verso una delle facce,Spessore della Crosta,Più sottile verso una delle facce,Crosta più sottile su una delle facce.,4,26093,
Spessore della Crosta::0 8 cm con unghia pronunciata sugli spigoli,Spessore della Crosta,"0,8 cm con unghia pronunciata sugli spigoli",Crosta sottile con unghia pronunciata sugli spigoli.,4,16764,
Spessore della Crosta::molto grossa e evidente colore molto scuro spigoli pronunciati,Spessore della Crosta,Molto grossa e evidente colore molto scuro spigoli pronunciati,"Crosta molto spessa, di colore molto scuro, con spigoli pronunciati.",4,20461,
Spessore della Crosta::più spessa su un lato,Spessore della Crosta,Più spessa su un lato,"Crosta con spessore irregolare, più pronunciato su un lato.",4,7436,
Spessore della Crosta::nella media,Spessore della Crosta,Nella media,Crosta mediamente spessa.,24,30649,
Spessore della Crosta::crosta sfumata spigoli accentuati media 10mm,Spessore della Crosta,Crosta sfumata Spigoli accentuati Media 10mm,Crosta sfumata con spigoli accentuati e spessore medio.,8,12890,
Spessore della Crosta::un poco grossa,Spessore della Crosta,Un Poco grossa,Crosta leggermente spessa.,8,9884,
Spessore della Crosta::piuttosto variabile tra piatti e scalzi,Spessore della Crosta,Piuttosto variabile tra piatti e scalzi,Crosta variabile tra parti piatte e scalzo.,4,14158,
Spessore della Crosta::leggermente spessa,Spessore della Crosta,Leggermente spessa,Crosta leggermente spessa.,8,41398,
Spessore della Crosta::angoli molto belli,Spessore della Crosta,Angoli molto belli,Crosta con spigoli pronunciati.,8,4649,
Spessore della Crosta::su un piatto sfumata e piú spessa a tratti più sottile e definita,Spessore della Crosta,"Su un piatto sfumata e piú spessa, A tratti più sottile e definita,","Crosta sfumata sulla parte piatta, più spessa in alcuni tratti e più sottile in altri, con profilo definito.",4,41113,
Spessore della Crosta::molto sottile su i piatti,Spessore della Crosta,Molto sottile su i piatti,Crosta molto sottile sulle parti piatte.,2,46934,
Spessore della Crosta::colore sottoscritta carico sganciato più evidente su un piatto,Spessore della Crosta,Colore sottoscritta carico sganciato più evidente su un piatto,"Crosta con sottocrosta dal colore carico, più evidente sulla parte piatta.",4,18375,
Spessore della Crosta::irregolare,Spessore della Crosta,Irregolare,Crosta irregolare.,8,35471,
Spessore della Crosta::10 13 più su i1 piatto e angoli,Spessore della Crosta,10 13 più su i1 piatto e angoli,Crosta mediamente spessa con parte piatta e angoli meno marcati nella zona superiore.,4,7813,
Spessore della Crosta::ovunque superiore ai 10 mm,Spessore della Crosta,Ovunque superiore ai 10 mm,Crosta mediamente spessa ovunque.,4,22215,
Spessore della Crosta::intorno ai 10 km,Spessore della Crosta,Intorno ai 10 km,Crosta mediamente spessa.,2,46674,
Spessore della Crosta::9 mm chiara,Spessore della Crosta,9 mm chiara,"Crosta sottile, di colore chiaro.",4,7820,
Spessore della Crosta::crosta fine ma con unghia evidente di colore bruno,Spessore della Crosta,Crosta fine ma con unghia evidente di colore bruno,Crosta sottile con unghia evidente di colore bruno.,4,37269,
Spessore della Crosta::brutti angoli,Spessore della Crosta,Brutti angoli,Crosta con angoli irregolari.,4,4951,
Spessore della Crosta::fine sui piatti,Spessore della Crosta,Fine sui piatti,Crosta sottile sulla parte piatta.,4,4257,
Spessore della Crosta::molto sottile nei piatti più spessa oltre 1 negli scalzi spigoli pronunciati,Spessore della Crosta,Molto sottile nei piatti più spessa oltre 1 negli scalzi spigoli pronunciati,"Crosta molto sottile nelle parti piatte, più spessa negli scalzi con spigoli pronunciati.",4,23846,
Spessore della Crosta::crosta definisca e pressoché omogenea in tutto il perimetro media 9mm,Spessore della Crosta,Crosta definisca e pressoché omogenea in tutto il perimetro Media 9mm,"Crosta sottile, definita e pressoché omogenea in tutto il perimetro.",4,15402,
Spessore della Crosta::1 2 su 1 lato 1 4 sull'altro netto colore sottocrosta,Spessore della Crosta,"1,2 su 1 lato 1,4 sull'altro netto colore sottocrosta",Crosta mediamente spessa con spessore variabile tra i lati e sottocrosta netta.,2,46168,
Spessore della Crosta::6km,Spessore della Crosta,6km,NON_DESCRITTO,4,35475,
Spessore della Crosta::12 cm ma sfuma su una base scura,Spessore della Crosta,12 cm ma sfuma su una base scura,"Crosta mediamente spessa, sfumata su una base scura.",4,5579,
Spessore della Crosta::10 scuro,Spessore della Crosta,10 scuro,"Crosta mediamente spessa, di colore scuro.",4,18304,
Spessore della Crosta::11 più intenso sotto uno scalzo,Spessore della Crosta,11 più intenso sotto uno scalzo,"Crosta mediamente spessa, più intensa sotto lo scalzo.",4,22221,
Spessore della Crosta::minore di 10 mm,Spessore della Crosta,Minore di 10 mm,Crosta sottile.,4,7896,
Spessore della Crosta::scalzi crosta molto spessa sopra 1 5 piatti 1spigoli molto pronunciati,Spessore della Crosta,Scalzi crosta molto spessa sopra 1.5 piatti 1spigoli molto pronunciati,"Crosta molto spessa con scalzi, parte piatta mediamente spessa e spigoli molto pronunciati.",4,33798,
Spessore della Crosta::crosta sfumata media 12mm,Spessore della Crosta,Crosta sfumata media 12mm,Crosta sfumata con spessore medio.,12,9370,
Spessore della Crosta::diverso da un piatto allaltro,Spessore della Crosta,Diverso da un piatto allaltro,Crosta con spessore diverso tra le facce.,12,29516,
Spessore della Crosta::sfumata media 10mm,Spessore della Crosta,Sfumata Media 10mm,Crosta sfumata con spessore medio.,8,16912,
Spessore della Crosta::costa e sottocrosta fusi e sfumati,Spessore della Crosta,Costa e sottocrosta fusi e sfumati,Crosta e sottocrosta fuse e sfumate.,4,48975,
Spessore della Crosta::più evidente su 1 lato angoli e scalzo,Spessore della Crosta,Più evidente su 1 lato angoli e scalzo,"Crosta irregolare, più spessa su un lato con spigoli e scalzo pronunciati.",4,24259,
Spessore della Crosta::limite sfumato valori attorno al cm discreto spigoli,Spessore della Crosta,Limite sfumato. Valori attorno al cm. Discreto spigoli,Crosta mediamente spessa con limite sfumato e spigoli marcati.,4,6042,
Spessore della Crosta::colore sottocrosta diverso da tutto il resto rosellino,Spessore della Crosta,"Colore sottocrosta diverso da tutto il resto, rosellino","Crosta con sottocrosta di colore diverso, rosellino.",4,1758,
Spessore della Crosta::poco contrasto per colore scuro della pasta,Spessore della Crosta,Poco contrasto per colore scuro della pasta,NON_DESCRITTO,4,48764,
Spessore della Crosta::chiara,Spessore della Crosta,Chiara,Crosta chiara.,4,5292,
Spessore della Crosta::colore sottocrosta più evidente sotto un piatto,Spessore della Crosta,Colore Sottocrosta più evidente sotto un piatto,Crosta con sottocrosta evidente sotto la parte piatta.,4,16836,
Spessore della Crosta::9 e omogeneo,Spessore della Crosta,9 e omogeneo,Crosta sottile e omogenea.,4,9210,
Spessore della Crosta::sotto un piatto colore massiccio,Spessore della Crosta,Sotto un piatto colore massiccio,Crosta con parte piatta e sottocrosta poco distinguibile.,4,42743,
Spessore della Crosta::0 7 piatti 1 5 angoli,Spessore della Crosta,"0,7 piatti 1,5 angoli",Crosta molto sottile in parte piatta e spessa agli angoli.,2,46840,
Spessore della Crosta::colore di fondo carico contrasta meno il colore dello spessore,Spessore della Crosta,Colore di fondo carico contrasta meno il colore dello spessore,"Crosta con colore di fondo carico, poco contrastante.",4,51642,
Spessore della Crosta::unghia spessa poco marcata,Spessore della Crosta,Unghia spessa poco marcata,Crosta unghia spessa poco marcata.,4,9375,
Spessore della Crosta::crosta grossa,Spessore della Crosta,Crosta grossa,Crosta spessa.,4,14229,
Spessore della Crosta::colore grigiastro,Spessore della Crosta,Colore grigiastro,Crosta dal colore grigiastro.,4,27881,
Spessore della Crosta::più evidente su un piatto e angoli,Spessore della Crosta,Più evidente Su un piatto e angoli,Crosta con spessore più evidente sulla parte piatta e agli spigoli.,4,32250,
Spessore della Crosta::1 piatto sopra 1 piatto sotto ilcm,Spessore della Crosta,"1 piatto sopra, 1 piatto sotto ilcm",Crosta mediamente spessa sia sulla parte piatta superiore che inferiore.,4,18915,
Spessore della Crosta::piuttosto marcata soprattutto su un lato fino a 12mm,Spessore della Crosta,"Piuttosto marcata soprattutto su un lato, fino a 12mm","Crosta mediamente spessa e marcata, soprattutto su un lato.",2,46848,
Spessore della Crosta::belli piatti meno ali scalzi,Spessore della Crosta,"Belli piatti, meno ali scalzi",Crosta con parti piatte ben regolari e scalzo meno pronunciato.,4,1281,
Spessore della Crosta::la crosta é fine ma con sottocrosta dal colore marcato,Spessore della Crosta,La crosta é fine ma con sottocrosta dal colore marcato,Crosta sottile con sottocrosta di colore marcato.,4,35593,
Spessore della Crosta::medio grosso,Spessore della Crosta,Medio grosso,Crosta mediamente spessa.,4,23838,
Spessore della Crosta::molto sfumato spessore minimo 11mm,Spessore della Crosta,Molto sfumato Spessore minimo 11mm,Crosta sfumata con spessore medio.,4,40349,
Spessore della Crosta::più evidente negli angoli e sotto un piatto,Spessore della Crosta,Più evidente negli Angoli e sotto un piatto,Crosta più spessa negli angoli e nella parte piatta.,4,32404,
Spessore della Crosta::su un piatto spessa,Spessore della Crosta,Su un piatto spessa,Crosta spessa sulla parte piatta.,4,7513,
Spessore della Crosta::belli angoli,Spessore della Crosta,Belli angoli,Crosta con spigoli marcati.,4,2333,
Spessore della Crosta::1 2 cm spessa sugli scalzi e fine su i piatti ma con unghia marcata,Spessore della Crosta,"1,2 cm spessa sugli scalzi e fine su i piatti ma con unghia marcata","Crosta mediamente spessa sugli scalzi, sottile sulla parte piatta, con unghia marcata.",4,18842,
Spessore della Crosta::più evidente sotto 1 piatto e angoli,Spessore della Crosta,Più evidente sotto 1 piatto e angoli,"Crosta con spessore più marcato sotto, parte piatta mediamente spessa e spigoli pronunciati.",4,24119,
Spessore della Crosta::più evidente su 1 piatto,Spessore della Crosta,Più evidente su 1 piatto,Crosta più evidente sulla parte piatta.,8,27391,
Spessore della Crosta::12 14 su 1 particolare sittocrosta aranciato,Spessore della Crosta,12 14 su 1 particolare sittocrosta aranciato,Crosta mediamente spessa con sottocrosta aranciata.,4,21758,
Spessore della Crosta::sfumata poco percepibile dove termina la crosta e comincia la pasta ne evidente la struttura a grana gia sottocrosta media 6mm,Spessore della Crosta,Sfumata Poco percepibile dove termina la crosta e comincia la pasta Ne. Evidente la struttura a grana gia sottocrosta Media 6mm,"Crosta sfumata e poco percepibile nel limite con la pasta, mediamente spessa, con struttura a grana evidente in sottocrosta.",4,31787,
Spessore della Crosta::microocchiatura occhio disidratazione colore quasi verde sotto un piatto,Spessore della Crosta,"Microocchiatura, occhio, disidratazione, colore quasi verde sotto un piatto",Crosta dal colore quasi verde sotto un piatto.,4,4228,
Spessore della Crosta::piatti e scalzo media 12mm spigoli circa 15mm,Spessore della Crosta,Piatti e scalzo media 12mm Spigoli circa 15mm,"Crosta con parte piatta e scalzo mediamente spessi, spigoli spessi.",4,7504,
Spessore della Crosta::11 angoli più evidente,Spessore della Crosta,11 angoli più evidente,Crosta con spigoli marcati.,4,22395,
Spessore della Crosta::colore sotto crosta grigio da un lato rossastra dall'altro,Spessore della Crosta,Colore sotto crosta grigio da un lato rossastra dall'altro,Crosta con sottocrosta grigia da un lato e rossastra dall'altro.,4,51449,
Spessore della Crosta::spessore non uniforme maggiore degli scalzi nella media 10 con vistosi ingrossamento nella giunzione tra scalzo e piatto,Spessore della Crosta,"Spessore non uniforme, maggiore degli scalzi, nella media 10 con vistosi ingrossamento nella giunzione tra scalzo e piatto","Crosta con spessore non uniforme, maggiore negli scalzi e nella media, con vistosi ingrossamenti nella giunzione tra scalzo e parte piatta.",4,35834,
Spessore della Crosta::crosta sfumata e dispari media 9mm,Spessore della Crosta,Crosta sfumata e dispari Media 9mm,"Crosta sfumata, irregolare nello spessore con zone sottili.",4,11350,
Spessore della Crosta::1 piatto molto fine,Spessore della Crosta,1 piatto molto fine,Crosta piatta molto sottile.,8,51851,
Spessore della Crosta::spessa oltre 1cm,Spessore della Crosta,Spessa oltre 1cm,Crosta spessa.,4,5974,
Spessore della Crosta::sfumata media 6 mm,Spessore della Crosta,Sfumata Media 6 mm,Crosta sfumata e molto sottile.,4,32249,
Spessore della Crosta::limite crosta evidente fine,Spessore della Crosta,Limite crosta evidente fine,Crosta con limite evidente e spessore sottile.,4,27672,
Spessore della Crosta::9 mm chiaro,Spessore della Crosta,9 mm chiaro,"Crosta sottile, di colore chiaro.",4,7974,
Spessore della Crosta::meno di 10 più intenso sotto un piatto,Spessore della Crosta,"Meno di 10, più intenso sotto un piatto","Crosta sottile, con spessore più marcato in corrispondenza della parte piatta.",12,29068,
Spessore della Crosta::10 ma chiaro,Spessore della Crosta,10 ma chiaro,"Crosta mediamente spessa, di colore chiaro.",4,37523,
Spessore della Crosta::rosure,Spessore della Crosta,Rosure,NON_DESCRITTO,4,49870,
Spessore della Crosta::a tratti inferiore ai 10 mm,Spessore della Crosta,A tratti inferiore ai 10 mm,Crosta con spessore a tratti sottile.,12,13172,
Spessore della Crosta::molto variabile da piatto a scalzi media 12,Spessore della Crosta,Molto variabile da piatto a scalzi. Media 12,"Crosta molto variabile, da parte piatta a scalzi, con spessore medio.",4,25709,
Spessore della Crosta::spesso e sfumato,Spessore della Crosta,Spesso e sfumato,Crosta spessa e sfumata.,4,41117,
Spessore della Crosta::spigoli 20mm scalzo 15mm minimo 10mm media 12mm,Spessore della Crosta,Spigoli 20mm Scalzo 15mm Minimo 10mm Media 12mm,"Crosta con spigoli pronunciati, scalzo mediamente spesso, spessore minimo e media mediamente spessa.",4,15570,
Spessore della Crosta::più evidente su 1 lato,Spessore della Crosta,Più evidente su 1 lato,Crosta con spessore più marcato su un lato.,8,47439,
Spessore della Crosta::negli scalzi,Spessore della Crosta,Negli scalzi,Crosta con spessore variabile negli scalzi.,4,1124,
Spessore della Crosta::non uniforme,Spessore della Crosta,Non uniforme,Crosta non uniforme.,4,26095,
Spessore della Crosta::crosta sfumata scalzi e piatti media 9mm spigoli 1 8,Spessore della Crosta,"Crosta sfumata Scalzi e piatti media 9mm Spigoli 1,8","Crosta sfumata con scalzo e parte piatta di spessore sottile, spigoli molto spessi.",4,44151,
Spessore della Crosta::omogenea sotto il cm,Spessore della Crosta,"Omogenea, sotto il cm",Crosta sottile e omogenea.,4,47440,
Spessore della Crosta::più sottile su un lato,Spessore della Crosta,Più sottile su un lato,Crosta più sottile su un lato.,16,27748,
Spessore della Crosta::spigoli dai 15 ai 20mm piatto 9mm circa media 10mm,Spessore della Crosta,Spigoli dai 15 ai 20mm Piatto 9mm circa Media 10mm,"Crosta con spigoli spessi, parte piatta sottile e spessore medio.",2,46839,
Spessore della Crosta::12 km più netta su 1 piatto,Spessore della Crosta,12 km più netta su 1 piatto,Crosta più netta su un piatto.,4,35590,
Spessore della Crosta::regolare,Spessore della Crosta,Regolare,Crosta regolare.,60,4057,
Spessore della Crosta::spessa,Spessore della Crosta,Spessa,Crosta spessa.,44,5887,
Spessore della Crosta::more superiore al cm,Spessore della Crosta,More superiore al cm,Crosta molto spessa.,4,32328,
Spessore della Crosta::molto sfumata media 10mm,Spessore della Crosta,Molto sfumata Media 10mm,Crosta mediamente spessa e molto sfumata.,4,13800,
Spessore della Crosta::spessore medio 9mm spigoli media 15mm,Spessore della Crosta,Spessore medio 9mm Spigoli media 15mm,Crosta con spessore sottile e spigoli pronunciati.,4,25546,
Spessore della Crosta::spigoli pronunciati sopra il cm,Spessore della Crosta,Spigoli pronunciati sopra il cm,"Crosta con spigoli pronunciati, spessore superiore al mediamente spesso.",4,25633,
Spessore della Crosta::non regolare superiore a 1 su un piatto,Spessore della Crosta,Non regolare superiore a 1 su un piatto,"Crosta irregolare, superiormente spessa e parte piatta mediamente spessa.",4,40353,
Spessore della Crosta::sotto crosta macchiato di nero sullo scalzo marciume,Spessore della Crosta,"Sotto crosta macchiato di nero sullo scalzo, marciume?",Crosta con sottocrusta macchiata di nero sullo scalzo.,4,50895,
Spessore della Crosta::diversa da piatti a scalzi con media 10 mm,Spessore della Crosta,Diversa da piatti a scalzi con media 10 mm,"Crosta con spessore variabile, da zone piatte a scalzi, mediamente spessa.",4,31796,
Spessore della Crosta::fine nel complessoh,Spessore della Crosta,Fine nel complessoh,Crosta sottile.,4,13738,
Spessore della Crosta::mutevole intorno ai 10mm,Spessore della Crosta,Mutevole intorno ai 10mm,"Crosta con spessore variabile, mediamente spesso.",4,31789,
Spessore della Crosta::crosta fine con sottocrosta poco evidente per il colore della pasta tuttavia la forma è piccola quindi sembra che la crosta sia spessa,Spessore della Crosta,Crosta fine con sottocrosta poco evidente per il colore della pasta. Tuttavia la forma è piccola quindi sembra che la crosta sia spessa,"Crosta sottile con sottocrosta poco evidente, pur sembrando relativamente spessa per la forma ridotta del formaggio.",4,42748,
