dedup_key,attribute,caption_pre,caption_clean,frequency,sample_row_id,error
Texture::buona friabilità' presenza di cristalli scarsa solubilità,Texture,"buona friabilità', presenza di cristalli, scarsa solubilità",Texture friabile con cristalli presenti e scarsa solubilità.,4,42456,
Texture::grana presente compatto,Texture,"grana presente, compatto,",Texture granulosa e compatta.,8,15401,
Texture::se non fosse per i troppi cristalli,Texture,se non fosse per i troppi cristalli...,Texture con cristalli abbondanti.,4,31786,
Texture::tirosina molto scarsa,Texture,tirosina molto scarsa,Texture con tirosina scarsa.,8,15956,
Texture::leggermente adesiva,Texture,leggermente adesiva,Texture leggermente adesiva.,4,33942,
Texture::non ha struttura da grana,Texture,Non ha struttura da grana,Texture non granulosa.,4,3836,
Texture::inconsistente,Texture,inconsistente,Texture inconsistente.,4,34394,
Texture::pastoso manca un poco di granulosita,Texture,"pastoso, manca un poco di granulosita,","Texture pastosa, con scarsa granulosità.",2,46670,
Texture::molle,Texture,molle,Texture molle.,4,49308,
Texture::compatto non molto friabile granuloso non molto solubile e leggermente sabbioso alla fine,Texture,"compatto, non molto friabile, granuloso, non molto solubile e leggermente sabbioso alla fine","Texture compatta, poco friabile, granulosa, poco solubile e leggermente sabbioso alla fine.",4,17372,
Texture::molto equilibrato,Texture,Molto equilibrato,NON_DESCRITTO,4,4749,
Texture::gommoso,Texture,gommoso,Texture gommosa.,16,11629,
Texture::morbito si liquefa velocemente e lascia la bocca pulitissima,Texture,"morbito, si liquefa velocemente e lascia la bocca pulitissima","Texture morbida, si scioglie velocemente e lascia la bocca pulita.",4,47382,
Texture::duro poco solubile moderatametne umido microstruttura piuttosto grossolana,Texture,"duro, poco solubile, moderatametne umido, microstruttura piuttosto grossolana","Texture dura, poco solubile, moderatamente umida e microstruttura piuttosto grossolana.",4,21755,
Texture::lascia la bocca abbastanza pulita,Texture,lascia la bocca abbastanza pulita,Texture che lascia la bocca abbastanza pulita.,4,47494,
Texture::asciutto farino e poco solubile,Texture,"asciutto, farino e poco solubile","Texture asciutta, farinosa e poco solubile.",4,47156,
Texture::morbido e pastoso cristalli evidenti,Texture,morbido e pastoso cristalli evidenti,Texture morbida e pastosa con cristalli evidenti.,4,32239,
Texture::lega la bocca,Texture,Lega la bocca,Texture che lega la bocca.,8,3499,
Texture::peccato per la leggera sabbiosita finale,Texture,peccato per la leggera sabbiosita finale,Texture leggermente sabbioso nel finale.,4,22391,
Texture::friabilità intensità scara granuli tirosina intensità scarsa,Texture,friabilità intensità scara;granuli tirosina intensità scarsa,Texture poco friabile con granuli di tirosina scarsi.,4,9442,
Texture::un disastro,Texture,Un disastro!,NON_DESCRITTO,4,3863,
Texture::mediamente dura poco granulosa molto solubile pochi microcristalli,Texture,"mediamente dura, poco granulosa, molto solubile, pochi microcristalli","Texture mediamente dura, poco granulosa, molto solubile con pochi microcristalli.",4,18448,
Texture::leggermente schioccante,Texture,Leggermente schioccante,Texture leggermente schioccante.,4,4917,
Texture::granulosa asciutta solubile,Texture,"granulosa, asciutta, solubile","Texture granulosa, asciutta e solubile.",4,31938,
Texture::presenza di piccoli cristalli lascia la bocca pulita,Texture,presenza di piccoli cristalli lascia la bocca pulita,Texture con cristalli fini che lascia bocca pulita.,4,23837,
Texture::abbastanza duro compatto ma friabile grana fine solubile,Texture,"abbastanza duro, compatto ma friabile, grana fine, solubile","Texture abbastanza dura, compatta ma friabile, con grana fine e solubile.",4,5955,
Texture::abbastanza solubile,Texture,Abbastanza solubile,Texture abbastanza solubile.,36,1717,
Texture::cristalli evidenti granuloso,Texture,cristalli evidenti granuloso,Texture granulosa con cristalli evidenti.,4,33934,
Texture::impasta asciutto poco granuloso poco sol qualche cristallo,Texture,impasta asciutto poco granuloso poco sol qualche cristallo,"Texture che impasta, asciutta, poco granulosa e poco solubile, con qualche cristallo.",4,25691,
Texture::tirosina solubilità e friabilità moderato,Texture,tirosina solubilità e friabilità moderato,"Texture con tirosina, solubilità e friabilità moderata.",4,11200,
Texture::un poco granulosa ma abbastanza solubile,Texture,un poco- granulosa ma abbastanza solubile,Texture leggermente granulosa e abbastanza solubile.,4,14287,
Texture::abbastanza asciutta granulosa solubile,Texture,"abbastanza asciutta, granulosa, solubile","Texture abbastanza asciutta, granulosa e solubile.",4,7493,
Texture::molto duro poco friabile,Texture,"molto duro, poco friabile",Texture molto dura e poco friabile.,4,37428,
Texture::morbido e umido cedevole anche se friabilità' non perfetta microstruttura media non fine,Texture,"morbido e umido. cedevole, anche se friabilità' non perfetta. microstruttura media, non fine","Texture morbida, umida e cedevole, con friabilità moderata e microstruttura media.",4,26005,
Texture::cristalli rinvenuti anche grossi friabile struttura non fine tende ad asciugare le fauci,Texture,"cristalli rinvenuti, anche grossi. friabile. struttura non fine. tende ad asciugare le fauci","Texture friabile con cristalli grossi, struttura non fine e tendenza ad asciugare le fauci.",4,16749,
Texture::friabilità' buona microstruttura assente e pastosa buoni i cristalli,Texture,"friabilità' buona, microstruttura assente e pastosa, buoni i cristalli","Texture friabile, con microstruttura pastosa e cristalli buoni.",4,18906,
Texture::bella pastosità cristalli presenti umidità giusta e solubilità ok,Texture,"bella pastosità, cristalli presenti, umidità giusta e solubilità OK","Texture pastosa con cristalli presenti, umidità giusta e buona solubilità.",4,9283,
Texture::friabile buona microstruttura solubile ma pochissimi cristalli,Texture,"friabile, buona microstruttura, solubile ma pochissimi cristalli","Texture friabile e solubile, con microstruttura buona e pochissimi cristalli.",4,18444,
Texture::quasi elastica poco granulosa ma solubile,Texture,"quasi elastica, poco granulosa ma solubile","Texture quasi elastica, poco granulosa ma solubile.",2,46827,
Texture::morbido asciutto tende ad impastare cristalli poco sol,Texture,morbido asciutto tende ad impastare cristalli poco sol,"Texture morbida, asciutta, che tende a impastare, con cristalli poco solubili.",4,24179,
Texture::asciutto troppo pastoso e poco friabile cristalli medii,Texture,"asciutto, troppo pastoso e poco friabile, cristalli medii","Texture asciutta, troppo pastosa e poco friabile, con cristalli medi.",4,25698,
Texture::asciutto poco granuloso e pastoso poco sol,Texture,asciutto poco granuloso e pastoso poco sol,"Texture asciutta, poco granulosa e pastosa, poco solubile.",4,30638,
Texture::asciutto cristalli evidenti poco solub rimane residuo,Texture,asciutto cristalli evidenti poco solub rimane residuo,"Texture asciutta con cristalli evidenti, poco solubile, lascia residuo in bocca.",4,31931,
Texture::umido cedevole poca struttura pastoso immaturo,Texture,"umido, cedevole, poca struttura. Pastoso. immaturo","Texture umida, cedevole e pastosa, con poca struttura.",4,37342,
Texture::granulosa solubile umidità ok leggera sabbiosit' in chiusura,Texture,"granulosa, solubile, umidità ok, leggera sabbiosit' in chiusura","Texture granulosa, solubile, umidità giusta e leggermente sabbiosa in chiusura.",4,7878,
Texture::media adesivita tirosia percepita,Texture,"media adesivita-, tirosia percepita",Texture mediamente adesiva con tirosina percepita.,4,47493,
Texture::molto pastoso non da grana,Texture,molto pastoso non da grana,"Texture molto pastosa, non da grana.",4,18450,
Texture::pressoche assente,Texture,pressoche assente,Texture pressoché assente.,4,7809,
Texture::friabilità e solubilità forte tirosina moderata,Texture,friabilità e solubilità FORTE;tirosina MODERATA,"Texture molto friabile e solubile, con tirosina moderata.",4,27665,
Texture::molti cristalli decente microstruttura abbastanza solubile,Texture,"molti cristalli, decente microstruttura, abbastanza solubile","Texture con molti cristalli, decente microstruttura e abbastanza solubile.",4,11204,
Texture::compatto non molto friabile deformabile,Texture,"compatto, non molto friabile, deformabile,","Texture compatta, poco friabile e deformabile.",4,9450,
Texture::pastoso poca grana,Texture,"pastoso, poca grana","Texture pastosa, poca grana.",4,16753,
Texture::molto compatto non friabile no cristalli poco solubile non caratteristico,Texture,"molto compatto, non friabile, no cristalli, poco solubile, non caratteristico","Texture molto compatta, non friabile, senza cristalli e poco solubile.",4,21845,
Texture::morbido fondente struttura non definita rari cristalli,Texture,morbido. fondente. struttura non definita. rari cristalli,"Texture morbida, fondente, con struttura poco definita e rari cristalli.",4,41497,
Texture::molto compatto,Texture,Molto compatto,Texture molto compatta.,12,727,
Texture::una porzione è da pasta stirata,Texture,una porzione è da pasta stirata,Texture con zone da pasta stirata.,4,44732,
Texture::abbastanza durto e cpompatto grana molto fine cristalli non percepiti un poco' asciutto,Texture,"abbastanza durto e cpompatto, grana molto fine, cristalli non percepiti, un poco' asciutto","Texture abbastanza dura e compatta, grana molto fine, cristalli non percepibili, leggermente asciutta.",4,24324,
Texture::duro poco solubile,Texture,"duro, poco solubile.","Texture dura, poco solubile.",4,11555,
Texture::adesivo poco friabile e poco solubile,Texture,"adesivo, poco friabile e poco solubile","Texture adesiva, poco friabile e poco solubile.",4,32399,
Texture::duro friabile grana grossolana con cristalli ben percepibili abbastanza solubile,Texture,"duro, friabile, grana grossolana, con cristalli ben percepibili, abbastanza solubile","Texture dura, friabile, con grana grossolana, cristalli ben percepibili e abbastanza solubile.",4,27871,
Texture::contrasto umidità e untuosita,Texture,Contrasto umidità e untuosita..,Texture con contrasto tra umidità e untuosità.,10,2186,
Texture::morbido pastoso con cristalli,Texture,morbido pastoso con cristalli,Texture morbido pastoso con cristalli.,4,37508,
Texture::asciutta granulosa poco solubile,Texture,"asciutta, granulosa, poco solubile","Texture asciutta, granulosa e poco solubile.",4,5876,
Texture::secco asciutto,Texture,"secco, asciutto",Texture secco e asciutto.,8,15512,
Texture::morbido con tanti piccoli cristalli poco solub lascia residuo sabbioso,Texture,morbido con tanti piccoli cristalli poco solub lascia residuo sabbioso,"Texture morbida con cristalli fini, poco solubile e che lascia residuo sabbioso.",4,30687,
Texture::sabbioso con moltri cristalli e frammenti scarsamente solubili,Texture,sabbioso con moltri cristalli e frammenti scarsamente solubili,Texture sabbioso con molti cristalli e frammenti scarsamente solubili.,4,47214,
Texture::non perfettamente friabile cedevole al molare morbido cristalli molto presenti anche grossi pure troppo,Texture,"non perfettamente friabile, cedevole al molare, morbido. Cristalli molto presenti, anche grossi, pure troppo","Texture poco friabile, cedevole al molare, morbida, con cristalli abbondanti e grossi.",4,40341,
Texture::media morbidezza e leggermente asciutto,Texture,media morbidezza e leggermente asciutto,Texture mediamente morbida e leggermente asciutta.,4,7807,
Texture::pastoso poco friabile,Texture,pastoso poco friabile,Texture pastosa e poco friabile.,4,37506,
Texture::manca un pò di umidità ma nel complesso ok,Texture,"manca un pò di umidità, ma nel complesso OK",Texture leggermente asciutta.,4,9955,
Texture::poca struttura si scioglie bene in bocca qualche granulo,Texture,"poca struttura, si scioglie bene in bocca, qualche granulo","Texture con poca struttura, si scioglie bene in bocca e qualche granulo.",2,46665,
Texture::morbido poco granuloso pochi cristalli,Texture,morbido poco granuloso pochi cristalli,"Texture morbida, poco granulosa e con pochi cristalli.",4,31854,
Texture::mediamente dura granulosa solubile con media presenza di microcristalli,Texture,"mediamente dura, granulosa, solubile, con media presenza di microcristalli","Texture mediamente dura, granulosa, solubile con media presenza di microcristalli.",4,27450,
Texture::abbastanza adesivo,Texture,abbastanza adesivo,Texture abbastanza adesiva.,8,33788,
Texture::cristalli percepiti grossi friabilità buona non molto umido,Texture,"cristalli percepiti, grossi. friabilità buona. non molto umido","Texture con cristalli grossi percepibili, buona friabilità e scarsa umidità.",4,41105,
Texture::morbido poco granuloso no cristalli (1),Texture,morbido poco granuloso no cristalli (1),"Texture morbida, poco granulosa, senza cristalli.",4,24249,
Texture::molto solubile,Texture,molto solubile,Texture molto solubile.,8,29571,
Texture::troppo pastoso,Texture,troppo pastoso,Texture troppo pastosa.,12,20385,
Texture::un poco pastoso,Texture,un poco pastoso,Texture poco pastosa.,4,33782,
Texture::farinoso,Texture,farinoso,Texture farinosa.,12,12954,
Texture::friabile ma non asciutto microcristalli fini e presenti struttura fine,Texture,friabile ma non asciutto. microcristalli fini e presenti. struttura fine,"Texture friabile, non asciutta, con microcristalli fini presenti e struttura fine.",4,5805,
Texture::fuori standard,Texture,fuori standard,NON_DESCRITTO,4,24318,
Texture::gestire mediocre,Texture,Gestire mediocre,NON_DESCRITTO,4,51283,
Texture::molto asciutto,Texture,molto asciutto,Texture molto asciutta.,8,31780,
Texture::tirosina assente friabilità e solubilità moderata,Texture,tirosina ASSENTE;friabilità e solubilità MODERATA,"Texture senza tirosina, friabilità e solubilità moderata.",4,27805,
Texture::morbido e cedevole impasta la bocca cristalli presenti,Texture,morbido e cedevole. impasta la bocca. cristalli presenti,"Texture morbida e cedevole, che impasta la bocca, con cristalli presenti.",4,5574,
Texture::leggermente tenero ma bella struttura,Texture,Leggermente tenero ma bella struttura,Texture leggermente tenera con bella struttura.,4,826,
Texture::compatto e duro microstruttura grossolana non molto solubile pochi cristalli percepiti,Texture,"compatto e duro, microstruttura grossolana, non molto solubile,pochi cristalli percepiti","Texture compatta e dura, microstruttura grossolana, poco solubile, pochi cristalli percepiti.",4,16754,
Texture::media presenza di cristalli e umidità' equilibrata,Texture,media... presenza di cristalli e umidità' equilibrata,Texture media con cristalli e umidità equilibrata.,4,40347,
Texture::buona solubilità' e microstruttura,Texture,buona solubilità' e microstruttura,Texture con buona solubilità e microstruttura ben strutturata.,4,11554,
Texture::leggermente pastoso non troppo solubile,Texture,"leggermente. pastoso, non troppo solubile",Texture leggermente pastosa e poco solubile.,4,42598,
Texture::appena un poco' plastico,Texture,appena un poco' plastico,Texture leggermente plastica.,4,12882,
Texture::presenza di cristalli medio grossi rimane un poco granuloso e sabbioso,Texture,"presenza di cristalli medio grossi, rimane un poco granuloso e sabbioso","Texture con cristalli medio-grossi, rimane granulosa e sabbiosa.",4,18374,
Texture::buona l agran ae i mmicrocristalli,Texture,buona l agran ae i mmicrocristalli,Texture con buona grana e microcristalli.,4,25998,
Texture::non scioglie subito ma lascia la bocca pulita ci sono molti cristalli,Texture,"non scioglie subito, ma lascia la bocca pulita, ci sono molti cristalli","Texture poco solubile, lascia bocca pulita, con cristalli abbondanti.",4,5877,
Texture::mancanza di cristalli,Texture,Mancanza di cristalli,Texture con cristalli assenti.,4,50436,
Texture::compatto poco friabile poco granuloso adesivo quasi senza cristalli,Texture,"compatto, poco friabile, poco granuloso, adesivo, quasi senza cristalli","Texture compatta, poco friabile, poco granulosa, adesiva e quasi senza cristalli.",4,5498,
Texture::friabile un pochetto asciutto cristalli molti anche grossi,Texture,"friabile, un pochetto asciutto, cristalli molti, anche grossi","Texture friabile, leggermente asciutto, con cristalli abbondanti e grossi.",2,46330,
Texture::umido adesivo,Texture,"umido, adesivo",Texture umida e adesiva.,8,7883,
Texture::controverso,Texture,Controverso,NON_DESCRITTO,4,331,
Texture::non molto friabile tendente all'adesivo e poco solubile assenti i cristalli,Texture,"non molto friabile, tendente all'adesivo e poco solubile, assenti i cristalli","Texture poco friabile, tendente all'adesivo e poco solubile, cristalli assenti.",4,41388,
Texture::poco solubile duro,Texture,poco solubile. duro,Texture poco solubile e dura.,8,29443,
Texture::finale potrebbe essere più solubile,Texture,finale potrebbe essere più solubile,Texture poco solubile in finale.,8,29060,
Texture::friabile in una struttura molti fine consistenza finale sabbiosa farinosa non asciutto,Texture,friabile in una struttura molti fine. consistenza finale sabbiosa-farinosa. non asciutto,"Texture friabile e fine, con consistenza finale sabbiosa-farinosa, non asciutta.",4,9192,
Texture::morbido impasta qualche cristallo sol,Texture,morbido impasta qualche cristallo sol,"Texture morbida che impasta la bocca, con qualche cristallo e solubile.",4,41160,
Texture::friabile in una microstruttura fine che tende al sabbioso lascia la bocca pulita microcristalli presenti non molti,Texture,"Friabile in una microstruttura fine che tende al sabbioso. Lascia la bocca pulita. microcristalli presenti, non molti","Texture friabile con microstruttura fine e tendenza sabbiosa, lascia bocca pulita, microcristalli presenti in quantità moderata.",4,16903,
Texture::troppo cedevole friabile,Texture,"troppo cedevole, friabile",Texture troppo cedevole e friabile.,4,17368,
Texture::duro asciutto cristalli ben percepibili non molto solubile,Texture,"duro, asciutto, cristalli ben percepibili, non molto solubile.","Texture dura, asciutta, con cristalli ben percepibili e poco solubile.",4,7888,
Texture::ancora leggermente umida ma solubile,Texture,ancora leggermente umida ma solubile,Texture ancora leggermente umida ma solubile.,4,37251,
Texture::non troppo solubile un poco sabbioso ma solo in certi pezzi,Texture,"non troppo solubile, un poco sabbioso ma solo in certi pezzi","Texture poco solubile, leggermente sabbioso in alcune zone.",4,7802,
Texture::granulosa ma ancora umida solubilità' medio bassa,Texture,"granulosa ma ancora umida, solubilità' medio bassa","Texture granulosa, ancora umida, con solubilità medio-bassa.",4,32246,
Texture::morbido con cristalli granuloso lascia un poco di residuo,Texture,morbido con cristalli granuloso lascia un poco di residuo,"Texture morbida con cristalli, granulosa e che lascia un poco di residuo in bocca.",4,32316,
Texture::leggermente asciutto,Texture,Leggermente asciutto,Texture leggermente asciutta.,56,468,
Texture::morbido tende a impastare cristalli missing,Texture,morbido. tende a impastare. cristalli missing,"Texture morbida, tende a impastare, cristalli assenti.",4,42804,
Texture::abbastanza pastoso,Texture,abbastanza pastoso,Texture abbastanza pastosa.,4,11345,
Texture::poco friabile e granuloso cedevole cristalli assenti,Texture,Poco friabile e granuloso. Cedevole . Cristalli assenti,"Texture poco friabile e granulosa, cedevole, cristalli assenti.",4,49117,
Texture::cedevole,Texture,cedevole,Texture cedevole.,4,14213,
Texture::friabile microstruttura finissima strano finale> sembra sabbioso anomalo,Texture,"friabile, microstruttura finissima. strano finale> sembra sabbioso. Anomalo","Texture friabile con microstruttura finissima, finale leggermente sabbioso.",4,34400,
Texture::friabilità solubilità e tirosina forte,Texture,"friabilità, solubilità e tirosina FORTE","Texture friabile, solubile, con tirosina intensa.",4,27455,
Texture::ascoiutto e granuloso cristalli e ben solub,Texture,ascoiutto e granuloso cristalli e ben solub,"Texture asciutta, granulosa con cristalli e ben solubile.",4,22384,
Texture::abbastanza morbido e friabile un poco' asciutto,Texture,"abbastanza morbido e friabile, un poco' asciutto,","Texture abbastanza morbida e friabile, leggermente asciutta.",4,42599,
Texture::cedevole morbido ingozza,Texture,"cedevole, morbido, ingozza","Texture cedevole, morbida e che ingozza.",4,31855,
Texture::buona friabilità ma asciutto alla deglutizione ingozza,Texture,"buona friabilità, ma asciutto alla deglutizione ingozza","Texture friabile ma asciutta, ingozza alla deglutizione.",4,44231,
Texture::consistente e friabile ma non asciutto cristalli non percepiti,Texture,consistente e friabile ma non asciutto. cristalli non percepiti,"Texture consistente e friabile, non asciutta, senza cristalli percepibili.",4,30737,
Texture::asciutto asciuga la bocca,Texture,"asciutto, asciuga la bocca","Texture asciutta, che asciuga la bocca.",2,46246,
Texture::poco friabile compatto poco granuloso abbastanza solubile,Texture,"poco friabile, compatto, poco granuloso, abbastanza solubile","Texture poco friabile, compatta, poco granulosa e abbastanza solubile.",8,15961,
Texture::poca grana abbastanza adesivo pochi cristalli,Texture,"poca grana, abbastanza adesivo, pochi cristalli","Texture con poca grana, abbastanza adesiva e pochi cristalli.",4,23835,
Texture::peccato per asciutto,Texture,Peccato per asciutto,Texture leggermente asciutta.,4,4960,
Texture::sabbioso e con presenza di numerosi cristalli,Texture,"sabbioso e con presenza di numerosi cristalli,",Texture sabbioso con cristalli abbondanti.,4,47158,
Texture::granulosa solubile un poco asciutta a tratti più\ umida,Texture,"granulosa, solubile, un poco asciutta, a tratti più\ umida","Texture granulosa, solubile, leggermente asciutta con zone più umide.",8,29189,
Texture::friabile microstruttura abbastanza fine umido non impasta,Texture,Friabile. Microstruttura abbastanza fine. Umido. Non impasta,"Texture friabile, con microstruttura abbastanza fine, umida e che non impasta.",4,11552,
Texture::friabilità intenistà medio bassa solubilità intensità medio alta granuli tirosina intensità media,Texture,friabilità intenistà medio bassa;solubilità intensità medio alta;granuli tirosina intensità media,Texture friabile con solubilità medio-alta e granuli di tirosina di media intensità.,4,9274,
Texture::friabile microstruttura fine microcristalli presenti non asciutto,Texture,friabile. microstruttura fine. microcristalli presenti. non asciutto,"Texture friabile, con microstruttura fine, microcristalli presenti e non asciutta.",4,40411,
Texture::miceostruttura tendente al fine friabile microcristalli presenti non grossi daltra parte tende all asciutto,Texture,"miceostruttura tendente al fine, friabile. Microcristalli presenti, non grossi. daltra parte tende all-asciutto","Texture friabile con microstruttura fine, microcristalli non grossi e tendente all'asciutto.",4,20510,
Texture::morbido no cristalli,Texture,morbido no cristalli,"Texture morbida, senza cristalli.",4,37004,
Texture::morbido e umido poco granuloso ma piccoli cristalli lascia residuo,Texture,morbido e umido poco granuloso ma piccoli cristalli lascia residuo,"Texture morbida e umida, poco granulosa con piccoli cristalli che lasciano residuo.",4,18364,
Texture::asciutto granuloso cristalli,Texture,asciutto granuloso cristalli,"Texture asciutta, granulosa, con cristalli.",8,20571,
Texture::granuloso ma no cristalli abba stanza sol,Texture,granuloso ma no cristalli abba stanza sol,"Texture granulosa, poco solubile.",4,5879,
Texture::compatto,Texture,Compatto,Texture compatta.,90,869,
Texture::molti granuli umidità' circa ok,Texture,"molti granuli, umidità' circa OK","Texture con molti granuli, umidità giusta.",4,21749,
Texture::seppur umido abbastanza friabile lascia la bocca pulita,Texture,seppur umido abbastanza friabile. lascia la bocca pulita,"Texture umida, abbastanza friabile, lascia la bocca pulita.",4,18904,
Texture::sembra più giovane,Texture,Sembra più giovane,NON_DESCRITTO,4,51395,
Texture::compatto quasi gommoso e deformabile non friabile,Texture,"compatto, quasi gommoso e deformabile, non friabile","Texture compatta, quasi gommosa e deformabile, non friabile.",4,27806,
Texture::un poco troppo umido ma non è bagnato,Texture,"Un Poco troppo umido, ma non è bagnato",Texture leggermente troppo umida.,4,4918,
Texture::granuloso in bocca,Texture,granuloso in bocca,Texture granulosa in bocca.,4,9365,
Texture::ben friabile e umido pochi microcristalli finale sabbioso,Texture,Ben Friabile e umido. pochi microcristalli. finale sabbioso,"Texture friabile e umida, con pochi microcristalli e finale sabbioso.",4,11412,
Texture::pastoso e sabbioso alla fine senza grana,Texture,"pastoso e sabbioso alla fine, senza grana","Texture pastosa e sabbiosa in finale, senza grana.",2,46838,
Texture::bocca pulita,Texture,bocca pulita,Texture che lascia bocca pulita.,8,42462,
Texture::friabilità' non perfetta troppo plastico al morso morbido,Texture,"friabilità' non perfetta. troppo plastico al morso, morbido","Texture poco friabile, troppo plastica al morso e morbida.",4,20384,
Texture::asciutto e inzialmente poco solub,Texture,asciutto e inzialmente poco solub,Texture asciutta e inizialmente poco solubile.,4,11341,
Texture::morbido senza struttura e microcristalli troppo solubile,Texture,"morbido, senza struttura e microcristalli, troppo solubile","Texture morbida, senza struttura e microcristalli, troppo solubile.",4,40413,
Texture::moderataemtte duro ma friabile grana piuttosto fine ma presente cristalli ben percepibili solubile,Texture,"moderataemtte duro ma friabile, grana piuttosto fine ma presente, cristalli ben percepibili,solubile","Texture moderatamente dura ma friabile, grana piuttosto fine, cristalli ben percepibili e solubile.",4,23904,
Texture::duro compatto grana fine pochi cristalli abbastanza solubile,Texture,"duro, compatto, grana fine, pochi cristalli, abbastanza solubile","Texture dura, compatta, a grana fine, con pochi cristalli e abbastanza solubile.",4,27381,
Texture::compatto potrebbe essere più granuloso pochi cristalli,Texture,"Compatto, potrebbe essere più granuloso, pochi cristalli","Texture compatta, poco granulosa, con pochi cristalli.",4,18447,
Texture::tro,Texture,tro,NON_DESCRITTO,4,31857,
Texture::mediamente dura granulosa solubile gradevole,Texture,"mediamente dura, granulosa, solubile, gradevole","Texture mediamente dura, granulosa e solubile.",4,30740,
Texture::un poco madesiva presenza di tirosina,Texture,"un poco- madesiva, presenza di tirosina",Texture leggermente adesiva con tirosina presente.,4,47549,
Texture::friabile granuloso discretamente solubile,Texture,"friabile, granuloso, discretamente solubile","Texture friabile, granulosa e discretamente solubile.",4,24185,
Texture::granuloso con cristalli poco solubile,Texture,granuloso con cristalli poco solubile,Texture granulosa con cristalli poco solubile.,4,9863,
Texture::molle e pastoso e asciutto,Texture,molle e pastoso e asciutto,"Texture molle, pastosa e asciutta.",4,27664,
Texture::cristali,Texture,cristali,Texture con cristalli presenti.,8,29574,
Texture::asciutto e poco sol lascia sensazione di farina in bocca,Texture,asciutto e poco sol lascia sensazione di farina in bocca,"Texture asciutta, poco solubile, lascia sensazione farinosa in bocca.",8,15955,
Texture::morbido poco granuloso qualche cris poco sol,Texture,morbido poco granuloso qualche cris poco sol,"Texture morbida, poco granulosa, con qualche cristallo e poco solubile.",4,21838,
Texture::cedevole al dente si frattura in microstruttura grossolana cristalli presneti impasta la bocca,Texture,cedevole al dente. si frattura in microstruttura grossolana. cristalli presneti. impasta la bocca,"Texture cedevole al dente, si frattura in microstruttura grossolana con cristalli presenti e impasta la bocca.",4,27878,
Texture::ho segnato durezza positiva perché ritengo abbia una bella espressione,Texture,"Ho segnato durezza positiva perché ritengo abbia una bella espressione,",NON_DESCRITTO,4,51219,
Texture::non molto friabile tendente all'umido,Texture,"Non molto friabile, tendente all'umido",Texture poco friabile e tendente all'umido.,4,18370,
Texture::un poco pastoso e poco solubile,Texture,un poco pastoso e poco solubile,Texture leggermente pastosa e poco solubile.,4,37505,
Texture::morbido granuloso con cristalli piccoli abbastanza solubile,Texture,morbido granuloso con cristalli piccoli abbastanza solubile,Texture morbida granulosa con cristalli piccoli e abbastanza solubile.,4,11551,
Texture::pastoso asciutto poco solub no cristalli,Texture,pastoso asciutto poco solub no cristalli,"Texture pastosa, asciutta, poco solubile, senza cristalli.",4,20130,
Texture::cedevole poco granulosa quasi sabbiosa,Texture,"cedevole, poco granulosa, quasi sabbiosa","Texture cedevole, poco granulosa e leggermente sabbioso.",2,46659,
Texture::umido molle poco friabile tende ad impastare la bocca e ingozzare cristalli presenti,Texture,"umido., molle. poco friabile, tende ad impastare la bocca e ingozzare. cristalli presenti","Texture umida, molle e poco friabile, tende ad impastare la bocca e ingozzare, con cristalli presenti.",4,16826,
Texture::granuloso e friabile cristalli evidenti solubile leggerero residuo sabbioso,Texture,granuloso e friabile cristalli evidenti solubile leggerero residuo sabbioso,"Texture granulosa e friabile, con cristalli evidenti, solubile, leggermente sabbioso e con residuo.",4,40410,
Texture::tirosina intensità forte solubilità e friabilità intensità leggera,Texture,tirosina intensità forte;solubilità e friabilità intensità leggera,"Texture con tirosina di forte intensità, solubilità e friabilità leggere.",4,16978,
Texture::friabile,Texture,friabile,Texture friabile.,8,27667,
Texture::duro grana fine solubile pochi critalli,Texture,"duro, grana fine, solubile, pochi critalli","Texture dura, a grana fine, solubile, con pochi cristalli.",4,22392,
Texture::friabile leggermente morbido solubile assenza di cristalli,Texture,"friabile, leggermente morbido, solubile, assenza di cristalli","Texture friabile, leggermente morbida e solubile, senza cristalli.",4,30836,
Texture::morbido asciutto poco firiabile e poco solub,Texture,morbido asciutto poco firiabile e poco solub,"Texture morbida, asciutta, poco friabile e poco solubile.",4,18441,
Texture::privo di struttura molle cedevole,Texture,"privo di struttura, molle, cedevole","Texture molle e cedevole, privo di struttura.",4,24114,
Texture::bella solubilità ma durezza bassa,Texture,"bella solubilità, ma durezza bassa",Texture con bella solubilità ma durezza bassa.,4,11418,
Texture::compatto duro piuttosto pastoso e rpivo di grana,Texture,"compatto, duro, piuttosto pastoso e rpivo di grana.","Texture compatta, dura, piuttosto pastosa e priva di grana.",4,12955,
Texture::friabile granulosa abbastanza solubile e con cristalli percepibili,Texture,"friabile, granulosa, abbastanza solubile e con cristalli percepibili","Texture friabile, granulosa, abbastanza solubile e con cristalli percepibili.",4,9196,
Texture::grana fine sciutto e pastoso morbido,Texture,"grana fine, sciutto e pastoso, morbido","Texture a grana fine, asciutta e pastosa, morbida.",4,25696,
Texture::friabile con piccoli cristalli farinoso ed asciutto nel finale,Texture,Friabile con piccoli cristalli. Farinoso ed asciutto nel finale,"Texture friabile con cristalli fini, farinosa e asciutta nel finale.",4,49187,
Texture::mediamente dura granulosa ma con solubilità' medio bassa a tratti poco aggregata,Texture,"mediamente dura, granulosa ma con solubilità' medio bassa, a tratti poco aggregata","Texture mediamente dura e granulosa, con solubilità medio-bassa e poca aggregazione a tratti.",4,42880,
Texture::tirosina solubilità e friabilità leggera,Texture,tirosina solubilità e friabilità leggera,"Texture con tirosina, buona solubilità e friabilità leggermente bassa.",4,11340,
Texture::umida anche se presenti qualche cristallo peccato l odore era buono,Texture,"umida anche se presenti qualche cristallo, peccato, l-odore era buono",Texture umida con qualche cristallo.,4,37261,
Texture::compatto poco friabile poco granuloso poco solubile,Texture,"compatto, poco friabile, poco granuloso, poco solubile","Texture compatta, poco friabile, poco granulosa e poco solubile.",4,41164,
Texture::si frattura in una struttura netta quindi friabilità limitata elastico al morso del molare finale di bocca discreto forse asciuga,Texture,"Si frattura in una struttura netta, quindi friabilità limitata. Elastico al morso del molare. finale di bocca discreto, forse asciuga","Texture friabile con struttura netta, elastica al morso; finale leggermente asciutto.",4,11622,
Texture::friabile buona solubilità intermedia untuosità,Texture,"Friabile, buona solubilità intermedia, untuosità","Texture friabile, solubilità intermedia, untuosità.",4,16987,
Texture::leggermente duro e schioccante,Texture,Leggermente duro e schioccante,Texture leggermente dura e schioccante.,4,1154,
Texture::morbido abbastanza inconsistente,Texture,"morbido, abbastanza inconsistente",Texture morbida e abbastanza pastosa.,4,47434,
Texture::abbastanza duro grana fine asciutta pochi cristalli solubile,Texture,"abbastanza duro, grana fine, asciutta, pochi cristalli, solubile","Texture abbastanza dura, grana fine, asciutta, con pochi cristalli e solubile.",4,7811,
Texture::molto solubile in realtà è troppo solubile,Texture,Molto solubile in realtà è TROPPO SOLUBILE,"Texture molto solubile, tendente all'eccessivo.",4,4739,
Texture::pastoso assenza di cristalli,Texture,pastoso;assenza di cristalli,"Texture pastosa, assenza di cristalli.",4,18443,
Texture::microstruttura finissima più\ttosto morbido pochi cristalli,Texture,"microstruttura finissima, più\ttosto morbido, pochi cristalli","Texture con microstruttura finissima, piuttosto morbida e pochi cristalli.",4,30689,
Texture::bocca poco pulita con frammenti insolubili,Texture,bocca poco pulita con frammenti insolubili,Texture con bocca poco pulita e frammenti insolubili.,4,9873,
Texture::duro con solubilità difficoltosa scarssisimi granuli di tirosina,Texture,DURO CON SOLUBILITà DIFFICOLTOSA;SCARSSISIMI GRANULI DI TIROSINA,Texture dura con solubilità difficoltosa e scarsissimi granuli di tirosina.,4,32315,
Texture::assenza di cristalli e granulosit',Texture,assenza di cristalli e granulosit';,Texture senza cristalli e granulosa.,4,32318,
Texture::tirosina molto presente buona solubilità,Texture,"tirosina molto presente, buona solubilità-",Texture con tirosina molto presente e buona solubilità.,4,9197,
Texture::molto tenero,Texture,Molto tenero,Texture molto tenera.,12,874,
Texture::morbido e asciutto poco solubile lascia residuo polverso,Texture,morbido e asciutto poco solubile lascia residuo polverso,"Texture morbida e asciutta, poco solubile, lascia residuo polveroso.",4,30589,
Texture::interessante anche se asciutta,Texture,Interessante anche se asciutta,Texture leggermente asciutta.,4,511,
Texture::umido e solubile,Texture,umido e solubile,Texture umida e solubile.,4,5806,
Texture::molle con poca consistenza si sfalda,Texture,"molle, con poca consistenza , si sfalda","Texture molle, con poca consistenza e che si sfalda.",4,9364,
Texture::morbido pastoso grana molto fine e solubuile,Texture,"morbido, pastoso, grana molto fine e solubuile","Texture morbida, pastosa, con grana molto fine e solubile.",4,44139,
Texture::presunta struttura stirata,Texture,Presunta struttura stirata,Texture con struttura stirata.,4,51667,
Texture::friabile asciutto sabbioso alla fine,Texture,"Friabile, asciutto, sabbioso alla fine","Texture friabile, asciutta e sabbioso al finale.",4,16910,
Texture::gommosa,Texture,gommosa,Texture gommosa.,8,15456,
Texture::molto pastosa/oleosa tanti cristalli troppo morbido,Texture,"molto pastosa/oleosa, tanti cristalli, troppo morbido","Texture molto pastosa e oleosa, con cristalli abbondanti, troppo morbida.",4,26083,
Texture::manca umidità' e solubilità,Texture,manca umidità' e solubilità,Texture con poca umidità e scarsa solubilità.,4,32324,
Texture::friabile poco struttura e qualche cristallo,Texture,"friabile, poco struttura e qualche cristallo","Texture friabile, con poca struttura e qualche cristallo.",2,46245,
Texture::friabilità' buona,Texture,"friabilità' buona,",Texture friabile.,4,9362,
Texture::morbido anche friabile ma pastosita' eccessiva che incolla non fine,Texture,"morbido, Anche friabile, ma pastosita' eccessiva che incolla. non fine","Texture morbida e friabile, ma con pastosità eccessiva che incolla e non fine.",4,37510,
Texture::molle con qualche granello di tirosina,Texture,MOLLE con qualche granello di tirosina,Texture molle con qualche granello di tirosina.,4,44648,
Texture::non asciutto ma friabile nel finale asciuga le fauci microcristalli presenti grossi,Texture,"non asciutto ma friabile, nel finale asciuga le fauci. microcristalli presenti, grossi","Texture friabile, non asciutta, con microcristalli e grossi cristalli presenti, che asciuga nel finale.",4,33938,
Texture::duro compatto grna fine abbastanza solubile,Texture,"duro, compatto, grna fine, abbastanza solubile","Texture dura, compatta, grana fine e abbastanza solubile.",4,31936,
Texture::asciutto ma solubile cristalli medi,Texture,"asciutto, ma solubile, cristalli medi..","Texture asciutta, solubile, con cristalli di media grandezza.",4,18372,
Texture::morbido e impasta qualche cristalli lascia residuo in bocca,Texture,morbido e impasta qualche cristalli lascia residuo in bocca,"Texture morbida che impasta, con qualche cristallo e residuo in bocca.",4,5571,
Texture::in bocca restano mdiversi granelli sabbiosi,Texture,in bocca restano mdiversi granelli sabbiosi,Texture che lascia granuli sabbiosi in bocca.,4,42742,
Texture::pastoso&morbido,Texture,pastoso&morbido,Texture pastosa e morbida.,2,46835,
Texture::granulosa solubile mediamente asciutta molto gradevole,Texture,"granulosa, solubile, mediamente asciutta, molto gradevole","Texture granulosa, solubile e mediamente asciutta.",4,37419,
Texture::pastoso e molle,Texture,pastoso e molle,Texture pastosa e molle.,4,13864,
Texture::buoni i cristalli ottima solubitli,Texture,"buoni i cristalli, ottima solubitli",Texture con cristalli e buona solubilità.,4,47154,
Texture::estremamente friabile struttura fine quasi asciutto,Texture,"estremamente friabile, struttura fine. quasi asciutto","Texture molto friabile, struttura fine e quasi asciutta.",4,44819,
Texture::perplesso sembrano pochi cristalli ma molte perle oppure cristalli grandi non cristallizzato non scrocchiarelli,Texture,"Perplesso. Sembrano pochi cristalli ma molte perle. Oppure cristalli grandi, non cristallizzato, non scrocchiarelli","Texture con cristalli grandi, poco cristallizzata e non scrocchiarella.",4,4915,
Texture::microstruttura grossolana elastico poco franabile,Texture,"microstruttura grossolana.. elastico, poco franabile","Texture con microstruttura grossolana, elastica e poco friabile.",2,46834,
Texture::non friabile duro asciutto non solubile,Texture,"Non friabile. Duro, asciutto. Non solubile","Texture dura, asciutta e poco solubile, non friabile.",4,49130,
Texture::buona friabilità la microstruttura tende al fine pochi granuli ma presenti,Texture,"buona friabilità. la microstruttura tende al fine. pochi granuli, ma presenti","Texture friabile, microstruttura fine, con pochi granuli percettibili.",4,42594,
Texture::molle sotto i denti cedevole poco solubile,Texture,"molle sotto i denti, cedevole. poco solubile","Texture molle e cedevole, poco solubile.",4,24113,
Texture::cristalloni umido impasta le fauci,Texture,cristalloni. umido impasta le fauci,"Texture con cristalli grossi, umida e che impasta le fauci.",4,24180,
Texture::pochi cristalli pastoso e poco umido,Texture,"pochi cristalli, pastoso e poco umido",Texture pastosa con pochi cristalli e poco umida.,4,9367,
Texture::non ottimale anzi non bella,Texture,"Non ottimale, anzi non bella!",NON_DESCRITTO,4,1732,
Texture::grana fine asciutto pastoso,Texture,"grana fine, asciutto, pastoso,","Texture a grana fine, asciutta e pastosa.",4,25542,
Texture::tirosina ok abbastanza solubile,Texture,"tirosina ok, abbastanza solubile","Texture con tirosina presente, abbastanza solubile.",4,9869,
Texture::pastoso non molto solubile,Texture,"pastoso, non molto solubile","Texture pastosa, poco solubile.",4,11205,
Texture::buona presenza di cristalli,Texture,buona presenza di cristalli,Texture con buona presenza di cristalli.,4,20509,
Texture::senza granumelotria e cristalli,Texture,senza granumelotria e cristalli,Texture senza granuli e cristalli.,2,46329,
Texture::pastoso molto,Texture,pastoso molto,Texture molto pastosa.,4,44734,
Texture::granuloso e solubile,Texture,granuloso e solubile,Texture granulosa e solubile.,14,15394,
Texture::morbido bella presenza di granuli friabile e equilibrato come umidità,Texture,"morbido, bella presenza di granuli, friabile e equilibrato come umidità","Texture morbida, friabile con bella presenza di granuli e umidità equilibrata.",4,14141,
Texture::granuloso con cristalli abbastanza sol,Texture,granuloso con cristalli abbastanza sol,Texture granulosa con cristalli abbastanza solubili.,4,16979,
Texture::buona la grana presnza di microcristalli,Texture,"buona la grana, presnza di microcristalli",Texture granulosa con microcristalli presenti.,4,21746,
Texture::friabile con cristalli,Texture,friabile con cristalli,Texture friabile con cristalli.,4,27662,
Texture::granuoloso asciutto si percepiscono i cristalli,Texture,granuoloso asciutto si percepiscono i cristalli,"Texture granulosa, asciutta con cristalli percepibili.",8,15507,
Texture::friabilità e solubilità moderate tirosina leggera,Texture,friabilità e solubilità MODERATE;TIROSINA leggera,"Texture moderatamente friabile e solubile, con tirosina leggera.",4,27875,
Texture::fastidioso in bocca,Texture,Fastidioso in bocca,NON_DESCRITTO,4,16,
Texture::tendente al compatto,Texture,"tendente al compatto,",Texture tendente al compatto.,4,11627,
Texture::impasta la bocca,Texture,Impasta la bocca,Texture che impasta la bocca.,4,3,
Texture::equilibrio con bella presenza di granuli struttura e umidità' ok,Texture,equilibrio con bella presenza di granuli. Struttura e umidità' OK,"Texture granulosa con bella presenza di granuli, struttura e umidità equilibrate.",4,14211,
Texture::cristalli di tirosina assenti friabilità e solubilità intensità bassa,Texture,cristalli di tirosina assenti;friabilità e solubilità intensità bassa,"Texture priva di cristalli di tirosina, poco friabile e poco solubile.",4,41159,
Texture::asciutto poco friabile e non molti granuli,Texture,"asciutto, poco friabile e non molti granuli","Texture asciutta, poco friabile e pochi granuli.",4,14281,
Texture::poca grana e poca solubilità,Texture,poca grana e poca solubilità,Texture con poca grana e poca solubilità.,4,41499,
Texture::duro granuloso cristalli percepibili un poco' asciutto solubile,Texture,"duro, granuloso, cristalli percepibili, un poco' asciutto,solubile","Texture dura, granulosa, con cristalli percepibili, leggermente asciutta e solubile.",4,9280,
Texture::morbido e pastoso asciutto sembra grana giovane,Texture,"morbido e pastoso, asciutto, sembra grana giovane","Texture morbida, pastosa e asciutta.",4,24254,
Texture::bella presenza di granuli consistenza media unidita e durezza ok,Texture,"bella presenza di granuli, consistenza media, unidita e durezza OK","Texture con bella presenza di granuli, consistenza media, umidità e durezza adeguate.",2,46916,
Texture::morbido poca grana impasta,Texture,morbido poca grana impasta,"Texture morbida, poca grana e che impasta la bocca.",8,15451,
Texture::durezza scarsa tirosina scarsa,Texture,durezza scarsa;tirosina scarsa;,Texture poco dura e con scarsa tirosina.,4,23828,
Texture::granuloso morbido e cristalli evidenti,Texture,granuloso morbido e cristalli evidenti,"Texture granulosa, morbida, con cristalli evidenti.",4,27802,
Texture::tirosina assente,Texture,tirosina assente,Texture senza tirosina.,4,16824,
Texture::morbido umido e solubile,Texture,"morbido, umido e solubile...","Texture morbida, umida e solubile.",4,26006,
Texture::adesiva,Texture,adesiva,Texture adesiva.,36,7421,
Texture::morbido sufficientemente cedevole quindi friabile struttura fine cristalli presenti ma pochi,Texture,"morbido. sufficientemente cedevole, quindi friabile. struttura fine. cristalli presenti, ma pochi","Texture morbida, sufficientemente cedevole e friabile, con struttura fine e pochi cristalli presenti.",4,44147,
Texture::solubile e granuloso piacevole,Texture,solubile e granuloso. piacevole,Texture solubile e granulosa.,8,29187,
Texture::buona solubilità,Texture,buona solubilità,Texture con buona solubilità.,4,44234,
Texture::leggermente asciutto ma nel complesso buona struttura,Texture,"leggermente asciutto, ma nel complesso buona struttura",Texture leggermente asciutta con buona struttura.,4,11488,
Texture::pastoso asciutto,Texture,"pastoso, asciutto",Texture pastosa e asciutta.,4,41387,
Texture::asciutto pastoso qualche crist,Texture,asciutto pastoso qualche crist,"Texture asciutta, pastosa, con qualche cristallo.",4,34396,
Texture::moderatamente duro pastoso e asciutto granuloso,Texture,"moderatamente duro, pastoso e asciutto, granuloso","Texture moderatamente dura, pastosa e asciutta, granulosa.",4,25619,
Texture::friabile ma senza microstruttura pochi cristalli,Texture,"friabile ma senza microstruttura , pochi cristalli","Texture friabile, con poca microstruttura e pochi cristalli.",4,42876,
Texture::morbido un pocchetto pastoso pochi microcristalli,Texture,"morbido, un pocchetto pastoso, pochi microcristalli","Texture morbido pastoso, pochi microcristalli.",2,46918,
Texture::umida poco granulosa poco solubile,Texture,"umida, poco granulosa, poco solubile","Texture umida, poco granulosa e poco solubile.",8,7801,
Texture::benr friabile in una microstruttura fine tende a liquefarsi nel finale di bocca cristalli presenti,Texture,"Benr friabile in una microstruttura fine, tende a liquefarsi nel finale di bocca. cristalli presenti","Texture friabile con microstruttura fine, cristalli presenti, tende a liquefarsi nel finale di bocca.",4,30639,
Texture::granuli di tirosina non percpibili in tutti i cubetti friabilità solubilità scarsa,Texture,granuli di tirosina non percpibili in tutti i cubetti;friabilità solubilità scarsa,"Texture con granuli di tirosina non percettibili in alcuni cubetti, friabilità e solubilità scarsa.",4,30735,
Texture::differente solubilità tra le 4 porzioni una da struttura stirata,Texture,"differente solubilità tra le 4 porzioni, una da struttura stirata.","Texture con differente solubilità tra le porzioni, una con struttura stirata.",4,14215,
Texture::molto compatto poco friabile,Texture,"Molto compatto, poco friabile,",Texture molto compatta e poco friabile.,4,12956,
Texture::moderatamente duro friabile grossolano abbastanza solubile parecchi cristalli,Texture,"moderatamente duro, friabile, grossolano, abbastanza solubile, parecchi cristalli","Texture moderatamente dura, friabile, grossolana, abbastanza solubile, con parecchi cristalli.",4,42459,
Texture::pasta stirata,Texture,Pasta stirata,Texture a pasta stirata.,4,1785,
Texture::durezza elevata buona presenza di granuli umidità' a posto,Texture,"durezza elevata, buona presenza di granuli, umidità' a posto...","Texture dura, buona presenza di granuli e umidità equilibrata.",4,25621,
Texture::poco granulosa ancora umida legata poco solubile,Texture,"poco granulosa, ancora umida, legata, poco solubile","Texture poco granulosa, ancora umida, legata e poco solubile.",4,41501,
Texture::pasta poco coesa cedevole solubile,Texture,"pasta poco coesa, cedevole, solubile","Texture poco coesa, cedevole e solubile.",4,42740,
Texture::friabile appena asciutto,Texture,"Friabile, appena asciutto","Texture friabile, leggermente asciutta.",8,15509,
Texture::granulosa ma un poco legata,Texture,granulosa ma un poco legata,Texture granulosa ma poco legata.,4,21835,
Texture::leggermente farinoso,Texture,leggermente farinoso,Texture leggermente farinosa.,4,21836,
Texture::abbastanza cedevole granuloso microstruttura abbastanza grossolana leggermente asciutto,Texture,"abbastanza cedevole, granuloso, microstruttura abbastanza grossolana, leggermente asciutto","Texture abbastanza cedevole, granulosa, con microstruttura grossolana e leggermente asciutta.",4,30837,
Texture::asciutto morbibo poco granuloso e poco sol,Texture,asciutto morbibo poco granuloso e poco sol,"Texture asciutta, morbida e poco solubile.",8,29183,
Texture::abbastanza duro pastoso asciutto con struttura abbastanza grossolana e poco solubile,Texture,"abbastanza duro, pastoso, asciutto, con struttura abbastanza grossolana e poco solubile.","Texture abbastanza dura, pastosa e asciutta, con struttura grossolana e poco solubile.",4,11416,
Texture::friabile con cristalli ma lascia residuo sabbioso alla fine,Texture,friabile con cristalli ma lascia residuo sabbioso alla fine,"Texture friabile con cristalli, lascia residuo sabbioso in finale.",4,18287,
Texture::umido e pastoso quasi liquefabile,Texture,"umido e pastoso, quasi liquefabile","Texture umida, pastosa e quasi liquefabile.",4,37259,
Texture::sabbioso e granuloso con cristalli,Texture,sabbioso-e granuloso con cristalli,Texture sabbioso-granulosa con cristalli.,4,41110,
Texture::moderatamente duro asciutto microstruttura fine solubile pochi cristalli,Texture,"moderatamente duro, asciutto, microstruttura fine, solubile, pochi cristalli","Texture moderatamente dura, asciutta, con microstruttura fine, solubile e pochi cristalli.",4,21846,
Texture::leggermente poco solubile e faticoso,Texture,Leggermente poco solubile e faticoso?,Texture leggermente poco solubile e faticosa.,10,2138,
Texture::la boca rimane abbastanza pulia,Texture,la boca rimane abbastanza pulia,Texture che lascia bocca pulita.,4,42882,
Texture::molto adesiva,Texture,molto adesiva,Texture molto adesiva.,8,33711,
Texture::pochi cristalli peccato,Texture,Pochi cristalli..peccato,Texture con pochi cristalli.,8,49750,
Texture::duro ma friabile microstruttura sottile solubile ma asciutto,Texture,"duro ma friabile, microstruttura sottile, solubile ma asciutto","Texture dura ma friabile, con microstruttura sottile, solubile ma asciutta.",4,16908,
Texture::cedevole e un poco adesivo,Texture,cedevole e un poco- adesivo,Texture cedevole e leggermente adesiva.,4,13867,
Texture::morbida cristalli umida,Texture,"morbida, cristalli, umida","Texture morbida, umida, con cristalli.",4,7965,
Texture::morbido friabile grana fine e solubile pochi cristalli tende a impastare,Texture,"morbido, friabile, grana fine e solubile, pochi cristalli, tende a impastare","Texture morbida, friabile, a grana fine e solubile, con pochi cristalli e che tende a impastare.",4,27661,
Texture::si frantuma bene sotto il molare buona microstruttura umido cristalli ce n'è,Texture,"si frantuma bene sotto il molare, buona microstruttura. umido. cristalli ce n'è","Texture friabile, buona microstruttura, umida, con cristalli presenti.",4,42454,
Texture::morbido con cristalli ben evidenti asciutto all'inizio tende un poco ad impastrare e lascia un poco di residuo,Texture,morbido con cristalli ben evidenti asciutto all'inizio tende un poco ad impastrare e lascia un poco di residuo,"Texture morbida con cristalli ben evidenti, leggermente asciutta all'inizio, tende a impastarsi lievemente e lascia un piccolo residuo.",4,40270,
Texture::friabile buoni i cristalli abbastanza solubile,Texture,"friabile, buoni i cristalli, abbastanza solubile","Texture friabile, buoni cristalli e abbastanza solubile.",4,23902,
Texture::equilibrato,Texture,Equilibrato,NON_DESCRITTO,4,3843,
Texture::molle e cedevole non da grana,Texture,molle e cedevole. non da grana,"Texture molle e cedevole, non granulosa.",4,20450,
Texture::grana e cristalli evidenti abbastanza sol,Texture,grana e cristalli evidenti abbastanza sol,Texture granulosa con cristalli evidenti e abbastanza solubile.,4,27382,
Texture::pastoso deformabile poco friabile poca grana cedevole,Texture,"pastoso, deformabile, poco friabile, poca grana, cedevole","Texture pastosa, deformabile, poco friabile e cedevole, con poca grana.",4,24255,
Texture::morbido grana molto fine e solubile umido cristalli presenti,Texture,"morbido, grana molto fine e solubile, umido, cristalli presenti","Texture morbida, grana molto fine e solubile, umida, con cristalli presenti.",4,34397,
Texture::molle e cedevole,Texture,molle e cedevole.,Texture molle e cedevole.,4,23903,
Texture::durezza buona struttura e microstrutture ottimali permane in bocca con struttura e non si impasta,Texture,"durezza buona struttura e microstrutture ottimali, permane in bocca con struttura e non si impasta","Texture con durezza buona, struttura ottimale e non si impasta in bocca.",4,40273,
Texture::grana assente molto tenero,Texture,grana assente molto tenero,"Texture molto tenera, grana assente.",4,5499,
Texture::si scioglie,Texture,si scioglie,Texture che si scioglie in bocca.,8,14289,
Texture::buona solubile granulosa,Texture,"buona, solubile, granulosa","Texture buona, solubile e granulosa.",4,37503,
Texture::umido e pastoso assenza di granuli,Texture,umido e pastoso. assenza di granuli,"Texture umida, pastosa e con assenza di granuli.",4,22291,
Texture::friabile cedevole poco consistente granulosa asciutta quasi sabbiosa,Texture,"friabile, cedevole, poco consistente, granulosa, asciutta, quasi sabbiosa","Texture friabile, cedevole, granulosa e leggermente sabbioso, poco consistente, asciutta.",4,18294,
Texture::orbido pastoso con cristalli lascia sabbietta finale,Texture,orbido pastoso con cristalli lascia sabbietta finale,"Texture torbida pastosa con cristalli, lascia sabbietta finale.",4,36920,
Texture::granuloso con cristalli poco sol lascia residuo farinoso,Texture,granuloso con cristalli poco sol lascia residuo farinoso,"Texture granulosa con cristalli poco solubili, lascia residuo farinoso.",4,23829,
Texture::molto asciutto quasi secco,Texture,Molto asciutto. Quasi secco,Texture molto asciutta.,4,4491,
Texture::granulosa mediamente umida solubile,Texture,"granulosa, mediamente umida, solubile","Texture granulosa, mediamente umida e solubile.",4,36915,
Texture::leggermente gommoso e asciutto,Texture,leggermente gommoso e asciutto,Texture leggermente gommosa e asciutta.,4,44227,
Texture::ingozza nel finale,Texture,ingozza nel finale,Texture che ingozza nel finale.,4,811,
Texture::morbido poca grana,Texture,morbido poca grana,Texture morbida con poca grana.,4,7957,
Texture::pastoso e tanti cristalli,Texture,pastoso e tanti cristalli,Texture pastosa con cristalli abbondanti.,4,14146,
Texture::morbido non friabile sembra giovane non riuscito,Texture,"morbido, non friabile, sembra giovane, non riuscito",Texture morbida e poco friabile.,4,26159,
Texture::assenza di cristalli pastoso,Texture,assenza di cristalli;pastoso,Texture pastosa con assenza di cristalli.,4,9949,
Texture::solo un poco’ tenero,Texture,solo un poco’ tenero,Texture leggermente tenera.,4,825,
Texture::molto solubile umido manca di consistenza,Texture,"molto solubile, umido, manca di consistenza","Texture molto solubile, umida e poco consistente.",4,34402,
Texture::un poco' pastoso,Texture,un poco' pastoso,Texture poco pastosa.,4,5958,
Texture::adesivo,Texture,adesivo,Texture adesiva.,4,7344,
Texture::indeformabile plastico,Texture,Indeformabile plastico,Texture indeformabile e plastica.,4,50450,
Texture::friabile non asciutto qulache microcristallo buona microstruttura,Texture,"Friabile, non asciutto. qulache microcristallo. buona microstruttura","Texture friabile, non asciutta, con qualche microcristallo e buona microstruttura.",4,22389,
Texture::grnuloso molto asciutto poco solubile,Texture,"grnuloso, molto asciutto, poco solubile.","Texture granulosa, molto asciutta e poco solubile.",4,14282,
Texture::poco solubile no tirosina,Texture,"poco solubile, no tirosina",Texture poco solubile.,4,47381,
Texture::umida morbida solubile,Texture,"umida , morbida, solubile","Texture umida, morbida e solubile.",4,7349,
Texture::pochi cristalli molto pastoso,Texture,pochi cristalli;molto pastoso,Texture con pochi cristalli e molto pastosa.,4,5578,
Texture::grana assente tenerissimo,Texture,grana assente tenerissimo,"Texture tenerissima, priva di grana.",4,5576,
Texture::morbido al morso del molare pastoso,Texture,"morbido al morso del molare, pastoso","Texture morbida al morso del molare, pastosa.",4,6036,
Texture::cristalli poca grana,Texture,cristalli poca grana,Texture con cristalli e poca grana.,4,42601,
Texture::asciutto con cristalli e granuloso poi sol,Texture,asciutto con cristalli e granuloso poi sol,"Texture asciutta, granulosa con cristalli e solubile.",4,11481,
Texture::buona con equilibrio tra umidità' e friabilità,Texture,"buona, con equilibrio tra umidità' e friabilità",Texture con buon equilibrio tra umidità e friabilità.,4,22295,
Texture::buona friabilità' microstruttura assente,Texture,"buona friabilità', microstruttura assente",Texture con buona friabilità e microstruttura assente.,4,42666,
Texture::granuloso leggermente pastoso,Texture,granuloso leggermente pastoso,Texture granulosa leggermente pastosa.,4,40278,
Texture::cedevole ai denti ma non morbido friabile microstruttura apprezzabile anche umido,Texture,"cedevole ai denti, ma non morbido. friabile . microstruttura apprezzabile. anche umido","Texture cedevole ai denti, friabile, con microstruttura apprezzabile e umida.",4,33861,
Texture::solubilità da formaggio tendenzialmente grasso,Texture,solubilità da formaggio tendenzialmente grasso,"Texture solubile, tendente al grasso.",4,30833,
Texture::troppo umido,Texture,troppo umido,Texture troppo umida.,4,40342,
Texture::buona friabilità che lascia però una struttura grossolana lascia la bocca disidratata cristalli presenti anche grossi,Texture,buona friabilità che lascia però una struttura grossolana. lascia la bocca disidratata. cristalli presenti anche grossi,"Texture friabile con struttura grossolana, lascia bocca disidratata e cristalli grossi presenti.",4,23830,
Texture::friabile asciutto ma non troppo microstruttura abbastanza fine cristalli non numerosissimi presenti impasta e ingozza nel finale,Texture,"friabile, asciutto ma non troppo. Microstruttura abbastanza fine. cristalli non numerosissimi, presenti. impasta e ingozza nel finale","Texture friabile, asciutta ma non eccessiva, con microstruttura abbastanza fine e cristalli presenti non abbondanti; impasta e ingozza nel finale.",4,40271,
Texture::sento le perle,Texture,Sento le perle,Texture con cristalli percepibili.,8,50492,
Texture::morbido asciutto con qualche crist,Texture,morbido asciutto con qualche crist,"Texture morbida, asciutta e con qualche cristallo.",4,33780,
Texture::un poco cedevole presenza di tiosina,Texture,"un poco- cedevole, presenza di tiosina","Texture poco cedevole, con tirosina presente.",4,47437,
Texture::umido pastoso,Texture,"umido, pastoso",Texture umida e pastosa.,4,18753,
Texture::grana fine leggermente farinoso,Texture,"grana fine, leggermente farinoso","Texture a grana fine, leggermente farinosa.",4,6039,
Texture::la bocca non rimane pulita,Texture,la bocca non rimane pulita,Texture che lascia bocca non pulita.,4,24257,
Texture::no cristalli,Texture,No cristalli,Texture priva di cristalli.,16,48867,
Texture::patoso e burroso/unto bei granuli,Texture,"patoso e burroso/unto, bei granuli","Texture pastosa e untuosa, con bei granuli.",4,22204,
Texture::secco,Texture,secco,Texture secca.,28,13729,
Texture::troppo fondente nel finale impasta la bocca troppo morbido,Texture,"troppo fondente nel finale, impasta la bocca, troppo morbido","Texture troppo morbida, che impasta la bocca e risulta eccessivamente fondente nel finale.",4,26082,
Texture::molto umido solubile poco granuloso,Texture,"molto umido, solubile, poco granuloso","Texture molto umida, solubile e poco granulosa.",8,15569,
Texture::duro ma da pasta stirata,Texture,duro ma da pasta stirata,Texture dura ma cedevole.,4,25699,
Texture::manca di cristalli,Texture,Manca di cristalli,Texture con cristalli assenti.,4,48476,
Texture::percepibile presenza granuli di tirosina e grana della pasta,Texture,percepibile presenza granuli di tirosina e grana della pasta,Texture con percepibile presenza di granuli di tirosina e grana della pasta.,2,46663,
Texture::sabbioso finissimo,Texture,sabbioso finissimo,Texture sabbioso finissimo.,4,9453,
Texture::cedevole ancora umida poco granulosa,Texture,"cedevole, ancora umida, poco granulosa","Texture cedevole, ancora umida e poco granulosa.",4,32323,
Texture::cristalli molto presenti consistenza ok,Texture,"cristalli molto presenti, consistenza OK",Texture con cristalli molto presenti e consistenza adeguata.,4,31862,
Texture::friabile e morbido pochi cristalli impasta la bocca,Texture,Friabile e morbido. pochi cristalli. impasta la bocca,"Texture friabile e morbido, pochi cristalli, impasta la bocca.",8,15957,
Texture::la bocca è abbastanza polita,Texture,la bocca è abbastanza polita,Texture abbastanza pulita in bocca.,4,41166,
Texture::pastoso e poco solubile consistenza molle sotto i denti,Texture,pastoso e poco solubile. consistenza molle sotto i denti;,"Texture pastosa, poco solubile e molle sotto i denti.",4,25616,
Texture::morbido anche se presenti cristalli,Texture,morbido anche se presenti cristalli,Texture morbida con cristalli presenti.,4,7808,
Texture::contiene perle piuttosto dure non piacevoli alla masticazione,Texture,"Contiene perle piuttosto dure, non piacevoli alla masticazione",Texture con cristalli piuttosto duri.,4,4916,
Texture::friabilità e granulosità elevate,Texture,Friabilità e granulosità elevate,Texture molto friabile e granulosa.,4,49659,
Texture::morbido poco granuloso cristalli,Texture,morbido poco granuloso cristalli,"Texture morbida, poco granulosa, con cristalli presenti.",4,44142,
Texture::granulosa ma non molto solubile ancora umida,Texture,"granulosa ma non molto solubile, ancora umida","Texture granulosa, umida ma poco solubile.",4,7416,
Texture::molto friabile solubile,Texture,"molto friabile, solubile",Texture molto friabile e solubile.,4,31937,
Texture::asciutto pastoso e poco solubile,Texture,"asciutto, pastoso e poco solubile","Texture asciutta, pastosa e poco solubile.",4,37344,
Texture::granuloso impasta cristalli piccoli poco solub,Texture,granuloso impasta cristalli piccoli poco solub,"Texture granulosa, con cristalli piccoli, poco solubile e che impasta la bocca.",4,9947,
Texture::leggermente umido ma con cristalli,Texture,leggermente umido ma con cristalli,Texture leggermente umida con cristalli percettibili.,4,7346,
Texture::friabile e solubile buoni i cristalli,Texture,"friabile e solubile, buoni i cristalli","Texture friabile, solubile, con cristalli ben percettibili.",4,47546,
Texture::sabbioso e granuloso pochi cristalli,Texture,"sabbioso e granuloso, pochi cristalli",Texture sabbioso-granulosa con pochi cristalli.,4,23907,
Texture::non granuloso aggiungere residuo a faticoso sabbioso,Texture,"Non granuloso, aggiungere residuo a faticoso sabbioso ,,...","Texture non granulosa, con residuo sabbioso faticoso.",4,50080,
Texture::morbido poca granaimpasta non sol lascvia sensazione di farina,Texture,morbido poca granaimpasta non sol lascvia sensazione di farina,"Texture morbida, poco granulosa, che impasta la bocca, poco solubile, con sensazione farinosa.",4,7803,
Texture::asciutto granuloso tende ad impastare verso la fine con qualche cristallo poco sol,Texture,asciutto granuloso tende ad impastare verso la fine con qualche cristallo poco sol,"Texture asciutta e granulosa, tende a impastare verso il finale con qualche cristallo e poco solubile.",4,20193,
Texture::troppo tenero no grana,Texture,troppo tenero no grana,"Texture tenera, poca grana.",4,18835,
Texture::morbido microstruttura assente qualche cristallo,Texture,"morbido, microstruttura assente, qualche cristallo","Texture morbida, microstruttura assente, con qualche cristallo.",4,18367,
Texture::lascia la bocca pulita,Texture,lascia la bocca pulita,Texture che lascia la bocca pulita.,8,15510,
Texture::molta tirosina adesivo,Texture,"molta tirosina, adesivo",Texture con tirosina abbondante e adesiva.,4,9281,
Texture::moderata durezza friabile granuloso solubile cristalli percepibili,Texture,"moderata durezza, friabile, granuloso, solubile, cristalli percepibili","Texture moderatamente dura, friabile, granulosa e solubile, con cristalli percepibili.",4,5801,
Texture::pastoso persistente in bocca,Texture,"pastoso, persistente in bocca",Texture pastosa e persistente in bocca.,8,15954,
Texture::umido pastoso non friabile non solubile / molto diversi i pezzi fra loro,Texture,"umido, pastoso, non friabile, non solubile / molto diversi i pezzi fra loro","Texture umida e pastosa, poco friabile e poco solubile.",4,22300,
Texture::solubilità friabilità tirosina intensità leggera (positiva),Texture,solubilità friabilità tirosina intensità leggera (positiva),"Texture solubile e friabile, con tirosina percepibile a intensità leggera.",4,16901,
Texture::non troppo solubile,Texture,Non troppo solubile,Texture poco solubile.,8,9282,
Texture::friabile microstruttura non finissima buona cristalli percepibili umido il giusto,Texture,"friabile. microstruttura non finissima, buona. cristalli percepibili. umido il giusto","Texture friabile con microstruttura buona, cristalli percepibili e giusta umidità.",4,47152,
Texture::morbido umido microstruttura sottile solubile,Texture,"morbido, umido, microstruttura sottile, solubile","Texture morbida, umida, a microstruttura sottile e solubile.",4,22301,
Texture::friabile un p secco pochi cristalli,Texture,"friabile, un p; secco, pochi cristalli","Texture friabile, leggermente secco, pochi cristalli.",4,16982,
Texture::asciutto,Texture,asciutto,Texture asciutta.,124,15508,
Texture::polveroso poco solubile alla fine granellini di tirosina rimangono a lungo,Texture,"polveroso poco solubile alla fine, granellini di tirosina rimangono a lungo","Texture polverosa, poco solubile, con granuli di tirosina percettibili al residuo finale.",4,20136,
Texture::troppo morbido astrutturato sembra la pasta dell emmental,Texture,troppo morbido astrutturato. sembra la pasta dell emmental,Texture troppo morbida e poco strutturata.,4,25697,
Texture::difetta di friabilità' morbido,Texture,"difetta di friabilità', morbido",Texture poco friabile e morbida.,4,20195,
Texture::asciutto granuloso qualche cristallo poco sol,Texture,asciutto granuloso qualche cristallo poco sol,"Texture asciutta, granulosa, con qualche cristallo e poco solubile.",4,9359,
Texture::non friabile ma cedevole solubile in bocca ma non alla deglutizione poca grana un poco' untuoso,Texture,"non friabile ma cedevole, solubile in bocca ma non alla deglutizione, poca grana, un poco' untuoso","Texture cedevole, solubile in bocca, poco friabile, con poca grana e leggermente untuosa.",4,26079,
Texture::compatto e duro ma con grana quasi assente asciutto,Texture,"compatto e duro ma con grana quasi assente, asciutto","Texture compatta e dura, con grana quasi assente, asciutta.",4,6032,
Texture::molti cristalli,Texture,molti cristalli,Texture con cristalli abbondanti.,8,11209,
Texture::molti cristalli molto pastoso e asciutto per,Texture,"molti cristalli, molto pastoso e asciutto per;...","Texture molto pastosa, asciutta e con cristalli abbondanti.",4,31785,
Texture::quasi troppi cristalli,Texture,Quasi troppi cristalli...,Texture con cristalli abbondanti.,4,25,
Texture::duro asciutto praticamnte privo di grana,Texture,"duro, asciutto, praticamnte privo di grana,","Texture dura, asciutta e praticamente priva di grana.",4,33704,
Texture::abbastanza dura e compatta ma firabile con grana percepibile e cristalli,Texture,"abbastanza dura e compatta ma firabile, con grana percepibile e cristalli","Texture abbastanza dura e compatta ma friabile, con grana percepibile e cristalli.",4,11556,
Texture::leggera sabbiosità finale ma friabile mediamente umido pochi cristalli presenti,Texture,"Leggera sabbiosità finale, ma friabile, mediamente umido, pochi cristalli presenti","Texture leggermente sabbiosa al finale, friabile, mediamente umida, con pochi cristalli.",4,11417,
Texture::cedevole poco consistente disaggregata ma solubile,Texture,"cedevole, poco consistente, disaggregata, ma solubile","Texture cedevole, poco consistente, disaggregata ma solubile.",4,41333,
Texture::microstruttura scarsa,Texture,MICROSTRUTTURa scarsa,Texture con microstruttura scarsa.,4,11344,
Texture::morbida poco granulosa poco solubile buona presenza di microcristalli leggermente adesiva,Texture,"morbida, poco granulosa, poco solubile, buona presenza di microcristalli, leggermente adesiva","Texture morbida, poco granulosa, poco solubile, con buona presenza di microcristalli e leggermente adesiva.",4,5491,
Texture::un poco di sabbiosita finale ma,Texture,"un poco di sabbiosita finale, ma",Texture leggermente sabbiosa in finale.,2,46922,
Texture::poco solubile,Texture,poco solubile,Texture poco solubile.,12,20451,
Texture::compatto non molto friabile e né solubile rimangono scagliette strane sotto i denti,Texture,"compatto, non molto friabile e né solubile, rimangono scagliette strane sotto i denti","Texture compatta, poco friabile e poco solubile, con scagliette che rimangono sotto i denti.",4,44232,
Texture::comnpatta grana abbastanza fine piuttosto solubile pochissimi cristalli,Texture,"comnpatta, grana abbastanza fine, piuttosto solubile, pochissimi cristalli","Texture compatta, grana abbastanza fine, piuttosto solubile, con pochissimi cristalli.",4,42739,
Texture::ben friabile lascia un struttura fine si scioglie bene in bocca non asciutto,Texture,"Ben friabile, lascia un struttura fine. Si scioglie bene in bocca, non asciutto","Texture friabile, con struttura fine, molto solubile e non asciutta.",8,15397,
Texture::morbido si sentono i cristalli poco granuloso molto sol,Texture,morbido si sentono i cristalli poco granuloso molto sol,"Texture morbida, cristalli percepibili, poco granulosa e molto solubile.",8,15563,
Texture::equilibrato scarsa la solubilità,Texture,"equilibrato, scarsa la solubilità",Texture equilibrata ma scarsa solubilità.,4,30738,
Texture::umida ancora elastica poco granulosa poco solubile,Texture,"umida, ancora elastica, poco granulosa, poco solubile","Texture umida, ancora elastica, poco granulosa e poco solubile.",2,46239,
Texture::troppo friabile asciutto,Texture,"troppo friabile, asciutto...",Texture molto friabile e asciutta.,4,44813,
Texture::secco e farinoso buoni i cristalli media solubilità,Texture,"secco e farinoso, buoni i cristalli, media solubilità","Texture asciutta, farinosa, con buoni cristalli e media solubilità.",4,27389,
Texture::qualche cristallo ma positiva,Texture,qualche cristallo ma positiva,"Texture con qualche cristallo, positiva.",4,27873,
Texture::piuttosto morbido assenza di cristalli,Texture,"piuttosto morbido, assenza di cristalli","Texture piuttosto morbida, assenza di cristalli.",4,42806,
Texture::pastoso in bocca poco solubile,Texture,"pastoso in bocca, poco solubile","Texture pastosa in bocca, poco solubile.",4,25693,
Texture::presenza di porzioni pastose scarsamente frabili da formaggio a pasta compatta= struttura stirata,Texture,presenza di porzioni pastose scarsamente frabili da formaggio a pasta compatta= struttura stirata,Texture con porzioni pastose scarsamente friabili e struttura compatta.,4,13795,
Texture::compatto poco friabile poco solubile pochi cristalli,Texture,"compatto, poco friabile, poco solubile, pochi cristalli","Texture compatta, poco friabile, poco solubile, con pochi cristalli.",4,6037,
Texture::poco friabile molto morbido assenza di critalli microstruttura finissima,Texture,"poco friabile, molto morbido, assenza di critalli, microstruttura finissima","Texture poco friabile, molto morbido, senza cristalli e con microstruttura finissima.",4,30787,
Texture::forse pastoso,Texture,Forse pastoso,Texture leggermente pastosa.,4,3543,
Texture::troppo morbido,Texture,troppo morbido,Texture troppo morbida.,4,20196,
Texture::pochissimi cristalli,Texture,pochissimi cristalli,Texture con cristalli scarsi.,4,13720,
Texture::cristallisi sente una grana leggera comunque pastoso,Texture,cristallisi sente una grana leggera comunque pastoso,"Texture con cristalli percettibili, grana leggera e morbido pastoso.",4,9284,
Texture::pastoso e poco solubile,Texture,pastoso e poco solubile,Texture pastosa e poco solubile.,12,13794,
Texture::pastoso con granuli e cristalli,Texture,pastoso con granuli e cristalli,Texture pastosa con granuli e cristalli.,4,22293,
Texture::poco friabile asciutto pochi granuli,Texture,"poco friabile, asciutto, pochi granuli...","Texture poco friabile, asciutta e con pochi granuli.",4,44225,
Texture::gommoso no grana,Texture,gommoso no grana,"Texture non gommosa, con grana.",4,42671,
Texture::microstruttura assente,Texture,microstruttura assente,Texture con microstruttura assente.,4,5962,
Texture::si sbriciola in bocca granuloso cristalloso,Texture,"si sbriciola in bocca, granuloso, cristalloso","Texture friabile, granulosa e cristallosa.",4,13722,
Texture::ingrossa un pochetto,Texture,Ingrossa un pochetto,Texture che ingozza leggermente.,4,726,
Texture::asciutto friabile,Texture,"asciutto, friabile,",Texture asciutta e friabile.,2,46334,
Texture::granuli di tirosina inrensità medio alta solubilità alta friabilità medio alta,Texture,granuli di tirosina inrensità medio alta;solubilità alta;friabilità medio alta,"Texture con granuli di tirosina a intensità medio-alta, alta solubilità e media friabilità.",4,9190,
Texture::si intende no cristalli,Texture,Si intende no cristalli,Texture senza cristalli.,4,49921,
Texture::cristalli medio grossi la bocca nel complesso rimane pulita,Texture,"cristalli medio grossi, la bocca nel complesso rimane pulita","Texture con cristalli medio grossi, bocca pulita nel complesso.",8,15566,
Texture::cristalli quasi assenti compatto,Texture,"Cristalli quasi assenti, compatto",Texture compatta con cristalli quasi assenti.,4,50007,
Texture::presenza di cristalli buona solubilità,Texture,"presenza di cristalli, buona solubilità",Texture con cristalli presenti e buona solubilità.,4,5577,
Texture::morbido cedevole al dente non molto friabile cristalli quasi assenti,Texture,"morbido, cedevole al dente, non molto friabile. cristalli quasi assenti","Texture morbida e cedevole al dente, poco friabile, con cristalli quasi assenti.",4,18442,
Texture::morbido grana fine cristaali ben percepibili solubile,Texture,"morbido, grana fine, cristaali ben percepibili, solubile","Texture morbida, grana fine, cristalli ben percepibili e solubile.",4,33781,
Texture::pastoso poca grana granuli,Texture,pastoso poca grana granuli,Texture pastosa con poca grana e granuli percettibili.,4,37255,
Texture::non ok,Texture,Non ok,NON_DESCRITTO,14,2131,
Texture::morbido buona microstruttura manca di cristalli,Texture,"morbido, buona microstruttura, manca di cristalli","Texture morbida, buona microstruttura, pochi cristalli.",4,16828,
Texture::morbido asciutto granuloso tende ad impastare e cristalli evidenti,Texture,morbido asciutto granuloso tende ad impastare e cristalli evidenti,"Texture morbida, asciutta, granulosa, tende a impastare e con cristalli evidenti.",4,27732,
Texture::morbido con qualche cristallo asciutto tende ad impastare poca grana si scioglie,Texture,morbido con qualche cristallo asciutto tende ad impastare poca grana si scioglie,"Texture morbida con qualche cristallo, asciutta, tende ad impastare, poca grana e si scioglie in bocca.",4,5956,
Texture::molto morbido umidità' e pastosita molto buone pochi granuli,Texture,"molto morbido .. umidità' e pastosita molto buone, pochi granuli","Texture molto morbida, umida e pastosa, con pochi granuli.",4,7345,
Texture::un poco umido,Texture,Un poco umido,Texture leggermente umida.,4,1794,
Texture::seppur morbido è friabile in una moicrostruttura di discreta finezza cristalli presenti finale di bocca un poco' impastata,Texture,seppur morbido è friabile in una moicrostruttura di discreta finezza. Cristalli presenti. finale di bocca un poco' impastata,"Texture morbida e friabile con microstruttura di discreta finezza, cristalli presenti e finale leggermente impastato in bocca.",4,9444,
Texture::granuloso umido con cristalli solub,Texture,granuloso umido con cristalli solub,"Texture granulosa, umida, con cristalli solubili.",4,20445,
Texture::potrebbe essere più solubile,Texture,potrebbe essere più solubile,Texture poco solubile.,12,11487,
Texture::abbondanti cristalli il formaggio si scioglio rapidamente,Texture,"abbondanti cristalli, il formaggio si scioglio rapidamente","Texture con cristalli abbondanti, si scioglie rapidamente in bocca.",4,41334,
Texture::lascia pochi frammenti,Texture,lascia pochi frammenti,Texture che lascia pochi frammenti.,4,5800,
Texture::asciutto gramuloso cristalli lascia residuo,Texture,asciutto gramuloso cristalli lascia residuo,"Texture asciutta, granulosa con cristalli che lasciano residuo.",4,47207,
Texture::pastoso con cristalli,Texture,pastoso con cristalli,Texture pastosa con cristalli.,4,7418,
Texture::cristalli alta solubilità' poca struttura,Texture,cristalli alta solubilità' poca struttura,"Texture con cristalli, alta solubilità e poca struttura.",4,24186,
Texture::firabilità moderata solubilità difficoltosa cristalli tirosina molto poco percepibili,Texture,firabilità moderata;solubilità difficoltosa;cristalli tirosina molto poco percepibili,"Texture moderatamente friabile, poco solubile e con microcristalli di tirosina scarsamente percettibili.",4,30588,
Texture::morbido e pastoso grana fine e solubile pochi cristalli,Texture,"morbido e pastoso, grana fine e solubile, pochi cristalli","Texture morbida e pastosa, grana fine e solubile, pochi cristalli.",4,26081,
Texture::sotto il molare si fende in pezzi grossi struttura poco definita,Texture,Sotto il molare si fende in pezzi grossi. Struttura poco definita,"Texture friabile, con struttura poco definita.",4,41385,
Texture::cristalli anche troppi,Texture,Cristalli anche troppi,Texture con cristalli abbondanti.,8,51850,
Texture::inizialmente granuloso poi si scioglie bree e lascia la bocca abbastanza pulita,Texture,inizialmente granuloso poi si scioglie bree e lascia la bocca abbastanza pulita,"Texture granulosa, che si scioglie bene e lascia la bocca abbastanza pulita.",4,24327,
Texture::difficile da giudicare perché immagiabile,Texture,Difficile da giudicare perché immagiabile,NON_DESCRITTO,4,50285,
Texture::mediamente dura granulosa ma con solubilità' medio bassa ricorda più\ un nostrano che un grana,Texture,"mediamente dura, granulosa ma con solubilità' medio bassa, ricorda più\ un nostrano che un grana","Texture mediamente dura, granulosa con solubilità medio-bassa.",4,41389,
Texture::morbido,Texture,morbido,Texture morbida.,4,13860,
Texture::il formaggio si scioglie completamente e velocemente in bocca,Texture,il formaggio si scioglie completamente e velocemente in bocca,Texture che si scioglie completamente e velocemente in bocca.,4,41502,
Texture::poco friabile e granulosa ma ben solubile con cristalli,Texture,"Poco friabile e Granulosa. Ma ben solubile, con cristalli","Texture poco friabile e granulosa, ma ben solubile con cristalli.",4,49135,
Texture::buona friabilità' solubile pochi cristalli,Texture,"buona friabilità', solubile, pochi cristalli","Texture friabile, solubile, con pochi cristalli.",4,23832,
Texture::asciutto granuloso e poco solubile restano residui in bocca quasi fastidioso,Texture,"asciutto, granuloso e poco solubile, restano residui in bocca, quasi fastidioso","Texture asciutta, granulosa e poco solubile, con residui in bocca.",4,5878,
Texture::morbido e pastoso umidità' media e granuli medio/alti,Texture,"morbido e pastoso, umidità' media e granuli medio/alti","Texture morbido pastoso, umidità media e granuli mediamente alti.",4,7961,
Texture::granuloso ma tende ad impastare e lascia residuo polversos qualche cristallo,Texture,granuloso ma tende ad impastare e lascia residuo polversos qualche cristallo,"Texture granulosa che tende a impastare, lascia residuo polveroso e qualche cristallo.",4,27872,
Texture::compatto non granulosa non friabile,Texture,"Compatto,non granulosa,non friabile","Texture compatta, non granulosa, non friabile.",4,48757,
Texture::leggermente cedevole poco aggregata ma solubile,Texture,"leggermente cedevole, poco aggregata ma solubile","Texture leggermente cedevole, poco aggregata ma solubile.",4,37335,
Texture::cristalli presenti friabile ma troppo morbido al morso,Texture,cristalli presenti. friabile ma troppo morbido al morso,"Texture friabile ma troppo morbida, con cristalli presenti.",4,27388,
Texture::appena tenero,Texture,Appena tenero,Texture leggermente tenera.,4,4042,
Texture::compatto molto solubile ma non friabile poca grana,Texture,"Compatto, molto solubile ma non friabile, poca grana","Texture compatta, molto solubile ma poco friabile, con poca grana.",4,7340,
Texture::friabile scarsa microstruttura pochi cristalli ma presenti,Texture,"friabile, scarsa microstruttura, pochi cristalli ma presenti",Texture friabile con scarsa microstruttura e pochi cristalli presenti.,4,17367,
Texture::cristalli non da stagionato ma da fresco,Texture,cristalli non da stagionato ma da fresco,Texture con cristalli non propri di una stagionatura prolungata.,4,33708,
Texture::friabile si sgretola in bocca cristalli,Texture,friabile si sgretola in bocca cristalli,Texture friabile che si sgretola in bocca con cristalli.,4,41328,
Texture::umido cedevole quasi colloso sembra di mangiare pongo,Texture,"Umido, cedevole, quasi colloso. Sembra di mangiare pongo","Texture umida, cedevole e leggermente collosa.",8,15565,
Texture::anche adesivo,Texture,Anche adesivo,Texture adesiva.,4,3488,
Texture::umido cedevole poco solubile,Texture,"umido, cedevole, poco solubile","Texture umida, cedevole e poco solubile.",4,22199,
Texture::secco molti cristalli buona solub,Texture,"secco, molti cristalli, buona solub","Texture secca, con molti cristalli e buona solubilità.",4,9278,
Texture::troppo tenero poca grana,Texture,troppo tenero poca grana,Texture troppo tenera e con poca grana.,4,6038,
Texture::granuloso,Texture,granuloso,Texture granulosa.,4,37423,
Texture::morbido e cedevole cristalli ben percepibili solubile grna appabstanza fine,Texture,"morbido e cedevole, cristalli ben percepibili, solubile, grna appabstanza fine","Texture morbido e cedevole, con cristalli ben percepibili, solubile e grana abbastanza fine.",4,11486,
Texture::morbido un poco umido anche se non molto solobile no cristalli,Texture,morbido un poco umido anche se non molto solobile no cristalli,"Texture morbida, leggermente umida e poco solubile, senza cristalli.",4,11621,
Texture::molto granuloso e persistente,Texture,molto granuloso e persistente,Texture molto granulosa e persistente.,8,29124,
Texture::cristalli abbondanti,Texture,cristalli abbondanti,Texture con cristalli abbondanti.,4,33939,
Texture::deformabile pastoso non molto friabile,Texture,"deformabile, pastoso, non molto friabile","Texture deformabile, pastosa e poco friabile.",4,14288,
Texture::buona granulometria struttura micro equilibrata con i cristalli,Texture,buona granulometria struttura micro equilibrata con i cristalli,Texture granulosa con struttura microcristallina equilibrata.,2,46161,
Texture::compatto solubile poco granuloso umido,Texture,"compatto, solubile, poco granuloso, umido","Texture compatta, solubile, poco granulosa e umida.",4,27456,
Texture::duro friabile granuloso solubile pochi microcristalli,Texture,"duro, friabile, granuloso, solubile, pochi microcristalli","Texture dura, friabile, granulosa e solubile, con pochi microcristalli.",4,42670,
Texture::friabile lascia la bocca impastata,Texture,"Friabile, lascia la bocca impastata",Texture friabile che lascia la bocca impastata.,8,15621,
Texture::mediamente friabile leggermente adesivo non troppo silubile,Texture,"Mediamente friabile, leggermente adesivo, non troppo silubile","Texture mediamente friabile, leggermente adesiva, poco solubile.",4,16756,
Texture::non friabile,Texture,Non friabile,Texture poco friabile.,12,4101,
Texture::morbido e solubile,Texture,morbido e solubile,Texture morbida e solubile.,4,24112,
Texture::pochi cristalli struttura non ben definita,Texture,"pochi cristalli, struttura non ben definita",Texture con pochi cristalli e struttura non ben definita.,4,44308,
Texture::duro e poco solubile,Texture,duro e poco solubile,Texture dura e poco solubile.,4,25539,
Texture::friabile abbastanza solubile granuloso,Texture,"friabile, abbastanza solubile, granuloso","Texture friabile, abbastanza solubile e granulosa.",4,9198,
Texture::tendente al molliccio,Texture,tendente al molliccio,Texture tendente al molliccio.,8,15396,
Texture::poca grana pastoso poco solubile,Texture,"poca grana, pastoso, poco solubile","Texture pastosa, con poca grana e poco solubile.",4,24253,
Texture::solubilità friabilitù tirosina moderato/forte,Texture,solubilità friabilitù tirosina moderato/forte,"Texture solubile, friabile, con tirosina moderata e forte.",4,17363,
Texture::duro solubile granulometria grossolana ma solubile cristalli percepibili,Texture,"duro, solubile, granulometria grossolana ma solubile, cristalli percepibili","Texture dura, solubile, con granulometria grossolana e cristalli percepibili.",4,13862,
Texture::gommoso poca grana cristalli,Texture,gommoso poca grana cristalli,"Texture gommosa, poca grana e pochi cristalli.",4,20200,
Texture::friabile microstruttura grossolana pochi cristalli grossi,Texture,"Friabile. microstruttura grossolana. Pochi cristalli, grossi","Texture friabile, microstruttura grossolana, pochi cristalli grossi.",4,47544,
Texture::morbido solubile grana fine qualche cristallo,Texture,"morbido, solubile, grana fine, qualche cristallo","Texture morbida, solubile, con grana fine e qualche cristallo.",4,33627,
Texture::assenza di grana si impasta in bocca,Texture,assenza di grana si impasta in bocca,"Texture che si impasta in bocca, con assenza di grana.",4,9452,
Texture::morbido friabile cristalli pochi fini un poco asciutto al più,Texture,"morbido, friabile, cristalli pochi fini. un poco asciutto al più","Texture morbida, friabile, con pochi cristalli fini e leggermente asciutta.",4,36922,
Texture::cristalli a gogo troppo morbido e umido microstruttura assente non friabile,Texture,cristalli a gogo. troppo morbido e umido. microstruttura assente. non friabile,"Texture con cristalli abbondanti, troppo morbida e umida, poco friabile.",4,33630,
Texture::friabilità e solubilità sufficienti durezza molto scarsa triosina assente,Texture,friabilità e solubilità sufficienti;durezza molto scarsa;triosina assente,"Texture friabile e solubile, scarsa durezza, tirosina assente.",4,24248,
Texture::poca microstruttura morbido ciononostante crea secchezza delle fauci,Texture,"Poca microstruttura. Morbido, ciononostante crea secchezza delle fauci",Texture morbida con poca microstruttura che crea secchezza delle fauci.,2,46162,
Texture::quasi gommosa poco granulosa ma solubile più\ da formaggio nostrano,Texture,"quasi gommosa, poco granulosa ma solubile, più\ da formaggio nostrano","Texture quasi gommosa, poco granulosa ma solubile.",4,5568,
Texture::asciutto e fraibile tende ad impastare,Texture,asciutto e fraibile tende ad impastare,"Texture asciutta e friabile, tende a impastare la bocca.",4,30834,
Texture::un poco adesiva,Texture,un poco- adesiva,Texture leggermente adesiva.,4,40275,
Texture::riesce ad essere asciutto anche se umido friabilità quasi nulla,Texture,riesce ad essere asciutto anche se umido. friabilità quasi nulla,"Texture asciutta nonostante l'umidità, con friabilità scarsa.",4,24320,
Texture::lascia la bocca poco pulita non si sciolgono diversi frammenti,Texture,"lascia la bocca poco pulita, non si sciolgono diversi frammenti","Texture che lascia la bocca poco pulita, con frammenti poco solubili.",4,47438,
Texture::morbido e umido impasta cristalli,Texture,morbido e umido impasta cristalli,"Texture morbida, umida, che impasta la bocca, con cristalli presenti.",4,44310,
Texture::non molto friabile grana fine abbastanza solubile quasi assenti i cristalli,Texture,"non molto friabile, grana fine, abbastanza solubile, quasi assenti i cristalli","Texture poco friabile, grana fine, abbastanza solubile, cristalli quasi assenti.",4,11347,
Texture::ancora umida un poco cedevole mediamente solubile,Texture,"ancora umida, un poco cedevole, mediamente solubile","Texture ancora umida, poco cedevole e mediamente solubile.",4,26074,
Texture::friabile microstruttura poco presente cristalli ok,Texture,"friabile, microstruttura poco presente, cristalli ok","Texture friabile, microstruttura poco presente, cristalli adeguati.",4,42736,
Texture::no grana,Texture,no grana,Texture senza grana.,8,9956,
Texture::morbido troppo microstruttura media non firabile e i cristalli non li trovo,Texture,"morbido, troppo. microstruttura media. non firabile e i cristalli non li trovo","Texture troppo morbida, microstruttura media, poco friabile, cristalli scarsi.",4,9864,
Texture::friabile non asciutto non impasta,Texture,"friabile, non asciutto, non impasta","Texture friabile, non asciutto, non impasta la bocca.",4,25543,
Texture::morbido cedevole al morso firabilità non piena non sento cristalli,Texture,"Morbido, cedevole al morso. Firabilità non piena. non sento cristalli","Texture morbida e cedevole al morso, con friabilità non piena e assenza di cristalli.",4,41161,
Texture::cristalli presenti microstruttura tendente all inesistente,Texture,"cristalli presenti, microstruttura tendente all-inesistente",Texture con cristalli presenti e microstruttura poco sviluppata.,4,5808,
Texture::granulosa poca tirosina,Texture,"granulosa, poca tirosina",Texture granulosa con poca tirosina.,4,47213,
Texture::friabile troppo asciutto scarsa presenzaa di crisrtalli,Texture,"friabile, troppo asciutto, scarsa presenzaa di crisrtalli","Texture friabile, troppo asciutta e scarsa presenza di cristalli.",4,20446,
Texture::struttura non presente si impasta,Texture,"struttura non presente, si impasta","Texture che impasta la bocca, priva di struttura.",4,22292,
Texture::mediamente dura granulosa solubile,Texture,"mediamente dura, granulosa, solubile,","Texture mediamente dura, granulosa e solubile.",4,30838,
Texture::friabilità media solubilità alta granuli tirosina assenti,Texture,"friabilità media, solubilità alta, granuli tirosina assenti","Texture mediamente friabile, molto solubile, senza granuli di tirosina.",4,9358,
Texture::senza struttura e cristalli,Texture,senza struttura e cristalli,Texture senza struttura e cristalli.,4,25690,
Texture::compatto adesivo poco solubile e poco friabile poco granuloso pochi cristalli,Texture,"compatto, adesivo, poco solubile e poco friabile, poco granuloso, pochi cristalli","Texture compatta, adesiva, poco solubile e poco friabile, poco granulosa, con pochi cristalli.",4,5575,
Texture::buona friabilità' microstruttura e solubilità' assenti i cristalli,Texture,"buona friabilità', microstruttura e solubilità', assenti i cristalli","Texture friabile, solubile, con microstruttura compatta e cristalli assenti.",4,16751,
Texture::consistenza sabbiosa poco solubile,Texture,"consistenza sabbiosa, poco solubile",Texture sabbioso e poco solubile.,4,18292,
Texture::consistenza solubilità e friabilità molto buone non ben distribuita la tirosina,Texture,"consistenza, solubilità e friabilità molto buone;non ben distribuita la tirosina","Texture solubile e friabile, con tirosina non ben distribuita.",4,33860,
Texture::scarsa microstruttura e mancanza cristalli,Texture,scarsa microstruttura e mancanza cristalli,Texture con scarsa microstruttura e mancanza di cristalli.,4,44812,
Texture::bene peccato per sensazione di sabbia finale,Texture,"bene, peccato per sensazione di sabbia finale",Texture solubile con sensazione sabbioso finale.,4,21663,
Texture::scarsa soprattutto impercettibili i cristalli di tirosina,Texture,scarsa;soprattutto impercettibili i cristalli di tirosina,Texture con scarsa solubilità e cristalli di tirosina impercettibili.,4,25545,
Texture::media solvibilità e friabilità,Texture,Media solvibilità e friabilità,Texture mediamente solubile e friabile.,4,492,
Texture::morbido a grana fine leggermente pastoso e asciutto con cristalli ben percepibili e piuttosto solubile,Texture,"morbido a grana fine, leggermente pastoso e asciutto, con cristalli ben percepibili e piuttosto solubile.","Texture morbido a grana fine, leggermente pastoso e asciutto, con cristalli ben percepibili e piuttosto solubile.",4,26004,
Texture::solubile non molta grana,Texture,"solubile, non molta grana","Texture solubile, poca grana.",8,29508,
Texture::granulosa solubile abbastanza asciutta,Texture,"granulosa, solubile, abbastanza asciutta","Texture granulosa, solubile e abbastanza asciutta.",4,25689,
Texture::si sciogliie bene,Texture,si sciogliie bene,Texture che si scioglie bene in bocca.,4,42602,
Texture::morbido pastoso,Texture,"morbido, pastoso",Texture morbido pastosa.,8,20573,
Texture::in 3 porzioni presenza di cristalli di tirosina intensità alta 1 porzione senza tirosina friabilità e solubilità intensità media,Texture,in 3 porzioni presenza di cristalli di tirosina intensità alta;1 porzione senza Tirosina;friabilità e solubilità intensità media,"Texture con cristalli di tirosina abbondanti, friabilità e solubilità medie.",4,24178,
Texture::asciutto e impasta poco solub all'inizio poi si avvertono i cristalli,Texture,asciutto e impasta poco solub all'inizio poi si avvertono i cristalli,"Texture asciutta, poco solubile all'inizio con cristalli percepibili al finale.",8,29439,
Texture::presenza di pochoi ma grossi cristali è leggermente sabbionso,Texture,"presenza di pochoi ma grossi cristali, è leggermente sabbionso",Texture con pochi cristalli grossi e leggermente sabbioso.,4,9201,
Texture::morbido pastoso poco granul poco sol,Texture,morbido pastoso poco granul poco sol,"Texture morbido pastoso, poco granulosa e poco solubile.",4,33626,
Texture::morbido abbastanza asciutto grana fine solubuile critalli percepibili,Texture,"morbido, abbastanza asciutto, grana fine, solubuile, critalli percepibili","Texture morbida, abbastanza asciutta, a grana fine, solubile e cristalli percepibili.",4,21664,
Texture::molti granuli bella friabilità,Texture,"molti granuli, bella friabilità",Texture con molti granuli e bella friabilità.,4,7422,
Texture::sabbioso poco solubile molti cristalli,Texture,"sabbioso, poco solubile, molti cristalli","Texture sabbioso, poco solubile con molti cristalli.",4,13728,
Texture::cristalli presenti ma non in gran numero buona friabilità' ma scarsa solubilità,Texture,"cristalli presenti ma non in gran numero, buona friabilità' ma scarsa solubilità","Texture con cristalli presenti ma non abbondanti, buona friabilità e scarsa solubilità.",4,9194,
Texture::pastoso poca grana qualche cristallo,Texture,pastoso poca grana qualche cristallo,"Texture pastosa, poca grana e qualche cristallo.",4,22202,
Texture::ancora un poco umida umida ma solubile compatta mediamente granulosa,Texture,"ancora un poco umida umida ma solubile, compatta, mediamente granulosa","Texture leggermente umida, solubile, compatta e mediamente granulosa.",4,25612,
Texture::bella ma molto asciutto ottima presenza di granuli,Texture,"bella, ma molto asciutto...ottima presenza di granuli",Texture molto asciutta con ottima presenza di granuli.,4,37008,
Texture::morbido pastoso con cristalli lascia sensazione di sabbia in bocca,Texture,morbido pastoso con cristalli lascia sensazione di sabbia in bocca,"Texture morbido pastoso con cristalli, lascia sensazione sabbioso in bocca.",2,46662,
Texture::friabile ma asciutto,Texture,friabile ma asciutto,Texture friabile ma asciutta.,8,15395,
Texture::compatto poco friabile,Texture,"compatto, poco friabile",Texture compatta e poco friabile.,12,13798,
Texture::molti grani di tirosina,Texture,molti grani di tirosina,Texture con molti granuli di tirosina.,4,44816,
Texture::molto pastoso,Texture,molto pastoso,Texture molto pastosa.,12,23901,
Texture::friabilità solubilità e tirosina leggero,Texture,friabilità solubilità e tirosina leggero,"Texture friabile, solubile, con tirosina leggera.",4,11620,
Texture::molle e pastoso non grana,Texture,molle e pastoso. non grana,"Texture molle e pastosa, priva di grana.",4,18446,
Texture::asciutto granuloso con cristalli e ben solubile,Texture,asciutto granuloso con cristalli e ben solubile,"Texture asciutta, granulosa con cristalli e ben solubile.",4,37340,
Texture::compatto adesivo,Texture,"compatto, adesivo",Texture compatta e adesiva.,4,20388,
Texture::assenza granuli di tirosina pastoso,Texture,assenza granuli di tirosina;pastoso,"Texture pastosa, tirosina assente.",4,34399,
Texture::pochi cristalli di tirosina,Texture,pochi cristalli di tirosina,Texture con pochi cristalli di tirosina.,4,46243,
Texture::granuloso cristalli asciutto,Texture,granuloso cristalli asciutto,"Texture granulosa, cristalli presenti e asciutta.",4,26153,
Texture::morbido e poco grana impasta poco sol pochi crist,Texture,morbido e poco grana impasta poco sol pochi crist,"Texture morbida, poco granulosa, poco solubile, con pochi cristalli.",4,47375,
Texture::abbastanza solubile ingozza,Texture,"Abbastanza solubile, ingozza",Texture abbastanza solubile ma che ingozza.,14,2196,
Texture::non molto solubile,Texture,non molto solubile,Texture poco solubile.,4,5883,
Texture::umido e compatto cristalli poco sol,Texture,umido e compatto cristalli poco sol,"Texture umida, compatta, con cristalli poco solubili.",4,42593,
Texture::cristalli consistenti tenerissimo,Texture,cristalli consistenti tenerissimo,"Texture con cristalli consistenti, tenerissima.",4,33862,
Texture::morbido quasi molle non maturato male,Texture,"morbido, quasi molle. non maturato. male","Texture morbida, quasi molle.",4,9360,
Texture::cedevole umida quasoi adesiva poco solubile e poco granulosa,Texture,"cedevole, umida, quasoi adesiva, poco solubile e poco granulosa","Texture cedevole, umida, quasi adesiva, poco solubile e poco granulosa.",4,18756,
Texture::friabile microstruttura fine che tende al sabbioso nel fine bocca,Texture,Friabile. Microstruttura fine che tende al sabbioso nel fine bocca.,"Texture friabile, microstruttura fine che tende al sabbioso nel finale di bocca.",4,18288,
Texture::molto intressante,Texture,Molto intressante,NON_DESCRITTO,4,48618,
Texture::friabile ma morbido al morso troppo plastico incolla ai denti,Texture,Friabile ma morbido al morso. troppo plastico. incolla ai denti,"Texture friabile ma morbido al morso, tendente al plastico e che incolla ai denti.",4,27738,
Texture::compatto non troppo friabile da grana fresco,Texture,"compatto non troppo friabile, da grana fresco","Texture compatta, poco friabile, con grana fresca.",4,22209,
Texture::troppo asciutto e poco solubile,Texture,troppo asciutto e poco solubile,Texture troppo asciutta e poco solubile.,4,44645,
Texture::poco granuloso deformabile,Texture,Poco granuloso deformabile,Texture poco granulosa e deformabile.,4,48762,
Texture::da sbrinz,Texture,da sbrinz;,NON_DESCRITTO,4,41495,
Texture::lega in bocca,Texture,Lega in bocca!,Texture che lega in bocca.,4,1010,
Texture::friabilità e solubilità alta granuli di tirosina presistenti,Texture,friabilità e solubilità alta;granuli di tirosina presistenti,"Texture molto friabile e solubile, con granuli di tirosina persistenti.",4,41327,
Texture::morbido comunque friabile si scioglie in bocca,Texture,"morbido, comunque friabile. si scioglie in bocca","Texture morbida, friabile e solubile in bocca.",4,41441,
Texture::friabile bilanciato,Texture,friabile bilanciato,Texture friabile e bilanciata.,4,30640,
Texture::umido friabile strana cedevolezza assenza di cristalli,Texture,"umido, friabile, strana cedevolezza, assenza di cristalli","Texture umida, friabile, con strana cedevolezza e assenza di cristalli.",4,41332,
Texture::umido morbido comunque friabile finemente microcristastalli presenti e fini,Texture,"umido, morbido, comunque friabile finemente, microcristastalli presenti e fini","Texture umida, morbida e friabile, con microcristalli fini presenti.",4,31932,
Texture::abbastanza duro asciutto granafine solubile cristalli,Texture,"abbastanza duro, asciutto, granafine, solubile, cristalli","Texture abbastanza dura, asciutta, con cristalli fini e solubile.",4,44307,
Texture::asciutto friabile grana fine,Texture,"asciutto, friabile, grana fine","Texture asciutta, friabile, con grana fine.",2,46250,
Texture::morbido ma con critalli,Texture,morbido ma con critalli,Texture morbida con cristalli.,4,47490,
Texture::troppo pastoso non solubile,Texture,troppo pastoso.....non solubile,Texture troppo pastosa e poco solubile.,4,21840,
Texture::un cubetto non è di alta solubilità come gli altri,Texture,UN CUBETTO NON è DI ALTA SOLUBILITà COME GLI ALTRI,Texture poco solubile in questo punto.,4,31930,
Texture::morbido granuloso impasta qualche cristalli ma lascia residuo,Texture,morbido granuloso impasta qualche cristalli ma lascia residuo,"Texture morbida, granulosa, che impasta la bocca con qualche cristallo ma lascia residuo.",4,18826,
Texture::granulosa asciutta solubile dura forse poco umida,Texture,"granulosa, asciutta, solubile, dura, forse poco umida","Texture granulosa, asciutta, solubile e dura, poco umida.",8,29061,
Texture::morbido granuloso poco sol qualche cristallo lascia residuo,Texture,morbido granuloso poco sol qualche cristallo lascia residuo,"Texture morbida, granulosa, poco solubile, con qualche cristallo che lascia residuo.",4,33703,
Texture::senza corpo,Texture,Senza corpo,Texture poco compatta.,8,4424,
Texture::cristalli,Texture,Cristalli,Texture con cristalli presenti.,20,15398,
Texture::duro friabile microstruttura fine tendenzialmente asciutto ma non troppo,Texture,"Duro, friabile. microstruttura fine. tendenzialmente asciutto ma non troppo","Texture dura e friabile, microstruttura fine, tendenzialmente asciutta ma non eccessiva.",4,37426,
Texture::pastosa non grana,Texture,"pastosa, non grana","Texture pastosa, poca grana.",4,42878,
Texture::friabile ma non asciutto microstruttura fine nessun cristallo percepito,Texture,friabile ma non asciutto. microstruttura fine. nessun cristallo percepito,"Texture friabile, non asciutta, con microstruttura fine e assenza di cristalli.",4,5882,
Texture::un poco granulosa,Texture,un poco- granulosa,Texture leggermente granulosa.,8,7960,
Texture::forse pochi cristalli,Texture,Forse pochi cristalli,Texture con pochi cristalli.,8,1718,
Texture::asciutto asciuga e impasta la bocca ingozza,Texture,"asciutto, asciuga e impasta la bocca, ingozza","Texture asciutta, che asciuga e impasta la bocca, tende a ingozzare.",4,33784,
Texture::lascia la bocca abbastanza pulita presenza di diversi cristalli,Texture,"lascia la bocca abbastanza pulita, presenza di diversi cristalli","Texture che lascia la bocca abbastanza pulita, con presenza di diversi cristalli.",4,5954,
Texture::sabbioso,Texture,sabbioso,Texture sabbiosa.,8,9369,
Texture::forse anche poco solubile,Texture,Forse anche poco solubile,Texture poco solubile.,4,1756,
Texture::morbido cede nettamente ai denti senza friabilità,Texture,"morbido, cede nettamente ai denti senza friabilità","Texture morbida, cede nettamente ai denti senza friabilità.",4,30835,
Texture::astringente,Texture,Astringente,NON_DESCRITTO,8,2547,
Texture::molti cristalli anche grossi friabile asciutto microstruttura fine,Texture,"molti cristalli, anche grossi. friabile, asciutto. microstruttura fine","Texture friabile e asciutta, con cristalli abbondanti e grossi, microstruttura fine.",4,32317,
Texture::deformabile pastoso adesivo,Texture,"deformabile, pastoso, adesivo","Texture deformabile, pastosa e adesiva.",4,32245,
Texture::granuli si tirosina moderati gommoso leggero friabilità e solubilità leggero,Texture,granuli si tirosina MODERATI;gommoso LEGGERO;friabilità e solubilità LEGGERO,"Texture con granuli di tirosina moderati, leggermente gommosa, friabilità e solubilità leggere.",4,27385,
Texture::compatto leggermente umido adesivo,Texture,"compatto, leggermente umido, adesivo","Texture compatta, leggermente umida e adesiva.",4,44652,
Texture::morbido poco strutturato da grana giovane,Texture,"morbido, poco strutturato, da grana giovane",Texture morbida e poco strutturata.,4,42809,
Texture::ascitto sabbiosoe granuloso,Texture,"Ascitto, sabbiosoe granuloso","Texture asciutta, sabbioso e granulosa.",4,41390,
Texture::solo un pochetto asciutto nel fine bocca,Texture,solo un pochetto asciutto nel fine bocca,Texture leggermente asciutta nel finale di bocca.,4,21752,
Texture::molto asciutto e pastoso,Texture,molto asciutto e pastoso,Texture molto asciutta e pastosa.,4,40277,
Texture::compatto e poco granulare abbastanza duro e asciutto pochi cristalli,Texture,"compatto e poco granulare, abbastanza duro e asciutto pochi cristalli.","Texture compatta e poco granulare, abbastanza dura e asciutta, con pochi cristalli.",4,9868,
Texture::con cristalli,Texture,con cristalli,Texture con cristalli.,8,15958,
Texture::solubilità e friabilità molto scarse,Texture,solubilità e friabilità molto scarse,Texture con scarsa solubilità e friabilità.,4,30784,
Texture::cristalli presenti ma rari tende al morbido umido comunque discreta friabilità,Texture,"cristalli presenti, ma rari. tende al morbido. umido. comunque discreta friabilità","Texture con cristalli rari, tendente al morbido, umida e friabile.",4,5497,
Texture::consistente al molare e si frange in una bella struttura si scioglie con un residuo sabbioso ben umido tanti microcristalli,Texture,consistente al molare e si frange in una bella struttura. Si scioglie con un residuo sabbioso. ben umido. tanti microcristalli,"Texture consistente al molare, si frange in bella struttura, scioglie con residuo sabbioso, ben umida e con tanti microcristalli.",4,16980,
Texture::mancanza di microstuttura e cristalli,Texture,mancanza di microstuttura e cristalli,Texture priva di microstruttura e cristalli.,4,44224,
Texture::poco umido,Texture,poco umido,Texture poco umida.,4,5500,
Texture::stranissima consistenza della grana come rimanessero scagliette,Texture,Stranissima consistenza della grana come rimanessero scagliette,Texture granulosa con scagliette che rimangono in bocca.,4,51599,
Texture::duro microstruttura grossolana asciutto non molto solubile parecchi cristalli,Texture,"duro, microstruttura grossolana, asciutto, non molto solubile, parecchi cristalli","Texture dura, microstruttura grossolana, asciutta, poco solubile e con cristalli abbondanti.",4,42669,
Texture::morbido ma friabile quel minimo,Texture,"morbido, ma friabile quel minimo",Texture morbida e leggermente friabile.,4,22207,
Texture::morbido asciutto abbastanza granuloso con pochi cristalli abbastanza solub,Texture,"morbido asciutto abbastanza granuloso, con pochi cristalli abbastanza solub","Texture morbida, asciutta e abbastanza granulosa, con pochi cristalli e abbastanza solubile.",4,30736,
Texture::poco solubile pastoso,Texture,"poco solubile, pastoso",Texture poco solubile e pastosa.,2,46324,
Texture::morbido non talmente da perdere friabilità' microstruttura grossolana pochissimi cristalli,Texture,"morbido, non talmente da perdere friabilità'. microstruttura grossolana. pochissimi cristalli","Texture morbida con buona friabilità, microstruttura grossolana e pochi cristalli.",4,32394,
Texture::solubile,Texture,solubile,Texture solubile.,16,37337,
Texture::grana abbastanza evidente pastoso con pochi cristalli lascia residuo,Texture,grana abbastanza evidente pastoso con pochi cristalli lascia residuo,"Texture granulosa pastosa, pochi cristalli, lascia residuo.",4,5494,
Texture::scarsa solubilità,Texture,scarsa solubilità,Texture poco solubile.,4,5885,
Texture::media stuttura con granuli e pastoso/poca umidità' ma discretooo,Texture,"media stuttura con granuli e pastoso/poca umidità', ma discretooo","Texture granulosa e pastosa, con poca umidità.",4,44141,
Texture::friabilità solubilità e tirosina medoreto astringente forte,Texture,friabilità solubilità e tirosina medoreto;astringente forte,"Texture friabile, solubile, con tirosina presente e sensazione astringente.",4,11410,
Texture::leggera sabbiosità finale,Texture,leggera sabbiosità finale,Texture con leggera sabbiosità finale.,8,44736,
Texture::secco non piacevole,Texture,"Secco, non piacevole",Texture asciutta.,4,51779,
Texture::mediamente solubile,Texture,mediamente solubile,Texture mediamente solubile.,4,9953,
Texture::granuloso finale,Texture,granuloso finale,Texture granulosa in finale.,4,25617,
Texture::ingozza,Texture,Ingozza,Texture che ingozza la bocca.,40,1005,
Texture::poco solubile molto granuloso,Texture,"poco solubile, molto granuloso",Texture poco solubile e molto granulosa.,4,44316,
Texture::si sfalda,Texture,si sfalda,Texture friabile.,4,20386,
Texture::eterogenea a seconda del pezzo da umida ad asciutta con solubilità' diversa,Texture,"eterogenea a seconda del pezzo, da umida ad asciutta con solubilità' diversa","Texture eterogenea, da umida ad asciutta, con solubilità variabile a seconda del pezzo.",4,36999,
Texture::granulosa e solubile,Texture,granulosa e solubile,Texture granulosa e solubile.,4,25535,
Texture::umidi troppo morbido e fondente nessuna struttura,Texture,umidi. troppo morbido e fondente. nessuna struttura,"Texture umida, troppo morbida e fondente, senza struttura.",4,7810,
Texture::morbido granuloso cristalli,Texture,morbido granuloso cristalli,"Texture morbida, granulosa con cristalli.",4,47151,
Texture::granuloso ma poco solubile,Texture,granuloso ma poco solubile.,Texture granulosa ma poco solubile.,4,9363,
Texture::asciutta granulosa non molto solubile pochi microcristalli,Texture,"asciutta, granulosa, non molto solubile, pochi microcristalli","Texture asciutta, granulosa, poco solubile, con pochi microcristalli.",4,27730,
Texture::molto friabile potrebbe essere più solubile alla fine,Texture,"molto friabile, potrebbe essere più solubile alla fine","Texture molto friabile, poco solubile al finale.",4,23905,
Texture::pastoso ma abbastanza solubile,Texture,pastoso ma abbastanza solubile,Texture pastosa ma abbastanza solubile.,4,9449,
Texture::molto tenero poca grana,Texture,molto tenero poca grana,Texture molto tenera con poca grana.,4,11349,
Texture::bella friabilità non asciutto cristalli presenti liquefa a fine bocca ma non impasta,Texture,bella friabilità. non asciutto. cristalli presenti. liquefa a fine bocca ma non impasta,"Texture friabile, non asciutta, con cristalli presenti, che si scioglie in finale senza impastare la bocca.",4,42874,
Texture::morbido friabilein una microstruttura non fine umido tende al pastoso nel finale di bocca,Texture,"Morbido, friabilein una microstruttura non fine. umido, tende al pastoso nel finale di bocca","Texture morbida, friabile con microstruttura non fine, umida e tendente al pastoso nel finale di bocca.",4,18365,
Texture::manca completamente di cristalli,Texture,Manca completamente di cristalli,Texture priva di cristalli.,4,48473,
Texture::compatto ma abbastanza cedevole grana sottile asciutto abbastanza solubile,Texture,"compatto ma abbastanza cedevole, grana sottile, asciutto, abbastanza solubile","Texture compatta ma abbastanza cedevole, grana sottile, asciutta e abbastanza solubile.",4,16831,
Texture::morbido poca grana qualche cristallo poco sol,Texture,morbido poca grana qualche cristallo poco sol,"Texture morbida, poca grana, qualche cristallo e poco solubile.",4,44646,
Texture::abbastanza solubile un poco pastoso,Texture,"abbastanza solubile, un poco pastoso",Texture abbastanza solubile e leggermente pastosa.,4,24183,
Texture::discretamente granulosa asciuga le fauci,Texture,Discretamente granulosa. Asciuga le fauci,Texture discretamente granulosa e asciutta.,8,3365,
Texture::granuli di tirosina molto scarsi,Texture,granuli di tirosina molto scarsi,Texture con granuli di tirosina scarsi.,4,33629,
Texture::cedevole poco granulosa umida quasi adesiva,Texture,"cedevole, poco granulosa, umida, quasi adesiva","Texture cedevole, poco granulosa, umida e quasi adesiva.",4,7339,
Texture::presenza di cristalli ma non microstruttura si impasta durezza mediasolubilit' elevata,Texture,"presenza di cristalli, ma non microstruttura si impasta, durezza mediasolubilit' elevata","Texture con cristalli, impasta la bocca e solubilità elevata.",4,40343,
Texture::ancora un poco umida ma solubile poco granulosa presenza media di microcristalli,Texture,"ancora un poco umida ma solubile, poco granulosa, presenza media di microcristalli","Texture ancora leggermente umida ma solubile, poco granulosa, con media presenza di microcristalli.",4,41445,
Texture::asciutto pastoso poco solubile e mancano cristalli,Texture,"asciutto, pastoso, poco solubile e mancano cristalli....","Texture asciutta, pastosa, poco solubile e priva di cristalli.",4,11558,
Texture::morbido granuloso cristalli evidenti,Texture,morbido granuloso cristalli evidenti,"Texture morbida, granulosa con cristalli evidenti.",4,31777,
Texture::morbido al morso microgranuli pochi ma fini,Texture,morbido al morso. microgranuli pochi ma fini.,"Texture morbida al morso, con microgranuli pochi ma fini.",4,42734,
Texture::morbido pastoso 'gommoso,Texture,"morbido, pastoso, 'gommoso","Texture morbida, pastosa e gommosa.",4,11206,
Texture::e' un grana giovane da pasto,Texture,e' un grana giovane da pasto.,NON_DESCRITTO,4,30788,
Texture::granuloso ma impasta e poco sol,Texture,granuloso ma impasta e poco sol,"Texture granulosa, che impasta la bocca e poco solubile.",4,26076,
Texture::asciutto poca solubilità,Texture,"asciutto, poca solubilità","Texture asciutta, poca solubilità.",4,22386,
Texture::impasta asciutto poco solubile pochi cristalli,Texture,impasta asciutto poco solubile pochi cristalli,"Texture che impasta, asciutta e poco solubile, con pochi cristalli.",4,47543,
Texture::si sentono bene i cristalli,Texture,si sentono bene i cristalli,Texture con cristalli percettibili.,8,15619,
Texture::friabile cede facilmente al dente rivelando una morbidezza di fondpalla fine impasta la bocca cristalli rari,Texture,"friabile, cede facilmente al dente, rivelando una morbidezza di fondpalla fine impasta la bocca. cristalli rari","Texture friabile, cedevole al dente, morbida, con cristalli rari, che impasta la bocca.",4,30590,
Texture::pastoso pochi cristalli,Texture,pastoso;pochi cristalli,Texture pastosa con pochi cristalli.,12,9865,
Texture::pastoso poco solubile buoni i cristalli,Texture,"pastoso, poco solubile, buoni i cristalli","Texture pastosa, poco solubile, con cristalli buoni.",4,47378,
Texture::in bocca si sciogli bene lasciando granelli percettibili ma piccoli,Texture,"In bocca si sciogli bene, lasciando granelli percettibili, ma piccoli","Texture che si scioglie bene in bocca, lasciando granelli piccoli e percettibili.",4,5492,
Texture::umido molle friabilità bassa cristelli pochi ma presenti impasta la bocca,Texture,umido. molle. friabilità bassa. cristelli pochi ma presenti. impasta la bocca,"Texture umida, molle, poco friabile, con pochi cristalli e che impasta la bocca.",4,24250,
Texture::anche solubile sebbene leggermente asciutto,Texture,Anche solubile sebbene leggermente asciutto,Texture solubile sebbene leggermente asciutta.,4,2360,
Texture::discretamente solubile,Texture,Discretamente solubile,Texture discretamente solubile.,16,3497,
Texture::leggermente pastoso,Texture,Leggermente pastoso,Texture leggermente pastosa.,8,326,
Texture::compatta e poco solubile pastoso,Texture,compatta e poco solubile. pastoso,"Texture compatta, poco solubile e pastosa.",8,15450,
Texture::troppo pastoso asciutto e farinoso,Texture,"troppo pastoso, asciutto e farinoso","Texture troppo pastosa, asciutta e farinosa.",2,46244,
Texture::cristalli anche grossi e leggermente pastoso,Texture,cristalli anche grossi e leggermente pastoso,Texture con cristalli grossi e leggermente pastosa.,4,40348,
Texture::umido solubile in bocca,Texture,"umido, solubile in bocca",Texture umida e solubile in bocca.,4,26002,
Texture::morbido asciutto cristalli ok impasto,Texture,morbido asciutto cristalli ok impasto,"Texture morbida, asciutta, con cristalli e impasto adeguati.",2,46830,
Texture::morbido asciutto con tanti cristalli solubile,Texture,morbido asciutto con tanti cristalli solubile,"Texture morbida, asciutta, con cristalli abbondanti e solubile.",4,18749,
Texture::solubile e granulosa piacevole,Texture,"solubile e granulosa, piacevole",Texture solubile e granulosa.,4,26151,
Texture::asciutto molti granuli media durezza,Texture,"asciutto, molti granuli... media durezza","Texture asciutta, molti granuli e media durezza.",4,44309,
Texture::astringente asciutto non ci sono cristalli,Texture,"astringente, asciutto, non ci sono cristalli.....","Texture astringente e asciutta, priva di cristalli.",4,18449,
Texture::grana assente,Texture,grana assente,Texture con grana assente.,4,13796,
Texture::pochi cristalli strutturapresente,Texture,"pochi cristalli, strutturapresente",Texture con pochi cristalli e struttura presente.,4,44644,
Texture::discreta friabilità' di una pasta comunque morbia nel finale impasta la bocca cristalli percepiti,Texture,discreta friabilità' di una pasta comunque morbia. nel finale impasta la bocca. cristalli percepiti,"Texture discreta friabilità con pasta morbida, impasta la bocca nel finale e cristalli percepibili.",4,27458,
Texture::appena appena asciutto,Texture,Appena appena asciutto,Texture leggermente asciutta.,4,4483,
Texture::buona presenza di tirosina,Texture,buona presenza di tirosina,Texture con buona presenza di tirosina.,4,21662,
Texture::un poco asciutto,Texture,un poco-asciutto,Texture leggermente asciutta.,10,29570,
Texture::struttura non fine cristalli non percepiti,Texture,Struttura non fine. cristalli non percepiti,Texture con struttura grossolana e cristalli non percepibili.,4,27808,
Texture::friabile secco&asciutto mcirostruttura sufficiente,Texture,"friabile, secco&asciutto, mcirostruttura sufficiente","Texture friabile, secco e asciutto, con microstruttura sufficiente.",4,16905,
Texture::scarsa presenza di tirosina,Texture,scarsa presenza di tirosina,Texture con scarsa presenza di tirosina.,4,33706,
Texture::asciutto ma pochi cristalli e tende ad impastare,Texture,asciutto ma pochi cristalli e tende ad impastare,Texture asciutta con pochi cristalli e tende ad impastare la bocca.,4,11201,
Texture::cedevole molto pastoso e asciutto poco solubile microstruttura sottile molti cristalli,Texture,"cedevole, molto pastoso e asciutto, poco solubile, microstruttura sottile, molti cristalli","Texture cedevole, molto pastosa e asciutta, poco solubile, con microstruttura sottile e molti cristalli.",4,16985,
Texture::duro e compatto grnana molto fine leggermente asciutto,Texture,"duro e compatto, grnana molto fine , leggermente asciutto","Texture dura e compatta, grana molto fine, leggermente asciutta.",4,42879,
Texture::pastoso e scarsi cristalli,Texture,pastoso e scarsi cristalli,"Texture pastosa, con scarsi cristalli.",4,40344,
Texture::troppo morbido ciononostante riesce a frantumarsi nessun cristallo,Texture,"troppo morbido, ciononostante riesce a frantumarsi. nessun cristallo","Texture morbida che si frantuina, senza cristalli.",4,30688,
Texture::media con umidità' abbastanza prevalente,Texture,media con umidità' abbastanza prevalente,Texture mediamente umida.,4,36924,
Texture::poca grana poco solubile,Texture,"poca grana, poco solubile",Texture con poca grana e poco solubile.,4,27734,
Texture::manca di umidità' troppo asciutto,Texture,"manca di umidità', troppo asciutto",Texture troppo asciutta.,4,13861,
Texture::granuli di tirosina molto percepibili solubilità e friabilità moderatamente scarse,Texture,granuli di tirosina molto percepibili;solubilità e friabilità moderatamente scarse,"Texture con granuli di tirosina molto percepibili, solubilità e friabilità moderatamente scarse.",4,30686,
Texture::molto asciutto altri dati di texture sono buoni,Texture,Molto asciutto. Altri dati di texture sono buoni,Texture molto asciutta.,4,3872,
Texture::dd,Texture,dd,NON_DESCRITTO,4,18289,
Texture::poco solubile e asciutto in gola,Texture,Poco solubile e asciutto in gola,Texture poco solubile e leggermente asciutta.,4,1297,
Texture::friabile abastanza solubile potrebbe essere più granuloso,Texture,"friabile, abastanza solubile, potrebbe essere più granuloso","Texture friabile, abbastanza solubile, potrebbe essere più granulosa.",4,27666,
Texture::bei granuli interessante equilibrio umidità' e friabilità' durezza,Texture,"bei granuli, interessante equilibrio umidità' e friabilità', durezza","Texture con bei granuli, buon equilibrio tra umidità e friabilità, dura.",4,26160,
Texture::poco umido pochi cristalli,Texture,"poco umido, pochi cristalli",Texture poco umida e con pochi cristalli.,4,47210,
Texture::morbido e deformabili non granuloso non firabiole impasta pochi cristalli e poco sol,Texture,morbido e deformabili non granuloso non firabiole impasta pochi cristalli e poco sol,"Texture morbida e deformabile, non granulosa, poco friabile, che impasta la bocca, con pochi cristalli e scarsa solubilità.",4,30785,
Texture::un poco duro,Texture,Un poco duro,Texture leggermente dura.,4,1286,
Texture::molti cristalli ma pastoso e morbido,Texture,"molti cristalli, ma pastoso e morbido","Texture pastosa e morbida, con molti cristalli.",4,18752,
Texture::molto secco,Texture,molto secco,Texture molto asciutta.,4,21745,
Texture::si scioglie bene,Texture,si scioglie bene,Texture che si scioglie bene in bocca.,4,18451,
Texture::potrebbe essere più solubile leggermente sabbioso alla fine,Texture,"Potrebbe essere più solubile, leggermente sabbioso alla fine","Texture poco solubile, leggermente sabbioso al finale.",4,37427,
Texture::asciutto asciutto e pochi cristalli,Texture,asciutto asciutto.... e pochi cristalli,"Texture molto asciutta, pochi cristalli.",4,32401,
Texture::nella media,Texture,nella media,NON_DESCRITTO,4,21744,
Texture::abbastanza morbido grnuloso microstruttura grossolana poco solubile,Texture,"abbastanza morbido, grnuloso, microstruttura grossolana, poco solubile.","Texture abbastanza morbida, granulosa, con microstruttura grossolana e poco solubile.",4,30739,
Texture::molto firabile numerosi cristaali solubile,Texture,"molto firabile, numerosi cristaali, solubile.","Texture molto friabile, numerosi cristalli e solubile.",4,31782,
Texture::cristalli di tirosina percepibili come la grana,Texture,cristalli di tirosina percepibili come la grana,Texture con cristalli di tirosina percepibili come la grana.,2,46159,
Texture::si sfalda in mano in bocca granuolo e poco asciutto chiari cristalli e poco sol lascia in bocca sabbia fine,Texture,si sfalda in mano in bocca granuolo e poco asciutto chiari cristalli e poco sol lascia in bocca sabbia fine,"Texture granulosa, poco asciutta, con cristalli chiari e poco solubile, lascia sabbia fine in bocca.",4,37256,
Texture::pezzi molto diversi,Texture,Pezzi molto diversi,Texture molto eterogenea.,4,50648,
Texture::compatto e sciutto grana troppo fine nessun cristallo,Texture,"compatto e sciutto, grana troppo fine, nessun cristallo","Texture compatta e asciutta, grana fine, cristalli assenti.",4,11346,
Texture::molle cedevole,Texture,"molle, cedevole",Texture molle e cedevole.,4,31858,
Texture::duro e poco friabile,Texture,duro e poco friabile,Texture dura e poco friabile.,4,27384,
Texture::asciutto poco equilibrio tra umidità/solubil/friabilità,Texture,asciutto......poco equilibrio tra umidità/solubil/friabilità;,"Texture asciutta con poco equilibrio tra umidità, solubilità e friabilità.",4,25544,
Texture::umida cedevole poco solubile,Texture,"umida, cedevole, poco solubile","Texture umida, cedevole e poco solubile.",4,25997,
Texture::leggermente sabbioso,Texture,Leggermente sabbioso,Texture leggermente sabbioso.,8,2331,
Texture::ottima la microstruttura crtistalli presenti pastosità e umidità medio equilibrate,Texture,ottima la microstruttura. Crtistalli presenti. Pastosità e umidità medio equilibrate,"Texture con microstruttura ottima, cristalli presenti, pastosità e umidità mediamente equilibrate.",4,9871,
Texture::buona pastosita e nel contempo durezza media e non asciutto,Texture,buona pastosita e nel contempo durezza media e non asciutto,Texture pastosa con durezza media e non asciutta.,2,46160,
Texture::curo econsistente poco friabile con grana fine ma percepibile leggermete asciutto cristalli sensibili,Texture,"curo econsistente , poco friabile, con grana fine ma percepibile, leggermete asciutto, cristalli sensibili","Texture poco friabile, con grana fine ma percepibile, leggermente asciutta e cristalli sensibili.",4,27731,
Texture::asciutto granuloso cristalli abbastanza solubile,Texture,asciutto granuloso cristalli abbastanza solubile,"Texture asciutta, granulosa, con cristalli abbastanza solubili.",4,5802,
Texture::cedevole sotto identi fondente,Texture,cedevole sotto identi. Fondente,Texture cedevole e fondente.,4,37258,
Texture::tende ad impastare critalli pochi poco granuloso ladcia residuo farinoso,Texture,tende ad impastare critalli pochi poco granuloso ladcia residuo farinoso,"Texture che tende a impastare, pochi cristalli, poco granulosa, lascia residuo farinoso.",4,12951,
Texture::tende a impastare e lasciare residuo polveroso grana poco evidente ma qualche cristallo,Texture,tende a impastare e lasciare residuo polveroso grana poco evidente ma qualche cristallo,"Texture che tende a impastare e lasciare residuo polveroso, con grana poco evidente e qualche cristallo.",4,27452,
Texture::assenza di cristalli,Texture,assenza di cristalli,Texture senza cristalli.,4,42735,
Texture::morbido al primo morso ciononostante si briciola abbastanza cristalli non molti,Texture,morbido al primo morso. ciononostante si briciola abbastanza. Cristalli: non molti,"Texture morbida al primo morso, si briciola abbastanza, cristalli non abbondanti.",4,11342,
Texture::asciutto granuloso pochi cristalli solub,Texture,asciutto granuloso pochi cristalli solub,"Texture asciutta, granulosa, con pochi cristalli e buona solubilità.",4,33857,
Texture::non molto dura friabile granulosa mediamentesolubile,Texture,"non molto dura, friabile, granulosa, mediamentesolubile","Texture non molto dura, friabile, granulosa e mediamente solubile.",4,41165,
Texture::pastoso asciutto poco sol qualche crist,Texture,pastoso asciutto poco sol qualche crist,"Texture pastosa, asciutta, poco solubile, con qualche cristallo.",4,25614,
Texture::scagliette e non granuli,Texture,Scagliette e non granuli,"Texture con scagliette, non granuli.",4,50774,
Texture::pastoso compatto non granuloso asciutto non si percepiscono cristalli,Texture,"pastoso compatto, non granuloso, asciutto, non si percepiscono cristalli","Texture pastosa e compatta, non granulosa, asciutta e priva di cristalli percepibili.",4,9448,
Texture::presenza di pochi cristalli,Texture,presenza di pochi cristalli,Texture con pochi cristalli.,4,18751,
Texture::compatto un poco' adesivo poco friabile e poco solubile,Texture,"compatto, un poco' adesivo, poco friabile e poco solubile","Texture compatta, leggermente adesiva, poco friabile e poco solubile.",4,25694,
Texture::morbido molti cristalli,Texture,"morbido, molti cristalli",Texture morbida con molti cristalli.,4,44811,
Texture::asciutto granuloso con crist lascia residuo in bocca,Texture,asciutto granuloso con crist lascia residuo in bocca,"Texture asciutta, granulosa con cristalli che lascia residuo in bocca.",4,21747,
Texture::poca microstruttura e cristalli,Texture,poca microstruttura e cristalli,Texture con poca microstruttura e cristalli.,4,44728,
Texture::bella struttura,Texture,Bella struttura,Texture con bella struttura.,4,812,
Texture::tenero,Texture,Tenero,Texture tenera.,4,4648,
Texture::granuloso asciutto con qualche cristalli tende ad impastare alla fine e non sciogliersi,Texture,granuloso asciutto con qualche cristalli tende ad impastare alla fine e non sciogliersi,"Texture granulosa e asciutta, con qualche cristallo, tende ad impastare alla fine e non sciogliesi.",4,9275,
Texture::molto pastoso e aciutto granuli ok,Texture,molto pastoso e aciutto... granuli ok,"Texture molto pastosa, leggermente asciutta e granulosa.",4,37512,
Texture::granuloso cristalli evidenti solub,Texture,granuloso cristalli evidenti solub,Texture granulosa con cristalli evidenti e solubile.,4,44814,
Texture::asciutto poco solubile,Texture,"asciutto, poco solubile.",Texture asciutta e poco solubile.,4,47212,
Texture::asciutto molti granuli e poca solubilità,Texture,"asciutto, molti granuli e poca solubilità","Texture asciutta, molti granuli e poca solubilità.",4,13721,
Texture::tanti cristalli e perle,Texture,Tanti cristalli e perle,Texture con cristalli e perle abbondanti.,4,51671,
Texture::pochi granuli asciutto,Texture,"pochi granuli, asciutto...","Texture con pochi granuli, asciutta.",4,11628,
Texture::poca grana,Texture,poca grana,Texture con poca grana.,8,5961,
Texture::bella presenza di cristalli asciutto ma buona solubilità,Texture,"bella presenza di cristalli, asciutto, ma buona solubilità","Texture con bella presenza di cristalli, asciutta e buona solubilità.",4,31939,
Texture::manca leggermente in durezza bella umidità solubilità cristalli ok,Texture,manca leggermente in durezza. Bella umidità-solubilità. Cristalli OK,"Texture leggermente morbida, bella umidità e solubilità, cristalli adeguati.",4,18757,
Texture::non asciutto friabile buona microstruttura,Texture,"non asciutto, friabile. buona microstruttura","Texture non asciutta, friabile e con buona microstruttura.",4,7425,
Texture::asciutto poi impasta e lascia residuo in bocca,Texture,asciutto poi impasta e lascia residuo in bocca,"Texture asciutta, che impasta la bocca e lascia residuo.",4,7880,
Texture::poca durezza ma discreta pastosita e farinosita umidità a posto,Texture,"poca durezza, ma discreta pastosita e farinosita, umidità a posto","Texture poco dura, con discreta pastosità e farinosità, umidità adeguata.",2,46832,
Texture::pochi cristalli,Texture,pochi cristalli,Texture con pochi cristalli.,40,6040,
Texture::poco solubile farinoso,Texture,poco solubile. farinoso,Texture poco solubile e farinosa.,4,5881,
Texture::poco dura umida poco solubile e poco granulosa,Texture,"poco dura, umida, poco solubile e poco granulosa","Texture poco dura, umida, poco solubile e poco granulosa.",4,42810,
Texture::friabile e con cristalli ben bilanciato,Texture,"friabile e con cristalli, ben bilanciato","Texture friabile con cristalli, ben bilanciato.",4,11484,
Texture::poco granuloso,Texture,Poco granuloso,Texture poco granulosa.,4,49999,
Texture::asciutto e friabile lascia sabbia,Texture,asciutto e friabile lascia sabbia,"Texture asciutta, friabile e leggermente sabbioso.",4,24109,
Texture::morbido al molare ma comunque ben friabile cristalli presenti pure grossi tende nel fine bocca ad impastarla,Texture,"morbido al molare, ma comunque ben friabile. cristalli presenti, pure grossi. tende, nel fine bocca ad impastarla","Texture morbida al molare, ben friabile con cristalli grossi presenti, tende a impastare la bocca nel finale.",4,18827,
Texture::morbido granuloso tende ad impastare pochi cristalli,Texture,morbido granuloso tende ad impastare pochi cristalli,"Texture morbida, granulosa, che tende a impastare con pochi cristalli.",4,16825,
Texture::durezza alta pochi granuli,Texture,"durezza alta , pochi granuli",Texture dura con pochi granuli.,4,13791,
Texture::no cristalli no grana,Texture,"No cristalli,no grana",Texture senza cristalli e senza grana.,4,48763,
Texture::compatto praticamente non granuloso solubile asciutto,Texture,"compatto, praticamente non granuloso, solubile,asciutto.","Texture compatta, poco granulosa, solubile e asciutta.",4,32321,
Texture::piacevole però,Texture,Piacevole però,NON_DESCRITTO,4,3297,
Texture::tendenzialmente umida solubilità' medio bassa leggermente cedevole,Texture,"tendenzialmente umida, solubilità' medio bassa, leggermente cedevole","Texture tendenzialmente umida, solubilità medio-bassa e leggermente cedevole.",4,30593,
Texture::consistenza strana,Texture,Consistenza strana,NON_DESCRITTO,4,44,
Texture::pastoso e un poco farinoso,Texture,pastoso e un poco farinoso,Texture pastosa e leggermente farinosa.,4,17369,
Texture::tirosina solubilità e friabilità moderata,Texture,tirosina solubilità e friabilità moderata,"Texture con tirosina, solubilità e friabilità moderata.",4,11550,
Texture::cristalli grossi il formaggio parisce quasi subito,Texture,cristalli grossi il formaggio parisce quasi subito,"Texture con cristalli grossi, che si scioglie quasi subito in bocca.",4,18913,
Texture::si scioglie bene e velocemente,Texture,si scioglie bene e velocemente,Texture che si scioglie bene in bocca.,4,18836,
Texture::pochi,Texture,Pochi,Texture con pochi cristalli.,4,50408,
Texture::friabile cristalli asciutto granuloso ma lascia residuo (farina) alla fine,Texture,friabile cristalli asciutto granuloso ma lascia residuo (farina) alla fine,"Texture friabile e granulosa con cristalli, leggermente asciutta, ma lascia residuo farinoso al finale.",4,42453,
Texture::morbido granuloso pochi cristalli,Texture,morbido granuloso pochi cristalli,"Texture morbida, granulosa, con pochi cristalli.",4,25999,
Texture::morbido poco granuloso smbra troppo fresco,Texture,"morbido, poco granuloso, smbra troppo fresco","Texture morbida, poco granulosa.",4,32244,
Texture::grana praticemnte nulla duro,Texture,"grana praticemnte nulla, duro","Texture dura, praticamente priva di grana.",4,13792,
Texture::ancora un poco elastica non molto granulosa,Texture,"ancora un poco elastica, non molto granulosa","Texture poco elastica, non molto granulosa.",8,29125,
Texture::non friabile non granuloso,Texture,Non friabile non granuloso,"Texture non friabile, non granulosa.",4,50435,
Texture::la solubilità di alcune porzioni sono da struttura stirata,Texture,la solubilità di alcune porzioni sono da struttura stirata.,Texture con solubilità ridotta in alcune porzioni dovute a struttura stirata.,4,14285,
Texture::nel complesso non male però,Texture,Nel complesso non male però,NON_DESCRITTO,8,4425,
Texture::buona solibulit,Texture,buona solibulit,Texture molto solubile.,4,27739,
Texture::duro pasta compatta e poco friabile grana molto fine cristalli praticamente assenti solubile,Texture,"duro, pasta compatta e poco friabile, grana molto fine, cristalli praticamente assenti, solubile.","Texture dura, pasta compatta e poco friabile, grana molto fine, cristalli praticamente assenti, solubile.",4,5493,
Texture::troppo tenero cristalli,Texture,troppo tenero cristalli,"Texture troppo tenera, cristalli presenti.",4,27663,
Texture::mediamente asciutta granulosa ma poco solubile risulta quasi sabbiosa,Texture,"mediamente asciutta, granulosa ma poco solubile, risulta quasi sabbiosa","Texture mediamente asciutta, granulosa, poco solubile e leggermente sabbiosa.",4,30691,
Texture::struttura mediamente dura friabile solubile granulosa pochi microcristalli,Texture,"struttura mediamente dura, friabile, solubile, granulosa, pochi microcristalli","Texture mediamente dura, friabile, solubile e granulosa, con pochi microcristalli.",4,41109,
Texture::friabilità e solubilità intensità mediagranuli di tirosina intensità alta,Texture,friabilità e solubilità intensità mediagranuli di tirosina intensità alta,Texture friabile e solubile con granuli di tirosina evidenti.,4,23898,
Texture::un poco’ umido,Texture,"Un poco’ umido,",Texture poco umida.,7,50932,
Texture::morbido umido ma friabile pastoso a fine bocca,Texture,"morbido, umido ma friabile. pastoso a fine bocca","Texture morbida, umida e friabile, tendente al pastoso in finale di bocca.",4,37006,
Texture::struttura cedevole molle e pastosa,Texture,"struttura cedevole, molle e pastosa","Texture cedevole, molle e pastosa.",8,29059,
Texture::non granuloso,Texture,Non granuloso,Texture non granulosa.,8,48756,
Texture::morbido al morso molle e pastoso al palato tanti cristalli,Texture,"morbido al morso, molle e pastoso al palato. tanti cristalli","Texture morbida al morso, molle e pastosa al palato, con cristalli abbondanti.",4,47488,
Texture::umido poco friabile e impasta,Texture,umido poco friabile e impasta,"Texture umida, poco friabile e che impasta la bocca.",4,18903,
Texture::texture irregolare,Texture,Texture irregolare,Texture irregolare.,4,51529,
Texture::mediamente granulosa mediamente umida pochi microcristalli solubilità' medio bassa,Texture,"mediamente granulosa, mediamente umida, pochi microcristalli, solubilità' medio bassa","Texture mediamente granulosa e umida, con pochi microcristalli e solubilità medio-bassa.",4,42460,
Texture::morbida poca grana no cristalli lascia residuo,Texture,morbida poca grana no cristalli lascia residuo,"Texture morbida, poca grana, senza cristalli, lascia residuo.",4,6033,
Texture::pochissima tirosina a,Texture,"pochissima tirosina, a",NON_DESCRITTO,2,46831,
Texture::poca grana in bocca pastoso,Texture,"poca grana in bocca, pastoso",Texture poco granulosa e pastosa.,4,5496,
Texture::pastoso e o asciutto ma nel complesso buono,Texture,Pastoso e o asciutto ma nel complesso buono!,Texture pastosa e asciutta.,4,4909,
Texture::morbido con qualche piccolo cristalli tende ad impastare e lasciare residuo farinoso,Texture,morbido con qualche piccolo cristalli tende ad impastare e lasciare residuo farinoso,"Texture morbida con qualche cristallo, tende a impastare e lascia residuo farinoso.",4,9443,
Texture::sembrata grana giovane,Texture,Sembrata grana giovane,Texture con grana giovane.,4,3481,
Texture::pastoso umido poco granuloso,Texture,"pastoso, umido, poco granuloso","Texture pastosa, umida e poco granulosa.",4,33786,
Texture::diventa inconsistente,Texture,diventa inconsistente,Texture inconsistente.,4,33701,
Texture::buon equilibrio tra microstruttura e cristalli,Texture,"buon equilibrio tra microstruttura e cristalli,",Texture con buon equilibrio tra microstruttura e cristalli.,4,25536,
Texture::quasi assenza di cristalli troppo umido,Texture,quasi assenza di cristalli;troppo umido,"Texture quasi priva di cristalli, troppo umida.",4,40412,
Texture::asciutto granuloso,Texture,"asciutto, granuloso",Texture asciutta e granulosa.,16,29122,
Texture::granuloso asciutto cristalli lascia un poco di residuo,Texture,granuloso asciutto cristalli lascia un poco di residuo,"Texture granulosa, asciutta, con cristalli che lasciano un poco di residuo.",4,25537,
Texture::granulosa solubile gradevole,Texture,"granulosa, solubile, gradevole",Texture granulosa e solubile.,16,29445,
Texture::cristalli tirosina percepibili e grana persistente,Texture,cristalli tirosina percepibili e grana persistente,Texture con cristalli di tirosina percepibili e grana persistente.,2,46327,
Texture::microstruttura scarsissima diventa quasi crema in bocca,Texture,"microstruttura scarsissima, diventa quasi crema in bocca","Texture che diventa quasi crema in bocca, con microstruttura scarsa.",4,27459,
Texture::un poco adesivo,Texture,un poco adesivo,Texture leggermente adesiva.,8,29507,
Texture::compatto mediamente umido non molto friabile né granuloso discretamente solubile pochi cristalli,Texture,"Compatto, mediamente umido, non molto friabile né granuloso, discretamente solubile, pochi cristalli","Texture compatta, mediamente umida, poco friabile, discretamente solubile, con pochi cristalli.",4,16833,
Texture::friabile e solubile,Texture,friabile e solubile,Texture friabile e solubile.,4,11624,
Texture::struttura molle e pastosa,Texture,struttura molle e pastosa,Texture morbida e pastosa.,4,47436,
Texture::leggermente sabbioso lascia la bocca poco pulita,Texture,"leggermente sabbioso, lascia la bocca poco pulita","Texture leggermente sabbioso, lascia bocca poco pulita.",4,47550,
Texture::un poco più\ presente la grana,Texture,un poco- più\ presente la grana,Texture con grana leggermente presente.,4,5807,
Texture::friabile ma umido struttura fine morbido non pastoso,Texture,"friabile ma umido. struttura fine , morbido. non pastoso","Texture friabile e umida, con struttura fine, morbida e non pastosa.",4,21661,
Texture::scricchiola ma non per cristalli,Texture,Scricchiola ma non per cristalli,"Texture che scricchiola, non per cristalli.",4,695,
Texture::molto friabile buoni cristalli buona solubilità,Texture,"molto friabile, buoni cristalli, buona solubilità","Texture molto friabile, con cristalli e buona solubilità.",4,30591,
Texture::grana fine pastoso asciutto abbastanza solubile piuttosto morbido,Texture,"grana fine, pastoso, asciutto, abbastanza solubile, piuttosto morbido","Texture a grana fine, pastosa, asciutta, abbastanza solubile e piuttosto morbida.",4,26158,
Texture::ben umido lascia una bella bocca,Texture,Ben umido. Lascia una bella bocca,Texture umida che lascia una bella bocca.,4,4226,
Texture::pasta eccessivamente umida,Texture,pasta eccessivamente umida,Texture eccessivamente umida.,4,21660,
Texture::morbido asciutto poca grana,Texture,morbido asciutto poca grana,"Texture morbida, asciutta e poco granulosa.",4,7341,
Texture::molto buona fosse un emmental e' addirittura elastico,Texture,"molto buona, fosse un emmental. e' addirittura elastico",Texture elastica e solubile.,4,33707,
Texture::media,Texture,media...,NON_DESCRITTO,4,7499,
Texture::malleabile deformabile,Texture,Malleabile deformabile,Texture malleabile e deformabile.,4,50306,
Texture::piuttosto compatto e poco friabile pastoso poco solubile,Texture,"piuttosto compatto e poco friabile, pastoso, poco solubile","Texture piuttosto compatta, poco friabile e pastosa, con scarsa solubilità.",4,24325,
Texture::al palato risulta granuloso sabbioaso,Texture,al palato risulta granuloso-sabbioaso,Texture granulosa e sabbiosa.,4,18297,
Texture::sotto i denti no sentito cristalli molto grossi o perle,Texture,Sotto i denti no sentito cristalli molto grossi o perle,Texture con cristalli non molto grossi.,4,5276,
Texture::asciutto poco friabile lascia residuo poco sol,Texture,asciutto poco friabile lascia residuo poco sol,"Texture asciutta, poco friabile, lascia residuo e poco solubile.",4,41384,
Texture::pastoso poco granuloso asciutto pochi cristalli,Texture,"pastoso, poco granuloso, asciutto, pochi cristalli,","Texture pastosa, poco granulosa, asciutta, con pochi cristalli.",4,9952,
Texture::asciutto granuloso solubile a tratti sabbioso ma gradevole,Texture,"asciutto, granuloso, solubile, a tratti sabbioso ma gradevole","Texture asciutta, granulosa, solubile e a tratti leggermente sabbiosa.",4,12887,
Texture::consistenza un poco molle cedevole,Texture,consistenza un poco molle. cedevole,Texture leggermente molle e cedevole.,4,9195,
Texture::granuloso cristalli piccoli sol,Texture,granuloso cristalli piccoli sol,"Texture granulosa con cristalli piccoli, solubile.",4,42663,
Texture::poco friabile,Texture,Poco friabile,Texture poco friabile.,20,48866,
Texture::pastoso poco rfiabile,Texture,"pastoso, poco rfiabile",Texture pastosa e poco friabile.,4,11557,
Texture::pastoso impasta poca grana cristalli evidenti ma poco sol sabbioso alla fine,Texture,pastoso impasta poca grana cristalli evidenti ma poco sol sabbioso alla fine,"Texture pastosa che impasta la bocca, con poca grana, cristalli evidenti ma scarsa solubilità e finale sabbioso.",4,47431,
Texture::morbido grasso cristalli evidenti,Texture,morbido grasso cristalli evidenti,"Texture morbida, grassa, con cristalli evidenti.",4,32393,
Texture::impasta la bocca morbido e fondente,Texture,"impasta la bocca. morbido, e fondente","Texture che impasta la bocca, morbida e fondente.",4,22298,
Texture::morbido e friabile grana abbastanza sottile solubile pochicristalli,Texture,"morbido e friabile, grana abbastanza sottile, solubile, pochicristalli","Texture morbida, friabile, con grana abbastanza sottile, solubile e pochi cristalli.",4,31859,
Texture::poco solubile tende a essere pastoso,Texture,"poco solubile, tende a essere pastoso",Texture poco solubile e tendente al pastoso.,4,27879,
Texture::a tratti troppo morbido impasta e incolla labocca,Texture,"a tratti troppo morbido, impasta e incolla labocca","Texture a tratti troppo morbida, che impasta e incolla la bocca.",4,32240,
Texture::buona friabilità' presenti cristalli,Texture,"buona friabilità', presenti cristalli",Texture friabile con cristalli presenti.,4,24182,
Texture::granuloso asciutto poco sol pochi cristalli,Texture,granuloso asciutto poco sol pochi cristalli,"Texture granulosa, asciutta, poco solubile, con pochi cristalli.",4,16748,
Texture::molto tenero cristalli molto solubile,Texture,molto tenero cristalli molto solubile,"Texture molto tenera, cristalli molto solubili.",4,23906,
Texture::umida cedevole poco granulosa,Texture,"umida, cedevole, poco granulosa","Texture umida, cedevole e poco granulosa.",4,40346,
Texture::morbido al morso estremamente friabile in una struttura finissima quasi sabbiosa non essendo asciutto interessantissimo,Texture,"morbido al morso, estremamente friabile in una struttura finissima, quasi sabbiosa. non essendo asciutto interessantissimo","Texture morbida al morso, estremamente friabile con struttura finissima e quasi sabbiosa, non asciutta.",4,31778,
Texture::solubilità friabilità tirosina intensità leggera,Texture,solubilità friabilità tirosina intensità leggera,"Texture solubile, friabile, con tirosina percepibile e intensità leggera.",4,16747,
Texture::bella presenza di grabuli pastosita e umidità ok,Texture,"bella presenza di grabuli, pastosita e umidità OK","Texture con bella presenza di granuli, morbido pastoso e umidità giusta.",2,46328,
Texture::molle non solubile senza grana,Texture,"molle, non solubile, senza grana.","Texture molle, non solubile, senza grana.",4,16830,
Texture::anche buona solubilità peccato per asciutto,Texture,Anche buona solubilità! Peccato per asciutto,"Texture buona solubilità, leggermente asciutta.",8,280,
Texture::cristalli presenti taluni grossi umido certi bocconi sono troppo morbidi friabile un minimo in struttura grossa rimane la bocca sabbiosa,Texture,"cristalli presenti, taluni grossi. umido, certi bocconi sono troppo morbidi. friabile un minimo in struttura grossa. rimane la bocca sabbiosa","Texture con cristalli presenti, taluni grossi, umida, certi bocconi troppo morbidi, friabile nella struttura grossa e sabbiosa in finale.",4,17365,
Texture::umida molto adesiva,Texture,"umida, molto adesiva",Texture umida e molto adesiva.,4,16832,
Texture::solo leggermente asciutto,Texture,Solo leggermente asciutto,Texture leggermente asciutta.,14,2026,
Texture::sabbioso con frammenti,Texture,sabbioso con frammenti,Texture sabbioso con frammenti.,4,16911,
Texture::scarsa (molle) ma con presenza di cristalli di tirosina,Texture,scarsa (molle) ma con presenza di cristalli di tirosina,"Texture scarsa e molle, con cristalli di tirosina presenti.",4,26084,
Texture::asciutto cristalli,Texture,asciutto cristalli,Texture asciutta con cristalli.,4,20382,
Texture::piuttosto umida poco granulosa ma solubile,Texture,"piuttosto umida, poco granulosa ma solubile","Texture piuttosto umida, poco granulosa ma solubile.",2,46155,
Texture::morbido poco solubile pochi cristalli,Texture,"morbido, poco solubile, pochi cristalli","Texture morbida, poco solubile, con pochi cristalli.",4,24252,
Texture::forse troppo friabile asciutto,Texture,"forse troppo friabile, asciutto.........",Texture molto friabile e asciutta.,4,18295,
Texture::morbido poco friabile con cristalli poco solub lascia residuo sabbioso,Texture,morbido poco friabile con cristalli poco solub lascia residuo sabbioso,"Texture morbida, poco friabile, con cristalli poco solubili che lasciano residuo sabbioso.",4,17364,
Texture::morbido pastoso asciutto,Texture,"morbido, pastoso, asciutto,","Texture morbida, pastosa e asciutta.",4,44643,
Texture::giovane umida cedevole poco granulosa,Texture,"giovane, umida, cedevole, poco granulosa","Texture umida, cedevole e poco granulosa.",4,12957,
Texture::manca un pò di durezza e appare leggermente asciutto,Texture,manca un pò di durezza e appare leggermente asciutto...,Texture leggermente asciutta e poco dura.,4,11348,
Texture::compattp e poco strutturato grana molto fine e solubile cristalli presenti,Texture,"compattp e poco strutturato, grana molto fine e solubile, cristalli presenti","Texture compatta e poco strutturata, grana molto fine e solubile, con cristalli presenti.",4,24184,
Texture::senza grana,Texture,senza grana,Texture senza grana.,12,33859,
Texture::abbastamnza morbido microstruttura assente e pastoso poco solubile,Texture,"abbastamnza morbido, microstruttura assente e pastoso, poco solubile","Texture abbastanza morbido e pastoso, microstruttura assente, poco solubile.",4,18829,
Texture::leggermente cedevole mediamente granulosa mediamente solubile pochi microcristalli,Texture,"leggermente cedevole, mediamente granulosa, mediamente solubile, pochi microcristalli","Texture leggermente cedevole, mediamente granulosa e solubile, con pochi microcristalli.",4,27870,
Texture::umida poco granulosa quasi adesiva,Texture,"umida, poco granulosa, quasi adesiva","Texture umida, poco granulosa e quasi adesiva.",4,6030,
Texture::asciutto granuloso piccoli cristalli sol,Texture,asciutto granuloso piccoli cristalli sol,"Texture asciutta, granulosa con piccoli cristalli e solubile.",4,23899,
Texture::attesa per un formaggio stagionato,Texture,attesa per un formaggio stagionato,NON_DESCRITTO,4,30637,
Texture::compatto umido pastoso poco granuloso solubile pochi cristalli,Texture,"compatto, umido, pastoso, poco granuloso, solubile, pochi cristalli","Texture compatta, umida, pastosa, poco granulosa, solubile con pochi cristalli.",4,27876,
Texture::senza granulosità,Texture,Senza granulosità,Texture non granulosa.,4,50166,
Texture::granulosa mediamente asciutta solubile,Texture,"granulosa, mediamente asciutta, solubile","Texture granulosa, mediamente asciutta e solubile.",4,32400,
Texture::anche patatoso,Texture,Anche patatoso..,Texture farinosa.,4,5324,
Texture::presena di cristali minuti il formagio sparisce rapitamente in bocca,Texture,"Presena di cristali minuti, il formagio sparisce rapitamente in bocca","Texture con cristalli fini, molto solubile.",4,41446,
Texture::asciutto pastoso poca grana lascia sabbia in bocca,Texture,asciutto pastoso poca grana lascia sabbia in bocca,"Texture asciutta, pastosa, con poca grana e che lascia sabbia in bocca.",2,46158,
Texture::friabile granuloso cristalli bene ma potrebbe essere più solubile alla fine,Texture,"Friabile, granuloso, cristalli - bene - ma potrebbe essere più solubile alla fine","Texture friabile e granulosa con cristalli, poco solubile al finale.",4,18293,
Texture::asciutta e pastosa,Texture,asciutta e pastosa,Texture asciutta e pastosa.,2,46664,
Texture::asciutto tende ad impastare e lascia residuo percepibili cristallo,Texture,asciutto tende ad impastare e lascia residuo percepibili cristallo,"Texture asciutta, tende a impastare e lascia residui percepibili di cristallo.",4,12881,
Texture::presenza di molti cristalli con frammenti insolubili,Texture,"presenza di molti cristalli, con frammenti insolubili",Texture con molti cristalli e frammenti insolubili.,4,9285,
Texture::molti cristalli ben friabile e in ottimo equilibrio tra umidità e soubilita,Texture,"molti cristalli, ben friabile e in ottimo equilibrio tra umidità. e soubilita-","Texture con molti cristalli, friabile e ben equilibrata tra umidità e solubilità.",4,40417,
Texture::granulosa,Texture,granulosa,Texture granulosa.,12,7498,
Texture::pastoso e con poca grana,Texture,pastoso e con poca grana,Texture pastosa e granulosa poco evidente.,4,20198,
Texture::pastoso e poco solubile adesivo,Texture,pastoso e poco solubile. adesivo,"Texture pastosa, poco solubile e adesiva.",4,41107,
Texture::gommoso cristalli,Texture,gommoso cristalli,Texture gommosa con cristalli.,4,23836,
Texture::cedevole poco granulosa pochi microcristalli,Texture,"cedevole, poco granulosa, pochi microcristalli","Texture cedevole, poco granulosa, con pochi microcristalli.",4,27800,
Texture::granuloso con cristalli friabile,Texture,granuloso con cristalli friabile,"Texture granulosa, friabile, con cristalli.",4,41440,
Texture::strano,Texture,Strano!,NON_DESCRITTO,10,1954,
Texture::asciutto granuloso cristalli poco sol,Texture,asciutto granuloso cristalli poco sol,"Texture asciutta, granulosa con cristalli e poco solubile.",8,29503,
Texture::granulosa ma non molto solubile leggermente cedevole,Texture,"granulosa ma non molto solubile, leggermente cedevole","Texture granulosa, poco solubile e leggermente cedevole.",4,40416,
Texture::si sbriciola bene in bocca non asciuga cristalli ok,Texture,si sbriciola bene in bocca. non asciuga. cristalli ok,"Texture friabile, non asciutta, con cristalli adeguati.",4,24110,
Texture::morbido grasso cristalli,Texture,morbido grasso cristalli,"Texture morbida, grassa, con cristalli.",4,47487,
Texture::friabilità' non perfetta un pochetto plastico morbido,Texture,"friabilità' non perfetta. un pochetto plastico, morbido","Texture poco friabile, leggermente plastica e morbida.",4,7887,
Texture::morbido asciutto granuloso cristalli evidenti,Texture,morbido asciutto granuloso cristalli evidenti,"Texture morbido asciutto, granuloso con cristalli evidenti.",4,9191,
Texture::compatto poca grana,Texture,"Compatto, poca grana",Texture compatta con poca grana.,4,48474,
Texture::forse troppi cristalli,Texture,forse troppi cristalli,Texture con cristalli abbondanti.,4,12888,
Texture::friabile microstruttura presente cristalli ok solubile,Texture,"friabile, microstruttura presente, cristalli ok, solubile","Texture friabile, con microstruttura presente, cristalli e buona solubilità.",4,42596,
Texture::pastoso cristalli,Texture,pastoso cristalli,Texture pastosa con cristalli.,4,25695,
Texture::un pochetto morbido al morso microastruttura carente,Texture,un pochetto morbido al morso. microastruttura carente,Texture leggermente morbida e con microstruttura carente.,4,44735,
Texture::presenza di cristalli,Texture,presenza di cristalli,Texture con cristalli presenti.,4,18759,
Texture::compatto ma friabile microstruttura abbastanza sottile non molto solubile,Texture,"compatto ma friabile, microstruttura, abbastanza sottile, non molto solubile,","Texture compatta ma friabile, con microstruttura abbastanza sottile e poco solubile.",4,17370,
Texture::pastoso morbido qualche cristallo poco sol,Texture,pastoso morbido qualche cristallo poco sol,"Texture pastosa, morbida, con qualche cristallo e poco solubile.",8,29567,
Texture::umido,Texture,umido,Texture umida.,2,46163,
Texture::abbastanza duro granulare migrostruttura grossolana poco solubile asciutto,Texture,"abbastanza duro, granulare, migrostruttura grossolana, poco solubile, asciutto","Texture abbastanza dura, granulosa, microstruttura grossolana, poco solubile e asciutta.",4,30690,
Texture::sabbioso molto fiabile,Texture,sabbioso molto fiabile,Texture sabbioso e molto friabile.,8,29446,
Texture::molto asciutto non solubile,Texture,"molto asciutto, non solubile",Texture molto asciutta e poco solubile.,8,29444,
Texture::morbido ma friabile tende ad asciugare la bocca anche se non lo direi asciutto,Texture,"Morbido ma friabile. tende ad asciugare la bocca, anche se non lo direi asciutto","Texture morbida e friabile, tende ad asciugare la bocca senza essere completamente asciutta.",4,20447,
Texture::pastoso adesivo,Texture,"pastoso, adesivo",Texture pastosa e adesiva.,4,7881,
Texture::molle e cedevole in alcuni pezzetti,Texture,molle e cedevole in alcuni pezzetti,Texture molle e cedevole in alcuni pezzetti.,4,37001,
Texture::duro granuloso leggermente asciutto cristalli,Texture,"duro, granuloso, leggermente asciutto, cristalli","Texture dura, granulosa, leggermente asciutta, con cristalli.",4,33935,
Texture::morbido con cristalli evidenti pastoso ma non molto granuloso e poso solubile,Texture,morbido con cristalli evidenti pastoso ma non molto granuloso e poso solubile,"Texture morbida e pastosa con cristalli evidenti, poco granulosa e poco solubile.",4,40340,
Texture::adesivo non troppo solubile,Texture,"adesivo, non troppo solubile",Texture adesiva e poco solubile.,4,20577,
Texture::piuttosto morbido e con poca microstruttura,Texture,piuttosto morbido e con poca microstruttura,Texture piuttosto morbida con poca microstruttura.,4,9950,
Texture::solubilità e friabilità moderato,Texture,solubilità e friabilità MODERATO,Texture moderatamente solubile e friabile.,4,27735,
Texture::leggermente cedevole ma granulosa ancora un poco umida,Texture,"leggermente cedevole ma granulosa, ancora un poco umida","Texture leggermente cedevole, granulosa e ancora poco umida.",4,31861,
Texture::granuloso cristalli leggero residuo alla fine sensazione di sabbia,Texture,granuloso cristalli leggero residuo alla fine sensazione di sabbia,"Texture granulosa con cristalli, leggero residuo finale e sensazione sabbiosa.",4,7495,
Texture::tende un poco a compattarsi piccoli cristalli poco sol,Texture,tende un poco a compattarsi piccoli cristalli poco sol,"Texture che tende a compattarsi, con piccoli cristalli poco solubili.",4,41104,
Texture::difetto é che troppo tenero,Texture,Difetto é che troppo tenero,Texture troppo tenera.,4,1280,
Texture::duro e copmatto ma senza grana sembra poco stagionato solubile,Texture,"duro e copmatto ma senza grana, sembra poco stagionato, solubile","Texture dura e compatta, poco solubile, senza grana.",4,5570,
Texture::poco solubile alla fine,Texture,poco solubile alla fine,Texture poco solubile al finale.,4,7494,
Texture::morbido deformabile pochi cristalli poco solubile poco stagionato ),Texture,morbido deformabile pochi cristalli poco solubile poco stagionato ?),"Texture morbida, deformabile, con pochi cristalli e poco solubile.",4,42803,
Texture::duro grana fine abbastanza solubile cristalli poco percepibili,Texture,"duro, grana fine, abbastanza solubile, cristalli poco percepibili","Texture dura, grana fine, abbastanza solubile, cristalli poco percepibili.",4,44223,
Texture::cedevole ma non morbido friabilità fine bella grana tanti cristalli,Texture,cedevole ma non morbido. friabilità fine. bella grana. tanti cristalli,"Texture cedevole, friabile con grana fine e cristalli abbondanti.",4,23900,
Texture::buona grana solubile,Texture,"buona grana, solubile",Texture con buona grana e solubile.,4,42458,
Texture::perle fastidiose,Texture,Perle fastidiose,Texture con cristalli fastidiosi.,4,51054,
Texture::bei cristalli asciutto friabile,Texture,"bei cristalli..., asciutto, friabile","Texture asciutta, friabile, con cristalli apprezzabili.",4,18834,
Texture::forse leggermente tenero,Texture,Forse leggermente tenero,Texture leggermente tenera.,4,2555,
Texture::grana ben percettibile presenza di cristalli,Texture,"Grana ben percettibile, presenza di cristalli",Texture con grana ben percettibile e cristalli presenti.,8,15454,
Texture::troppo morbido e pastoso,Texture,troppo morbido e pastoso;,Texture troppo morbido e pastosa.,4,47489,
Texture::medio bassa durezza bella solubilità leggermente asciutto e pochi cristalli (medi),Texture,"medio-bassa durezza, bella solubilità, leggermente asciutto e pochi cristalli (medi)","Texture di media-bassa durezza, bella solubilità, leggermente asciutta con pochi cristalli medi.",4,11208,
Texture::non troppo friabile né solubile,Texture,non troppo friabile né solubile,Texture poco friabile e poco solubile.,4,5960,
Texture::cristalli radi grossi cedevole e friabile a fine bossa sabbioso nolto fine,Texture,"Cristalli radi, grossi. Cedevole e friabile. A fine bossa sabbioso, nolto fine","Texture con cristalli radi e grossi, cedevole e friabile, tendente al sabbioso in finale.",4,11482,
Texture::dura granulosa solubile mediamente asciutta presenza media di microcristalli,Texture,"dura, granulosa, solubile, mediamente asciutta, presenza media di microcristalli","Texture dura, granulosa, solubile, mediamente asciutta, con media presenza di microcristalli.",4,18833,
Texture::un p secco,Texture,un p; secco,Texture leggermente asciutta.,4,31779,
Texture::poca struttura in bocca leggermente cedevole poca granulosità,Texture,"poca struttura in bocca, leggermente cedevole, poca granulosità","Texture poco strutturata, leggermente cedevole e poco granulosa.",4,44148,
Texture::buona struttura e microcristalli,Texture,buona struttura e microcristalli,Texture con buona struttura e microcristalli.,4,26152,
Texture::presenza di cristalli di tirosina solubilità e friabilità medio alta,Texture,presenza di cristalli di tirosina;solubilità e friabilità medio alta,"Texture con cristalli di tirosina, solubilità e friabilità medio-alta.",4,41103,
Texture::morbido umido poco friabile cristalli presenti anche di buone dimensioni,Texture,"morbido. umido. poco friabile. cristalli presenti, anche di buone dimensioni.","Texture morbida, umida, poco friabile, con cristalli presenti anche di buone dimensioni.",4,9948,
Texture::cristalli granuloso asciutto ma solubilie,Texture,cristalli granuloso asciutto ma solubilie,"Texture granulosa, asciutta, con cristalli e solubile.",8,29119,
Texture::comaptto grana inesistente asciutto e impasta cristalli poco percepibili,Texture,"comaptto, grana inesistente, asciutto e impasta, cristalli poco percepibili","Texture compatta, grana assente, asciutta e che impasta la bocca, con cristalli poco percepibili.",4,27451,
Texture::elastico granuloso asciutto pochi cristalli non molto sol,Texture,elastico granuloso asciutto pochi cristalli non molto sol,"Texture elastica, granulosa, asciutta e poco solubile con pochi cristalli.",4,24319,
Texture::leggermente gommoso,Texture,leggermente gommoso,Texture leggermente gommosa.,26,5572,
Texture::deformabile compatto poco friabile poco granuloso,Texture,"deformabile, compatto, poco friabile, poco granuloso","Texture deformabile, compatta, poco friabile e poco granulosa.",8,15513,
Texture::poca grana pastoso,Texture,"poca grana, pastoso",Texture pastosa con poca grana.,8,18754,
Texture::granuloso solubile mediamente duro buona presenza di microcristalli molto gradevole,Texture,"granuloso, solubile, mediamente duro, buona presenza di microcristalli, molto gradevole","Texture granulosa, solubile, mediamente dura con buona presenza di microcristalli.",4,40276,
Texture::lascia in pocca dei residui cremoso presenza di criatalli,Texture,"lascia in pocca dei residui cremoso, presenza di criatalli",Texture che lascia in bocca residui cremosi con presenza di cristalli.,4,5569,
Texture::compatto asciutto granuloso con cristalli ma poco solubile lascia residuo sabbioso,Texture,compatto asciutto granuloso con cristalli ma poco solubile lascia residuo sabbioso,"Texture compatta, asciutta e granulosa con cristalli, poco solubile, lascia residuo sabbioso.",4,16902,
Texture::cedevole umida poco granulosa,Texture,"cedevole, umida, poco granulosa","Texture cedevole, umida e poco granulosa.",8,27380,
Texture::molto asciutta grana fine cristalli numerosi,Texture,"molto asciutta, grana fine, cristalli numerosi,","Texture molto asciutta, grana fine e cristalli numerosi.",4,32398,
Texture::umido a fine bocca fondente,Texture,"umido, a fine bocca fondente","Texture umida, fondente a fine bocca.",4,7348,
Texture::asciutto impasta poco solub,Texture,asciutto impasta poco solub,"Texture asciutta, poco solubile e che impasta poco la bocca.",8,29055,
Texture::microcristalli un pochetto morbido,Texture,microcristalli. un pochetto morbido,"Texture con microcristalli, leggermente morbida.",4,25620,
Texture::microstruttura scarsa ma nel complesso solubile,Texture,microstruttura scarsa ma nel complesso solubile,Texture con microstruttura scarsa ma nel complesso solubile.,4,27809,
"Texture::formaggio con pasta dura ""anomala"" legata alla pasta compatta dovuta ala struttura stirata tipo sbrinz presenza di cristalli di tirosina",Texture,"formaggio con pasta dura ""anomala"" legata alla pasta compatta dovuta ala struttura stirata tipo sbrinz;presenza di cristalli di tirosina",Texture dura e compatta con cristalli di tirosina presenti.,4,44312,
Texture::morbido poco strutturato e friabile sembra giovane,Texture,morbido. poco strutturato e friabile. sembra giovane,"Texture morbida, poco strutturata e friabile.",4,11202,
Texture::umido tenero nel finale impasta la bocca,Texture,"umido, tenero. nel finale impasta la bocca","Texture umida, tenera e che impasta la bocca nel finale.",4,47432,
Texture::tirosina friabilità e solubilità forte,Texture,tirosina friabilità e solubilità forte;,"Texture con tirosina, friabilità e solubilità marcate.",4,11480,
Texture::molto asciutto morbido e pochi cristalli,Texture,"molto asciutto, morbido e pochi cristalli","Texture molto asciutta, morbida e con pochi cristalli.",4,18911,
Texture::cristalli gommoso,Texture,cristalli gommoso,Texture con cristalli e consistenza gommosa.,4,32402,
Texture::non granulosità,Texture,Non granulosità,Texture non granulosa.,4,50161,
Texture::leggermente asciutto nel complesso bene,Texture,leggermente asciutto...nel complesso bene,Texture leggermente asciutta e nel complesso ben strutturata.,4,44729,
Texture::umido freddo ciononostante friabile in una microstruttura fine sabbiosa lacia la bocca pulita cristalli presenti anche grossi,Texture,"Umido, freddo. Ciononostante friabile in una microstruttura fine, sabbiosa. Lacia la bocca pulita. Cristalli presenti, anche grossi.","Texture umida, friabile con microstruttura fine e sabbiosa, lascia bocca pulita, con cristalli presenti anche grossi.",4,41329,
Texture::mediamente umido e solubile,Texture,mediamente umido e solubile,Texture mediamente umida e solubile.,4,9954,
Texture::friabilità e solubilità intensità alta cristalli di tirosina intensità bassa,Texture,friabilità e solubilità intensità alta;cristalli di tirosina intensità bassa,"Texture molto friabile e solubile, con cristalli di tirosina poco percettibili.",4,24108,
Texture::pochissimi granuli tirosina,Texture,pochissimi granuli tirosina,Texture con pochissimi granuli di tirosina.,4,7956,
Texture::morbido granulometria media umido solubile,Texture,"morbido, granulometria media, umido, solubile","Texture morbida, granulometria media, umida e solubile.",4,14212,
Texture::mediamente asciutta granulosa solubile,Texture,"mediamente asciutta, granulosa, solubile","Texture mediamente asciutta, granulosa e solubile.",4,21653,
Texture::granulosa solubile asciutta,Texture,"granulosa, solubile, asciutta","Texture granulosa, solubile e asciutta.",4,31784,
Texture::no friabile no cristalli,Texture,"No friabile, no cristalli","Texture non friabile, priva di cristalli.",4,49320,
Texture::morbido friabile cristalli presenti,Texture,morbido. Friabile. Cristalli presenti,"Texture morbida, friabile e con cristalli presenti.",2,46666,
Texture::asciutto cristalli sol,Texture,asciutto cristalli sol,"Texture asciutta, con cristalli solubili.",2,46914,
Texture::tenerissimo cristalli,Texture,tenerissimo cristalli,Texture tenerissima con cristalli.,12,29510,
Texture::duro ma friabile grana abbastanza grossa ma solubile cristalli ben percepibili,Texture,"duro ma friabile, grana abbastanza grossa ma solubile, cristalli ben percepibili","Texture dura e friabile, grana abbastanza grossa ma solubile, cristalli ben percepibili.",4,12885,
Texture::il formaggio si scioglie bene,Texture,il formaggio si scioglie bene,Texture che si scioglie bene in bocca.,8,16834,
Texture::leggermente asciutto e anche pastoso,Texture,Leggermente asciutto e anche pastoso,Texture leggermente asciutta e pastosa.,4,2581,
Texture::anche poca solubilità,Texture,Anche poca solubilità!,Texture con poca solubilità.,10,2012,
Texture::plastico ingozza,Texture,"plastico, ingozza",Texture plastica che ingozza.,4,30786,
Texture::morbido asciutto tende ad impastare e lasciar residuo qualche cristalli,Texture,morbido asciutto tende ad impastare e lasciar residuo qualche cristalli,"Texture morbida, asciutta, tende a impastare e lasciare residuo, con qualche cristallo.",4,20508,
Texture::peccato per il tenero,Texture,Peccato per il tenero,Texture tenera.,4,4436,
Texture::la bocca rimane abbastanza pulita i cristalli sono pochi ma abbastanza grossi,Texture,"la bocca rimane abbastanza pulita, i cristalli sono pochi, ma abbastanza grossi","Texture con pochi cristalli abbastanza grossi, bocca pulita.",4,9957,
Texture::leggermente allappante,Texture,Leggermente allappante,Texture leggermente allappante.,4,49422,
Texture::asciutto poco solubile e pochi cristalli,Texture,"asciutto, poco solubile e pochi cristalli","Texture asciutta, poco solubile, con pochi cristalli.",4,9451,
Texture::tenero cristalli,Texture,tenero cristalli,Texture tenera con cristalli.,4,44650,
Texture::granulosa giustamente umida solubile,Texture,"granulosa, giustamente umida, solubile","Texture granulosa, giustamente umida e solubile.",2,46911,
Texture::grossi cristalli di tirosina il formaggio scioglie bene in bocca e sparisce in breve tempo,Texture,"Grossi cristalli di tirosina, il formaggio scioglie bene in bocca e sparisce in breve tempo","Texture con cristalli di tirosina grossi, molto solubile e scioglie rapidamente in bocca.",4,24187,
Texture::alla fine un poco granuloso,Texture,alla fine un poco granuloso,Texture leggermente granulosa al finale.,4,33864,
Texture::morbido e pochi granuli,Texture,morbido e pochi granuli...,Texture morbida con pochi granuli.,4,32247,
Texture::mollo,Texture,mollo,Texture molle.,4,16750,
Texture::buoni cristalli buona solubilità,Texture,"buoni cristalli, buona solubilità",Texture con cristalli e buona solubilità.,4,9866,
Texture::rimane qualche piccolo frqammento assenza di cristalli,Texture,rimane qualche piccolo frqammento assenza di cristalli,"Texture con qualche piccolo frammento, assenza di cristalli.",4,16757,
Texture::deformabile,Texture,Deformabile,Texture deformabile.,12,48475,
Texture::solo leggermente asciutto o pastoso,Texture,Solo leggermente asciutto o pastoso,Texture leggermente asciutta o pastosa.,4,707,
Texture::granuloso con pochi cristalli e poco sol,Texture,granuloso con pochi cristalli e poco sol,Texture granulosa con pochi cristalli e poco solubile.,4,11411,
Texture::pastoso,Texture,pastoso,Texture pastosa.,74,5809,
Texture::friabile ma con buona presenza di cristalli,Texture,friabile ma con buona presenza di cristalli,Texture friabile con buona presenza di cristalli.,4,27669,
Texture::asciutto asciutto pochi granuli,Texture,"asciutto asciutto, pochi granuli",Texture asciutta con pochi granuli.,4,7884,
Texture::asciutto pastoso sol,Texture,asciutto pastoso sol,"Texture asciutta, pastosa e solubile.",2,46242,
Texture::molti cristalli manca equilibrio tra umidità e pastosità,Texture,"molti cristalli, manca equilibrio tra umidità e pastosità...","Texture con molti cristalli, squilibrio tra umidità e pastosità.",4,9199,
Texture::deformabile adesivo poco solubile non omogeneo nei pezzi,Texture,"deformabile, adesivo, poco solubile, non omogeneo nei pezzi","Texture deformabile e adesiva, poco solubile, non omogenea nei diversi punti della sezione.",4,9366,
Texture::friabilità e solubilità intensità media granuli tirosina intesnità alta,Texture,friabilità e solubilità intensità media;granuli tirosina intesnità alta,"Texture con friabilità e solubilità medie, granuli di tirosina intensi.",4,41439,
Texture::morbido con cristalli aciutto all inizio ma poi solubile,Texture,morbido con cristalli aciutto all-inizio ma poi solubile,"Texture morbida con cristalli, leggermente asciutta all'inizio ma poi solubile.",2,46326,
Texture::poco microcristalli m aun p di grana,Texture,poco microcristalli m aun p; di grana,Texture con pochi microcristalli e granella.,4,25613,
Texture::non granulosa si scioglie,Texture,"Non granulosa, si scioglie",Texture non granulosa e solubile.,4,48771,
Texture::cristalli grana,Texture,cristalli grana,Texture con cristalli di grana.,4,42461,
Texture::molle e senza grana,Texture,molle e senza grana,Texture molle e senza grana.,8,24323,
Texture::bocca non pulita,Texture,bocca non pulita,Texture che lascia bocca non pulita.,4,42812,
Texture::pochi granuli consistenza e pasta media,Texture,"pochi granuli, consistenza e pasta media","Texture con pochi granuli, consistenza e pasta media.",4,37260,
Texture::molto tenero cristalli,Texture,molto tenero cristalli,Texture molto tenera con cristalli.,4,13866,
Texture::morbida e cedevole microstruttura sottile solubile,Texture,"morbida e cedevole, microstruttura sottile, solubile,","Texture morbida e cedevole, con microstruttura sottile e solubile.",4,30641,
Texture::poca struttura qualche granulo si scioglie bene in bocca,Texture,"poca struttura, qualche granulo, si scioglie bene in bocca,","Texture con poca struttura, qualche granulo, e che si scioglie bene in bocca.",2,46833,
Texture::troppo umido pochi cristialli,Texture,troppo umido;pochi cristialli...,Texture troppo umida e pochi cristalli.,4,33779,
Texture::strana consistenza,Texture,Strana consistenza,NON_DESCRITTO,4,502,
Texture::troppo friabile,Texture,Troppo friabile,Texture molto friabile.,4,5070,
Texture::tanti cristalli friabile finemente senza essere asciutto lascia bocca farinosa ma pulita,Texture,"tanti cristalli, friabile finemente senza essere asciutto. lascia bocca farinosa ma pulita","Texture friabile con cristalli abbondanti, lascia bocca farinosa e pulita.",4,47208,
Texture::buona friabilità' poco solubile,Texture,"buona friabilità', poco solubile",Texture friabile e poco solubile.,4,11414,
Texture::abbastanza duro e granuloso no cristalli poco sol lascia residuo farinoso,Texture,abbastanza duro e granuloso no cristalli poco sol lascia residuo farinoso,"Texture abbastanza dura e granulosa, senza cristalli, poco solubile e che lascia residuo farinoso.",4,42873,
Texture::granulosa con pochi cristalli,Texture,granulosa con pochi cristalli,Texture granulosa con pochi cristalli.,8,15622,
Texture::molto cedevole molti microcristalli solubile leggera sabbiosit,Texture,"molto cedevole, molti microcristalli, solubile, leggera sabbiosit","Texture molto cedevole, con molti microcristalli, solubile e leggermente sabbiosità.",4,27660,
Texture::abbastanza buona,Texture,ABBASTANZA BUONA,NON_DESCRITTO,4,37252,
Texture::abbastanza duro umido grana fine solubile,Texture,"abbastanza duro, umido, grana fine, solubile","Texture abbastanza dura, umida, con grana fine e solubile.",4,44727,
Texture::molto sabbioso granuloso con pochi cristalli molto fini,Texture,molto sabbioso granuloso con pochi cristalli molto fini,Texture molto sabbioso granuloso con pochi cristalli molto fini.,4,17373,
Texture::mobido e cedevole senza struttura molto fine,Texture,"mobido e cedevole, senza struttura, molto fine","Texture morbido cedevole, senza struttura, molto fine.",4,30592,
Texture::troppi granuli,Texture,troppi granuli,Texture con granuli abbondanti.,4,37003,
Texture::un poco di struttura mancanza dicristalli di scioglie bene,Texture,"un poco di struttura, mancanza dicristalli, di scioglie bene","Texture con poca struttura, assenza di cristalli e buona solubilità.",2,46917,
Texture::morbido sembra giovane impasta non pronto,Texture,"morbido, sembra giovane. Impasta. non pronto",Texture morbida che impasta la bocca.,4,7964,
Texture::tende al duro,Texture,Tende al duro,Texture tendente al duro.,4,1786,
Texture::asciutto poco sol lascia residuo,Texture,asciutto poco sol lascia residuo,"Texture asciutta, poco solubile, lascia residuo.",4,44730,
Texture::buona friabilità cristalli presenti anche troppo grossi microstruttura finissima finale deliquescente e farinoso,Texture,"Buona friabilità. cristalli presenti, anche troppo grossi. microstruttura finissima, finale deliquescente e farinoso","Texture friabile con cristalli grossi, microstruttura fine e finale deliquescente e farinoso.",4,9276,
Texture::pessima,Texture,Pessima,NON_DESCRITTO,4,461,
Texture::moderatamente duro grana fine solubile molti cristalli asciutto,Texture,"moderatamente duro, grana fine, solubile, molti cristalli , asciutto","Texture moderatamente dura, grana fine, solubile, con molti cristalli e asciutta.",4,14142,
Texture::legata poco granulosa quasi adesiva buona presenza di microcristalli,Texture,"legata, poco granulosa, quasi adesiva, buona presenza di microcristalli","Texture legata, poco granulosa, quasi adesiva, con buona presenza di microcristalli.",4,18910,
Texture::molto morbido microstruttura assente cristalli assenti sembra quasi asiago,Texture,"molto morbido, microstruttura assente, cristalli assenti, sembra quasi asiago","Texture molto morbida, priva di microstruttura e cristalli.",4,9446,
Texture::morbido morbido troppo,Texture,morbido morbido... troppo,Texture troppo morbida.,4,21658,
Texture::inizialmente sabbioso fine in fine pero la bocca rimane abbastanza pulita,Texture,inizialmente sabbioso fine in fine pero la bocca rimane abbastanza pulita,"Texture inizialmente sabbioso fine, lascia bocca abbastanza pulita.",4,24117,
Texture::poco friabile e solubile,Texture,poco friabile e solubile,Texture poco friabile e solubile.,4,27804,
Texture::discreta friabilità' assenza di cristalli,Texture,"discreta friabilità', assenza di cristalli","Texture discreta friabilità, assenza di cristalli.",4,18290,
Texture::poca struttura granulare mancanza di cristalli,Texture,poca struttura granulare mancanza di cristalli,Texture con poca struttura granulare e mancanza di cristalli.,4,26075,
Texture::morbido non prefetta la friabilità' cristalli anche grossi liquescente nel finale di bocca,Texture,"morbido, non prefetta la friabilità' . cristalli anche grossi. liquescente nel finale di bocca","Texture morbida con friabilità non perfetta, cristalli grossi e liquescente nel finale di bocca.",4,47376,
Texture::tendenzialmente umida e cedevole poco granulosa,Texture,"tendenzialmente umida e cedevole, poco granulosa","Texture tendenzialmente umida e cedevole, poco granulosa.",4,22290,
Texture::duro compatto poco friabile grana finissima asciutto,Texture,"duro, compatto ,poco friabile , grana finissima, asciutto,","Texture dura, compatta, poco friabile, con grana finissima e asciutta.",4,27801,
Texture::cedevole ancora umida non molto solubile,Texture,"cedevole, ancora umida, non molto solubile","Texture cedevole, ancora umida e poco solubile.",4,42600,
Texture::molto morbido,Texture,molto morbido,Texture molto morbida.,4,27453,
Texture::umida cedevole morbida poco granulosa poco solubile,Texture,"umida, cedevole, morbida, poco granulosa, poco solubile","Texture umida, cedevole, morbida, poco granulosa e poco solubile.",4,5799,
Texture::abbastanza morbida sottile leggermente asciutta solubile,Texture,"abbastanza morbida, sottile, leggermente asciutta, solubile","Texture abbastanza morbida, sottile, leggermente asciutta e solubile.",4,22210,
Texture::leggermente cedevole non molto solubile ma granulosa,Texture,"leggermente cedevole, non molto solubile ma granulosa","Texture leggermente cedevole, poco solubile ma granulosa.",8,29509,
Texture::inconsistente e senza cristalli,Texture,inconsistente e senza cristalli,"Texture inconsistente, senza cristalli.",4,40274,
Texture::ancora umida legata non molto granulosa e poco solubile,Texture,"ancora umida, legata, non molto granulosa e poco solubile","Texture ancora umida, legata, poco granulosa e poco solubile.",4,18371,
Texture::immaturo non friabile ma non particolarmente umido microstruttura grossolana,Texture,immaturo. non friabile ma non particolarmente umido. microstruttura grossolana,"Texture poco friabile, non particolarmente umida e con microstruttura grossolana.",4,21843,
Texture::nessun cristallo di tirosina solubilità bassa friabilità bassa,Texture,nessun cristallo di tirosina;solubilità bassa;friabilità bassa,"Texture senza cristalli di tirosina, poco solubile e poco friabile.",4,41383,
Texture::morbido e umido ma gia' friabile cristalli anche grossi,Texture,"morbido e umido, ma gia' friabile. Cristalli anche grossi","Texture morbida e umida, già friabile, con cristalli anche grossi.",4,7502,
Texture::morbido asciutto con cristalli ma poco sol,Texture,morbido asciutto con cristalli ma poco sol,"Texture morbida, asciutta, con cristalli e poco solubile.",4,42733,
Texture::morbido friabilità limitata tende a sciogliersi in bocca qualche cristallo pochi,Texture,"morbido. friabilità limitata. tende a sciogliersi in bocca . qualche cristallo, pochi","Texture morbida, friabilità limitata, tende a sciogliersi in bocca con pochi cristalli.",4,18750,
Texture::morbido umido comunque friabile,Texture,"Morbido, umido. comunque friabile","Texture morbida, umida e friabile.",4,44315,
Texture::friabile microstruttura non fine cristalli presenti numerosi di diverse dimensioni prima della deglutizione tende ad asciugare le fauci,Texture,"friabile. microstruttura non fine. cristalli presenti, numerosi, di diverse dimensioni. prima della deglutizione tende ad asciugare le fauci","Texture friabile con microstruttura non fine, cristalli numerosi di varie dimensioni, tende ad asciugare le fauci prima della deglutizione.",4,5959,
Texture::poca granulosità in bocca,Texture,"poca granulosità in bocca,",Texture poco granulosa in bocca.,4,33709,
Texture::potrebbe essere più friabile,Texture,potrebbe essere più friabile,Texture poco friabile.,16,29572,
Texture::morbido asciutto poco cristalli,Texture,morbido asciutto poco cristalli,"Texture morbida, asciutta e con pochi cristalli.",4,44226,
Texture::morbido poco granuloso poco sol,Texture,morbido poco granuloso poco sol,"Texture morbida, poco granulosa e poco solubile.",4,41496,
Texture::poca granulosità,Texture,poca granulosità,Texture poco granulosa.,4,18755,
Texture::adesivo poco granuloso,Texture,"adesivo, poco granuloso",Texture adesiva e poco granulosa.,4,30789,
Texture::asciutto e granuloso cristalli evidenti solub,Texture,asciutto e granuloso cristalli evidenti solub,"Texture asciutta, granulosa con cristalli evidenti e solubile.",4,37424,
Texture::morbido poco friabile poca microstruttura,Texture,"morbido, poco friabile, poca microstruttura","Texture morbida, poco friabile e con poca microstruttura.",8,15453,
Texture::morbido al morso lascia una struttura grossolana per poca friabilità,Texture,"morbido, al morso lascia una struttura grossolana per poca friabilità",Texture morbida che al morso lascia una struttura grossolana per poca friabilità.,4,12952,
Texture::no granulosità,Texture,No granulosità,Texture non granulosa.,4,50171,
Texture::friabilità scarsa solubilità alta cristalli tirosina scarsi,Texture,"friabilità scarsa, solubilità alta, cristalli tirosina scarsi","Texture poco friabile, molto solubile, con scarsi cristalli di tirosina.",4,9862,
Texture::mollo pastoso,Texture,mollo;pastoso,Texture molle e pastosa.,4,16827,
Texture::non asciutto estremamente friabile struttura molto fine giusta adesivita' cristalli fini,Texture,non asciutto. estremamente friabile. struttura molto fine. giusta adesivita'. cristalli fini,"Texture non asciutta, estremamente friabile, con struttura molto fine e cristalli fini.",4,27668,
Texture::un poco umida mediamente granulosa mediamente solubile pochi cristalli,Texture,"un poco umida, mediamente granulosa, mediamente solubile, pochi cristalli","Texture leggermente umida, mediamente granulosa e solubile, con pochi cristalli.",4,5953,
Texture::presenza di numerosi cristalli di tirosina,Texture,presenza di numerosi cristalli di tirosina,Texture con numerosi cristalli di tirosina.,4,33633,
Texture::si scioglie con difficolta e lascia frammenti medi,Texture,Si scioglie con difficolta e lascia frammenti medi,Texture che si scioglie con difficoltà e lascia frammenti medi.,4,6031,
Texture::non friabile compatto,Texture,"Non friabile, compatto",Texture poco friabile e compatta.,4,50176,
Texture::evidentemente asciutta ma granulosa solubile,Texture,"evidentemente asciutta, ma granulosa, solubile","Texture evidentemente asciutta, granulosa e solubile.",2,46323,
Texture::come atteso,Texture,come atteso,NON_DESCRITTO,4,14218,
Texture::molto asciutto duro,Texture,"molto asciutto, duro",Texture molto asciutta e dura.,4,47211,
Texture::duro grana ben definita grossolana,Texture,"duro, grana ben definita, grossolana,","Texture dura, grana ben definita e grossolana.",4,33858,
Texture::pastoso privo ddi grana compatto,Texture,"pastoso, privo ddi grana, compatto","Texture pastosa, priva di grana e compatta.",4,11626,
